,ProbeID,HGNC,Entrez
0,200068_s_at,CANX,821.0
1,1487_at,ESRRAP1,
2,200038_s_at,RPL17-C18orf32,100526842.0
3,200038_s_at,SNORD58A,26791.0
4,200012_x_at,SNORA27,619499.0
5,200032_s_at,,
6,200034_s_at,RPL6P27,
7,200034_s_at,,
8,200000_s_at,PRPF8,10594.0
9,200016_x_at,HNRNPA1P7,
10,1405_i_at,CCL5,6352.0
11,200012_x_at,RPL21P80,
12,200063_s_at,NPM1P6,
13,200032_s_at,RPL9P7,
14,200016_x_at,HNRNPA1P4,
15,200012_x_at,RPL21P11,
16,200012_x_at,RPL21P16,
17,200012_x_at,RPL21,6144.0
18,200034_s_at,RPL6P10,
19,1773_at,CHURC1-FNTB,100529261.0
20,200013_at,RPL24P4,
21,200041_s_at,ATP6V1G2-DDX39B,
22,200038_s_at,RPL17P39,
23,200074_s_at,RPL14P1,
24,200056_s_at,C1DP1,
25,200047_s_at,MIR6764,102466730.0
26,200047_s_at,YY1,7528.0
27,200012_x_at,RPL21P93,
28,200012_x_at,RPL21P53,
29,200012_x_at,RPL21P1,
30,200012_x_at,RPL21P97,
31,200036_s_at,RPL10AP6,
32,200063_s_at,NPM1P27,
33,200021_at,CFL1,1072.0
34,200027_at,NARS1,4677.0
35,200055_at,,
36,1598_g_at,GAS6,2621.0
37,1255_g_at,GUCA1ANB-GUCA1A,118142757.0
38,1255_g_at,GUCA1A,2978.0
39,200055_at,TAF10,6881.0
40,200045_at,ABCF1,23.0
41,200063_s_at,CLEC2D,29121.0
42,200063_s_at,NPM1P7,
43,200018_at,RPS13P2,
44,1294_at,MIR5193,100847079.0
45,200038_s_at,RPL17P6,
46,200004_at,EIF4G2,1982.0
47,200060_s_at,RNPS1P1,
48,200074_s_at,RPL14,9045.0
49,200016_x_at,HNRNPA1P35,
50,200012_x_at,RPL21P28,
51,200038_s_at,RPL17P7,
52,200077_s_at,OAZ1,4946.0
53,200048_s_at,,
54,117_at,HSPA6,3310.0
55,200043_at,ERH,2079.0
56,200023_s_at,EIF3FP3,
57,200038_s_at,RPL17,6139.0
58,200042_at,RTCB,51493.0
59,160020_at,MMP14,4323.0
60,1494_f_at,CYP2A6,1548.0
61,1431_at,CYP2E1,1571.0
62,200012_x_at,RPL21P75,
63,200046_at,DAD1,1603.0
64,179_at,UPK3BP1,
65,1320_at,PTPN21,11099.0
66,200033_at,MIR3064,100616387.0
67,200031_s_at,RPS11,6205.0
68,200034_s_at,RPL6P19,
69,200007_at,SRP14,6727.0
70,200071_at,SMNDC1,10285.0
71,200012_x_at,RPL21P119,
72,200057_s_at,,
73,200060_s_at,RNPS1,10921.0
74,200073_s_at,HNRNPD,3184.0
75,179_at,DTX2P1-UPK3BP1-PMS2P11,441263.0
76,1773_at,FNTB,2342.0
77,1773_at,FNTB,100529261.0
78,200005_at,EIF3D,8664.0
79,200013_at,RPL24,6152.0
80,200017_at,RPS27AP16,
81,200017_at,,
82,200019_s_at,SYVN1,84447.0
83,200002_at,RPL35,11224.0
84,200023_s_at,EIF3F,8665.0
85,200018_at,RPS13,6207.0
86,200020_at,,
87,200049_at,KAT7,11143.0
88,200072_s_at,HNRNPM,4670.0
89,200055_at,TPP1,1200.0
90,200054_at,ZPR1,8882.0
91,200062_s_at,RPL30,6156.0
92,117_at,HSPA7,
93,117_at,,
94,200057_s_at,NONO,4841.0
95,121_at,PAX8,7849.0
96,200066_at,IK,3550.0
97,200064_at,HSP90AB1,3326.0
98,1294_at,UBA7,7318.0
99,200067_x_at,SNX3,8724.0
100,1053_at,RFC2,5982.0
101,200032_s_at,APOO,79135.0
102,200025_s_at,RPL27,6155.0
103,200029_at,RPL19,6143.0
104,200030_s_at,SLC25A3,5250.0
105,200016_x_at,HNRNPA1,3178.0
106,200022_at,RPL18,6141.0
107,200039_s_at,PSMB2,5690.0
108,200024_at,RPS5,6193.0
109,1316_at,THRA,7067.0
110,200056_s_at,C1D,10438.0
111,200011_s_at,ARF3,377.0
112,1007_s_at,DDR1,780.0
113,200006_at,PARK7,11315.0
114,200033_at,DDX5,1655.0
115,200048_s_at,JTB,10899.0
116,200032_s_at,RPL9,6133.0
117,200061_s_at,RPS24,6229.0
118,200036_s_at,RPL10A,4736.0
119,200001_at,CAPNS1,826.0
120,200015_s_at,SEPTIN2,4735.0
121,200063_s_at,NPM1,4869.0
122,200041_s_at,DDX39B,7919.0
123,200078_s_at,ATP6V0B,533.0
124,200019_s_at,FAU,2197.0
125,200034_s_at,RPL6,6128.0
126,1861_at,BAD,572.0
127,200079_s_at,KARS1,3735.0
128,1729_at,TRADD,8717.0
129,200026_at,RPL34,6164.0
130,200050_at,ZNF146,7705.0
131,200053_at,SPAG7,9552.0
132,200044_at,SRSF9,8683.0
133,200003_s_at,RPL28,6158.0
134,1494_f_at,CYP2A7,1549.0
135,200008_s_at,GDI2,2665.0
136,200009_at,GDI2,2665.0
137,200028_s_at,STARD7,56910.0
138,1438_at,EPHB3,2049.0
139,200076_s_at,KXD1,79036.0
140,177_at,PLD1,5337.0
141,200069_at,SART3,9733.0
142,200059_s_at,RHOA,387.0
143,1487_at,ESRRA,2101.0
144,200037_s_at,CBX3,11335.0
145,200035_at,CTDNEP1,23399.0
146,200075_s_at,GUK1,2987.0
147,200051_at,SART1,9092.0
148,200065_s_at,ARF1,375.0
149,200070_at,CNPPD1,27013.0
150,200058_s_at,SNRNP200,23020.0
151,200020_at,TARDBP,23435.0
152,200017_at,RPS27A,6233.0
153,200052_s_at,ILF2,3608.0
154,200040_at,KHDRBS1,10657.0
155,200010_at,RPL11,6135.0
0,200091_s_at,RPS25,6230.0
1,200650_s_at,LDHA,3939.0
2,200650_s_at,,
3,200601_at,ACTN4,81.0
4,200088_x_at,RPL12P4,
5,200082_s_at,RPS7P11,
6,200642_at,SOD1,6647.0
7,200632_s_at,NDRG1,10397.0
8,200641_s_at,YWHAZP3,
9,200099_s_at,RPS3AP5,
10,200097_s_at,MIR7-1,407043.0
11,200081_s_at,,
12,200080_s_at,H3P16,
13,200091_s_at,,
14,200099_s_at,RPS3AP6,
15,200099_s_at,RPS3A,6189.0
16,200632_s_at,,
17,200084_at,,
18,200089_s_at,RPL4P5,
19,200095_x_at,RPS10-NUDT3,100529239.0
20,200095_x_at,,
21,200664_s_at,DNAJB1,3337.0
22,200666_s_at,DNAJB1,3337.0
23,200602_at,APP,351.0
24,200610_s_at,SNORA75,654321.0
25,200606_at,DSP,1832.0
26,200080_s_at,H3P6,
27,200088_x_at,RPL12P16,
28,200089_s_at,RPL4P2,
29,200624_s_at,MATR3P2,
30,200088_x_at,NBEAL1,65065.0
31,200657_at,SLC25A5,292.0
32,200090_at,FNTA,2339.0
33,200089_s_at,RPL4P4,
34,200600_at,MSN,4478.0
35,200080_s_at,,
36,200082_s_at,RPS7P1,
37,200092_s_at,RPL37,6167.0
38,200639_s_at,YWHAZ,7534.0
39,200638_s_at,YWHAZ,7534.0
40,200640_at,YWHAZ,7534.0
41,200641_s_at,YWHAZ,7534.0
42,200088_x_at,RPL12,6136.0
43,200645_at,,
44,200668_s_at,UBE2D3,7323.0
45,200669_s_at,UBE2D3,7323.0
46,200667_at,UBE2D3,7323.0
47,200651_at,RACK1,10399.0
48,200089_s_at,RPL4,6124.0
49,200617_at,MLEC,9761.0
50,200616_s_at,MLEC,9761.0
51,200095_x_at,RPS10,6204.0
52,200096_s_at,ATP6V0E1,8992.0
53,200093_s_at,HINT1,3094.0
54,200661_at,CTSA,5476.0
55,200097_s_at,HNRNPK,3190.0
56,200099_s_at,RPS3AP26,
57,200604_s_at,PRKAR1A,5573.0
58,200603_at,PRKAR1A,5573.0
59,200605_s_at,PRKAR1A,5573.0
60,200081_s_at,RPS6,6194.0
61,200649_at,NUCB1,4924.0
62,200646_s_at,NUCB1,4924.0
63,200595_s_at,EIF3A,8661.0
64,200597_at,EIF3A,8661.0
65,200596_s_at,EIF3A,8661.0
66,200085_s_at,ELOB,6923.0
67,200648_s_at,GLUL,2752.0
68,200082_s_at,RPS7,6201.0
69,200665_s_at,SPARC,6678.0
70,200619_at,SF3B2,10992.0
71,200607_s_at,RAD21,5885.0
72,200608_s_at,RAD21,5885.0
73,200609_s_at,WDR1,9948.0
74,200611_s_at,WDR1,9948.0
75,200645_at,GABARAP,11337.0
76,200663_at,CD63,967.0
77,200633_at,UBB,7314.0
78,200672_x_at,SPTBN1,6711.0
79,200671_s_at,SPTBN1,6711.0
80,200626_s_at,MATR3,9782.0
81,200624_s_at,MATR3,9782.0
82,200659_s_at,PHB1,5245.0
83,200658_s_at,PHB1,5245.0
84,200634_at,PFN1,5216.0
85,200628_s_at,WARS1,7453.0
86,200629_at,WARS1,7453.0
87,200614_at,CLTC,1213.0
88,200622_x_at,CALM3,808.0
89,200623_s_at,CALM3,808.0
90,200087_s_at,TMED2,10959.0
91,200599_s_at,HSP90B1,7184.0
92,200598_s_at,HSP90B1,7184.0
93,200631_s_at,SET,6418.0
94,200630_x_at,SET,6418.0
95,200643_at,HDLBP,3069.0
96,200655_s_at,CALM1,801.0
97,200653_s_at,CALM1,801.0
98,200662_s_at,TOMM20,9804.0
99,200660_at,S100A11,6282.0
100,200644_at,MARCKSL1,65108.0
101,200620_at,TMEM59,9528.0
102,200618_at,LASP1,3927.0
103,200656_s_at,P4HB,5034.0
104,200654_at,P4HB,5034.0
105,200625_s_at,CAP1,10487.0
106,200647_x_at,EIF3CL,728689.0
107,200627_at,PTGES3,10728.0
108,200094_s_at,EEF2,1938.0
109,200083_at,USP22,23326.0
110,200647_x_at,EIF3C,8663.0
111,200647_x_at,EIF3C,728689.0
112,200594_x_at,HNRNPU,3192.0
113,200593_s_at,HNRNPU,3192.0
114,200098_s_at,ANAPC5,51433.0
115,200086_s_at,COX4I1,1327.0
116,200613_at,AP2M1,1173.0
117,200084_at,C11orf58,10944.0
118,200615_s_at,AP2B1,163.0
119,200612_s_at,AP2B1,163.0
120,200652_at,SSR2,6746.0
121,200080_s_at,H3-3A,3020.0
122,200635_s_at,PTPRF,5792.0
123,200636_s_at,PTPRF,5792.0
124,200637_s_at,PTPRF,5792.0
125,200610_s_at,NCL,4691.0
126,200621_at,CSRP1,1465.0
0,200748_s_at,FTH1P2,
1,200772_x_at,,
2,200694_s_at,DDX24,57062.0
3,200702_s_at,DDX24,57062.0
4,200682_s_at,UBE2L5,171222.0
5,200740_s_at,SUMO3,6612.0
6,200739_s_at,SUMO3,6612.0
7,200725_x_at,SNORA70,26778.0
8,200762_at,DPYSL2,1808.0
9,200705_s_at,EEF1B2P3,
10,200680_x_at,HMGB1P6,
11,200680_x_at,HMGB1P10,
12,200680_x_at,,
13,200772_x_at,PTMAP2,
14,200682_s_at,,
15,200717_x_at,RPL7P1,
16,200674_s_at,RPL32P16,
17,200748_s_at,FTH1P11,
18,200677_at,PTTG1IP,754.0
19,200705_s_at,EEF1B2,1933.0
20,200715_x_at,SNORD34,26817.0
21,200715_x_at,SNORD35A,26816.0
22,200750_s_at,RANP1,
23,200689_x_at,,
24,200683_s_at,UBE2L3,7332.0
25,200682_s_at,UBE2L3,7332.0
26,200684_s_at,UBE2L3,7332.0
27,200676_s_at,UBE2L3,7332.0
28,200736_s_at,GPX1P1,
29,200748_s_at,FTH1P16,
30,200705_s_at,EEF1B2P2,
31,200717_x_at,RPL7P23,
32,200709_at,FKBP1A,2280.0
33,200718_s_at,,
34,200719_at,,
35,200711_s_at,,
36,200725_x_at,RPL10P9,
37,200726_at,PPP1CC,5501.0
38,200674_s_at,SNORA7A,619563.0
39,200748_s_at,FTH1P20,
40,200741_s_at,RPS27P3,
41,200717_x_at,RPL7P6,
42,200709_at,FKBP1C,642489.0
43,200741_s_at,RPS27P4,
44,200763_s_at,,
45,200717_x_at,RPL7,6129.0
46,200713_s_at,MAPRE1,22919.0
47,200712_s_at,MAPRE1,22919.0
48,200716_x_at,RPL13AP5,
49,200716_x_at,,
50,200736_s_at,GPX1,2876.0
51,200736_s_at,,
52,200725_x_at,RPL10P16,
53,200717_x_at,RPL7P9,
54,200680_x_at,HMGB1P5,
55,200679_x_at,HMGB1P5,
56,200679_x_at,,
57,200680_x_at,HMGB1P4,
58,200680_x_at,HMGB1,3146.0
59,200679_x_at,HMGB1,3146.0
60,200763_s_at,RPLP1,6176.0
61,200767_s_at,FAM120A,23196.0
62,200701_at,NPC2,10577.0
63,200730_s_at,PTP4A1,7803.0
64,200733_s_at,PTP4A1,7803.0
65,200732_s_at,PTP4A1,7803.0
66,200731_s_at,PTP4A1,7803.0
67,200730_s_at,,128125822.0
68,200733_s_at,,128125822.0
69,200732_s_at,,128125822.0
70,200731_s_at,,128125822.0
71,200718_s_at,SKP1P1,
72,200705_s_at,EEF1B2P6,
73,200689_x_at,MIR3654,100500804.0
74,200749_at,RAN,5901.0
75,200750_s_at,RAN,5901.0
76,200717_x_at,RPL7P47,
77,200674_s_at,RPL32P18,
78,200725_x_at,RPL10,6134.0
79,200724_at,RPL10,6134.0
80,200748_s_at,FTH1,2495.0
81,200741_s_at,RPS27P8,
82,200752_s_at,CAPN1,823.0
83,200738_s_at,PGK1,5230.0
84,200737_at,PGK1,5230.0
85,200681_at,GLO1,2739.0
86,200718_s_at,LINC00174,285908.0
87,200717_x_at,RPL7P32,
88,200743_s_at,TPP1,1200.0
89,200742_s_at,TPP1,1200.0
90,200761_s_at,ARL6IP5,10550.0
91,200760_s_at,ARL6IP5,10550.0
92,200769_s_at,MAT2A,4144.0
93,200768_s_at,MAT2A,4144.0
94,200690_at,HSPA9,3313.0
95,200691_s_at,HSPA9,3313.0
96,200692_s_at,HSPA9,3313.0
97,200706_s_at,LITAF,9516.0
98,200704_at,LITAF,9516.0
99,200722_s_at,CAPRIN1,4076.0
100,200723_s_at,CAPRIN1,4076.0
101,200674_s_at,RPL32,6161.0
102,200707_at,PRKCSH,5589.0
103,200686_s_at,SRSF11,9295.0
104,200685_at,SRSF11,9295.0
105,200772_x_at,PTMA,5757.0
106,200673_at,LAPTM4A,9741.0
107,200758_s_at,NFE2L1,4779.0
108,200759_x_at,NFE2L1,4779.0
109,200734_s_at,ARF3,377.0
110,200688_at,SF3B3,23450.0
111,200687_s_at,SF3B3,23450.0
112,200735_x_at,NACA,4666.0
113,200678_x_at,GRN,2896.0
114,200710_at,ACADVL,37.0
115,200675_at,CD81,975.0
116,200708_at,GOT2,2806.0
117,200695_at,PPP2R1A,5518.0
118,200715_x_at,RPL13A,23521.0
119,200716_x_at,RPL13A,23521.0
120,200741_s_at,RPS27,6232.0
121,200765_x_at,CTNNA1,1495.0
122,200764_s_at,CTNNA1,1495.0
123,200718_s_at,SKP1,6500.0
124,200719_at,SKP1,6500.0
125,200711_s_at,SKP1,6500.0
126,200725_x_at,MAN2B1,4125.0
127,200703_at,DYNLL1,8655.0
128,200697_at,HK1,3098.0
129,200755_s_at,CALU,813.0
130,200756_x_at,CALU,813.0
131,200757_s_at,CALU,813.0
132,200714_x_at,OS9,10956.0
133,200720_s_at,ACTR1A,10121.0
134,200721_s_at,ACTR1A,10121.0
135,200700_s_at,KDELR2,11014.0
136,200698_at,KDELR2,11014.0
137,200699_at,KDELR2,11014.0
138,200689_x_at,EEF1G,1937.0
139,200766_at,CTSD,1509.0
140,200736_s_at,RHOA,387.0
141,200745_s_at,GNB1,2782.0
142,200746_s_at,GNB1,2782.0
143,200747_s_at,NUMA1,4926.0
144,200689_x_at,CHCHD3,54927.0
145,200728_at,ACTR2,10097.0
146,200729_s_at,ACTR2,10097.0
147,200727_s_at,ACTR2,10097.0
148,200754_x_at,SRSF2,6427.0
149,200753_x_at,SRSF2,6427.0
150,200693_at,YWHAQ,10971.0
151,200770_s_at,LAMC1,3915.0
152,200771_at,LAMC1,3915.0
0,200814_at,PSME1,5720.0
1,200825_s_at,HYOU1,10525.0
2,200818_at,,
3,200808_s_at,ZYX,7791.0
4,200773_x_at,PTMAP5,
5,200773_x_at,,
6,200789_at,ECH1,1891.0
7,200809_x_at,RPL12P4,
8,200781_s_at,RPS15AP1,
9,200818_at,ATP5PO,539.0
10,200858_s_at,,
11,200780_x_at,GNAS,2778.0
12,200775_s_at,MIR7-1,407043.0
13,200773_x_at,PTMAP2,
14,200823_x_at,RPL29P4,
15,200823_x_at,RPL29P26,
16,200826_at,SNRPD2,6633.0
17,200776_s_at,BZW1P1,
18,200869_at,RPL18AP3,
19,200800_s_at,HSPA1B,3304.0
20,200800_s_at,HSPA1A,3303.0
21,200799_at,HSPA1A,3303.0
22,200820_at,PSMD8,5714.0
23,200807_s_at,HSPD1P1,
24,200806_s_at,HSPD1P1,
25,200817_x_at,RPS10-NUDT3,100529239.0
26,200817_x_at,,
27,200800_s_at,SNHG32,50854.0
28,200775_s_at,HNRNPKP4,
29,200809_x_at,RPL12P16,
30,200819_s_at,RPS15P4,
31,200833_s_at,CTR9,9646.0
32,200809_x_at,NBEAL1,65065.0
33,200858_s_at,SNORD38A,94162.0
34,200796_s_at,MCL1,4170.0
35,200798_x_at,MCL1,4170.0
36,200797_s_at,MCL1,4170.0
37,200796_s_at,MCL1,574406.0
38,200798_x_at,MCL1,574406.0
39,200797_s_at,MCL1,574406.0
40,200863_s_at,RAB11A,8766.0
41,200864_s_at,RAB11A,8766.0
42,200786_at,PSMB7,5695.0
43,200793_s_at,ACO2,50.0
44,200774_at,FAM120A,23196.0
45,200785_s_at,LRP1,4035.0
46,200784_s_at,LRP1,4035.0
47,200807_s_at,HSPD1P4,
48,200805_at,LMAN2,10960.0
49,200831_s_at,SCD,6319.0
50,200832_s_at,SCD,6319.0
51,200791_s_at,IQGAP1,8826.0
52,200823_x_at,RPL29P11,
53,200776_s_at,BZW1P2,
54,200779_at,ATF4P3,
55,200809_x_at,RPL12,6136.0
56,200868_s_at,RNF114,55905.0
57,200867_at,RNF114,55905.0
58,200847_s_at,SARAF,51669.0
59,200869_at,RPL18A,6142.0
60,200834_s_at,RPS21,6227.0
61,200822_x_at,TPI1P1,
62,200794_x_at,DAZAP2,9802.0
63,200824_at,GSTP1,2950.0
64,200821_at,LAMP2,3920.0
65,200819_s_at,RPS15,6209.0
66,200817_x_at,RPS10,6204.0
67,200865_at,EIF3F,8665.0
68,200779_at,ATF4,468.0
69,200775_s_at,HNRNPK,3190.0
70,200781_s_at,,
71,200846_s_at,PPP1CA,5499.0
72,200823_x_at,RPL29,6159.0
73,200830_at,PSMD2,5708.0
74,200803_s_at,TMBIM6,7009.0
75,200804_at,TMBIM6,7009.0
76,200851_s_at,IST1,9798.0
77,200795_at,SPARCL1,8404.0
78,200792_at,XRCC6,2547.0
79,200859_x_at,FLNA,2316.0
80,200853_at,H2AZ1,3015.0
81,200861_at,CNOT1,23019.0
82,200860_s_at,CNOT1,23019.0
83,200837_at,BCAP31,10134.0
84,200781_s_at,RPS15A,6210.0
85,200856_x_at,NCOR1,9611.0
86,200855_at,NCOR1,9611.0
87,200854_at,NCOR1,9611.0
88,200857_s_at,NCOR1,9611.0
89,200773_x_at,PTMA,5757.0
90,200810_s_at,CIRBP,1153.0
91,200811_at,CIRBP,1153.0
92,200822_x_at,TPI1,7167.0
93,200872_at,S100A10,6281.0
94,200845_s_at,PRDX6,9588.0
95,200844_s_at,PRDX6,9588.0
96,200871_s_at,PSAP,5660.0
97,200866_s_at,PSAP,5660.0
98,200801_x_at,ACTB,60.0
99,200858_s_at,RPS8,6202.0
100,200778_s_at,SEPTIN2,4735.0
101,200833_s_at,RAP1B,5908.0
102,200777_s_at,BZW1,9689.0
103,200776_s_at,BZW1,9689.0
104,200840_at,KARS1,3735.0
105,200870_at,STRAP,11171.0
106,200782_at,ANXA5,308.0
107,200802_at,SARS1,6301.0
108,200790_at,ODC1,4953.0
109,200807_s_at,HSPD1,3329.0
110,200806_s_at,HSPD1,3329.0
111,200852_x_at,GNB2,2783.0
112,200841_s_at,EPRS1,2058.0
113,200843_s_at,EPRS1,2058.0
114,200842_s_at,EPRS1,2058.0
115,200828_s_at,ZNF207,7756.0
116,200829_x_at,ZNF207,7756.0
117,200813_s_at,PAFAH1B1,5048.0
118,200816_s_at,PAFAH1B1,5048.0
119,200815_s_at,PAFAH1B1,5048.0
120,200862_at,DHCR24,1718.0
121,200812_at,CCT7,10574.0
122,200827_at,PLOD1,5351.0
123,200787_s_at,PEA15,8682.0
124,200788_s_at,PEA15,8682.0
125,200783_s_at,STMN1,3925.0
126,200848_at,AHCYL1,10768.0
127,200849_s_at,AHCYL1,10768.0
128,200850_s_at,AHCYL1,10768.0
0,200873_s_at,CCT8,10694.0
1,200903_s_at,AHCY,191.0
2,200903_s_at,,
3,200874_s_at,SNORA51,677831.0
4,200943_at,HMGN1P37,
5,200886_s_at,PGAM4,441531.0
6,200916_at,TAGLN2P1,
7,200943_at,HMGN1,3150.0
8,200944_s_at,HMGN1,3150.0
9,200936_at,MIR6850,102465978.0
10,200943_at,HMGN1P3,
11,200972_at,TSPAN3,10099.0
12,200921_s_at,BTG1,694.0
13,200920_s_at,BTG1,694.0
14,200943_at,HMGN1P38,
15,200886_s_at,,
16,200925_at,COX6A1P2,
17,200882_s_at,PIPSL,
18,200882_s_at,,
19,200905_x_at,HLA-E,3133.0
20,200904_at,HLA-E,3133.0
21,200965_s_at,ABLIM1,3983.0
22,200874_s_at,NOP56,10528.0
23,200875_s_at,NOP56,10528.0
24,200943_at,HMGN1P36,
25,200944_s_at,HMGN1P36,
26,200936_at,RPL8,6132.0
27,200933_x_at,RPS4X,6191.0
28,200949_x_at,RPS20,6224.0
29,200968_s_at,PPIB,5479.0
30,200967_at,PPIB,5479.0
31,200885_at,,
32,200926_at,RPS23,6228.0
33,200898_s_at,OGA,10724.0
34,200899_s_at,OGA,10724.0
35,200966_x_at,ALDOA,226.0
36,200961_at,SEPHS2,22928.0
37,200950_at,,
38,200966_x_at,,112694756.0
39,200929_at,TMED10,10972.0
40,200942_s_at,,
41,200943_at,,
42,200886_s_at,PGAM1,5223.0
43,200943_at,ACTN1,87.0
44,200896_x_at,HDGF,3068.0
45,200911_s_at,TACC1,6867.0
46,200970_s_at,SERP1,27230.0
47,200971_s_at,SERP1,27230.0
48,200969_at,SERP1,27230.0
49,200889_s_at,SSR1,6745.0
50,200890_s_at,SSR1,6745.0
51,200891_s_at,SSR1,6745.0
52,200876_s_at,PSMB1,5689.0
53,200964_at,UBA1,7317.0
54,200946_x_at,GLUD1,2746.0
55,200947_s_at,GLUD1,2746.0
56,200878_at,EPAS1,2034.0
57,200879_s_at,EPAS1,2034.0
58,200888_s_at,SNORA21,
59,200893_at,TRA2B,6434.0
60,200892_s_at,TRA2B,6434.0
61,200925_at,COX6A1,1337.0
62,200943_at,NBR2,10230.0
63,200922_at,KDELR1,10945.0
64,200934_at,DEK,7913.0
65,200957_s_at,SSRP1,6749.0
66,200956_s_at,SSRP1,6749.0
67,200960_x_at,CLTA,1211.0
68,200901_s_at,M6PR,4074.0
69,200900_s_at,M6PR,4074.0
70,200902_at,SELENOF,9403.0
71,200917_s_at,SRPRA,6734.0
72,200918_s_at,SRPRA,6734.0
73,200939_s_at,RERE,473.0
74,200938_s_at,RERE,473.0
75,200940_s_at,RERE,473.0
76,200884_at,CKB,1152.0
77,200952_s_at,CCND2,894.0
78,200953_s_at,CCND2,894.0
79,200951_s_at,CCND2,894.0
80,200919_at,PHC2,1912.0
81,200881_s_at,DNAJA1,3301.0
82,200880_at,DNAJA1,3301.0
83,200914_x_at,KTN1,3895.0
84,200915_x_at,KTN1,3895.0
85,200945_s_at,SEC31A,22872.0
86,200932_s_at,DCTN2,10540.0
87,200963_x_at,RPL31,6160.0
88,200962_at,RPL31,6160.0
89,200888_s_at,RPL23,9349.0
90,200877_at,CCT4,10575.0
91,200959_at,FUS,2521.0
92,200958_s_at,SDCBP,6386.0
93,200935_at,CALR,811.0
94,200883_at,UQCRC2,7385.0
95,200937_s_at,RPL5,6125.0
96,200928_s_at,RAB14,51552.0
97,200927_s_at,RAB14,51552.0
98,200931_s_at,VCL,7414.0
99,200930_s_at,VCL,7414.0
100,200941_at,HSBP1,3281.0
101,200942_s_at,HSBP1,3281.0
102,200906_s_at,PALLD,23022.0
103,200907_s_at,PALLD,23022.0
104,200897_s_at,PALLD,23022.0
105,200895_s_at,FKBP4,2288.0
106,200894_s_at,FKBP4,2288.0
107,200913_at,PPM1G,5496.0
108,200923_at,LGALS3BP,3959.0
109,200912_s_at,EIF4A2,1974.0
110,200887_s_at,STAT1,6772.0
111,200909_s_at,RPLP2,6181.0
112,200948_at,MLF2,8079.0
113,200950_at,ARPC1A,10552.0
114,200885_at,RHOC,389.0
115,200882_s_at,PSMD4,5710.0
116,200924_s_at,SLC3A2,6520.0
117,200910_at,CCT3,7203.0
118,200916_at,TAGLN2,8407.0
119,200955_at,IMMT,10989.0
120,200896_x_at,MRPL24,79590.0
0,201028_s_at,CD99,4267.0
1,201029_s_at,CD99,4267.0
2,201059_at,CTTN,2017.0
3,201031_s_at,HNRNPH1,3187.0
4,201002_s_at,PEDS1-UBE2V1,387522.0
5,201001_s_at,PEDS1-UBE2V1,387522.0
6,201014_s_at,PAICSP4,
7,200981_x_at,GNAS,2778.0
8,201047_x_at,RAB6C,84084.0
9,200973_s_at,TSPAN3,10099.0
10,201023_at,TAF7,6879.0
11,201033_x_at,RPLP0P9,
12,200990_at,MIR6807,102465976.0
13,201049_s_at,RPS18P5,
14,200997_at,RBM14-RBM4,100526737.0
15,201055_s_at,HNRNPA0,10949.0
16,201054_at,HNRNPA0,10949.0
17,201049_s_at,RPS18,6222.0
18,201017_at,EIF1AX,1964.0
19,201019_s_at,EIF1AX,1964.0
20,201018_at,EIF1AX,1964.0
21,201016_at,EIF1AX,1964.0
22,201017_at,EIF1AX,124905557.0
23,201019_s_at,EIF1AX,124905557.0
24,201018_at,EIF1AX,124905557.0
25,201016_at,EIF1AX,124905557.0
26,201002_s_at,UBE2V1,7335.0
27,201001_s_at,UBE2V1,7335.0
28,201020_at,YWHAH,7533.0
29,200983_x_at,,
30,201044_x_at,,
31,201047_x_at,RAB6D,150786.0
32,201058_s_at,MYL9,10398.0
33,201044_x_at,DUSP1,1843.0
34,201041_s_at,DUSP1,1843.0
35,201003_x_at,ELF3,1999.0
36,200989_at,HIF1A,3091.0
37,201069_at,MMP2,4313.0
38,200979_at,PDHA1,5160.0
39,200980_s_at,PDHA1,5160.0
40,201052_s_at,PSMF1,9491.0
41,201053_s_at,PSMF1,9491.0
42,200998_s_at,CKAP4,10970.0
43,200999_s_at,CKAP4,10970.0
44,201065_s_at,GTF2IP1,
45,201042_at,TGM2,7052.0
46,201021_s_at,DSTN,11034.0
47,201022_s_at,DSTN,11034.0
48,201065_s_at,GTF2IP4,
49,201065_s_at,,100093631.0
50,201040_at,GNAI2,2771.0
51,201045_s_at,RAB6A,5870.0
52,201047_x_at,RAB6A,5870.0
53,201048_x_at,RAB6A,5870.0
54,200982_s_at,ANXA6,309.0
55,201056_at,GOLGB1,2804.0
56,201057_s_at,GOLGB1,2804.0
57,201033_x_at,RPLP0P6,
58,201065_s_at,,2970.0
59,201032_at,BLCAP,10904.0
60,200974_at,ACTA2,59.0
61,201035_s_at,HADH,3033.0
62,201036_s_at,HADH,3033.0
63,201046_s_at,RAD23A,5886.0
64,201039_s_at,RAD23A,5886.0
65,201019_s_at,EIF1AXP1,
66,201016_at,EIF1AXP1,
67,201019_s_at,,
68,201016_at,,
69,201067_at,PSMC2,5701.0
70,201068_s_at,PSMC2,5701.0
71,201012_at,ANXA1,301.0
72,201004_at,SSR4,6748.0
73,201030_x_at,LDHB,3945.0
74,200990_at,TRIM28,10155.0
75,201066_at,CYC1,1537.0
76,201050_at,PLD3,23646.0
77,201005_at,CD9,928.0
78,200975_at,PPT1,5538.0
79,200976_s_at,TAX1BP1,8887.0
80,200977_s_at,TAX1BP1,8887.0
81,201007_at,HADHB,3032.0
82,201061_s_at,STOM,2040.0
83,201060_x_at,STOM,2040.0
84,201034_at,ADD3,120.0
85,200997_at,RBM4,5936.0
86,200986_at,SERPING1,710.0
87,201043_s_at,ANP32A,8125.0
88,201051_at,ANP32A,8125.0
89,201038_s_at,ANP32A,8125.0
90,201065_s_at,GTF2I,2969.0
91,201000_at,AARS1,16.0
92,201014_s_at,PAICS,10606.0
93,201013_s_at,PAICS,10606.0
94,201037_at,PFKP,5214.0
95,201011_at,RPN1,6184.0
96,201015_s_at,JUP,3728.0
97,201072_s_at,SMARCC1,6599.0
98,201033_x_at,RPLP0,6175.0
99,200984_s_at,CD59,966.0
100,200983_x_at,CD59,966.0
101,200985_s_at,CD59,966.0
102,200993_at,IPO7,10527.0
103,200994_at,IPO7,10527.0
104,200992_at,IPO7,10527.0
105,200995_at,IPO7,10527.0
106,201063_at,RCN1,5954.0
107,200988_s_at,PSME3,10197.0
108,200987_x_at,PSME3,10197.0
109,200996_at,ACTR3,10096.0
110,201008_s_at,TXNIP,10628.0
111,201009_s_at,TXNIP,10628.0
112,201010_s_at,TXNIP,10628.0
113,201071_x_at,SF3B1,23451.0
114,201070_x_at,SF3B1,23451.0
115,200978_at,MDH1,4190.0
116,201027_s_at,EIF5B,9669.0
117,201025_at,EIF5B,9669.0
118,201024_x_at,EIF5B,9669.0
119,200991_s_at,SNX17,9784.0
120,201064_s_at,PABPC4,8761.0
121,201003_x_at,RNPEP,6051.0
0,201123_s_at,EIF5A,1984.0
1,201122_x_at,EIF5A,1984.0
2,201086_x_at,SON,6651.0
3,201085_s_at,SON,6651.0
4,201077_s_at,SNU13,4809.0
5,201076_at,SNU13,4809.0
6,201081_s_at,PIP4K2B,8396.0
7,201080_at,PIP4K2B,8396.0
8,201102_s_at,PFKL,5211.0
9,201123_s_at,EIF5AL1,143244.0
10,201122_x_at,EIF5AL1,143244.0
11,201105_at,LGALS1,3956.0
12,201083_s_at,BCLAF1P1,
13,201119_s_at,COX8A,1351.0
14,201093_x_at,SDHAP3,
15,201121_s_at,PGRMC1,10857.0
16,201120_s_at,PGRMC1,10857.0
17,201078_at,TM9SF2,9375.0
18,201137_s_at,HLA-DPB1,3115.0
19,201123_s_at,EIF5AP4,
20,201106_at,GPX4,2879.0
21,201114_x_at,PSMA7,5688.0
22,201150_s_at,TIMP3,7078.0
23,201148_s_at,TIMP3,7078.0
24,201149_s_at,TIMP3,7078.0
25,201147_s_at,TIMP3,7078.0
26,201136_at,PLP2,5355.0
27,201132_at,HNRNPH2,3188.0
28,201082_s_at,,
29,201093_x_at,,728609.0
30,201108_s_at,THBS1,7057.0
31,201110_s_at,THBS1,7057.0
32,201107_s_at,THBS1,7057.0
33,201109_s_at,THBS1,7057.0
34,201095_at,DAP,1611.0
35,201094_at,RPS29,6235.0
36,201088_at,KPNA2P3,
37,201113_at,MIR4721,100616256.0
38,201134_x_at,COX7C,1350.0
39,201101_s_at,BCLAF1P2,
40,201154_x_at,RPL4,6124.0
41,201172_x_at,ATP6V0E1,8992.0
42,201090_x_at,TUBA1B,10376.0
43,201169_s_at,BHLHE40,8553.0
44,201170_s_at,BHLHE40,8553.0
45,201090_x_at,TUBA1A,7846.0
46,201133_s_at,PJA2,9867.0
47,201126_s_at,MGAT1,4245.0
48,201088_at,ARHGAP27P1-BPTFP1-KPNA2P3,109286553.0
49,201111_at,CSE1L,1434.0
50,201112_s_at,CSE1L,1434.0
51,201113_at,TUFM,7284.0
52,201101_s_at,BCLAF1,9774.0
53,201083_s_at,BCLAF1,9774.0
54,201084_s_at,BCLAF1,9774.0
55,201163_s_at,IGFBP7,3490.0
56,201162_at,IGFBP7,3490.0
57,201143_s_at,EIF2S1,1965.0
58,201144_s_at,EIF2S1,1965.0
59,201142_at,EIF2S1,1965.0
60,201130_s_at,CDH1,999.0
61,201131_s_at,CDH1,999.0
62,201167_x_at,ARHGDIA,396.0
63,201092_at,RBBP7,5931.0
64,201089_at,ATP6V1B2,526.0
65,201093_x_at,SDHA,6389.0
66,201129_at,SRSF7,6432.0
67,201099_at,USP9X,8239.0
68,201100_s_at,USP9X,8239.0
69,201157_s_at,NMT1,4836.0
70,201159_s_at,NMT1,4836.0
71,201158_at,NMT1,4836.0
72,201097_s_at,ARF4,378.0
73,201096_s_at,ARF4,378.0
74,201127_s_at,ACLY,47.0
75,201128_s_at,ACLY,47.0
76,201116_s_at,CPE,1363.0
77,201117_s_at,CPE,1363.0
78,201160_s_at,YBX3,8531.0
79,201161_s_at,YBX3,8531.0
80,201140_s_at,RAB5C,5878.0
81,201156_s_at,RAB5C,5878.0
82,201135_at,ECHS1,1892.0
83,201138_s_at,SSB,6741.0
84,201139_s_at,SSB,6741.0
85,201146_at,NFE2L2,4780.0
86,201087_at,PXN,5829.0
87,201074_at,SMARCC1,6599.0
88,201075_s_at,SMARCC1,6599.0
89,201073_s_at,SMARCC1,6599.0
90,201091_s_at,CBX3,11335.0
91,201141_at,GPNMB,10457.0
92,201098_at,COPB2,9276.0
93,201115_at,POLD2,5425.0
94,201124_at,ITGB5,3693.0
95,201125_s_at,ITGB5,3693.0
96,201088_at,KPNA2,3838.0
97,201145_at,HAX1,10456.0
98,201152_s_at,MBNL1,4154.0
99,201151_s_at,MBNL1,4154.0
100,201153_s_at,MBNL1,4154.0
101,201079_at,SYNGR2,9144.0
102,201118_at,PGD,5226.0
103,201082_s_at,DCTN1,1639.0
104,201166_s_at,PUM1,9698.0
105,201155_s_at,MFN2,9927.0
0,201252_at,PSMC4,5704.0
1,201201_at,CSTB,1476.0
2,201257_x_at,RPS3AP5,
3,201257_x_at,RPS3AP47,
4,201177_s_at,UBA2,10054.0
5,201226_at,,
6,201177_s_at,,
7,201224_s_at,,
8,201257_x_at,RPS3AP6,
9,201257_x_at,RPS3A,6189.0
10,201178_at,FBXO7,25793.0
11,201248_s_at,SREBF2,6721.0
12,201247_at,SREBF2,6721.0
13,201183_s_at,,
14,201182_s_at,,
15,201217_x_at,RPL3P4,
16,201217_x_at,,
17,201217_x_at,RPL3P7,
18,201196_s_at,,
19,201196_s_at,AMD1P3,
20,201266_at,TXNRD1,7296.0
21,201173_x_at,NUDCP2,
22,201271_s_at,RALY,22913.0
23,201222_s_at,RAD23B,5887.0
24,201223_s_at,RAD23B,5887.0
25,201194_at,SELENOW,6415.0
26,201268_at,NME1-NME2,654364.0
27,201258_at,RPS16,6217.0
28,201192_s_at,PITPNA,5306.0
29,201191_at,PITPNA,5306.0
30,201190_s_at,PITPNA,5306.0
31,201186_at,LRPAP1,4043.0
32,201236_s_at,BTG2,7832.0
33,201235_s_at,BTG2,7832.0
34,201226_at,NDUFB8,4714.0
35,201227_s_at,NDUFB8,4714.0
36,201175_at,TMX2,51075.0
37,201188_s_at,ITPR3,3710.0
38,201189_s_at,ITPR3,3710.0
39,201187_s_at,ITPR3,3710.0
40,201195_s_at,SLC7A5,8140.0
41,201257_x_at,RPS3AP26,
42,201196_s_at,AMD1,262.0
43,201197_at,AMD1,262.0
44,201240_s_at,SPCS2,9789.0
45,201239_s_at,SPCS2,9789.0
46,201254_x_at,RPS6,6194.0
47,201244_s_at,RAF1,5894.0
48,201210_at,DDX3X,1654.0
49,201211_s_at,DDX3X,1654.0
50,201174_s_at,TERF2IP,54386.0
51,201259_s_at,SYPL1,6856.0
52,201260_s_at,SYPL1,6856.0
53,201202_at,PCNA,5111.0
54,201240_s_at,,
55,201240_s_at,SPCS2P4,
56,201239_s_at,SPCS2P4,
57,201212_at,LGMN,5641.0
58,201206_s_at,RRBP1,6238.0
59,201204_s_at,RRBP1,6238.0
60,201203_s_at,RRBP1,6238.0
61,201217_x_at,RPL3,6122.0
62,201253_s_at,CDIPT,10423.0
63,201200_at,CREG1,8804.0
64,201243_s_at,ATP1B1,481.0
65,201242_s_at,ATP1B1,481.0
66,201263_at,TARS1,6897.0
67,201215_at,PLS3,5358.0
68,201221_s_at,SNRNP70,6625.0
69,201262_s_at,BGN,633.0
70,201261_x_at,BGN,633.0
71,201216_at,ERP29,10961.0
72,201256_at,COX7A2L,9167.0
73,201237_at,CAPZA2,830.0
74,201238_s_at,CAPZA2,830.0
75,201181_at,GNAI3,2773.0
76,201180_s_at,GNAI3,2773.0
77,201179_s_at,GNAI3,2773.0
78,201268_at,NME2,4831.0
79,201251_at,PKM,5315.0
80,201255_x_at,BAG6,7917.0
81,201234_at,ILK,3611.0
82,201185_at,HTRA1,5654.0
83,201176_s_at,ARCN1,372.0
84,201183_s_at,CHD4,1108.0
85,201182_s_at,CHD4,1108.0
86,201184_s_at,CHD4,1108.0
87,201219_at,CTBP2,1488.0
88,201264_at,COPE,11316.0
89,201246_s_at,OTUB1,55611.0
90,201245_s_at,OTUB1,55611.0
91,201209_at,HDAC1,3065.0
92,201208_s_at,TNFAIP1,7126.0
93,201207_at,TNFAIP1,7126.0
94,201232_s_at,PSMD13,5719.0
95,201233_at,PSMD13,5719.0
96,201270_x_at,NUDCD3,23386.0
97,201269_s_at,NUDCD3,23386.0
98,201241_at,DDX1,1653.0
99,201267_s_at,PSMC3,5702.0
100,201272_at,AKR1B1,231.0
101,201228_s_at,ARIH2,10425.0
102,201230_s_at,ARIH2,10425.0
103,201229_s_at,ARIH2,10425.0
104,201225_s_at,SRRM1,10250.0
105,201224_s_at,SRRM1,10250.0
106,201193_at,IDH1,3417.0
107,201250_s_at,SLC2A1,6513.0
108,201249_at,SLC2A1,6513.0
109,201214_s_at,PPP1R7,5510.0
110,201213_at,PPP1R7,5510.0
111,201173_x_at,NUDC,10726.0
112,201198_s_at,PSMD1,5707.0
113,201199_s_at,PSMD1,5707.0
114,201231_s_at,ENO1,2023.0
0,201346_at,ADIPOR2,79602.0
1,201293_x_at,PPIAP22,
2,201303_at,EIF4A3,9775.0
3,201338_x_at,GTF3A,2971.0
4,201293_x_at,PPIAP11,
5,201293_x_at,PPIAP31,
6,201357_s_at,SF3A1,10291.0
7,201356_at,SF3A1,10291.0
8,201273_s_at,SRP9P1,
9,201348_at,GPX3,2878.0
10,201365_at,OAZ2,4947.0
11,201364_s_at,OAZ2,4947.0
12,201315_x_at,IFITM2,10581.0
13,201329_s_at,ETS2,2114.0
14,201328_at,ETS2,2114.0
15,201360_at,CST3,1471.0
16,201307_at,SEPTIN11,55752.0
17,201308_s_at,SEPTIN11,55752.0
18,201283_s_at,TRAK1,22906.0
19,201281_at,ADRM1,11047.0
20,201293_x_at,PPIAP29,
21,201293_x_at,,105374981.0
22,201347_x_at,GRHPR,9380.0
23,201318_s_at,MYL12A,10627.0
24,201318_s_at,MYL12B,103910.0
25,201317_s_at,,
26,201316_at,,
27,201277_s_at,HNRNPAB,3182.0
28,201333_s_at,ARHGEF12,23365.0
29,201334_s_at,ARHGEF12,23365.0
30,201335_s_at,ARHGEF12,23365.0
31,201310_s_at,NREP,9315.0
32,201309_x_at,NREP,9315.0
33,201361_at,TMEM109,79073.0
34,201306_s_at,ANP32B,10541.0
35,201305_x_at,ANP32B,10541.0
36,201336_at,VAMP3,9341.0
37,201337_s_at,VAMP3,9341.0
38,201340_s_at,ENC1,8507.0
39,201341_at,ENC1,8507.0
40,201342_at,SNRPC,6631.0
41,201309_x_at,,
42,201285_at,MKRN1,23608.0
43,201353_s_at,BAZ2A,11176.0
44,201354_s_at,BAZ2A,11176.0
45,201355_s_at,BAZ2A,11176.0
46,201321_s_at,SMARCC2,6601.0
47,201320_at,SMARCC2,6601.0
48,201300_s_at,PRNP,5621.0
49,201293_x_at,PPIA,5478.0
50,201312_s_at,SH3BGRL,6451.0
51,201311_s_at,SH3BGRL,6451.0
52,201297_s_at,MOB1A,55233.0
53,201298_s_at,MOB1A,55233.0
54,201299_s_at,MOB1A,55233.0
55,201322_at,ATP5F1B,506.0
56,201330_at,RARS1,5917.0
57,201292_at,TOP2A,7153.0
58,201291_s_at,TOP2A,7153.0
59,201304_at,NDUFA5,4698.0
60,201280_s_at,DAB2,1601.0
61,201279_s_at,DAB2,1601.0
62,201278_at,DAB2,1601.0
63,201314_at,STK25,10494.0
64,201290_at,SEC11A,23478.0
65,201273_s_at,SRP9,6726.0
66,201366_at,ANXA7,310.0
67,201331_s_at,STAT6,6778.0
68,201332_s_at,STAT6,6778.0
69,201274_at,PSMA5,5686.0
70,201350_at,FLOT2,2319.0
71,201345_s_at,UBE2D2,7322.0
72,201343_at,UBE2D2,7322.0
73,201344_at,UBE2D2,7322.0
74,201325_s_at,EMP1,2012.0
75,201324_at,EMP1,2012.0
76,201352_at,YME1L1,10730.0
77,201351_s_at,YME1L1,10730.0
78,201367_s_at,ZFP36L2,678.0
79,201369_s_at,ZFP36L2,678.0
80,201368_at,ZFP36L2,678.0
81,201327_s_at,CCT6A,908.0
82,201326_at,CCT6A,908.0
83,201284_s_at,APEH,327.0
84,201282_at,OGDH,4967.0
85,201313_at,ENO2,2026.0
86,201276_at,RAB5B,5869.0
87,201275_at,FDPS,2224.0
88,201288_at,ARHGDIB,397.0
89,201302_at,ANXA4,307.0
90,201301_s_at,ANXA4,307.0
91,201359_at,COPB1,1315.0
92,201358_s_at,COPB1,1315.0
93,201326_at,SUMF2,25870.0
94,201317_s_at,PSMA2,5683.0
95,201316_at,PSMA2,5683.0
96,201296_s_at,WSB1,26118.0
97,201295_s_at,WSB1,26118.0
98,201294_s_at,WSB1,26118.0
99,201349_at,NHERF1,9368.0
100,201323_at,EBNA1BP2,10969.0
101,201275_at,RUSC1,23623.0
102,201362_at,IVNS1ABP,10625.0
103,201363_s_at,IVNS1ABP,10625.0
104,201339_s_at,SCP2,6342.0
105,201371_s_at,CUL3,8452.0
106,201372_s_at,CUL3,8452.0
107,201370_s_at,CUL3,8452.0
108,201286_at,SDC1,6382.0
109,201287_s_at,SDC1,6382.0
110,201289_at,CCN1,3491.0
0,201471_s_at,SQSTM1,8878.0
1,201414_s_at,NAP1L4,4676.0
2,201423_s_at,CUL4A,8451.0
3,201424_s_at,CUL4A,8451.0
4,201406_at,RPL36A-HNRNPH2,100529097.0
5,201400_at,PSMB3,5691.0
6,201417_at,SOX4,6659.0
7,201418_s_at,SOX4,6659.0
8,201416_at,SOX4,6659.0
9,201422_at,,
10,201390_s_at,,
11,201390_s_at,CSNK2B,1460.0
12,201392_s_at,IGF2R,3482.0
13,201393_s_at,IGF2R,3482.0
14,201427_s_at,SELENOP,6414.0
15,201419_at,BAP1,8314.0
16,201406_at,RPL36AP37,
17,201390_s_at,LY6G5B,58496.0
18,201381_x_at,CACYBPP2,
19,201451_x_at,,
20,201451_x_at,LINC02637,
21,201379_s_at,TPD52L2,7165.0
22,201406_at,RPL36A,6173.0
23,201452_at,,439965.0
24,201453_x_at,RHEBP2,
25,201453_x_at,RHEBP1,
26,201452_at,,
27,201433_s_at,PTDSS1,9791.0
28,201416_at,,
29,201373_at,PLEC,5339.0
30,201469_s_at,PYGO2,90780.0
31,201413_at,HSD17B4,3295.0
32,201470_at,GSTO1,9446.0
33,201437_s_at,EIF4EP2,
34,201435_s_at,EIF4EP2,
35,201428_at,CLDN4,1364.0
36,201420_s_at,,
37,201420_s_at,WDR77,79084.0
38,201421_s_at,WDR77,79084.0
39,201467_s_at,NQO1,1728.0
40,201468_s_at,NQO1,1728.0
41,201458_s_at,BUB3,9184.0
42,201457_x_at,BUB3,9184.0
43,201456_s_at,BUB3,9184.0
44,201465_s_at,JUN,3725.0
45,201464_x_at,JUN,3725.0
46,201466_s_at,JUN,3725.0
47,201430_s_at,DPYSL3,1809.0
48,201431_s_at,DPYSL3,1809.0
49,201415_at,GSS,2937.0
50,201440_at,DDX23,9416.0
51,201441_at,COX6B1,1340.0
52,201459_at,RUVBL2,10856.0
53,201463_s_at,TALDO1,6888.0
54,201398_s_at,TRAM1,23471.0
55,201399_s_at,TRAM1,23471.0
56,201450_s_at,TIA1,7072.0
57,201449_at,TIA1,7072.0
58,201448_at,TIA1,7072.0
59,201446_s_at,TIA1,7072.0
60,201447_at,TIA1,7072.0
61,201426_s_at,VIM,7431.0
62,201391_at,TRAP1,10131.0
63,201453_x_at,RHEB,6009.0
64,201452_at,RHEB,6009.0
65,201437_s_at,EIF4E,1977.0
66,201435_s_at,EIF4E,1977.0
67,201436_at,EIF4E,1977.0
68,201380_at,CRTAP,10491.0
69,201388_at,PSMD3,5709.0
70,201472_at,VBP1,7411.0
71,201389_at,ITGA5,3678.0
72,201444_s_at,ATP6AP2,10159.0
73,201443_s_at,ATP6AP2,10159.0
74,201404_x_at,PSMB2,5690.0
75,201412_at,LRP10,26020.0
76,201408_at,PPP1CB,5500.0
77,201409_s_at,PPP1CB,5500.0
78,201407_s_at,PPP1CB,5500.0
79,201386_s_at,DHX15,1665.0
80,201385_at,DHX15,1665.0
81,201375_s_at,PPP2CB,5516.0
82,201374_x_at,PPP2CB,5516.0
83,201396_s_at,SGTA,6449.0
84,201382_at,CACYBP,27101.0
85,201381_x_at,CACYBP,27101.0
86,201376_s_at,HNRNPF,3185.0
87,201425_at,ALDH2,217.0
88,201401_s_at,GRK2,156.0
89,201402_at,GRK2,156.0
90,201387_s_at,UCHL1,7345.0
91,201434_at,TTC1,7265.0
92,201397_at,PHGDH,26227.0
93,201445_at,CNN3,1266.0
94,201439_at,GBF1,8729.0
95,201395_at,RBM5,10181.0
96,201394_s_at,RBM5,10181.0
97,201432_at,CAT,847.0
98,201405_s_at,COPS6,10980.0
99,201462_at,SCRN1,9805.0
100,201429_s_at,RPL37A,6168.0
101,201461_s_at,MAPKAPK2,9261.0
102,201460_at,MAPKAPK2,9261.0
103,201411_s_at,PLEKHB2,55041.0
104,201410_at,PLEKHB2,55041.0
105,201384_s_at,NBR1,4077.0
106,201383_s_at,NBR1,4077.0
107,201422_at,IFI30,10437.0
108,201438_at,COL6A3,1293.0
109,201454_s_at,NPEPPS,9520.0
110,201455_s_at,NPEPPS,9520.0
111,201469_s_at,SHC1,6464.0
112,201377_at,UBAP2L,9898.0
113,201378_s_at,UBAP2L,9898.0
114,201403_s_at,MGST3,4259.0
0,201550_x_at,ACTG1,71.0
1,201492_s_at,,
2,201534_s_at,UBL3,5412.0
3,201535_at,UBL3,5412.0
4,201492_s_at,RPL41P2,
5,201492_s_at,RPL41P1,
6,201530_x_at,EIF4A1P10,
7,201545_s_at,PABPN1P1,
8,201495_x_at,MYH11,4629.0
9,201497_x_at,MYH11,4629.0
10,201496_x_at,MYH11,4629.0
11,201473_at,JUNB,3726.0
12,201562_s_at,SORD2P,
13,201552_at,LAMP1,3916.0
14,201551_s_at,LAMP1,3916.0
15,201553_s_at,LAMP1,3916.0
16,201500_s_at,PPP1R11,6992.0
17,201545_s_at,BCL2L2-PABPN1,100529063.0
18,201544_x_at,BCL2L2-PABPN1,100529063.0
19,201506_at,TGFBI,7045.0
20,201522_x_at,SNURF,8926.0
21,201563_at,,653381.0
22,201562_s_at,,653381.0
23,201569_s_at,SAMM50,25813.0
24,201570_at,SAMM50,25813.0
25,201517_at,NCBP2,22916.0
26,201521_s_at,NCBP2,22916.0
27,201492_s_at,RPL41P5,
28,201481_s_at,PYGB,5834.0
29,201545_s_at,PABPN1,8106.0
30,201544_x_at,PABPN1,8106.0
31,201520_s_at,GRSF1,2926.0
32,201501_s_at,GRSF1,2926.0
33,201558_at,RAE1,8480.0
34,201563_at,SORD,6652.0
35,201562_s_at,SORD,6652.0
36,201510_at,ELF3,1999.0
37,201510_at,,
38,201530_x_at,SENP3-EIF4A1,
39,201530_x_at,,
40,201530_x_at,SNORA67,26781.0
41,201477_s_at,RRM1,6240.0
42,201476_s_at,RRM1,6240.0
43,201527_at,ATP6V1F,9296.0
44,201531_at,ZFP36,7538.0
45,201526_at,FSCN3,29999.0
46,201482_at,QSOX1,5768.0
47,201568_at,UQCRQ,27089.0
48,201483_s_at,SUPT4H1,6827.0
49,201484_at,SUPT4H1,6827.0
50,201483_s_at,,
51,201484_at,,
52,201539_s_at,FHL1,2273.0
53,201540_at,FHL1,2273.0
54,201507_at,PFDN1,5201.0
55,201479_at,DKC1,1736.0
56,201478_s_at,DKC1,1736.0
57,201492_s_at,ZC3H10,84872.0
58,201523_x_at,UBE2N,7334.0
59,201524_x_at,UBE2N,7334.0
60,201509_at,IDH3B,3420.0
61,201487_at,CTSC,1075.0
62,201542_at,SAR1A,56681.0
63,201543_s_at,SAR1A,56681.0
64,201564_s_at,FSCN1,6624.0
65,201554_x_at,GYG1,2992.0
66,201557_at,VAMP2,6844.0
67,201556_s_at,VAMP2,6844.0
68,201555_at,MCM3,4172.0
69,201480_s_at,SUPT5H,6829.0
70,201572_x_at,DCTD,1635.0
71,201571_s_at,DCTD,1635.0
72,201504_s_at,TSN,7247.0
73,201513_at,TSN,7247.0
74,201515_s_at,TSN,7247.0
75,201526_at,ARF5,381.0
76,201565_s_at,ID2,3398.0
77,201505_at,LAMB1,3912.0
78,201518_at,CBX1,10951.0
79,201492_s_at,RPL41,6171.0
80,201502_s_at,NFKBIA,4792.0
81,201530_x_at,EIF4A1,1973.0
82,201491_at,AHSA1,10598.0
83,201490_s_at,PPIF,10105.0
84,201489_at,PPIF,10105.0
85,201475_x_at,MARS1,4141.0
86,201532_at,PSMA3,5684.0
87,201514_s_at,G3BP1,10146.0
88,201503_at,G3BP1,10146.0
89,201494_at,PRCP,5547.0
90,201508_at,IGFBP4,3487.0
91,201516_at,SRM,6723.0
92,201522_x_at,SNRPN,6638.0
93,201486_at,RCN2,5955.0
94,201485_s_at,RCN2,5955.0
95,201525_at,APOD,347.0
96,201537_s_at,DUSP3,1845.0
97,201538_s_at,DUSP3,1845.0
98,201536_at,DUSP3,1845.0
99,201567_s_at,GOLGA4,2803.0
100,201541_s_at,ZNHIT1,10467.0
101,201519_at,TOMM70,9868.0
102,201512_s_at,TOMM70,9868.0
103,201498_at,USP7,7874.0
104,201499_s_at,USP7,7874.0
105,201511_at,AAMP,14.0
106,201493_s_at,PUM2,23369.0
107,201529_s_at,RPA1,6117.0
108,201528_at,RPA1,6117.0
109,201548_s_at,KDM5B,10765.0
110,201549_x_at,KDM5B,10765.0
111,201547_at,KDM5B,10765.0
112,201533_at,CTNNB1,1499.0
113,201559_s_at,CLIC4,25932.0
114,201560_at,CLIC4,25932.0
115,201546_at,TRIP12,9320.0
116,201561_s_at,CLSTN1,22883.0
117,201488_x_at,KHDRBS1,10657.0
0,201639_s_at,CPSF1,29894.0
1,201638_s_at,CPSF1,29894.0
2,201639_s_at,MIR939,100126351.0
3,201665_x_at,RPS17,6218.0
4,201628_s_at,RRAGA,10670.0
5,201642_at,IFNGR2,3460.0
6,201588_at,TXNL1,9352.0
7,201665_x_at,,
8,201573_s_at,ETF1P1,
9,201649_at,UBE2L6,9246.0
10,201644_at,GFUS,7264.0
11,201672_s_at,USP14,9097.0
12,201671_x_at,USP14,9097.0
13,201631_s_at,IER3,8870.0
14,201575_at,SNW1,22938.0
15,201653_at,CNIH1,10175.0
16,201612_at,,
17,201576_s_at,GLB1,2720.0
18,201668_x_at,,
19,201641_at,BST2,684.0
20,201594_s_at,PPP4R1,9989.0
21,201587_s_at,IRAK1,3654.0
22,201655_s_at,HSPG2,3339.0
23,201654_s_at,HSPG2,3339.0
24,201579_at,FAT1,2195.0
25,201577_at,NME1-NME2,654364.0
26,201646_at,SCARB2,950.0
27,201647_s_at,SCARB2,950.0
28,201613_s_at,AP1G2,8906.0
29,201583_s_at,SEC23B,10483.0
30,201582_at,SEC23B,10483.0
31,201657_at,ARL1,400.0
32,201658_at,ARL1,400.0
33,201659_s_at,ARL1,400.0
34,201585_s_at,SFPQ,6421.0
35,201586_s_at,SFPQ,6421.0
36,201589_at,SMC1A,8243.0
37,201667_at,GJA1,2697.0
38,201619_at,PRDX3,10935.0
39,201666_at,TIMP1,7076.0
40,201591_s_at,NISCH,11188.0
41,201605_x_at,CNN2,1265.0
42,201668_x_at,MARCKS,4082.0
43,201669_s_at,MARCKS,4082.0
44,201670_s_at,MARCKS,4082.0
45,201614_s_at,RUVBL1,8607.0
46,201600_at,PHB2,11331.0
47,201620_at,MBTPS1,8720.0
48,201663_s_at,SMC4,10051.0
49,201664_at,SMC4,10051.0
50,201597_at,COX7A2,1347.0
51,201626_at,INSIG1,3638.0
52,201625_s_at,INSIG1,3638.0
53,201627_s_at,INSIG1,3638.0
54,201578_at,PODXL,5420.0
55,201651_s_at,PACSIN2,11252.0
56,201580_s_at,TMX4,56255.0
57,201581_at,TMX4,56255.0
58,201577_at,NME1,4830.0
59,201652_at,COPS5,10987.0
60,201606_s_at,PWP1,11137.0
61,201608_s_at,PWP1,11137.0
62,201607_at,PWP1,11137.0
63,201633_s_at,CYB5B,80777.0
64,201634_s_at,CYB5B,80777.0
65,201584_s_at,DDX39A,10212.0
66,201596_x_at,KRT18,3875.0
67,201622_at,SND1,27044.0
68,201598_s_at,INPPL1,3636.0
69,201592_at,EIF3H,8667.0
70,201618_x_at,GPAA1,8733.0
71,201643_x_at,KDM3B,51780.0
72,201612_at,ALDH9A1,223.0
73,201645_at,TNC,3371.0
74,201590_x_at,ANXA2,302.0
75,201650_at,KRT19,3880.0
76,201593_s_at,ZC3H15,55854.0
77,201595_s_at,ZC3H15,55854.0
78,201574_at,ETF1,2107.0
79,201573_s_at,ETF1,2107.0
80,201632_at,EIF2B1,1967.0
81,201599_at,OAT,4942.0
82,201640_x_at,CLPTM1,1209.0
83,201604_s_at,PPP1R12A,4659.0
84,201602_s_at,PPP1R12A,4659.0
85,201603_at,PPP1R12A,4659.0
86,201611_s_at,ICMT,23463.0
87,201609_x_at,ICMT,23463.0
88,201610_at,ICMT,23463.0
89,201601_x_at,IFITM1,8519.0
90,201624_at,DARS1,1615.0
91,201623_s_at,DARS1,1615.0
92,201656_at,ITGA6,3655.0
93,201635_s_at,FXR1,8087.0
94,201636_at,FXR1,8087.0
95,201637_s_at,FXR1,8087.0
96,201662_s_at,ACSL3,2181.0
97,201661_s_at,ACSL3,2181.0
98,201660_at,ACSL3,2181.0
99,201616_s_at,CALD1,800.0
100,201615_x_at,CALD1,800.0
101,201617_x_at,CALD1,800.0
102,201629_s_at,ACP1,52.0
103,201630_s_at,ACP1,52.0
104,201621_at,NBL1,4681.0
105,201621_at,NBL1,100532736.0
106,201648_at,JAK1,3716.0
0,201762_s_at,PSME2,5721.0
1,201695_s_at,PNP,4860.0
2,201762_s_at,PSME2P2,
3,201681_s_at,DLG5,9231.0
4,201759_at,TBCD,6904.0
5,201686_x_at,API5P1,
6,201771_at,SCAMP3,10067.0
7,201693_s_at,EGR1,1958.0
8,201694_s_at,EGR1,1958.0
9,201772_at,AZIN1,51582.0
10,201755_at,MCM5,4174.0
11,201700_at,CCND3,896.0
12,201701_s_at,PGRMC2,10424.0
13,201710_at,MYBL2,4605.0
14,201751_at,JOSD1,9929.0
15,201709_s_at,NIPSNAP1,8508.0
16,201708_s_at,NIPSNAP1,8508.0
17,201703_s_at,PPP1R10,5514.0
18,201702_s_at,PPP1R10,5514.0
19,201711_x_at,RGPD3,653489.0
20,201711_x_at,RGPD4,285190.0
21,201761_at,MTHFD2,10797.0
22,201731_s_at,TPR,7175.0
23,201730_s_at,TPR,7175.0
24,201763_s_at,DAXX,1616.0
25,201763_s_at,DAXX,113523636.0
26,201738_at,EIF1B,10289.0
27,201738_at,,
28,201683_x_at,TOX4,9878.0
29,201684_s_at,TOX4,9878.0
30,201685_s_at,TOX4,9878.0
31,201749_at,ECE1,1889.0
32,201750_s_at,ECE1,1889.0
33,201711_x_at,RGPD1,400966.0
34,201676_x_at,,
35,201691_s_at,TPD52,7163.0
36,201688_s_at,TPD52,7163.0
37,201690_s_at,TPD52,7163.0
38,201689_s_at,TPD52,7163.0
39,201691_s_at,TPD52,124188259.0
40,201688_s_at,TPD52,124188259.0
41,201690_s_at,TPD52,124188259.0
42,201689_s_at,TPD52,124188259.0
43,201742_x_at,,
44,201742_x_at,SRSF1,6426.0
45,201741_x_at,SRSF1,6426.0
46,201743_at,CD14,929.0
47,201715_s_at,ACIN1,22985.0
48,201697_s_at,DNMT1,1786.0
49,201725_at,CDC123,8872.0
50,201704_at,ENTPD6,955.0
51,201722_s_at,GALNT1,2589.0
52,201723_s_at,GALNT1,2589.0
53,201724_s_at,GALNT1,2589.0
54,201732_s_at,CLCN3,1182.0
55,201734_at,CLCN3,1182.0
56,201735_s_at,CLCN3,1182.0
57,201733_at,CLCN3,1182.0
58,201770_at,SNRPA,6626.0
59,201717_at,MRPL49,740.0
60,201739_at,SGK1,6446.0
61,201758_at,TSG101,7251.0
62,201711_x_at,RGPD6,729540.0
63,201705_at,PSMD7,5713.0
64,201716_at,SNX1,6642.0
65,201711_x_at,RGPD8,727851.0
66,201711_x_at,RGPD5,84220.0
67,201711_x_at,RGPD5,727851.0
68,201682_at,PMPCB,9512.0
69,201736_s_at,MARCHF6,10299.0
70,201737_s_at,MARCHF6,10299.0
71,201754_at,COX6C,1345.0
72,201764_at,TMEM106C,79022.0
73,201706_s_at,PEX19,5824.0
74,201707_at,PEX19,5824.0
75,201765_s_at,HEXA,3073.0
76,201753_s_at,ADD3,120.0
77,201752_s_at,ADD3,120.0
78,201692_at,SIGMAR1,10280.0
79,201686_x_at,API5,8539.0
80,201687_s_at,API5,8539.0
81,201678_s_at,HMCES,56941.0
82,201677_at,HMCES,56941.0
83,201699_at,PSMC6,5706.0
84,201769_at,CLINT1,9685.0
85,201768_s_at,CLINT1,9685.0
86,201757_at,NDUFS5,4725.0
87,201726_at,ELAVL1,1994.0
88,201727_s_at,ELAVL1,1994.0
89,201673_s_at,GYS1,2997.0
90,201756_at,RPA2,6118.0
91,201746_at,TP53,7157.0
92,201698_s_at,SRSF9,8683.0
93,201714_at,TUBG1,7283.0
94,201719_s_at,EPB41L2,2037.0
95,201718_s_at,EPB41L2,2037.0
96,201748_s_at,SAFB,6294.0
97,201747_s_at,SAFB,6294.0
98,201760_s_at,WSB2,55884.0
99,201745_at,TWF1,5756.0
100,201740_at,NDUFS3,4722.0
101,201744_s_at,LUM,4060.0
102,201728_s_at,BLTP2,9703.0
103,201729_s_at,BLTP2,9703.0
104,201676_x_at,PSMA1,5682.0
105,201680_x_at,SRRT,51593.0
106,201679_at,SRRT,51593.0
107,201767_s_at,ELAC2,60528.0
108,201674_s_at,AKAP1,8165.0
109,201675_at,AKAP1,8165.0
110,201721_s_at,LAPTM5,7805.0
111,201720_s_at,LAPTM5,7805.0
112,201711_x_at,RANBP2,5903.0
113,201712_s_at,RANBP2,5903.0
114,201713_s_at,RANBP2,5903.0
115,201711_x_at,RGPD2,729857.0
116,201771_at,ENTREP3,10712.0
117,201696_at,SRSF4,6429.0
0,201844_s_at,RYBP,23429.0
1,201845_s_at,RYBP,23429.0
2,201846_s_at,RYBP,23429.0
3,201840_at,NEDD8,4738.0
4,201852_x_at,COL3A1,1281.0
5,201855_s_at,ATMIN,23300.0
6,201854_s_at,ATMIN,23300.0
7,201803_at,POLR2B,5431.0
8,201818_at,LPCAT1,79888.0
9,201848_s_at,BNIP3P1,
10,201848_s_at,,
11,201784_s_at,,
12,201870_at,TOMM34,10953.0
13,201828_x_at,RTL8C,8933.0
14,201834_at,PRKAB1,5564.0
15,201835_s_at,PRKAB1,5564.0
16,201782_s_at,MIR6752,102465450.0
17,201796_s_at,VARS1,7407.0
18,201797_s_at,VARS1,7407.0
19,201858_s_at,SRGN,5552.0
20,201859_at,SRGN,5552.0
21,201805_at,PRKAG1,5571.0
22,201805_at,,
23,201820_at,KRT5,3852.0
24,201853_s_at,CDC25B,994.0
25,201787_at,FBLN1,2192.0
26,201872_s_at,,
27,201778_s_at,EFCAB14,9813.0
28,201777_s_at,EFCAB14,9813.0
29,201776_s_at,EFCAB14,9813.0
30,201775_s_at,EFCAB14,9813.0
31,201848_s_at,BNIP3,664.0
32,201849_at,BNIP3,664.0
33,201872_s_at,ABCE1,6059.0
34,201812_s_at,TOMM7,54543.0
35,201812_s_at,TOMM7,107986346.0
36,201830_s_at,NET1,10276.0
37,201829_at,NET1,10276.0
38,201863_at,FAM32A,26017.0
39,201808_s_at,ENG,2022.0
40,201809_s_at,ENG,2022.0
41,201841_s_at,HSPB1,3315.0
42,201798_s_at,MYOF,26509.0
43,201860_s_at,PLAT,5327.0
44,201871_s_at,UBXN1,51035.0
45,201804_x_at,TBCB,1155.0
46,201774_s_at,NCAPD2,9918.0
47,201782_s_at,AIP,9049.0
48,201781_s_at,AIP,9049.0
49,201832_s_at,USO1,8615.0
50,201831_s_at,USO1,8615.0
51,201864_at,GDI1,2664.0
52,201807_at,VPS26A,9559.0
53,201847_at,LIPA,3988.0
54,201851_at,SH3GL1,6455.0
55,201773_at,ADNP,23394.0
56,201799_s_at,OSBP,5007.0
57,201800_s_at,OSBP,5007.0
58,201780_s_at,RNF13,11342.0
59,201779_s_at,RNF13,11342.0
60,201792_at,AEBP1,165.0
61,201826_s_at,SCCPDH,51097.0
62,201825_s_at,SCCPDH,51097.0
63,201868_s_at,TBL1X,6907.0
64,201867_s_at,TBL1X,6907.0
65,201869_s_at,TBL1X,6907.0
66,201816_s_at,NIPSNAP2,2631.0
67,201811_x_at,SH3BP5,9467.0
68,201810_s_at,SH3BP5,9467.0
69,201839_s_at,EPCAM,4072.0
70,201785_at,RNASE1,6035.0
71,201833_at,HDAC2,3066.0
72,201856_s_at,ZFR,51663.0
73,201857_at,ZFR,51663.0
74,201817_at,UBE3C,9690.0
75,201793_x_at,SMG7,9887.0
76,201794_s_at,SMG7,9887.0
77,201806_s_at,ATXN2L,11273.0
78,201824_at,RNF14,9604.0
79,201823_s_at,RNF14,9604.0
80,201865_x_at,NR3C1,2908.0
81,201866_s_at,NR3C1,2908.0
82,201827_at,SMARCD2,6603.0
83,201790_s_at,DHCR7,1717.0
84,201791_s_at,DHCR7,1717.0
85,201783_s_at,RELA,5970.0
86,201795_at,LBR,3930.0
87,201850_at,CAPG,822.0
88,201819_at,SCARB1,949.0
89,201843_s_at,EFEMP1,2202.0
90,201842_s_at,EFEMP1,2202.0
91,201788_at,DDX42,11325.0
92,201814_at,TBC1D5,9779.0
93,201813_s_at,TBC1D5,9779.0
94,201815_s_at,TBC1D5,9779.0
95,201784_s_at,C11orf58,10944.0
96,201821_s_at,TIMM17A,10440.0
97,201822_at,TIMM17A,10440.0
98,201862_s_at,LRRFIP1,9208.0
99,201861_s_at,LRRFIP1,9208.0
100,201836_s_at,SUPT7L,9913.0
101,201838_s_at,SUPT7L,9913.0
102,201837_s_at,SUPT7L,9913.0
103,201786_s_at,ADAR,103.0
0,201909_at,RPS4Y1,6192.0
1,201886_at,DCAF11,80344.0
2,201891_s_at,B2M,567.0
3,201897_s_at,CKS1BP2,
4,201959_s_at,MYCBP2,23077.0
5,201960_s_at,MYCBP2,23077.0
6,201921_at,DNAJC25-GNG10,552891.0
7,201897_s_at,CKS1BP3,
8,201901_s_at,MIR6764,102466730.0
9,201901_s_at,YY1,7528.0
10,201902_s_at,YY1,7528.0
11,201938_at,CDK2AP1,8099.0
12,201944_at,HEXB,3074.0
13,201899_s_at,UBE2A,7319.0
14,201898_s_at,UBE2A,7319.0
15,201923_at,PRDX4,10549.0
16,201882_x_at,B4GALT1,2683.0
17,201883_s_at,B4GALT1,2683.0
18,201892_s_at,,
19,201910_at,FARP1,10160.0
20,201911_s_at,FARP1,10160.0
21,201928_at,PKP4P1,
22,201945_at,FURIN,5045.0
23,201936_s_at,EIF4G3,8672.0
24,201935_s_at,EIF4G3,8672.0
25,201913_s_at,COASY,80347.0
26,201931_at,ETFA,2108.0
27,201921_at,GNG10,2790.0
28,201924_at,AFF1,4299.0
29,201873_s_at,ABCE1,6059.0
30,201954_at,,
31,201922_at,NSA2,10412.0
32,201895_at,ARAF,369.0
33,201894_s_at,SSR1,6745.0
34,201934_at,WDR82,80335.0
35,201951_at,ALCAM,214.0
36,201952_at,ALCAM,214.0
37,201964_at,SETX,23064.0
38,201965_s_at,SETX,23064.0
39,201885_s_at,CYB5R3,1727.0
40,201888_s_at,IL13RA1,3597.0
41,201887_at,IL13RA1,3597.0
42,201881_s_at,ARIH1,25820.0
43,201879_at,ARIH1,25820.0
44,201878_at,ARIH1,25820.0
45,201880_at,ARIH1,25820.0
46,201908_at,DVL3,1857.0
47,201877_s_at,PPP2R5C,5527.0
48,201884_at,CEACAM5,1048.0
49,201963_at,ACSL1,2180.0
50,201890_at,RRM2,6241.0
51,201897_s_at,CKS1B,1163.0
52,201918_at,SLC25A36,55186.0
53,201919_at,SLC25A36,55186.0
54,201917_s_at,SLC25A36,55186.0
55,201967_at,RBM6,10180.0
56,201912_s_at,GSPT1,2935.0
57,201971_s_at,ATP6V1A,523.0
58,201972_at,ATP6V1A,523.0
59,201915_at,SEC63,11231.0
60,201916_s_at,SEC63,11231.0
61,201914_s_at,SEC63,11231.0
62,201906_s_at,CTDSPL,10217.0
63,201904_s_at,CTDSPL,10217.0
64,201905_s_at,CTDSPL,10217.0
65,201933_at,CHMP1A,5119.0
66,201930_at,MCM6,4175.0
67,201920_at,SLC20A1,6574.0
68,201953_at,CIB1,10519.0
69,201903_at,UQCRC1,7384.0
70,201876_at,PON2,5445.0
71,201889_at,FAM3C,10447.0
72,201955_at,CCNC,892.0
73,201939_at,PLK2,10769.0
74,201962_s_at,RNF41,10193.0
75,201961_s_at,RNF41,10193.0
76,201949_x_at,CAPZB,832.0
77,201950_x_at,CAPZB,832.0
78,201926_s_at,CD55,1604.0
79,201925_s_at,CD55,1604.0
80,201946_s_at,CCT2,10576.0
81,201947_s_at,CCT2,10576.0
82,201893_x_at,DCN,1634.0
83,201942_s_at,CPD,1362.0
84,201941_at,CPD,1362.0
85,201943_s_at,CPD,1362.0
86,201940_at,CPD,1362.0
87,201932_at,LRRC41,10489.0
88,201954_at,ARPC1B,10095.0
89,201892_s_at,IMPDH2,3615.0
90,201896_s_at,PSRC1,84722.0
91,201927_s_at,PKP4,8502.0
92,201928_at,PKP4,8502.0
93,201929_s_at,PKP4,8502.0
94,201937_s_at,DNPEP,23549.0
95,201956_s_at,GNPAT,8443.0
96,201966_at,NDUFS2,4720.0
97,201970_s_at,NASP,4678.0
98,201969_at,NASP,4678.0
99,201900_s_at,AKR1A1,10327.0
100,201948_at,GNL2,29889.0
101,201875_s_at,MPZL1,9019.0
102,201874_at,MPZL1,9019.0
103,201968_s_at,PGM1,5236.0
104,201957_at,PPP1R12B,4660.0
105,201958_s_at,PPP1R12B,4660.0
0,202066_at,PPFIA1,8500.0
1,202065_s_at,PPFIA1,8500.0
2,202072_at,,
3,202072_at,HNRNPL,3191.0
4,202011_at,TJP1,7082.0
5,202003_s_at,RNU6-29P,
6,201976_s_at,MYO10,4651.0
7,201981_at,PAPPA,5069.0
8,201982_s_at,PAPPA,5069.0
9,201995_at,EXT1,2131.0
10,202001_s_at,NDUFA6,4700.0
11,202000_at,NDUFA6,4700.0
12,202003_s_at,ACAA2P1,
13,202010_s_at,,
14,202003_s_at,,
15,202003_s_at,ACAA2,10449.0
16,202002_at,ACAA2,10449.0
17,202071_at,SDC4,6385.0
18,202040_s_at,KDM5A,5927.0
19,202060_at,CTR9,9646.0
20,202032_s_at,MAN2A2,4122.0
21,202045_s_at,ARHGAP35,2909.0
22,202046_s_at,ARHGAP35,2909.0
23,202044_at,ARHGAP35,2909.0
24,202047_s_at,CBX6,23466.0
25,202048_s_at,CBX6,23466.0
26,202036_s_at,SFRP1,6422.0
27,202035_s_at,SFRP1,6422.0
28,202037_s_at,SFRP1,6422.0
29,202004_x_at,SDHCP5,
30,202016_at,MEST,4232.0
31,202027_at,TMEM184B,25829.0
32,201999_s_at,DYNLT1,6993.0
33,201997_s_at,SPEN,23013.0
34,201996_s_at,SPEN,23013.0
35,202038_at,UBE4A,9354.0
36,202043_s_at,,
37,202069_s_at,IDH3A,3419.0
38,202070_s_at,IDH3A,3419.0
39,202024_at,GET3,439.0
40,202042_at,HARS1,3035.0
41,202043_s_at,SMS,6611.0
42,202028_s_at,,85001.0
43,202067_s_at,LDLR,3949.0
44,202068_s_at,LDLR,3949.0
45,202026_at,SDHD,6392.0
46,201991_s_at,KIF5B,3799.0
47,201992_s_at,KIF5B,3799.0
48,201983_s_at,EGFR,1956.0
49,201984_s_at,EGFR,1956.0
50,201980_s_at,RSU1,6251.0
51,202064_s_at,SEL1L,6400.0
52,202063_s_at,SEL1L,6400.0
53,202062_s_at,SEL1L,6400.0
54,202061_s_at,SEL1L,6400.0
55,202034_x_at,RB1CC1,9821.0
56,202033_s_at,RB1CC1,9821.0
57,201994_at,MORF4L2,9643.0
58,202004_x_at,SDHC,6391.0
59,202023_at,EFNA1,1942.0
60,201979_s_at,PPP5C,5536.0
61,202018_s_at,LTF,4057.0
62,202029_x_at,RPL38,6169.0
63,201985_at,WASHC5,9897.0
64,201986_at,MED13,9969.0
65,201987_at,MED13,9969.0
66,202052_s_at,RAI14,26064.0
67,202021_x_at,EIF1,10209.0
68,202010_s_at,ZNF410,57862.0
69,201978_s_at,DELE1,9812.0
70,201977_s_at,DELE1,9812.0
71,201993_x_at,HNRNPDL,9987.0
72,202014_at,PPP1R15A,23645.0
73,202030_at,BCKDK,10295.0
74,202049_s_at,ZMYM4,9202.0
75,202050_s_at,ZMYM4,9202.0
76,202051_s_at,ZMYM4,9202.0
77,202031_s_at,WIPI2,26100.0
78,202054_s_at,ALDH3A2,224.0
79,202053_s_at,ALDH3A2,224.0
80,202022_at,ALDOC,230.0
81,202025_x_at,ACAA1,30.0
82,201998_at,ST6GAL1,6480.0
83,202039_at,MYO18A,399687.0
84,202012_s_at,EXT2,2132.0
85,202013_s_at,EXT2,2132.0
86,202005_at,ST14,6768.0
87,202017_at,EPHX1,2052.0
88,201988_s_at,CREBL2,1389.0
89,201990_s_at,CREBL2,1389.0
90,201989_s_at,CREBL2,1389.0
91,202006_at,PTPN12,5782.0
92,202055_at,KPNA1,3836.0
93,202057_at,KPNA1,3836.0
94,202056_at,KPNA1,3836.0
95,202058_s_at,KPNA1,3836.0
96,202059_s_at,KPNA1,3836.0
97,201975_at,CLIP1,6249.0
98,202041_s_at,FIBP,9158.0
99,201973_s_at,CCZ1B,221960.0
100,201974_s_at,CCZ1B,221960.0
101,201974_s_at,CCZ1,51622.0
102,201973_s_at,CCZ1,51622.0
103,202009_at,TWF2,11344.0
104,202007_at,NID1,4811.0
105,202008_s_at,NID1,4811.0
106,202020_s_at,LANCL1,10314.0
107,202019_s_at,LANCL1,10314.0
0,202135_s_at,ACTR1B,10120.0
1,202088_at,SLC39A6,25800.0
2,202089_s_at,SLC39A6,25800.0
3,202144_s_at,,
4,202098_s_at,PRMT2,3275.0
5,202085_at,,
6,202165_at,PPP1R2B,153743.0
7,202102_s_at,BRD4,23476.0
8,202103_at,BRD4,23476.0
9,202154_x_at,TUBB2B,347733.0
10,202168_at,TAF9,6880.0
11,202090_s_at,,
12,202145_at,LY6E,4061.0
13,202110_at,COX7B,1349.0
14,202086_at,MX1,4599.0
15,202080_s_at,TRAK1,22906.0
16,202079_s_at,TRAK1,22906.0
17,202105_at,IGBP1,3476.0
18,202155_s_at,NUP214,8021.0
19,202152_x_at,USF2,7392.0
20,202157_s_at,CELF2,10659.0
21,202156_s_at,CELF2,10659.0
22,202158_s_at,CELF2,10659.0
23,202146_at,IFRD1,3475.0
24,202147_s_at,IFRD1,3475.0
25,202123_s_at,ABL1,25.0
26,202160_at,CREBBP,1387.0
27,202099_s_at,DGCR2,9993.0
28,202147_s_at,,
29,202129_s_at,RIOK3,8780.0
30,202130_at,RIOK3,8780.0
31,202131_s_at,RIOK3,8780.0
32,202154_x_at,,
33,202092_s_at,ARL2BP,23568.0
34,202166_s_at,PPP1R2,5504.0
35,202165_at,PPP1R2,5504.0
36,202087_s_at,CTSL,1514.0
37,202151_s_at,UBAC1,10422.0
38,202154_x_at,TUBB3,10381.0
39,202112_at,VWF,7450.0
40,202074_s_at,OPTN,10133.0
41,202073_at,OPTN,10133.0
42,202075_s_at,PLTP,5360.0
43,202107_s_at,MCM2,4171.0
44,202106_at,GOLGA3,2802.0
45,202170_s_at,AASDHPPT,60496.0
46,202169_s_at,AASDHPPT,60496.0
47,202154_x_at,TUBB2A,7280.0
48,202111_at,SLC4A2,6522.0
49,202109_at,ARFIP2,23647.0
50,202097_at,NUP153,9972.0
51,202159_at,FARSA,2193.0
52,202077_at,NDUFAB1,4706.0
53,202138_x_at,AIMP2,7965.0
54,202116_at,DPF2,5977.0
55,202139_at,AKR7A2,8574.0
56,202144_s_at,ADSL,158.0
57,202121_s_at,CHMP2A,27243.0
58,202161_at,PKN1,5585.0
59,202128_at,AREL1,9870.0
60,202096_s_at,TSPO,706.0
61,202108_at,PEPD,5184.0
62,202091_at,PLLP,51090.0
63,202143_s_at,COPS8,10920.0
64,202142_at,COPS8,10920.0
65,202141_s_at,COPS8,10920.0
66,202095_s_at,BIRC5,332.0
67,202094_at,BIRC5,332.0
68,202148_s_at,PYCR1,5831.0
69,202153_s_at,NUP62,23636.0
70,202127_at,PRP4K,8899.0
71,202126_at,PRP4K,8899.0
72,202162_s_at,CNOT8,9337.0
73,202164_s_at,CNOT8,9337.0
74,202163_s_at,CNOT8,9337.0
75,202149_at,NEDD9,4739.0
76,202150_s_at,NEDD9,4739.0
77,202076_at,BIRC2,329.0
78,202114_at,SNX2,6643.0
79,202113_s_at,SNX2,6643.0
80,202085_at,TJP2,9414.0
81,202118_s_at,CPNE3,8895.0
82,202119_s_at,CPNE3,8895.0
83,202140_s_at,CLK3,1198.0
84,202122_s_at,PLIN3,10226.0
85,202132_at,WWTR1,25937.0
86,202134_s_at,WWTR1,25937.0
87,202133_at,WWTR1,25937.0
88,202090_s_at,UQCR11,10975.0
89,202120_x_at,AP2S1,1175.0
90,202093_s_at,PAF1,54623.0
91,202081_at,IER2,9592.0
92,202167_s_at,MMS19,64210.0
93,202137_s_at,ZMYND11,10771.0
94,202136_at,ZMYND11,10771.0
95,202078_at,COPS3,8533.0
96,202104_s_at,SPG7,6687.0
97,202104_s_at,SPG7,101930112.0
98,202082_s_at,SEC14L1,6397.0
99,202084_s_at,SEC14L1,6397.0
100,202083_s_at,SEC14L1,6397.0
101,202171_at,VEZF1,7716.0
102,202172_at,VEZF1,7716.0
103,202117_at,ARHGAP1,392.0
104,202100_at,RALB,5899.0
105,202101_s_at,RALB,5899.0
106,202124_s_at,TRAK2,66008.0
107,202125_s_at,TRAK2,66008.0
108,202115_s_at,NOC2L,26155.0
0,202235_at,SLC16A1,6566.0
1,202234_s_at,SLC16A1,6566.0
2,202236_s_at,SLC16A1,6566.0
3,202217_at,,102724023.0
4,202239_at,PARP4P2,
5,202239_at,,
6,202217_at,GATD3,8209.0
7,202239_at,PARP4,143.0
8,202245_at,LSS,4047.0
9,202227_s_at,BRD8,10902.0
10,202221_s_at,EP300,2033.0
11,202210_x_at,GSK3A,2931.0
12,202259_s_at,N4BP2L2,10443.0
13,202258_s_at,N4BP2L2,10443.0
14,202246_s_at,MIR6759,102466729.0
15,202241_at,TRIB1,10221.0
16,202190_at,CSTF1,1477.0
17,202214_s_at,CUL4B,8450.0
18,202213_s_at,CUL4B,8450.0
19,202173_s_at,VEZF1P1,
20,202177_at,GAS6,2621.0
21,202252_at,,
22,202262_x_at,DDAH2,23564.0
23,202206_at,ARL4C,10123.0
24,202207_at,ARL4C,10123.0
25,202208_s_at,ARL4C,10123.0
26,202212_at,PES1,23481.0
27,202226_s_at,CRK,1398.0
28,202224_at,CRK,1398.0
29,202225_at,CRK,1398.0
30,202189_x_at,PTBP1,5725.0
31,202247_s_at,MTA1,9112.0
32,202197_at,MTMR3,8897.0
33,202198_s_at,MTMR3,8897.0
34,202250_s_at,,
35,202249_s_at,,
36,202233_s_at,UQCRHL,440567.0
37,202242_at,TSPAN7,7102.0
38,202269_x_at,GBP1P1,
39,202209_at,LSM3,27258.0
40,202260_s_at,STXBP1,6812.0
41,202271_at,FBXO28,23219.0
42,202272_s_at,FBXO28,23219.0
43,202201_at,BLVRB,645.0
44,202246_s_at,CDK4,1019.0
45,202211_at,ARFGAP3,26286.0
46,202232_s_at,EIF3M,10480.0
47,202231_at,EIF3M,10480.0
48,202218_s_at,FADS2,9415.0
49,202230_s_at,CHERP,10523.0
50,202229_s_at,CHERP,10523.0
51,202269_x_at,GBP1P1,400759.0
52,202219_at,SLC6A8,6535.0
53,202193_at,LIMK2,3985.0
54,202185_at,PLOD3,8985.0
55,202181_at,SUSD6,9766.0
56,202240_at,PLK1,5347.0
57,202191_s_at,GAS7,8522.0
58,202192_s_at,GAS7,8522.0
59,202183_s_at,KIF22,3835.0
60,202175_at,CHPF,79586.0
61,202264_s_at,TOMM40,10452.0
62,202256_at,CD2BP2,10421.0
63,202257_s_at,CD2BP2,10421.0
64,202202_s_at,LAMA4,3910.0
65,202200_s_at,SRPK1,6732.0
66,202199_s_at,SRPK1,6732.0
67,202252_at,RAB13,5872.0
68,202261_at,VPS72,6944.0
69,202255_s_at,SIPA1L1,26037.0
70,202254_at,SIPA1L1,26037.0
71,202220_at,KHDC4,22889.0
72,202179_at,BLMH,642.0
73,202205_at,VASP,7408.0
74,202266_at,TDP2,51567.0
75,202237_at,NNMT,4837.0
76,202238_s_at,NNMT,4837.0
77,202180_s_at,MVP,9961.0
78,202174_s_at,PCM1,5108.0
79,202222_s_at,DES,1674.0
80,202228_s_at,NPTN,27020.0
81,202253_s_at,DNM2,1785.0
82,202268_s_at,NAE1,8883.0
83,202243_s_at,PSMB4,5692.0
84,202244_at,PSMB4,5692.0
85,202195_s_at,TMED5,50999.0
86,202194_at,TMED5,50999.0
87,202265_at,BMI1,648.0
88,202248_at,E2F4,1874.0
89,202203_s_at,AMFR,267.0
90,202204_s_at,AMFR,267.0
91,202184_s_at,NUP133,55746.0
92,202188_at,NUP93,9688.0
93,202196_s_at,DKK3,27122.0
94,202182_at,DHX58,79132.0
95,202223_at,STT3A,3703.0
96,202173_s_at,VEZF1,7716.0
97,202182_at,KAT2A,2648.0
98,202233_s_at,UQCRH,7388.0
99,202176_at,ERCC3,2071.0
100,202251_at,PRPF3,9129.0
101,202270_at,GBP1,2633.0
102,202269_x_at,GBP1,2633.0
103,202249_s_at,DCAF8,50717.0
104,202250_s_at,DCAF8,50717.0
105,202263_at,CYB5R1,51706.0
106,202178_at,PRKCZ,5590.0
107,202187_s_at,PPP2R5A,5525.0
108,202186_x_at,PPP2R5A,5525.0
109,202267_at,LAMC2,3918.0
0,202343_x_at,COX5B,1329.0
1,202344_at,HSF1,3297.0
2,202345_s_at,FABP5P1,
3,202360_at,MAML1,9794.0
4,202345_s_at,FABP5P2,
5,202332_at,TPTEP2-CSNK1E,102800317.0
6,202282_at,,
7,202345_s_at,FABP5P11,
8,202345_s_at,,
9,202364_at,MXI1,4601.0
10,202331_at,,
11,202348_s_at,TOR1A,1861.0
12,202349_at,TOR1A,1861.0
13,202354_s_at,MIR6885,102465533.0
14,202325_s_at,ATP5PF,522.0
15,202359_s_at,SNX19,399979.0
16,202358_s_at,SNX19,399979.0
17,202356_s_at,PSPN,5623.0
18,202355_s_at,PSPN,5623.0
19,202363_at,SPOCK1,6695.0
20,202307_s_at,TAP1,6890.0
21,202357_s_at,,
22,202326_at,EHMT2,10919.0
23,202365_at,MIR4700,100616329.0
24,202357_s_at,CFB,629.0
25,202298_at,NDUFA1,4694.0
26,202289_s_at,TACC2,10579.0
27,202304_at,FNDC3A,22862.0
28,202345_s_at,FABP5P7,
29,202309_at,MTHFD1,4522.0
30,202302_s_at,RSRC2,65117.0
31,202301_s_at,RSRC2,65117.0
32,202342_s_at,TRIM2,23321.0
33,202341_s_at,TRIM2,23321.0
34,202314_at,,
35,202347_s_at,UBE2K,3093.0
36,202346_at,UBE2K,3093.0
37,202339_at,SYMPK,8189.0
38,202282_at,HSD17B10,3028.0
39,202303_x_at,SMARCA5,8467.0
40,202287_s_at,TACSTD2,4070.0
41,202286_s_at,TACSTD2,4070.0
42,202333_s_at,UBE2B,7320.0
43,202334_s_at,UBE2B,7320.0
44,202335_s_at,UBE2B,7320.0
45,202328_s_at,PKD1,5310.0
46,202327_s_at,PKD1,5310.0
47,202291_s_at,MGP,4256.0
48,202279_at,ATP5MJ,9556.0
49,202345_s_at,FABP5,2171.0
50,202315_s_at,BCR,613.0
51,202350_s_at,MATN2,4147.0
52,202354_s_at,GTF2F1,2962.0
53,202356_s_at,GTF2F1,2962.0
54,202355_s_at,GTF2F1,2962.0
55,202330_s_at,UNG,7374.0
56,202284_s_at,CDKN1A,1026.0
57,202332_at,CSNK1E,1454.0
58,202371_at,TCEAL4,79921.0
59,202329_at,CSK,1445.0
60,202278_s_at,SPTLC1,10558.0
61,202277_at,SPTLC1,10558.0
62,202290_at,PDAP1,11333.0
63,202276_at,SEM1,7979.0
64,202275_at,G6PD,2539.0
65,202273_at,PDGFRB,5159.0
66,202313_at,PPP2R2A,5520.0
67,202300_at,LAMTOR5,10542.0
68,202299_s_at,LAMTOR5,10542.0
69,202351_at,ITGAV,3685.0
70,202308_at,SREBF1,6720.0
71,202366_at,ACADS,35.0
72,202320_at,GTF3C1,2975.0
73,202340_x_at,NR4A1,3164.0
74,202336_s_at,PAM,5066.0
75,202361_at,SEC24C,9632.0
76,202281_at,GAK,2580.0
77,202368_s_at,TRAM2,9697.0
78,202369_s_at,TRAM2,9697.0
79,202295_s_at,CTSH,1512.0
80,202338_at,TK1,7083.0
81,202365_at,UNC119B,84747.0
82,202288_at,MTOR,2475.0
83,202318_s_at,SENP6,26054.0
84,202319_at,SENP6,26054.0
85,202370_s_at,CBFB,865.0
86,202306_at,POLR2G,5436.0
87,202331_at,BCKDHA,593.0
88,202322_s_at,GGPS1,9453.0
89,202321_at,GGPS1,9453.0
90,202352_s_at,PSMD12,5718.0
91,202353_s_at,PSMD12,5718.0
92,202314_at,CYP51A1,1595.0
93,202367_at,CUX1,1523.0
94,202283_at,SERPINF1,5176.0
95,202362_at,RAP1A,5906.0
96,202372_at,RAB3GAP2,25782.0
97,202311_s_at,COL1A1,1277.0
98,202310_s_at,COL1A1,1277.0
99,202312_s_at,COL1A1,1277.0
100,202305_s_at,FEZ2,9637.0
101,202293_at,STAG1,10274.0
102,202294_at,STAG1,10274.0
103,202274_at,ACTG2,72.0
104,202296_s_at,RER1,11079.0
105,202297_s_at,RER1,11079.0
106,202292_x_at,LYPLA2,11313.0
107,202324_s_at,ACBD3,64746.0
108,202323_s_at,ACBD3,64746.0
109,202337_at,PMF1,11243.0
110,202316_x_at,UBE4B,10277.0
111,202317_s_at,UBE4B,10277.0
0,202453_s_at,GTF2H1,2965.0
1,202451_at,GTF2H1,2965.0
2,202414_at,BIVM-ERCC5,100533467.0
3,202402_s_at,CARS1,833.0
4,202411_at,IFI27,3429.0
5,202395_at,NSF,4905.0
6,202438_x_at,,
7,202439_s_at,,
8,202386_s_at,MARF1,9665.0
9,202459_s_at,LPIN2,9663.0
10,202460_s_at,LPIN2,9663.0
11,202407_s_at,PRPF31,26121.0
12,202408_s_at,PRPF31,26121.0
13,202376_at,,
14,202449_s_at,RXRA,6256.0
15,202426_s_at,RXRA,6256.0
16,202399_s_at,ARPIN-AP3S2,100526783.0
17,202398_at,ARPIN-AP3S2,100526783.0
18,202397_at,NUTF2P2,
19,202390_s_at,MSANTD1,345222.0
20,202389_s_at,HTT,3064.0
21,202390_s_at,HTT,3064.0
22,202396_at,,
23,202387_at,BAG1,573.0
24,202431_s_at,MYC,4609.0
25,202381_at,ADAM9,8754.0
26,202410_x_at,INS-IGF2,723961.0
27,202414_at,ERCC5,2073.0
28,202377_at,LEPROT,54741.0
29,202378_s_at,LEPROT,54741.0
30,202418_at,YIF1A,10897.0
31,202383_at,KDM5C,8242.0
32,202419_at,KDSR,2531.0
33,202393_s_at,KLF10,7071.0
34,202461_at,EIF2B2,8892.0
35,202409_at,IGF2,3481.0
36,202410_x_at,IGF2,3481.0
37,202409_at,,
38,202410_x_at,,
39,202375_at,SEC24D,9871.0
40,202438_x_at,IDS,3423.0
41,202439_s_at,IDS,3423.0
42,202388_at,RGS2,5997.0
43,202467_s_at,COPS2,9318.0
44,202405_at,TIAL1,7073.0
45,202406_s_at,TIAL1,7073.0
46,202464_s_at,PFKFB3,5209.0
47,202442_at,,
48,202384_s_at,TCOF1,6949.0
49,202385_s_at,TCOF1,6949.0
50,202422_s_at,ACSL4,2182.0
51,202401_s_at,SRF,6722.0
52,202400_s_at,SRF,6722.0
53,202462_s_at,DDX46,9879.0
54,202463_s_at,MBD3,53615.0
55,202454_s_at,ERBB3,2065.0
56,202471_s_at,IDH3G,3421.0
57,202470_s_at,CPSF6,11052.0
58,202469_s_at,CPSF6,11052.0
59,202428_x_at,DBI,1622.0
60,202424_at,MAP2K2,5605.0
61,202396_at,TCERG1,10915.0
62,202376_at,SERPINA3,12.0
63,202392_s_at,PISD,23761.0
64,202382_s_at,GNPDA1,10007.0
65,202442_at,AP3S1,1176.0
66,202399_s_at,AP3S2,10239.0
67,202398_at,AP3S2,10239.0
68,202421_at,IGSF3,3321.0
69,202452_at,ZER1,10444.0
70,202456_s_at,ZER1,10444.0
71,202448_s_at,ZER1,10444.0
72,202466_at,TENT4A,11044.0
73,202447_at,DECR1,1666.0
74,202468_s_at,CTNNAL1,8727.0
75,202423_at,KAT6A,7994.0
76,202417_at,KEAP1,9817.0
77,202472_at,MPI,4351.0
78,202445_s_at,NOTCH2,4853.0
79,202443_x_at,NOTCH2,4853.0
80,202432_at,PPP3CB,5532.0
81,202415_s_at,HSPBP1,23640.0
82,202440_s_at,DENND2B,6764.0
83,202425_x_at,PPP3CA,5530.0
84,202457_s_at,PPP3CA,5530.0
85,202429_s_at,PPP3CA,5530.0
86,202391_at,BASP1,10409.0
87,202427_s_at,MPC2,25874.0
88,202444_s_at,ERLIN1,10613.0
89,202441_at,ERLIN1,10613.0
90,202435_s_at,CYP1B1,1545.0
91,202436_s_at,CYP1B1,1545.0
92,202437_s_at,CYP1B1,1545.0
93,202434_s_at,CYP1B1,1545.0
94,202433_at,SLC35B1,10237.0
95,202404_s_at,COL1A2,1278.0
96,202403_s_at,COL1A2,1278.0
97,202397_at,NUTF2,10204.0
98,202458_at,PRSS23,11098.0
99,202374_s_at,RAB3GAP2,25782.0
100,202373_s_at,RAB3GAP2,25782.0
101,202465_at,PCOLCE,5118.0
102,202430_s_at,PLSCR1,5359.0
103,202446_s_at,PLSCR1,5359.0
104,202420_s_at,DHX9,1660.0
105,202416_at,DNAJC7,7266.0
106,202455_at,HDAC5,10014.0
107,202379_s_at,NKTR,4820.0
108,202380_s_at,NKTR,4820.0
109,202394_s_at,ABCF3,55324.0
110,202412_s_at,USP1,7398.0
111,202413_s_at,USP1,7398.0
112,202450_s_at,CTSK,1513.0
0,202519_at,MLXIP,22877.0
1,202533_s_at,DHFRP1,
2,202561_at,TNKS,8658.0
3,202567_at,,
4,202557_at,HSPA13,6782.0
5,202558_s_at,HSPA13,6782.0
6,202522_at,PITPNB,23760.0
7,202547_s_at,ARHGEF7,8874.0
8,202548_s_at,ARHGEF7,8874.0
9,202483_s_at,RANBP1,5902.0
10,202482_x_at,RANBP1,5902.0
11,202488_s_at,,
12,202489_s_at,,
13,202489_s_at,MIR6887,102466205.0
14,202495_at,TBCC,6903.0
15,202505_at,SNRPB2,6629.0
16,202517_at,CRMP1,1400.0
17,202501_at,MAPRE2,10982.0
18,202487_s_at,H2AZ2P1,
19,202536_at,CHMP2B,25978.0
20,202538_s_at,CHMP2B,25978.0
21,202537_s_at,CHMP2B,25978.0
22,202506_at,ITPRID2,6744.0
23,202492_at,,
24,202487_s_at,,
25,202478_at,TRIB2,28951.0
26,202479_s_at,TRIB2,28951.0
27,202550_s_at,VAPB,9217.0
28,202549_at,VAPB,9217.0
29,202485_s_at,MBD2,8932.0
30,202484_s_at,MBD2,8932.0
31,202523_s_at,SPOCK2,9806.0
32,202524_s_at,SPOCK2,9806.0
33,202486_at,AFG3L2,10939.0
34,202491_s_at,ELP1,8518.0
35,202490_at,ELP1,8518.0
36,202504_at,TRIM29,23650.0
37,202570_s_at,DLGAP4,22839.0
38,202571_s_at,DLGAP4,22839.0
39,202572_s_at,DLGAP4,22839.0
40,202503_s_at,PCLAF,9768.0
41,202544_at,GMFB,2764.0
42,202543_s_at,GMFB,2764.0
43,202496_at,,
44,202493_x_at,CSH2,1443.0
45,202493_x_at,CSH1,1442.0
46,202493_x_at,CSH1,1444.0
47,202526_at,SMAD4,4089.0
48,202527_s_at,SMAD4,4089.0
49,202475_at,TMEM147,10430.0
50,202533_s_at,DHFR,1719.0
51,202532_s_at,DHFR,1719.0
52,202534_x_at,DHFR,1719.0
53,202564_x_at,ARL2,402.0
54,202508_s_at,SNAP25,6616.0
55,202507_s_at,SNAP25,6616.0
56,202499_s_at,SLC2A3,6515.0
57,202497_x_at,SLC2A3,6515.0
58,202498_s_at,SLC2A3,6515.0
59,202535_at,FADD,8772.0
60,202566_s_at,SVIL,6840.0
61,202565_s_at,SVIL,6840.0
62,202473_x_at,HCFC1,3054.0
63,202474_s_at,HCFC1,3054.0
64,202559_x_at,CHTOP,26097.0
65,202560_s_at,CHTOP,26097.0
66,202546_at,VAMP8,8673.0
67,202567_at,SNRPD3,6634.0
68,202562_s_at,ERG28,11161.0
69,202563_at,ERG28,11161.0
70,202513_s_at,PPP2R5D,5528.0
71,202500_at,DNAJB2,3300.0
72,202530_at,MAPK14,1432.0
73,202541_at,AIMP1,9255.0
74,202542_s_at,AIMP1,9255.0
75,202494_at,PPIE,10450.0
76,202518_at,BCL7B,9275.0
77,202515_at,DLG1,1739.0
78,202516_s_at,DLG1,1739.0
79,202514_at,DLG1,1739.0
80,202509_s_at,TNFAIP2,7127.0
81,202510_s_at,TNFAIP2,7127.0
82,202520_s_at,MLH1,4292.0
83,202529_at,PRPSAP1,5635.0
84,202545_at,PRKCD,5580.0
85,202511_s_at,ATG5,9474.0
86,202512_s_at,ATG5,9474.0
87,202569_s_at,MARK3,4140.0
88,202488_s_at,FXYD3,5349.0
89,202489_s_at,FXYD3,5349.0
90,202492_at,ATG9A,79065.0
91,202553_s_at,SYF2,25949.0
92,202531_at,IRF1,3659.0
93,202539_s_at,HMGCR,3156.0
94,202540_s_at,HMGCR,3156.0
95,202521_at,CTCF,10664.0
96,202477_s_at,TUBGCP2,10844.0
97,202476_s_at,TUBGCP2,10844.0
98,202480_s_at,DEDD,9191.0
99,202525_at,PRSS8,5652.0
100,202554_s_at,GSTM3,2947.0
101,202496_at,EDC4,23644.0
102,202481_at,DHRS3,9249.0
103,202487_s_at,H2AZ2,94239.0
104,202556_s_at,MCRS1,10445.0
105,202555_s_at,MYLK,4638.0
106,202502_at,ACADM,34.0
107,202528_at,GALE,2582.0
108,202551_s_at,CRIM1,51232.0
109,202552_s_at,CRIM1,51232.0
0,202599_s_at,NRIP1,8204.0
1,202600_s_at,NRIP1,8204.0
2,202651_at,,
3,202594_at,LEPROTL1,23484.0
4,202595_s_at,LEPROTL1,23484.0
5,202671_s_at,PDXK,8566.0
6,202589_at,TYMS,7298.0
7,202587_s_at,,
8,202588_at,,
9,202617_s_at,MECP2,4204.0
10,202616_s_at,MECP2,4204.0
11,202618_s_at,MECP2,4204.0
12,202579_x_at,HMGN4,10473.0
13,202592_at,,
14,202624_s_at,CABIN1,23523.0
15,202581_at,HSPA1B,3304.0
16,202667_s_at,SLC39A7,7922.0
17,202669_s_at,EFNB2,1948.0
18,202668_at,EFNB2,1948.0
19,202610_s_at,MED14,9282.0
20,202611_s_at,MED14,9282.0
21,202612_s_at,MED14,9282.0
22,202661_at,ITPR2,3709.0
23,202660_at,ITPR2,3709.0
24,202662_s_at,ITPR2,3709.0
25,202661_at,,
26,202655_at,MANF,7873.0
27,202623_at,EAPP,55837.0
28,202639_s_at,RANBP3,8498.0
29,202640_s_at,RANBP3,8498.0
30,202615_at,GNAQ,2776.0
31,202591_s_at,SSBP1,6742.0
32,202635_s_at,POLR2K,5440.0
33,202634_at,POLR2K,5440.0
34,202670_at,MAP2K1,5604.0
35,202641_at,ARL3,403.0
36,202632_at,DPH1,1801.0
37,202632_at,OVCA2,124641.0
38,202578_s_at,,
39,202576_s_at,,
40,202577_s_at,,
41,202585_s_at,NFX1,4799.0
42,202584_at,NFX1,4799.0
43,202642_s_at,TRRAP,8295.0
44,202659_at,,
45,202592_at,BLOC1S1,2647.0
46,202580_x_at,FOXM1,2305.0
47,202649_x_at,RPS19,6223.0
48,202637_s_at,ICAM1,3383.0
49,202638_s_at,ICAM1,3383.0
50,202604_x_at,ADAM10,102.0
51,202603_at,ADAM10,102.0
52,202593_s_at,GDE1,51573.0
53,202586_at,POLR2L,5441.0
54,202621_at,IRF3,3661.0
55,202601_s_at,HTATSF1,27336.0
56,202602_s_at,HTATSF1,27336.0
57,202666_s_at,ACTL6A,86.0
58,202587_s_at,AK1,203.0
59,202588_at,AK1,203.0
60,202629_at,APPBP2,10513.0
61,202631_s_at,APPBP2,10513.0
62,202630_at,APPBP2,10513.0
63,202672_s_at,ATF3,467.0
64,202574_s_at,CSNK1G2,1455.0
65,202573_at,CSNK1G2,1455.0
66,202612_s_at,CXorf38,159013.0
67,202652_at,APBB1,322.0
68,202659_at,PSMB10,5699.0
69,202664_at,WIPF1,7456.0
70,202663_at,WIPF1,7456.0
71,202665_s_at,WIPF1,7456.0
72,202626_s_at,LYN,4067.0
73,202625_at,LYN,4067.0
74,202575_at,CRABP2,1382.0
75,202578_s_at,DDX19A,55308.0
76,202576_s_at,DDX19A,55308.0
77,202577_s_at,DDX19A,55308.0
78,202576_s_at,DDX19B,11269.0
79,202647_s_at,NRAS,4893.0
80,202628_s_at,SERPINE1,5054.0
81,202627_s_at,SERPINE1,5054.0
82,202614_at,SLC30A9,10463.0
83,202583_s_at,RANBP9,10048.0
84,202582_s_at,RANBP9,10048.0
85,202608_s_at,NDST1,3340.0
86,202607_at,NDST1,3340.0
87,202605_at,GUSB,2990.0
88,202633_at,TOPBP1,11073.0
89,202622_s_at,ATXN2,6311.0
90,202609_at,EPS8,2059.0
91,202619_s_at,PLOD2,5352.0
92,202620_s_at,PLOD2,5352.0
93,202636_at,RNF103,7844.0
94,202643_s_at,TNFAIP3,7128.0
95,202644_s_at,TNFAIP3,7128.0
96,202596_at,ENSA,2029.0
97,202650_s_at,TMEM94,9772.0
98,202645_s_at,MEN1,4221.0
99,202597_at,IRF6,3664.0
100,202656_s_at,SERTAD2,9792.0
101,202657_s_at,SERTAD2,9792.0
102,202590_s_at,PDK2,5164.0
103,202653_s_at,MARCHF7,64844.0
104,202654_x_at,MARCHF7,64844.0
105,202606_s_at,TLK1,9874.0
106,202613_at,CTPS1,1503.0
107,202651_at,LPGAT1,9926.0
108,202658_at,PEX11B,8799.0
109,202598_at,S100A13,6284.0
0,202725_at,POLR2A,5430.0
1,202703_at,DUSP11,8446.0
2,202723_s_at,,
3,202749_at,GET1,7485.0
4,202674_s_at,LMO7,4008.0
5,202684_s_at,RNMT,8731.0
6,202683_s_at,RNMT,8731.0
7,202701_at,BMP1,649.0
8,202757_at,NELFB,25920.0
9,202752_x_at,SLC7A8,23428.0
10,202713_s_at,,
11,202752_x_at,,
12,202711_at,EFNB1,1947.0
13,202766_s_at,FBN1,2200.0
14,202765_s_at,FBN1,2200.0
15,202716_at,PTPN1,5770.0
16,202740_at,ABHD14A-ACY1,100526760.0
17,202750_s_at,TFIP11,24144.0
18,202751_at,TFIP11,24144.0
19,202702_at,TRIM26,7726.0
20,202679_at,NPC1,4864.0
21,202761_s_at,SYNE2,23224.0
22,202768_at,FOSB,2354.0
23,202717_s_at,CDC16,8881.0
24,202723_s_at,FOXO1,2308.0
25,202724_s_at,FOXO1,2308.0
26,202759_s_at,PALM2AKAP2,445815.0
27,202760_s_at,PALM2AKAP2,445815.0
28,202689_at,RBM15B,29890.0
29,202690_s_at,SNRPD1,6632.0
30,202691_at,SNRPD1,6632.0
31,202747_s_at,ITM2A,9452.0
32,202746_at,ITM2A,9452.0
33,202708_s_at,H2BC21,8349.0
34,202692_s_at,MIR6782,102465469.0
35,202686_s_at,AXL,558.0
36,202685_s_at,AXL,558.0
37,202696_at,OXSR1,9943.0
38,202705_at,CCNB2,9133.0
39,202697_at,,
40,202771_at,MIR4722,100616167.0
41,202710_at,BET1,10282.0
42,202678_at,GTF2A2,2958.0
43,202680_at,GTF2E2,2961.0
44,202712_s_at,CKMT1B,1159.0
45,202712_s_at,CKMT1B,548596.0
46,202713_s_at,PRORP,9692.0
47,202714_s_at,PRORP,9692.0
48,202712_s_at,CKMT1A,1159.0
49,202712_s_at,CKMT1A,548596.0
50,202732_at,PKIG,11142.0
51,202733_at,P4HA2,8974.0
52,202758_s_at,RFXANK,8625.0
53,202734_at,TRIP10,9322.0
54,202767_at,ACP2,53.0
55,202673_at,DPM1,8813.0
56,202715_at,CAD,790.0
57,202718_at,IGFBP2,3485.0
58,202697_at,NUDT21,11051.0
59,202771_at,PIEZO1,9780.0
60,202745_at,USP8,9101.0
61,202735_at,EBP,10682.0
62,202742_s_at,PRKACB,5567.0
63,202741_at,PRKACB,5567.0
64,202737_s_at,LSM4,25804.0
65,202736_s_at,LSM4,25804.0
66,202707_at,UMPS,7372.0
67,202706_s_at,UMPS,7372.0
68,202744_at,SLC20A2,6575.0
69,202770_s_at,CCNG2,901.0
70,202769_at,CCNG2,901.0
71,202727_s_at,IFNGR1,3459.0
72,202756_s_at,GPC1,2817.0
73,202755_s_at,GPC1,2817.0
74,202675_at,SDHB,6390.0
75,202677_at,RASA1,5921.0
76,202693_s_at,STK17A,9263.0
77,202694_at,STK17A,9263.0
78,202695_s_at,STK17A,9263.0
79,202764_at,STIM1,6786.0
80,202762_at,ROCK2,9475.0
81,202731_at,PDCD4,27250.0
82,202730_s_at,PDCD4,27250.0
83,202704_at,TOB1,10140.0
84,202720_at,TES,26136.0
85,202719_s_at,TES,26136.0
86,202740_at,ACY1,95.0
87,202726_at,LIG1,3978.0
88,202763_at,CASP3,836.0
89,202753_at,PSMD6,9861.0
90,202676_x_at,FASTK,10922.0
91,202698_x_at,COX4I1,1327.0
92,202738_s_at,PHKB,5257.0
93,202739_s_at,PHKB,5257.0
94,202728_s_at,LTBP1,4052.0
95,202729_s_at,LTBP1,4052.0
96,202681_at,USP4,7375.0
97,202682_s_at,USP4,7375.0
98,202692_s_at,UBTF,7343.0
99,202722_s_at,GFPT1,2673.0
100,202721_s_at,GFPT1,2673.0
101,202688_at,TNFSF10,8743.0
102,202687_s_at,TNFSF10,8743.0
103,202699_s_at,TMEM63A,9725.0
104,202700_s_at,TMEM63A,9725.0
105,202743_at,PIK3R3,8503.0
106,202709_at,FMOD,2331.0
107,202754_at,R3HDM1,23518.0
108,202772_at,HMGCL,3155.0
109,202748_at,GBP2,2634.0
0,202829_s_at,VAMP7,6845.0
1,202790_at,CLDN7,1366.0
2,202847_at,PCK2,5106.0
3,202830_s_at,SLC37A4,2542.0
4,202812_at,GAA,2548.0
5,202858_at,,102724594.0
6,202836_s_at,TXNL4A,10907.0
7,202835_at,TXNL4A,10907.0
8,202833_s_at,SERPINA1,5265.0
9,202795_x_at,TRIOBP,11078.0
10,202858_at,U2AF1,7307.0
11,202858_at,U2AF1,102724594.0
12,202804_at,ABCC1,4363.0
13,202805_s_at,ABCC1,4363.0
14,202840_at,TAF15,8148.0
15,202809_s_at,INTS3,65123.0
16,202809_s_at,SLC27A3,11000.0
17,202778_s_at,ZMYM2,7750.0
18,202785_at,,
19,202831_at,GPX2,2877.0
20,202802_at,,
21,202844_s_at,RALBP1,10928.0
22,202845_s_at,RALBP1,10928.0
23,202869_at,OAS1,4938.0
24,202857_at,,
25,202789_at,PLCG1,5335.0
26,202803_s_at,ITGB2,3689.0
27,202776_at,DNTTIP2,30836.0
28,202859_x_at,CXCL8,3576.0
29,202801_at,PRKACA,5566.0
30,202816_s_at,SS18,6760.0
31,202817_s_at,SS18,6760.0
32,202808_at,WBP1L,54838.0
33,202808_at,WBP1L,102724307.0
34,202810_at,DRG1,4733.0
35,202827_s_at,MMP14,4323.0
36,202828_s_at,MMP14,4323.0
37,202807_s_at,TOM1,10043.0
38,202779_s_at,UBE2SP2,
39,202868_s_at,POP4,10775.0
40,202815_s_at,HEXIM1,10614.0
41,202814_s_at,HEXIM1,10614.0
42,202779_s_at,UBE2S,27338.0
43,202779_s_at,UBE2SP1,
44,202834_at,AGT,183.0
45,202871_at,TRAF4,9618.0
46,202799_at,CLPP,8192.0
47,202839_s_at,NDUFB7,4713.0
48,202785_at,NDUFA7,4701.0
49,202826_at,SPINT1,6692.0
50,202843_at,DNAJB9,4189.0
51,202842_s_at,DNAJB9,4189.0
52,202792_s_at,PPP6R2,9701.0
53,202791_s_at,PPP6R2,9701.0
54,202777_at,SHOC2,8036.0
55,202824_s_at,ELOC,6921.0
56,202823_at,ELOC,6921.0
57,202773_s_at,SFSWAP,6433.0
58,202774_s_at,SFSWAP,6433.0
59,202775_s_at,SFSWAP,6433.0
60,202852_s_at,AAGAB,79719.0
61,202851_at,AAGAB,79719.0
62,202872_at,ATP6V1C1,528.0
63,202841_x_at,OGFR,11054.0
64,202796_at,MYOZ3,91977.0
65,202825_at,SLC25A4,291.0
66,202796_at,SYNPO,11346.0
67,202806_at,DBN1,1627.0
68,202798_at,SEC24B,10427.0
69,202854_at,HPRT1,3251.0
70,202853_s_at,RYK,6259.0
71,202862_at,FAH,2184.0
72,202848_s_at,GRK6,2870.0
73,202849_x_at,GRK6,2870.0
74,202802_at,DHPS,1725.0
75,202819_s_at,ELOA,6924.0
76,202818_s_at,ELOA,6924.0
77,202861_at,PER1,5187.0
78,202860_at,DENND4B,9909.0
79,202870_s_at,CDC20,991.0
80,202821_s_at,LPP,4026.0
81,202822_at,LPP,4026.0
82,202800_at,SLC1A3,6507.0
83,202783_at,NNT,23530.0
84,202784_s_at,NNT,23530.0
85,202793_at,LPCAT3,10162.0
86,202856_s_at,SLC16A3,9123.0
87,202855_s_at,SLC16A3,9123.0
88,202866_at,DNAJB12,54788.0
89,202865_at,DNAJB12,54788.0
90,202867_s_at,DNAJB12,54788.0
91,202780_at,OXCT1,5019.0
92,202813_at,TARBP1,6894.0
93,202837_at,TRAFD1,10906.0
94,202786_at,STK39,27347.0
95,202832_at,GCC2,9648.0
96,202820_at,AHR,196.0
97,202857_at,CNPY2,10330.0
98,202794_at,INPP1,3628.0
99,202864_s_at,SP100,6672.0
100,202863_at,SP100,6672.0
101,202781_s_at,INPP5K,51763.0
102,202782_s_at,INPP5K,51763.0
103,202811_at,STAMBP,10617.0
104,202787_s_at,MAPKAPK3,7867.0
105,202788_at,MAPKAPK3,7867.0
106,202846_s_at,PIGC,5279.0
107,202797_at,SACM1L,22908.0
108,202838_at,FUCA1,2517.0
109,202850_at,ABCD3,5825.0
0,202941_at,,
1,202946_s_at,BTBD3,22903.0
2,202925_s_at,PLAGL2,5326.0
3,202924_s_at,PLAGL2,5326.0
4,202895_s_at,SIRPAP1,
5,202896_s_at,SIRPAP1,
6,202937_x_at,RRP7BP,
7,202929_s_at,,
8,202962_at,KIF13B,23303.0
9,202878_s_at,CD93,22918.0
10,202877_s_at,CD93,22918.0
11,202929_s_at,DDTL,100037417.0
12,202929_s_at,DDT,1652.0
13,202929_s_at,DDT,100037417.0
14,202952_s_at,ADAM12,8038.0
15,202930_s_at,SUCLA2,8803.0
16,202875_s_at,,
17,202875_s_at,PBX2,5089.0
18,202876_s_at,PBX2,5089.0
19,202941_at,NDUFV2P1,
20,202875_s_at,PBX2P1,
21,202932_at,YES1,7525.0
22,202933_s_at,YES1,7525.0
23,2028_s_at,E2F1,1869.0
24,202954_at,UBE2C,11065.0
25,202928_s_at,PHF1,5252.0
26,202918_s_at,HSPE1-MOB4,100529241.0
27,202965_s_at,CAPN6,827.0
28,202966_at,CAPN6,827.0
29,202941_at,NDUFV2,4729.0
30,202881_x_at,,
31,202937_x_at,RRP7A,27341.0
32,202887_s_at,DDIT4,54541.0
33,202913_at,MIR765,768220.0
34,202914_s_at,MIR765,768220.0
35,202923_s_at,GCLC,2729.0
36,202922_at,GCLC,2729.0
37,202882_x_at,NOL7,51406.0
38,202909_at,EPM2AIP1,9852.0
39,202956_at,ARFGEF1,10565.0
40,202955_s_at,ARFGEF1,10565.0
41,202945_at,FPGS,2356.0
42,202944_at,NAGA,4668.0
43,202943_s_at,NAGA,4668.0
44,202927_at,PIN1,5300.0
45,202971_s_at,DYRK2,8445.0
46,202969_at,DYRK2,8445.0
47,202968_s_at,DYRK2,8445.0
48,202970_at,DYRK2,8445.0
49,202899_s_at,SRSF3,6428.0
50,202884_s_at,PPP2R1B,5519.0
51,202885_s_at,PPP2R1B,5519.0
52,202883_s_at,PPP2R1B,5519.0
53,202886_s_at,PPP2R1B,5519.0
54,202958_at,PTPN9,5780.0
55,202940_at,WNK1,65125.0
56,202895_s_at,SIRPA,140885.0
57,202897_at,SIRPA,140885.0
58,202896_s_at,SIRPA,140885.0
59,202874_s_at,ATP6V1C1,528.0
60,202873_at,ATP6V1C1,528.0
61,202935_s_at,SOX9,6662.0
62,202936_s_at,SOX9,6662.0
63,202904_s_at,LSM5,23658.0
64,202903_at,LSM5,23658.0
65,202939_at,ZMPSTE24,10269.0
66,202918_s_at,MOB4,25843.0
67,202919_at,MOB4,25843.0
68,202893_at,UNC13B,10497.0
69,202911_at,MSH6,2956.0
70,202910_s_at,ADGRE5,976.0
71,202960_s_at,MMUT,4594.0
72,202959_at,MMUT,4594.0
73,202967_at,GSTA4,2941.0
74,202908_at,WFS1,7466.0
75,202905_x_at,NBN,4683.0
76,202906_s_at,NBN,4683.0
77,202907_s_at,NBN,4683.0
78,202888_s_at,ANPEP,290.0
79,202879_s_at,CYTH1,9267.0
80,202880_s_at,CYTH1,9267.0
81,202892_at,CDC23,8697.0
82,202898_at,SDC3,9672.0
83,202890_at,MAP7,9053.0
84,202889_x_at,MAP7,9053.0
85,202920_at,ANK2,287.0
86,202921_s_at,ANK2,287.0
87,202891_at,NIT1,4817.0
88,202900_s_at,NUP88,4927.0
89,202964_s_at,RFX5,5993.0
90,202963_at,RFX5,5993.0
91,202961_s_at,ATP5MF,9551.0
92,202951_at,STK38,11329.0
93,202942_at,ETFB,2109.0
94,202950_at,CRYZ,1429.0
95,202912_at,ADM,133.0
96,202957_at,HCLS1,3059.0
97,202926_at,NBAS,51594.0
98,202894_at,EPHB4,2050.0
99,202953_at,C1QB,713.0
100,202948_at,IL1R1,3554.0
101,202917_s_at,S100A8,6279.0
102,202913_at,ARHGEF11,9826.0
103,202914_s_at,ARHGEF11,9826.0
104,202915_s_at,FAM20B,9917.0
105,202916_s_at,FAM20B,9917.0
106,202934_at,HK2,3099.0
107,202901_x_at,CTSS,1520.0
108,202902_s_at,CTSS,1520.0
109,202949_s_at,FHL2,2274.0
110,202947_s_at,GYPC,2995.0
0,203043_at,ZBED1,9189.0
1,203004_s_at,MEF2D,4209.0
2,203003_at,MEF2D,4209.0
3,203021_at,SLPI,6590.0
4,203014_x_at,,
5,203063_at,PPM1F,9647.0
6,203034_s_at,,
7,203039_s_at,NDUFS1,4719.0
8,202982_s_at,ACOT1,641371.0
9,203022_at,THSD8,111644133.0
10,203038_at,PTPRK,5796.0
11,203012_x_at,RPL23AP65,
12,202996_at,,
13,203034_s_at,SNORA3A,619562.0
14,203062_s_at,MDC1,9656.0
15,203061_s_at,MDC1,9656.0
16,203052_at,C2,717.0
17,202995_s_at,FBLN1,2192.0
18,202994_s_at,FBLN1,2192.0
19,203012_x_at,RPL23AP42,
20,203025_at,NAA10,8260.0
21,203036_s_at,MTSS1,9788.0
22,203037_s_at,MTSS1,9788.0
23,202982_s_at,ACOT2,10965.0
24,202986_at,ARNT2,9915.0
25,203001_s_at,STMN2,11075.0
26,203000_at,STMN2,11075.0
27,202977_s_at,CREBZF,58487.0
28,202978_s_at,CREBZF,58487.0
29,202979_s_at,CREBZF,58487.0
30,203020_at,RABGAP1L,9910.0
31,203024_s_at,C5orf15,56951.0
32,202990_at,PYGL,5836.0
33,203068_at,KLHL21,9903.0
34,203047_at,STK10,6793.0
35,203013_at,ECD,11319.0
36,203056_s_at,PRDM2,7799.0
37,203057_s_at,PRDM2,7799.0
38,203014_x_at,SGSM3,27352.0
39,203011_at,IMPA1,3612.0
40,203002_at,AMOTL2,51421.0
41,203030_s_at,PTPRN2,5799.0
42,203029_s_at,PTPRN2,5799.0
43,202983_at,HLTF,6596.0
44,203022_at,RNASEH2A,10535.0
45,203041_s_at,LAMP2,3920.0
46,203042_at,LAMP2,3920.0
47,203023_at,NOP16,51491.0
48,203034_s_at,RPL27A,6157.0
49,203007_x_at,LYPLA1,10434.0
50,203054_s_at,TCTA,6988.0
51,202974_at,MPP1,4354.0
52,203045_at,NINJ1,4814.0
53,203009_at,BCAM,4059.0
54,203058_s_at,PAPSS2,9060.0
55,203059_s_at,PAPSS2,9060.0
56,203060_s_at,PAPSS2,9060.0
57,202987_at,TRAF3IP2,10758.0
58,203026_at,ZBTB5,9925.0
59,203071_at,SEMA3B,7869.0
60,203065_s_at,CAV1,857.0
61,202980_s_at,SIAH1,6477.0
62,202981_x_at,SIAH1,6477.0
63,203051_at,BAHD1,22893.0
64,202996_at,POLD4,57804.0
65,202988_s_at,RGS1,5996.0
66,202984_s_at,BAG5,9529.0
67,202985_s_at,BAG5,9529.0
68,202973_x_at,FAM13A,10144.0
69,202972_s_at,FAM13A,10144.0
70,203066_at,CHST15,51363.0
71,203012_x_at,RPL23A,6147.0
72,203055_s_at,ARHGEF1,9138.0
73,202993_at,ILVBL,10994.0
74,203050_at,TP53BP1,7158.0
75,202975_s_at,RHOBTB3,22836.0
76,202976_s_at,RHOBTB3,22836.0
77,202998_s_at,LOXL2,4017.0
78,202997_s_at,LOXL2,4017.0
79,202999_s_at,LOXL2,4017.0
80,203044_at,CHSY1,22856.0
81,203031_s_at,UROS,7390.0
82,203067_at,PDHX,8050.0
83,203010_at,STAT5A,6776.0
84,203048_s_at,SKIC3,9652.0
85,203049_s_at,SKIC3,9652.0
86,203064_s_at,FOXK2,3607.0
87,203005_at,LTBR,4055.0
88,203027_s_at,MVD,4597.0
89,203006_at,INPP5A,3632.0
90,202992_at,C7,730.0
91,203016_s_at,SSX2IP,117178.0
92,203018_s_at,SSX2IP,117178.0
93,203015_s_at,SSX2IP,117178.0
94,203019_x_at,SSX2IP,117178.0
95,203017_s_at,SSX2IP,117178.0
96,203040_s_at,HMBS,3145.0
97,203069_at,SV2A,9900.0
98,203028_s_at,CYBA,1535.0
99,203046_s_at,TIMELESS,8914.0
100,203035_s_at,PIAS3,10401.0
101,202991_at,STARD3,10948.0
102,203008_x_at,TXNDC9,10190.0
103,203032_s_at,FH,2271.0
104,203033_x_at,FH,2271.0
105,203053_at,BCAS2,10286.0
0,203107_x_at,RPS2,6187.0
1,203107_x_at,SNORA10,574042.0
2,203107_x_at,SNORA64,26784.0
3,203126_at,IMPA2,3613.0
4,203156_at,AKAP11,11215.0
5,203138_at,HAT1,8520.0
6,203122_at,TRAPPC12,51112.0
7,203153_at,IFIT1,3434.0
8,203129_s_at,KIF5C,3800.0
9,203132_at,RB1,5925.0
10,203102_s_at,MGAT2,4247.0
11,203101_s_at,MGAT2,4247.0
12,203151_at,MAP1A,4130.0
13,203152_at,MRPL40,64976.0
14,203146_s_at,GABBR1,2550.0
15,203136_at,,
16,203168_at,TNXB,7148.0
17,203168_at,ATF6B,1388.0
18,203130_s_at,KIF5C,3800.0
19,203107_x_at,RPS2P5,
20,203140_at,BCL6,604.0
21,203114_at,,
22,203074_at,ANXA8,653145.0
23,203133_at,SEC61B,10952.0
24,203119_at,CCDC86,79080.0
25,203107_x_at,RPS2P46,
26,203076_s_at,SMAD2,4087.0
27,203075_at,SMAD2,4087.0
28,203077_s_at,SMAD2,4087.0
29,203171_s_at,RRP8,23378.0
30,203170_at,RRP8,23378.0
31,203072_at,MYO1E,4643.0
32,203136_at,RABAC1,10567.0
33,203087_s_at,KIF2A,3796.0
34,203086_at,KIF2A,3796.0
35,203096_s_at,RAPGEF2,9693.0
36,203097_s_at,RAPGEF2,9693.0
37,203114_at,ZNRD2,10534.0
38,203116_s_at,FECH,2235.0
39,203115_at,FECH,2235.0
40,203103_s_at,PRPF19,27339.0
41,203094_at,MAD2L1BP,9587.0
42,203172_at,FXR2,9513.0
43,203089_s_at,HTRA2,27429.0
44,203109_at,UBE2M,9040.0
45,203099_s_at,CDYL,9425.0
46,203100_s_at,CDYL,9425.0
47,203098_at,CDYL,9425.0
48,203135_at,TBP,6908.0
49,203166_at,CFDP1,10428.0
50,203080_s_at,BAZ2B,29994.0
51,203128_at,SPTLC2,9517.0
52,203127_s_at,SPTLC2,9517.0
53,203074_at,ANXA8L1,728113.0
54,203149_at,NECTIN2,5819.0
55,203110_at,PTK2B,2185.0
56,203111_s_at,PTK2B,2185.0
57,203120_at,TP53BP2,7159.0
58,203090_at,SDF2,6388.0
59,203148_s_at,TRIM14,9830.0
60,203147_s_at,TRIM14,9830.0
61,203108_at,GPRC5A,9052.0
62,203145_at,SPAG5,10615.0
63,203139_at,DAPK1,1612.0
64,203105_s_at,DNM1L,10059.0
65,203160_s_at,RNF8,9025.0
66,203161_s_at,RNF8,9025.0
67,203169_at,RGP1,9827.0
68,203131_at,PDGFRA,5156.0
69,203155_at,SETDB1,9869.0
70,203141_s_at,AP3B1,8546.0
71,203142_s_at,AP3B1,8546.0
72,203104_at,CSF1R,1436.0
73,203088_at,FBLN5,10516.0
74,203118_at,PCSK7,9159.0
75,203092_at,TIMM44,10469.0
76,203093_s_at,TIMM44,10469.0
77,203150_at,RABEPK,10244.0
78,203106_s_at,VPS41,27072.0
79,203117_s_at,PAN2,9924.0
80,203162_s_at,KATNB1,10300.0
81,203163_at,KATNB1,10300.0
82,203112_s_at,NELFA,7469.0
83,203154_s_at,PAK4,10298.0
84,203082_at,BMS1,9790.0
85,203085_s_at,TGFB1,7040.0
86,203084_at,TGFB1,7040.0
87,203078_at,CUL2,8453.0
88,203079_s_at,CUL2,8453.0
89,203083_at,THBS2,7058.0
90,203137_at,WTAP,9589.0
91,203158_s_at,GLS,2744.0
92,203159_at,GLS,2744.0
93,203157_s_at,GLS,2744.0
94,203125_x_at,SLC11A2,4891.0
95,203123_s_at,SLC11A2,4891.0
96,203124_s_at,SLC11A2,4891.0
97,203165_s_at,SLC33A1,9197.0
98,203164_at,SLC33A1,9197.0
99,203095_at,MTIF2,4528.0
100,203144_s_at,KIAA0040,9674.0
101,203143_s_at,KIAA0040,9674.0
102,203167_at,TIMP2,7077.0
103,203081_at,CTNNBIP1,56998.0
104,203091_at,FUBP1,8880.0
105,203073_at,COG2,22796.0
0,203244_at,PEX5,5830.0
1,203240_at,FCGBP,8857.0
2,203239_s_at,CNOT3,4849.0
3,203198_at,CDK9,1025.0
4,203229_s_at,CLK2,1196.0
5,203179_at,,
6,203237_s_at,MIR6795,102465476.0
7,203224_at,RFK,55312.0
8,203225_s_at,RFK,55312.0
9,203231_s_at,ATXN1,6310.0
10,203232_s_at,ATXN1,6310.0
11,203258_at,DRAP1,10589.0
12,203211_s_at,MTMR2,8898.0
13,203212_s_at,MTMR2,8898.0
14,203189_s_at,MIR7113,102465669.0
15,203192_at,,
16,203204_s_at,,
17,203261_at,DCTN6,10671.0
18,203247_s_at,ZNF24,7572.0
19,203248_at,ZNF24,7572.0
20,203196_at,ABCC4,10257.0
21,203254_s_at,TLN1,7094.0
22,203263_s_at,ARHGEF9,23229.0
23,203264_s_at,ARHGEF9,23229.0
24,203178_at,GATM,2628.0
25,203245_s_at,BRD3OS,266655.0
26,203262_s_at,FAM50A,9130.0
27,203188_at,B4GAT1,11041.0
28,203228_at,PAFAH1B3,5050.0
29,203177_x_at,TFAM,7019.0
30,203176_s_at,TFAM,7019.0
31,203272_s_at,TUSC2,11334.0
32,203273_s_at,TUSC2,11334.0
33,203250_at,SCAF8,22828.0
34,203210_s_at,RFC5,5985.0
35,203209_at,RFC5,5985.0
36,203183_s_at,SMARCD1,6602.0
37,203184_at,FBN2,2201.0
38,203238_s_at,NOTCH3,4854.0
39,203237_s_at,NOTCH3,4854.0
40,203214_x_at,CDK1,983.0
41,203213_at,CDK1,983.0
42,203200_s_at,MTRR,4552.0
43,203199_s_at,MTRR,4552.0
44,203220_s_at,TLE1,7088.0
45,203221_at,TLE1,7088.0
46,203222_s_at,TLE1,7088.0
47,203259_s_at,HDDC2,51020.0
48,203260_at,HDDC2,51020.0
49,203203_s_at,KRR1,11103.0
50,203202_at,KRR1,11103.0
51,203252_at,CDK2AP2,10263.0
52,203174_s_at,ARFRP1,10139.0
53,203219_s_at,APRT,353.0
54,203218_at,MAPK9,5601.0
55,203257_s_at,CSTPP1,79096.0
56,203256_at,CDH3,1001.0
57,203185_at,RASSF2,9770.0
58,203180_at,ALDH1A3,220.0
59,203215_s_at,MYO6,4646.0
60,203216_s_at,MYO6,4646.0
61,203194_s_at,NUP98,4928.0
62,203195_s_at,NUP98,4928.0
63,203181_x_at,SRPK2,6733.0
64,203182_s_at,SRPK2,6733.0
65,203206_at,FAM53B,9679.0
66,203269_at,NSMAF,8439.0
67,203175_at,RHOG,391.0
68,203271_s_at,UNC119,9094.0
69,203235_at,THOP1,7064.0
70,203189_s_at,NDUFS8,4728.0
71,203190_at,NDUFS8,4728.0
72,203233_at,IL4R,3566.0
73,203197_s_at,CZIB,54987.0
74,203270_at,DTYMK,1841.0
75,203266_s_at,MAP2K4,6416.0
76,203265_s_at,MAP2K4,6416.0
77,203179_at,GALT,2592.0
78,203207_s_at,MTFR1,9650.0
79,203208_s_at,MTFR1,9650.0
80,203253_s_at,PPIP5K2,23262.0
81,203187_at,DOCK1,1793.0
82,203255_at,FBXO11,80204.0
83,203223_at,RABEP1,9135.0
84,203236_s_at,LGALS9,3965.0
85,203236_s_at,LGALS9,654346.0
86,203173_s_at,VPS35L,57020.0
87,203243_s_at,PDLIM5,10611.0
88,203242_s_at,PDLIM5,10611.0
89,203226_s_at,TSPAN31,6302.0
90,203227_s_at,TSPAN31,6302.0
91,203186_s_at,S100A4,6275.0
92,203234_at,UPP1,7378.0
93,203201_at,PMM2,5373.0
94,203193_at,ESRRA,2101.0
95,203246_s_at,NPRL2,10641.0
96,203241_at,UVRAG,7405.0
97,203249_at,EZH1,2145.0
98,203192_at,ABCB6,10058.0
99,203204_s_at,KDM4A,9682.0
100,203205_at,KDM4A,9682.0
101,203267_s_at,DRG2,1819.0
102,203268_s_at,DRG2,1819.0
103,203230_at,DVL1,1855.0
104,203217_s_at,ST3GAL5,8869.0
0,203314_at,GTPBP6,8225.0
1,203331_s_at,INPP5D,3635.0
2,203332_s_at,INPP5D,3635.0
3,203292_s_at,VPS11,55823.0
4,203329_at,PTPRM,5797.0
5,203274_at,F8A3,474384.0
6,203367_at,DUSP14,11072.0
7,203274_at,F8A1,8263.0
8,203274_at,F8A2,474383.0
9,203344_s_at,RBBP8,5932.0
10,203313_s_at,TGIF1,7050.0
11,203321_s_at,ADNP2,22850.0
12,203322_at,ADNP2,22850.0
13,203288_at,GARRE1,9710.0
14,203339_at,SLC25A12,8604.0
15,203340_s_at,SLC25A12,8604.0
16,203355_s_at,PSD3,23362.0
17,203354_s_at,PSD3,23362.0
18,203366_at,POLG,5428.0
19,203316_s_at,SNRPEP2,
20,203303_at,DYNLT3,6990.0
21,203330_s_at,,
22,203306_s_at,,
23,203279_at,EDEM1,9695.0
24,203307_at,GNL1,2794.0
25,203316_s_at,SNRPEP4,
26,203353_s_at,MBD1,4152.0
27,203342_at,TIMM17B,10245.0
28,203360_s_at,,
29,203359_s_at,,
30,203281_s_at,MIR5193,100847079.0
31,203290_at,HLA-DQA2,3117.0
32,203290_at,HLA-DQA2,3118.0
33,203368_at,,
34,203311_s_at,ARF6,382.0
35,203312_x_at,ARF6,382.0
36,203299_s_at,AP1S2,8905.0
37,203300_x_at,AP1S2,8905.0
38,203294_s_at,LMAN1,3998.0
39,203293_s_at,LMAN1,3998.0
40,203280_at,SAFB2,9667.0
41,203284_s_at,HS2ST1,9653.0
42,203283_s_at,HS2ST1,9653.0
43,203285_s_at,HS2ST1,9653.0
44,203276_at,LMNB1,4001.0
45,203290_at,HLA-DQA1,3117.0
46,203330_s_at,STX5,6811.0
47,203338_at,,
48,203333_at,KIFAP3,22920.0
49,203286_at,RNF44,22838.0
50,203335_at,PHYH,5264.0
51,203297_s_at,JARID2,3720.0
52,203298_s_at,JARID2,3720.0
53,203320_at,SH2B3,10019.0
54,203325_s_at,COL5A1,1289.0
55,203349_s_at,ETV5,2119.0
56,203348_s_at,ETV5,2119.0
57,203324_s_at,CAV2,858.0
58,203323_at,CAV2,858.0
59,203291_at,CNOT4,4850.0
60,203362_s_at,MAD2L1,4085.0
61,203282_at,GBE1,2632.0
62,203281_s_at,UBA7,7318.0
63,203370_s_at,PDLIM7,9260.0
64,203369_x_at,PDLIM7,9260.0
65,203358_s_at,EZH2,2146.0
66,203305_at,F13A1,2162.0
67,203341_at,CEBPZ,10153.0
68,203316_s_at,SNRPE,6635.0
69,203306_s_at,SLC35A1,10559.0
70,203275_at,IRF2,3660.0
71,203338_at,PPP2R5E,5529.0
72,203360_s_at,MYCBP,26292.0
73,203359_s_at,MYCBP,26292.0
74,203361_s_at,MYCBP,26292.0
75,203350_at,AP1G1,164.0
76,203343_at,UGDH,7358.0
77,203346_s_at,MTF2,22823.0
78,203347_s_at,MTF2,22823.0
79,203345_s_at,MTF2,22823.0
80,203302_at,DCK,1633.0
81,203368_at,CRELD1,78987.0
82,203289_s_at,NPRL3,8131.0
83,203304_at,BAMBI,25805.0
84,203308_x_at,HPS1,3257.0
85,203309_s_at,HPS1,3257.0
86,203301_s_at,DMTF1,9988.0
87,203277_at,DFFA,1676.0
88,203287_at,LAD1,3898.0
89,203327_at,IDE,3416.0
90,203328_x_at,IDE,3416.0
91,203363_s_at,ATG13,9776.0
92,203364_s_at,ATG13,9776.0
93,203336_s_at,ITGB1BP1,9270.0
94,203337_x_at,ITGB1BP1,9270.0
95,203365_s_at,MMP15,4324.0
96,203278_s_at,PHF21A,51317.0
97,203319_s_at,ZNF148,7707.0
98,203318_s_at,ZNF148,7707.0
99,203334_at,DHX8,1659.0
100,203310_at,STXBP3,6814.0
101,203371_s_at,NDUFB3,4709.0
102,203372_s_at,SOCS2,8835.0
103,203373_at,SOCS2,8835.0
104,203357_s_at,CAPN7,23473.0
105,203356_at,CAPN7,23473.0
106,203317_at,PSD4,23550.0
107,203315_at,NCK2,8440.0
108,203351_s_at,ORC4,5000.0
109,203352_at,ORC4,5000.0
110,203287_at,TNNT2,7139.0
111,203295_s_at,ATP1A2,477.0
112,203296_s_at,ATP1A2,477.0
0,203379_at,RPS6KA1,6195.0
1,203448_s_at,TERF1P1,
2,203448_s_at,TERF1P5,
3,203448_s_at,TERF1P7,
4,203412_at,,
5,203448_s_at,TERF1P4,
6,203456_at,,
7,203405_at,BRWD1,54014.0
8,203455_s_at,SAT1,6303.0
9,203433_at,ST20-MTHFS,100528021.0
10,203451_at,LDB1,8861.0
11,203415_at,,
12,203439_s_at,STC2,8614.0
13,203438_at,STC2,8614.0
14,203412_at,LZTR1,8216.0
15,203403_s_at,RNF6,6049.0
16,203461_at,CHD2,1106.0
17,203422_at,,
18,203419_at,KMT2B,9757.0
19,203391_at,FKBP2,2286.0
20,203391_at,,114841035.0
21,203456_at,PRAF2,11230.0
22,203444_s_at,MTA2,9219.0
23,203399_x_at,PSG3,5671.0
24,203378_at,,
25,203387_s_at,TBC1D4,9882.0
26,203386_at,TBC1D4,9882.0
27,203374_s_at,TPP2,7174.0
28,203375_s_at,TPP2,7174.0
29,203445_s_at,CTDSP2,10106.0
30,203405_at,PSMG1,8624.0
31,203467_at,PMM1,5372.0
32,203433_at,MTHFS,10588.0
33,203449_s_at,TERF1,7013.0
34,203448_s_at,TERF1,7013.0
35,203381_s_at,APOE,348.0
36,203382_s_at,APOE,348.0
37,203450_at,CBY1,25776.0
38,203470_s_at,PLEK,5341.0
39,203471_s_at,PLEK,5341.0
40,203415_at,PDCD6,10016.0
41,203394_s_at,,
42,203393_at,,
43,203396_at,PSMA4,5685.0
44,203432_at,TMPO,7112.0
45,203436_at,RPP30,10556.0
46,203430_at,HEBP2,23593.0
47,203431_s_at,ARHGAP32,9743.0
48,203454_s_at,ATOX1,475.0
49,203428_s_at,ASF1A,25842.0
50,203427_at,ASF1A,25842.0
51,203441_s_at,CDH2,1000.0
52,203440_at,CDH2,1000.0
53,203385_at,DGKA,1606.0
54,203418_at,CCNA2,890.0
55,203400_s_at,TF,7018.0
56,203392_s_at,CTBP1,1487.0
57,203402_at,KCNAB2,8514.0
58,203394_s_at,HES1,3280.0
59,203395_s_at,HES1,3280.0
60,203393_at,HES1,3280.0
61,203410_at,AP3M2,10947.0
62,203429_s_at,SUCO,51430.0
63,203389_at,KIF3C,3797.0
64,203390_s_at,KIF3C,3797.0
65,203423_at,RBP1,5947.0
66,203453_at,SCNN1A,6337.0
67,203458_at,SPR,6697.0
68,203378_at,PCF11,51585.0
69,203408_s_at,SATB1,6304.0
70,203459_s_at,VPS16,64601.0
71,203401_at,PRPS2,5634.0
72,203460_s_at,PSEN1,5663.0
73,203417_at,,
74,203434_s_at,MME,4311.0
75,203435_s_at,MME,4311.0
76,203468_at,CDK10,8558.0
77,203469_s_at,CDK10,8558.0
78,203383_s_at,GOLGA1,2800.0
79,203384_s_at,GOLGA1,2800.0
80,203388_at,ARRB2,409.0
81,203404_at,ARMCX2,9823.0
82,203465_at,MRPL19,9801.0
83,203377_s_at,CDC40,51362.0
84,203376_at,CDC40,51362.0
85,203437_at,TMEM11,8834.0
86,203380_x_at,SRSF5,6430.0
87,203447_at,PSMD5,5711.0
88,203414_at,MMD,23531.0
89,203406_at,MFAP1,4236.0
90,203416_at,CD53,963.0
91,203407_at,PPL,5493.0
92,203452_at,B3GAT3,26229.0
93,203420_at,FAM8A1,51439.0
94,203422_at,POLD1,5424.0
95,203466_at,MPV17,4358.0
96,203442_x_at,EML3,256364.0
97,203413_at,NELL2,4753.0
98,203472_s_at,SLCO2B1,11309.0
99,203473_at,SLCO2B1,11309.0
100,203409_at,DDB2,1643.0
101,203426_s_at,IGFBP5,3488.0
102,203425_s_at,IGFBP5,3488.0
103,203424_s_at,IGFBP5,3488.0
104,203464_s_at,EPN2,22905.0
105,203463_s_at,EPN2,22905.0
106,203462_x_at,EIF3B,8662.0
107,203417_at,MFAP2,4237.0
108,203398_s_at,GALNT3,2591.0
109,203397_s_at,GALNT3,2591.0
110,203411_s_at,LMNA,4000.0
0,203476_at,TPBG,7162.0
1,203573_s_at,RABGGTA,5875.0
2,203523_at,LSP1,4046.0
3,203550_s_at,ENTREP3,10712.0
4,203504_s_at,ABCA1,19.0
5,203541_s_at,KLF9,687.0
6,203542_s_at,KLF9,687.0
7,203543_s_at,KLF9,687.0
8,203479_s_at,OTUD4P1,
9,203474_at,IQGAP2,10788.0
10,203498_at,RCAN2,10231.0
11,203524_s_at,MPST,4357.0
12,203506_s_at,MED12,9968.0
13,203488_at,ADGRL1,22859.0
14,203570_at,LOXL1,4016.0
15,203560_at,GGH,8836.0
16,203489_at,SIVA1,10572.0
17,203529_at,PPP6C,5537.0
18,203534_at,LSM1,27257.0
19,203483_at,SEMA4G,57715.0
20,203513_at,SPG11,80208.0
21,203480_s_at,OTUD4,54726.0
22,203479_s_at,OTUD4,54726.0
23,203561_at,FCGR2C,
24,203563_at,AFAP1,60312.0
25,203547_at,CD4,920.0
26,203538_at,CAMLG,819.0
27,203516_at,SNTA1,6640.0
28,203482_at,SLF2,55719.0
29,203481_at,SLF2,55719.0
30,203518_at,LYST,1130.0
31,203554_x_at,PTTG1,9232.0
32,203561_at,,
33,203509_at,SORL1,6653.0
34,203553_s_at,MAP4K5,11183.0
35,203552_at,MAP4K5,11183.0
36,203477_at,COL15A1,1306.0
37,203521_s_at,ZNF318,24149.0
38,203520_s_at,ZNF318,24149.0
39,203544_s_at,STAM,8027.0
40,203528_at,SEMA4D,10507.0
41,203490_at,ELF4,2000.0
42,203557_s_at,PCBD1,5092.0
43,203531_at,CUL5,8065.0
44,203532_x_at,CUL5,8065.0
45,203533_s_at,CUL5,8065.0
46,203495_at,LRRC14,9684.0
47,203522_at,CCS,9973.0
48,203486_s_at,ARMC8,25852.0
49,203487_s_at,ARMC8,25852.0
50,203540_at,GFAP,2670.0
51,203496_s_at,MED1,5469.0
52,203497_at,MED1,5469.0
53,203475_at,CYP19A1,1588.0
54,203569_s_at,OFD1,8481.0
55,203526_s_at,APC,324.0
56,203525_s_at,APC,324.0
57,203527_s_at,APC,324.0
58,203571_s_at,ADIRF,10974.0
59,203559_s_at,AOC1,26.0
60,203501_at,CPQ,10404.0
61,203491_s_at,CEP57,9702.0
62,203493_s_at,CEP57,9702.0
63,203492_x_at,CEP57,9702.0
64,203494_s_at,CEP57,9702.0
65,203564_at,FANCG,2189.0
66,203565_s_at,MNAT1,4331.0
67,203558_at,CUL7,9820.0
68,203549_s_at,LPL,4023.0
69,203548_s_at,LPL,4023.0
70,203499_at,EPHA2,1969.0
71,203484_at,SEC61G,23480.0
72,203485_at,RTN1,6252.0
73,203500_at,GCDH,2639.0
74,203556_at,ZHX2,22882.0
75,203503_s_at,PEX14,5195.0
76,203511_s_at,TRAPPC3,27095.0
77,203512_at,TRAPPC3,27095.0
78,203478_at,NDUFC1,4717.0
79,203530_s_at,STX4,6810.0
80,203502_at,BPGM,669.0
81,203510_at,MET,4233.0
82,203568_s_at,TRIM38,10475.0
83,203567_s_at,TRIM38,10475.0
84,203515_s_at,PMVK,10654.0
85,203508_at,TNFRSF1B,7133.0
86,203519_s_at,UPF2,26019.0
87,203536_s_at,CIAO1,9391.0
88,203537_at,PRPSAP2,5636.0
89,203562_at,FEZ1,9638.0
90,203562_at,FEZ1,105369550.0
91,203545_at,ALG8,79053.0
92,203517_at,MTX2,10651.0
93,203555_at,PTPN18,26469.0
94,203514_at,MAP3K3,4215.0
95,203551_s_at,COX11,1353.0
96,203546_at,IPO13,9670.0
97,203566_s_at,AGL,178.0
98,203561_at,FCGR2A,2212.0
99,203535_at,S100A9,6280.0
0,203624_at,AKAP17A,8227.0
1,203630_s_at,COG5,10466.0
2,203629_s_at,COG5,10466.0
3,203669_s_at,DGAT1,8694.0
4,203669_s_at,MIR6848,102465511.0
5,203660_s_at,PCNT,5116.0
6,203614_at,UTP14C,9724.0
7,203614_at,ALG11,440138.0
8,203665_at,HMOX1,3162.0
9,203667_at,TBCAP1,
10,203628_at,IGF1R,3480.0
11,203627_at,IGF1R,3480.0
12,203673_at,TG,7038.0
13,203635_at,VPS26C,10311.0
14,203637_s_at,MID1,4281.0
15,203636_at,MID1,4281.0
16,203577_at,,
17,203640_at,MBNL2,10150.0
18,203659_s_at,TRIM13,10206.0
19,203595_s_at,IFIT5,24138.0
20,203596_s_at,IFIT5,24138.0
21,203670_at,ARPC4-TTLL3,100526693.0
22,203666_at,CXCL12,6387.0
23,203597_s_at,WBP4,11193.0
24,203598_s_at,WBP4,11193.0
25,203599_s_at,WBP4,11193.0
26,203650_at,PROCR,10544.0
27,203577_at,GTF2H4,2968.0
28,203585_at,ZNF185,7739.0
29,203664_s_at,RPS26P19,
30,203648_at,TATDN2,9797.0
31,203584_at,EMC2,9694.0
32,203670_at,TTLL3,26140.0
33,203604_at,ZNF516,9658.0
34,203625_x_at,SKP2,6502.0
35,203626_s_at,SKP2,6502.0
36,203609_s_at,ALDH5A1,7915.0
37,203608_at,ALDH5A1,7915.0
38,203616_at,POLB,5423.0
39,203613_s_at,NDUFB6,4712.0
40,203644_s_at,MON1B,22879.0
41,203615_x_at,SLX1B-SULT1A4,100526831.0
42,203615_x_at,SLX1A-SULT1A3,100526830.0
43,203639_s_at,FGFR2,2263.0
44,203638_s_at,FGFR2,2263.0
45,203643_at,ERF,2077.0
46,203667_at,TBCA,6902.0
47,203606_at,NDUFS6,4726.0
48,203615_x_at,,6817.0
49,203612_at,BYSL,705.0
50,203656_at,FIG4,9896.0
51,203615_x_at,,
52,203623_at,PLXNA3,55558.0
53,203622_s_at,PNO1,56902.0
54,203662_s_at,TMOD1,7111.0
55,203661_s_at,TMOD1,7111.0
56,203664_s_at,POLR2D,5433.0
57,203652_at,MAP3K11,4296.0
58,203653_s_at,COIL,8161.0
59,203654_s_at,COIL,8161.0
60,203589_s_at,TFDP2,7029.0
61,203588_s_at,TFDP2,7029.0
62,203657_s_at,CTSF,8722.0
63,203617_x_at,ELK1,2002.0
64,203658_at,SLC25A20,788.0
65,203663_s_at,COX5A,9377.0
66,203618_at,FAIM2,23017.0
67,203619_s_at,FAIM2,23017.0
68,203621_at,NDUFB5,4711.0
69,203668_at,MAN2C1,4123.0
70,203586_s_at,ARL4D,379.0
71,203655_at,XRCC1,7515.0
72,203605_at,SRP54,6729.0
73,203574_at,NFIL3,4783.0
74,203575_at,CSNK2A2,1459.0
75,203593_at,CD2AP,23607.0
76,203610_s_at,TRIM38,10475.0
77,203583_at,UNC50,25972.0
78,203615_x_at,SULT1A4,445329.0
79,203671_at,TPMT,7172.0
80,203672_x_at,TPMT,7172.0
81,203615_x_at,SULT1A1,6817.0
82,203607_at,INPP5F,22876.0
83,203651_at,ZFYVE16,9765.0
84,203641_s_at,COBLL1,22837.0
85,203642_s_at,COBLL1,22837.0
86,203592_s_at,FSTL3,10272.0
87,203615_x_at,SULT1A3,6818.0
88,203615_x_at,SULT1A3,124907837.0
89,203600_s_at,FAM193A,8603.0
90,203578_s_at,SLC7A6,9057.0
91,203580_s_at,SLC7A6,9057.0
92,203579_s_at,SLC7A6,9057.0
93,203645_s_at,CD163,9332.0
94,203632_s_at,GPRC5B,51704.0
95,203631_s_at,GPRC5B,51704.0
96,203611_at,TERF2,7014.0
97,203620_s_at,FCHSD2,9873.0
98,203591_s_at,CSF3R,1441.0
99,203576_at,BCAT2,587.0
100,203646_at,FDX1,2230.0
101,203647_s_at,FDX1,2230.0
102,203590_at,DYNC1LI2,1783.0
103,203634_s_at,CPT1A,1374.0
104,203633_at,CPT1A,1374.0
105,203602_s_at,ZBTB17,7709.0
106,203601_s_at,ZBTB17,7709.0
107,203594_at,RTCA,8634.0
108,203603_s_at,ZEB2,9839.0
109,203581_at,RAB4A,5867.0
110,203582_s_at,RAB4A,5867.0
111,203649_s_at,PLA2G2A,5320.0
0,203684_s_at,BCL2,596.0
1,203685_at,BCL2,596.0
2,203726_s_at,LAMA3,3909.0
3,203690_at,TUBGCP3,10426.0
4,203678_at,FAN1,22909.0
5,203739_at,ZNF217,7764.0
6,203751_x_at,JUND,3727.0
7,203752_s_at,JUND,3727.0
8,203753_at,TCF4,6925.0
9,203699_s_at,DIO2,1734.0
10,203700_s_at,DIO2,1734.0
11,203718_at,PNPLA6,10908.0
12,203758_at,CTSO,1519.0
13,203743_s_at,TDG,6996.0
14,203748_x_at,RBMS1P1,
15,203694_s_at,DHX16,8449.0
16,203727_at,SKIC2,6499.0
17,203744_at,HMGB3,3149.0
18,203710_at,ITPR1,3708.0
19,203677_s_at,TARBP2,6895.0
20,203706_s_at,FZD7,8324.0
21,203705_s_at,FZD7,8324.0
22,203746_s_at,HCCS,3052.0
23,203745_at,HCCS,3052.0
24,203689_s_at,FMR1,2332.0
25,203755_at,BUB1B,701.0
26,203764_at,DLGAP5,9787.0
27,203687_at,CX3CL1,6376.0
28,203708_at,PDE4B,5142.0
29,203733_at,DEXI,28955.0
30,203741_s_at,ADCY7,113.0
31,203737_s_at,PPRC1,23082.0
32,203725_at,GADD45A,1647.0
33,203686_at,MPG,4350.0
34,203738_at,C5orf22,55322.0
35,203715_at,,
36,203714_s_at,,
37,203756_at,ARHGEF17,9828.0
38,203704_s_at,RREB1,6239.0
39,203692_s_at,E2F3,1871.0
40,203693_s_at,E2F3,1871.0
41,203707_at,ZNF263,10127.0
42,203679_at,TMED1,11018.0
43,203716_s_at,DPP4,1803.0
44,203717_at,DPP4,1803.0
45,203757_s_at,CEACAM6,4680.0
46,203761_at,SLA,6503.0
47,203760_s_at,SLA,6503.0
48,203732_at,TRIP4,9325.0
49,203768_s_at,STS,412.0
50,203767_s_at,STS,412.0
51,203770_s_at,STS,412.0
52,203769_s_at,STS,412.0
53,203712_at,PUM3,9933.0
54,203724_s_at,RUFY3,22902.0
55,203696_s_at,RFC2,5982.0
56,203691_at,PI3,5266.0
57,203735_x_at,PPFIBP1,8496.0
58,203736_s_at,PPFIBP1,8496.0
59,203754_s_at,BRF1,2972.0
60,203766_s_at,LMOD1,25802.0
61,203771_s_at,BLVRA,644.0
62,203773_x_at,BLVRA,644.0
63,203674_at,HELZ,9931.0
64,203682_s_at,IVD,3712.0
65,203688_at,PKD2,5311.0
66,203675_at,NUCB2,4925.0
67,203721_s_at,UTP18,51096.0
68,203723_at,ITPKB,3707.0
69,203747_at,AQP3,360.0
70,203695_s_at,GSDME,1687.0
71,203740_at,MPHOSPH6,10200.0
72,203701_s_at,TRMT1,55621.0
73,203728_at,BAK1,578.0
74,203709_at,PHKG2,5261.0
75,203729_at,EMP3,2014.0
76,203750_s_at,RARA,5914.0
77,203749_s_at,RARA,5914.0
78,203719_at,ERCC1,2067.0
79,203720_s_at,ERCC1,2067.0
80,203734_at,FOXJ2,55810.0
81,203713_s_at,LLGL2,3993.0
82,203676_at,GNS,2799.0
83,203759_at,ST3GAL4,6484.0
84,203711_s_at,HIBCH,26275.0
85,203680_at,PRKAR2B,5577.0
86,203683_s_at,VEGFB,7423.0
87,203731_s_at,ZKSCAN5,23660.0
88,203730_s_at,ZKSCAN5,23660.0
89,203698_s_at,FRZB,2487.0
90,203697_at,FRZB,2487.0
91,203748_x_at,RBMS1,5937.0
92,203702_s_at,TTLL4,9654.0
93,203703_s_at,TTLL4,9654.0
94,203765_at,GCA,25801.0
95,203715_at,TBCE,6905.0
96,203714_s_at,TBCE,6905.0
97,203763_at,DYNC2LI1,51626.0
98,203762_s_at,DYNC2LI1,51626.0
99,203722_at,ALDH4A1,8659.0
0,203793_x_at,PCGF2,7703.0
1,203792_x_at,PCGF2,7703.0
2,203815_at,GSTT1,2952.0
3,203834_s_at,TGOLN2,10618.0
4,203833_s_at,TGOLN2,10618.0
5,203823_at,RGS3,5998.0
6,203852_s_at,SMN2,6606.0
7,203852_s_at,SMN2,6607.0
8,203852_s_at,SMN1,6606.0
9,203852_s_at,SMN1,6607.0
10,203813_s_at,SLIT3,6586.0
11,203812_at,SLIT3,6586.0
12,203776_at,GPKOW,27238.0
13,203860_at,PCCA,5095.0
14,203853_s_at,GAB2,9846.0
15,203865_s_at,ADARB1,104.0
16,203786_s_at,TPD52L1,7164.0
17,203790_s_at,RIDA,10247.0
18,203844_at,VHL,7428.0
19,203869_at,USP46,64854.0
20,203870_at,USP46,64854.0
21,203804_s_at,LUC7L3,51747.0
22,203871_at,SENP3-EIF4A1,
23,203846_at,TRIM32,22954.0
24,203825_at,BRD3,8019.0
25,203851_at,IGFBP6,3489.0
26,203785_s_at,DDX28,55794.0
27,203784_s_at,DDX28,55794.0
28,203822_s_at,ELF2,1998.0
29,203807_x_at,CSH2,1443.0
30,203807_x_at,CSH1,1442.0
31,203807_x_at,CSH1,1444.0
32,203843_at,RPS6KA3,6197.0
33,203796_s_at,BCL7A,605.0
34,203795_s_at,BCL7A,605.0
35,203791_at,DMXL1,1657.0
36,203802_x_at,,155400.0
37,203857_s_at,PDIA5,10954.0
38,203783_x_at,POLRMTP1,
39,203832_at,SNRPF,6636.0
40,203802_x_at,NSUN5P2,260294.0
41,203781_at,MRPL33,9553.0
42,203819_s_at,IGF2BP3,10643.0
43,203820_s_at,IGF2BP3,10643.0
44,203777_s_at,RPS6KB2,6199.0
45,203816_at,DGUOK,1716.0
46,203858_s_at,COX10,1352.0
47,203821_at,HBEGF,1839.0
48,203809_s_at,AKT2,208.0
49,203831_at,R3HDM2,22864.0
50,203779_s_at,MPZL2,10205.0
51,203780_at,MPZL2,10205.0
52,203867_s_at,NLE1,54475.0
53,203866_at,NLE1,54475.0
54,203814_s_at,NQO2,4835.0
55,203800_s_at,MRPS14,63931.0
56,203801_at,MRPS14,63931.0
57,203837_at,MAP3K5,4217.0
58,203836_s_at,MAP3K5,4217.0
59,203871_at,SENP3,26168.0
60,203828_s_at,IL32,9235.0
61,203778_at,MANBA,4126.0
62,203829_at,ELP4,26610.0
63,203775_at,SLC25A13,10165.0
64,203849_s_at,KIF1A,547.0
65,203856_at,VRK1,7443.0
66,203848_at,AKAP8,10270.0
67,203847_s_at,AKAP8,10270.0
68,203826_s_at,PITPNM1,9600.0
69,203805_s_at,FANCA,2175.0
70,203806_s_at,FANCA,2175.0
71,203783_x_at,POLRMT,5442.0
72,203782_s_at,POLRMT,5442.0
73,203802_x_at,NSUN5,55695.0
74,203854_at,CFI,3426.0
75,203787_at,SSBP2,23635.0
76,203789_s_at,SEMA3C,10512.0
77,203788_s_at,SEMA3C,10512.0
78,203798_s_at,VSNL1,7447.0
79,203797_at,VSNL1,7447.0
80,203859_s_at,PALM,5064.0
81,203830_at,C17orf75,64149.0
82,203817_at,GUCY1B1,2983.0
83,203845_at,KAT2B,8850.0
84,203835_at,LRRC32,2615.0
85,203824_at,TSPAN8,7103.0
86,203872_at,ACTA1,58.0
87,203838_s_at,TNK2,10188.0
88,203839_s_at,TNK2,10188.0
89,203827_at,WIPI1,55062.0
90,203840_at,BLZF1,8548.0
91,203803_at,PCYOX1,51449.0
92,203868_s_at,VCAM1,7412.0
93,203811_s_at,DNAJB4,11080.0
94,203810_at,DNAJB4,11080.0
95,203799_at,CD302,9936.0
96,203842_s_at,MAPRE3,22924.0
97,203841_x_at,MAPRE3,22924.0
98,203774_at,MTR,4548.0
99,203794_at,CDC42BPA,8476.0
100,203818_s_at,SF3A3,10946.0
101,203855_at,WDR47,22911.0
102,203863_at,ACTN2,88.0
103,203861_s_at,ACTN2,88.0
104,203864_s_at,ACTN2,88.0
105,203862_s_at,ACTN2,88.0
0,203957_at,,
1,203882_at,,
2,203882_at,IRF9,10379.0
3,203880_at,COX17P1,
4,203933_at,RAB11FIP3,9727.0
5,203889_at,SCG5,6447.0
6,203957_at,E2F6P1,
7,203928_x_at,MAPT,4137.0
8,203930_s_at,MAPT,4137.0
9,203929_s_at,MAPT,4137.0
10,203888_at,THBD,7056.0
11,203887_s_at,THBD,7056.0
12,203905_at,PARN,5073.0
13,203957_at,E2F6P2,
14,203957_at,E2F6P3,
15,203917_at,CXADR,1525.0
16,203881_s_at,DMD,1756.0
17,203916_at,,
18,203878_s_at,MMP11,4320.0
19,203876_s_at,MMP11,4320.0
20,203914_x_at,HPGD,3248.0
21,203913_s_at,HPGD,3248.0
22,203915_at,CXCL9,4283.0
23,203973_s_at,CEBPD,1052.0
24,203889_at,ARHGAP11A-SCG5,114118903.0
25,203940_s_at,VASH1,22846.0
26,203940_s_at,,
27,203893_at,AK6,102157402.0
28,203936_s_at,MMP9,4318.0
29,203944_x_at,BTN2A1,11120.0
30,203921_at,CHST2,9435.0
31,203932_at,HLA-DMB,3109.0
32,203943_at,KIF3B,9371.0
33,203918_at,PCDH1,5097.0
34,203901_at,TAB1,10454.0
35,203892_at,WFDC2,10406.0
36,203919_at,TCEA2,6919.0
37,203969_at,VDAC1P8,
38,203906_at,IQSEC1,9922.0
39,203907_s_at,IQSEC1,9922.0
40,203895_at,PLCB4,5332.0
41,203896_s_at,PLCB4,5332.0
42,203946_s_at,ARG2,384.0
43,203945_at,ARG2,384.0
44,203884_s_at,RAB11FIP2,22841.0
45,203883_s_at,RAB11FIP2,22841.0
46,203934_at,KDR,3791.0
47,203954_x_at,CLDN3,1365.0
48,203953_s_at,CLDN3,1365.0
49,203931_s_at,,
50,203924_at,GSTA1,2938.0
51,203963_at,CA12,771.0
52,203971_at,SLC31A1,1317.0
53,203927_at,NFKBIE,4794.0
54,203926_x_at,ATP5F1D,513.0
55,203874_s_at,SMARCA1,6594.0
56,203875_at,SMARCA1,6594.0
57,203949_at,MPO,4353.0
58,203948_s_at,MPO,4353.0
59,203899_s_at,,
60,203942_s_at,MARK2,2011.0
61,203916_at,NDST2,8509.0
62,203956_at,MORC2,22880.0
63,203903_s_at,HEPH,9843.0
64,203902_at,HEPH,9843.0
65,203965_at,USP20,10868.0
66,203900_at,SZT2,23334.0
67,203909_at,SLC9A6,10479.0
68,203912_s_at,DNASE1L1,1774.0
69,203922_s_at,CYBB,1536.0
70,203923_s_at,CYBB,1536.0
71,203898_at,CRCP,27297.0
72,203899_s_at,CRCP,27297.0
73,203931_s_at,MRPL12,6182.0
74,203964_at,NMI,9111.0
75,203970_s_at,PEX3,8504.0
76,203972_s_at,PEX3,8504.0
77,203957_at,E2F6,1876.0
78,203968_s_at,CDC6,990.0
79,203967_at,CDC6,990.0
80,203950_s_at,CLCN6,1185.0
81,203939_at,NT5E,4907.0
82,203941_at,INTS9,55756.0
83,203890_s_at,DAPK3,1613.0
84,203891_s_at,DAPK3,1613.0
85,203955_at,PPP1R26,9858.0
86,203960_s_at,IFT25,51668.0
87,203908_at,SLC4A4,8671.0
88,203886_s_at,FBLN2,2199.0
89,203935_at,ACVR1,90.0
90,203961_at,NEBL,10529.0
91,203962_s_at,NEBL,10529.0
92,203951_at,CNN1,1264.0
93,203897_at,LYRM1,57149.0
94,203947_at,CSTF3,1479.0
95,203938_s_at,TAF1C,9013.0
96,203937_s_at,TAF1C,9013.0
97,203880_at,COX17,10063.0
98,203885_at,RAB21,23011.0
99,203920_at,NR1H3,10062.0
100,203910_at,ARHGAP29,9411.0
101,203910_at,ARHGAP29,105378858.0
102,203904_x_at,CD82,3732.0
103,203911_at,RAP1GAP,5909.0
104,203894_at,TUBG2,27175.0
105,203952_at,ATF6,22926.0
106,203879_at,PIK3CD,5293.0
107,203959_s_at,ZBTB40,9923.0
108,203958_s_at,ZBTB40,9923.0
109,203925_at,GCLM,2730.0
0,204060_s_at,,5616.0
1,204053_x_at,PTEN,5728.0
2,204054_at,PTEN,5728.0
3,203996_s_at,,
4,203994_s_at,,
5,203995_at,CFAP410,755.0
6,203996_s_at,CFAP410,755.0
7,203994_s_at,CFAP410,755.0
8,204072_s_at,FRY,10129.0
9,204012_s_at,LCMT2,9836.0
10,204000_at,GNB5,10681.0
11,204021_s_at,PURA,5813.0
12,204020_at,PURA,5813.0
13,203986_at,FAM47E-STBD1,100631383.0
14,203986_at,STBD1,8987.0
15,204042_at,WASF3,10810.0
16,204015_s_at,DUSP4,1846.0
17,204014_at,DUSP4,1846.0
18,203989_x_at,F2R,2149.0
19,204053_x_at,PTENP1,
20,204054_at,PTENP1,
21,204053_x_at,PTENP1,11191.0
22,204054_at,PTENP1,11191.0
23,204039_at,CEBPA,1050.0
24,204017_at,KDELR3,11015.0
25,204043_at,TCN2,6948.0
26,204011_at,SPRY2,10253.0
27,204025_s_at,PDCD2,5134.0
28,204055_s_at,MIA2,4253.0
29,204024_at,OSGIN2,734.0
30,203997_at,PTPN3,5774.0
31,204030_s_at,IQCJ-SCHIP1,100505385.0
32,204030_s_at,SCHIP1,29970.0
33,204064_at,THOC1,9984.0
34,204066_s_at,AGAP1,116987.0
35,204035_at,SCG2,7857.0
36,204033_at,TRIP13,9319.0
37,204029_at,CELSR2,1952.0
38,204028_s_at,RABGAP1,23637.0
39,204006_s_at,,
40,203975_s_at,CHAF1A,10036.0
41,203976_s_at,CHAF1A,10036.0
42,204061_at,PRKX,5613.0
43,204060_s_at,PRKX,5613.0
44,204073_s_at,MYRF,745.0
45,204018_x_at,,
46,204023_at,RFC4,5984.0
47,203981_s_at,ABCD4,5826.0
48,203982_s_at,ABCD4,5826.0
49,204071_s_at,TOPORS,10210.0
50,204018_x_at,HBA2,3040.0
51,204018_x_at,HBA1,3039.0
52,204008_at,DNAL4,10126.0
53,203985_at,ZNF212,7988.0
54,204050_s_at,CLTA,1211.0
55,204010_s_at,KRAS,3845.0
56,204009_s_at,KRAS,3845.0
57,204046_at,PLCB2,5330.0
58,203979_at,CYP27A1,1593.0
59,204041_at,MAOB,4129.0
60,203974_at,PUDP,8226.0
61,204045_at,TCEAL1,9338.0
62,203987_at,FZD6,8323.0
63,203977_at,TAFAZZIN,6901.0
64,203991_s_at,KDM6A,7403.0
65,203990_s_at,KDM6A,7403.0
66,203992_s_at,KDM6A,7403.0
67,203980_at,FABP4,2167.0
68,203988_s_at,FUT8,2530.0
69,204044_at,QPRT,23475.0
70,204006_s_at,FCGR3B,2215.0
71,204007_at,FCGR3B,2215.0
72,204006_s_at,FCGR3B,124905743.0
73,204007_at,FCGR3B,124905743.0
74,204031_s_at,PCBP2,5094.0
75,204002_s_at,ICA1,3382.0
76,204026_s_at,ZWINT,11130.0
77,204022_at,WWP2,11060.0
78,204001_at,SNAPC3,6619.0
79,204040_at,RNF144A,9781.0
80,204058_at,ME1,4199.0
81,204059_s_at,ME1,4199.0
82,203998_s_at,SYT1,6857.0
83,203999_at,SYT1,6857.0
84,204038_s_at,LPAR1,1902.0
85,204037_at,LPAR1,1902.0
86,204036_at,LPAR1,1902.0
87,203984_s_at,CASP9,842.0
88,204068_at,STK3,6788.0
89,204048_s_at,PHACTR2,9749.0
90,204047_s_at,PHACTR2,9749.0
91,204049_s_at,PHACTR2,9749.0
92,204063_s_at,ULK2,9706.0
93,204062_s_at,ULK2,9706.0
94,204057_at,IRF8,3394.0
95,204067_at,SUOX,6821.0
96,204016_at,LARS2,23395.0
97,203978_at,NUBP1,4682.0
98,204003_s_at,NUP42,11097.0
99,204070_at,PLAAT4,5920.0
100,204034_at,ETHE1,23474.0
101,204051_s_at,SFRP4,6424.0
102,204052_s_at,SFRP4,6424.0
103,204056_s_at,MVK,4598.0
104,204069_at,MEIS1,4211.0
105,204027_s_at,METTL1,4234.0
106,204006_s_at,FCGR3A,2214.0
107,204005_s_at,PAWR,5074.0
108,204004_at,PAWR,5074.0
109,203983_at,TSNAX,7257.0
110,204032_at,BCAR3,8412.0
111,204019_s_at,SH3YL1,26751.0
112,204065_at,CHST10,9486.0
0,204145_at,FRG1,2483.0
1,204085_s_at,CLN5,1203.0
2,204084_s_at,CLN5,1203.0
3,204086_at,PRAME,23532.0
4,204103_at,CCL4,6351.0
5,204145_at,FRG1BP,
6,204145_at,FRG1BP,284802.0
7,204166_at,SBNO2,22904.0
8,204162_at,NDC80,10403.0
9,204116_at,IL2RG,3561.0
10,204128_s_at,RFC3,5983.0
11,204127_at,RFC3,5983.0
12,204114_at,NID2,22795.0
13,204126_s_at,CDC45,8318.0
14,204079_at,TPST2,8459.0
15,204136_at,COL7A1,1294.0
16,204097_s_at,RBMX2,51634.0
17,204098_at,RBMX2,51634.0
18,204158_s_at,TCIRG1,10312.0
19,204090_at,WHR1,8859.0
20,204147_s_at,TFDP1,7027.0
21,204121_at,GADD45G,10912.0
22,204158_s_at,,
23,204148_s_at,POMZP3,22932.0
24,204129_at,BCL9,607.0
25,204090_at,WHR1B,
26,204090_at,,
27,204134_at,PDE2A,5138.0
28,204148_s_at,ZP3,7784.0
29,204099_at,SMARCD3,6604.0
30,204154_at,CDO1,1036.0
31,204135_at,FILIP1L,11259.0
32,204143_s_at,ENOSF1,55556.0
33,204142_at,ENOSF1,55556.0
34,204170_s_at,CKS2,1164.0
35,204101_at,MTM1,4534.0
36,204115_at,GNG11,2791.0
37,204146_at,RAD51AP1,10635.0
38,204132_s_at,FOXO3B,2310.0
39,204141_at,TUBB2A,7280.0
40,204130_at,HSD11B2,3291.0
41,204083_s_at,TPM2,7169.0
42,204092_s_at,AURKA,6790.0
43,204112_s_at,HNMT,3176.0
44,204111_at,HNMT,3176.0
45,204094_s_at,TSC22D2,9819.0
46,204125_at,NDUFAF1,51103.0
47,204153_s_at,MFNG,4242.0
48,204152_s_at,MFNG,4242.0
49,204089_x_at,MAP3K4,4216.0
50,204159_at,CDKN2C,1031.0
51,204081_at,NRGN,4900.0
52,204173_at,MYL6B,140465.0
53,204172_at,CPOX,1371.0
54,204077_x_at,ENTPD4,9583.0
55,204076_at,ENTPD4,9583.0
56,204118_at,CD48,962.0
57,204091_at,PDE6D,5147.0
58,204100_at,THRA,7067.0
59,204107_at,NFYA,4800.0
60,204108_at,NFYA,4800.0
61,204109_s_at,NFYA,4800.0
62,204124_at,SLC34A2,10568.0
63,204113_at,CELF1,10658.0
64,204095_s_at,ELL,8178.0
65,204096_s_at,ELL,8178.0
66,204122_at,TYROBP,7305.0
67,204120_s_at,ADK,132.0
68,204119_s_at,ADK,132.0
69,204167_at,BTD,686.0
70,204093_at,CCNH,902.0
71,204138_s_at,MZF1,7593.0
72,204139_x_at,MZF1,7593.0
73,204151_x_at,AKR1C2,1646.0
74,204106_at,TESK1,7016.0
75,204082_at,PBX3,5090.0
76,204160_s_at,ENPP4,22875.0
77,204161_s_at,ENPP4,22875.0
78,204165_at,WASF1,8936.0
79,204080_at,TOE1,114034.0
80,204105_s_at,NRCAM,4897.0
81,204132_s_at,FOXO3,2309.0
82,204131_s_at,FOXO3,2309.0
83,204157_s_at,SIK3,23387.0
84,204156_at,SIK3,23387.0
85,204155_s_at,SIK3,23387.0
86,204169_at,IMPDH1,3614.0
87,204102_s_at,EEF2,1938.0
88,204151_x_at,AKR1C1,1645.0
89,204168_at,MGST2,4258.0
90,204149_s_at,GSTM4,2948.0
91,204117_at,PREP,5550.0
92,204133_at,RRP9,9136.0
93,204104_at,SNAPC2,6618.0
94,204144_s_at,PIGQ,9091.0
95,204088_at,P2RX4,5025.0
96,204150_at,STAB1,23166.0
97,204123_at,LIG3,3980.0
98,204171_at,RPS6KB1,6198.0
99,204164_at,SIPA1,6494.0
100,204140_at,TPST1,8460.0
101,204163_at,EMILIN1,11117.0
102,204078_at,P3H4,10609.0
103,204075_s_at,CEP104,9731.0
104,204074_s_at,CEP104,9731.0
105,204087_s_at,SLC5A6,8884.0
106,204137_at,GPR137B,7107.0
0,204220_at,GMFG,9535.0
1,204272_at,LGALS4,3960.0
2,204239_s_at,NNAT,4826.0
3,204193_at,CHKB-CPT1B,
4,204174_at,ALOX5AP,241.0
5,204190_at,USPL1,10208.0
6,204248_at,GNA11,2767.0
7,204204_at,SLC31A2,1318.0
8,204269_at,PIM2,11040.0
9,204194_at,BACH1,571.0
10,204194_at,BACH1,100379661.0
11,204219_s_at,PSMC1P1,
12,204252_at,CDK2,1017.0
13,204221_x_at,GLIPR1,11010.0
14,204222_s_at,GLIPR1,11010.0
15,204245_s_at,RPP14,11102.0
16,204245_s_at,HTD2,109703458.0
17,204265_s_at,GPSM3,63940.0
18,204212_at,ACOT8,10005.0
19,204179_at,MB,4151.0
20,204195_s_at,PKNOX1,5316.0
21,204184_s_at,GRK3,157.0
22,204183_s_at,GRK3,157.0
23,204243_at,RLF,6018.0
24,204191_at,IFNAR1,3454.0
25,204271_s_at,EDNRB,1910.0
26,204273_at,EDNRB,1910.0
27,204193_at,CHKB,1120.0
28,204224_s_at,GCH1,2643.0
29,204261_s_at,,
30,204262_s_at,,
31,204214_s_at,RAB32,10981.0
32,204203_at,CEBPG,1054.0
33,204227_s_at,TK2,7084.0
34,204256_at,ELOVL6,79071.0
35,204259_at,MMP7,4316.0
36,204219_s_at,PSMC1,5700.0
37,204255_s_at,VDR,7421.0
38,204253_s_at,VDR,7421.0
39,204254_s_at,VDR,7421.0
40,204217_s_at,RTN2,6253.0
41,204258_at,CHD1,1105.0
42,204198_s_at,RUNX3,864.0
43,204197_s_at,RUNX3,864.0
44,204210_s_at,PCYT1A,5130.0
45,204209_at,PCYT1A,5130.0
46,204226_at,STAU2,27067.0
47,204205_at,APOBEC3G,60489.0
48,204266_s_at,CHKA,1119.0
49,204233_s_at,CHKA,1119.0
50,204178_s_at,RBM14,10432.0
51,204260_at,CHGB,1114.0
52,204192_at,CD37,951.0
53,204238_s_at,DNPH1,10591.0
54,204234_s_at,ZNF195,7748.0
55,204206_at,MNT,4335.0
56,204175_at,ZNF593,51042.0
57,204244_s_at,DBF4,10926.0
58,204270_at,SKI,6497.0
59,204267_x_at,PKMYT1,9088.0
60,204200_s_at,PDGFB,5155.0
61,204215_at,TMEM243,79161.0
62,204240_s_at,SMC2,10592.0
63,204232_at,FCER1G,2207.0
64,204182_s_at,ZBTB43,23099.0
65,204181_s_at,ZBTB43,23099.0
66,204180_s_at,ZBTB43,23099.0
67,204246_s_at,DCTN3,11258.0
68,204242_s_at,ACOX3,8310.0
69,204241_at,ACOX3,8310.0
70,204185_x_at,PPID,5481.0
71,204186_s_at,PPID,5481.0
72,204201_s_at,PTPN13,5783.0
73,204199_at,RALGPS1,9649.0
74,204202_at,IQCE,23288.0
75,204216_s_at,ZC3H14,79882.0
76,204268_at,S100A2,6273.0
77,204207_s_at,RNGTT,8732.0
78,204208_at,RNGTT,8732.0
79,204218_at,ANAPC15,25906.0
80,204187_at,GMPR,2766.0
81,204213_at,PIGR,5284.0
82,204223_at,PRELP,5549.0
83,204189_at,RARG,5916.0
84,204188_s_at,RARG,5916.0
85,204251_s_at,CEP164,22897.0
86,204250_s_at,CEP164,22897.0
87,204211_x_at,EIF2AK2,5610.0
88,204230_s_at,SLC17A7,57030.0
89,204229_at,SLC17A7,57030.0
90,204177_s_at,KLHL20,27252.0
91,204176_at,KLHL20,27252.0
92,204236_at,FLI1,2313.0
93,204228_at,PPIH,10465.0
94,204263_s_at,CPT2,1376.0
95,204264_at,CPT2,1376.0
96,204247_s_at,CDK5,1020.0
97,204249_s_at,LMO2,4005.0
98,204257_at,FADS3,3995.0
99,204231_s_at,FAAH,2166.0
100,204235_s_at,GULP1,51454.0
101,204237_at,GULP1,51454.0
102,204225_at,HDAC4,9759.0
103,204261_s_at,PSEN2,5664.0
104,204262_s_at,PSEN2,5664.0
0,204295_at,SURF1,6834.0
1,204309_at,CYP11A1,1583.0
2,204302_s_at,CTIF,9811.0
3,204303_s_at,CTIF,9811.0
4,204331_s_at,MRPS12,6183.0
5,204330_s_at,MRPS12,6183.0
6,204286_s_at,PMAIP1,5366.0
7,204285_s_at,PMAIP1,5366.0
8,204342_at,SLC25A24,29957.0
9,204351_at,S100P,6286.0
10,204307_at,RNU6-244P,
11,204318_s_at,GTSE1,51512.0
12,204315_s_at,GTSE1,51512.0
13,204340_at,TMEM187,8269.0
14,204371_s_at,KHSRP,8570.0
15,204372_s_at,KHSRP,8570.0
16,204284_at,PPP1R3C,5507.0
17,204294_at,,
18,204294_at,AMT,275.0
19,204301_at,KBTBD11,9920.0
20,204279_at,PSMB9,5698.0
21,204355_at,MIR1226,100302232.0
22,204281_at,TEAD4,7004.0
23,204348_s_at,AK4P3,
24,204336_s_at,RGS19,10287.0
25,204296_at,,
26,204297_at,PIK3C3,5289.0
27,204305_at,MIPEP,4285.0
28,204335_at,YJU2,55702.0
29,204280_at,RGS14,10636.0
30,204274_at,EBAG9,9166.0
31,204278_s_at,EBAG9,9166.0
32,204332_s_at,AGA,175.0
33,204333_s_at,AGA,175.0
34,204368_at,SLCO2A1,6578.0
35,204277_s_at,TK2,7084.0
36,204276_at,TK2,7084.0
37,204348_s_at,AK4P1,
38,204338_s_at,RGS4,5999.0
39,204339_s_at,RGS4,5999.0
40,204337_at,RGS4,5999.0
41,204349_at,MED7,9443.0
42,204350_s_at,MED7,9443.0
43,204344_s_at,SEC23A,10484.0
44,204298_s_at,LOX,4015.0
45,204341_at,TRIM16L,
46,204321_at,NEO1,4756.0
47,204370_at,CLP1,10978.0
48,204317_at,TRMU,55687.0
49,204326_x_at,MT1X,4501.0
50,204292_x_at,STK11,6794.0
51,204341_at,,147166.0
52,204300_at,GATB,5188.0
53,204291_at,ZNF518A,9849.0
54,204323_x_at,NF1,4763.0
55,204325_s_at,NF1,4763.0
56,204357_s_at,LIMK1,3984.0
57,204287_at,SYNGR1,9145.0
58,204319_s_at,RGS10,6001.0
59,204316_at,RGS10,6001.0
60,204293_at,SGSH,6448.0
61,204367_at,SP2,6668.0
62,204359_at,FLRT2,23768.0
63,204358_s_at,FLRT2,23768.0
64,204289_at,ALDH6A1,4329.0
65,204290_s_at,ALDH6A1,4329.0
66,204306_s_at,CD151,977.0
67,204320_at,COL11A1,1301.0
68,204311_at,ATP1B2,482.0
69,204282_s_at,FARS2,10667.0
70,204283_at,FARS2,10667.0
71,204310_s_at,NPR2,4882.0
72,204353_s_at,POT1,25913.0
73,204354_at,POT1,25913.0
74,204365_s_at,REEP1,65055.0
75,204364_s_at,REEP1,65055.0
76,204308_s_at,TECPR2,9895.0
77,204307_at,TECPR2,9895.0
78,204362_at,SKAP2,8935.0
79,204361_s_at,SKAP2,8935.0
80,204345_at,COL16A1,1307.0
81,204373_s_at,CEP350,9857.0
82,204346_s_at,RASSF1,11186.0
83,204355_at,DHX30,22907.0
84,204369_at,PIK3CA,5290.0
85,204352_at,TRAF5,7188.0
86,204304_s_at,PROM1,8842.0
87,204334_at,KLF7,8609.0
88,204366_s_at,MPV17,4358.0
89,204275_at,CAPN15,6650.0
90,204324_s_at,GOLIM4,27333.0
91,204322_at,GOLIM4,27333.0
92,204343_at,ABCA3,21.0
93,204299_at,SRSF10,10772.0
94,204329_s_at,ZNF202,7753.0
95,204327_s_at,ZNF202,7753.0
96,204360_s_at,NAGLU,4669.0
97,204363_at,F3,2152.0
98,204366_s_at,GTF3C2,2976.0
99,204341_at,TRIM16,10626.0
100,204328_at,TMC6,11322.0
101,204312_x_at,CREB1,1385.0
102,204314_s_at,CREB1,1385.0
103,204313_s_at,CREB1,1385.0
104,204348_s_at,AK4,205.0
105,204347_at,AK4,205.0
0,204375_at,CLSTN3,9746.0
1,204410_at,EIF1AY,9086.0
2,204409_s_at,EIF1AY,9086.0
3,204446_s_at,ALOX5,240.0
4,204445_s_at,ALOX5,240.0
5,204473_s_at,,
6,204432_at,SOX12,6666.0
7,204412_s_at,NEFH,4744.0
8,204454_at,LDOC1,23641.0
9,204386_s_at,MRPL57,78988.0
10,204387_x_at,MRPL57,78988.0
11,204457_s_at,GAS1,2619.0
12,204456_s_at,GAS1,2619.0
13,204419_x_at,,
14,204419_x_at,HBG2,3048.0
15,204419_x_at,HBG1,3047.0
16,204422_s_at,FGF2,2247.0
17,204421_s_at,FGF2,2247.0
18,204381_at,LRP3,4037.0
19,204381_at,,
20,204455_at,DST,667.0
21,204408_at,APEX2,27301.0
22,204393_s_at,ACP3,55.0
23,204447_at,LZTS3,9762.0
24,204415_at,IFI6,2537.0
25,204383_at,ESS2,8220.0
26,204473_s_at,ZNF592,9640.0
27,204411_at,KIF21B,23046.0
28,204435_at,NUP58,9818.0
29,204465_s_at,INA,9118.0
30,204452_s_at,FZD1,8321.0
31,204451_at,FZD1,8321.0
32,204450_x_at,APOA1,335.0
33,204434_at,SPATA2,9825.0
34,204433_s_at,SPATA2,9825.0
35,204436_at,PLEKHO2,80301.0
36,204441_s_at,POLA2,23649.0
37,204459_at,CSTF2,1478.0
38,204437_s_at,FOLR1,2348.0
39,204428_s_at,LCAT,3931.0
40,204444_at,KIF11,3832.0
41,204449_at,PDCL,5082.0
42,204448_s_at,PDCL,5082.0
43,204413_at,TRAF2,7186.0
44,204463_s_at,EDNRA,1909.0
45,204464_s_at,EDNRA,1909.0
46,204416_x_at,APOC1,341.0
47,204471_at,GAP43,2596.0
48,204440_at,CD83,9308.0
49,204415_at,LINC02574,
50,204395_s_at,GRK5,2869.0
51,204396_s_at,GRK5,2869.0
52,204404_at,SLC12A2,6558.0
53,204378_at,BCAS1,8537.0
54,204403_x_at,,
55,204377_s_at,DCAF1,9730.0
56,204376_at,DCAF1,9730.0
57,204443_at,ARSA,410.0
58,204405_x_at,DIMT1,27292.0
59,204414_at,LARGE1,9215.0
60,204402_at,RHBDD3,25807.0
61,204469_at,PTPRZ1,5803.0
62,204462_s_at,SLC16A2,6567.0
63,204417_at,GALC,2581.0
64,204388_s_at,MAOA,4128.0
65,204389_at,MAOA,4128.0
66,204425_at,ARHGAP4,393.0
67,204438_at,MRC1,4360.0
68,204418_x_at,GSTM1,2944.0
69,204423_at,MKLN1,4289.0
70,204470_at,CXCL1,2919.0
71,204461_x_at,RAD1,5810.0
72,204460_s_at,RAD1,5810.0
73,204384_at,GOLGA2,2801.0
74,204400_at,EFS,10278.0
75,204426_at,TMED2,10959.0
76,204427_s_at,TMED2,10959.0
77,204379_s_at,FGFR3,2261.0
78,204380_s_at,FGFR3,2261.0
79,204399_s_at,EML2,24139.0
80,204398_s_at,EML2,24139.0
81,204472_at,GEM,2669.0
82,204420_at,FOSL1,8061.0
83,204407_at,TTF2,8458.0
84,204431_at,TLE2,7089.0
85,204466_s_at,SNCA,6622.0
86,204467_s_at,SNCA,6622.0
87,204424_s_at,LMO3,55885.0
88,204429_s_at,SLC2A5,6518.0
89,204430_s_at,SLC2A5,6518.0
90,204458_at,PLA2G15,23659.0
91,204418_x_at,GSTM2,2946.0
92,204453_at,ZNF84,7637.0
93,204442_x_at,LTBP4,8425.0
94,204401_at,KCNN4,3783.0
95,204382_at,NAT9,26151.0
96,204374_s_at,GALK1,2584.0
97,204392_at,CAMK1,8536.0
98,204403_x_at,TCAF1,9747.0
99,204394_at,SLC43A1,8501.0
100,204391_x_at,TRIM24,8805.0
101,204385_at,KYNU,8942.0
102,204468_s_at,TIE1,7075.0
103,204439_at,IFI44L,10964.0
0,204544_at,HPS5,11234.0
1,204487_s_at,KCNQ1,3784.0
2,204492_at,ARHGAP11A,9824.0
3,204567_s_at,ABCG1,9619.0
4,204539_s_at,CELSR1,9620.0
5,204541_at,SEC14L2,23541.0
6,204538_x_at,NPIPA5,100288332.0
7,204482_at,CLDN5,7122.0
8,204555_s_at,PPP1R3D,5509.0
9,204554_at,PPP1R3D,5509.0
10,204538_x_at,NPIPA1,9284.0
11,204538_x_at,NPIPA1,105376752.0
12,204537_s_at,GABRE,2564.0
13,204480_s_at,BBLN,79095.0
14,204488_at,DOLK,22845.0
15,204568_at,ATG14,22863.0
16,204505_s_at,DMTN,2039.0
17,204527_at,MYO5A,4644.0
18,204533_at,CXCL10,3627.0
19,204569_at,CILK1,22858.0
20,204556_s_at,DZIP1,22873.0
21,204557_s_at,DZIP1,22873.0
22,204561_x_at,APOC4-APOC2,
23,204475_at,MMP1,4312.0
24,204491_at,PDE4D,5144.0
25,204571_x_at,PIN4,5303.0
26,204572_s_at,PIN4,5303.0
27,204520_x_at,BRD1,23774.0
28,204507_s_at,PPP3R1,5534.0
29,204506_at,PPP3R1,5534.0
30,204532_x_at,UGT1A9,54600.0
31,204532_x_at,UGT1A6,54578.0
32,204532_x_at,UGT1A1,54658.0
33,204532_x_at,UGT1A4,54657.0
34,204522_at,DXO,1797.0
35,204532_x_at,UGT1A3,54659.0
36,204532_x_at,UGT1A8,54576.0
37,204532_x_at,UGT1A5,54579.0
38,204532_x_at,UGT1A7,54577.0
39,204515_at,HSD3B1,3283.0
40,204532_x_at,UGT1A10,54575.0
41,204570_at,COX7A1,1346.0
42,204493_at,BID,637.0
43,204495_s_at,C15orf39,56905.0
44,204494_s_at,C15orf39,56905.0
45,204534_at,,
46,204562_at,IRF4,3662.0
47,204508_s_at,CA12,771.0
48,204509_at,CA12,771.0
49,204551_s_at,AHSG,197.0
50,204523_at,ZNF140,7699.0
51,204538_x_at,NPIPA3,642778.0
52,204538_x_at,NPIPA3,642799.0
53,204538_x_at,NPIPA8,101059953.0
54,204538_x_at,,
55,204538_x_at,NPIPP1,
56,204538_x_at,NPIPA9,105376752.0
57,204565_at,ACOT13,55856.0
58,204521_at,FAM216A,29902.0
59,204512_at,HIVEP1,3096.0
60,204559_s_at,LSM7,51690.0
61,204540_at,EEF1A2,1917.0
62,204538_x_at,,105369154.0
63,204542_at,,122455342.0
64,204479_at,OSTF1,26578.0
65,204516_at,ATXN7,6314.0
66,204500_s_at,AGTPBP1,23287.0
67,204474_at,ZNF142,7701.0
68,204535_s_at,REST,5978.0
69,204502_at,SAMHD1,25939.0
70,204566_at,PPM1D,8493.0
71,204503_at,EVPL,2125.0
72,204525_at,PHF14,9678.0
73,204519_s_at,PLLP,51090.0
74,204550_x_at,GSTM1,2944.0
75,204563_at,SELL,6402.0
76,204543_at,RAPGEF1,2889.0
77,204501_at,CCN3,4856.0
78,204517_at,PPIC,5480.0
79,204518_s_at,PPIC,5480.0
80,204538_x_at,NPIPA7,101059938.0
81,204497_at,ADCY9,115.0
82,204498_s_at,ADCY9,115.0
83,204510_at,CDC7,8317.0
84,204477_at,RABIF,5877.0
85,204478_s_at,RABIF,5877.0
86,204552_at,INPP4A,3631.0
87,204553_x_at,INPP4A,3631.0
88,204529_s_at,TOX,9760.0
89,204530_s_at,TOX,9760.0
90,204496_at,STRN3,29966.0
91,204573_at,CROT,54677.0
92,204564_at,PCGF3,10336.0
93,204504_s_at,HIRIP3,8479.0
94,204484_at,PIK3C2B,5287.0
95,204560_at,FKBP5,2289.0
96,204542_at,ST6GALNAC2,10610.0
97,204528_s_at,NAP1L1,4673.0
98,204548_at,STAR,6770.0
99,204476_s_at,PC,5091.0
100,204531_s_at,BRCA1,672.0
101,204558_at,RAD54L,8438.0
102,204538_x_at,NPIPA2,642799.0
103,204524_at,PDPK1,5170.0
104,204538_x_at,NPIPA6,131675794.0
105,204547_at,RAB40B,10966.0
106,204550_x_at,GSTM2,2946.0
107,204550_x_at,GSTM4,2948.0
108,204561_x_at,APOC2,344.0
109,204545_at,PEX6,5190.0
110,204534_at,VTN,7448.0
111,204511_at,FARP2,9855.0
112,204549_at,IKBKE,9641.0
113,204546_at,KIAA0513,9764.0
114,204513_s_at,ELMO1,9844.0
115,204490_s_at,CD44,960.0
116,204489_s_at,CD44,960.0
117,204485_s_at,TOM1L1,10040.0
118,204526_s_at,TBC1D8,11138.0
119,204481_at,BRPF1,7862.0
120,204483_at,ENO3,2027.0
121,204514_at,DPH2,1802.0
0,204673_at,MUC2,4583.0
1,204616_at,,
2,204659_s_at,TBL3,10607.0
3,204660_at,GFER,2671.0
4,204659_s_at,GFER,2671.0
5,204623_at,TFF3,7033.0
6,204629_at,PARVB,29780.0
7,204655_at,CCL5,6352.0
8,204624_at,ATP7B,540.0
9,204596_s_at,STC1,6781.0
10,204597_x_at,STC1,6781.0
11,204595_s_at,STC1,6781.0
12,204587_at,SLC25A14,9016.0
13,204602_at,DKK1,22943.0
14,204619_s_at,VCAN,1462.0
15,204620_s_at,VCAN,1462.0
16,204657_s_at,,
17,204615_x_at,IDI1,3422.0
18,204598_at,UBOX5,22888.0
19,204669_s_at,RNF24,11237.0
20,204668_at,RNF24,11237.0
21,204591_at,CHL1,10752.0
22,204610_s_at,CCDC85B,11007.0
23,204583_x_at,KLK3,354.0
24,204582_s_at,KLK3,354.0
25,204614_at,SERPINB2,5055.0
26,204639_at,ADA,100.0
27,204580_at,MMP12,4321.0
28,204586_at,BSN,8927.0
29,204589_at,NUAK1,9891.0
30,204637_at,CGA,1081.0
31,204584_at,L1CAM,3897.0
32,204585_s_at,L1CAM,3897.0
33,204664_at,ALPP,250.0
34,204616_at,UCHL3,7347.0
35,204606_at,CCL21,6366.0
36,204661_at,CD52,1043.0
37,204670_x_at,HLA-DRB1,3123.0
38,204653_at,TFAP2A,7020.0
39,204654_s_at,TFAP2A,7020.0
40,204656_at,SHB,6461.0
41,204657_s_at,SHB,6461.0
42,204605_at,CGRRF1,10668.0
43,204588_s_at,SLC7A7,9056.0
44,204651_at,RNA5SP244,
45,204625_s_at,ITGB3,3690.0
46,204627_s_at,ITGB3,3690.0
47,204628_s_at,ITGB3,3690.0
48,204626_s_at,ITGB3,3690.0
49,204625_s_at,,
50,204608_at,,
51,204643_s_at,ENOX2,10495.0
52,204644_at,ENOX2,10495.0
53,204635_at,RPS6KA5,9252.0
54,204633_s_at,RPS6KA5,9252.0
55,204592_at,DLG4,1742.0
56,204590_x_at,VPS33A,65082.0
57,204593_s_at,MIEF1,54471.0
58,204594_s_at,MIEF1,54471.0
59,204618_s_at,GABPB1,2553.0
60,204638_at,ACP5,54.0
61,204662_at,CCP110,9738.0
62,204658_at,TRA2A,29896.0
63,204599_s_at,MRPL28,10573.0
64,204634_at,NEK4,6787.0
65,204645_at,CCNT2,905.0
66,204581_at,CD22,933.0
67,204612_at,PKIA,5569.0
68,204607_at,HMGCS2,3158.0
69,204666_s_at,SIKE1,80143.0
70,204581_at,FFAR1,2864.0
71,204650_s_at,APBB3,10307.0
72,204641_at,NEK2,4751.0
73,204613_at,PLCG2,5336.0
74,204613_at,PLCG2,105369213.0
75,204578_at,PPIP5K1,9677.0
76,204603_at,EXO1,9156.0
77,204621_s_at,NR4A2,4929.0
78,204622_x_at,NR4A2,4929.0
79,204663_at,ME3,10873.0
80,204671_s_at,ANKRD6,22881.0
81,204672_s_at,ANKRD6,22881.0
82,204579_at,FGFR4,2264.0
83,204636_at,COL17A1,1308.0
84,204608_at,ASL,435.0
85,204617_s_at,ACD,65057.0
86,204574_s_at,MMP19,4327.0
87,204575_s_at,MMP19,4327.0
88,204601_at,N4BP1,9683.0
89,204600_at,EPHB3,2049.0
90,204630_s_at,GOSR1,9527.0
91,204642_at,S1PR1,1901.0
92,204647_at,HOMER3,9454.0
93,204576_s_at,CLUAP1,23059.0
94,204577_s_at,CLUAP1,23059.0
95,204604_at,CDK14,5218.0
96,204652_s_at,NRF1,4899.0
97,204651_at,NRF1,4899.0
98,204611_s_at,PPP2R5B,5526.0
99,204649_at,TROAP,10024.0
100,204632_at,RPS6KA4,8986.0
101,204631_at,MYH2,4620.0
102,204640_s_at,SPOP,8405.0
103,204648_at,NPR1,4881.0
104,204646_at,DPYD,1806.0
0,204752_x_at,PARP2,10038.0
1,204697_s_at,CHGA,1113.0
2,204749_at,NAP1L3,4675.0
3,204750_s_at,DSC2,1824.0
4,204751_x_at,DSC2,1824.0
5,204742_s_at,PDS5B,23047.0
6,204747_at,IFIT3,3437.0
7,204773_at,,
8,204764_at,CHURC1-FNTB,100529261.0
9,204693_at,CDC42EP1,11135.0
10,204765_at,ARHGEF5,7984.0
11,204707_s_at,MAPK4,5596.0
12,204703_at,IFT88,8100.0
13,204694_at,AFP,174.0
14,204732_s_at,TRIM23,373.0
15,204770_at,TAP2,6891.0
16,204769_s_at,TAP2,6891.0
17,204724_s_at,COL9A3,1299.0
18,204759_at,RCBTB2,1102.0
19,204739_at,CENPCP1,
20,204720_s_at,DNAJC6,9829.0
21,204721_s_at,DNAJC6,9829.0
22,204744_s_at,IARS1,3376.0
23,204685_s_at,ATP2B2,491.0
24,204705_x_at,ALDOB,229.0
25,204704_s_at,ALDOB,229.0
26,204748_at,PTGS2,5743.0
27,204746_s_at,PICK1,9463.0
28,204675_at,SRD5A1,6715.0
29,204689_at,HHEX,3087.0
30,204718_at,EPHB6,2051.0
31,204691_x_at,PLA2G6,8398.0
32,204741_at,BICD1,636.0
33,204692_at,SAP25,100316904.0
34,204692_at,,
35,204734_at,KRT15,3866.0
36,204716_at,CCDC6,8030.0
37,204684_at,NPTX1,4884.0
38,204696_s_at,CDC25A,993.0
39,204695_at,CDC25A,993.0
40,204682_at,LTBP2,4053.0
41,204680_s_at,RAPGEF5,9771.0
42,204681_s_at,RAPGEF5,9771.0
43,204761_at,USP6NL,9712.0
44,204725_s_at,IL20RB,53833.0
45,204736_s_at,CSPG4,1464.0
46,204764_at,FNTB,2342.0
47,204764_at,FNTB,100529261.0
48,204753_s_at,HLF,3131.0
49,204755_x_at,HLF,3131.0
50,204754_at,HLF,3131.0
51,204735_at,PDE4A,5141.0
52,204711_at,KIAA0753,9851.0
53,204711_at,,122526780.0
54,204715_at,PANX1,24145.0
55,204676_at,TMEM186,25880.0
56,204762_s_at,GNAO1,2775.0
57,204763_s_at,GNAO1,2775.0
58,204743_at,TAGLN3,29114.0
59,204677_at,CDH5,1003.0
60,204760_s_at,NR1D1,9572.0
61,204674_at,IRAG2,4033.0
62,204698_at,ISG20,3669.0
63,204687_at,PARM1,25849.0
64,204756_at,MAP2K5,5607.0
65,204745_x_at,MT1G,4495.0
66,204766_s_at,NUDT1,4521.0
67,204702_s_at,NFE2L3,9603.0
68,204686_at,IRS1,3667.0
69,204773_at,IL11RA,3590.0
70,204740_at,CNKSR1,10256.0
71,204728_s_at,WDHD1,11169.0
72,204727_at,WDHD1,11169.0
73,204701_s_at,STOML1,9399.0
74,204717_s_at,SLC29A2,3177.0
75,204706_at,INPP5E,56623.0
76,204713_s_at,F5,2153.0
77,204714_s_at,F5,2153.0
78,204757_s_at,C2CD2L,9854.0
79,204758_s_at,C2CD2L,9854.0
80,204709_s_at,KIF23,9493.0
81,204730_at,RIMS3,9783.0
82,204700_x_at,UTP25,27042.0
83,204699_s_at,UTP25,27042.0
84,204771_s_at,TTF1,7270.0
85,204772_s_at,TTF1,7270.0
86,204678_s_at,KCNK1,3775.0
87,204679_at,KCNK1,3775.0
88,204737_s_at,MYH7,4625.0
89,204688_at,SGCE,8910.0
90,204737_s_at,MYH6,4624.0
91,204722_at,SCN3B,55800.0
92,204723_at,SCN3B,55800.0
93,204739_at,CENPC,1060.0
94,204725_s_at,NCK1,4690.0
95,204710_s_at,WIPI2,26100.0
96,204712_at,WIF1,11197.0
97,204719_at,ABCA8,10351.0
98,204690_at,STX8,9482.0
99,204731_at,TGFBR3,7049.0
100,204733_at,KLK6,5653.0
101,204767_s_at,FEN1,2237.0
102,204768_s_at,FEN1,2237.0
103,204683_at,ICAM2,3384.0
104,204729_s_at,STX1A,6804.0
0,204800_s_at,,
1,204837_at,MTMR9,66036.0
2,204866_at,JADE3,9767.0
3,204867_at,GCHFR,2644.0
4,204831_at,CDK8,1024.0
5,204780_s_at,FAS,355.0
6,204781_s_at,FAS,355.0
7,204775_at,CHAF1B,8208.0
8,204823_at,NAV3,89795.0
9,204860_s_at,,
10,204786_s_at,IFNAR2,3455.0
11,204785_x_at,IFNAR2,3455.0
12,204861_s_at,NAIP,4671.0
13,204860_s_at,NAIP,4671.0
14,204848_x_at,,
15,204848_x_at,HBG2,3048.0
16,204848_x_at,HBG1,3047.0
17,204858_s_at,SCO2,9997.0
18,204799_at,ZBED4,9889.0
19,204795_at,PRR3,80742.0
20,204806_x_at,HLA-F,3134.0
21,204800_s_at,DHRS12,79758.0
22,204801_s_at,DHRS12,79758.0
23,204824_at,ENDOG,2021.0
24,204784_s_at,MLF1,4291.0
25,204783_at,MLF1,4291.0
26,204819_at,FGD1,2245.0
27,204830_x_at,PSG5,5673.0
28,204790_at,SMAD7,4092.0
29,204805_s_at,H1-10,8971.0
30,204860_s_at,NAIPP2,
31,204860_s_at,,11039.0
32,204793_at,GPRASP1,9737.0
33,204869_at,PCSK2,5126.0
34,204870_s_at,PCSK2,5126.0
35,204832_s_at,BMPR1AP2,
36,204796_at,EML1,2009.0
37,204797_s_at,EML1,2009.0
38,204834_at,FGL2,10875.0
39,204849_at,TCFL5,10732.0
40,204857_at,,
41,204833_at,ATG12,9140.0
42,204828_at,RAD9A,5883.0
43,204846_at,CP,1356.0
44,204798_at,MYB,4602.0
45,204847_at,ZBTB11,27107.0
46,204825_at,MELK,9833.0
47,204832_s_at,BMPR1A,657.0
48,204779_s_at,HOXB7,3217.0
49,204778_x_at,HOXB7,3217.0
50,204822_at,TTK,7272.0
51,204839_at,POP5,51367.0
52,204843_s_at,PRKAR2A,5576.0
53,204842_x_at,PRKAR2A,5576.0
54,204811_s_at,CACNA2D2,9254.0
55,204777_s_at,MAL,4118.0
56,204818_at,HSD17B2,3294.0
57,204827_s_at,CCNF,899.0
58,204826_at,CCNF,899.0
59,204836_at,GLDC,2731.0
60,204850_s_at,DCX,1641.0
61,204851_s_at,DCX,1641.0
62,204856_at,B3GNT3,10331.0
63,204858_s_at,TYMP,1890.0
64,204794_at,DUSP2,1844.0
65,204862_s_at,NME3,4832.0
66,204791_at,NR2C1,7181.0
67,204852_s_at,PTPN7,5778.0
68,204854_at,P3H3,10536.0
69,204829_s_at,FOLR2,2350.0
70,204774_at,EVI2A,2123.0
71,204787_at,VSIG4,11326.0
72,204821_at,BTN3A3,10384.0
73,204820_s_at,BTN3A3,10384.0
74,204835_at,POLA1,5422.0
75,204828_at,TBC1D10C,374403.0
76,204853_at,ORC2,4999.0
77,204812_at,ZW10,9183.0
78,204868_at,MRPL58,3396.0
79,204807_at,RXYLT1,10329.0
80,204808_s_at,RXYLT1,10329.0
81,204865_at,CA3,761.0
82,204872_at,TLE4,7091.0
83,204809_at,CLPX,10845.0
84,204820_s_at,BTN3A2,11118.0
85,204838_s_at,MLH3,27030.0
86,204859_s_at,APAF1,317.0
87,204873_at,PEX1,5189.0
88,204789_at,FMNL1,752.0
89,204802_at,RRAD,6236.0
90,204803_s_at,RRAD,6236.0
91,204844_at,ENPEP,2028.0
92,204845_s_at,ENPEP,2028.0
93,204776_at,THBS4,7060.0
94,204864_s_at,IL6ST,3572.0
95,204863_s_at,IL6ST,3572.0
96,204815_s_at,DHX34,9704.0
97,204792_s_at,IFT140,9742.0
98,204810_s_at,CKM,1158.0
99,204817_at,ESPL1,9700.0
100,204840_s_at,EEA1,8411.0
101,204841_s_at,EEA1,8411.0
102,204804_at,TRIM21,6737.0
103,204857_at,MAD1L1,8379.0
104,204788_s_at,PPOX,5498.0
0,204954_s_at,DYRK1B,9149.0
1,204919_at,PRR4,5554.0
2,204919_at,PRR4,11272.0
3,204927_at,RASSF7,8045.0
4,204919_at,,
5,204946_s_at,TOP3A,7156.0
6,204923_at,SASH3,54440.0
7,204923_at,,
8,204935_at,PTPN2,5771.0
9,204918_s_at,MLLT3,4300.0
10,204917_s_at,MLLT3,4300.0
11,204892_x_at,EEF1A1P9,
12,204892_x_at,EEF1A1P5,
13,204881_s_at,MIR4668,100616114.0
14,204943_at,ADAM12,8038.0
15,204968_at,C6orf47,57827.0
16,204892_x_at,EEF1A1P13,
17,204967_at,SHROOM2,357.0
18,204944_at,PTPRG,5793.0
19,204960_at,PTPRCAP,5790.0
20,204973_at,GJB1,2705.0
21,204952_at,LYPD3,27076.0
22,204972_at,OAS2,4939.0
23,204910_s_at,TRIM3,10612.0
24,204911_s_at,TRIM3,10612.0
25,204947_at,E2F1,1869.0
26,204942_s_at,ALDH3B2,222.0
27,204941_s_at,ALDH3B2,222.0
28,204928_s_at,SLC10A3,8273.0
29,204971_at,CSTA,1475.0
30,204895_x_at,MUC4,4585.0
31,204887_s_at,PLK4,10733.0
32,204886_at,PLK4,10733.0
33,204908_s_at,BCL3,602.0
34,204907_s_at,BCL3,602.0
35,204882_at,ARHGAP25,9938.0
36,204956_at,MTAP,4507.0
37,204966_at,ADGRB2,576.0
38,204914_s_at,SOX11,6664.0
39,204915_s_at,SOX11,6664.0
40,204913_s_at,SOX11,6664.0
41,204894_s_at,AOC3,8639.0
42,204964_s_at,SSPN,8082.0
43,204963_at,SSPN,8082.0
44,204892_x_at,EEF1A1P6,
45,204949_at,ICAM3,3385.0
46,204899_s_at,SAP30,8819.0
47,204900_x_at,SAP30,8819.0
48,204881_s_at,UGCG,7357.0
49,204965_at,GC,2638.0
50,204931_at,TCF21,6943.0
51,204930_s_at,BNIP1,662.0
52,204961_s_at,NCF1B,
53,204961_s_at,NCF1B,654816.0
54,204905_s_at,EEF1E1,9521.0
55,204889_s_at,NEURL1,9148.0
56,204888_s_at,NEURL1,9148.0
57,204961_s_at,NCF1C,
58,204961_s_at,NCF1C,654817.0
59,204877_s_at,TAOK2,9344.0
60,204878_s_at,TAOK2,9344.0
61,204876_at,ZNF646,9726.0
62,204962_s_at,CENPA,1058.0
63,204950_at,CARD8,22900.0
64,204953_at,SNAP91,9892.0
65,204901_at,BTRC,8945.0
66,204955_at,SRPX,8406.0
67,204936_at,MAP4K2,5871.0
68,204948_s_at,FST,10468.0
69,204922_at,TOP6BL,79703.0
70,204875_s_at,GMDS,2762.0
71,204937_s_at,ZNF274,10782.0
72,204933_s_at,TNFRSF11B,4982.0
73,204932_at,TNFRSF11B,4982.0
74,204938_s_at,PLN,5350.0
75,204939_s_at,PLN,5350.0
76,204940_at,PLN,5350.0
77,204934_s_at,HPN,3249.0
78,204926_at,INHBA,3624.0
79,204925_at,CTNS,1497.0
80,204879_at,PDPN,10630.0
81,204912_at,IL10RA,3587.0
82,204951_at,RHOH,399.0
83,204897_at,PTGER4,5734.0
84,204896_s_at,PTGER4,5734.0
85,204909_at,DDX6,1656.0
86,204880_at,MGMT,4255.0
87,204874_x_at,BAIAP3,8938.0
88,204924_at,TLR2,7097.0
89,204957_at,ORC5,5001.0
90,204906_at,RPS6KA2,6196.0
91,204892_x_at,EEF1A1,1915.0
92,204893_s_at,ZFYVE9,9372.0
93,204969_s_at,RDX,5962.0
94,204960_at,CORO1B,57175.0
95,204958_at,PLK3,1263.0
96,204970_s_at,MAFG,4097.0
97,204885_s_at,MSLN,10232.0
98,204921_at,GAS8,2622.0
99,204916_at,RAMP1,10267.0
100,204903_x_at,ATG4B,23192.0
101,204902_s_at,ATG4B,23192.0
102,204883_s_at,HUS1,3364.0
103,204884_s_at,HUS1,3364.0
104,204961_s_at,NCF1,653361.0
105,204945_at,PTPRN,5798.0
106,204920_at,CPS1,1373.0
107,204929_s_at,VAMP5,10791.0
108,204891_s_at,LCK,3932.0
109,204890_s_at,LCK,3932.0
110,204959_at,MNDA,4332.0
111,204904_at,GJA4,2701.0
0,205001_s_at,DDX3Y,8653.0
1,205000_at,DDX3Y,8653.0
2,204979_s_at,GET1-SH3BGR,106865373.0
3,205009_at,TFF1,7031.0
4,205004_at,,55922.0
5,205033_s_at,DEFA1B,1667.0
6,205033_s_at,DEFA1B,1668.0
7,205033_s_at,DEFA1B,728358.0
8,204981_at,SLC67A1,5002.0
9,205033_s_at,DEFA1,1667.0
10,205033_s_at,DEFA3,1668.0
11,205013_s_at,SPECC1L-ADORA2A,
12,204976_s_at,AMMECR1,9949.0
13,204979_s_at,SH3BGR,6450.0
14,205069_s_at,ARHGAP26,23092.0
15,205068_s_at,ARHGAP26,23092.0
16,205029_s_at,FABP7,2173.0
17,205030_at,FABP7,2173.0
18,204998_s_at,MIR4751,100616483.0
19,204999_s_at,MIR4751,100616483.0
20,205035_at,CTDP1,9150.0
21,205018_s_at,MBNL2,10150.0
22,205017_s_at,MBNL2,10150.0
23,205037_at,IFT27,11020.0
24,205020_s_at,ARL4AP2,
25,205004_at,NKRF,55922.0
26,205053_at,,
27,205013_s_at,ADORA2A,135.0
28,205049_s_at,CD79A,973.0
29,205067_at,IL1B,3553.0
30,204994_at,MX2,4600.0
31,205054_at,NEB,4703.0
32,205041_s_at,ORM2,5005.0
33,204999_s_at,ATF5,22809.0
34,204998_s_at,ATF5,22809.0
35,205050_s_at,MAPK8IP2,23542.0
36,204988_at,FGB,2244.0
37,205032_at,ITGA2,3673.0
38,205044_at,GABRP,2568.0
39,204987_at,ITIH2,3698.0
40,205064_at,SPRR1B,6699.0
41,205031_at,EFNB3,1949.0
42,205053_at,PRIM1,5557.0
43,205062_x_at,ARID4A,5926.0
44,205051_s_at,KIT,3815.0
45,205003_at,DOCK4,9732.0
46,204993_at,GNAZ,2781.0
47,205010_at,GNL3L,54552.0
48,204974_at,RAB3A,5864.0
49,205060_at,PARG,8505.0
50,204991_s_at,NF2,4771.0
51,204984_at,GPC4,2239.0
52,204983_s_at,GPC4,2239.0
53,205066_s_at,ENPP1,5167.0
54,205065_at,ENPP1,5167.0
55,205034_at,CCNE2,9134.0
56,205011_at,VWA5A,4013.0
57,205047_s_at,,
58,205048_s_at,PSPHP1,
59,205048_s_at,,
60,204992_s_at,PFN2,5217.0
61,204985_s_at,TRAPPC6A,79090.0
62,205016_at,TGFA,7039.0
63,205015_s_at,TGFA,7039.0
64,205070_at,ING3,54556.0
65,204986_s_at,TAOK2,9344.0
66,204977_at,DDX10,1662.0
67,205024_s_at,RAD51,5888.0
68,205023_at,RAD51,5888.0
69,205036_at,LSM6,11157.0
70,205021_s_at,FOXN3,1112.0
71,205022_s_at,FOXN3,1112.0
72,204997_at,GPD1,2819.0
73,205020_s_at,ARL4A,10124.0
74,205040_at,ORM1,5004.0
75,205041_s_at,ORM1,5004.0
76,205028_at,TRO,7216.0
77,205006_s_at,NMT2,9397.0
78,205005_s_at,NMT2,9397.0
79,205007_s_at,CIB2,10518.0
80,205008_s_at,CIB2,10518.0
81,205073_at,CYP2J2,1573.0
82,205012_s_at,HAGH,3029.0
83,205071_x_at,XRCC4,7518.0
84,205072_s_at,XRCC4,7518.0
85,205049_s_at,ARHGEF1,9138.0
86,205045_at,AKAP10,11216.0
87,205014_at,FGFBP1,9982.0
88,205063_at,GEMIN2,8487.0
89,205042_at,GNE,10020.0
90,205052_at,AUH,549.0
91,205046_at,CENPE,1062.0
92,205061_s_at,EXOSC9,5393.0
93,205043_at,CFTR,1080.0
94,205057_s_at,IDUA,3425.0
95,205059_s_at,IDUA,3425.0
96,204980_at,CLOCK,9575.0
97,204978_at,CLASRP,11129.0
98,204990_s_at,ITGB4,3691.0
99,204989_s_at,ITGB4,3691.0
100,204982_at,GIT2,9815.0
101,205056_s_at,GPR162,27239.0
102,205055_at,ITGAE,3682.0
103,205019_s_at,VIPR1,7433.0
104,205026_at,STAT5B,6777.0
105,205027_s_at,MAP3K8,1326.0
106,204995_at,CDK5R1,8851.0
107,204996_s_at,CDK5R1,8851.0
108,204975_at,EMP2,2013.0
109,205047_s_at,ASNS,440.0
110,205048_s_at,PSPH,5723.0
111,205039_s_at,IKZF1,10320.0
112,205025_at,ZBTB48,3104.0
113,205002_at,AHDC1,27245.0
0,205108_s_at,APOB,338.0
1,205084_at,BCAP29,55973.0
2,205136_s_at,NUFIP1,26747.0
3,205134_s_at,NUFIP1,26747.0
4,205135_s_at,NUFIP1,26747.0
5,205075_at,SERPINF2,5345.0
6,205147_x_at,NCF4,4689.0
7,205106_at,CMC4,100272147.0
8,205114_s_at,CCL3,6348.0
9,205114_s_at,CCL3L3,6349.0
10,205114_s_at,CCL3L3,414062.0
11,205113_at,NEFM,4741.0
12,205114_s_at,,
13,205158_at,,
14,205123_s_at,MSANTD3-TMEFF1,100526694.0
15,205122_at,MSANTD3-TMEFF1,100526694.0
16,205160_at,PEX11A,8800.0
17,205161_s_at,PEX11A,8800.0
18,205124_at,BORCS8-MEF2B,
19,205134_s_at,NUFIP1P1,
20,205135_s_at,NUFIP1P1,
21,205081_at,,
22,205159_at,CSF2RB,1439.0
23,205077_s_at,,
24,205091_x_at,,
25,205116_at,LAMA2,3908.0
26,205106_at,MTCP1,4515.0
27,205110_s_at,FGF13,2258.0
28,205165_at,CELSR3,1951.0
29,205164_at,GCAT,23464.0
30,205102_at,TMPRSS2,7113.0
31,205102_at,TMPRSS2,124905021.0
32,205133_s_at,HSPE1-MOB4,100529241.0
33,205087_at,TLCD4-RWDD3,100527978.0
34,205152_at,SLC6A1,6529.0
35,205128_x_at,PTGS1,5742.0
36,205127_at,PTGS1,5742.0
37,205107_s_at,EFNA4,1945.0
38,205141_at,ANG,283.0
39,205158_at,ANG,283.0
40,205130_at,MOK,5891.0
41,205153_s_at,CD40,958.0
42,205112_at,PLCE1,51196.0
43,205111_s_at,PLCE1,51196.0
44,205121_at,SGCB,6443.0
45,205120_s_at,SGCB,6443.0
46,205131_x_at,CLEC11A,6320.0
47,205097_at,SLC26A2,1836.0
48,205124_at,MEF2B,4207.0
49,205124_at,MEF2B,100271849.0
50,205151_s_at,TRIL,9865.0
51,205150_s_at,TRIL,9865.0
52,205086_s_at,NCAPH2,29781.0
53,205109_s_at,SMIM39,113523639.0
54,205129_at,NPM3,10360.0
55,205149_s_at,CLCN4,1183.0
56,205148_s_at,CLCN4,1183.0
57,205167_s_at,CDC25C,995.0
58,205084_at,DUS4L-BCAP29,115253422.0
59,205138_s_at,UST,10090.0
60,205139_s_at,UST,10090.0
61,205081_at,CRIP1,1396.0
62,205123_s_at,TMEFF1,8577.0
63,205122_at,TMEFF1,8577.0
64,205162_at,ERCC8,1161.0
65,205146_x_at,APBA3,9546.0
66,205172_x_at,CLTB,1212.0
67,205094_at,PEX12,5193.0
68,205166_at,CAPN5,726.0
69,205104_at,SNPH,9751.0
70,205096_at,POM121,9883.0
71,205157_s_at,KRT17,3872.0
72,205089_at,ZNF7,7553.0
73,205133_s_at,HSPE1,3336.0
74,205098_at,CCR1,1230.0
75,205099_s_at,CCR1,1230.0
76,205132_at,ACTC1,70.0
77,205109_s_at,ARHGEF4,50649.0
78,205088_at,MAMLD1,10046.0
79,205092_x_at,ZBTB1,22890.0
80,205078_at,PIGF,5281.0
81,205077_s_at,PIGF,5281.0
82,205142_x_at,ABCD1,215.0
83,205118_at,FPR1,2357.0
84,205119_s_at,FPR1,2357.0
85,205074_at,SLC22A5,6584.0
86,205079_s_at,MPDZ,8777.0
87,205100_at,GFPT2,9945.0
88,205117_at,FGF1,2246.0
89,205140_at,FPGT,8790.0
90,205173_x_at,CD58,965.0
91,205080_at,RARB,5915.0
92,205143_at,NCAN,1463.0
93,205090_s_at,NAGPA,51172.0
94,205163_at,MYL11,29895.0
95,205158_at,RNASE4,6038.0
96,205087_at,RWDD3,25950.0
97,205145_s_at,MYL5,4636.0
98,205105_at,MAN2A1,4124.0
99,205154_at,LRRN2,10446.0
100,205093_at,PLEKHA6,22874.0
101,205125_at,PLCD1,5333.0
102,205137_x_at,USH1C,10083.0
103,205170_at,STAT2,6773.0
104,205155_s_at,SPTBN2,6712.0
105,205156_s_at,ASIC1,41.0
106,205091_x_at,RECQL,5965.0
107,205101_at,CIITA,4261.0
108,205115_s_at,RBM19,9904.0
109,205076_s_at,MTMR11,10903.0
110,205082_s_at,AOX1,316.0
111,205083_at,AOX1,316.0
112,205171_at,PTPN4,5775.0
113,205095_s_at,ATP6V0A1,535.0
114,205169_at,RBBP5,5929.0
115,205085_at,ORC1,4998.0
116,205126_at,VRK2,7444.0
117,205168_at,DDR2,4921.0
0,205213_at,ACAP1,9744.0
1,205212_s_at,ACAP1,9744.0
2,205224_at,SURF2,6835.0
3,205204_at,NMB,4828.0
4,205272_s_at,PRR4,5554.0
5,205272_s_at,PRR4,11272.0
6,205272_s_at,PRH2,5555.0
7,205272_s_at,PRH1,5554.0
8,205272_s_at,,
9,205266_at,LIF,3976.0
10,205244_s_at,SLC13A3,64849.0
11,205243_at,SLC13A3,64849.0
12,205248_at,DOP1B,9980.0
13,205198_s_at,ATP7A,538.0
14,205197_s_at,ATP7A,538.0
15,205218_at,POLR3F,10621.0
16,205231_s_at,EPM2A,7957.0
17,205242_at,CXCL13,10563.0
18,205228_at,RBMS2P1,
19,205264_at,POLR1G,10849.0
20,205241_at,SCO2,9997.0
21,205185_at,SPINK5,11005.0
22,205220_at,HCAR2,338442.0
23,205220_at,HCAR3,8843.0
24,205228_at,RNU6-343P,
25,205205_at,RELB,5971.0
26,205247_at,NOTCH4,4855.0
27,205267_at,POU2AF1,5450.0
28,205258_at,INHBB,3625.0
29,205206_at,ANOS1,3730.0
30,205265_s_at,SPEG,10290.0
31,205217_at,TIMM8A,1678.0
32,205259_at,NR3C2,4306.0
33,205199_at,CA9,768.0
34,205260_s_at,ACYP1,97.0
35,205255_x_at,TCF7,6932.0
36,205254_x_at,TCF7,6932.0
37,205238_at,TRMT2B,79979.0
38,205189_s_at,FANCC,2176.0
39,205189_s_at,FANCC,105376156.0
40,205251_at,PER2,8864.0
41,205228_at,RBMS2,5939.0
42,205180_s_at,ADAM8,101.0
43,205179_s_at,ADAM8,101.0
44,205235_s_at,KIF20B,9585.0
45,205193_at,MAFF,23764.0
46,205200_at,CLEC3B,7123.0
47,205253_at,PBX1,5087.0
48,205191_at,RP2,6102.0
49,205222_at,EHHADH,1962.0
50,205177_at,TNNI1,7135.0
51,205209_at,ACVR1B,91.0
52,205200_at,EXOSC7,23016.0
53,205223_at,DEPDC5,9681.0
54,205202_at,PCMT1,5110.0
55,205182_s_at,ZNF446,55663.0
56,205250_s_at,CEP290,80184.0
57,205271_s_at,CDK20,23552.0
58,205201_at,GLI3,2737.0
59,205230_at,RPH3A,22895.0
60,205268_s_at,ADD2,119.0
61,205214_at,STK17B,9262.0
62,205237_at,FCN1,2219.0
63,205196_s_at,AP1S1,1174.0
64,205195_at,AP1S1,1174.0
65,205216_s_at,APOH,350.0
66,205225_at,ESR1,2099.0
67,205178_s_at,RBBP6,5930.0
68,205226_at,PDGFRL,5157.0
69,205188_s_at,SMAD5,4090.0
70,205187_at,SMAD5,4090.0
71,205261_at,PGC,5225.0
72,205181_at,ZSCAN9,7746.0
73,205256_at,ZBTB39,9880.0
74,205263_at,BCL10,8915.0
75,205236_x_at,SOD3,6649.0
76,205262_at,KCNH2,3757.0
77,205239_at,AREG,374.0
78,205229_s_at,COCH,1690.0
79,205219_s_at,GALK2,2585.0
80,205273_s_at,PITRM1,10531.0
81,205245_at,PARD6A,50855.0
82,205182_s_at,ZNF324,25799.0
83,205269_at,LCP2,3937.0
84,205270_s_at,LCP2,3937.0
85,205252_at,ZNF174,7727.0
86,205240_at,GPSM2,29899.0
87,205221_at,HGD,3081.0
88,205232_s_at,PAFAH2,5051.0
89,205233_s_at,PAFAH2,5051.0
90,205215_at,RNF2,6045.0
91,205203_at,PLD1,5337.0
92,205208_at,ALDH1L1,10840.0
93,205257_s_at,AMPH,273.0
94,205174_s_at,QPCT,25797.0
95,205207_at,IL6,3569.0
96,205190_at,PLS1,5357.0
97,205194_at,PSPH,5723.0
98,205211_s_at,RIN1,9610.0
99,205227_at,IL1RAP,3556.0
100,205192_at,MAP3K14,9020.0
101,205176_s_at,ITGB3BP,23421.0
102,205175_s_at,KHK,3795.0
103,205210_at,TGFBRAP1,9392.0
104,205184_at,GNG4,2786.0
105,205234_at,SLC16A4,9122.0
106,205246_at,PEX13,5194.0
107,205186_at,DNALI1,7802.0
0,205337_at,DCT,1638.0
1,205338_s_at,DCT,1638.0
2,205330_at,MN1,4330.0
3,205328_at,CLDN10,9071.0
4,205281_s_at,PIGA,5277.0
5,205313_at,HNF1B,6928.0
6,205349_at,GNA15,2769.0
7,205291_at,IL2RB,3560.0
8,205336_at,PVALB,5816.0
9,205320_at,APC2,10297.0
10,205335_s_at,,
11,205287_s_at,TFAP2C,7022.0
12,205286_at,TFAP2C,7022.0
13,205358_at,GRIA2,2891.0
14,205361_s_at,PFDN4,5203.0
15,205362_s_at,PFDN4,5203.0
16,205360_at,PFDN4,5203.0
17,205296_at,RBL1,5933.0
18,205356_at,,
19,205359_at,AKAP6,9472.0
20,205344_at,CSPG5,10675.0
21,205333_s_at,RCE1,9986.0
22,205347_s_at,TMSB15A,11013.0
23,205373_at,CTNNA2,1496.0
24,205321_at,EIF2S3B,255308.0
25,205301_s_at,OGG1,4968.0
26,205353_s_at,PEBP1P2,
27,205355_at,ACADSB,36.0
28,205308_at,ZC2HC1A,51101.0
29,205285_s_at,FYB1,2533.0
30,205350_at,CRABP1,1381.0
31,205302_at,IGFBP1,3484.0
32,205312_at,SPI1,6688.0
33,205277_at,PRDM2,7799.0
34,205331_s_at,REEP2,51308.0
35,205290_s_at,BMP2,650.0
36,205289_at,BMP2,650.0
37,205324_s_at,FTSJ1,24140.0
38,205310_at,FBXO46,23403.0
39,205340_at,ZBTB24,9841.0
40,205335_s_at,SRP19,6728.0
41,205276_s_at,GTPBP1,9567.0
42,205278_at,GAD1,2571.0
43,205326_at,RAMP3,10268.0
44,205318_at,KIF5A,3798.0
45,205325_at,PHYHIP,9796.0
46,205364_at,ACOX2,8309.0
47,205345_at,BARD1,580.0
48,205357_s_at,AGTR1,185.0
49,205353_s_at,PEBP1,5037.0
50,205293_x_at,BAIAP2,10458.0
51,205294_at,BAIAP2,10458.0
52,205329_s_at,SNX4,8723.0
53,205368_at,FAM131B,9715.0
54,205323_s_at,MTF1,4520.0
55,205322_s_at,MTF1,4520.0
56,205334_at,S100A1,6271.0
57,205295_at,CKMT2,1160.0
58,205372_at,PLAG1,5324.0
59,205321_at,EIF2S3,1968.0
60,205297_s_at,CD79B,974.0
61,205348_s_at,DYNC1I1,1780.0
62,205346_at,ST3GAL2,6483.0
63,205351_at,GGCX,2677.0
64,205305_at,FGL1,2267.0
65,205309_at,SMPDL3B,27293.0
66,205341_at,EHD2,30846.0
67,205353_s_at,RETSAT,54884.0
68,205363_at,BBOX1,8424.0
69,205283_at,FKTN,2218.0
70,205327_s_at,ACVR2A,92.0
71,205280_at,GLRB,2743.0
72,205279_s_at,GLRB,2743.0
73,205303_at,KCNJ8,3764.0
74,205304_s_at,KCNJ8,3764.0
75,205300_s_at,SNRNP35,11066.0
76,205299_s_at,BTN2A2,10385.0
77,205298_s_at,BTN2A2,10385.0
78,205292_s_at,HNRNPA2B1,3181.0
79,205315_s_at,SNTB2,6645.0
80,205342_s_at,SULT1C2,6819.0
81,205343_at,SULT1C2,6819.0
82,205366_s_at,HOXB6,3216.0
83,205365_at,HOXB6,3216.0
84,205284_at,URB2,9816.0
85,205354_at,GAMT,2593.0
86,205352_at,SERPINI1,5274.0
87,205282_at,LRP8,7804.0
88,205356_at,USP13,8975.0
89,205311_at,DDC,1644.0
90,205370_x_at,DBT,1629.0
91,205369_x_at,DBT,1629.0
92,205371_s_at,DBT,1629.0
93,205339_at,STIL,6491.0
94,205316_at,SLC15A2,6565.0
95,205317_s_at,SLC15A2,6565.0
96,205367_at,SH2B2,10603.0
97,205288_at,CDC14A,8556.0
98,205306_x_at,KMO,8564.0
99,205307_s_at,KMO,8564.0
0,205471_s_at,DACH1,1602.0
1,205472_s_at,DACH1,1602.0
2,205388_at,TNNC2,7125.0
3,205419_at,GPR183,1880.0
4,205379_at,CBR3,874.0
5,205439_at,GSTT2,2953.0
6,205392_s_at,CCL14,6358.0
7,205392_s_at,CCL15-CCL14,
8,205428_s_at,CALB2,794.0
9,205399_at,DCLK1,9201.0
10,205384_at,,
11,205439_at,GSTT2B,653689.0
12,205387_s_at,,
13,205387_s_at,CGB5,93659.0
14,205391_x_at,ANK1,286.0
15,205389_s_at,ANK1,286.0
16,205390_s_at,ANK1,286.0
17,205387_s_at,CGB2,114336.0
18,205422_s_at,ITGBL1,9358.0
19,205451_at,FOXO4,4303.0
20,205387_s_at,CGB3,1082.0
21,205445_at,PRL,5617.0
22,205382_s_at,CFD,1675.0
23,205387_s_at,CGB1,114335.0
24,205411_at,STK4,6789.0
25,205396_at,SMAD3,4088.0
26,205398_s_at,SMAD3,4088.0
27,205397_x_at,SMAD3,4088.0
28,205400_at,WAS,7454.0
29,205436_s_at,H2AX,3014.0
30,205449_at,SAC3D1,29901.0
31,205415_s_at,ATXN3,4287.0
32,205416_s_at,ATXN3,4287.0
33,205376_at,INPP4B,8821.0
34,205473_at,VAX2,25806.0
35,205443_at,SNAPC1,6617.0
36,205423_at,AP1B1,162.0
37,205384_at,FXYD1,5348.0
38,205402_x_at,PRSS2,5645.0
39,205421_at,SLC22A3,6581.0
40,205438_at,PTPN21,11099.0
41,205456_at,CD3E,916.0
42,205427_at,ZNF354A,6940.0
43,205433_at,BCHE,590.0
44,205431_s_at,BMP5,653.0
45,205430_at,BMP5,653.0
46,205380_at,PDZK1P1,
47,205407_at,RECK,8434.0
48,205441_at,OCEL1,79629.0
49,205408_at,MLLT10,8028.0
50,205393_s_at,CHEK1,1111.0
51,205394_at,CHEK1,1111.0
52,205387_s_at,CGB7,94027.0
53,205406_s_at,SPA17,53340.0
54,205375_at,MDFI,4188.0
55,205380_at,,
56,205387_s_at,CGB8,94115.0
57,205453_at,HOXB2,3212.0
58,205420_at,PEX7,5191.0
59,205473_at,ATP6V1B1,525.0
60,205452_at,PIGB,9488.0
61,205450_at,PHKA1,5255.0
62,205457_at,ILRUN,64771.0
63,205434_s_at,AAK1,22848.0
64,205435_s_at,AAK1,22848.0
65,205414_s_at,ARHGAP44,9912.0
66,205458_at,MC1R,4157.0
67,205429_s_at,PALS2,51678.0
68,205455_at,MST1R,4486.0
69,205413_at,MPPED2,744.0
70,205401_at,AGPS,8540.0
71,205437_at,ZNF211,10520.0
72,205395_s_at,MRE11,4361.0
73,205418_at,FES,2242.0
74,205465_x_at,HS3ST1,9957.0
75,205466_s_at,HS3ST1,9957.0
76,205405_at,SEMA5A,9037.0
77,205424_at,TBKBP1,9755.0
78,205447_s_at,MAP3K12,7786.0
79,205448_s_at,MAP3K12,7786.0
80,205470_s_at,KLK11,11012.0
81,205386_s_at,MDM2,4193.0
82,205442_at,MFAP3L,9848.0
83,205442_at,MFAP3L,101928198.0
84,205425_at,HIP1,3092.0
85,205426_s_at,HIP1,3092.0
86,205440_s_at,NPY1R,4886.0
87,205464_at,SCNN1B,6338.0
88,205463_s_at,PDGFA,5154.0
89,205378_s_at,ACHE,43.0
90,205377_s_at,ACHE,43.0
91,205469_s_at,IRF5,3663.0
92,205468_s_at,IRF5,3663.0
93,205461_at,RAB35,11021.0
94,205410_s_at,ATP2B4,493.0
95,205412_at,ACAT1,38.0
96,205432_at,OVGP1,5016.0
97,205374_at,SLN,6588.0
98,205454_at,HPCA,3208.0
99,205444_at,ATP2A1,487.0
100,205381_at,LRRC17,10234.0
101,205417_s_at,DAG1,1605.0
102,205409_at,FOSL2,2355.0
103,205462_s_at,HPCAL1,3241.0
104,205460_at,NPAS2,4862.0
105,205459_s_at,NPAS2,4862.0
106,205467_at,CASP10,843.0
107,205403_at,IL1R2,7850.0
108,205380_at,PDZK1,5174.0
109,205446_s_at,ATF2,1386.0
110,205404_at,HSD11B1,3290.0
0,205549_at,PCP4,5121.0
1,205517_at,GATA4,2626.0
2,205499_at,SRPX2,27286.0
3,205541_s_at,GSPT2,23708.0
4,205501_at,PDE10A,10846.0
5,205501_at,PDE10A,90632.0
6,205548_s_at,BTG3,10950.0
7,205487_s_at,VGLL1,51442.0
8,205552_s_at,OAS1,4938.0
9,205555_s_at,MSX2,4488.0
10,205496_at,,
11,205539_at,AVIL,10677.0
12,205485_at,RYR1,6261.0
13,205482_x_at,ARL2-SNX15,
14,205512_s_at,AIFM1,9131.0
15,205476_at,CCL20,6364.0
16,205518_s_at,CMAHP,
17,205560_at,PCSK5,5125.0
18,205559_s_at,PCSK5,5125.0
19,205503_at,PTPN14,5784.0
20,205477_s_at,AMBP,259.0
21,205561_at,KCTD17,79734.0
22,205500_at,C5,727.0
23,205510_s_at,GABPB1-IT1,55056.0
24,205511_at,GABPB1-IT1,55056.0
25,205572_at,ANGPT2,285.0
26,205515_at,PRSS12,8492.0
27,205518_s_at,CMAHP,8418.0
28,205568_at,AQP9,366.0
29,205543_at,HSPA4L,22824.0
30,205475_at,SCRG1,11341.0
31,205565_s_at,FXN,2395.0
32,205488_at,GZMA,3001.0
33,205484_at,SIT1,27240.0
34,205504_at,BTK,695.0
35,205557_at,BPI,671.0
36,205513_at,TCN1,6947.0
37,205498_at,GHR,2690.0
38,205532_s_at,CDH6,1004.0
39,205533_s_at,CDH6,1004.0
40,205562_at,RPP38,10557.0
41,205527_s_at,GEMIN4,50628.0
42,205570_at,PIP4K2A,5305.0
43,205558_at,TRAF6,7189.0
44,205531_s_at,GLS2,27165.0
45,205554_s_at,DNASE1L3,1776.0
46,205523_at,HAPLN1,1404.0
47,205524_s_at,HAPLN1,1404.0
48,205528_s_at,RUNX1T1,862.0
49,205529_s_at,RUNX1T1,862.0
50,205479_s_at,PLAU,5328.0
51,205482_x_at,SNX15,29907.0
52,205514_at,ZNF415,55786.0
53,205538_at,CORO2A,7464.0
54,205540_s_at,RRAGB,10325.0
55,205495_s_at,GNLY,10578.0
56,205566_at,ABHD2,11057.0
57,205507_at,ARHGEF15,22899.0
58,205535_s_at,PCDH7,5099.0
59,205534_at,PCDH7,5099.0
60,205492_s_at,DPYSL4,10570.0
61,205493_s_at,DPYSL4,10570.0
62,205536_at,VAV2,7410.0
63,205537_s_at,VAV2,7410.0
64,205563_at,REN,5972.0
65,205489_at,CRYM,1428.0
66,205496_at,KIAA0408,9729.0
67,205547_s_at,TAGLN,6876.0
68,205564_at,PAGE4,9506.0
69,205481_at,ADORA1,134.0
70,205551_at,SV2B,9899.0
71,205563_at,KISS1,3814.0
72,205480_s_at,UGP2,7360.0
73,205491_s_at,GJB3,2707.0
74,205490_x_at,GJB3,2707.0
75,205505_at,GCNT1,2650.0
76,205474_at,CRLF3,51379.0
77,205506_at,VIL1,7429.0
78,205508_at,HPN,3249.0
79,205571_at,LIPT1,51601.0
80,205530_at,ETFDH,2110.0
81,205569_at,LAMP3,27074.0
82,205519_at,WDR76,79968.0
83,205545_x_at,DNAJC8,22826.0
84,205516_x_at,CIZ1,25792.0
85,205521_at,EXOG,9941.0
86,205544_s_at,CR2,1380.0
87,205546_s_at,TYK2,7297.0
88,205508_at,SCN1B,6324.0
89,205502_at,CYP17A1,1586.0
90,205553_s_at,CSRP3,8048.0
91,205497_at,ZNF175,7728.0
92,205494_at,ZNF821,55565.0
93,205526_s_at,KATNA1,11104.0
94,205542_at,STEAP1,26872.0
95,205483_s_at,ISG15,9636.0
96,205520_at,STRN,6801.0
97,205567_at,CHST1,8534.0
98,205478_at,PPP1R1A,5502.0
99,205509_at,CPB1,1360.0
100,205486_at,TESK2,10420.0
101,205525_at,CALD1,800.0
102,205550_s_at,BABAM2,9577.0
103,205573_s_at,SNX7,51375.0
0,205606_at,LRP6,4040.0
1,205614_x_at,,
2,205669_at,NCAM2,4685.0
3,205637_s_at,SH3GL3,6457.0
4,205656_at,PCDH17,27253.0
5,205620_at,F10,2159.0
6,205593_s_at,PDE9A,5152.0
7,205595_at,DSG3,1830.0
8,205574_x_at,BMP1,649.0
9,205631_at,KIAA0586,9786.0
10,205602_x_at,PSG7,5676.0
11,205576_at,SERPIND1,3053.0
12,205671_s_at,,
13,205638_at,ADGRB3,577.0
14,205603_s_at,DIAPH2,1730.0
15,205610_at,MYOM1,8736.0
16,205671_s_at,HLA-DOB,3112.0
17,205582_s_at,GGT5,2687.0
18,205673_s_at,ASB9,140462.0
19,205597_at,SLC44A4,80736.0
20,205628_at,PRIM2BP,
21,205646_s_at,PAX6,5080.0
22,205635_at,KALRN,8997.0
23,205621_at,ALKBH1,8846.0
24,205663_at,PCBP3,54039.0
25,205614_x_at,MST1,4485.0
26,205652_s_at,TTLL1,25809.0
27,205583_s_at,ALG13,79868.0
28,205584_at,ALG13,79868.0
29,205653_at,CTSG,1511.0
30,205604_at,HOXD9,3235.0
31,205660_at,OASL,8638.0
32,205666_at,FMO1,2326.0
33,205644_s_at,SNRPGP15,
34,205645_at,REPS2,9185.0
35,205672_at,XPA,7507.0
36,205628_at,,
37,205625_s_at,CALB1,793.0
38,205626_s_at,CALB1,793.0
39,205628_at,,101930420.0
40,205634_x_at,ZDHHC24,254359.0
41,205622_at,SMPD2,6610.0
42,205658_s_at,SNAPC4,6621.0
43,205592_at,SLC4A1,6521.0
44,205664_at,KIN,22944.0
45,205611_at,TNFSF13,8741.0
46,205640_at,ALDH3B1,221.0
47,205662_at,B9D1,27077.0
48,205644_s_at,SNRPGP10,
49,205615_at,CPA1,1357.0
50,205614_x_at,MST1L,
51,205616_at,GALNT8,26290.0
52,205590_at,RASGRP1,10125.0
53,205624_at,CPA3,1359.0
54,205600_x_at,HOXB5,3215.0
55,205601_s_at,HOXB5,3215.0
56,205628_at,PRIM2,5558.0
57,205629_s_at,CRH,1392.0
58,205630_at,CRH,1392.0
59,205608_s_at,ANGPT1,284.0
60,205609_at,ANGPT1,284.0
61,205575_at,C1QL1,10882.0
62,205632_s_at,PIP5K1B,8395.0
63,205643_s_at,PPP2R2B,5521.0
64,205614_x_at,MST1P2,
65,205633_s_at,ALAS1,211.0
66,205618_at,PRRG1,5638.0
67,205670_at,GAL3ST1,9514.0
68,205659_at,HDAC9,9734.0
69,205644_s_at,SNRPG,6637.0
70,205619_s_at,MEOX1,4222.0
71,205639_at,AOAH,313.0
72,205581_s_at,NOS3,4846.0
73,205650_s_at,FGA,2243.0
74,205649_s_at,FGA,2243.0
75,205661_s_at,FLAD1,80308.0
76,205657_at,HAAO,23498.0
77,205588_s_at,CEP43,11116.0
78,205627_at,CDA,978.0
79,205667_at,WRN,7486.0
80,205599_at,TRAF1,7185.0
81,205642_at,CNTRL,11064.0
82,205596_s_at,SMURF2,64750.0
83,205578_at,ROR2,4920.0
84,205585_at,ETV6,2120.0
85,205612_at,MMRN1,22915.0
86,205647_at,RAD52,5893.0
87,205648_at,WNT2,7472.0
88,205591_at,OLFM1,10439.0
89,205611_at,TNFSF12,8742.0
90,205623_at,ALDH3A1,218.0
91,205641_s_at,TRADD,8717.0
92,205594_at,ZNF652,22834.0
93,205617_at,PRRG2,5639.0
94,205589_at,MYL3,4634.0
95,205580_s_at,HRH1,3269.0
96,205579_at,HRH1,3269.0
97,205613_at,SYT17,51760.0
98,205665_at,TSPAN9,10867.0
99,205577_at,PYGM,5837.0
100,205598_at,TRAIP,10293.0
101,205655_at,MDM4,4194.0
102,205651_x_at,RAPGEF4,11069.0
103,205668_at,LY75,4065.0
104,205654_at,C4BPA,722.0
105,205607_s_at,SCYL3,57147.0
0,205762_s_at,DUS4L,11062.0
1,205761_s_at,DUS4L,11062.0
2,205727_at,TEP1,7011.0
3,205677_s_at,,
4,205693_at,TNNT3,7140.0
5,205691_at,SYNGR3,9143.0
6,205677_s_at,DLEU1,10301.0
7,205677_s_at,DLEU1,100874074.0
8,205708_s_at,TRPM2,7226.0
9,205756_s_at,F8,2157.0
10,205694_at,TYRP1,7306.0
11,205681_at,BCL2A1,597.0
12,205679_x_at,ACAN,176.0
13,205678_at,AP3B2,8120.0
14,205728_at,TENM1,10178.0
15,205675_at,MTTP,4547.0
16,205759_s_at,SULT2B1,6820.0
17,205682_x_at,APOM,55937.0
18,205717_x_at,PCDHGA1,56114.0
19,205717_x_at,PCDHGA2,56113.0
20,205717_x_at,PCDHGA3,56112.0
21,205717_x_at,PCDHGB1,56104.0
22,205717_x_at,PCDHGA4,56111.0
23,205717_x_at,PCDHGB2,56103.0
24,205717_x_at,PCDHGA5,56110.0
25,205717_x_at,PCDHGB3,56102.0
26,205717_x_at,PCDHGA6,56109.0
27,205717_x_at,PCDHGA7,56108.0
28,205717_x_at,PCDHGB4,8641.0
29,205717_x_at,PCDHGA8,9708.0
30,205717_x_at,PCDHGA9,56107.0
31,205717_x_at,PCDHGA10,56106.0
32,205717_x_at,PCDHGB7,56099.0
33,205717_x_at,PCDHGA11,56105.0
34,205717_x_at,PCDHGA12,26025.0
35,205717_x_at,PCDHGC3,5098.0
36,205717_x_at,PCDHGC4,56098.0
37,205717_x_at,PCDHGC5,56097.0
38,205717_x_at,PCDHGB5,56101.0
39,205767_at,EREG,2069.0
40,205717_x_at,PCDHGB6,56100.0
41,205726_at,DIAPH2,1730.0
42,205737_at,KCNQ2,3785.0
43,205680_at,MMP10,4319.0
44,205730_s_at,ABLIM3,22885.0
45,205674_x_at,FXYD6-FXYD2,100533181.0
46,205710_at,LRP2,4036.0
47,205685_at,CD86,942.0
48,205686_s_at,CD86,942.0
49,205734_s_at,AFF3,3899.0
50,205735_s_at,AFF3,3899.0
51,205712_at,PTPRD,5789.0
52,205676_at,CYP27B1,1594.0
53,205753_at,CRP,1401.0
54,205760_s_at,OGG1,4968.0
55,205692_s_at,CD38,952.0
56,205731_s_at,NCOA2,10499.0
57,205732_s_at,NCOA2,10499.0
58,205758_at,CD8A,925.0
59,205704_s_at,ATP6V0A2,23545.0
60,205724_at,PKP1,5317.0
61,205754_at,F2,2147.0
62,205711_x_at,ATP5F1C,509.0
63,205725_at,SCGB1A1,7356.0
64,205771_s_at,AKAP7,9465.0
65,205769_at,SLC27A2,11001.0
66,205768_s_at,SLC27A2,11001.0
67,205695_at,SDS,10993.0
68,205750_at,BPHL,670.0
69,205733_at,BLM,641.0
70,205741_s_at,DTNA,1837.0
71,205719_s_at,PAH,5053.0
72,205747_at,CBLN1,869.0
73,205770_at,GSR,2936.0
74,205743_at,STAC,6769.0
75,205707_at,IL17RA,23765.0
76,205688_at,TFAP4,7023.0
77,205773_at,CPEB3,22849.0
78,205701_at,IPO8,10526.0
79,205723_at,CNTFR,1271.0
80,205740_s_at,RBM42,79171.0
81,205715_at,BST1,683.0
82,205765_at,CYP3A5,1577.0
83,205713_s_at,COMP,1311.0
84,205766_at,TCAP,8557.0
85,205700_at,HSD17B6,8630.0
86,205739_x_at,ZNF107,51427.0
87,205751_at,SH3GL2,6456.0
88,205763_s_at,DDX18,8886.0
89,205749_at,CYP1A1,1543.0
90,205696_s_at,GFRA1,2674.0
91,205684_s_at,DENND4C,55667.0
92,205687_at,UBFD1,56061.0
93,205698_s_at,MAP2K6,5608.0
94,205699_at,MAP2K6,5608.0
95,205689_at,PCNX2,80003.0
96,205720_at,POMC,5443.0
97,205729_at,OSMR,9180.0
98,205742_at,TNNI3,7137.0
99,205722_s_at,GFRA2,2675.0
100,205721_at,GFRA2,2675.0
101,205709_s_at,CDS1,1040.0
102,205757_at,ENTPD5,957.0
103,205748_s_at,RNF126,55658.0
104,205683_x_at,TPSB2,64499.0
105,205745_x_at,ADAM17,6868.0
106,205746_s_at,ADAM17,6868.0
107,205683_x_at,TPSAB1,7177.0
108,205706_s_at,ANKRD26,22852.0
109,205705_at,ANKRD26,22852.0
110,205714_s_at,RASSF1,11186.0
111,205697_at,SCGN,10590.0
112,205755_at,ITIH3,3699.0
113,205718_at,ITGB7,3695.0
114,205674_x_at,FXYD2,486.0
115,205744_at,DOC2A,8448.0
116,205690_s_at,BUD31,8896.0
117,205714_s_at,ZMYND10,51364.0
118,205716_at,SLC25A40,55972.0
119,205736_at,PGAM2,5224.0
120,205752_s_at,GSTM5,2949.0
121,205702_at,PHTF1,10745.0
122,205738_s_at,FABP3,2170.0
0,205855_at,ZNF197,10168.0
1,205855_at,ZNF197,110354863.0
2,205847_at,PRSS22,64063.0
3,205795_at,NRXN3,9369.0
4,205864_at,SLC7A4,6545.0
5,205792_at,CCN5,8839.0
6,205850_s_at,GABRB3,2562.0
7,205837_s_at,GYPA,2993.0
8,205838_at,GYPA,2993.0
9,205794_s_at,NOVA1,4857.0
10,205837_s_at,,
11,205783_at,KLK13,26085.0
12,205861_at,SPIB,6689.0
13,205824_at,HSPB2-C11orf52,
14,205784_x_at,ARVCF,421.0
15,205806_at,ROM1,6094.0
16,205787_x_at,ZC3H11C,441155.0
17,205788_s_at,ZC3H11C,441155.0
18,205828_at,MMP3,4314.0
19,205833_s_at,,
20,205822_s_at,HMGCS1,3157.0
21,205826_at,MYOM2,9172.0
22,205799_s_at,,
23,205852_at,CDK5R2,8941.0
24,205860_x_at,FOLH1B,
25,205815_at,REG3A,5068.0
26,205821_at,KLRK1,22914.0
27,205821_at,KLRK1,100528032.0
28,205802_at,TRPC1,7220.0
29,205803_s_at,TRPC1,7220.0
30,205821_at,KLRC4-KLRK1,
31,205833_s_at,PART1,25859.0
32,205834_s_at,PART1,25859.0
33,205777_at,DUSP9,1852.0
34,205823_at,RGS12,6002.0
35,205787_x_at,ZC3H11A,9877.0
36,205788_s_at,ZC3H11A,9877.0
37,205860_x_at,,219595.0
38,205813_s_at,MAT1A,4143.0
39,205782_at,FGF7,2252.0
40,205869_at,PRSS1,5644.0
41,205798_at,IL7R,3575.0
42,205805_s_at,ROR1,4919.0
43,205856_at,SLC14A1,6563.0
44,205778_at,KLK7,5650.0
45,205774_at,F12,2161.0
46,205829_at,HSD17B1,3292.0
47,205840_x_at,GH1,2688.0
48,205840_x_at,,
49,205820_s_at,APOC3,345.0
50,205844_at,VNN1,8876.0
51,205780_at,BIK,638.0
52,205873_at,PIGL,9487.0
53,205787_x_at,ZBED6,100381270.0
54,205788_s_at,ZBED6,100381270.0
55,205787_x_at,ZC3H11B,643136.0
56,205788_s_at,ZC3H11B,643136.0
57,205859_at,LY86,9450.0
58,205863_at,S100A12,6283.0
59,205791_x_at,ZNF230,7773.0
60,205839_s_at,TSPOAP1,9256.0
61,205843_x_at,CRAT,1384.0
62,205845_at,CACNA1H,8912.0
63,205812_s_at,TMED9,54732.0
64,205849_s_at,UQCRB,7381.0
65,205871_at,,
66,205858_at,NGFR,4804.0
67,205865_at,ARID3A,1820.0
68,205808_at,ASPH,444.0
69,205854_at,TULP3,7289.0
70,205816_at,ITGB8,3696.0
71,205817_at,SIX1,6495.0
72,205825_at,PCSK1,5122.0
73,205871_at,PLGLB1,5343.0
74,205872_x_at,,
75,205799_s_at,SLC3A1,6519.0
76,205824_at,HSPB2,3316.0
77,205835_s_at,YTHDC2,64848.0
78,205836_s_at,YTHDC2,64848.0
79,205848_at,GAS2,2620.0
80,205851_at,NME6,10201.0
81,205810_s_at,WASL,8976.0
82,205809_s_at,WASL,8976.0
83,205831_at,CD2,914.0
84,205779_at,RAMP2,10266.0
85,205811_at,POLG2,11232.0
86,205818_at,BRINP1,1620.0
87,205786_s_at,ITGAM,3684.0
88,205842_s_at,JAK2,3717.0
89,205841_at,JAK2,3717.0
90,205857_at,SLC18A2,6571.0
91,205797_s_at,TCP11L1,55346.0
92,205796_at,TCP11L1,55346.0
93,205775_at,FAM50B,26240.0
94,205871_at,PLG,5340.0
95,205870_at,BDKRB2,624.0
96,205846_at,PTPRB,5787.0
97,205827_at,CCK,885.0
98,205830_at,CLGN,1047.0
99,205860_x_at,FOLH1,2346.0
100,205814_at,GRM3,2913.0
101,205776_at,FMO5,2330.0
102,205781_at,VPS9D1,9605.0
103,205807_s_at,TUFT1,7286.0
104,205862_at,GREB1,9687.0
105,205867_at,PTPN11,5781.0
106,205868_s_at,PTPN11,5781.0
107,205819_at,MARCO,8685.0
108,205789_at,CD1D,912.0
109,205790_at,SKAP1,8631.0
110,205804_s_at,TRAF3IP3,80342.0
111,205801_s_at,RASGRP3,25780.0
112,205871_at,PLGLB2,5342.0
113,205853_at,ZBTB7B,51043.0
114,205866_at,FCN3,8547.0
0,205897_at,NFATC4,4776.0
1,205963_s_at,DNAJA3,9093.0
2,205948_at,PTPRT,11122.0
3,205899_at,CCNA1,8900.0
4,205933_at,SETBP1,26040.0
5,205971_s_at,CTRB2,440387.0
6,205971_s_at,CTRB1,1504.0
7,205932_s_at,MSX1,4487.0
8,205965_at,BATF,10538.0
9,205910_s_at,CEL,1056.0
10,205941_s_at,COL10A1,1300.0
11,205905_s_at,MICB,4277.0
12,205880_at,PRKD1,5587.0
13,205914_s_at,GRIN1,2902.0
14,205915_x_at,GRIN1,2902.0
15,205900_at,KRT1,3848.0
16,205943_at,TDO2,6999.0
17,205912_at,PNLIP,5406.0
18,205967_at,H4C3,8364.0
19,205881_at,ZNF74,7625.0
20,205928_at,ZNF799,90576.0
21,205928_at,ZNF443,10224.0
22,205919_at,,
23,205919_at,HBE1,3046.0
24,205877_s_at,ZC3H7B,23264.0
25,205957_at,,
26,205922_at,VNN2,8875.0
27,205890_s_at,GABBR1,2550.0
28,205890_s_at,UBD,10537.0
29,205875_s_at,TREX1,11277.0
30,205878_at,POU6F1,5463.0
31,205905_s_at,MICA,100507436.0
32,205904_at,MICA,100507436.0
33,205884_at,ITGA4,3676.0
34,205885_s_at,ITGA4,3676.0
35,205949_at,CA1,759.0
36,205950_s_at,CA1,759.0
37,205893_at,NLGN1,22871.0
38,205908_s_at,OMD,4958.0
39,205907_s_at,OMD,4958.0
40,205917_at,ZNF264,9422.0
41,205926_at,IL27RA,9466.0
42,205952_at,KCNK3,3777.0
43,205957_at,PLXNB3,5365.0
44,205955_at,,
45,205934_at,PLCL1,5334.0
46,205937_at,CGREF1,10669.0
47,205901_at,PNOC,5368.0
48,205939_at,CYP3A7,1551.0
49,205923_at,RELN,5649.0
50,205966_at,TAF13,6884.0
51,205959_at,MMP13,4322.0
52,205956_x_at,PSMC3IP,29893.0
53,205935_at,FOXF1,2294.0
54,205969_at,AADAC,13.0
55,205958_x_at,CSHL1,1444.0
56,205879_x_at,RET,5979.0
57,205916_at,S100A7A,338324.0
58,205938_at,PPM1E,22843.0
59,205958_x_at,CSH2,1443.0
60,205958_x_at,CSH1,1442.0
61,205958_x_at,CSH1,1444.0
62,205972_at,SLC38A3,10991.0
63,205891_at,ADORA2B,136.0
64,205944_s_at,CLTCL1,8218.0
65,205961_s_at,PSIP1,11168.0
66,205896_at,SLC22A4,6583.0
67,205895_s_at,NOLC1,9221.0
68,205906_at,FOXJ1,2302.0
69,205894_at,ARSL,415.0
70,205913_at,PLIN1,5346.0
71,205876_at,LIFR,3977.0
72,205902_at,KCNN3,3782.0
73,205903_s_at,KCNN3,3782.0
74,205929_at,GPA33,10223.0
75,205960_at,PDK4,5166.0
76,205909_at,POLE2,5427.0
77,205882_x_at,ADD3,120.0
78,205874_at,ITPKA,3706.0
79,205889_s_at,JAKMIP2,9832.0
80,205888_s_at,JAKMIP2,9832.0
81,205875_s_at,ATRIP,84126.0
82,205920_at,SLC6A6,6533.0
83,205921_s_at,SLC6A6,6533.0
84,205892_s_at,FABP1,2168.0
85,205931_s_at,CREB5,9586.0
86,205887_x_at,MSH3,4437.0
87,205925_s_at,RAB3B,5865.0
88,205924_at,RAB3B,5865.0
89,205936_s_at,HK3,3101.0
90,205883_at,ZBTB16,7704.0
91,205947_s_at,VIPR2,7434.0
92,205946_at,VIPR2,7434.0
93,205942_s_at,ACSM3,6296.0
94,205911_at,PTH1R,5745.0
95,205930_at,GTF2E1,2960.0
96,205964_at,ZNF426,79088.0
97,205951_at,MYH1,4619.0
98,205898_at,CX3CR1,1524.0
99,205968_at,KCNS3,3790.0
100,205940_at,MYH3,4621.0
101,205918_at,SLC4A3,6508.0
102,205916_at,S100A7,6278.0
103,205886_at,REG1B,5968.0
104,205945_at,IL6R,3570.0
105,205927_s_at,CTSE,1510.0
106,205954_at,RXRG,6258.0
107,205953_at,LRIG2,9860.0
0,206009_at,ITGA9,3680.0
1,206008_at,TGM1,7051.0
2,205977_s_at,EPHA1,2041.0
3,205978_at,KL,9365.0
4,206032_at,DSC3,1825.0
5,206033_s_at,DSC3,1825.0
6,206004_at,,
7,206004_at,TGM3,7053.0
8,206063_x_at,PPIL2,23759.0
9,206064_s_at,PPIL2,23759.0
10,206034_at,SERPINB8,5271.0
11,206045_s_at,NOL4,8715.0
12,205980_s_at,PRR5-ARHGAP8,553158.0
13,205981_s_at,ING2,3622.0
14,206037_at,,883.0
15,206037_at,,127739546.0
16,206040_s_at,MAPK11,5600.0
17,206018_at,FOXG1,2290.0
18,206022_at,NDP,4693.0
19,205989_s_at,MOG,4340.0
20,205990_s_at,WNT5A,7474.0
21,206042_x_at,SNURF,8926.0
22,206042_x_at,,
23,206062_at,GUCA1ANB-GUCA1A,118142757.0
24,206062_at,GUCA1A,2978.0
25,206026_s_at,TNFAIP6,7130.0
26,206025_s_at,TNFAIP6,7130.0
27,205991_s_at,PRRX1,5396.0
28,205979_at,SCGB2A1,4246.0
29,206020_at,SOCS6,9306.0
30,206021_at,,
31,205987_at,CD1C,911.0
32,206072_at,UCN,7349.0
33,206065_s_at,DPYS,1807.0
34,206061_s_at,DICER1,23405.0
35,206012_at,LEFTY2,7044.0
36,206067_s_at,WT1,7490.0
37,206010_at,HABP2,3026.0
38,206003_at,CEP135,9662.0
39,205980_s_at,ARHGAP8,23779.0
40,206059_at,ZNF91,7644.0
41,205984_at,CRHBP,1393.0
42,206024_at,HPD,3242.0
43,206000_at,MEP1A,4224.0
44,206047_at,GNB3,2784.0
45,206011_at,CASP1,834.0
46,206054_at,KNG1,3827.0
47,206055_s_at,SNRPA1P1,
48,206071_s_at,EPHA3,2042.0
49,206070_s_at,EPHA3,2042.0
50,205982_x_at,SFTPC,6440.0
51,205997_at,ADAM28,10863.0
52,206029_at,ANKRD1,27063.0
53,205999_x_at,CYP3A4,1576.0
54,205998_x_at,CYP3A4,1576.0
55,205975_s_at,HOXD1,3231.0
56,206055_s_at,SNRPA1,6627.0
57,206016_at,CCDC22,28952.0
58,206030_at,ASPA,443.0
59,205986_at,AATK,9625.0
60,206001_at,NPY,4852.0
61,206053_at,ZNF510,22869.0
62,206007_at,PRG4,10216.0
63,206039_at,RAB33A,9363.0
64,206002_at,ADGRG2,10149.0
65,205985_x_at,CLCNKB,1188.0
66,206044_s_at,BRAF,673.0
67,205996_s_at,AK2,204.0
68,206052_s_at,SLBP,7884.0
69,205983_at,DPEP1,1800.0
70,206037_at,KYAT1,883.0
71,206042_x_at,SNRPN,6638.0
72,206046_at,ADAM23,8745.0
73,206005_s_at,CEP162,22832.0
74,206006_s_at,CEP162,22832.0
75,206074_s_at,HMGA1,3159.0
76,206066_s_at,RAD51C,5889.0
77,206017_at,KIAA0319,9856.0
78,206043_s_at,ATP2C2,9914.0
79,206023_at,NMU,10874.0
80,205992_s_at,IL15,3600.0
81,206060_s_at,PTPN22,26191.0
82,206057_x_at,SPN,6693.0
83,206056_x_at,SPN,6693.0
84,206036_s_at,REL,5966.0
85,206073_at,COLQ,8292.0
86,206058_at,SLC6A12,6539.0
87,206028_s_at,MERTK,10461.0
88,206031_s_at,USP5,8078.0
89,206019_at,RBM19,9904.0
90,205995_x_at,IQCB1,9657.0
91,206038_s_at,NR2C2,7182.0
92,205993_s_at,TBX2,6909.0
93,206014_at,ACTL6B,51412.0
94,206013_s_at,ACTL6B,51412.0
95,206068_s_at,ACADL,33.0
96,206069_s_at,ACADL,33.0
97,206049_at,SELP,6403.0
98,205988_at,CD84,8832.0
99,206015_s_at,FOXJ3,22887.0
100,205976_at,FASTKD2,22868.0
101,206051_at,ELAVL4,1996.0
102,206027_at,S100A3,6274.0
103,205994_at,ELK4,2005.0
0,206148_at,IL3RA,3563.0
1,206096_at,ZNF35,7584.0
2,206097_at,SLC67A1-AS,5003.0
3,206141_at,MOCS3,27304.0
4,206102_at,GINS1,9837.0
5,206092_x_at,RTEL1-TNFRSF6B,
6,206167_s_at,ARHGAP6,395.0
7,206105_at,AFF2,2334.0
8,206111_at,RNASE2,6036.0
9,206080_at,PLCH2,9651.0
10,206140_at,LHX2,9355.0
11,206170_at,ADRB2,154.0
12,206084_at,PTPRR,5801.0
13,206137_at,RIMS2,9699.0
14,206128_at,ADRA2C,152.0
15,206083_at,ADGRB1,575.0
16,206169_x_at,ZC3H7B,23264.0
17,206110_at,H3C10,8357.0
18,206145_at,RHAG,6005.0
19,206146_s_at,RHAG,6005.0
20,206132_at,MCC,4163.0
21,206125_s_at,,
22,206163_at,MAB21L1,4081.0
23,206155_at,ABCC2,1244.0
24,206099_at,PRKCH,5583.0
25,206099_at,,
26,206093_x_at,TNXB,7148.0
27,206126_at,CXCR5,643.0
28,206082_at,HCP5,10866.0
29,206078_at,KALRN,8997.0
30,206094_x_at,UGT1A9,54600.0
31,206094_x_at,UGT1A6,54578.0
32,206094_x_at,UGT1A1,54658.0
33,206094_x_at,UGT1A4,54657.0
34,206106_at,MAPK12,6300.0
35,206147_x_at,SCML2,10389.0
36,206087_x_at,HFE,3077.0
37,206086_x_at,HFE,3077.0
38,206144_at,MAGI1,9223.0
39,206115_at,EGR3,1960.0
40,206135_at,ST18,9705.0
41,206094_x_at,UGT1A3,54659.0
42,206094_x_at,UGT1A8,54576.0
43,206094_x_at,UGT1A5,54579.0
44,206094_x_at,UGT1A7,54577.0
45,206101_at,ECM2,1842.0
46,206134_at,ADAMDEC1,27299.0
47,206094_x_at,UGT1A10,54575.0
48,206108_s_at,SRSF6,6431.0
49,206154_at,RLBP1,6017.0
50,206098_at,ZBTB6,10773.0
51,206159_at,GDF10,2662.0
52,206174_s_at,PPP6C,5537.0
53,206079_at,CHML,1122.0
54,206079_at,CHML,23596.0
55,206151_x_at,CELA3B,23436.0
56,206151_x_at,,
57,206093_x_at,TNXA,
58,206093_x_at,,
59,206077_at,KEL,3792.0
60,206121_at,AMPD1,270.0
61,206112_at,ANKRD7,56311.0
62,206075_s_at,CSNK2A1,1457.0
63,206122_at,SOX15,6665.0
64,206153_at,CYP4F11,57834.0
65,206119_at,BHMT,635.0
66,206125_s_at,KLK8,11202.0
67,206171_at,ADORA3,140.0
68,206081_at,SLC24A1,9187.0
69,206165_s_at,CLCA2,9635.0
70,206166_s_at,CLCA2,9635.0
71,206164_at,CLCA2,9635.0
72,206160_at,APOBEC2,10930.0
73,206150_at,CD27,939.0
74,206131_at,CLPS,1208.0
75,206090_s_at,DISC1,27185.0
76,206116_s_at,TPM1,7168.0
77,206117_at,TPM1,7168.0
78,206109_at,FUT1,2523.0
79,206129_s_at,ARSB,411.0
80,206113_s_at,RAB5A,5868.0
81,206091_at,MATN3,4148.0
82,206142_at,ZNF135,7694.0
83,206149_at,CHP2,63928.0
84,206092_x_at,RTEL1,51750.0
85,206143_at,SLC26A3,1811.0
86,206173_x_at,GABPB1,2553.0
87,206172_at,IL13RA2,3598.0
88,206127_at,ELK3,2004.0
89,206114_at,EPHA4,2043.0
90,206124_s_at,LLGL1,3996.0
91,206123_at,LLGL1,3996.0
92,206120_at,CD33,945.0
93,206162_x_at,SYT5,6861.0
94,206161_s_at,SYT5,6861.0
95,206152_at,AGAP2,116986.0
96,206103_at,RAC3,5881.0
97,206136_at,FZD5,7855.0
98,206156_at,GJB5,2709.0
99,206085_s_at,CTH,1491.0
100,206133_at,XAF1,54739.0
101,206158_s_at,CNBP,7555.0
102,206150_at,TAPBPL,55080.0
103,206104_at,ISL1,3670.0
104,206107_at,RGS11,8786.0
105,206139_at,PI4KB,5298.0
106,206138_s_at,PI4KB,5298.0
107,206100_at,CPM,1368.0
108,206130_s_at,ASGR2,433.0
109,206095_s_at,SRSF10,10772.0
110,206076_at,LRRC23,10233.0
111,206089_at,NELL1,4745.0
112,206157_at,PTX3,5806.0
113,206118_at,STAT4,6775.0
0,206260_at,TGM4,7047.0
1,206220_s_at,RASA3,22821.0
2,206221_at,RASA3,22821.0
3,206255_at,BLK,640.0
4,206273_at,PRELID3A,10650.0
5,206224_at,CST1,1469.0
6,206217_at,EDA,1896.0
7,206230_at,LHX1,3975.0
8,206218_at,MAGEB2,4113.0
9,206233_at,B4GALT6,9331.0
10,206232_s_at,B4GALT6,9331.0
11,206199_at,CEACAM7,1087.0
12,206206_at,CD180,4064.0
13,206269_at,GCM1,8521.0
14,206184_at,CRKL,1399.0
15,206193_s_at,CDSN,1041.0
16,206247_at,MICB,4277.0
17,206239_s_at,SPINK1,6690.0
18,206270_at,PRKCG,5582.0
19,206252_s_at,AVPR1A,552.0
20,206251_s_at,AVPR1A,552.0
21,206250_x_at,AVPR1A,552.0
22,206216_at,,
23,206213_at,WNT10B,7480.0
24,206189_at,UNC5C,8633.0
25,206183_s_at,HERC3,8916.0
26,206188_at,ZNF623,9831.0
27,206207_at,CLC,1178.0
28,206192_at,CDSN,1041.0
29,206185_at,CRYBB1,1414.0
30,206235_at,LIG4,3981.0
31,206194_at,HOXC4,3221.0
32,206253_at,DLG2,1740.0
33,206215_at,OPCML,4978.0
34,206211_at,SELE,6401.0
35,206258_at,ST8SIA5,29906.0
36,206222_at,TNFRSF10C,8794.0
37,206262_at,ADH1C,126.0
38,206268_at,,
39,206256_at,CPN1,1369.0
40,206229_x_at,PAX2,5076.0
41,206228_at,PAX2,5076.0
42,206236_at,GPR4,2828.0
43,206240_s_at,ZNF136,7695.0
44,206212_at,CPA2,1358.0
45,206203_at,RCVRN,5957.0
46,206177_s_at,ARG1,383.0
47,206265_s_at,GPLD1,2822.0
48,206264_at,GPLD1,2822.0
49,206225_at,ZNF507,22847.0
50,206238_s_at,YAF2,10138.0
51,206195_x_at,GH2,2689.0
52,206226_at,HRG,3273.0
53,206267_s_at,MATK,4145.0
54,206191_at,ENTPD3,956.0
55,206227_at,CILP,8483.0
56,206231_at,KCNN1,3780.0
57,206237_s_at,NRG1,3084.0
58,206175_x_at,ZNF222,7673.0
59,206261_at,ZNF239,8187.0
60,206179_s_at,TPPP,11076.0
61,206248_at,PRKCE,5581.0
62,206216_at,SRPK3,26576.0
63,206259_at,PROC,5624.0
64,206201_s_at,MEOX2,4223.0
65,206242_at,TM4SF5,9032.0
66,206176_at,BMP6,654.0
67,206223_at,LMTK2,22853.0
68,206180_x_at,ZNF747,65988.0
69,206271_at,TLR3,7098.0
70,206186_at,MPP3,4356.0
71,206181_at,SLAMF1,6504.0
72,206182_at,ZNF134,7693.0
73,206198_s_at,CEACAM7,1087.0
74,206243_at,TIMP4,7079.0
75,206244_at,CR1,1378.0
76,206254_at,EGF,1950.0
77,206234_s_at,MMP17,4326.0
78,206204_at,GRB14,2888.0
79,206249_at,MAP3K13,9175.0
80,206214_at,PLA2G7,7941.0
81,206257_at,CCDC9,26093.0
82,206210_s_at,CETP,1071.0
83,206197_at,NME5,8382.0
84,206200_s_at,ANXA11,311.0
85,206274_s_at,CROCC,9696.0
86,206219_s_at,VAV1,7409.0
87,206241_at,KPNA5,3841.0
88,206196_s_at,RUNDC3A,10900.0
89,206187_at,PTGIR,5739.0
90,206246_at,PFKFB4,5210.0
91,206205_at,MPHOSPH9,10198.0
92,206208_at,CA4,762.0
93,206209_s_at,CA4,762.0
94,206268_at,LEFTY1,10637.0
95,206190_at,GPR17,2840.0
96,206245_s_at,IVNS1ABP,10625.0
97,206263_at,FMO4,2329.0
98,206178_at,PLA2G5,5322.0
99,206272_at,RAB4A,5867.0
0,206374_at,DUSP8,1850.0
1,206279_at,,5616.0
2,206314_at,ZKSCAN7,55888.0
3,206356_s_at,GNAL,2774.0
4,206355_at,GNAL,2774.0
5,206326_at,GRP,2922.0
6,206325_at,SERPINA6,866.0
7,206319_s_at,EPPIN,57119.0
8,206318_at,EPPIN,57119.0
9,206342_x_at,,
10,206322_at,SYN3,8224.0
11,206299_at,NALF2,27112.0
12,206309_at,CNMD,11061.0
13,206276_at,LY6D,8581.0
14,206349_at,LGI1,9211.0
15,206336_at,CXCL6,6372.0
16,206334_at,LIPF,8513.0
17,206288_at,PGGT1B,5229.0
18,206330_s_at,SHC3,53358.0
19,206307_s_at,FOXD1,2297.0
20,206339_at,CARTPT,9607.0
21,206341_at,IL2RA,3559.0
22,206286_s_at,CRIPTO3,6998.0
23,206310_at,SPINK2,6691.0
24,206316_s_at,KNTC1,9735.0
25,206373_at,ZIC1,7545.0
26,206306_at,RYR3,6263.0
27,206357_at,OPA3,80207.0
28,206313_at,HLA-DOA,3111.0
29,206311_s_at,PLA2G1B,5319.0
30,206366_x_at,XCL2,6846.0
31,206348_s_at,PDK3,5165.0
32,206347_at,PDK3,5165.0
33,206365_at,XCL1,6375.0
34,206366_x_at,XCL1,6375.0
35,206320_s_at,SMAD9,4093.0
36,206287_s_at,,
37,206282_at,NEUROD1,4760.0
38,206350_at,APCS,325.0
39,206321_at,RFX1,5989.0
40,206281_at,ADCYAP1,116.0
41,206346_at,PRLR,5618.0
42,206297_at,CTRC,11330.0
43,206303_s_at,NUDT4P2,
44,206302_s_at,NUDT4P2,
45,206290_s_at,RGS7,6000.0
46,206338_at,ELAVL3,1995.0
47,206293_at,SULT2A1,6822.0
48,206292_s_at,SULT2A1,6822.0
49,206361_at,CCDC86-AS1,127138859.0
50,206361_at,PTGDR2,11251.0
51,206363_at,MAF,4094.0
52,206289_at,,
53,206358_at,PRM1,5619.0
54,206342_x_at,IDS,3423.0
55,206303_s_at,NUDT4B,440672.0
56,206302_s_at,NUDT4B,440672.0
57,206354_at,SLCO1B3,28234.0
58,206289_at,HOXA4,3201.0
59,206340_at,NR1H4,9971.0
60,206343_s_at,NRG1,3084.0
61,206296_x_at,MAP4K1,11184.0
62,206324_s_at,DAPK2,23604.0
63,206333_at,MSI1,4440.0
64,206284_x_at,CLTB,1212.0
65,206291_at,NTS,4922.0
66,206362_x_at,MAP3K10,4294.0
67,206317_s_at,ABCB8,11194.0
68,206345_s_at,PON1,5444.0
69,206344_at,PON1,5444.0
70,206308_at,TRDMT1,1787.0
71,206337_at,CCR7,1236.0
72,206367_at,REN,5972.0
73,206305_s_at,C8A,731.0
74,206283_s_at,TAL1,6886.0
75,206352_s_at,PEX10,5192.0
76,206351_s_at,PEX10,5192.0
77,206359_at,SOCS3,9021.0
78,206360_s_at,SOCS3,9021.0
79,206329_at,EXTL1,2134.0
80,206303_s_at,NUDT4,11163.0
81,206302_s_at,NUDT4,11163.0
82,206353_at,COX6A2,1339.0
83,206295_at,IL18,3606.0
84,206371_at,FOLR3,2352.0
85,206275_s_at,MICAL2,9645.0
86,206301_at,TEC,7006.0
87,206280_at,CDH18,1016.0
88,206364_at,KIF14,9928.0
89,206335_at,GALNS,2588.0
90,206286_s_at,CRIPTO,6997.0
91,206369_s_at,PIK3CG,5294.0
92,206370_at,PIK3CG,5294.0
93,206287_s_at,ITIH4,3700.0
94,206368_at,CPLX2,10814.0
95,206372_at,MYF6,4618.0
96,206298_at,ARHGAP22,58504.0
97,206328_at,CDH15,1013.0
98,206327_s_at,CDH15,1013.0
99,206300_s_at,PTHLH,5744.0
100,206315_at,CRLF1,9244.0
101,206332_s_at,IFI16,3428.0
102,206312_at,GUCY2C,2984.0
103,206294_at,HSD3B2,3284.0
104,206277_at,P2RY2,5029.0
105,206285_at,NPHP1,4867.0
106,206331_at,CALCRL,10203.0
107,206278_at,PTAFR,5724.0
108,206304_at,MYBPH,4608.0
0,206449_s_at,MASP1,5648.0
1,206393_at,TNNI2,7136.0
2,206420_at,IGSF6,10261.0
3,206404_at,FGF9,2254.0
4,206431_x_at,TBC1D9B,23061.0
5,206400_at,LGALS7B,3963.0
6,206400_at,LGALS7B,653499.0
7,206400_at,LGALS7,3963.0
8,206400_at,LGALS7,653499.0
9,206401_s_at,MAPT,4137.0
10,206467_x_at,RTEL1-TNFRSF6B,
11,206409_at,TIAM1,7074.0
12,206380_s_at,,
13,206421_s_at,SERPINB7,8710.0
14,206432_at,HAS2,3037.0
15,206424_at,,
16,206424_at,CYP26A1,1592.0
17,206377_at,FOXF2,2295.0
18,206437_at,S1PR4,8698.0
19,206408_at,LRRTM2,26045.0
20,206415_at,TLL1,7092.0
21,206426_at,MLANA,2315.0
22,206427_s_at,MLANA,2315.0
23,206436_at,MPPED1,758.0
24,206430_at,CDX1,1044.0
25,206390_x_at,PF4,5196.0
26,206390_x_at,,
27,206397_x_at,GDF1,2657.0
28,206470_at,PLXNC1,10154.0
29,206471_s_at,PLXNC1,10154.0
30,206429_at,F2RL1,2150.0
31,206387_at,CDX2,1045.0
32,206413_s_at,,
33,206397_x_at,CERS1,10715.0
34,206439_at,EPYC,1833.0
35,206443_at,RORB,6096.0
36,206442_at,SEMG1,6406.0
37,206386_at,SERPINA7,6906.0
38,206403_at,ZNF536,9745.0
39,206403_at,,
40,206402_s_at,ATF7-NPFF,114108587.0
41,206451_at,CRYGS,1427.0
42,206455_s_at,RHO,6010.0
43,206454_s_at,RHO,6010.0
44,206422_at,GCG,2641.0
45,206450_at,DBH,1621.0
46,206473_at,MBTPS2,51360.0
47,206381_at,SCN2A,6326.0
48,206378_at,SCGB2A2,4250.0
49,206463_s_at,DHRS2,10202.0
50,206464_at,BMX,660.0
51,206413_s_at,TCL1B,9623.0
52,206466_at,ACSBG1,23205.0
53,206465_at,ACSBG1,23205.0
54,206385_s_at,ANK3,288.0
55,206375_s_at,HSPB3,8988.0
56,206452_x_at,PTPA,5524.0
57,206448_at,ZNF365,22891.0
58,206406_at,SMCP,4184.0
59,206410_at,NR0B2,8431.0
60,206444_at,PDE1B,5153.0
61,206398_s_at,CD19,930.0
62,206440_at,LIN7A,8825.0
63,206405_x_at,USP6,9098.0
64,206407_s_at,CCL13,6357.0
65,206423_at,ANGPTL7,10218.0
66,206411_s_at,ABL2,27.0
67,206418_at,NOX1,27035.0
68,206380_s_at,CFP,5199.0
69,206457_s_at,DIO1,1733.0
70,206433_s_at,SPOCK3,50859.0
71,206434_at,SPOCK3,50859.0
72,206402_s_at,ATF7,11016.0
73,206441_s_at,COMMD4,54939.0
74,206399_x_at,CACNA1A,773.0
75,206461_x_at,MT1H,4496.0
76,206384_at,CACNG3,10368.0
77,206383_s_at,G3BP2,9908.0
78,206467_x_at,TNFRSF6B,8771.0
79,206402_s_at,NPFF,8620.0
80,206416_at,ZNF205,7755.0
81,206456_at,GABRA5,2558.0
82,206447_at,CELA2B,51032.0
83,206446_s_at,CELA2B,51032.0
84,206472_s_at,TLE3,7090.0
85,206396_at,SLC1A1,6505.0
86,206462_s_at,NTRK3,4916.0
87,206419_at,RORC,6097.0
88,206425_s_at,TRPC3,7222.0
89,206460_at,AJAP1,55966.0
90,206469_x_at,AKR7A3,22977.0
91,206414_s_at,ASAP2,8853.0
92,206412_at,FER,2241.0
93,206417_at,CNGA1,1259.0
94,206392_s_at,RARRES1,5918.0
95,206391_at,RARRES1,5918.0
96,206389_s_at,PDE3A,5139.0
97,206468_s_at,METTL13,51603.0
98,206435_at,B4GALNT1,2583.0
99,206458_s_at,WNT2B,7482.0
100,206459_s_at,WNT2B,7482.0
101,206394_at,MYBPC2,4606.0
102,206445_s_at,PRMT1,3276.0
103,206474_at,CDK17,5128.0
104,206438_x_at,TCTN2,79867.0
105,206395_at,DGKG,1608.0
106,206376_at,SLC6A15,55117.0
107,206382_s_at,BDNF,627.0
108,206451_at,TBCCD1,55171.0
109,206379_at,EYA3,2140.0
110,206446_s_at,CELA2A,63036.0
111,206447_at,CELA2A,63036.0
0,206558_at,SIM2,6493.0
1,206480_at,LTC4S,4056.0
2,206556_at,CLUL1,27098.0
3,206478_at,FAM30A,9834.0
4,206489_s_at,DLGAP1,9229.0
5,206490_at,DLGAP1,9229.0
6,206502_s_at,INSM1,3642.0
7,206546_at,SYCP2,10388.0
8,206479_at,TRPM1,4308.0
9,206526_at,RIBC2,26150.0
10,206572_x_at,ZNF85,7639.0
11,206536_s_at,XIAPP1,
12,206559_x_at,EEF1A1P9,
13,206564_at,OPRL1,4987.0
14,206563_s_at,OPRL1,4987.0
15,206566_at,SLC7A1,6541.0
16,206560_s_at,MIA-RAB4B,
17,206559_x_at,EEF1A1P5,
18,206512_at,ZRSR2P1,
19,206504_at,CYP24A1,1591.0
20,206520_x_at,SIGLEC6,946.0
21,206519_x_at,SIGLEC6,946.0
22,206476_s_at,NOVA2,4858.0
23,206477_s_at,NOVA2,4858.0
24,206549_at,INSL4,3641.0
25,206573_at,KCNQ3,3786.0
26,206541_at,,
27,206516_at,AMH,268.0
28,206562_s_at,CSNK1A1,1452.0
29,206484_s_at,XPNPEP2,7512.0
30,206547_s_at,PPEF1,5475.0
31,206570_s_at,PSG11,5680.0
32,206565_x_at,,
33,206557_at,ZNF702P,
34,206491_s_at,NAPA,8775.0
35,206491_s_at,,
36,206521_s_at,GTF2A1,2957.0
37,206557_at,ZNF702P,79986.0
38,206565_x_at,GUSBP3,653188.0
39,206567_s_at,PHF20,51230.0
40,206481_s_at,LDB2,9079.0
41,206541_at,KLKB1,3818.0
42,206492_at,FHIT,2272.0
43,206569_at,IL24,11009.0
44,206503_x_at,PML,5371.0
45,206568_at,TNP1,7141.0
46,206533_at,CHRNA5,1138.0
47,206522_at,MGAM,8972.0
48,206508_at,CD70,970.0
49,206509_at,PIP,5304.0
50,206559_x_at,EEF1A1P6,
51,206531_at,DPF1,8193.0
52,206545_at,CD28,940.0
53,206506_s_at,SUPT3H,8464.0
54,206483_at,DNAAF11,23639.0
55,206485_at,CD5,921.0
56,206486_at,LAG3,3902.0
57,206535_at,SLC2A2,6514.0
58,206475_x_at,CSH2,1443.0
59,206475_x_at,CSH1,1442.0
60,206475_x_at,CSH1,1444.0
61,206536_s_at,XIAP,331.0
62,206482_at,PTK6,5753.0
63,206534_at,GRIN2A,2903.0
64,206524_at,TBXT,6862.0
65,206512_at,SRP19,6728.0
66,206554_x_at,SETMAR,6419.0
67,206498_at,OCA2,4948.0
68,206527_at,ABAT,18.0
69,206529_x_at,SLC26A4,5172.0
70,206544_x_at,SMARCA2,6595.0
71,206542_s_at,SMARCA2,6595.0
72,206551_x_at,KLHL24,54800.0
73,206500_s_at,MIS18BP1,55320.0
74,206507_at,ZSCAN12,9753.0
75,206514_s_at,CYP4F3,4051.0
76,206515_at,CYP4F3,4051.0
77,206496_at,FMO3,2328.0
78,206511_s_at,SIX2,10736.0
79,206510_at,SIX2,10736.0
80,206518_s_at,RGS9,8787.0
81,206513_at,AIM2,9447.0
82,206530_at,RAB30,27314.0
83,206561_s_at,AKR1B10,57016.0
84,206538_at,MRAS,22808.0
85,206517_at,CDH16,1014.0
86,206497_at,COA1,55744.0
87,206523_at,CYTH3,9265.0
88,206560_s_at,MIA,8190.0
89,206525_at,GABRR1,2569.0
90,206559_x_at,EEF1A1,1915.0
91,206550_s_at,NUP155,9631.0
92,206493_at,ITGA2B,3674.0
93,206494_s_at,ITGA2B,3674.0
94,206505_at,UGT2B4,7363.0
95,206514_s_at,CYP4F2,8529.0
96,206539_s_at,CYP4F12,66002.0
97,206555_s_at,THUMPD1,55623.0
98,206528_at,TRPC6,7225.0
99,206495_s_at,HINFP,25988.0
100,206552_s_at,TAC1,6863.0
101,206487_at,SUN1,23353.0
102,206501_x_at,ETV1,2115.0
103,206499_s_at,RCC1,1104.0
104,206540_at,GLB1L,79411.0
105,206571_s_at,MAP4K4,9448.0
0,206603_at,SLC2A4,6517.0
1,206624_at,USP9Y,8287.0
2,206624_at,USP9Y,64595.0
3,206596_s_at,NRL,4901.0
4,206597_at,NRL,4901.0
5,206593_s_at,MED22,6837.0
6,206671_at,SAG,6295.0
7,206642_at,DSG1,1828.0
8,206632_s_at,APOBEC3B,9582.0
9,206655_s_at,,
10,206575_at,CDKL5,6792.0
11,206674_at,FLT3,2322.0
12,206651_s_at,CPB2,1361.0
13,206660_at,IGLL1,3543.0
14,206626_x_at,SSX4,6759.0
15,206626_x_at,SSX4,548313.0
16,206640_x_at,GAGE2E,729428.0
17,206626_x_at,SSX1,6756.0
18,206627_s_at,SSX1,6756.0
19,206626_x_at,SSX4B,6759.0
20,206626_x_at,SSX4B,548313.0
21,206640_x_at,GAGE12D,100132399.0
22,206640_x_at,GAGE12E,729431.0
23,206640_x_at,GAGE12G,2576.0
24,206640_x_at,GAGE12G,2578.0
25,206640_x_at,GAGE12G,2579.0
26,206640_x_at,GAGE12G,26748.0
27,206640_x_at,GAGE12G,645073.0
28,206640_x_at,GAGE12G,124908552.0
29,206640_x_at,GAGE12G,124908553.0
30,206640_x_at,GAGE12G,124908554.0
31,206640_x_at,GAGE12G,124908555.0
32,206640_x_at,GAGE12G,124908556.0
33,206640_x_at,GAGE12H,729442.0
34,206640_x_at,GAGE1,2543.0
35,206640_x_at,GAGE12J,729396.0
36,206619_at,DKK4,27121.0
37,206645_s_at,NR0B1,190.0
38,206644_at,NR0B1,190.0
39,206585_at,MKRN3,7681.0
40,206626_x_at,SSX8P,
41,206608_s_at,RPGRIP1,57096.0
42,206578_at,NKX2-5,1482.0
43,206632_s_at,APOBEC3A,200315.0
44,206632_s_at,APOBEC3A,100913187.0
45,206628_at,SLC5A1,6523.0
46,206581_at,BNC1,646.0
47,206639_x_at,HTN1,3346.0
48,206655_s_at,GP1BB,2812.0
49,206625_at,PRPH2,5961.0
50,206626_x_at,,
51,206630_at,TYR,7299.0
52,206631_at,PTGER2,5732.0
53,206673_at,GPR176,11245.0
54,206609_at,MAGEC1,9947.0
55,206595_at,CST6,1474.0
56,206657_s_at,MYOD1,4654.0
57,206664_at,SI,6476.0
58,206617_s_at,RENBP,5973.0
59,206655_s_at,SEPTIN5,5413.0
60,206649_s_at,TFE3,7030.0
61,206656_s_at,APMAP,57136.0
62,206652_at,ZMYM5,9205.0
63,206598_at,INS,3630.0
64,206591_at,RAG1,5896.0
65,206607_at,CBL,867.0
66,206665_s_at,BCL2L1,598.0
67,206633_at,CHRNA1,1134.0
68,206672_at,AQP2,359.0
69,206605_at,ENDOU,8909.0
70,206622_at,TRH,7200.0
71,206640_x_at,GAGE12F,2574.0
72,206640_x_at,GAGE12F,2576.0
73,206640_x_at,GAGE12F,2578.0
74,206640_x_at,GAGE12F,2579.0
75,206640_x_at,GAGE12F,26748.0
76,206640_x_at,GAGE12F,100008586.0
77,206640_x_at,GAGE12F,124908552.0
78,206640_x_at,GAGE12F,124908553.0
79,206640_x_at,GAGE12F,124908554.0
80,206640_x_at,GAGE12F,124908555.0
81,206640_x_at,GAGE12F,124908556.0
82,206640_x_at,GAGE13,645051.0
83,206640_x_at,GAGE12C,729422.0
84,206640_x_at,GAGE2A,26749.0
85,206640_x_at,GAGE2A,645037.0
86,206640_x_at,GAGE2A,729408.0
87,206640_x_at,GAGE2A,729447.0
88,206640_x_at,GAGE2A,100101629.0
89,206583_at,KRBOX4,55634.0
90,206588_at,DAZL,1618.0
91,206610_s_at,F11,2160.0
92,206606_at,LIPC,3990.0
93,206666_at,GZMK,3003.0
94,206630_at,TYRL,
95,206630_at,,
96,206658_at,UPK3B,105375355.0
97,206634_at,SIX3,6496.0
98,206586_at,CNR2,1269.0
99,206623_at,PDE6A,5145.0
100,206661_at,DBF4B,80174.0
101,206621_s_at,EIF4H,7458.0
102,206647_at,HBZ,3050.0
103,206647_at,HBZP1,
104,206577_at,VIP,7432.0
105,206635_at,CHRNB2,1141.0
106,206641_at,TNFRSF17,608.0
107,206604_at,OVOL1,5017.0
108,206590_x_at,DRD2,1813.0
109,206646_at,GLI1,2735.0
110,206576_s_at,CEACAM1,634.0
111,206659_at,,
112,206648_at,ZNF571,51276.0
113,206670_s_at,GAD1,2571.0
114,206669_at,GAD1,2571.0
115,206629_at,ADAMTSL2,9719.0
116,206614_at,GDF5,8200.0
117,206587_at,CCT6B,10693.0
118,206579_at,ZKSCAN8,7745.0
119,206637_at,P2RY14,9934.0
120,206589_at,GFI1,2672.0
121,206594_at,PASK,23178.0
122,206584_at,LY96,23643.0
123,206643_at,HAL,3034.0
124,206580_s_at,EFEMP2,30008.0
125,206662_at,GLRX,2745.0
126,206654_s_at,POLR3G,10622.0
127,206653_at,POLR3G,10622.0
128,206636_at,RASA2,5922.0
129,206667_s_at,SCAMP1,9522.0
130,206668_s_at,SCAMP1,9522.0
131,206592_s_at,AP3D1,8943.0
132,206663_at,SP4,6671.0
133,206618_at,IL18R1,8809.0
134,206620_at,GRAP,10750.0
135,206620_at,GRAP,400581.0
136,206612_at,CACNG1,786.0
137,206582_s_at,ADGRG1,9289.0
138,206615_s_at,ADAM22,53616.0
139,206616_s_at,ADAM22,53616.0
140,206599_at,SLC16A5,9121.0
141,206600_s_at,SLC16A5,9121.0
142,206601_s_at,HOXD3,3232.0
143,206602_s_at,HOXD3,3232.0
144,206650_at,IQCC,55721.0
145,206638_at,HTR2B,3357.0
146,206613_s_at,TAF1A,9015.0
0,206769_at,TMSB4Y,9087.0
1,206769_at,,
2,206700_s_at,KDM5D,8284.0
3,206703_at,CHRNB1,1140.0
4,206694_at,PNLIPRP1,5407.0
5,206768_at,RPL3L,6123.0
6,206735_at,CHRNA4,1137.0
7,206736_x_at,CHRNA4,1137.0
8,206677_at,KRT31,3881.0
9,206731_at,CNKSR2,22866.0
10,206698_at,XK,7504.0
11,206751_s_at,PCYT1B,9468.0
12,206695_x_at,ZNF43,7594.0
13,206712_at,GRTP1,79774.0
14,206725_x_at,BMP1,649.0
15,206774_at,FRMPD1,22844.0
16,206719_at,SYNGR4,23546.0
17,206679_at,APBA1,320.0
18,206762_at,KCNA5,3741.0
19,206759_at,FCER2,2208.0
20,206760_s_at,FCER2,2208.0
21,206706_at,NTF3,4908.0
22,206773_at,LY6H,4062.0
23,206705_at,TULP1,7287.0
24,206738_at,APOC4-APOC2,
25,206704_at,CLCN5,1184.0
26,206728_at,EEF1AKMT4-ECE2,110599583.0
27,206746_at,BFSP1,631.0
28,206733_at,TULP2,7288.0
29,206744_s_at,ZMYM5,9205.0
30,206745_at,HOXC11,3227.0
31,206739_at,,
32,206739_at,HOXC5,3222.0
33,206754_s_at,,1556.0
34,206756_at,CHST7,56548.0
35,206740_x_at,SYCP1,6847.0
36,206696_at,GPR143,4935.0
37,206741_at,SSUH2,51066.0
38,206701_x_at,EDNRB,1910.0
39,206729_at,TNFRSF8,943.0
40,206764_x_at,MPPE1,65258.0
41,206755_at,CYP2B6,1555.0
42,206754_s_at,CYP2B6,1555.0
43,206685_at,HCG4,
44,206685_at,HLA-F-AS1,285830.0
45,206727_at,C9,735.0
46,206738_at,APOC4,346.0
47,206676_at,CEACAM8,1088.0
48,206717_at,MYH8,4626.0
49,206757_at,PDE5A,8654.0
50,206690_at,ASIC2,40.0
51,206763_at,FKBP6,8468.0
52,206753_at,RDH16,8608.0
53,206761_at,CD96,10225.0
54,206683_at,ZNF165,7718.0
55,206742_at,VEGFD,2277.0
56,206771_at,UPK3A,7380.0
57,206710_s_at,EPB41L3,23136.0
58,206687_s_at,PTPN6,5777.0
59,206702_at,TEK,7010.0
60,206680_at,CD5L,922.0
61,206732_at,SLITRK3,22865.0
62,206675_s_at,SKIL,6498.0
63,206747_at,GPRIN2,9721.0
64,206684_s_at,ATF7,11016.0
65,206772_at,PTH2R,5746.0
66,206707_x_at,RIPOR2,9750.0
67,206720_at,MGAT5,4249.0
68,206716_at,UMOD,7369.0
69,206734_at,JRKL,8690.0
70,206699_x_at,NPAS1,4861.0
71,206681_x_at,GP2,2813.0
72,206726_at,HPGDS,27306.0
73,206765_at,KCNJ2,3759.0
74,206743_s_at,ASGR1,432.0
75,206711_at,SLITRK2,84631.0
76,206692_at,KCNJ10,3766.0
77,206758_at,EDN2,1907.0
78,206693_at,IL7,3574.0
79,206730_at,GRIA3,2892.0
80,206709_x_at,GPT,2875.0
81,206749_at,CD1B,910.0
82,206752_s_at,DFFB,1677.0
83,206750_at,MAFK,7975.0
84,206689_x_at,KAT5,10524.0
85,206678_at,GABRA1,2554.0
86,206728_at,ECE2,9718.0
87,206682_at,CLEC10A,10462.0
88,206723_s_at,LPAR2,9170.0
89,206722_s_at,LPAR2,9170.0
90,206714_at,ALOX15B,247.0
91,206697_s_at,HP,3240.0
92,206715_at,TFEC,22797.0
93,206748_s_at,SPAG9,9043.0
94,206738_at,APOC2,344.0
95,206691_s_at,PDIA2,64714.0
96,206737_at,WNT11,7481.0
97,206713_at,NTNG1,22854.0
98,206718_at,LMO1,4004.0
99,206721_at,CCDC181,57821.0
100,206767_at,RBMS3,27303.0
101,206724_at,CBX4,8535.0
102,206688_s_at,CPSF4,10898.0
103,206686_at,PDK1,5163.0
104,206770_s_at,SLC35A3,23443.0
105,206708_at,FOXN2,3344.0
106,206766_at,ITGA10,8515.0
0,206819_at,,
1,206779_s_at,ASMT,438.0
2,206866_at,CDH4,1002.0
3,206843_at,CRYBA4,1413.0
4,206822_s_at,,
5,206822_s_at,L3MBTL1,26013.0
6,206823_at,L3MBTL1,26013.0
7,206839_at,C22orf31,25770.0
8,206803_at,PDYN,5173.0
9,206777_s_at,CRYBB2P1,
10,206819_at,,102725072.0
11,206868_at,STARD8,9754.0
12,206802_at,PAX5,5079.0
13,206777_s_at,,1416.0
14,206796_at,CCN4,8840.0
15,206775_at,CUBN,8029.0
16,206856_at,LILRB5,10990.0
17,206819_at,POM121L9P,29774.0
18,206778_at,CRYBB2,1415.0
19,206777_s_at,CRYBB2,1415.0
20,206844_at,FBP2,8789.0
21,206792_x_at,,5143.0
22,206791_s_at,,5143.0
23,206862_at,ZNF254,9534.0
24,206851_at,RNASE3,6037.0
25,206812_at,ADRB3,155.0
26,206837_at,ALX1,8092.0
27,206795_at,F2RL2,2151.0
28,206835_at,STATH,6779.0
29,206786_at,HTN3,3347.0
30,206836_at,SLC6A3,6531.0
31,206834_at,HBD,3045.0
32,206871_at,ELANE,1991.0
33,206864_s_at,HRK,8739.0
34,206865_at,HRK,8739.0
35,206792_x_at,PDE4C,5143.0
36,206791_s_at,PDE4C,5143.0
37,206780_at,GAD2,2572.0
38,206870_at,PPARA,5465.0
39,206850_at,RASL10A,10633.0
40,206783_at,FGF4,2249.0
41,206842_at,KCND1,3750.0
42,206858_s_at,HOXC6,3223.0
43,206776_x_at,ACRV1,56.0
44,206785_s_at,KLRC2,3822.0
45,206785_s_at,KLRC1,3821.0
46,206859_s_at,PAEP,5047.0
47,206815_at,SPAG8,26206.0
48,206816_s_at,SPAG8,26206.0
49,206799_at,SCGB1D2,10647.0
50,206840_at,AFM,173.0
51,206797_at,NAT2,10.0
52,206810_at,ZNF44,51710.0
53,206826_at,PMP2,5375.0
54,206787_at,BRDT,676.0
55,206811_at,ADCY8,114.0
56,206857_s_at,MFSD2B,388931.0
57,206857_s_at,FKBP1B,2281.0
58,206817_x_at,CELF3,11189.0
59,206827_s_at,TRPV6,55503.0
60,206794_at,ERBB4,2066.0
61,206833_s_at,ACYP2,98.0
62,206872_at,SLC17A1,6568.0
63,206847_s_at,HOXA7,3204.0
64,206813_at,CTF1,1489.0
65,206873_at,CA6,765.0
66,206806_at,DGKI,9162.0
67,206825_at,OXTR,5021.0
68,206798_x_at,DLEC1,9940.0
69,206846_s_at,HDAC6,10013.0
70,206852_at,EPHA7,2045.0
71,206838_at,TBX19,9095.0
72,206824_at,CES1P1,51716.0
73,206829_x_at,ZNF430,80264.0
74,206831_s_at,ARSD,414.0
75,206849_at,GABRG2,2566.0
76,206867_at,GCKR,2646.0
77,206874_s_at,SLK,9748.0
78,206854_s_at,MAP3K7,6885.0
79,206853_s_at,MAP3K7,6885.0
80,206790_s_at,NDUFB1,4707.0
81,206793_at,PNMT,5409.0
82,206807_s_at,ADD2,119.0
83,206805_at,SEMA3A,10371.0
84,206855_s_at,HYAL2,8692.0
85,206784_at,AQP8,343.0
86,206841_at,PDE6H,5149.0
87,206845_s_at,RNF40,9810.0
88,206789_s_at,POU2F1,5451.0
89,206869_at,CHAD,1101.0
90,206828_at,TXK,7294.0
91,206788_s_at,CBFB,865.0
92,206809_s_at,HNRNPA3,220988.0
93,206804_at,CD3G,917.0
94,206818_s_at,CNNM2,54805.0
95,206801_at,NPPB,4879.0
96,206782_s_at,DNAJC4,3338.0
97,206832_s_at,SEMA3F,6405.0
98,206861_s_at,CGGBP1,8545.0
99,206860_s_at,MIOS,54468.0
100,206821_x_at,AGFG2,3268.0
101,206814_at,NGF,4803.0
102,206800_at,MTHFR,4524.0
0,206922_at,VCY,9084.0
1,206922_at,VCY1B,353513.0
2,206963_s_at,NAT8,9027.0
3,206964_at,NAT8B,
4,206963_s_at,NAT8B,
5,206940_s_at,POU4F1,5457.0
6,206935_at,PCDH8,5100.0
7,206939_at,DCC,1630.0
8,206969_at,KRT34,3885.0
9,206969_at,,100653049.0
10,206966_s_at,KLF12,11278.0
11,206965_at,KLF12,11278.0
12,206897_at,PAGE1,8712.0
13,206946_at,HCN4,10021.0
14,206947_at,B3GALT5,10317.0
15,206915_at,NKX2-2,4821.0
16,206881_s_at,LILRA3,11026.0
17,206910_x_at,CFHR2,3080.0
18,206907_at,TNFSF9,8744.0
19,206932_at,CH25H,9023.0
20,206926_s_at,IL11,3589.0
21,206924_at,IL11,3589.0
22,206890_at,IL12RB1,3594.0
23,206918_s_at,CPNE1,8904.0
24,206927_s_at,GUCY1A2,2977.0
25,206912_at,FOXE1,2304.0
26,206961_s_at,,
27,206951_at,H4C5,8367.0
28,206973_at,PPFIA2,8499.0
29,206894_at,APOA4,337.0
30,206913_at,BAAT,570.0
31,206955_at,AQP7P4,
32,206955_at,AQP7P1,
33,206955_at,,
34,206960_at,LPAR4,2846.0
35,206955_at,AQP7P5,
36,206955_at,AQP7P3,
37,206942_s_at,PMCH,5367.0
38,206955_at,,101929959.0
39,206945_at,LCT,3938.0
40,206881_s_at,,
41,206956_at,PMF1-BGLAP,100527963.0
42,206956_at,BGLAP,632.0
43,206901_at,BRME1,79173.0
44,206898_at,CDH19,28513.0
45,206950_at,SCN9A,6335.0
46,206958_s_at,UPF3A,65110.0
47,206959_s_at,UPF3A,65110.0
48,206931_at,ZNF141,7700.0
49,206954_at,WT1-AS,51352.0
50,206954_at,,
51,206955_at,AQP7B,100509620.0
52,206937_at,SPTA1,6708.0
53,206930_at,GLYAT,10249.0
54,206888_s_at,,
55,206886_x_at,GH1,2688.0
56,206885_x_at,GH1,2688.0
57,206886_x_at,,
58,206885_x_at,,
59,206911_at,TRIM25,7706.0
60,206904_at,MATN1,4146.0
61,206905_s_at,MATN1,4146.0
62,206876_at,SIM1,6492.0
63,206936_x_at,NDUFC2,4718.0
64,206958_s_at,UPF3AP1,
65,206959_s_at,UPF3AP1,
66,206882_at,SLC1A6,6511.0
67,206967_at,CCNT1,904.0
68,206944_at,HTR6,3362.0
69,206948_at,NEU3,10825.0
70,206878_at,DAO,1610.0
71,206914_at,CRTAM,56253.0
72,206880_at,P2RX6,9127.0
73,206958_s_at,UPF3AP2,
74,206900_x_at,ZNF253,56242.0
75,206958_s_at,,
76,206875_s_at,SLK,9748.0
77,206896_s_at,GNG7,2788.0
78,206877_at,MXD1,4084.0
79,206916_x_at,TAT,6898.0
80,206938_at,SRD5A2,6716.0
81,206893_at,SALL1,6299.0
82,206941_x_at,SEMA3E,9723.0
83,206957_at,AGXT,189.0
84,206934_at,SIRPB1,10326.0
85,206970_at,CNTN2,6900.0
86,206952_at,G6PC1,2538.0
87,206906_at,ICAM5,7087.0
88,206920_s_at,GLE1,2733.0
89,206921_at,GLE1,2733.0
90,206917_at,GNA13,10672.0
91,206887_at,ACKR2,1238.0
92,206928_at,ZNF124,7678.0
93,206879_s_at,NRG2,9542.0
94,206961_s_at,MED20,9477.0
95,206925_at,ST8SIA4,7903.0
96,206968_s_at,NFRKB,4798.0
97,206902_s_at,EXOG,9941.0
98,206903_at,EXOG,9941.0
99,206955_at,AQP7,364.0
100,206943_at,TGFBR1,7046.0
101,206929_s_at,NFIC,4782.0
102,206953_s_at,ADGRL2,23266.0
103,206883_x_at,GP9,2815.0
104,206889_at,ARHGDIG,398.0
105,206888_s_at,ARHGDIG,398.0
106,206892_at,AMHR2,269.0
107,206899_at,NTSR2,23620.0
108,206923_at,PRKCA,5578.0
109,206974_at,CXCR6,10663.0
110,206891_at,ACTN3,89.0
111,206933_s_at,H6PD,9563.0
112,206908_s_at,CLDN11,5010.0
113,206971_at,GPR161,23432.0
114,206972_s_at,GPR161,23432.0
115,206949_s_at,RUSC1,23623.0
116,206919_at,ELK4,2005.0
0,207063_at,TTTY14,83869.0
1,207020_at,,
2,207005_s_at,BCL2,596.0
3,206998_x_at,PRB3,5544.0
4,206995_x_at,SCARF1,8578.0
5,207040_s_at,ST13P4,145165.0
6,207040_s_at,ST13P4,
7,207019_s_at,AKAP4,8852.0
8,207040_s_at,ST13P18,
9,207012_at,MMP16,4325.0
10,207013_s_at,MMP16,4325.0
11,207010_at,GABRB1,2560.0
12,207040_s_at,ST13P13,
13,207042_at,E2F2,1870.0
14,207059_at,PAX9,5083.0
15,206994_at,CST4,1472.0
16,207054_at,IMPG1,3617.0
17,207037_at,TNFRSF11A,8792.0
18,207039_at,CDKN2A,1029.0
19,206980_s_at,,
20,207070_at,RGR,5995.0
21,207009_at,PHOX2B,8929.0
22,206985_at,HSD17B3,3293.0
23,206985_at,,
24,207032_s_at,CRISP1,167.0
25,207031_at,NKX3-2,579.0
26,206983_at,,
27,206975_at,LTA,4049.0
28,206976_s_at,HSPH1,10808.0
29,206984_s_at,RIT2,6014.0
30,207052_at,,
31,207065_at,KRT75,9119.0
32,207058_s_at,PRKN,5071.0
33,207049_at,SCN8A,6334.0
34,206977_at,PTH,5741.0
35,206991_s_at,CCR5,1234.0
36,207020_at,HSF2BP,11077.0
37,207074_s_at,SLC18A1,6570.0
38,207067_s_at,HDC,3067.0
39,207018_s_at,RAB27B,5874.0
40,207017_at,RAB27B,5874.0
41,206993_at,DMAC2L,27109.0
42,206992_s_at,DMAC2L,27109.0
43,207055_at,GPR37L1,9283.0
44,207026_s_at,ATP2B3,492.0
45,207033_at,CBLIF,2694.0
46,207064_s_at,AOC2,314.0
47,207060_at,EN2,2020.0
48,207036_x_at,GRIN2D,2906.0
49,207046_at,H4C15,554313.0
50,207046_at,H4C14,8370.0
51,207006_s_at,CCDC106,29903.0
52,207023_x_at,KRT10,3858.0
53,206981_at,SCN4A,6329.0
54,207061_at,ERN1,2081.0
55,206997_s_at,HS6ST1,9394.0
56,206983_at,CCR6,1235.0
57,207048_at,SLC6A11,6538.0
58,206997_s_at,HS6ST1P1,
59,207062_at,IAPP,3375.0
60,206982_at,CRYBA1,1411.0
61,207001_x_at,TSC22D3,1831.0
62,207028_at,MYCNOS,10408.0
63,207073_at,CDKL2,8999.0
64,207027_at,HGFAC,3083.0
65,206990_at,TNR,7143.0
66,207056_s_at,SLC4A8,9498.0
67,207040_s_at,ST13,6767.0
68,207015_s_at,ALDH1A2,8854.0
69,207016_s_at,ALDH1A2,8854.0
70,207072_at,IL18RAP,8807.0
71,207038_at,SLC16A6P1,
72,207068_at,ZFP37,7539.0
73,207038_at,,
74,207022_s_at,LDHC,3948.0
75,207021_at,ZPBP,11055.0
76,207041_at,MASP2,10747.0
77,206980_s_at,FLT3LG,2323.0
78,206979_at,C8B,732.0
79,206989_s_at,SCAF11,9169.0
80,207029_at,KITLG,4254.0
81,207052_at,HAVCR1,26762.0
82,207007_at,NR1I3,9970.0
83,207034_s_at,GLI2,2736.0
84,207047_s_at,CLCNKB,1188.0
85,207043_s_at,SLC6A9,6536.0
86,207071_s_at,ACO1,48.0
87,207069_s_at,SMAD6,4091.0
88,207000_s_at,PPP3CC,5533.0
89,207051_at,SLC17A4,10050.0
90,207014_at,GABRA2,2555.0
91,206987_x_at,FGF18,8817.0
92,207057_at,SLC16A7,9194.0
93,207066_at,HRC,3270.0
94,207008_at,CXCR2,3579.0
95,207011_s_at,PTK7,5754.0
96,207050_at,CACNA2D1,781.0
97,207002_s_at,PLAGL1,5325.0
98,207030_s_at,CSRP2,1466.0
99,207038_at,SLC16A6,9120.0
100,207053_at,SLC8A1,6546.0
101,206999_at,IL12RB2,3595.0
102,206978_at,CCR2,729230.0
103,207045_at,VPS50,55610.0
104,207044_at,THRB,7068.0
105,207024_at,CHRND,1144.0
106,207003_at,GUCA2A,2980.0
107,206996_x_at,CACNB1,782.0
108,207035_at,SLC30A3,7781.0
109,207047_s_at,CLCNKA,1187.0
110,207025_at,GJC2,57165.0
0,207085_x_at,CSF2RA,1438.0
1,207093_s_at,OMG,4974.0
2,207093_s_at,OMG,101927057.0
3,207132_x_at,PFDN5,5204.0
4,207095_at,SLC10A2,6555.0
5,207174_at,GPC5,2262.0
6,207144_s_at,,
7,207081_s_at,PI4KAP2,
8,207086_x_at,GAGE2E,729428.0
9,207081_s_at,,
10,207086_x_at,GAGE12D,100132399.0
11,207086_x_at,GAGE12E,729431.0
12,207086_x_at,GAGE12G,2576.0
13,207086_x_at,GAGE12G,2578.0
14,207086_x_at,GAGE12G,2579.0
15,207086_x_at,GAGE12G,26748.0
16,207086_x_at,GAGE12G,645073.0
17,207086_x_at,GAGE12G,124908552.0
18,207086_x_at,GAGE12G,124908553.0
19,207086_x_at,GAGE12G,124908554.0
20,207086_x_at,GAGE12G,124908555.0
21,207086_x_at,GAGE12G,124908556.0
22,207086_x_at,GAGE12H,729442.0
23,207086_x_at,GAGE1,2543.0
24,207086_x_at,GAGE12J,729396.0
25,207136_at,ARR3,407.0
26,207108_s_at,NIPBL,25836.0
27,207104_x_at,LILRB1,10859.0
28,207119_at,PRKG1,5592.0
29,207124_s_at,GNB5,10681.0
30,207084_at,POU3F2,5454.0
31,207079_s_at,,
32,207078_at,,
33,207150_at,SLC18A3,6572.0
34,207135_at,HTR2A,3356.0
35,207105_s_at,,
36,207114_at,LY6G6C,80740.0
37,207087_x_at,ANK1,286.0
38,207154_at,DIO3,1735.0
39,207109_at,POU2F3,25833.0
40,207157_s_at,GNG5B,347687.0
41,207096_at,SAA2-SAA4,100528017.0
42,207132_x_at,,
43,207101_at,VAMP1,6843.0
44,207100_s_at,VAMP1,6843.0
45,207113_s_at,TNF,7124.0
46,207123_s_at,MATN4,8785.0
47,207116_s_at,GAPDHS,26330.0
48,207139_at,ATP4A,495.0
49,207142_at,KCNJ3,3760.0
50,207141_s_at,KCNJ3,3760.0
51,207099_s_at,CHM,1121.0
52,207126_x_at,UGT1A9,54600.0
53,207126_x_at,UGT1A6,54578.0
54,207126_x_at,UGT1A1,54658.0
55,207140_at,ALPI,248.0
56,207126_x_at,UGT1A4,54657.0
57,207156_at,H2AC11,8969.0
58,207086_x_at,GAGE12F,2574.0
59,207086_x_at,GAGE12F,2576.0
60,207086_x_at,GAGE12F,2578.0
61,207086_x_at,GAGE12F,2579.0
62,207086_x_at,GAGE12F,26748.0
63,207086_x_at,GAGE12F,100008586.0
64,207086_x_at,GAGE12F,124908552.0
65,207086_x_at,GAGE12F,124908553.0
66,207086_x_at,GAGE12F,124908554.0
67,207086_x_at,GAGE12F,124908555.0
68,207086_x_at,GAGE12F,124908556.0
69,207086_x_at,GAGE13,645051.0
70,207160_at,IL12A,3592.0
71,207086_x_at,GAGE12C,729422.0
72,207126_x_at,UGT1A3,54659.0
73,207126_x_at,UGT1A8,54576.0
74,207126_x_at,UGT1A5,54579.0
75,207126_x_at,UGT1A7,54577.0
76,207083_s_at,CC2D1A,54862.0
77,207152_at,NTRK2,4915.0
78,207086_x_at,GAGE2A,26749.0
79,207086_x_at,GAGE2A,645037.0
80,207086_x_at,GAGE2A,729408.0
81,207086_x_at,GAGE2A,729447.0
82,207086_x_at,GAGE2A,100101629.0
83,207144_s_at,CITED1,4435.0
84,207126_x_at,UGT1A10,54575.0
85,207111_at,ADGRE1,2015.0
86,207094_at,CXCR1,3577.0
87,207112_s_at,GAB1,2549.0
88,207145_at,MSTN,2660.0
89,207162_s_at,CACNA1B,774.0
90,207158_at,APOBEC1,339.0
91,207079_s_at,MED6,10001.0
92,207078_at,MED6,10001.0
93,207103_at,KCND2,3751.0
94,207147_at,DLX2,1746.0
95,207128_s_at,ZNF223,7766.0
96,207097_s_at,SLC17A2,10246.0
97,207129_at,CA5B,11238.0
98,207096_at,SAA4,6291.0
99,207146_at,KRT32,3882.0
100,207157_s_at,,
101,207081_s_at,PI4KA,5297.0
102,207091_at,P2RX7,5027.0
103,207122_x_at,,
104,207110_at,KCNJ18,100134444.0
105,207165_at,HMMR,3161.0
106,207107_at,RPE65,6121.0
107,207161_at,KIAA0087,9808.0
108,207159_x_at,CRTC1,23373.0
109,207089_at,NRAP,4892.0
110,207130_at,ZMYND8,23613.0
111,207172_s_at,CDH11,1009.0
112,207173_x_at,CDH11,1009.0
113,207076_s_at,ASS1,445.0
114,207102_at,AKR1D1,6718.0
115,207118_s_at,MMP23A,
116,207118_s_at,,
117,207090_x_at,ZFP30,22835.0
118,207077_at,CELA2B,51032.0
119,207166_at,GNGT1,2792.0
120,207106_s_at,LTK,4058.0
121,207121_s_at,MAPK6,5597.0
122,207168_s_at,MACROH2A1,9555.0
123,207133_x_at,ALPK1,80216.0
124,207080_s_at,PYY,5697.0
125,207149_at,CDH12,1010.0
126,207155_at,TBX5,6910.0
127,207163_s_at,AKT1,207.0
128,207164_s_at,ZBTB18,10472.0
129,207115_x_at,MBTD1,54799.0
130,207088_s_at,SLC25A11,8402.0
131,207169_x_at,DDR1,780.0
132,207170_s_at,LETMD1,25875.0
133,207148_x_at,MYOZ2,51778.0
134,207157_s_at,GNG5,2787.0
135,207134_x_at,TPSB2,64499.0
136,207118_s_at,MMP23B,8510.0
137,207110_at,KCNJ12,3768.0
138,207127_s_at,HNRNPH3,3189.0
139,207134_x_at,TPSAB1,7177.0
140,207105_s_at,PIK3R2,5296.0
141,207120_at,ZNF667,63934.0
142,207117_at,ZNF117,51351.0
143,207117_at,ZNF117,109504726.0
144,207175_at,ADIPOQ,9370.0
145,207132_x_at,ESPL1,9700.0
146,207122_x_at,SULT1A2,6799.0
147,207125_at,ZNF225,7768.0
148,207143_at,CDK6,1021.0
149,207151_at,ADCYAP1R1,117.0
150,207153_s_at,GLMN,11146.0
151,207092_at,LEP,3952.0
152,207098_s_at,MFN1,55669.0
153,207082_at,CSF1,1435.0
154,207075_at,NLRP3,114548.0
155,207167_at,CD101,9398.0
0,207247_s_at,ZFY,7544.0
1,207246_at,ZFY,7544.0
2,207191_s_at,ISLR,3671.0
3,207267_s_at,RIPPLY3,53820.0
4,207270_x_at,CD300C,10871.0
5,207242_s_at,GRIK1,2897.0
6,207258_at,DSCR4,10281.0
7,207271_x_at,SPAG11A,10407.0
8,207271_x_at,SPAG11A,653423.0
9,207271_x_at,SPAG11A,124906741.0
10,207269_at,DEFA4,1669.0
11,207271_x_at,SPAG11B,10407.0
12,207271_x_at,SPAG11B,653423.0
13,207271_x_at,SPAG11B,124906741.0
14,207251_at,MEP1B,4225.0
15,207209_at,CETN1,1068.0
16,207254_at,SLC15A1,6564.0
17,207215_at,,100652871.0
18,207215_at,GSTT4,25774.0
19,207222_at,PLA2G10,8399.0
20,207222_at,PLA2G10,100652777.0
21,207227_x_at,RFPL2,10739.0
22,207250_at,SIX6,4990.0
23,207218_at,F9,2158.0
24,207205_at,CEACAM4,1089.0
25,207252_at,INE1,8552.0
26,207228_at,PRKACG,5568.0
27,207212_at,SLC9A3,6550.0
28,207182_at,GABRA6,2559.0
29,207215_at,GSTTP2,
30,207179_at,TLX1,3195.0
31,207208_at,RBMXL2,27288.0
32,207214_at,SPINK4,27290.0
33,207187_at,JAK3,3718.0
34,207272_at,ZNF80,7634.0
35,207266_x_at,RBMS1P1,
36,207200_at,OTC,5009.0
37,207264_at,KDELR3,11015.0
38,207265_s_at,KDELR3,11015.0
39,207203_s_at,NR1I2,8856.0
40,207202_s_at,NR1I2,8856.0
41,207241_at,LINC01587,10141.0
42,207197_at,ZIC3,7547.0
43,207260_at,FEV,54738.0
44,207220_at,ART4,420.0
45,207185_at,SLC10A1,6554.0
46,207210_at,GABRA3,2556.0
47,207229_at,KLRA1P,
48,207216_at,TNFSF8,944.0
49,207255_at,LEPR,3953.0
50,207229_at,,
51,207256_at,MBL2,4153.0
52,207244_x_at,CYP2A6,1548.0
53,207257_at,EPO,2056.0
54,207204_at,FSCN2,25794.0
55,207188_at,TEN1-CDK3,100529145.0
56,207274_at,CHRNE,1145.0
57,207176_s_at,CD80,941.0
58,207213_s_at,USP2,9099.0
59,207178_s_at,FRK,2444.0
60,207226_at,H2BC15,8341.0
61,207201_s_at,SLC22A1,6580.0
62,207237_at,KCNA3,3738.0
63,207199_at,TERT,7015.0
64,207247_s_at,ZFX,7543.0
65,207262_at,APOF,319.0
66,207217_s_at,NOX1,27035.0
67,207192_at,DNASE1L2,1775.0
68,207183_at,GPR19,2842.0
69,207180_s_at,HTATIP2,10553.0
70,207194_s_at,ICAM4,3386.0
71,207222_at,PLA2G10BP,
72,207222_at,,
73,207186_s_at,BPTF,2186.0
74,207261_at,CNGA3,1261.0
75,207186_s_at,ARHGAP27P1-BPTFP1-KPNA2P3,109286553.0
76,207186_s_at,BPTFP1,
77,207196_s_at,TNIP1,10318.0
78,207240_s_at,LHCGR,3973.0
79,207253_s_at,UBN1,29855.0
80,207232_s_at,DZIP3,9666.0
81,207231_at,DZIP3,9666.0
82,207263_x_at,VEZT,55591.0
83,207189_s_at,ZZEF1,23140.0
84,207190_at,ZZEF1,23140.0
85,207245_at,UGT2B17,7367.0
86,207275_s_at,ACSL1,2180.0
87,207239_s_at,CDK16,5127.0
88,207206_s_at,ALOX12,239.0
89,207249_s_at,SLC28A2,9153.0
90,207195_at,CNTN6,27255.0
91,207188_at,CDK3,1018.0
92,207181_s_at,CASP7,840.0
93,207259_at,ANKRD40CL,55018.0
94,207223_s_at,PTBP3,9991.0
95,207234_at,RFX3,5991.0
96,207248_at,KCNA4,3739.0
97,207236_at,ZNF345,25850.0
98,207243_s_at,CALM2,805.0
99,207224_s_at,SIGLEC7,27036.0
100,207233_s_at,MITF,4286.0
101,207177_at,PTGFR,5737.0
102,207230_at,CDON,50937.0
103,207235_s_at,GRM5,2915.0
104,207193_at,AGRP,181.0
105,207184_at,SLC6A13,6540.0
106,207268_x_at,ABI2,10152.0
107,207266_x_at,RBMS1,5937.0
108,207225_at,AANAT,15.0
109,207219_at,ZFP69B,65243.0
110,207198_s_at,LIMS1,3987.0
111,207238_s_at,PTPRC,5788.0
0,207353_s_at,HMX1,3166.0
1,207361_at,HBP1,26959.0
2,207323_s_at,MBP,4155.0
3,207324_s_at,DSC1,1823.0
4,207356_at,DEFB4B,1673.0
5,207356_at,DEFB4B,100289462.0
6,207356_at,DEFB4B,124906748.0
7,207356_at,DEFB4A,1673.0
8,207356_at,DEFB4A,100289462.0
9,207322_at,ITSN1,6453.0
10,207311_at,DOC2B,8447.0
11,207360_s_at,NTSR1,4923.0
12,207306_at,TCF15,6939.0
13,207281_x_at,VCX2,51480.0
14,207296_at,,
15,207366_at,KCNS1,3787.0
16,207314_x_at,,
17,207300_s_at,F7,2155.0
18,207354_at,CCL16,6360.0
19,207377_at,PPP1R2C,80316.0
20,207343_at,LYZL6,57151.0
21,207313_x_at,KIR3DL2,3812.0
22,207314_x_at,KIR3DL2,3812.0
23,207369_at,BRS3,680.0
24,207364_at,TEX28P1,
25,207364_at,TEX28P3,
26,207280_at,RNF185-AS1,
27,207367_at,ATP12A,479.0
28,207337_at,CTAG2,30848.0
29,207281_x_at,VCX3B,425054.0
30,207305_s_at,TRAPPC8,22878.0
31,207281_x_at,VCX,26609.0
32,207363_at,RS1,6247.0
33,207325_x_at,MAGEA1,4100.0
34,207276_at,CDR1,
35,207364_at,TEX28,1527.0
36,207302_at,SGCG,6445.0
37,207339_s_at,LTB,4050.0
38,207301_at,EFNA5,1946.0
39,207277_at,CD209,30835.0
40,207278_s_at,CD209,30835.0
41,207278_s_at,,
42,207329_at,MMP8,4317.0
43,207364_at,TEX28P2,
44,207364_at,,
45,207333_at,NMBR,4829.0
46,207341_at,PRTN3,5657.0
47,207307_at,HTR2C,3358.0
48,207281_x_at,VCX3A,51481.0
49,207365_x_at,USP34,9736.0
50,207310_s_at,NOS1,4842.0
51,207309_at,NOS1,4842.0
52,207299_s_at,GRM1,2911.0
53,207373_at,HOXD10,3236.0
54,207315_at,CD226,10666.0
55,207362_at,SLC30A4,7782.0
56,207372_s_at,ENTPD2,954.0
57,207370_at,IBSP,3381.0
58,207283_at,RPL23AP32,
59,207347_at,ERCC6,2074.0
60,207286_at,CEP135,9662.0
61,207320_x_at,STAU1,6780.0
62,207298_at,SLC17A3,10786.0
63,207358_x_at,MACF1,23499.0
64,207328_at,ALOX15,246.0
65,207335_x_at,ATP5ME,521.0
66,207296_at,ZNF343,79175.0
67,207342_at,CNGB1,1258.0
68,207330_at,PZP,5858.0
69,207285_x_at,CSHL1,1444.0
70,207285_x_at,CSH2,1443.0
71,207285_x_at,CSH1,1442.0
72,207285_x_at,CSH1,1444.0
73,207355_at,SLC1A7,6512.0
74,207284_s_at,ASPH,444.0
75,207334_s_at,TGFBR2,7048.0
76,207308_at,SLCO1A2,6579.0
77,207327_at,EYA4,2070.0
78,207374_at,PLSCR2,57047.0
79,207344_at,AKAP3,10566.0
80,207376_at,VENTX,27287.0
81,207289_at,MMP25,64386.0
82,207336_at,SOX5,6660.0
83,207290_at,PLXNA2,5362.0
84,207317_s_at,CASQ2,845.0
85,207304_at,ZNF45,7596.0
86,207345_at,FST,10468.0
87,207294_at,AGTR2,186.0
88,207293_s_at,AGTR2,186.0
89,207292_s_at,MAPK7,5598.0
90,207283_at,SPTBN1,6711.0
91,207326_at,BTC,685.0
92,207321_s_at,ABCB9,23457.0
93,207338_s_at,ZNF200,7752.0
94,207368_at,HTR1D,3352.0
95,207346_at,STX2,2054.0
96,207375_s_at,IL15RA,3601.0
97,207331_at,CENPF,1063.0
98,207352_s_at,GABRB2,2561.0
99,207303_at,PDE1C,5137.0
100,207279_s_at,NEBL,10529.0
101,207357_s_at,GALNT10,55568.0
102,207316_at,HAS1,3036.0
103,207282_s_at,MYOG,4656.0
104,207349_s_at,UCP3,7352.0
105,207291_at,PRRG4,79056.0
106,207348_s_at,LIG3,3980.0
107,207312_at,PHKG1,5260.0
108,207319_s_at,CDK13,8621.0
109,207318_s_at,CDK13,8621.0
110,207332_s_at,TFRC,7037.0
111,207351_s_at,SH2D2A,9047.0
112,207350_s_at,VAMP4,8674.0
0,207427_at,ACR,49.0
1,207385_at,TFDP3,51270.0
2,207403_at,IRS4,8471.0
3,207448_at,POFUT2,23275.0
4,207449_s_at,POFUT2,23275.0
5,207387_s_at,GK4P,
6,207456_at,HNF4G,3174.0
7,207388_s_at,PTGES,9536.0
8,207414_s_at,PCSK6,5046.0
9,207409_at,LECT2,3950.0
10,207451_at,NKX2-8,26257.0
11,207430_s_at,MSMB,4477.0
12,207462_at,GLRA2,2742.0
13,207419_s_at,RAC2,5880.0
14,207463_x_at,PRSS3,5646.0
15,207453_s_at,DNAJB5,25822.0
16,207423_s_at,ADAM20,8748.0
17,207384_at,PGLYRP1,8993.0
18,207457_s_at,LY6G6F-LY6G6D,110599563.0
19,207475_at,FABP2,2169.0
20,207412_x_at,CELP,
21,207460_at,GZMM,3004.0
22,207438_s_at,,
23,207392_x_at,UGT2B15,7366.0
24,207424_at,MYF5,4617.0
25,207393_at,HCRTR2,3062.0
26,207437_at,NOVA1,4857.0
27,207412_x_at,,
28,207395_at,BTN1A1,696.0
29,207405_s_at,RAD17,5884.0
30,207444_at,SLC22A13,9390.0
31,207459_x_at,GYPB,2994.0
32,207399_at,BFSP2,8419.0
33,207457_s_at,LY6G6D,58530.0
34,207457_s_at,LY6G6D,110599563.0
35,207440_at,SLC35A2,7355.0
36,207439_s_at,SLC35A2,7355.0
37,207382_at,TP63,8626.0
38,207417_s_at,ZNF559-ZNF177,100529215.0
39,207452_s_at,CNTN5,53942.0
40,207406_at,CYP7A1,1581.0
41,207408_at,SLC22A14,9389.0
42,207434_s_at,FXYD6-FXYD2,100533181.0
43,207410_s_at,TLX2,3196.0
44,207429_at,SLC22A2,6582.0
45,207454_at,GRIK3,2899.0
46,207458_at,RHPN1-AS1,78998.0
47,207398_at,HOXD13,3239.0
48,207397_s_at,HOXD13,3239.0
49,207441_at,SMR3B,10879.0
50,207420_at,COLEC10,10584.0
51,207468_s_at,SFRP5,6425.0
52,207428_x_at,,
53,207455_at,P2RY1,5028.0
54,207390_s_at,SMTN,6525.0
55,207379_at,EDIL3,10085.0
56,207405_s_at,MARVELD2,153562.0
57,207450_s_at,POU6F2,11281.0
58,207443_at,NR2E1,7101.0
59,207381_at,ALOX12B,242.0
60,207387_s_at,GK,2710.0
61,207378_at,TREH,11181.0
62,207469_s_at,PIR,8544.0
63,207416_s_at,NFATC3,4775.0
64,207416_s_at,,
65,207433_at,IL10,3586.0
66,207389_at,GP1BA,2811.0
67,207417_s_at,ZNF177,7730.0
68,207417_s_at,ZNF177,100529215.0
69,207380_x_at,NOX1,27035.0
70,207435_s_at,SRRM2,23524.0
71,207396_s_at,ALG3,10195.0
72,207427_at,ACRP1,
73,207427_at,LINC02936,
74,207421_at,CA5AP1,
75,207421_at,,
76,207386_at,CYP7B1,9420.0
77,207421_at,CA5A,763.0
78,207447_s_at,MGAT4C,25834.0
79,207425_s_at,SEPTIN9,10801.0
80,207432_at,BEST2,54831.0
81,207407_x_at,CYP4A22,284541.0
82,207438_s_at,SNUPN,10073.0
83,207383_s_at,RHBDL1,9028.0
84,207402_at,ZNF132,7691.0
85,207407_x_at,CYP4A11,1579.0
86,207431_s_at,DEGS1,8560.0
87,207418_s_at,DDO,8528.0
88,207391_s_at,PIP5K1A,8394.0
89,207473_at,MLN,4295.0
90,207428_x_at,CDK11B,984.0
91,207442_at,CSF3,1440.0
92,207404_s_at,HTR1E,3354.0
93,207428_x_at,CDK11A,728642.0
94,207446_at,TLR6,10333.0
95,207467_x_at,,831.0
96,207400_at,NPY5R,4889.0
97,207474_at,SNRK,54861.0
98,207434_s_at,FXYD2,486.0
99,207445_s_at,CCR9,10803.0
100,207394_at,ZNF701,55762.0
101,207413_s_at,SCN5A,6331.0
102,207401_at,PROX1,5629.0
103,207415_at,PLA2R1,22925.0
104,207426_s_at,TNFSF4,7292.0
0,207570_at,SHOX,6473.0
1,207556_s_at,DGKZP1,
2,207546_at,ATP4B,496.0
3,207529_at,DEFA5,1670.0
4,207482_at,TP53TG5,27296.0
5,207576_x_at,OXT,5020.0
6,207551_s_at,MSL3,10943.0
7,207493_x_at,SSX2B,727837.0
8,207498_s_at,CYP2D7,105377203.0
9,207488_at,,
10,207575_at,GOLGA6A,342096.0
11,207575_at,GOLGA6A,124907523.0
12,207579_at,MAGEB3,4114.0
13,207493_x_at,SSX2,6757.0
14,207509_s_at,LAIR2,3904.0
15,207528_s_at,SLC7A11,23657.0
16,207498_s_at,CYP2D6,1565.0
17,207539_s_at,IL4,3565.0
18,207538_at,IL4,3565.0
19,207513_s_at,ZNF189,7743.0
20,207498_s_at,,101929829.0
21,207498_s_at,,
22,207498_s_at,,105377203.0
23,207532_at,CRYGD,1421.0
24,207531_at,CRYGC,1420.0
25,207568_at,CHRNA6,8973.0
26,207558_s_at,PITX2,5308.0
27,207575_at,GOLGA6C,653641.0
28,207575_at,GOLGA6C,124907523.0
29,207575_at,GOLGA6C,124907524.0
30,207553_at,OPRK1,4986.0
31,207575_at,GOLGA6D,653643.0
32,207537_at,PFKFB1,5207.0
33,207523_at,TSBP1,10665.0
34,207484_s_at,EHMT2,10919.0
35,207510_at,,
36,207503_at,TCP10L3,
37,207563_s_at,OGT,8473.0
38,207564_x_at,OGT,8473.0
39,207510_at,BDKRB1,623.0
40,207534_at,MAGEB1,4112.0
41,207530_s_at,CDKN2B,1030.0
42,207503_at,TCP10L3,6953.0
43,207559_s_at,ZMYM3,9203.0
44,207501_s_at,FGF12,2257.0
45,207548_at,GRM7,2917.0
46,207560_at,SLC28A1,9154.0
47,207544_s_at,ADH6,130.0
48,207575_at,GOLGA6B,55889.0
49,207555_s_at,TBXA2R,6915.0
50,207554_x_at,TBXA2R,6915.0
51,207578_s_at,HTR4,3360.0
52,207577_at,HTR4,3360.0
53,207490_at,TUBA4B,80086.0
54,207574_s_at,GADD45B,4616.0
55,207497_s_at,MS4A2,2206.0
56,207496_at,MS4A2,2206.0
57,207485_x_at,BTN3A1,11119.0
58,207495_at,RAB28,9364.0
59,207514_s_at,GNAT1,2779.0
60,207516_at,CHRNB4,1143.0
61,207533_at,CCL1,6346.0
62,207535_s_at,NFKB2,4791.0
63,207504_at,CA7,766.0
64,207483_s_at,CAND1,55832.0
65,207489_at,,
66,207573_x_at,ATP5MG,10632.0
67,207557_s_at,RYR2,6262.0
68,207542_s_at,AQP1,358.0
69,207505_at,PRKG2,5593.0
70,207506_at,GLRX3,10539.0
71,207494_s_at,ZNF76,7629.0
72,207480_s_at,MEIS2,4212.0
73,207515_s_at,POLR1C,9533.0
74,207526_s_at,IL1RL1,9173.0
75,207502_at,GUCA2B,2981.0
76,207543_s_at,P4HA1,5033.0
77,207527_at,KCNJ9,3765.0
78,207536_s_at,TNFRSF9,3604.0
79,207522_s_at,ATP2A3,489.0
80,207521_s_at,ATP2A3,489.0
81,207486_x_at,CHN2,1124.0
82,207556_s_at,DGKZ,8525.0
83,207508_at,ATP5MC3,518.0
84,207507_s_at,ATP5MC3,518.0
85,207552_at,ATP5MC2,517.0
86,207525_s_at,GIPC1,10755.0
87,207524_at,ST7,7982.0
88,207524_at,ST7,93655.0
89,207569_at,ROS1,6098.0
90,207499_x_at,UNC45A,55898.0
91,207540_s_at,SYK,6850.0
92,207562_at,DGKQ,1609.0
93,207518_at,DGKE,8526.0
94,207500_at,CASP5,838.0
95,207567_at,SLC13A2,9058.0
96,207547_s_at,FAM107A,11170.0
97,207561_s_at,ASIC3,9311.0
98,207519_at,SLC6A4,6532.0
99,207572_at,EFCAB2,84288.0
100,207520_at,RO60,6738.0
101,207571_x_at,THEMIS2,9473.0
102,207511_s_at,CNPPD1,27013.0
103,207550_at,MPL,4352.0
104,207566_at,MR1,3140.0
105,207565_s_at,MR1,3140.0
106,207549_x_at,CD46,4179.0
107,207541_s_at,EXOSC10,5394.0
108,207517_at,LAMC2,3918.0
0,207646_s_at,CDY2A,9426.0
1,207646_s_at,CDY2B,203611.0
2,207646_s_at,CDY1B,253175.0
3,207647_at,CDY1B,253175.0
4,207646_s_at,CDY1,9085.0
5,207647_at,CDY1,9085.0
6,207638_at,TMPRSS15,5651.0
7,207676_at,ONECUT2,9480.0
8,207677_s_at,NCF4,4689.0
9,207649_at,KRT37,8688.0
10,207625_s_at,CBFA2T2,9139.0
11,207674_at,FCAR,2204.0
12,207662_at,TBX1,6899.0
13,207666_x_at,SSX3,10214.0
14,207663_x_at,GAGE2E,729428.0
15,207581_s_at,MAGEB4,4115.0
16,207580_at,MAGEB4,4115.0
17,207663_x_at,GAGE12D,100132399.0
18,207663_x_at,GAGE12E,729431.0
19,207663_x_at,GAGE12G,2576.0
20,207663_x_at,GAGE12G,2578.0
21,207663_x_at,GAGE12G,2579.0
22,207663_x_at,GAGE12G,26748.0
23,207663_x_at,GAGE12G,645073.0
24,207663_x_at,GAGE12G,124908552.0
25,207663_x_at,GAGE12G,124908553.0
26,207663_x_at,GAGE12G,124908554.0
27,207663_x_at,GAGE12G,124908555.0
28,207663_x_at,GAGE12G,124908556.0
29,207663_x_at,GAGE12H,729442.0
30,207663_x_at,GAGE1,2543.0
31,207663_x_at,GAGE12J,729396.0
32,207595_s_at,BMP1,649.0
33,207624_s_at,RPGR,6103.0
34,207660_at,DMD,1756.0
35,207633_s_at,MUSK,4593.0
36,207632_at,MUSK,4593.0
37,207634_at,PDCD1,5133.0
38,207630_s_at,,
39,207661_s_at,SH3PXD2A,9644.0
40,207658_s_at,FOXG1,2290.0
41,207600_at,KCNC3,3748.0
42,207597_at,ADAM18,8749.0
43,207664_at,ADAM2,2515.0
44,207648_at,DRP2,1821.0
45,207592_s_at,HCN2,610.0
46,207612_at,WNT8B,7479.0
47,207607_at,ASCL2,430.0
48,207669_at,KRT83,3889.0
49,207670_at,KRT85,3891.0
50,207594_s_at,SYNJ1,8867.0
51,207651_at,GPR171,29909.0
52,207636_at,SERPINI2,5276.0
53,207581_s_at,MAGEB1,4112.0
54,207599_at,MMP20,9313.0
55,207663_x_at,GAGE12F,2574.0
56,207663_x_at,GAGE12F,2576.0
57,207663_x_at,GAGE12F,2578.0
58,207663_x_at,GAGE12F,2579.0
59,207663_x_at,GAGE12F,26748.0
60,207663_x_at,GAGE12F,100008586.0
61,207663_x_at,GAGE12F,124908552.0
62,207663_x_at,GAGE12F,124908553.0
63,207663_x_at,GAGE12F,124908554.0
64,207663_x_at,GAGE12F,124908555.0
65,207663_x_at,GAGE12F,124908556.0
66,207663_x_at,GAGE13,645051.0
67,207590_s_at,CENPI,2491.0
68,207663_x_at,GAGE12C,729422.0
69,207630_s_at,CREM,1390.0
70,207602_at,TMPRSS11D,9407.0
71,207671_s_at,BEST1,7439.0
72,207653_at,FOXD2,2306.0
73,207663_x_at,GAGE2A,26749.0
74,207663_x_at,GAGE2A,645037.0
75,207663_x_at,GAGE2A,729408.0
76,207663_x_at,GAGE2A,729447.0
77,207663_x_at,GAGE2A,100101629.0
78,207601_at,SULT1B1,27284.0
79,207608_x_at,CYP1A2,1544.0
80,207609_s_at,CYP1A2,1544.0
81,207673_at,NPHS1,4868.0
82,207613_s_at,CAMK2A,815.0
83,207655_s_at,BLNK,29760.0
84,207589_at,ADRA1B,147.0
85,207641_at,TNFRSF13B,23495.0
86,207642_at,HCRT,3060.0
87,207584_at,LPA,4018.0
88,207586_at,SHH,6469.0
89,207644_at,FOXH1,8928.0
90,207639_at,FZD9,8326.0
91,207623_at,H2BK1,114483833.0
92,207622_s_at,ABCF2-H2BK1,114483834.0
93,207623_at,ABCF2-H2BK1,114483834.0
94,207640_x_at,NTN3,4917.0
95,207615_s_at,GAS8-AS1,750.0
96,207598_x_at,XRCC2,7516.0
97,207665_at,ADAM21,8747.0
98,207585_s_at,RPL36AL,6166.0
99,207678_s_at,SOX30,11063.0
100,207631_at,,
101,207593_at,ABCG4,64137.0
102,207582_at,PIN1P1,
103,207587_at,CRYGA,1418.0
104,207679_at,PAX3,5077.0
105,207620_s_at,CASK,8573.0
106,207627_s_at,TFCP2,7024.0
107,207657_x_at,TNPO1,3842.0
108,207631_at,NBR2,10230.0
109,207617_at,DDX3X,1654.0
110,207645_s_at,,
111,207610_s_at,ADGRE2,30817.0
112,207628_s_at,BUD23,114049.0
113,207591_s_at,ARID1A,8289.0
114,207582_at,PIN1P1,5301.0
115,207635_s_at,KCNH1,3756.0
116,207621_s_at,PEMT,10400.0
117,207650_x_at,PTGER1,5731.0
118,207626_s_at,SLC7A2,6542.0
119,207643_s_at,TNFRSF1A,7132.0
120,207606_s_at,ARHGAP12,94134.0
121,207629_s_at,ARHGEF2,9181.0
122,207654_x_at,DR1,1810.0
123,207618_s_at,BCS1L,617.0
124,207667_s_at,MAP2K3,5606.0
125,207659_s_at,MOBP,4336.0
126,207672_at,RFX4,5992.0
127,207605_x_at,ZNF117,51351.0
128,207605_x_at,ZNF117,109504726.0
129,207583_at,ABCD2,225.0
130,207604_s_at,SLC4A7,9497.0
131,207652_s_at,CMKLR1,1240.0
132,207645_s_at,CHD1L,9557.0
133,207622_s_at,ABCF2,10061.0
134,207614_s_at,CUL1,8454.0
135,207668_x_at,PDIA6,10130.0
136,207616_s_at,TANK,10010.0
137,207675_x_at,ARTN,9048.0
138,207619_at,HCRTR1,3061.0
0,207703_at,NLGN4Y,22829.0
1,207752_x_at,PRB1,5542.0
2,207752_x_at,PRB1,653247.0
3,207712_at,,
4,207694_at,POU3F4,5456.0
5,207685_at,CRYBB3,1417.0
6,207681_at,CXCR3,2833.0
7,207739_s_at,GAGE2E,729428.0
8,207735_at,RNF125,54941.0
9,207739_s_at,GAGE12D,100132399.0
10,207739_s_at,GAGE12E,729431.0
11,207739_s_at,GAGE12G,2576.0
12,207739_s_at,GAGE12G,2578.0
13,207739_s_at,GAGE12G,2579.0
14,207739_s_at,GAGE12G,26748.0
15,207739_s_at,GAGE12G,645073.0
16,207739_s_at,GAGE12G,124908552.0
17,207739_s_at,GAGE12G,124908553.0
18,207739_s_at,GAGE12G,124908554.0
19,207739_s_at,GAGE12G,124908555.0
20,207739_s_at,GAGE12G,124908556.0
21,207739_s_at,GAGE12H,729442.0
22,207739_s_at,GAGE1,2543.0
23,207739_s_at,GAGE10,102724473.0
24,207739_s_at,GAGE12J,729396.0
25,207701_at,YWHAH-AS1,25775.0
26,207729_at,CDH9,1007.0
27,207697_x_at,LILRB2,10288.0
28,207692_s_at,ACAN,176.0
29,207719_x_at,CEP170,9859.0
30,207751_at,,
31,207725_at,POU4F2,5458.0
32,207779_at,,
33,207776_s_at,CACNB2,783.0
34,207687_at,INHBC,3626.0
35,207745_at,CABP2,51475.0
36,207689_at,TBX10,347853.0
37,207769_s_at,PQBP1,10084.0
38,207717_s_at,PKP2,5318.0
39,207762_at,LPAL2,80350.0
40,207743_at,,
41,207739_s_at,GAGE12F,2574.0
42,207739_s_at,GAGE12F,2576.0
43,207739_s_at,GAGE12F,2578.0
44,207739_s_at,GAGE12F,2579.0
45,207739_s_at,GAGE12F,26748.0
46,207739_s_at,GAGE12F,100008586.0
47,207739_s_at,GAGE12F,124908552.0
48,207739_s_at,GAGE12F,124908553.0
49,207739_s_at,GAGE12F,124908554.0
50,207739_s_at,GAGE12F,124908555.0
51,207739_s_at,GAGE12F,124908556.0
52,207723_s_at,KLRC3,3823.0
53,207723_s_at,,
54,207739_s_at,GAGE13,645051.0
55,207748_at,DUTP1,
56,207706_at,USH2A,7399.0
57,207739_s_at,GAGE12C,729422.0
58,207733_x_at,PSG9,5678.0
59,207700_s_at,NCOA3,8202.0
60,207727_s_at,,
61,207753_at,ZNF304,57343.0
62,207739_s_at,GAGE2A,26749.0
63,207739_s_at,GAGE2A,645037.0
64,207739_s_at,GAGE2A,729408.0
65,207739_s_at,GAGE2A,729447.0
66,207739_s_at,GAGE2A,100101629.0
67,207710_at,LCE2B,26239.0
68,207698_at,AFDN-DT,26238.0
69,207778_at,REG1CP,
70,207693_at,CACNB4,785.0
71,207752_x_at,PRB2,653247.0
72,207742_s_at,NR6A1,2649.0
73,207766_at,CDKL1,8814.0
74,207736_s_at,TNP2,7142.0
75,207713_s_at,RBCK1,10616.0
76,207716_at,KRT38,8687.0
77,207720_at,LORICRIN,4014.0
78,207732_s_at,DLG3,1741.0
79,207702_s_at,MAGI2,9863.0
80,207770_x_at,CSH2,1443.0
81,207683_at,FOXN1,8456.0
82,207750_at,EPS15P1,
83,207750_at,,
84,207778_at,,
85,207690_at,ALX3,257.0
86,207759_s_at,DISC1,27185.0
87,207696_at,FUT9,10690.0
88,207775_at,,79150.0
89,207734_at,LAX1,54900.0
90,207721_x_at,HINT1,3094.0
91,207764_s_at,HIPK3,10114.0
92,207705_s_at,NINL,22981.0
93,207707_s_at,SEC13,6396.0
94,207715_at,CRYGB,1419.0
95,207680_x_at,PAX3,5077.0
96,207722_s_at,BTBD2,55643.0
97,207767_s_at,EGR4,1961.0
98,207768_at,EGR4,1961.0
99,207708_at,ALOXE3,59344.0
100,207771_at,SLC5A2,6524.0
101,207773_x_at,CYP3A43,64816.0
102,207760_s_at,NCOR2,9612.0
103,207704_s_at,GAS7,8522.0
104,207684_at,TBX6,6911.0
105,207695_s_at,IGSF1,3547.0
106,207709_at,PRKAA2,5563.0
107,207691_x_at,ENTPD1,953.0
108,207724_s_at,SPAST,6683.0
109,207740_s_at,NUP62,23636.0
110,207714_s_at,SERPINH1,871.0
111,207682_s_at,KIF25,3834.0
112,207761_s_at,TMT1A,25840.0
113,207757_at,ZFP2,80108.0
114,207765_s_at,ATOSB,80256.0
115,207754_at,RASSF8,11228.0
116,207774_at,ATG10,83734.0
117,207749_s_at,PPP2R3A,5523.0
118,207777_s_at,SP140,11262.0
119,207688_s_at,NFE2L2,4780.0
120,207727_s_at,MUTYH,4595.0
121,207728_at,ATF7IP,55729.0
122,207747_s_at,DOK4,55715.0
123,207772_s_at,PRMT8,56341.0
124,207686_s_at,CASP8,841.0
125,207738_s_at,NCKAP1,10787.0
126,207763_at,S100A5,6276.0
0,207881_at,,
1,207814_at,DEFA6,1671.0
2,207811_at,KRT12,3859.0
3,207848_at,AVP,551.0
4,207833_s_at,HLCS,3141.0
5,207787_at,KRT33B,3884.0
6,207859_s_at,CHRNB3,1142.0
7,207843_x_at,CYB5A,1528.0
8,207860_at,,9437.0
9,207860_at,NCR1,9437.0
10,207780_at,CYLC2,1539.0
11,207799_x_at,ARMCX4,100131755.0
12,207857_at,LILRA2,11027.0
13,207872_s_at,LILRA1,11024.0
14,207783_x_at,TPT1,7178.0
15,207858_s_at,PKLR,5313.0
16,207810_at,F13B,2165.0
17,207826_s_at,ID3,3399.0
18,207817_at,IFNW1,3467.0
19,207849_at,IL2,3558.0
20,207856_s_at,SMPD4,55627.0
21,207868_at,CHRNA2,1135.0
22,207878_at,KRT76,51350.0
23,207802_at,CRISP3,10321.0
24,207844_at,IL13,3596.0
25,207831_x_at,,
26,207815_at,PF4V1,5197.0
27,207850_at,CXCL3,2921.0
28,207800_at,AKAP5,9495.0
29,207803_s_at,CSN3,1448.0
30,207854_at,GYPE,2996.0
31,207818_s_at,HTR7,3363.0
32,207801_s_at,RNF10,9921.0
33,207816_at,LALBA,3906.0
34,207862_at,UPK2,7379.0
35,207846_at,POU1F1,5449.0
36,207834_at,FBLN1,2192.0
37,207835_at,FBLN1,2192.0
38,207805_s_at,,
39,207841_at,SPIN2A,54466.0
40,207788_s_at,SORBS3,10174.0
41,207837_at,RBPMS,11030.0
42,207836_s_at,RBPMS,11030.0
43,207820_at,ADH1A,124.0
44,207845_s_at,ANAPC10,10393.0
45,207851_s_at,INSR,3643.0
46,207856_s_at,SMPD4BP,
47,207847_s_at,MUC1,4582.0
48,207809_s_at,ATP6AP1,537.0
49,207792_at,OPRD1,4985.0
50,207795_s_at,KLRD1,3824.0
51,207796_x_at,KLRD1,3824.0
52,207823_s_at,AIF1,199.0
53,207865_s_at,BMP8B,656.0
54,207874_s_at,,
55,207829_s_at,BNIP1,662.0
56,207789_s_at,DPP6,1804.0
57,207873_x_at,SEZ6L,23544.0
58,207869_s_at,CACNA1G,8913.0
59,207824_s_at,MAZ,4150.0
60,207797_s_at,LRP2BP,55805.0
61,207821_s_at,PTK2,5747.0
62,207856_s_at,SMPD4BP,150776.0
63,207786_at,CYP2R1,120227.0
64,207784_at,ARSD,414.0
65,207825_s_at,GHRHR,2692.0
66,207867_at,PAX4,5078.0
67,207853_s_at,SNCB,6620.0
68,207839_s_at,TMEM8B,51754.0
69,207782_s_at,PSEN1,5663.0
70,207870_at,AKAP9,10142.0
71,207832_at,BAIAP2,10458.0
72,207861_at,CCL22,6367.0
73,207874_s_at,CFHR4,10877.0
74,207781_s_at,ZNF711,7552.0
75,207831_x_at,DHPS,1725.0
76,207874_s_at,CFHR3,10878.0
77,207822_at,FGFR1,2260.0
78,207863_at,ADPRH,141.0
79,207808_s_at,PROS1,5627.0
80,207871_s_at,ST7,7982.0
81,207871_s_at,ST7,93655.0
82,207793_s_at,EPB41,2035.0
83,207804_s_at,FCN2,2220.0
84,207798_s_at,ATXN2L,11273.0
85,207790_at,LRRC1,55227.0
86,207830_s_at,PPP1R8,5511.0
87,207876_s_at,FLNC,2318.0
88,207785_s_at,RBPJ,3516.0
89,207877_s_at,NVL,4931.0
90,207813_s_at,FDXR,2232.0
91,207828_s_at,CENPF,1063.0
92,207827_x_at,SNCA,6622.0
93,207880_at,ADAM11,4185.0
94,207794_at,CCR2,729230.0
95,207819_s_at,ABCB4,5244.0
96,207805_s_at,PSMD9,5715.0
97,207840_at,CD160,11126.0
98,207842_s_at,CASC3,22794.0
99,207864_at,SCN7A,6332.0
100,207791_s_at,RAB1A,5861.0
101,207812_s_at,GORASP2,26003.0
102,207838_x_at,PBXIP1,57326.0
103,207866_at,BMP8A,353500.0
0,207918_s_at,TSPY8,728403.0
1,207918_s_at,TSPY8,124908988.0
2,207918_s_at,TSPY8,128966656.0
3,207918_s_at,TSPY4,7258.0
4,207918_s_at,TSPY4,728395.0
5,207918_s_at,TSPY4,124905613.0
6,207918_s_at,TSPY4,124905618.0
7,207918_s_at,TSPY4,124909293.0
8,207918_s_at,TSPY4,124909305.0
9,207918_s_at,TSPY4,124909329.0
10,207918_s_at,TSPY9,7258.0
11,207918_s_at,TSPY9,728132.0
12,207918_s_at,TSPY9,124905613.0
13,207918_s_at,TSPY9,124905614.0
14,207918_s_at,TSPY9,124905618.0
15,207918_s_at,TSPY9,124905627.0
16,207918_s_at,TSPY9,124909305.0
17,207918_s_at,TSPY9,124909317.0
18,207918_s_at,TSPY9,124909329.0
19,207918_s_at,TSPY9,124909332.0
20,207918_s_at,TSPY9,128966591.0
21,207909_x_at,DAZ4,57135.0
22,207912_s_at,DAZ4,57135.0
23,207893_at,SRY,6736.0
24,207909_x_at,DAZ3,57054.0
25,207912_s_at,DAZ3,57054.0
26,207909_x_at,DAZ1,1617.0
27,207912_s_at,DAZ1,1617.0
28,207909_x_at,DAZ2,57055.0
29,207912_s_at,DAZ2,57055.0
30,207918_s_at,TSPY3,728137.0
31,207918_s_at,TSPY3,100289087.0
32,207918_s_at,TSPY3,124905614.0
33,207918_s_at,TSPY3,124905615.0
34,207918_s_at,TSPY3,124905616.0
35,207918_s_at,TSPY3,124905618.0
36,207918_s_at,TSPY3,124905619.0
37,207918_s_at,TSPY3,124905620.0
38,207918_s_at,TSPY3,124905621.0
39,207918_s_at,TSPY3,124905624.0
40,207918_s_at,TSPY3,124905625.0
41,207918_s_at,TSPY3,124905626.0
42,207918_s_at,TSPY3,124905628.0
43,207918_s_at,TSPY3,124905629.0
44,207918_s_at,TSPY3,124908978.0
45,207918_s_at,TSPY3,124908979.0
46,207918_s_at,TSPY3,124908981.0
47,207918_s_at,TSPY3,124909197.0
48,207918_s_at,TSPY3,124909294.0
49,207918_s_at,TSPY3,124909306.0
50,207918_s_at,TSPY3,124909318.0
51,207918_s_at,TSPY3,124909320.0
52,207918_s_at,TSPY3,124909330.0
53,207918_s_at,TSPY3,128966595.0
54,207918_s_at,TSPY3,128966599.0
55,207918_s_at,TSPY3,128966647.0
56,207918_s_at,TSPY3,128966655.0
57,207916_at,RBMY2CP,
58,207916_at,RBMY2DP,
59,207918_s_at,TSPY1,7258.0
60,207918_s_at,TSPY1,64591.0
61,207918_s_at,TSPY1,728137.0
62,207918_s_at,TSPY1,728403.0
63,207918_s_at,TSPY1,124905614.0
64,207918_s_at,TSPY1,124905615.0
65,207918_s_at,TSPY1,124905616.0
66,207918_s_at,TSPY1,124905617.0
67,207918_s_at,TSPY1,124905618.0
68,207918_s_at,TSPY1,124905619.0
69,207918_s_at,TSPY1,124905620.0
70,207918_s_at,TSPY1,124905621.0
71,207918_s_at,TSPY1,124905623.0
72,207918_s_at,TSPY1,124905624.0
73,207918_s_at,TSPY1,124905625.0
74,207918_s_at,TSPY1,124905626.0
75,207918_s_at,TSPY1,124905627.0
76,207918_s_at,TSPY1,124905628.0
77,207918_s_at,TSPY1,124905629.0
78,207918_s_at,TSPY1,124908978.0
79,207918_s_at,TSPY1,124908979.0
80,207918_s_at,TSPY1,124908980.0
81,207918_s_at,TSPY1,124908981.0
82,207918_s_at,TSPY1,124908988.0
83,207918_s_at,TSPY1,124909015.0
84,207918_s_at,TSPY1,124909084.0
85,207918_s_at,TSPY1,124909294.0
86,207918_s_at,TSPY1,124909306.0
87,207918_s_at,TSPY1,124909318.0
88,207918_s_at,TSPY1,124909320.0
89,207918_s_at,TSPY1,124909330.0
90,207918_s_at,TSPY1,128966595.0
91,207918_s_at,TSPY1,128966599.0
92,207918_s_at,TSPY1,128966647.0
93,207918_s_at,TSPY1,128966655.0
94,207918_s_at,TSPY1,128966656.0
95,207918_s_at,TSPY10,728137.0
96,207918_s_at,TSPY10,100289087.0
97,207918_s_at,TSPY10,124905614.0
98,207918_s_at,TSPY10,124905615.0
99,207918_s_at,TSPY10,124905617.0
100,207918_s_at,TSPY10,124905618.0
101,207918_s_at,TSPY10,124905619.0
102,207918_s_at,TSPY10,124905620.0
103,207918_s_at,TSPY10,124905624.0
104,207918_s_at,TSPY10,124905625.0
105,207918_s_at,TSPY10,124905626.0
106,207918_s_at,TSPY10,124905627.0
107,207918_s_at,TSPY10,124905628.0
108,207918_s_at,TSPY10,124905629.0
109,207918_s_at,TSPY10,124908978.0
110,207918_s_at,TSPY10,124908979.0
111,207918_s_at,TSPY10,124908980.0
112,207918_s_at,TSPY10,124908981.0
113,207918_s_at,TSPY10,124909093.0
114,207918_s_at,TSPY10,124909197.0
115,207918_s_at,TSPY10,124909294.0
116,207918_s_at,TSPY10,124909306.0
117,207918_s_at,TSPY10,124909318.0
118,207918_s_at,TSPY10,128966595.0
119,207918_s_at,TSPY10,128966599.0
120,207918_s_at,TSPY10,128966647.0
121,207918_s_at,TSPY10,128966655.0
122,207918_s_at,TSPY2,64591.0
123,207918_s_at,TSPY7P,
124,207918_s_at,,64591.0
125,207918_s_at,,124905622.0
126,207918_s_at,TSPY6P,
127,207918_s_at,,
128,207916_at,RBMY2AP,
129,207916_at,RBMY2BP,
130,207933_at,ZP2,7783.0
131,207936_x_at,RFPL3,10738.0
132,207929_at,GRPR,2925.0
133,207941_s_at,RBM39P1,
134,207885_at,S100G,795.0
135,207934_at,RFPL1,5988.0
136,207961_x_at,MYH11,4629.0
137,207956_x_at,PDS5B,23047.0
138,207938_at,PI15,51050.0
139,207928_s_at,GLRA3,8001.0
140,207955_at,CCL27,10850.0
141,207955_at,,
142,207906_at,IL3,3562.0
143,207989_at,OPRM1,4988.0
144,207978_s_at,NR4A3,8013.0
145,207930_at,LCN1,3933.0
146,207964_x_at,IFNA17,3451.0
147,207932_at,IFNA8,3445.0
148,207911_s_at,TGM5,9333.0
149,207972_at,GLRA1,2741.0
150,207917_at,SNORA11F,109617000.0
151,207962_at,CAPN11,11131.0
152,207958_at,UGT2A2,574537.0
153,207908_at,KRT2,3849.0
154,207951_at,CSN2,1447.0
155,207901_at,IL12B,3593.0
156,207894_s_at,TCL6,124903372.0
157,207891_s_at,TREX2,11219.0
158,207892_at,CD40LG,959.0
159,207964_x_at,IFNA4,3441.0
160,207964_x_at,IFNA7,3444.0
161,207964_x_at,IFNA10,3446.0
162,207958_at,UGT2A1,10941.0
163,207974_s_at,,
164,207927_at,HTR7,3363.0
165,207917_at,,
166,207902_at,IL5RA,3568.0
167,207913_at,CYP2F2P,
168,207913_at,,
169,207895_at,NAALADL1,10004.0
170,207979_s_at,CD8B2,927.0
171,207926_at,GP5,2814.0
172,207969_x_at,ACRV1,56.0
173,207973_x_at,ACRV1,56.0
174,207910_at,SCGB1D1,10648.0
175,207891_s_at,HAUS7,55559.0
176,207950_s_at,ANK3,288.0
177,207963_at,KIF25-AS1,100505879.0
178,207952_at,IL5,3567.0
179,207889_at,SARDH,1757.0
180,207983_s_at,STAG2,10735.0
181,207907_at,TNFSF14,8740.0
182,207913_at,CYP2F1,1572.0
183,207884_at,GUCY2D,3000.0
184,207959_s_at,DNAH9,1770.0
185,207900_at,CCL17,6361.0
186,207944_at,OCM,654231.0
187,207914_x_at,EVX1,2128.0
188,207965_at,NEUROG3,50674.0
189,207941_s_at,RBM39,9584.0
190,207944_at,OCM2,4951.0
191,207981_s_at,ESRRG,2104.0
192,207920_x_at,ZFX,7543.0
193,207896_s_at,DLEC1,9940.0
194,207939_x_at,RNPS1,10921.0
195,207904_s_at,LNPEP,4012.0
196,207977_s_at,LINC00970,
197,207980_s_at,CITED2,10370.0
198,207968_s_at,MEF2C,4208.0
199,207899_at,GIP,2695.0
200,207886_s_at,CALCR,799.0
201,207887_s_at,CALCR,799.0
202,207924_x_at,PAX8,7849.0
203,207921_x_at,PAX8,7849.0
204,207923_x_at,PAX8,7849.0
205,207925_at,CST5,1473.0
206,207890_s_at,MMP25,64386.0
207,207945_s_at,CSNK1D,1453.0
208,207966_s_at,GLG1,2734.0
209,207897_at,CRHR2,1395.0
210,207940_x_at,CNR1,1268.0
211,207937_x_at,FGFR1,2260.0
212,207949_s_at,ICA1,3382.0
213,207979_s_at,CD8B,926.0
214,207987_s_at,GNRH1,2796.0
215,207919_at,ART1,417.0
216,207988_s_at,ARPC2,10109.0
217,207922_s_at,MAEA,10296.0
218,207974_s_at,SKP1,6500.0
219,207971_s_at,CEP68,23177.0
220,207957_s_at,PRKCB,5579.0
221,207943_x_at,PLAGL1,5325.0
222,207883_s_at,TFR2,7036.0
223,207976_at,KLHL18,23276.0
224,207931_s_at,PFKFB2,5208.0
225,207986_x_at,CYB561,1534.0
226,207984_s_at,MPP2,4355.0
227,207977_s_at,DPT,1805.0
228,207935_s_at,KRT13,3860.0
0,208024_s_at,,
1,208041_at,GRK1,6011.0
2,208067_x_at,UTY,7404.0
3,208020_s_at,CACNA1C,775.0
4,208020_s_at,CACNA1C,100874369.0
5,208073_x_at,TTC3,7267.0
6,208078_s_at,,102724428.0
7,208064_s_at,ST8SIA3,51046.0
8,208065_at,ST8SIA3,51046.0
9,208078_s_at,SIK1,150094.0
10,208080_at,FAM210B,116151.0
11,208018_s_at,HCK,3055.0
12,208085_s_at,ARHGAP6,395.0
13,208034_s_at,PROZ,8858.0
14,208019_at,ZNF157,7712.0
15,208053_at,GUCY2F,2986.0
16,208000_at,GML,2765.0
17,208071_s_at,LAIR1,3903.0
18,208017_s_at,MCF2,4168.0
19,208086_s_at,DMD,1756.0
20,208088_s_at,CFHR5,81494.0
21,207994_s_at,OPRM1,4988.0
22,208087_s_at,ZBP1,81030.0
23,208045_at,,
24,208006_at,FOXI1,2299.0
25,208076_at,H4C4,8360.0
26,208024_s_at,DGCR6L,85359.0
27,208058_s_at,MGAT3,4248.0
28,208081_s_at,ZNF442,79973.0
29,208042_at,,
30,208024_s_at,DGCR6,8214.0
31,208035_at,GRM6,2916.0
32,207996_s_at,LDLRAD4,753.0
33,208052_x_at,CEACAM3,1084.0
34,208049_s_at,TACR1,6869.0
35,208048_at,TACR1,6869.0
36,208040_s_at,MYBPC3,4607.0
37,207999_s_at,ADARB1,104.0
38,208070_s_at,REV3L,5980.0
39,208090_s_at,AIRE,326.0
40,207990_x_at,ACRV1,56.0
41,207991_x_at,ACRV1,56.0
42,208013_s_at,ACRV1,56.0
43,208089_s_at,TDRD3,81550.0
44,208004_at,OPRPN,58503.0
45,208028_s_at,GPX5,2880.0
46,207995_s_at,CLEC4M,10332.0
47,208046_at,H4C1,8359.0
48,208046_at,H3C1,8350.0
49,208051_s_at,PAIP1P2,
50,208029_s_at,LAPTM4B,55353.0
51,208059_at,CCR8,1237.0
52,208036_at,OPN1SW,611.0
53,208033_s_at,ZFHX3,463.0
54,208068_x_at,GH1,2688.0
55,208069_x_at,GH1,2688.0
56,208068_x_at,,
57,208069_x_at,,
58,207993_s_at,CHP1,11261.0
59,208022_s_at,CDC14B,8555.0
60,208027_s_at,TLL2,7093.0
61,208075_s_at,CCL7,6354.0
62,208056_s_at,CBFA2T3,863.0
63,208051_s_at,PAIP1,10605.0
64,208025_s_at,HMGA2,8091.0
65,208008_at,,
66,208055_s_at,HERC4,26091.0
67,208054_at,HERC4,26091.0
68,208008_at,TBC1D29P,
69,208079_s_at,AURKA,6790.0
70,208038_at,IL1RL2,8808.0
71,208091_s_at,VOPP1,81552.0
72,208050_s_at,CASP2,835.0
73,208042_at,AGGF1,55109.0
74,208030_s_at,ADD1,118.0
75,208016_s_at,AGTR1,185.0
76,208032_s_at,GRIA3,2892.0
77,208044_s_at,PPARD,5467.0
78,208057_s_at,GLI2,2736.0
79,208037_s_at,MADCAM1,8174.0
80,208062_s_at,NRG2,9542.0
81,208015_at,SMAD1,4086.0
82,208074_s_at,AP2S1,1175.0
83,208002_s_at,ACOT7,11332.0
84,208063_s_at,CAPN9,10753.0
85,208003_s_at,NFAT5,10725.0
86,208021_s_at,RFC1,5981.0
87,208010_s_at,PTPN22,26191.0
88,208011_at,PTPN22,26191.0
89,207998_s_at,CACNA1D,776.0
90,208012_x_at,SP110,3431.0
91,208009_s_at,ARHGEF16,27237.0
92,208031_s_at,RFX2,5990.0
93,207992_s_at,AMPD3,272.0
94,208005_at,NTN1,9423.0
95,208084_at,ITGB6,3694.0
96,208083_s_at,ITGB6,3694.0
97,208047_s_at,NAB1,4664.0
98,208072_s_at,DGKD,8527.0
99,208066_s_at,GTF2B,2959.0
100,208060_at,PAX7,5081.0
0,208164_s_at,IL9R,3581.0
1,208157_at,SIM2,6493.0
2,208184_s_at,,102724200.0
3,208113_x_at,PABPC3,5042.0
4,208113_x_at,,
5,208158_s_at,,
6,208129_x_at,RUNX1,861.0
7,208129_x_at,RUNX1,100506403.0
8,208184_s_at,TRAPPC10,7109.0
9,208151_x_at,DDX17,10521.0
10,208135_at,HNF1B,6928.0
11,208155_x_at,GAGE2E,729428.0
12,208122_x_at,KIR2DS3,3808.0
13,208167_s_at,MMP16,4325.0
14,208166_at,MMP16,4325.0
15,208172_s_at,KCNB2,9312.0
16,208123_at,KCNB2,9312.0
17,208155_x_at,GAGE12D,100132399.0
18,208155_x_at,GAGE12E,729431.0
19,208155_x_at,GAGE12G,2576.0
20,208155_x_at,GAGE12G,2578.0
21,208155_x_at,GAGE12G,2579.0
22,208155_x_at,GAGE12G,26748.0
23,208155_x_at,GAGE12G,645073.0
24,208155_x_at,GAGE12G,124908552.0
25,208155_x_at,GAGE12G,124908553.0
26,208155_x_at,GAGE12G,124908554.0
27,208155_x_at,GAGE12G,124908555.0
28,208155_x_at,GAGE12G,124908556.0
29,208155_x_at,GAGE12H,729442.0
30,208155_x_at,GAGE1,2543.0
31,208155_x_at,GAGE12J,729396.0
32,208142_at,EDDM3A,10876.0
33,208143_s_at,EDDM3A,10876.0
34,208156_x_at,EPPK1,83481.0
35,208183_at,TACR3,6870.0
36,208193_at,IL9,3578.0
37,208173_at,IFNB1,3456.0
38,208106_x_at,PSG6,5675.0
39,208182_x_at,IFNA14,3448.0
40,208175_s_at,DMP1,1758.0
41,208180_s_at,H4C8,8365.0
42,208131_s_at,PTGIS,5740.0
43,208182_x_at,IFNA7,3444.0
44,208182_x_at,IFNA16,3449.0
45,208178_x_at,TRIO,7204.0
46,208170_s_at,TRIM31,11074.0
47,208134_x_at,PSG2,5670.0
48,208153_s_at,FAT2,2196.0
49,208119_s_at,ZNF93,81931.0
50,208132_x_at,PRRC2A,7916.0
51,208186_s_at,LIPE,3991.0
52,208096_s_at,COL21A1,81578.0
53,208155_x_at,GAGE12F,2574.0
54,208155_x_at,GAGE12F,2576.0
55,208155_x_at,GAGE12F,2578.0
56,208155_x_at,GAGE12F,2579.0
57,208155_x_at,GAGE12F,26748.0
58,208155_x_at,GAGE12F,100008586.0
59,208155_x_at,GAGE12F,124908552.0
60,208155_x_at,GAGE12F,124908553.0
61,208155_x_at,GAGE12F,124908554.0
62,208155_x_at,GAGE12F,124908555.0
63,208155_x_at,GAGE12F,124908556.0
64,208155_x_at,GAGE13,645051.0
65,208155_x_at,GAGE12C,729422.0
66,208191_x_at,PSG4,5672.0
67,208155_x_at,GAGE2A,26749.0
68,208155_x_at,GAGE2A,645037.0
69,208155_x_at,GAGE2A,729408.0
70,208155_x_at,GAGE2A,729447.0
71,208155_x_at,GAGE2A,100101629.0
72,208147_s_at,CYP2C8,1558.0
73,208097_s_at,TMX1,81542.0
74,208126_s_at,CYP2C18,1562.0
75,208149_x_at,DDX12B,
76,208149_x_at,,
77,208179_x_at,KIR2DL3,3804.0
78,208179_x_at,KIR2DL1,3802.0
79,208177_at,SLC34A1,6569.0
80,208149_x_at,DDX12P,
81,208101_s_at,URM1,81605.0
82,208148_at,MYH4,4622.0
83,208095_s_at,SRP72,6731.0
84,208121_s_at,PTPRO,5800.0
85,208118_x_at,SMG1P2,
86,208158_s_at,OSBPL1A,114876.0
87,208188_at,KRT9,3857.0
88,208102_s_at,PSD,5662.0
89,208190_s_at,LSR,51599.0
90,208112_x_at,EHD1,10938.0
91,208118_x_at,SMG1P5,
92,208165_s_at,PRSS16,10279.0
93,208118_x_at,,
94,208110_x_at,MED25,81857.0
95,208136_s_at,ZNF213-AS1,100507458.0
96,208118_x_at,,595101.0
97,208138_at,GAST,2520.0
98,208164_s_at,,
99,208164_s_at,IL9RP3,
100,208094_s_at,YJU2B,81576.0
101,208104_s_at,TSC22D4,81628.0
102,208111_at,AVPR2,554.0
103,208108_s_at,AVPR2,554.0
104,208174_x_at,ZRSR2,8233.0
105,208169_s_at,PTGER3,5733.0
106,208117_s_at,LAS1L,81887.0
107,208137_x_at,ZNF611,81856.0
108,208116_s_at,MAN1A1,4121.0
109,208141_s_at,DOHH,83475.0
110,208128_x_at,KIF25,3834.0
111,208105_at,GIPR,2696.0
112,208161_s_at,ABCC3,8714.0
113,208159_x_at,DDX11,1663.0
114,208149_x_at,DDX11,1663.0
115,208163_s_at,OSBPL7,114881.0
116,208099_x_at,TTLL5,23093.0
117,208130_s_at,TBXAS1,6916.0
118,208144_s_at,TCEANC2,127428.0
119,208140_s_at,DRC3,83450.0
120,208107_s_at,REXO5,81691.0
121,208115_x_at,EDRF1,26098.0
122,208152_s_at,DDX21,9188.0
123,208093_s_at,NDEL1,81565.0
124,208146_s_at,CPVL,54504.0
125,208124_s_at,SEMA4F,10505.0
126,208189_s_at,MYO7A,4647.0
127,208127_s_at,SOCS5,9655.0
128,208103_s_at,ANP32E,81611.0
129,208168_s_at,CHIT1,1118.0
130,208114_s_at,ISG20L2,81875.0
131,208092_s_at,CYRIA,81553.0
132,208194_s_at,STAM2,10254.0
133,208100_x_at,SEMA6C,10500.0
0,208282_x_at,DAZ4,57135.0
1,208281_x_at,DAZ4,57135.0
2,208282_x_at,DAZ3,57054.0
3,208281_x_at,DAZ3,57054.0
4,208282_x_at,DAZ1,1617.0
5,208281_x_at,DAZ1,1617.0
6,208220_x_at,AMELY,266.0
7,208282_x_at,DAZ2,57055.0
8,208281_x_at,DAZ2,57055.0
9,208205_at,PCDHA9,9752.0
10,208196_x_at,NFATC1,4772.0
11,208215_x_at,DRD4,1815.0
12,208242_at,RAX,30062.0
13,208235_x_at,GAGE2E,729428.0
14,208235_x_at,GAGE12D,100132399.0
15,208235_x_at,GAGE12E,729431.0
16,208235_x_at,GAGE12G,2576.0
17,208235_x_at,GAGE12G,2578.0
18,208235_x_at,GAGE12G,2579.0
19,208235_x_at,GAGE12G,26748.0
20,208235_x_at,GAGE12G,645073.0
21,208235_x_at,GAGE12G,124908552.0
22,208235_x_at,GAGE12G,124908553.0
23,208235_x_at,GAGE12G,124908554.0
24,208235_x_at,GAGE12G,124908555.0
25,208235_x_at,GAGE12G,124908556.0
26,208235_x_at,GAGE12H,729442.0
27,208235_x_at,GAGE1,2543.0
28,208283_at,GAGE1,2543.0
29,208235_x_at,GAGE12J,729396.0
30,208266_at,C8orf17,100507249.0
31,208221_s_at,SLIT1,6585.0
32,208296_x_at,TNFAIP8,25816.0
33,208288_at,ABCB11,8647.0
34,208275_x_at,UTF1,8433.0
35,208214_at,ADRB1,153.0
36,208210_at,MAS1,4142.0
37,208285_at,OR7A5,26659.0
38,208290_s_at,EIF5,1983.0
39,208286_x_at,POU5F1B,5462.0
40,208286_x_at,POU5F1,5460.0
41,208261_x_at,IFNA4,3441.0
42,208259_x_at,IFNA7,3444.0
43,208261_x_at,IFNA10,3446.0
44,208247_at,ERC2-IT1,711.0
45,208277_at,PITX3,5309.0
46,208256_at,EFNA2,1943.0
47,208198_x_at,KIR2DS4,3809.0
48,208257_x_at,PSG1,5669.0
49,208257_x_at,PSG1,5672.0
50,208245_at,RAB9BP1,9366.0
51,208212_s_at,ALK,238.0
52,208211_s_at,ALK,238.0
53,208249_s_at,TGDS,23483.0
54,208287_at,HCG9,10255.0
55,208217_at,GABRR2,2570.0
56,208235_x_at,GAGE12F,2574.0
57,208235_x_at,GAGE12F,2576.0
58,208235_x_at,GAGE12F,2578.0
59,208235_x_at,GAGE12F,2579.0
60,208235_x_at,GAGE12F,26748.0
61,208235_x_at,GAGE12F,100008586.0
62,208235_x_at,GAGE12F,124908552.0
63,208235_x_at,GAGE12F,124908553.0
64,208235_x_at,GAGE12F,124908554.0
65,208235_x_at,GAGE12F,124908555.0
66,208235_x_at,GAGE12F,124908556.0
67,208235_x_at,GAGE13,645051.0
68,208204_s_at,CAV3,859.0
69,208235_x_at,GAGE12C,729422.0
70,208235_x_at,GAGE2A,26749.0
71,208235_x_at,GAGE2A,645037.0
72,208235_x_at,GAGE2A,729408.0
73,208235_x_at,GAGE2A,729447.0
74,208235_x_at,GAGE2A,100101629.0
75,208251_at,KCNC4,3749.0
76,208213_s_at,KCNAB1,7881.0
77,208272_at,RANBP3,8498.0
78,208264_s_at,EIF3J,8669.0
79,208250_s_at,DMBT1,1755.0
80,208258_s_at,GAS2L1,10634.0
81,208244_at,BMP3,651.0
82,208267_at,TRPV5,56302.0
83,208260_at,AVPR1B,553.0
84,208271_at,PAPOLB,56903.0
85,208270_s_at,ELF3,1999.0
86,208195_at,TTN,7273.0
87,208208_at,MYH13,8735.0
88,208263_at,SRP72,6731.0
89,208199_s_at,ZBTB14,7541.0
90,208246_x_at,,
91,208294_x_at,CSHL1,1444.0
92,208295_x_at,CSHL1,1444.0
93,208293_x_at,CSHL1,1444.0
94,208234_x_at,FGFR2,2263.0
95,208228_s_at,FGFR2,2263.0
96,208225_at,FGFR2,2263.0
97,208294_x_at,CSH1,1442.0
98,208295_x_at,CSH1,1442.0
99,208293_x_at,CSH1,1442.0
100,208294_x_at,CSH1,1444.0
101,208295_x_at,CSH1,1444.0
102,208293_x_at,CSH1,1444.0
103,208230_s_at,NRG1,3084.0
104,208241_at,NRG1,3084.0
105,208231_at,NRG1,3084.0
106,208218_s_at,ACVR1B,91.0
107,208223_s_at,ACVR1B,91.0
108,208222_at,ACVR1B,91.0
109,208219_at,ACVR1B,91.0
110,208252_s_at,CHST3,9469.0
111,208265_at,SLC19A4P,56918.0
112,208224_at,HOXB1,3211.0
113,208269_s_at,ADAM28,10863.0
114,208268_at,ADAM28,10863.0
115,208202_s_at,JADE2,23338.0
116,208279_s_at,FBXW10B,374286.0
117,208216_at,DLX4,1748.0
118,208291_s_at,TH,7054.0
119,208240_s_at,FGF1,2246.0
120,208243_s_at,CNR1,1268.0
121,208255_s_at,FKBP8,23770.0
122,208253_at,SIGLEC8,27181.0
123,208262_x_at,MEFV,4210.0
124,208206_s_at,RASGRP2,10235.0
125,208227_x_at,ADAM22,53616.0
126,208226_x_at,ADAM22,53616.0
127,208237_x_at,ADAM22,53616.0
128,208248_x_at,APLP2,334.0
129,208209_s_at,C4BPB,725.0
130,208292_at,BMP10,27302.0
131,208270_s_at,RNPEP,6051.0
0,208312_s_at,PRAMEF2,65122.0
1,208312_s_at,PRAMEF29P,
2,208312_s_at,PRAMEF28P,
3,208312_s_at,PRAMEF13,400736.0
4,208312_s_at,PRAMEF32P,
5,208303_s_at,CRLF2,64109.0
6,208331_at,BPY2,9083.0
7,208331_at,BPY2C,442868.0
8,208307_at,RBMY1HP,
9,208366_at,PCDH11Y,27328.0
10,208366_at,PCDH11Y,83259.0
11,208331_at,BPY2B,442867.0
12,208307_at,RBMY1B,378948.0
13,208307_at,RBMY1A1,5940.0
14,208307_at,RBMY1A1,378949.0
15,208339_at,XKRY,
16,208339_at,XKRYP7,
17,208339_at,XKRYP7,353515.0
18,208307_at,RBMY1D,378949.0
19,208307_at,RBMY1E,378950.0
20,208332_at,,102725532.0
21,208307_at,RBMY1F,159163.0
22,208307_at,RBMY1F,378951.0
23,208307_at,RBMY1J,378951.0
24,208332_at,,101929148.0
25,208339_at,XKRY,9082.0
26,208370_s_at,RCAN1,1827.0
27,208368_s_at,BRCA2,675.0
28,208299_at,CACNA1I,8911.0
29,208347_at,HMGN2P9,
30,208311_at,GPR50,9248.0
31,208377_s_at,CACNA1F,778.0
32,208366_at,PCDH11X,27328.0
33,208312_s_at,,
34,208334_at,NDST4,64579.0
35,208393_s_at,,
36,208395_s_at,URB1,9875.0
37,208399_s_at,EDN3,1908.0
38,208398_s_at,TBPL1,9519.0
39,208314_at,RRH,10692.0
40,208344_x_at,IFNA1,3439.0
41,208375_at,IFNA1,3439.0
42,208388_at,NR2E3,10002.0
43,208385_at,NR2E3,10002.0
44,208344_x_at,IFNA13,3447.0
45,208352_x_at,ANK1,286.0
46,208353_x_at,ANK1,286.0
47,208378_x_at,FGF5,2250.0
48,208346_at,,10895.0
49,208330_at,ALX4,60529.0
50,208333_at,LHX5,64211.0
51,208387_s_at,MMP24,10893.0
52,208381_s_at,SGPL1,8879.0
53,208305_at,PGR,5241.0
54,208371_s_at,RING1,6015.0
55,208391_s_at,GLP1R,2740.0
56,208390_s_at,GLP1R,2740.0
57,208306_x_at,HLA-DRB1,3123.0
58,208384_s_at,MID2,11043.0
59,208301_at,,
60,208359_s_at,KCNJ4,3761.0
61,208336_s_at,TECRP1,
62,208336_s_at,,
63,208349_at,TRPA1,8989.0
64,208312_s_at,PRAMEF14,729528.0
65,208376_at,CCR4,1233.0
66,208302_at,HMHB1,57824.0
67,208394_x_at,ESM1,11082.0
68,208327_at,CYP2A13,1553.0
69,208358_s_at,UGT8,7368.0
70,208329_at,PBOV1,59351.0
71,208300_at,PTPRH,5794.0
72,208325_s_at,AKAP13,11214.0
73,208318_s_at,XYLB,9942.0
74,208309_s_at,MALT1,10892.0
75,208393_s_at,RAD50,10111.0
76,208312_s_at,PRAMEF1,65121.0
77,208322_s_at,ST3GAL1,6482.0
78,208316_s_at,OCRL,4952.0
79,208389_s_at,SLC1A2,6506.0
80,208308_s_at,GPI,2821.0
81,208356_x_at,CSH2,1443.0
82,208342_x_at,CSH2,1443.0
83,208357_x_at,CSH2,1443.0
84,208341_x_at,CSH2,1443.0
85,208356_x_at,CSH1,1442.0
86,208342_x_at,CSH1,1442.0
87,208357_x_at,CSH1,1442.0
88,208341_x_at,CSH1,1442.0
89,208356_x_at,CSH1,1444.0
90,208342_x_at,CSH1,1444.0
91,208357_x_at,CSH1,1444.0
92,208341_x_at,CSH1,1444.0
93,208382_s_at,DMC1,11144.0
94,208386_x_at,DMC1,11144.0
95,208319_s_at,RBM3,5935.0
96,208361_s_at,POLR3D,661.0
97,208313_s_at,SF1,7536.0
98,208380_at,LBX1,10660.0
99,208351_s_at,MAPK1,5594.0
100,208367_x_at,CYP3A4,1576.0
101,208354_s_at,SLC12A3,6559.0
102,208345_s_at,POU3F1,5453.0
103,208383_s_at,PCK1,5105.0
104,208372_s_at,LIMK1,3984.0
105,208315_x_at,TRAF3,7187.0
106,208350_at,CSN1S1,1446.0
107,208300_at,SYT5,6861.0
108,208337_s_at,NR5A2,2494.0
109,208343_s_at,NR5A2,2494.0
110,208323_s_at,ANXA13,312.0
111,208320_at,CABP1,9478.0
112,208321_s_at,CABP1,9478.0
113,208338_at,P2RX3,5024.0
114,208363_s_at,INPP4A,3631.0
115,208364_at,INPP4A,3631.0
116,208369_s_at,GCDH,2639.0
117,208365_s_at,GRK4,2868.0
118,208348_s_at,CBLB,868.0
119,208304_at,CCR3,1232.0
120,208392_x_at,SP110,3431.0
121,208397_x_at,KCNJ5,3762.0
122,208373_s_at,P2RY6,5031.0
123,208336_s_at,TECR,9524.0
124,208310_s_at,CCZ1B,221960.0
125,208297_s_at,EVI5,7813.0
126,208310_s_at,CCZ1,51622.0
127,208396_s_at,PDE1A,5136.0
128,208335_s_at,ACKR1,2532.0
129,208374_s_at,CAPZA1,829.0
0,208492_at,RFXAP,5994.0
1,208409_at,SLC14A2,8170.0
2,208468_at,SOX21,11166.0
3,208415_x_at,ING1,3621.0
4,208436_s_at,IRF7,3665.0
5,208483_x_at,KRT33A,3883.0
6,208410_x_at,AMELX,265.0
7,208467_at,KLF12,11278.0
8,208450_at,LGALS2,3957.0
9,208480_s_at,ABCC6,368.0
10,208447_s_at,PRPS1,5631.0
11,208441_at,IGF1R,3480.0
12,208487_at,LMX1B,4010.0
13,208406_s_at,GRAP2,9402.0
14,208495_at,TLX3,30012.0
15,208449_s_at,FGF8,2253.0
16,208484_at,H1-1,3024.0
17,208469_s_at,PPT2-EGFL8,
18,208429_x_at,HNF4A,3172.0
19,208476_s_at,FRMD4A,55691.0
20,208475_at,FRMD4A,55691.0
21,208499_s_at,DNAJC3,5611.0
22,208477_at,KCNC1,3746.0
23,208502_s_at,PITX1,5307.0
24,208448_x_at,IFNA7,3444.0
25,208448_x_at,IFNA16,3449.0
26,208497_x_at,NEUROG1,4762.0
27,208494_at,SLC6A7,6534.0
28,208490_x_at,H2BC7,8343.0
29,208496_x_at,H3C8,8355.0
30,208411_x_at,PPEF2,5470.0
31,208434_at,MECOM,2122.0
32,208469_s_at,EGFL8,80864.0
33,208402_at,IL17A,3605.0
34,208428_at,TAP2,6891.0
35,208400_at,GLP1R,2740.0
36,208401_s_at,GLP1R,2740.0
37,208417_at,FGF6,2251.0
38,208496_x_at,H2AC10P,
39,208469_s_at,PPT2,9374.0
40,208479_at,KCNA1,3736.0
41,208496_x_at,,
42,208441_at,,
43,208455_at,NECTIN1,5818.0
44,208443_x_at,SHOX2,6474.0
45,208451_s_at,C4A,720.0
46,208451_s_at,C4A,110384692.0
47,208451_s_at,C4B,721.0
48,208469_s_at,,
49,208423_s_at,MSR1,4481.0
50,208422_at,MSR1,4481.0
51,208407_s_at,,
52,208451_s_at,C4B_2,100293534.0
53,208482_at,SSTR1,6751.0
54,208489_at,GJA8,2703.0
55,208474_at,,
56,208498_s_at,AMYP1,
57,208491_s_at,PGM5,5239.0
58,208426_x_at,KIR2DL4,3805.0
59,208463_at,GABRA4,2557.0
60,208440_at,LINC01565,23434.0
61,208498_s_at,AMY2A,279.0
62,208478_s_at,BAX,581.0
63,208403_x_at,MAX,4149.0
64,208466_at,RAB3D,9545.0
65,208459_s_at,XPO7,23039.0
66,208435_s_at,AQP6,363.0
67,208493_at,HOXA11,3207.0
68,208445_s_at,BAZ1B,9031.0
69,208500_x_at,FOXD3,27022.0
70,208425_s_at,TANC2,26115.0
71,208430_s_at,DTNA,1837.0
72,208432_s_at,CACNA1E,777.0
73,208456_s_at,RRAS2P1,
74,208498_s_at,AMY2B,280.0
75,208453_s_at,XPNPEP1,7511.0
76,208431_s_at,TUB,7275.0
77,208405_s_at,CD164,8763.0
78,208465_at,GRM2,2912.0
79,208473_s_at,GP2,2813.0
80,208472_at,IKZF4,64375.0
81,208471_at,HPR,3250.0
82,208470_s_at,HPR,3250.0
83,208464_at,GRIA4,2893.0
84,208458_at,SCNN1D,6339.0
85,208501_at,GFI1B,8328.0
86,208457_at,GABRD,2563.0
87,208427_s_at,ELAVL2,1993.0
88,208474_at,CLDN6,9074.0
89,208454_s_at,CPQ,10404.0
90,208462_s_at,ABCC9,10060.0
91,208488_s_at,CR1,1378.0
92,208413_at,RARB,5915.0
93,208412_s_at,RARB,5915.0
94,208416_s_at,SPTB,6710.0
95,208486_at,DRD5,1816.0
96,208424_s_at,CIAPIN1,57019.0
97,208470_s_at,HP,3240.0
98,208446_s_at,ZFYVE9,9372.0
99,208407_s_at,CTNND1,1500.0
100,208498_s_at,AMY1B,277.0
101,208498_s_at,AMY1B,124905666.0
102,208498_s_at,AMY1B,124905668.0
103,208498_s_at,AMY1B,128966568.0
104,208498_s_at,AMY1B,128966570.0
105,208485_x_at,CFLAR,8837.0
106,208452_x_at,MYO9B,4650.0
107,208404_x_at,KCNJ5,3762.0
108,208420_x_at,SUPT6H,6830.0
109,208437_at,CLCN1,1180.0
110,208433_s_at,LRP8,7804.0
111,208481_at,ASB4,51666.0
112,208460_at,GJC1,10052.0
113,208461_at,HIC1,3090.0
114,208442_s_at,ATM,472.0
115,208456_s_at,RRAS2,22800.0
116,208414_s_at,HOXB3,3213.0
117,208498_s_at,AMY1A,276.0
118,208498_s_at,AMY1A,124905666.0
119,208498_s_at,AMY1A,124905668.0
120,208498_s_at,AMY1A,128966568.0
121,208498_s_at,AMY1A,128966570.0
122,208438_s_at,FGR,2268.0
123,208498_s_at,AMY1C,278.0
124,208498_s_at,AMY1C,124905666.0
125,208498_s_at,AMY1C,124905668.0
126,208498_s_at,AMY1C,128966568.0
127,208498_s_at,AMY1C,128966570.0
0,208572_at,H3-4,8290.0
1,208504_x_at,PCDHB11,56125.0
2,208579_x_at,H2BC12L,54145.0
3,208579_x_at,H2BC12L,102724334.0
4,208533_at,SOX1,6656.0
5,208579_x_at,,102724334.0
6,208514_at,,102723475.0
7,208525_s_at,OR2F2,135948.0
8,208526_at,OR2F1,26211.0
9,208525_s_at,OR2F1,26211.0
10,208529_at,BTF3P11,
11,208565_at,MC5R,4161.0
12,208531_at,SERPINA2,390502.0
13,208555_x_at,CST2,1470.0
14,208601_s_at,TUBB1,81027.0
15,208593_x_at,CRHR1,1394.0
16,208593_x_at,CRHR1,104909134.0
17,208545_x_at,TAF4,6874.0
18,208586_s_at,SSX4,6759.0
19,208586_s_at,SSX4,548313.0
20,208513_at,FOXB1,27023.0
21,208528_x_at,SSX5,6758.0
22,208586_s_at,SSX4B,6759.0
23,208586_s_at,SSX4B,548313.0
24,208514_at,KCNE1,3753.0
25,208594_x_at,LILRA6,79168.0
26,208511_at,PTTG3P,
27,208507_at,OR7C2,26658.0
28,208589_at,TRPC7,57113.0
29,208519_x_at,GNRH2,2797.0
30,208537_at,S1PR2,9294.0
31,208556_at,GPR31,2853.0
32,208576_s_at,H3C2,8358.0
33,208569_at,H2AC4,8335.0
34,208577_at,H3C3,8352.0
35,208553_at,H1-4,3008.0
36,208527_x_at,H2BC6,8344.0
37,208594_x_at,LILRB3,11025.0
38,208594_x_at,LILRB3,102725035.0
39,208594_x_at,LILRB3,107987425.0
40,208594_x_at,LILRB3,107987462.0
41,208521_at,OR5I1,10798.0
42,208517_x_at,BTF3,689.0
43,208551_at,H4C7,8369.0
44,208506_at,H3C7,8968.0
45,208523_x_at,H2BC10,8346.0
46,208573_s_at,OR2H2,7932.0
47,208543_at,OR10H2,26538.0
48,208520_at,OR10H3,26532.0
49,208558_at,OR10H1,26539.0
50,208522_s_at,PTCH1,5727.0
51,208588_at,TPT1P8,
52,208588_at,,
53,208509_s_at,OR7A17,26333.0
54,208508_s_at,OR2J2,26707.0
55,208583_x_at,H2AC14,8331.0
56,208580_x_at,H4C11,8363.0
57,208542_x_at,ZNF208,7757.0
58,208574_at,SOX14,8403.0
59,208583_x_at,H2AC13,8329.0
60,208546_x_at,H2BC9,8345.0
61,208535_x_at,COL13A1,1305.0
62,208516_at,MTNR1B,4544.0
63,208532_x_at,KRTAP5-8,57830.0
64,208568_at,MC2R,4158.0
65,208571_at,ANP32D,23519.0
66,208585_at,BTN2A3P,
67,208590_x_at,GJA3,2700.0
68,208570_at,WNT1,7471.0
69,208598_s_at,HUWE1,10075.0
70,208599_at,HUWE1,10075.0
71,208578_at,SCN10A,6336.0
72,208596_s_at,UGT1A9,54600.0
73,208596_s_at,UGT1A6,54578.0
74,208596_s_at,UGT1A1,54658.0
75,208596_s_at,UGT1A4,54657.0
76,208580_x_at,H4C12,8362.0
77,208548_at,IFNA6,3443.0
78,208596_s_at,UGT1A3,54659.0
79,208538_at,ANP32CP,
80,208596_s_at,UGT1A8,54576.0
81,208596_s_at,UGT1A5,54579.0
82,208596_s_at,UGT1A7,54577.0
83,208544_at,ADRA2B,151.0
84,208560_at,KCNA10,3744.0
85,208596_s_at,UGT1A10,54575.0
86,208524_at,GPR15,2838.0
87,208550_x_at,KCNG2,26251.0
88,208547_at,,
89,208547_at,H2BC3,3018.0
90,208585_at,BTN2A3P,54718.0
91,208577_at,,
92,208518_s_at,PER2,8864.0
93,208539_x_at,SPRR2D,6703.0
94,208539_x_at,SPRR2A,6700.0
95,208539_x_at,SPRR2B,6701.0
96,208600_s_at,GPR39,2863.0
97,208575_at,H3C1,8350.0
98,208597_at,ZFP91-CNTF,
99,208597_at,CNTF,1270.0
100,208536_s_at,BCL2L11,10018.0
101,208515_at,H2BC14,8342.0
102,208563_x_at,POU3F3,5455.0
103,208534_s_at,,
104,208540_x_at,S100A11P1,
105,208554_at,POU4F3,5459.0
106,208557_at,HOXA6,3203.0
107,208597_at,ZFP91,80829.0
108,208587_s_at,OR1E1,8387.0
109,208587_s_at,OR1E2,8388.0
110,208541_x_at,TFAM,7019.0
111,208602_x_at,CD6,923.0
112,208534_s_at,RASA4CP,
113,208567_s_at,KCNJ18,100134444.0
114,208512_s_at,AFDN,4301.0
115,208534_s_at,POLR2J4,84820.0
116,208534_s_at,POLR2J4,401331.0
117,208534_s_at,RASA4CP,84820.0
118,208534_s_at,RASA4CP,401331.0
119,208579_x_at,H2BC12,85236.0
120,208534_s_at,RASA4DP,
121,208593_x_at,LINC02210-CRHR1,1394.0
122,208593_x_at,LINC02210-CRHR1,104909134.0
123,208503_s_at,GATAD1,57798.0
124,208581_x_at,MT1X,4501.0
125,208510_s_at,PPARG,5468.0
126,208564_at,KCNA2,3737.0
127,208562_s_at,ABCC9,10060.0
128,208561_at,ABCC9,10060.0
129,208530_s_at,RARB,5915.0
130,208505_s_at,FUT2,2524.0
131,208534_s_at,RASA4B,100271927.0
132,208567_s_at,KCNJ12,3768.0
133,208534_s_at,RASA4,10156.0
134,208591_s_at,PDE3B,5140.0
135,208552_at,GRIK4,2900.0
136,208592_s_at,CD1E,913.0
0,208650_s_at,CD24P4,
1,208607_s_at,SAA1,6288.0
2,208661_s_at,TTC3,7267.0
3,208663_s_at,TTC3,7267.0
4,208662_s_at,TTC3,7267.0
5,208664_s_at,TTC3,7267.0
6,208647_at,FDFT1,2222.0
7,208689_s_at,RPN2,6185.0
8,208695_s_at,SNORA69,26779.0
9,208670_s_at,EID1,23741.0
10,208669_s_at,EID1,23741.0
11,208668_x_at,HMGN2P6,
12,208627_s_at,YBX1P1,
13,208628_s_at,YBX1P1,
14,208608_s_at,SNTB1,6641.0
15,208627_s_at,YBX1P10,
16,208641_s_at,RAC1P2,
17,208668_x_at,HMGN2P5,
18,208651_x_at,CD24,100133941.0
19,208650_s_at,CD24,100133941.0
20,208650_s_at,CD24P2,
21,208695_s_at,RPL39P3,
22,208705_s_at,EIF5,1983.0
23,208705_s_at,,
24,208661_s_at,TTC3P1,
25,208682_s_at,SNORA11,677799.0
26,208678_at,ATP6V1E1,529.0
27,208607_s_at,SAA2-SAA4,100528017.0
28,208652_at,,
29,208632_at,RNF10,9921.0
30,208609_s_at,TNXB,7148.0
31,208659_at,DDAH2,23564.0
32,208685_x_at,BRD2,6046.0
33,208686_s_at,BRD2,6046.0
34,208668_x_at,HMGN2P7,
35,208659_at,CLIC1,1192.0
36,208609_s_at,TNXA,
37,208660_at,,
38,208620_at,PCBP1,5093.0
39,208687_x_at,SNORD14E,85391.0
40,208675_s_at,DDOST,1650.0
41,208674_x_at,DDOST,1650.0
42,208694_at,PRKDC,5591.0
43,208603_s_at,MAPK8IP2,23542.0
44,208615_s_at,PTP4A2,8073.0
45,208617_s_at,PTP4A2,8073.0
46,208616_s_at,PTP4A2,8073.0
47,208682_s_at,MAGED2,10916.0
48,208697_s_at,EIF3E,3646.0
49,208634_s_at,MACF1,23499.0
50,208633_s_at,MACF1,23499.0
51,208695_s_at,RPL39,6170.0
52,208668_x_at,HMGN2P17,
53,208612_at,PDIA3,2923.0
54,208698_s_at,,
55,208610_s_at,SRRM2,23524.0
56,208637_x_at,ACTN1,87.0
57,208636_at,ACTN1,87.0
58,208668_x_at,HMGN2P41,
59,208611_s_at,SPTAN1,6709.0
60,208653_s_at,CD164,8763.0
61,208654_s_at,CD164,8763.0
62,208672_s_at,SRSF3,6428.0
63,208673_s_at,SRSF3,6428.0
64,208666_s_at,ST13,6767.0
65,208667_s_at,ST13,6767.0
66,208668_x_at,HMGN2P3,
67,208698_s_at,NONO,4841.0
68,208668_x_at,,
69,208621_s_at,EZR,7430.0
70,208623_s_at,EZR,7430.0
71,208622_s_at,EZR,7430.0
72,208674_x_at,PINK1-AS,100861548.0
73,208658_at,PDIA4,9601.0
74,208657_s_at,SEPTIN9,10801.0
75,208692_at,RPS3,6188.0
76,208656_s_at,CCNI,10983.0
77,208655_at,CCNI,10983.0
78,208613_s_at,FLNB,2317.0
79,208614_s_at,FLNB,2317.0
80,208625_s_at,EIF4G1,1981.0
81,208624_s_at,EIF4G1,1981.0
82,208671_at,SERINC1,57515.0
83,208660_at,CS,1431.0
84,208680_at,PRDX1,5052.0
85,208677_s_at,BSG,682.0
86,208629_s_at,HADHA,3030.0
87,208631_s_at,HADHA,3030.0
88,208630_at,HADHA,3030.0
89,208690_s_at,PDLIM1,9124.0
90,208607_s_at,SAA2,6289.0
91,208679_s_at,ARPC2,10109.0
92,208626_s_at,VAT1,10493.0
93,208635_x_at,NACA,4666.0
94,208648_at,VCP,7415.0
95,208649_s_at,VCP,7415.0
96,208646_at,RPS14,6208.0
97,208645_s_at,RPS14,6208.0
98,208696_at,CCT5,22948.0
99,208652_at,PPP2CA,5515.0
100,208619_at,DDB1,1642.0
101,208642_s_at,XRCC5,7520.0
102,208643_s_at,XRCC5,7520.0
103,208676_s_at,PA2G4,5036.0
104,208693_s_at,GARS1,2617.0
105,208604_s_at,HOXA3,3200.0
106,208683_at,CAPN2,824.0
107,208640_at,RAC1,5879.0
108,208641_s_at,RAC1,5879.0
109,208691_at,TFRC,7037.0
110,208704_x_at,APLP2,334.0
111,208703_s_at,APLP2,334.0
112,208702_x_at,APLP2,334.0
113,208687_x_at,HSPA8,3312.0
114,208606_s_at,WNT4,54361.0
115,208688_x_at,EIF3B,8662.0
116,208700_s_at,TKT,7086.0
117,208699_x_at,TKT,7086.0
118,208627_s_at,YBX1,4904.0
119,208628_s_at,YBX1,4904.0
120,208638_at,PDIA6,10130.0
121,208639_x_at,PDIA6,10130.0
122,208605_s_at,NTRK1,4914.0
123,208668_x_at,HMGN2,3151.0
124,208644_at,PARP1,142.0
125,208684_at,COPA,1314.0
0,208755_x_at,H3P36,
1,208798_x_at,GOLGA8A,23015.0
2,208797_s_at,GOLGA8A,23015.0
3,208720_s_at,RBM39P1,
4,208739_x_at,SUMO2P21,
5,208719_s_at,DDX17,10521.0
6,208718_at,DDX17,10521.0
7,208742_s_at,SAP18,10284.0
8,208741_at,SAP18,10284.0
9,208740_at,SAP18,10284.0
10,208755_x_at,H3P47,
11,208727_s_at,CDC42P6,
12,208766_s_at,HNRNPR,10236.0
13,208765_s_at,HNRNPR,10236.0
14,208772_at,ANKHD1-EIF4EBP3,404734.0
15,208773_s_at,ANKHD1-EIF4EBP3,404734.0
16,208778_s_at,SNORA20,677806.0
17,208755_x_at,H3P16,
18,208729_x_at,MIR6891,102465537.0
19,208805_at,,
20,208785_s_at,MAP1LC3B2,643246.0
21,208708_x_at,EIF5,1983.0
22,208706_s_at,EIF5,1983.0
23,208707_at,EIF5,1983.0
24,208749_x_at,FLOT1,10211.0
25,208753_s_at,,
26,208782_at,MIR198,406975.0
27,208739_x_at,SUMO2P1,
28,208736_at,ARPC3P3,
29,208744_x_at,HSPH1,10808.0
30,208746_x_at,,
31,208751_at,NAPA,8775.0
32,208751_at,,
33,208748_s_at,FLOT1,10211.0
34,208755_x_at,H3P6,
35,208726_s_at,EIF2S2,8894.0
36,208725_at,EIF2S2,8894.0
37,208735_s_at,CTDSP2,10106.0
38,208750_s_at,MIR3620,100500810.0
39,208804_s_at,SRSF6,6431.0
40,208713_at,HNRNPUL1,11100.0
41,208799_at,PSMB5,5693.0
42,208770_s_at,EIF4EBP2,1979.0
43,208769_at,EIF4EBP2,1979.0
44,208717_at,OXA1L,5018.0
45,208729_x_at,HLA-B,3106.0
46,208737_at,ATP6V1G1,9550.0
47,208795_s_at,MIR25,407014.0
48,208795_s_at,MIR93,407050.0
49,208795_s_at,MIR106B,406900.0
50,208768_x_at,RPL22P1,
51,208768_x_at,,
52,208767_s_at,LAPTM4B,55353.0
53,208803_s_at,SRP72,6731.0
54,208801_at,SRP72,6731.0
55,208800_at,SRP72,6731.0
56,208802_at,SRP72,6731.0
57,208727_s_at,,
58,208728_s_at,,
59,208720_s_at,RBM39,9584.0
60,208739_x_at,,
61,208739_x_at,SUMO2P3,
62,208780_x_at,VAPA,9218.0
63,208763_s_at,TSC22D3,1831.0
64,208712_at,CCND1,595.0
65,208711_s_at,CCND1,595.0
66,208743_s_at,YWHAB,7529.0
67,208746_x_at,ATP5MG,10632.0
68,208745_at,ATP5MG,10632.0
69,208772_at,ANKHD1,54882.0
70,208773_s_at,ANKHD1,54882.0
71,208757_at,TMED9,54732.0
72,208800_at,,
73,208787_at,MRPL3,11222.0
74,208731_at,RAB2A,5862.0
75,208730_x_at,RAB2A,5862.0
76,208732_at,RAB2A,5862.0
77,208734_x_at,RAB2A,5862.0
78,208733_at,RAB2A,5862.0
79,208805_at,PSMA6,5687.0
80,208778_s_at,TCP1,6950.0
81,208739_x_at,SUMO2P17,
82,208736_at,ARPC3,10094.0
83,208761_s_at,SUMO1P3,
84,208795_s_at,MCM7,4176.0
85,208774_at,CSNK1D,1453.0
86,208716_s_at,TMCO1,54499.0
87,208715_at,TMCO1,54499.0
88,208723_at,USP11,8237.0
89,208796_s_at,CCNG1,900.0
90,208762_at,SUMO1,7341.0
91,208761_s_at,SUMO1,7341.0
92,208759_at,NCSTN,23385.0
93,208764_s_at,ATP5MC2,517.0
94,208788_at,ELOVL5,60481.0
95,208791_at,CLU,1191.0
96,208792_s_at,CLU,1191.0
97,208760_at,UBE2I,7329.0
98,208779_x_at,DDR1,780.0
99,208797_s_at,GOLGA8B,23015.0
100,208797_s_at,GOLGA8B,440270.0
101,208754_s_at,NAP1L1,4673.0
102,208753_s_at,NAP1L1,4673.0
103,208752_x_at,NAP1L1,4673.0
104,208768_x_at,RPL22,6146.0
105,208789_at,CAVIN1,284119.0
106,208790_s_at,CAVIN1,284119.0
107,208775_at,XPO1,7514.0
108,208784_s_at,KLHDC3,116138.0
109,208747_s_at,C1S,716.0
110,208710_s_at,AP3D1,8943.0
111,208785_s_at,MAP1LC3B,81631.0
112,208786_s_at,MAP1LC3B,81631.0
113,208782_at,FSTL1,11167.0
114,208771_s_at,LTA4H,4048.0
115,208793_x_at,SMARCA4,6597.0
116,208794_s_at,SMARCA4,6597.0
117,208721_s_at,ANAPC5,51433.0
118,208722_s_at,ANAPC5,51433.0
119,208714_at,NDUFV1,4723.0
120,208758_at,ATIC,471.0
121,208776_at,PSMD11,5717.0
122,208777_s_at,PSMD11,5717.0
123,208755_x_at,H3-3A,3020.0
124,208750_s_at,ARF1,375.0
125,208738_x_at,SUMO2,6613.0
126,208739_x_at,SUMO2,6613.0
127,208756_at,EIF3I,8668.0
128,208724_s_at,RAB1A,5861.0
129,208709_s_at,NRDC,4898.0
130,208727_s_at,CDC42,998.0
131,208728_s_at,CDC42,998.0
132,208783_s_at,CD46,4179.0
0,208853_s_at,CANX,821.0
1,208852_s_at,CANX,821.0
2,208900_s_at,TOP1,7150.0
3,208901_s_at,TOP1,7150.0
4,208886_at,H1-0,3005.0
5,208832_at,ATXN10,25814.0
6,208833_s_at,ATXN10,25814.0
7,208861_s_at,ATRX,546.0
8,208860_s_at,ATRX,546.0
9,208859_s_at,ATRX,546.0
10,208816_x_at,ANXA2P2,
11,208854_s_at,STK24,8428.0
12,208855_s_at,STK24,8428.0
13,208899_x_at,ATP6V1D,51382.0
14,208898_at,ATP6V1D,51382.0
15,208881_x_at,IDI1,3422.0
16,208856_x_at,RPLP0P9,
17,208811_s_at,DNAJB6P1,
18,208810_at,DNAJB6P1,
19,208894_at,HLA-DRA,3122.0
20,208834_x_at,RPL23AP65,
21,208825_x_at,RPL23AP65,
22,208867_s_at,CSNK1A1,1452.0
23,208866_at,CSNK1A1,1452.0
24,208865_at,CSNK1A1,1452.0
25,208867_s_at,,
26,208866_at,,
27,208865_at,,
28,208904_s_at,RPS28P7,
29,208812_x_at,HLA-C,3107.0
30,208812_x_at,HLA-B,3106.0
31,208885_at,LCP1,3936.0
32,208904_s_at,RPS28P4,
33,208829_at,TAPBP,6892.0
34,208834_x_at,RPL23AP42,
35,208825_x_at,RPL23AP42,
36,208862_s_at,,
37,208890_s_at,PLXNB2,23654.0
38,208811_s_at,,
39,208810_at,,
40,208874_x_at,PTPA,5524.0
41,208864_s_at,TXN,7295.0
42,208905_at,CYCSP55,
43,208835_s_at,LUC7L3,51747.0
44,208808_s_at,HMGB2,3148.0
45,208904_s_at,,
46,208863_s_at,,
47,208863_s_at,SRSF1,6426.0
48,208848_at,ADH5,128.0
49,208847_s_at,ADH5,128.0
50,208870_x_at,ATP5F1C,509.0
51,208828_at,POLE3,54107.0
52,208819_at,RAB8A,4218.0
53,208839_s_at,CAND1,55832.0
54,208838_at,CAND1,55832.0
55,208820_at,PTK2,5747.0
56,208872_s_at,REEP5,7905.0
57,208873_s_at,REEP5,7905.0
58,208826_x_at,HINT1,3094.0
59,208806_at,CHD3,1107.0
60,208807_s_at,CHD3,1107.0
61,208891_at,DUSP6,1848.0
62,208893_s_at,DUSP6,1848.0
63,208892_s_at,DUSP6,1848.0
64,208879_x_at,PRPF6,24148.0
65,208880_s_at,PRPF6,24148.0
66,208856_x_at,RPLP0P6,
67,208836_at,ATP1B3,483.0
68,208869_s_at,GABARAPL1,23710.0
69,208868_s_at,GABARAPL1,23710.0
70,208834_x_at,RPL23AP74,
71,208825_x_at,RPL23AP74,
72,208857_s_at,PCMT1,5110.0
73,208871_at,ATN1,1822.0
74,208818_s_at,COMT,1312.0
75,208817_at,COMT,1312.0
76,208821_at,SNRPB,6628.0
77,208841_s_at,G3BP2,9908.0
78,208840_s_at,G3BP2,9908.0
79,208888_s_at,NCOR2,9612.0
80,208889_s_at,NCOR2,9612.0
81,208882_s_at,UBR5,51366.0
82,208884_s_at,UBR5,51366.0
83,208883_at,UBR5,51366.0
84,208887_at,EIF3G,8666.0
85,208897_s_at,DDX18,8886.0
86,208895_s_at,DDX18,8886.0
87,208896_at,DDX18,8886.0
88,208903_at,RPS28,6234.0
89,208904_s_at,RPS28,6234.0
90,208902_s_at,RPS28,6234.0
91,208824_x_at,CDK16,5127.0
92,208823_s_at,CDK16,5127.0
93,208813_at,GOT1,2805.0
94,208837_at,TMED3,23423.0
95,208845_at,VDAC3,7419.0
96,208846_s_at,VDAC3,7419.0
97,208827_at,PSMB6,5694.0
98,208834_x_at,RPL23A,6147.0
99,208825_x_at,RPL23A,6147.0
100,208814_at,HSPA4,3308.0
101,208815_x_at,HSPA4,3308.0
102,208809_s_at,C6orf62,81688.0
103,208862_s_at,CTNND1,1500.0
104,208850_s_at,THY1,7070.0
105,208851_s_at,THY1,7070.0
106,208811_s_at,DNAJB6,10049.0
107,208810_at,DNAJB6,10049.0
108,208830_s_at,SUPT6H,6830.0
109,208831_x_at,SUPT6H,6830.0
110,208876_s_at,PAK2,5062.0
111,208878_s_at,PAK2,5062.0
112,208877_at,PAK2,5062.0
113,208875_s_at,PAK2,5062.0
114,208905_at,CYCS,54205.0
115,208858_s_at,ESYT1,23344.0
116,208856_x_at,RPLP0,6175.0
117,208842_s_at,GORASP2,26003.0
118,208843_s_at,GORASP2,26003.0
119,208822_s_at,DAP3,7818.0
0,208909_at,UQCRFS1P1,
1,208937_s_at,,
2,208950_s_at,ALDH7A1P1,
3,208951_at,ALDH7A1P1,
4,208922_s_at,MIR6514,102465257.0
5,208906_at,HNRNPUL2-BSCL2,
6,208926_at,NEU1,4758.0
7,208907_s_at,MRPS18B,28973.0
8,208979_at,NCOA6,23054.0
9,208985_s_at,EIF3J,8669.0
10,208961_s_at,KLF6,1316.0
11,208960_s_at,KLF6,1316.0
12,208929_x_at,RPL13P12,
13,208948_s_at,STAU1,6780.0
14,208977_x_at,TUBB4B,10383.0
15,208929_x_at,SNORD68,
16,208967_s_at,,
17,208912_s_at,CNP,1267.0
18,208978_at,CRIP2,1397.0
19,208916_at,SLC1A5,6510.0
20,208949_s_at,LGALS3,3958.0
21,208910_s_at,C1QBP,708.0
22,208909_at,UQCRFS1,7386.0
23,208942_s_at,SEC62,7095.0
24,208943_s_at,SEC62,7095.0
25,208923_at,CYFIP1,23191.0
26,208986_at,TCF12,6938.0
27,208996_s_at,POLR2C,5432.0
28,208964_s_at,FADS1,3992.0
29,208963_x_at,FADS1,3992.0
30,208962_s_at,FADS1,3992.0
31,208914_at,GGA2,23062.0
32,208915_s_at,GGA2,23062.0
33,208913_at,GGA2,23062.0
34,208944_at,TGFBR2,7048.0
35,208919_s_at,,
36,209004_s_at,FBXL5,26234.0
37,209005_at,FBXL5,26234.0
38,208939_at,SEPHS1,22929.0
39,208940_at,SEPHS1,22929.0
40,208941_s_at,SEPHS1,22929.0
41,208956_x_at,DUT,1854.0
42,208955_at,DUT,1854.0
43,208937_s_at,ID1,3397.0
44,208984_x_at,RBM10,8241.0
45,208921_s_at,SRI,6717.0
46,208920_at,SRI,6717.0
47,208958_at,ERP44,23071.0
48,208959_s_at,ERP44,23071.0
49,208957_at,ERP44,23071.0
50,209002_s_at,CALCOCO1,57658.0
51,208947_s_at,UPF1,5976.0
52,208969_at,NDUFA9,4704.0
53,208967_s_at,AK2,204.0
54,208928_at,POR,5447.0
55,209006_s_at,RSRP1,57035.0
56,208972_s_at,ATP5MC1,516.0
57,209003_at,SLC25A11,8402.0
58,208954_s_at,LARP4B,23185.0
59,208953_at,LARP4B,23185.0
60,208952_s_at,LARP4B,23185.0
61,208950_s_at,ALDH7A1,501.0
62,208951_at,ALDH7A1,501.0
63,208968_s_at,CIAPIN1,57019.0
64,208992_s_at,STAT3,6774.0
65,208991_at,STAT3,6774.0
66,208906_at,BSCL2,26580.0
67,208973_at,ERI3,79033.0
68,208997_s_at,UCP2,7351.0
69,208998_at,UCP2,7351.0
70,208974_x_at,KPNB1,3837.0
71,208975_s_at,KPNB1,3837.0
72,208932_at,PPP4C,5531.0
73,208908_s_at,,831.0
74,208990_s_at,HNRNPH3,3189.0
75,208999_at,SEPTIN8,23176.0
76,209000_s_at,SEPTIN8,23176.0
77,208981_at,PECAM1,5175.0
78,208982_at,PECAM1,5175.0
79,208983_s_at,PECAM1,5175.0
80,208987_s_at,KDM2A,22992.0
81,208988_at,KDM2A,22992.0
82,208989_s_at,KDM2A,22992.0
83,208930_s_at,ILF3,3609.0
84,208931_s_at,ILF3,3609.0
85,208980_s_at,UBC,7316.0
86,208994_s_at,PPIG,9360.0
87,208993_s_at,PPIG,9360.0
88,208995_s_at,PPIG,9360.0
89,209001_s_at,ANAPC13,25847.0
90,208965_s_at,IFI16,3428.0
91,208966_x_at,IFI16,3428.0
92,208911_s_at,PDHB,5162.0
93,208929_x_at,RPL13,6137.0
94,208925_at,CLDND1,56650.0
95,208922_s_at,NXF1,10482.0
96,208946_s_at,BECN1,8678.0
97,208945_s_at,BECN1,8678.0
98,208938_at,PRCC,5546.0
99,208917_x_at,NADK,65220.0
100,208918_s_at,NADK,65220.0
101,208919_s_at,NADK,65220.0
102,208927_at,SPOP,8405.0
103,208970_s_at,UROD,7389.0
104,208971_at,UROD,7389.0
105,208924_at,RNF11,26994.0
106,208934_s_at,LGALS8,3964.0
107,208933_s_at,LGALS8,3964.0
108,208935_s_at,LGALS8,3964.0
109,208936_x_at,LGALS8,3964.0
0,209102_s_at,HBP1,26959.0
1,209026_x_at,TUBBP2,
2,209072_at,MBP,4155.0
3,209082_s_at,,80781.0
4,209081_s_at,,80781.0
5,209042_s_at,UBE2G2,7327.0
6,209041_s_at,UBE2G2,7327.0
7,209033_s_at,DYRK1A,1859.0
8,209024_s_at,SYNCRIPP1,
9,209093_s_at,,
10,209093_s_at,GBA1,2629.0
11,209050_s_at,,
12,209051_s_at,,
13,209103_s_at,UFD1,7353.0
14,209079_x_at,PCDHGA1,56114.0
15,209079_x_at,PCDHGA2,56113.0
16,209079_x_at,PCDHGA3,56112.0
17,209079_x_at,PCDHGB1,56104.0
18,209079_x_at,PCDHGA4,56111.0
19,209079_x_at,PCDHGB2,56103.0
20,209079_x_at,PCDHGA5,56110.0
21,209079_x_at,PCDHGB3,56102.0
22,209079_x_at,PCDHGA6,56109.0
23,209079_x_at,PCDHGA7,56108.0
24,209079_x_at,PCDHGB4,8641.0
25,209079_x_at,PCDHGA8,9708.0
26,209079_x_at,PCDHGA9,56107.0
27,209079_x_at,PCDHGA10,56106.0
28,209079_x_at,PCDHGB7,56099.0
29,209079_x_at,PCDHGA11,56105.0
30,209079_x_at,PCDHGA12,26025.0
31,209079_x_at,PCDHGC3,5098.0
32,209079_x_at,PCDHGC4,56098.0
33,209079_x_at,PCDHGC5,56097.0
34,209079_x_at,PCDHGB5,56101.0
35,209079_x_at,PCDHGB6,56100.0
36,209008_x_at,KRT8P3,
37,209024_s_at,,10492.0
38,209010_s_at,TRIO,7204.0
39,209011_at,TRIO,7204.0
40,209013_x_at,TRIO,7204.0
41,209012_at,TRIO,7204.0
42,209026_x_at,TUBB,203068.0
43,209077_at,TXN2,25828.0
44,209078_s_at,TXN2,25828.0
45,209040_s_at,PSMB8,5696.0
46,209024_s_at,SYNCRIP,10492.0
47,209025_s_at,SYNCRIP,10492.0
48,209009_at,ESD,2098.0
49,209096_at,UBE2V2,7336.0
50,209082_s_at,COL18A1,80781.0
51,209081_s_at,COL18A1,80781.0
52,209060_x_at,NCOA3,8202.0
53,209061_at,NCOA3,8202.0
54,209062_x_at,NCOA3,8202.0
55,209099_x_at,JAG1,182.0
56,209098_s_at,JAG1,182.0
57,209097_s_at,JAG1,182.0
58,209014_at,MAGED1,9500.0
59,209034_at,PNRC1,10957.0
60,209023_s_at,STAG2,10735.0
61,209022_at,STAG2,10735.0
62,209053_s_at,NSD2,7468.0
63,209054_s_at,NSD2,7468.0
64,209052_s_at,NSD2,7468.0
65,209064_x_at,PAIP1P2,
66,209063_x_at,PAIP1P2,
67,209084_s_at,RAB28,9364.0
68,209046_s_at,GABARAPL2,11345.0
69,209058_at,EDF1,8721.0
70,209059_s_at,EDF1,8721.0
71,209020_at,OSER1,51526.0
72,209093_s_at,GBA1LP,
73,209037_s_at,EHD1,10938.0
74,209039_x_at,EHD1,10938.0
75,209038_s_at,EHD1,10938.0
76,209064_x_at,PAIP1,10605.0
77,209063_x_at,PAIP1,10605.0
78,209045_at,XPNPEP1,7511.0
79,209101_at,CCN2,1490.0
80,209065_at,UQCRB,7381.0
81,209066_x_at,UQCRB,7381.0
82,209104_s_at,NHP2,55651.0
83,209089_at,RAB5A,5868.0
84,209035_at,MDK,4192.0
85,209049_s_at,ZMYND8,23613.0
86,209048_s_at,ZMYND8,23613.0
87,209093_s_at,,2630.0
88,209030_s_at,CADM1,23705.0
89,209032_s_at,CADM1,23705.0
90,209031_at,CADM1,23705.0
91,209047_at,AQP1,358.0
92,209080_x_at,GLRX3,10539.0
93,209088_s_at,UBN1,29855.0
94,209027_s_at,ABI1,10006.0
95,209028_s_at,ABI1,10006.0
96,209094_at,DDAH1,23576.0
97,209050_s_at,RALGDS,5900.0
98,209051_s_at,RALGDS,5900.0
99,209076_s_at,WDR45B,56270.0
100,209008_x_at,KRT8,3856.0
101,209035_at,DGKZ,8525.0
102,209007_s_at,RSRP1,57035.0
103,209075_s_at,ISCU,23479.0
104,209100_at,IFRD2,7866.0
105,209083_at,CORO1A,11151.0
106,209068_at,HNRNPDL,9987.0
107,209067_s_at,HNRNPDL,9987.0
108,209017_s_at,LONP1,9361.0
109,209044_x_at,SF3B4,10262.0
110,209069_s_at,H3-3B,3021.0
111,209055_s_at,CDC5L,988.0
112,209056_s_at,CDC5L,988.0
113,209057_x_at,CDC5L,988.0
114,209016_s_at,KRT7,3855.0
115,209085_x_at,RFC1,5981.0
116,209029_at,COPS7A,50813.0
117,209043_at,PAPSS1,9061.0
118,209015_s_at,DNAJB6,10049.0
119,209087_x_at,MCAM,4162.0
120,209086_x_at,MCAM,4162.0
121,209095_at,DLD,1738.0
122,209021_x_at,ATG13,9776.0
123,209106_at,NCOA1,8648.0
124,209105_at,NCOA1,8648.0
125,209018_s_at,PINK1,65018.0
126,209019_s_at,PINK1,65018.0
127,209092_s_at,GLOD4,51031.0
128,209074_s_at,FAM107A,11170.0
129,209071_s_at,RGS5,8490.0
130,209070_s_at,RGS5,8490.0
131,209036_s_at,MDH2,4191.0
132,209091_s_at,SH3GLB1,51100.0
133,209090_s_at,SH3GLB1,51100.0
0,209150_s_at,,
1,209149_s_at,TM9SF1,10548.0
2,209150_s_at,TM9SF1,10548.0
3,209149_s_at,,
4,209185_s_at,IRS2,8660.0
5,209184_s_at,IRS2,8660.0
6,209144_s_at,CBFA2T2,9139.0
7,209145_s_at,CBFA2T2,9139.0
8,209138_x_at,IGLC2,
9,209138_x_at,IGLC3,
10,209165_at,AATF,26574.0
11,209179_s_at,MBOAT7,79143.0
12,209111_at,RNF5P1,
13,209191_at,TUBB6,84617.0
14,209168_at,GPM6B,2824.0
15,209169_at,GPM6B,2824.0
16,209167_at,GPM6B,2824.0
17,209170_s_at,GPM6B,2824.0
18,209134_s_at,,
19,209203_s_at,BICD2,23299.0
20,209140_x_at,MIR6891,102465537.0
21,209190_s_at,DIAPH1,1729.0
22,209134_s_at,RIMS2,9699.0
23,209111_at,MIR6833,102465500.0
24,209196_at,WDR46,9277.0
25,209111_at,RNF5,6048.0
26,209158_s_at,CYTH2,9266.0
27,209171_at,ITPA,3704.0
28,209194_at,CETN2,1069.0
29,209110_s_at,RGL2,5863.0
30,209140_x_at,HLA-B,3106.0
31,209126_x_at,KRT6B,3854.0
32,209125_at,KRT6A,3853.0
33,209126_x_at,KRT6A,3853.0
34,209148_at,RXRB,6257.0
35,209156_s_at,COL6A2,1292.0
36,209174_s_at,,
37,209166_s_at,,
38,209201_x_at,CXCR4,7852.0
39,209160_at,AKR1C3,8644.0
40,209117_at,WBP2,23558.0
41,209116_x_at,HBB,3043.0
42,209154_at,P2RX5-TAX1BP3,
43,209177_at,NDUFAF3,25915.0
44,209189_at,FOS,2353.0
45,209112_at,CDKN1B,1027.0
46,209123_at,QDPR,5860.0
47,209162_s_at,PRPF4,9128.0
48,209161_at,PRPF4,9128.0
49,209132_s_at,COMMD4,54939.0
50,209133_s_at,COMMD4,54939.0
51,209135_at,ASPH,444.0
52,209118_s_at,TUBA1A,7846.0
53,209206_at,,
54,209199_s_at,MEF2C,4208.0
55,209200_at,MEF2C,4208.0
56,209134_s_at,RPS6,6194.0
57,209193_at,PIM1,5292.0
58,209202_s_at,EXTL3,2137.0
59,209109_s_at,TSPAN6,7105.0
60,209108_at,TSPAN6,7105.0
61,209182_s_at,DEPP1,11067.0
62,209183_s_at,DEPP1,11067.0
63,209186_at,ATP2A2,488.0
64,209153_s_at,TCF3,6929.0
65,209151_x_at,TCF3,6929.0
66,209152_s_at,TCF3,6929.0
67,209122_at,PLIN2,123.0
68,209131_s_at,SNAP23,8773.0
69,209130_at,SNAP23,8773.0
70,209120_at,NR2F2,7026.0
71,209121_x_at,NR2F2,7026.0
72,209119_x_at,NR2F2,7026.0
73,209154_at,TAX1BP3,30851.0
74,209137_s_at,USP10,9100.0
75,209136_s_at,USP10,9100.0
76,209198_s_at,SYT11,23208.0
77,209197_at,SYT11,23208.0
78,209192_x_at,KAT5,10524.0
79,209147_s_at,PLPP1,8611.0
80,209146_at,MSMO1,6307.0
81,209172_s_at,CENPF,1063.0
82,209188_x_at,DR1,1810.0
83,209187_at,DR1,1810.0
84,209155_s_at,NT5C2,22978.0
85,209113_s_at,HMG20B,10362.0
86,209166_s_at,MAN2B1,4125.0
87,209159_s_at,NDRG4,65009.0
88,209175_at,SEC23IP,11196.0
89,209176_at,SEC23IP,11196.0
90,209143_s_at,CLNS1A,1207.0
91,209195_s_at,ADCY6,112.0
92,209206_at,SEC22B,9554.0
93,209107_x_at,NCOA1,8648.0
94,209127_s_at,SART3,9733.0
95,209128_s_at,SART3,9733.0
96,209157_at,DNAJA2,10294.0
97,209142_s_at,UBE2G1,7326.0
98,209141_at,UBE2G1,7326.0
99,209178_at,DHX38,9785.0
100,209173_at,AGR2,10551.0
101,209129_at,TRIP6,7205.0
102,209164_s_at,CYB561,1534.0
103,209163_at,CYB561,1534.0
104,209115_at,UBA3,9039.0
105,209124_at,MYD88,4615.0
106,209174_s_at,QRICH1,54870.0
107,209139_s_at,PRKRA,8575.0
108,209204_at,LMO4,8543.0
109,209205_s_at,LMO4,8543.0
110,209181_s_at,RABGGTB,5876.0
111,209180_at,RABGGTB,5876.0
112,209114_at,TSPAN1,10103.0
0,209213_at,CBR1,873.0
1,209297_at,ITSN1,6453.0
2,209298_s_at,ITSN1,6453.0
3,209212_s_at,KLF5,688.0
4,209211_at,KLF5,688.0
5,209299_x_at,PPIL2,23759.0
6,209274_s_at,ISCA1,81689.0
7,209273_s_at,ISCA1,81689.0
8,209273_s_at,ISCA1P1,
9,209224_s_at,NDUFA2,4695.0
10,209223_at,NDUFA2,4695.0
11,209242_at,PEG3,5178.0
12,209243_s_at,PEG3,5178.0
13,209259_s_at,SMC3P1,
14,209273_s_at,ISCA1P6,
15,209279_s_at,NSDHL,50814.0
16,209219_at,NELFE,7936.0
17,209300_s_at,NECAP1,25977.0
18,209233_at,,
19,209220_at,GPC3,2719.0
20,209240_at,OGT,8473.0
21,209253_at,SORBS3,10174.0
22,209229_s_at,,
23,209229_s_at,MIR6804,102465482.0
24,209260_at,SFN,2810.0
25,209305_s_at,GADD45B,4616.0
26,209304_x_at,GADD45B,4616.0
27,209237_s_at,SLC23A2,9962.0
28,209236_at,SLC23A2,9962.0
29,209283_at,CRYAB,1410.0
30,209292_at,ID4,3400.0
31,209293_x_at,ID4,3400.0
32,209291_at,ID4,3400.0
33,209275_s_at,,1201.0
34,209280_at,MRC2,9902.0
35,209218_at,SQLE,6713.0
36,209284_s_at,TASOR,23272.0
37,209285_s_at,TASOR,23272.0
38,209230_s_at,,
39,209207_s_at,SEC22B4P,
40,209303_at,NDUFS4,4724.0
41,209214_s_at,EWSR1,2130.0
42,209266_s_at,SLC39A8,64116.0
43,209267_s_at,SLC39A8,64116.0
44,209222_s_at,OSBPL2,9885.0
45,209221_s_at,OSBPL2,9885.0
46,209294_x_at,TNFRSF10B,8795.0
47,209295_at,TNFRSF10B,8795.0
48,209227_at,TUSC3,7991.0
49,209228_x_at,TUSC3,7991.0
50,209248_at,GHITM,27069.0
51,209249_s_at,GHITM,27069.0
52,209271_at,BPTF,2186.0
53,209252_at,HARS2,23438.0
54,209282_at,PRKD2,25865.0
55,209207_s_at,,
56,209251_x_at,TUBA1C,84790.0
57,209254_at,KLHDC10,23008.0
58,209255_at,KLHDC10,23008.0
59,209256_s_at,KLHDC10,23008.0
60,209226_s_at,TNPO1,3842.0
61,209225_x_at,TNPO1,3842.0
62,209245_s_at,,
63,209232_s_at,DCTN5,84516.0
64,209231_s_at,DCTN5,84516.0
65,209261_s_at,NR2F6,2063.0
66,209262_s_at,NR2F6,2063.0
67,209207_s_at,SEC22B2P,
68,209207_s_at,SEC22B3P,
69,209277_at,TFPI2,7980.0
70,209278_s_at,TFPI2,7980.0
71,209275_s_at,CLN3,1201.0
72,209301_at,CA2,760.0
73,209208_at,MPDU1,9526.0
74,209289_at,NFIB,4781.0
75,209290_s_at,NFIB,4781.0
76,209250_at,DEGS1,8560.0
77,209276_s_at,GLRX,2745.0
78,209265_s_at,METTL3,56339.0
79,209209_s_at,FERMT2,10979.0
80,209210_s_at,FERMT2,10979.0
81,209269_s_at,SYK,6850.0
82,209229_s_at,PPP6R1,22870.0
83,209239_at,NFKB1,4790.0
84,209296_at,PPM1B,5495.0
85,209244_s_at,KIF1C,10749.0
86,209245_s_at,KIF1C,10749.0
87,209215_at,MFSD10,10227.0
88,209238_at,STX3,6809.0
89,209257_s_at,SMC3,9126.0
90,209258_s_at,SMC3,9126.0
91,209259_s_at,SMC3,9126.0
92,209230_s_at,NUPR1,26471.0
93,209233_at,EMG1,10436.0
94,209281_s_at,ATP2B1,490.0
95,209207_s_at,SEC22B,9554.0
96,209302_at,POLR2H,5437.0
97,209235_at,CLCN7,1186.0
98,209306_s_at,SWAP70,23075.0
99,209241_x_at,MINK1,50488.0
100,209286_at,CDC42EP3,10602.0
101,209287_s_at,CDC42EP3,10602.0
102,209288_s_at,CDC42EP3,10602.0
103,209246_at,ABCF2,10061.0
104,209247_s_at,ABCF2,10061.0
105,209264_s_at,TSPAN4,7106.0
106,209263_x_at,TSPAN4,7106.0
107,209272_at,NAB1,4664.0
108,209234_at,KIF1B,23095.0
109,209270_at,LAMB3,3914.0
110,209268_at,VPS45,11311.0
0,209394_at,ASMTL,8623.0
1,209350_s_at,GPS2,2874.0
2,209350_s_at,,
3,209336_at,,102724159.0
4,209407_s_at,DEAF1,10522.0
5,209374_s_at,IGHM,
6,209336_at,PWP2,5822.0
7,209399_at,HLCS,3141.0
8,209360_s_at,RUNX1,861.0
9,209359_x_at,RUNX1,861.0
10,209360_s_at,RUNX1,100506403.0
11,209359_x_at,RUNX1,100506403.0
12,209403_at,TBC1D3G,101060321.0
13,209403_at,TBC1D3K,101060351.0
14,209403_at,TBC1D3K,102723859.0
15,209403_at,TBC1D3L,729873.0
16,209403_at,TBC1D3L,101060376.0
17,209403_at,TBC1D3H,729877.0
18,209403_at,TBC1D3B,414059.0
19,209403_at,TBC1D3B,101060321.0
20,209403_at,TBC1D3I,102724862.0
21,209403_at,TBC1D3F,84218.0
22,209366_x_at,CYB5A,1528.0
23,209354_at,TNFRSF14,8764.0
24,209349_at,,
25,209372_x_at,TUBB2BP1,
26,209372_x_at,TUBB2B,347733.0
27,209329_x_at,HIGD2A,192286.0
28,209328_x_at,HIGD2A,192286.0
29,209326_at,SLC35A2,7355.0
30,209310_s_at,CASP4,837.0
31,209367_at,STXBP2,6813.0
32,209367_at,,
33,209383_at,DDIT3,1649.0
34,209312_x_at,HLA-DRB1,3123.0
35,209355_s_at,,
36,209383_at,,128125814.0
37,209398_at,H1-2,3006.0
38,209311_at,BCL2L2,599.0
39,209397_at,ME2,4200.0
40,209346_s_at,,
41,209329_x_at,ARL10,285598.0
42,209328_x_at,ARL10,285598.0
43,209332_s_at,MAX,4149.0
44,209331_s_at,MAX,4149.0
45,209381_x_at,SF3A2,8175.0
46,209347_s_at,MAF,4094.0
47,209348_s_at,MAF,4094.0
48,209390_at,TSC1,7248.0
49,209349_at,RAD50,10111.0
50,209351_at,KRT14,3861.0
51,209386_at,TM4SF1,4071.0
52,209387_s_at,TM4SF1,4071.0
53,209404_s_at,TMED7,51014.0
54,209403_at,TBC1D3JP,
55,209330_s_at,HNRNPD,3184.0
56,209373_at,,128966597.0
57,209373_at,,7851.0
58,209352_s_at,SIN3B,23309.0
59,209346_s_at,PI4K2A,55361.0
60,209345_s_at,PI4K2A,55361.0
61,209369_at,ANXA3,306.0
62,209403_at,TBC1D3P2,
63,209357_at,CITED2,10370.0
64,209375_at,XPC,7508.0
65,209339_at,SIAH2,6478.0
66,209372_x_at,TUBB2A,7280.0
67,209343_at,EFHD1,80303.0
68,209379_s_at,CCSER2,54462.0
69,209378_s_at,CCSER2,54462.0
70,209338_at,TFCP2,7024.0
71,209309_at,AZGP1,563.0
72,209337_at,PSIP1,11168.0
73,209403_at,,440452.0
74,209405_s_at,FAM3A,60343.0
75,209323_at,THAP12,5612.0
76,209333_at,ULK1,8408.0
77,209403_at,TBC1D3C,414060.0
78,209403_at,TBC1D3E,102723859.0
79,209368_at,EPHX2,2053.0
80,209388_at,PAPOLA,10914.0
81,209308_s_at,BNIP2,663.0
82,209317_at,POLR1C,9533.0
83,209389_x_at,DBI,1622.0
84,209403_at,TBC1D3D,101060389.0
85,209403_at,TBC1D3,729873.0
86,209403_at,TBC1D3,101060351.0
87,209403_at,TBC1D3,101060389.0
88,209342_s_at,IKBKB,3551.0
89,209341_s_at,IKBKB,3551.0
90,209314_s_at,HBS1L,10767.0
91,209315_at,HBS1L,10767.0
92,209316_s_at,HBS1L,10767.0
93,209376_x_at,SCAF11,9169.0
94,209384_at,PLPBP,11212.0
95,209385_s_at,PLPBP,11212.0
96,209391_at,DPM2,8818.0
97,209353_s_at,FAM163A,148753.0
98,209363_s_at,MED21,9412.0
99,209362_at,MED21,9412.0
100,209313_at,GPN1,11321.0
101,209358_at,TAF11,6882.0
102,209393_s_at,EIF4E2,9470.0
103,209392_at,ENPP2,5168.0
104,209322_s_at,SH2B1,25970.0
105,209356_x_at,EFEMP2,30008.0
106,209325_s_at,RGS16,6004.0
107,209324_s_at,RGS16,6004.0
108,209377_s_at,HMGN3,9324.0
109,209361_s_at,PCBP4,57060.0
110,209371_s_at,SH3BP2,6452.0
111,209370_s_at,SH3BP2,6452.0
112,209344_at,TPM4,7171.0
113,209406_at,BAG2,9532.0
114,209364_at,BAD,572.0
115,209320_at,ADCY3,109.0
116,209321_s_at,ADCY3,109.0
117,209402_s_at,SLC12A4,6560.0
118,209401_s_at,SLC12A4,6560.0
119,209380_s_at,ABCC5,10057.0
120,209340_at,UAP1,6675.0
121,209318_x_at,PLAGL1,5325.0
122,209365_s_at,ECM1,1893.0
123,209395_at,CHI3L1,1116.0
124,209396_s_at,CHI3L1,1116.0
125,209334_s_at,PSMD9,5715.0
126,209307_at,SWAP70,23075.0
127,209335_at,DCN,1634.0
128,209373_at,MALL,7851.0
129,209373_at,MALL,128966597.0
130,209355_s_at,PLPP3,8613.0
131,209382_at,POLR3C,10623.0
0,209412_at,,102724200.0
1,209450_at,OSGEP,55644.0
2,209412_at,TRAPPC10,7109.0
3,209440_at,PRPS1,5631.0
4,209486_at,UTP3,57050.0
5,209426_s_at,C1QTNF3-AMACR,
6,209424_s_at,C1QTNF3-AMACR,
7,209425_at,C1QTNF3-AMACR,
8,209504_s_at,PLEKHB1,58473.0
9,209454_s_at,TEAD3,7005.0
10,209433_s_at,PPATP1,
11,209506_s_at,NR2F1,7025.0
12,209505_at,NR2F1,7025.0
13,209449_at,LSM2,57819.0
14,209431_s_at,PATZ1,23598.0
15,209494_s_at,PATZ1,23598.0
16,209490_s_at,PPT2,9374.0
17,209495_at,CEP250,11190.0
18,209447_at,SYNE1,23345.0
19,209477_at,EMD,2010.0
20,209423_s_at,PHF20,51230.0
21,209422_at,PHF20,51230.0
22,209476_at,TMX1,81542.0
23,209488_s_at,RBPMS,11030.0
24,209487_at,RBPMS,11030.0
25,209471_s_at,FNTA,2339.0
26,209427_at,SMTN,6525.0
27,209442_x_at,ANK3,288.0
28,209452_s_at,VTI1B,10490.0
29,209417_s_at,IFI35,3430.0
30,209432_s_at,CREB3,10488.0
31,209479_at,CCDC28A,25901.0
32,209457_at,DUSP5,1847.0
33,209492_x_at,ATP5ME,521.0
34,209430_at,BTAF1,9044.0
35,209420_s_at,SMPD1,6609.0
36,209485_s_at,OSBPL1A,114876.0
37,209499_x_at,TNFSF13,8741.0
38,209500_x_at,TNFSF13,8741.0
39,209428_s_at,ZFPL1,7542.0
40,209426_s_at,AMACR,23600.0
41,209424_s_at,AMACR,23600.0
42,209425_at,AMACR,23600.0
43,209499_x_at,TNFSF12-TNFSF13,407977.0
44,209500_x_at,TNFSF12-TNFSF13,407977.0
45,209418_s_at,THOC5,8563.0
46,209419_at,THOC5,8563.0
47,209498_at,CEACAM1,634.0
48,209448_at,HTATIP2,10553.0
49,209468_at,LRP5,4041.0
50,209441_at,RHOBTB2,23221.0
51,209493_at,PDZD2,23037.0
52,209439_s_at,PHKA2,5256.0
53,209438_at,PHKA2,5256.0
54,209458_x_at,HBA2,3040.0
55,209458_x_at,HBA1,3039.0
56,209460_at,ABAT,18.0
57,209459_s_at,ABAT,18.0
58,209472_at,KYAT3,56267.0
59,209444_at,RAP1GDS1,5910.0
60,209410_s_at,GRB10,2887.0
61,209409_at,GRB10,2887.0
62,209453_at,SLC9A1,6548.0
63,209502_s_at,BAIAP2,10458.0
64,209507_at,RPA3,6119.0
65,209473_at,ENTPD1,953.0
66,209474_s_at,ENTPD1,953.0
67,209497_s_at,RBM4B,83759.0
68,209465_x_at,PTN,5764.0
69,209466_x_at,PTN,5764.0
70,209416_s_at,FZR1,51343.0
71,209415_at,FZR1,51343.0
72,209414_at,FZR1,51343.0
73,209464_at,AURKB,9212.0
74,209500_x_at,SENP3,26168.0
75,209482_at,POP7,10248.0
76,209480_at,HLA-DQB1,3119.0
77,209489_at,CELF1,10658.0
78,209446_s_at,PKM,5315.0
79,209478_at,CENPX,201254.0
80,209408_at,KIF2C,11004.0
81,209443_at,SERPINA5,5104.0
82,209435_s_at,ARHGEF2,9181.0
83,209445_x_at,COA1,55744.0
84,209455_at,FBXW11,23291.0
85,209456_s_at,FBXW11,23291.0
86,209429_x_at,EIF2B4,8890.0
87,209462_at,APLP1,333.0
88,209484_s_at,NSL1,25936.0
89,209433_s_at,PPAT,5471.0
90,209434_s_at,PPAT,5471.0
91,209469_at,GPM6A,2823.0
92,209470_s_at,GPM6A,2823.0
93,209421_at,MSH2,4436.0
94,209475_at,USP15,9958.0
95,209461_x_at,WDR18,57418.0
96,209481_at,SNRK,54861.0
97,209501_at,CDR2,1039.0
98,209411_s_at,GGA3,23163.0
99,209436_at,SPON1,10418.0
100,209437_s_at,SPON1,10418.0
101,209496_at,RARRES2,5919.0
102,209503_s_at,PSMC5,5705.0
103,209491_s_at,AMPD3,272.0
104,209463_s_at,TAF12,6883.0
105,209413_at,B4GALT2,8704.0
106,209451_at,TANK,10010.0
107,209467_s_at,MKNK1,8569.0
0,209510_at,RNF139,11236.0
1,209575_at,,127882475.0
2,209575_at,IL10RB,3588.0
3,209591_s_at,BMP7,655.0
4,209590_at,BMP7,655.0
5,209595_at,GTF2F2,2963.0
6,209578_s_at,POFUT2,23275.0
7,209565_at,RNF113A,7737.0
8,209521_s_at,AMOT,154796.0
9,209596_at,MXRA5,25878.0
10,209585_s_at,MINPP1,9562.0
11,209550_at,NDN,4692.0
12,209605_at,TST,7263.0
13,209584_x_at,APOBEC3C,27350.0
14,209523_at,TAF2,6873.0
15,209567_at,RRS1,23212.0
16,209567_at,,
17,209511_at,POLR2F,5435.0
18,209572_s_at,MIR6755,102465452.0
19,209587_at,PITX1,5307.0
20,209573_s_at,LDLRAD4,753.0
21,209574_s_at,LDLRAD4,753.0
22,209594_x_at,PSG9,5678.0
23,209546_s_at,APOL1,8542.0
24,209589_s_at,EPHB2,2048.0
25,209588_at,EPHB2,2048.0
26,209572_s_at,EED,8726.0
27,209609_s_at,MRPL9,65005.0
28,209534_x_at,AKAP13,11214.0
29,209531_at,GSTZ1,2954.0
30,209606_at,CYTIP,9595.0
31,209593_s_at,TOR1B,27348.0
32,209545_s_at,RIPK2,8767.0
33,209544_at,RIPK2,8767.0
34,209530_at,CACNB3,784.0
35,209538_at,ZNF32,7580.0
36,209607_x_at,SLX1B-SULT1A4,100526831.0
37,209607_x_at,SLX1A-SULT1A3,100526830.0
38,209560_s_at,DLK1,8788.0
39,209512_at,HSDL2,84263.0
40,209513_s_at,HSDL2,84263.0
41,209592_s_at,DCAF7,10238.0
42,209592_s_at,,
43,209524_at,HDGFL3,50810.0
44,209526_s_at,HDGFL3,50810.0
45,209525_at,HDGFL3,50810.0
46,209581_at,PLAAT3,11145.0
47,209540_at,IGF1,3479.0
48,209542_x_at,IGF1,3479.0
49,209541_at,IGF1,3479.0
50,209522_s_at,CRAT,1384.0
51,209580_s_at,MBD4,8930.0
52,209579_s_at,MBD4,8930.0
53,209518_at,SMARCD1,6602.0
54,209607_x_at,,6817.0
55,209514_s_at,RAB27A,5873.0
56,209515_s_at,RAB27A,5873.0
57,209607_x_at,,
58,209539_at,ARHGEF6,9459.0
59,209582_s_at,CD200,4345.0
60,209583_s_at,CD200,4345.0
61,209608_s_at,ACAT2,39.0
62,209519_at,NCBP1,4686.0
63,209520_s_at,NCBP1,4686.0
64,209552_at,PAX8,7849.0
65,209536_s_at,EHD4,30844.0
66,209549_s_at,DGUOK,1716.0
67,209527_at,EXOSC2,23404.0
68,209556_at,NCDN,23154.0
69,209557_s_at,NCDN,23154.0
70,209559_at,HIP1R,9026.0
71,209558_s_at,HIP1R,9026.0
72,209509_s_at,DPAGT1,1798.0
73,209586_s_at,BNIPL,149428.0
74,209529_at,PLPP2,8612.0
75,209586_s_at,PRUNE1,58497.0
76,209599_s_at,PRUNE1,58497.0
77,209604_s_at,GATA3,2625.0
78,209603_at,GATA3,2625.0
79,209602_s_at,GATA3,2625.0
80,209597_s_at,PNMA2,10687.0
81,209598_at,PNMA2,10687.0
82,209517_s_at,ASH2L,9070.0
83,209532_at,PLAA,9373.0
84,209533_s_at,PLAA,9373.0
85,209563_x_at,CALM1,801.0
86,209569_x_at,NSG1,27065.0
87,209570_s_at,NSG1,27065.0
88,209537_at,EXTL2,2135.0
89,209607_x_at,SULT1A4,445329.0
90,209607_x_at,SULT1A1,6817.0
91,209600_s_at,ACOX1,51.0
92,209607_x_at,SULT1A3,6818.0
93,209607_x_at,SULT1A3,124907837.0
94,209528_s_at,TELO2,9894.0
95,209553_at,VPS8,23355.0
96,209508_x_at,CFLAR,8837.0
97,209555_s_at,CD36,948.0
98,209547_s_at,SUGP1,57794.0
99,209576_at,GNAI1,2770.0
100,209551_at,YIPF4,84272.0
101,209566_at,INSIG2,51141.0
102,209577_at,PCYT2,5833.0
103,209561_at,THBS3,7059.0
104,209516_at,SMYD5,10322.0
105,209610_s_at,SLC1A4,6509.0
106,209571_at,CIR1,9541.0
107,209543_s_at,CD34,947.0
108,209568_s_at,RGL1,23179.0
0,209664_x_at,NFATC1,4772.0
1,209660_at,TTR,7276.0
2,209616_s_at,CES1P1,107987423.0
3,209616_s_at,CES1,1066.0
4,209706_at,NKX3-1,4824.0
5,209671_x_at,TRAC,
6,209670_at,TRAC,
7,209654_at,ICE1,23379.0
8,209644_x_at,CDKN2A,1029.0
9,209669_s_at,SERBP1P5,
10,209621_s_at,PDLIM3,27295.0
11,209653_at,,
12,209698_at,CCHCR1,54535.0
13,209656_s_at,TMEM47,83604.0
14,209655_s_at,TMEM47,83604.0
15,209687_at,CXCL12,6387.0
16,209680_s_at,KIFC1,3833.0
17,209686_at,S100B,6285.0
18,209659_s_at,CDC16,8881.0
19,209658_at,CDC16,8881.0
20,209693_at,ASTN2,23245.0
21,209684_at,RIN2,54453.0
22,209639_s_at,RGS12,6002.0
23,209637_s_at,RGS12,6002.0
24,209675_s_at,HNRNPUL1,11100.0
25,209614_at,ADH1B,125.0
26,209613_s_at,ADH1B,125.0
27,209612_s_at,ADH1B,125.0
28,209620_s_at,ABCB7,22.0
29,209666_s_at,CHUK,1147.0
30,209650_s_at,TBC1D22A,25771.0
31,209631_s_at,GPR37,2861.0
32,209662_at,CETN3,1070.0
33,209694_at,PTS,5805.0
34,209636_at,NFKB2,4791.0
35,209709_s_at,HMMR,3161.0
36,209692_at,EYA2,2139.0
37,209696_at,FBP1,2203.0
38,209657_s_at,HSF2,3298.0
39,209616_s_at,CES1P1,51716.0
40,209665_at,CYB561D2,11068.0
41,209708_at,MOXD1,26002.0
42,209629_s_at,NXT2,55916.0
43,209628_at,NXT2,55916.0
44,209700_x_at,,
45,209702_at,FTO,79068.0
46,209622_at,STK16,8576.0
47,209635_at,AP1S1,1174.0
48,209619_at,CD74,972.0
49,209630_s_at,FBXW2,26190.0
50,209642_at,BUB1,699.0
51,209711_at,SLC35D1,23169.0
52,209712_at,SLC35D1,23169.0
53,209663_s_at,ITGA7,3679.0
54,209618_at,CTNND2,1501.0
55,209617_s_at,CTNND2,1501.0
56,209624_s_at,MCCC2,64087.0
57,209623_at,MCCC2,64087.0
58,209677_at,PRKCI,5584.0
59,209678_s_at,PRKCI,5584.0
60,209674_at,CRY1,1407.0
61,209652_s_at,PGF,5228.0
62,209641_s_at,ABCC3,8714.0
63,209679_s_at,SMAGP,57228.0
64,209703_x_at,TMT1A,25840.0
65,209625_at,PIGH,5283.0
66,209661_at,KIFC3,3801.0
67,209705_at,MTF2,22823.0
68,209704_at,MTF2,22823.0
69,209646_x_at,ALDH1B1,219.0
70,209645_s_at,ALDH1B1,219.0
71,209699_x_at,AKR1C2,1646.0
72,209682_at,CBLB,868.0
73,209633_at,PPP2R3A,5523.0
74,209632_at,PPP2R3A,5523.0
75,209699_x_at,AKR1C1,1645.0
76,209615_s_at,PAK1,5058.0
77,209651_at,TGFB1I1,7041.0
78,209685_s_at,PRKCB,5579.0
79,209653_at,KPNA4,3840.0
80,209688_s_at,CCDC93,54520.0
81,209689_at,CCDC93,54520.0
82,209648_x_at,SOCS5,9655.0
83,209647_s_at,SOCS5,9655.0
84,209710_at,GATA2,2624.0
85,209667_at,CES2,8824.0
86,209668_x_at,CES2,8824.0
87,209672_s_at,MIOS,54468.0
88,209690_s_at,DOK4,55715.0
89,209691_s_at,DOK4,55715.0
90,209643_s_at,PLD2,5338.0
91,209627_s_at,OSBPL3,26031.0
92,209626_s_at,OSBPL3,26031.0
93,209707_at,PIGK,10026.0
94,209681_at,SLC19A2,10560.0
95,209683_at,CYRIA,81553.0
96,209649_at,STAM2,10254.0
97,209611_s_at,SLC1A4,6509.0
98,209676_at,TFPI,7035.0
99,209669_s_at,SERBP1,26135.0
0,209791_at,PADI2,11240.0
1,209772_s_at,CD24P4,
2,209803_s_at,PHLDA2,7262.0
3,209808_x_at,ING1,3621.0
4,209720_s_at,SERPINB4,6318.0
5,209767_s_at,,
6,209769_s_at,,
7,209744_x_at,,83737.0
8,209743_s_at,,83737.0
9,209771_x_at,CD24,100133941.0
10,209772_s_at,CD24,100133941.0
11,209738_x_at,PSG6,5675.0
12,209782_s_at,DBP,1628.0
13,209783_at,DBP,1628.0
14,209781_s_at,KHDRBS3,10656.0
15,209764_at,MGAT3,4248.0
16,209799_at,PRKAA1,5562.0
17,209787_s_at,HMGN4,10473.0
18,209786_at,HMGN4,10473.0
19,209807_s_at,NFIX,4784.0
20,209719_x_at,SERPINB3,6317.0
21,209720_s_at,SERPINB3,6317.0
22,209793_at,GRIA1,2890.0
23,209796_s_at,,
24,209767_s_at,SEPTIN5,5413.0
25,209768_s_at,SEPTIN5,5413.0
26,209795_at,CD69,969.0
27,209733_at,MID2,11043.0
28,209794_at,SRGAP3,9901.0
29,209775_x_at,SLC19A1,6573.0
30,209777_s_at,SLC19A1,6573.0
31,209776_s_at,SLC19A1,6573.0
32,209740_s_at,PNPLA4,8228.0
33,209739_s_at,PNPLA4,8228.0
34,209728_at,HLA-DRB4,3126.0
35,209790_s_at,CASP6,839.0
36,209744_x_at,ITCH,83737.0
37,209743_s_at,ITCH,83737.0
38,209751_s_at,TRAPPC2B,6399.0
39,209751_s_at,TRAPPC2B,10597.0
40,209804_at,DCLRE1A,9937.0
41,209751_s_at,TRAPPC2,6399.0
42,209729_at,GAS2L1,10634.0
43,209774_x_at,CXCL2,2920.0
44,209788_s_at,ERAP1,51752.0
45,209714_s_at,CDKN3,1033.0
46,209792_s_at,KLK10,5655.0
47,209763_at,CHRDL1,91851.0
48,209718_at,NCAPH2,29781.0
49,209802_at,,
50,209754_s_at,TMPO,7112.0
51,209753_s_at,TMPO,7112.0
52,209726_at,CA11,770.0
53,209734_at,NCKAP1L,3071.0
54,209770_at,BTN3A1,11119.0
55,209749_s_at,,
56,209724_s_at,ZBTB14,7541.0
57,209813_x_at,TRGC2,
58,209813_x_at,TRGC1,445347.0
59,209813_x_at,,445347.0
60,209800_at,KRT16,3868.0
61,209805_at,PMS2CL,
62,209737_at,MAGI2,9863.0
63,209766_at,PRDX3,10935.0
64,209805_at,,
65,209727_at,GM2A,2760.0
66,209806_at,H2BC12,85236.0
67,209725_at,UTP20,27340.0
68,209715_at,CBX5,23468.0
69,209798_at,NPAT,4863.0
70,209812_x_at,CASP2,835.0
71,209811_at,CASP2,835.0
72,209745_at,COQ7,10229.0
73,209746_s_at,COQ7,10229.0
74,209805_at,PMS2,5395.0
75,209757_s_at,MYCN,4613.0
76,209756_s_at,MYCN,4613.0
77,209773_s_at,RRM2,6241.0
78,209748_at,SPAST,6683.0
79,209713_s_at,SLC35D1,23169.0
80,209750_at,NR1D2,9975.0
81,209785_s_at,PLA2G4C,8605.0
82,209778_at,TRIP11,9321.0
83,209755_at,NMNAT2,23057.0
84,209747_at,TGFB3,7043.0
85,209765_at,ADAM19,8728.0
86,209814_at,ZNF330,27309.0
87,209784_s_at,JAG2,3714.0
88,209741_x_at,SCAPER,49855.0
89,209758_s_at,MFAP5,8076.0
90,209721_s_at,IFFO1,25900.0
91,209735_at,ABCG2,9429.0
92,209789_at,CORO2B,10391.0
93,209796_s_at,PAN2,9924.0
94,209736_at,SOX13,9580.0
95,209759_s_at,ECI1,1632.0
96,209761_s_at,SP110,3431.0
97,209762_x_at,SP110,3431.0
98,209749_s_at,ACE,1636.0
99,209760_at,TMEM131L,23240.0
100,209723_at,SERPINB9,5272.0
101,209722_s_at,SERPINB9,5272.0
102,209732_at,CLEC2B,9976.0
103,209730_at,SEMA3F,6405.0
104,209742_s_at,MYL2,4633.0
105,209731_at,NTHL1,4913.0
106,209810_at,SFTPB,6439.0
107,209796_s_at,CNPY2,10330.0
108,209797_at,CNPY2,10330.0
109,209717_at,EVI5,7813.0
110,209780_at,PHTF2,57157.0
111,209716_at,CSF1,1435.0
112,209752_at,REG1A,5967.0
0,209900_s_at,SLC16A1,6566.0
1,209820_s_at,TBL3,10607.0
2,209871_s_at,APBA2,321.0
3,209870_s_at,APBA2,321.0
4,209851_at,ZC3H13,23091.0
5,209842_at,SOX10,6663.0
6,209843_s_at,SOX10,6663.0
7,209854_s_at,KLK2,3817.0
8,209855_s_at,KLK2,3817.0
9,209891_at,SPC25,57405.0
10,209911_x_at,H2BC6,8344.0
11,209869_at,ADRA2A,150.0
12,209826_at,PPT2-EGFL8,
13,209816_at,PTCH1,5727.0
14,209815_at,PTCH1,5727.0
15,209826_at,EGFL8,80864.0
16,209868_s_at,RBMS1P1,
17,209863_s_at,TP63,8626.0
18,209826_at,PPT2,9374.0
19,209901_x_at,AIF1,199.0
20,209904_at,TNNC1,7134.0
21,209893_s_at,FUT4,2526.0
22,209892_at,FUT4,2526.0
23,209850_s_at,,
24,209823_x_at,HLA-DQB1,3119.0
25,209826_at,,
26,209864_at,FRAT2,23401.0
27,209909_s_at,TGFB2,7042.0
28,209908_s_at,TGFB2,7042.0
29,209883_at,COLGALT2,23127.0
30,209894_at,LEPR,3953.0
31,209914_s_at,NRXN1,9378.0
32,209858_x_at,MPPE1,65258.0
33,209867_s_at,ADGRL3,23284.0
34,209866_s_at,ADGRL3,23284.0
35,209897_s_at,SLIT2,9353.0
36,209827_s_at,IL16,3603.0
37,209828_s_at,IL16,3603.0
38,209839_at,DNM3,26052.0
39,209905_at,HOXA9,3205.0
40,209881_s_at,,
41,209873_s_at,PKP3,11187.0
42,209872_s_at,PKP3,11187.0
43,209838_at,COPS2,9318.0
44,209836_x_at,BOLA2-SMG1P6,107282092.0
45,209875_s_at,SPP1,6696.0
46,209850_s_at,CDC42EP2,10435.0
47,209833_at,CRADD,8738.0
48,209857_s_at,SPHK2,56848.0
49,209834_at,CHST3,9469.0
50,209829_at,RIPOR2,9750.0
51,209902_at,ATR,545.0
52,209903_s_at,ATR,545.0
53,209911_x_at,H2BC5,3017.0
54,209822_s_at,VLDLR,7436.0
55,209821_at,IL33,90865.0
56,209844_at,HOXB13,10481.0
57,209905_at,HOXA10-HOXA9,100534589.0
58,209848_s_at,PMEL,6490.0
59,209847_at,CDH17,1015.0
60,209845_at,MKRN1,23608.0
61,209885_at,RHOD,29984.0
62,209836_x_at,BOLA2,552900.0
63,209836_x_at,BOLA2,124907841.0
64,209832_s_at,CDT1,81620.0
65,209877_at,SNCG,6623.0
66,209879_at,SELPLG,6404.0
67,209880_s_at,SELPLG,6404.0
68,209818_s_at,HABP4,22927.0
69,209907_s_at,ITSN2,50618.0
70,209898_x_at,ITSN2,50618.0
71,209862_s_at,CEP57,9702.0
72,209899_s_at,PUF60,22827.0
73,209831_x_at,DNASE2,1777.0
74,209882_at,RIT1,6016.0
75,209861_s_at,METAP2,10988.0
76,209890_at,TSPAN5,10098.0
77,209889_at,SEC31B,25956.0
78,209886_s_at,SMAD6,4091.0
79,209836_x_at,BOLA2B,552900.0
80,209836_x_at,BOLA2B,654483.0
81,209846_s_at,BTN3A2,11118.0
82,209859_at,TRIM9,114088.0
83,209817_at,PPP3CB,5532.0
84,209860_s_at,ANXA7,310.0
85,209849_s_at,RAD51C,5889.0
86,209825_s_at,UCK2,7371.0
87,209876_at,GIT2,9815.0
88,209830_s_at,NHERF2,9351.0
89,209874_x_at,CNNM2,54805.0
90,209824_s_at,BMAL1,406.0
91,209878_s_at,RELA,5970.0
92,209881_s_at,LAT,27040.0
93,209906_at,C3AR1,719.0
94,209841_s_at,LRRN3,54674.0
95,209840_s_at,LRRN3,54674.0
96,209884_s_at,SLC4A7,9497.0
97,209912_s_at,AP5Z1,9907.0
98,209913_x_at,AP5Z1,9907.0
99,209895_at,PTPN11,5781.0
100,209896_s_at,PTPN11,5781.0
101,209856_x_at,ABI2,10152.0
102,209835_x_at,CD44,960.0
103,209888_s_at,MYL1,4632.0
104,209837_at,AP4M1,9179.0
105,209868_s_at,RBMS1,5937.0
106,209852_x_at,PSME3,10197.0
107,209853_s_at,PSME3,10197.0
108,209865_at,SLC35A3,23443.0
0,209933_s_at,CD300A,11314.0
1,210008_s_at,MRPS12,6183.0
2,209980_s_at,SHMT1,6470.0
3,209938_at,TADA2A,6871.0
4,209924_at,CCL18,6362.0
5,209995_s_at,TCL1A,8115.0
6,209921_at,SLC7A11,23657.0
7,209959_at,NR4A3,8013.0
8,209944_at,,
9,210010_s_at,SLC25A1,6576.0
10,209985_s_at,ASCL1,429.0
11,209987_s_at,ASCL1,429.0
12,209988_s_at,ASCL1,429.0
13,209929_s_at,IKBKGP1,
14,209929_s_at,,
15,209925_at,OCLN,100506658.0
16,209946_at,VEGFC,7424.0
17,210002_at,GATA6,2627.0
18,209973_at,NFKBIL1,4795.0
19,209942_x_at,MAGEA3,4102.0
20,209942_x_at,MAGEA3,4105.0
21,209942_x_at,MAGEA6,4102.0
22,209942_x_at,MAGEA6,4105.0
23,210005_at,GART,2618.0
24,209979_at,ADARB1,104.0
25,209983_s_at,NRXN2,9379.0
26,209982_s_at,NRXN2,9379.0
27,209968_s_at,NCAM1,4684.0
28,209967_s_at,CREM,1390.0
29,209920_at,BMPR2,659.0
30,209981_at,CSDC2,27254.0
31,209915_s_at,NRXN1,9378.0
32,209954_x_at,SS18,6760.0
33,209925_at,OCLNP1,
34,209928_s_at,MSC,9242.0
35,209925_at,,
36,209931_s_at,MFSD2B,388931.0
37,209931_s_at,FKBP1B,2281.0
38,209976_s_at,CYP2E1,1571.0
39,209975_at,CYP2E1,1571.0
40,209960_at,HGF,3082.0
41,209961_s_at,HGF,3082.0
42,209978_s_at,LPA,4018.0
43,210013_at,HPX,3263.0
44,209937_at,TM4SF4,7104.0
45,209966_x_at,ESRRG,2104.0
46,210009_s_at,GOSR2,9570.0
47,210004_at,OLR1,4973.0
48,210009_s_at,,
49,209970_x_at,CASP1,834.0
50,209945_s_at,GSK3B,2932.0
51,209974_s_at,BUB3,9184.0
52,209917_s_at,TP53TG1,
53,210011_s_at,EWSR1,2130.0
54,210012_s_at,EWSR1,2130.0
55,209990_s_at,GABBR2,9568.0
56,209991_x_at,GABBR2,9568.0
57,210001_s_at,SOCS1,8651.0
58,209999_x_at,SOCS1,8651.0
59,209962_at,EPOR,2057.0
60,209963_s_at,EPOR,2057.0
61,209922_at,BRAP,8315.0
62,209923_s_at,BRAP,8315.0
63,209964_s_at,ATXN7,6314.0
64,209984_at,KDM4C,23081.0
65,209998_at,PIGO,84720.0
66,210014_x_at,IDH3B,3420.0
67,209971_x_at,AIMP2,7965.0
68,209989_at,ZNF268,10795.0
69,210007_s_at,GPD2,2820.0
70,209932_s_at,DUT,1854.0
71,209943_at,FBXL4,26235.0
72,209930_s_at,NFE2,4778.0
73,209927_s_at,CHTOP,26097.0
74,209916_at,DHTKD1,55526.0
75,209929_s_at,IKBKG,8517.0
76,209958_s_at,BBS9,27241.0
77,209951_s_at,MAP2K7,5609.0
78,209952_s_at,MAP2K7,5609.0
79,209944_at,ZNF410,57862.0
80,209997_x_at,PCM1,5108.0
81,209996_x_at,PCM1,5108.0
82,209940_at,PARP3,10039.0
83,209977_at,PLG,5340.0
84,209978_s_at,PLG,5340.0
85,209934_s_at,ATP2C1,27032.0
86,209935_at,ATP2C1,27032.0
87,209948_at,KCNMB1,3779.0
88,210006_at,ABHD14A,25864.0
89,209926_at,BORCS8,729991.0
90,209953_s_at,CDC37,11140.0
91,209936_at,RBM5,10181.0
92,209941_at,RIPK1,8737.0
93,209939_x_at,CFLAR,8837.0
94,209969_s_at,STAT1,6772.0
95,209994_s_at,ABCB1,5243.0
96,209993_at,ABCB1,5243.0
97,209949_at,NCF2,4688.0
98,209950_s_at,VILL,50853.0
99,209994_s_at,ABCB4,5244.0
100,209965_s_at,RAD51D,5892.0
101,209992_at,PFKFB2,5208.0
102,210015_s_at,MAP2,4133.0
103,209957_s_at,NPPA,4878.0
104,209955_s_at,FAP,2191.0
105,209947_at,UBAP2L,9898.0
0,210083_at,SEMA7A,8482.0
1,210027_s_at,APEX1,328.0
2,210040_at,SLC12A5,57468.0
3,210024_s_at,UBE2E4P,
4,210069_at,CHKB-CPT1B,
5,210070_s_at,CHKB-CPT1B,
6,210068_s_at,AQP4,361.0
7,210067_at,AQP4,361.0
8,210066_s_at,AQP4,361.0
9,210116_at,SH2D1A,4068.0
10,210021_s_at,CCNO,10309.0
11,210019_at,CALML3,810.0
12,210020_x_at,CALML3,810.0
13,210055_at,TSHR,7253.0
14,210072_at,CCL19,6363.0
15,210029_at,IDO1,3620.0
16,210025_s_at,CARD10,29775.0
17,210026_s_at,CARD10,29775.0
18,210042_s_at,CTSZ,1522.0
19,210090_at,ARC,23237.0
20,210054_at,HAUS3,79441.0
21,210054_at,,
22,210106_at,,
23,210048_at,NAPG,8774.0
24,210056_at,RND1,27289.0
25,210081_at,AGER,177.0
26,210052_s_at,TPX2,22974.0
27,210103_s_at,FOXA2,3170.0
28,210069_at,CPT1B,1375.0
29,210070_s_at,CPT1B,1375.0
30,210032_s_at,SPAG6,9576.0
31,210033_s_at,SPAG6,9576.0
32,210079_x_at,KCNAB1,7881.0
33,210078_s_at,KCNAB1,7881.0
34,210086_at,HR,55806.0
35,210034_s_at,SNORA66,26782.0
36,210104_at,MED6,10001.0
37,210080_x_at,,
38,210080_x_at,CELA3A,10136.0
39,210044_s_at,LYL1,4066.0
40,210063_at,SARDH,1757.0
41,210082_at,ABCA4,24.0
42,210074_at,CTSV,1515.0
43,210073_at,ST8SIA1,6489.0
44,210097_s_at,NOL7,51406.0
45,210106_at,RDH5,5959.0
46,210018_x_at,MALT1,10892.0
47,210017_at,MALT1,10892.0
48,210064_s_at,UPK1B,7348.0
49,210065_s_at,UPK1B,7348.0
50,210091_s_at,DTNA,1837.0
51,210113_s_at,NLRP1,22861.0
52,210109_at,SND1-IT1,27099.0
53,210053_at,TAF5,6877.0
54,210115_at,RPL39L,116832.0
55,210062_s_at,ZNF589,51385.0
56,210061_at,ZNF589,51385.0
57,210102_at,VWA5A,4013.0
58,210111_s_at,KLHDC10,23008.0
59,210041_s_at,PGM3,5238.0
60,210016_at,MYT1L,23040.0
61,210046_s_at,IDH2,3418.0
62,210045_at,IDH2,3418.0
63,210114_at,INVS,27130.0
64,210095_s_at,IGFBP3,3486.0
65,210037_s_at,NOS2,4843.0
66,210049_at,SERPINC1,462.0
67,210057_at,SMG1,23049.0
68,210031_at,CD247,919.0
69,210060_at,PDE6G,5148.0
70,210089_s_at,LAMA4,3910.0
71,210077_s_at,SRSF5,6430.0
72,210109_at,SND1,27044.0
73,210038_at,PRKCQ,5588.0
74,210039_s_at,PRKCQ,5588.0
75,210036_s_at,KCNH2,3757.0
76,210028_s_at,ORC3,23595.0
77,210059_s_at,MAPK13,5603.0
78,210058_at,MAPK13,5603.0
79,210050_at,TPI1,7167.0
80,210092_at,MAGOH,4116.0
81,210093_s_at,MAGOH,4116.0
82,210085_s_at,ANXA9,8416.0
83,210100_s_at,ABCA2,20.0
84,210094_s_at,PARD3,56288.0
85,210034_s_at,RPL5,6125.0
86,210084_x_at,TPSB2,64499.0
87,210075_at,MARCHF2,51257.0
88,210112_at,HPS1,3257.0
89,210096_at,CYP4B1,1580.0
90,210105_s_at,FYN,2534.0
91,210110_x_at,HNRNPH3,3189.0
92,210084_x_at,TPSAB1,7177.0
93,210108_at,CACNA1D,776.0
94,210022_at,PCGF1,84759.0
95,210023_s_at,PCGF1,84759.0
96,210088_x_at,MYL4,4635.0
97,210051_at,RAPGEF3,10411.0
98,210092_at,LRP8,7804.0
99,210047_at,SLC11A2,4891.0
100,210024_s_at,UBE2E3,10477.0
101,210107_at,CLCA1,1179.0
102,210101_x_at,SH3GLB1,51100.0
103,210087_s_at,MPZL1,9019.0
0,210128_s_at,LTB4R,1241.0
1,210199_at,,102724652.0
2,210199_at,CRYAA,1409.0
3,210199_at,CRYAA,102724652.0
4,210136_at,MBP,4155.0
5,210162_s_at,NFATC1,4772.0
6,210197_at,ITPK1,3705.0
7,210150_s_at,LAMA5,3911.0
8,210123_s_at,CHRFAM7A,89832.0
9,210213_s_at,,
10,210123_s_at,CHRNA7,1139.0
11,210212_x_at,,
12,210212_x_at,CMC4,100272147.0
13,210146_x_at,LILRB2,10288.0
14,210152_at,LILRB4,11006.0
15,210126_at,PSG6,5675.0
16,210140_at,CST7,8530.0
17,210143_at,ANXA10,11199.0
18,210119_at,KCNJ15,3772.0
19,210205_at,B3GALT4,8705.0
20,210170_at,PDLIM3,27295.0
21,210186_s_at,FKBP1A,2280.0
22,210187_at,FKBP1A,2280.0
23,210138_at,RGS20,8601.0
24,210177_at,TRIM15,89870.0
25,210189_at,HSPA1L,3305.0
26,210142_x_at,FLOT1,10211.0
27,210129_s_at,ARPC4-TTLL3,100526693.0
28,210195_s_at,PSG1,5669.0
29,210196_s_at,PSG1,5669.0
30,210195_s_at,PSG1,5672.0
31,210196_s_at,PSG1,5672.0
32,210159_s_at,TRIM31,11074.0
33,210188_at,GABPA,2551.0
34,210164_at,GZMB,3002.0
35,210173_at,PTPRJ,5795.0
36,210135_s_at,SHOX2,6474.0
37,210134_x_at,SHOX2,6474.0
38,210141_s_at,INHA,3623.0
39,210179_at,KCNJ13,3769.0
40,210186_s_at,FKBP1C,642489.0
41,210183_x_at,HYPK,25764.0
42,210126_at,PSG9,5678.0
43,210171_s_at,CREM,1390.0
44,210182_at,CENPS-CORT,100526739.0
45,210182_at,CORT,1325.0
46,210153_s_at,ME2,4200.0
47,210154_at,ME2,4200.0
48,210214_s_at,BMPR2,659.0
49,210176_at,TLR1,7096.0
50,210129_s_at,TTLL3,26140.0
51,210120_s_at,RANBP3,8498.0
52,210211_s_at,HSP90AA1,3320.0
53,210192_at,ATP8A1,10396.0
54,210206_s_at,DDX12B,
55,210206_s_at,,
56,210183_x_at,SERF2,10169.0
57,210151_s_at,DYRK3,8444.0
58,210144_at,TBC1D22A,25771.0
59,210206_s_at,DDX12P,
60,210131_x_at,SDHCP5,
61,210122_at,PRM2,5620.0
62,210127_at,RAB6B,51560.0
63,210188_at,GABPAP,
64,210158_at,ERCC4,2072.0
65,210133_at,CCL11,6356.0
66,210213_s_at,EIF6,3692.0
67,210198_s_at,PLP1,5354.0
68,210167_s_at,TEF,7008.0
69,210157_at,URI1,8725.0
70,210148_at,HIPK3,10114.0
71,210168_at,C6,729.0
72,210165_at,DNASE1,1773.0
73,210172_at,SF1,7536.0
74,210180_s_at,TRA2B,6434.0
75,210156_s_at,PCMT1,5110.0
76,210204_s_at,CNOT4,4850.0
77,210203_at,CNOT4,4850.0
78,210125_s_at,BANF1,8815.0
79,210137_s_at,DCTD,1635.0
80,210174_at,NR5A2,2494.0
81,210131_x_at,SDHC,6391.0
82,210149_s_at,ATP5PD,10476.0
83,210117_at,SPAG1,6674.0
84,210181_s_at,CABP1,9478.0
85,210190_at,STX11,8676.0
86,210169_at,SEC14L5,9717.0
87,210216_x_at,RAD1,5810.0
88,210200_at,WWP2,11060.0
89,210160_at,PAFAH1B2,5049.0
90,210132_at,EFNA3,1944.0
91,210206_s_at,DDX11,1663.0
92,210147_at,ART3,419.0
93,210208_x_at,BAG6,7917.0
94,210184_at,ITGAX,3687.0
95,210193_at,MOBP,4336.0
96,210139_s_at,PMP22,5376.0
97,210145_at,PLA2G4A,5321.0
98,210215_at,TFR2,7036.0
99,210124_x_at,SEMA4F,10505.0
100,210178_x_at,SRSF10,10772.0
101,210185_at,CACNB1,782.0
102,210218_s_at,SP100,6672.0
103,210130_s_at,TM7SF2,7108.0
104,210118_s_at,IL1A,3552.0
105,210121_at,B3GALT2,8707.0
106,210175_at,GCFC2,6936.0
107,210166_at,TLR5,7100.0
108,210191_s_at,PHTF1,10745.0
109,210155_at,MYOC,4653.0
0,210269_s_at,AKAP17A,8227.0
1,210292_s_at,PCDH11Y,27328.0
2,210292_s_at,PCDH11Y,83259.0
3,210289_at,NAT8,9027.0
4,210235_s_at,PPFIA1,8500.0
5,210236_at,PPFIA1,8500.0
6,210279_at,GPR18,2841.0
7,210254_at,MS4A3,932.0
8,210317_s_at,YWHAE,7531.0
9,210276_s_at,TRIOBP,11078.0
10,210250_x_at,,
11,210306_at,,
12,210306_at,L3MBTL1,26013.0
13,210320_s_at,DDX52,11056.0
14,210274_at,MAGEA8,4107.0
15,210287_s_at,FLT1,2321.0
16,210270_at,RGS6,9628.0
17,210292_s_at,PCDH11X,27328.0
18,210295_at,MAGEA10,4109.0
19,210225_x_at,LILRB3,11025.0
20,210225_x_at,LILRB3,102725035.0
21,210225_x_at,LILRB3,107987425.0
22,210225_x_at,LILRB3,107987462.0
23,210227_at,DLGAP2,9228.0
24,210318_at,RBP3,5949.0
25,210313_at,LILRA4,23547.0
26,210229_s_at,CSF2,1437.0
27,210285_x_at,WTAPP2,
28,210297_s_at,MSMB,4477.0
29,210260_s_at,TNFAIP8,25816.0
30,210281_s_at,ZMYM2,7750.0
31,210282_at,ZMYM2,7750.0
32,210242_x_at,ST20,
33,210240_s_at,CDKN2D,1032.0
34,210304_at,PDE6B,5158.0
35,210303_at,MAB21L2,10586.0
36,210302_s_at,MAB21L2,10586.0
37,210255_at,RAD51B,5890.0
38,210225_x_at,LILRA6,79168.0
39,210288_at,KLRG1,10219.0
40,210248_at,WNT7A,7476.0
41,210247_at,SYN2,6854.0
42,210315_at,SYN2,6854.0
43,210265_x_at,POU5F1,5460.0
44,210311_at,FGF5,2250.0
45,210310_s_at,FGF5,2250.0
46,210231_x_at,SETP14,
47,210257_x_at,CUL4B,8450.0
48,210319_x_at,MSX2,4488.0
49,210244_at,CAMP,820.0
50,210265_x_at,POU5F1P3,642559.0
51,210272_at,,1556.0
52,210294_at,TAPBP,6892.0
53,210246_s_at,ABCC8,6833.0
54,210321_at,GZMH,2999.0
55,210285_x_at,,
56,210221_at,CHRNA3,1136.0
57,210283_x_at,PAIP1P2,
58,210262_at,CRISP2,7180.0
59,210293_s_at,SEC23B,10483.0
60,210291_s_at,,
61,210268_at,NFX1,4799.0
62,210232_at,,
63,210314_x_at,TNFSF13,8741.0
64,210300_at,REM1,28954.0
65,210305_at,,
66,210305_at,PDE4DIP,9659.0
67,210305_at,PDE4DIP,124904395.0
68,210314_x_at,TNFSF12-TNFSF13,407977.0
69,210283_x_at,PAIP1,10605.0
70,210241_s_at,TP53TG1,
71,210298_x_at,FHL1,2273.0
72,210299_s_at,FHL1,2273.0
73,210253_at,HTATIP2,10553.0
74,210284_s_at,TAB2,23118.0
75,210234_at,GRM4,2914.0
76,210296_s_at,PEX2,5828.0
77,210220_at,FZD2,2535.0
78,210301_at,XDH,7498.0
79,210259_s_at,DLX4,1748.0
80,210250_x_at,ADSL,158.0
81,210273_at,PCDH7,5099.0
82,210280_at,MPZ,4359.0
83,210305_at,,105378944.0
84,210251_s_at,RUFY3,22902.0
85,210307_s_at,KLHL25,64410.0
86,210252_s_at,MADD,8567.0
87,210312_s_at,IFT20,90410.0
88,210258_at,RGS13,6003.0
89,210275_s_at,ZFAND5,7763.0
90,210316_at,FLT4,2324.0
91,210226_at,NR4A1,3164.0
92,210314_x_at,SENP3,26168.0
93,210278_s_at,AP4S1,11154.0
94,210277_at,AP4S1,11154.0
95,210309_at,RECQL5,9400.0
96,210222_s_at,RTN1,6252.0
97,210231_x_at,SET,6418.0
98,210256_s_at,PIP5K1A,8394.0
99,210291_s_at,ZNF174,7727.0
100,210290_at,ZNF174,7727.0
101,210285_x_at,WTAP,9589.0
102,210249_s_at,NCOA1,8648.0
103,210239_at,IRX5,10265.0
104,210243_s_at,B4GALT3,8703.0
105,210286_s_at,SLC4A7,9497.0
106,210264_at,GPR35,2859.0
107,210271_at,NEUROD2,4761.0
108,210233_at,IL1RAP,3556.0
109,210263_at,KCNF1,3754.0
110,210237_at,ARTN,9048.0
111,210232_at,CDC42,998.0
112,210266_s_at,TRIM33,51592.0
113,210261_at,KCNK2,3776.0
114,210224_at,MR1,3140.0
115,210223_s_at,MR1,3140.0
116,210267_at,NIPAL3,57185.0
0,210340_s_at,CSF2RA,1438.0
1,210408_s_at,CPNE6,9362.0
2,210322_x_at,UTY,7404.0
3,210350_x_at,ING1,3621.0
4,210397_at,DEFB1,1672.0
5,210413_x_at,SERPINB4,6318.0
6,210365_at,RUNX1,861.0
7,210365_at,RUNX1,100506403.0
8,210390_s_at,CCL15,6359.0
9,210394_x_at,SSX4,6759.0
10,210394_x_at,SSX4,548313.0
11,210390_s_at,CCL15-CCL14,
12,210394_x_at,SSX1,6756.0
13,210394_x_at,SSX4B,6759.0
14,210394_x_at,SSX4B,548313.0
15,210384_at,PRMT2,3275.0
16,210367_s_at,PTGES,9536.0
17,210341_at,MYT1,4661.0
18,210394_x_at,SSX6P,
19,210339_s_at,KLK2,3817.0
20,210406_s_at,RAB6C,84084.0
21,210352_at,BRD8,10902.0
22,210410_s_at,MSH5,4439.0
23,210410_s_at,MSH5-SAPCD1,
24,210394_x_at,,
25,210368_at,PCDHGA8,9708.0
26,210415_s_at,ODF2,4957.0
27,210371_s_at,RBBP4P1,
28,210363_s_at,SCN2B,6327.0
29,210364_at,SCN2B,6327.0
30,210347_s_at,BCL11A,53335.0
31,210335_at,RASSF9,9182.0
32,210354_at,IFNG,3458.0
33,210372_s_at,TPD52L1,7164.0
34,210412_at,GRIN2B,2904.0
35,210411_s_at,GRIN2B,2904.0
36,210406_s_at,RAB6D,150786.0
37,210338_s_at,SNORD14C,85389.0
38,210324_at,C8G,733.0
39,210371_s_at,RBBP4,5928.0
40,210360_s_at,MTSS1,9788.0
41,210359_at,MTSS1,9788.0
42,210409_at,AFDN-DT,26238.0
43,210362_x_at,PML,5371.0
44,210378_s_at,SSNA1,8636.0
45,210385_s_at,ERAP1,51752.0
46,210386_s_at,MTX1,4580.0
47,210391_at,NR6A1,2649.0
48,210392_x_at,NR6A1,2649.0
49,210361_s_at,ELF2P4,
50,210383_at,SCN1A,6323.0
51,210393_at,LGR5,8549.0
52,210328_at,GNMT,27232.0
53,210328_at,GNMT,107080644.0
54,210416_s_at,CHEK2,11200.0
55,210345_s_at,DNAH9,1770.0
56,210419_at,BARX2,8538.0
57,210343_s_at,SLC22A6,9356.0
58,210366_at,SLCO1B1,10599.0
59,210361_s_at,ELF2,1998.0
60,210421_s_at,SLC24A1,9187.0
61,210420_at,SLC24A1,9187.0
62,210348_at,SEPTIN4,5414.0
63,210346_s_at,CLK4,57396.0
64,210396_s_at,BOLA2-SMG1P6,107282092.0
65,210414_at,FLRT1,23769.0
66,210380_s_at,CACNA1G,8913.0
67,210381_s_at,CCKBR,887.0
68,210357_s_at,SMOX,54498.0
69,210396_s_at,,
70,210406_s_at,RAB6A,5870.0
71,210405_x_at,TNFRSF10B,8795.0
72,210402_at,KCNJ1,3758.0
73,210403_s_at,KCNJ1,3758.0
74,210396_s_at,,595101.0
75,210353_s_at,SLC6A2,6530.0
76,210418_s_at,IDH3B,3420.0
77,210331_at,HECW1,23072.0
78,210333_at,NR5A1,2516.0
79,210386_s_at,MTX1LP,
80,210386_s_at,,
81,210388_at,PLCB2,5330.0
82,210326_at,AGXT,189.0
83,210327_s_at,AGXT,189.0
84,210407_at,PPM1A,5494.0
85,210374_x_at,PTGER3,5733.0
86,210375_at,PTGER3,5733.0
87,210370_s_at,LY9,4063.0
88,210376_x_at,ELK1,2002.0
89,210325_at,CD1A,909.0
90,210334_x_at,BIRC5,332.0
91,210349_at,CAMK4,814.0
92,210389_x_at,TUBD1,51174.0
93,210400_at,GRIN2C,2905.0
94,210337_s_at,ACLY,47.0
95,210323_at,TEKT2,27285.0
96,210330_at,SGCD,6444.0
97,210329_s_at,SGCD,6444.0
98,210344_at,OSBPL7,114881.0
99,210336_x_at,MZF1,7593.0
100,210399_x_at,FUT6,2528.0
101,210398_x_at,FUT6,2528.0
102,210417_s_at,PI4KB,5298.0
103,210395_x_at,MYL4,4635.0
104,210377_at,ACSM3,6296.0
105,210355_at,PTHLH,5744.0
106,210358_x_at,GATA2,2624.0
107,210356_x_at,MS4A1,931.0
108,210369_at,SWAP70,23075.0
109,210373_at,NPRL2,10641.0
110,210338_s_at,HSPA8,3312.0
111,210401_at,P2RX1,5023.0
112,210342_s_at,TPO,7173.0
113,210422_x_at,SLC11A1,6556.0
114,210379_s_at,TLK1,9874.0
115,210382_at,SCTR,6344.0
116,210323_at,AGO3,192669.0
0,210469_at,DLG5,9231.0
1,210527_x_at,TUBA3C,7278.0
2,210501_x_at,EIF3K,27335.0
3,210447_at,GLUD2,2747.0
4,210424_s_at,MIR1233-1,100302160.0
5,210424_s_at,GOLGA8A,23015.0
6,210425_x_at,GOLGA8A,23015.0
7,210454_s_at,KCNJ6,3763.0
8,210466_s_at,SERBP1P1,
9,210503_at,MAGEA11,4110.0
10,210497_x_at,SSX2B,727837.0
11,210497_x_at,SSX3,10214.0
12,210456_at,PCYT1B,9468.0
13,210437_at,MAGEA9,4108.0
14,210437_at,MAGEA9,728269.0
15,210426_x_at,RORA,6095.0
16,210479_s_at,RORA,6095.0
17,210497_x_at,SSX2,6757.0
18,210446_at,GATA1,2623.0
19,210487_at,DNTT,1791.0
20,210451_at,PKLR,5313.0
21,210508_s_at,KCNQ2,3785.0
22,210484_s_at,,254896.0
23,210483_at,,254896.0
24,210424_s_at,MIR1233-2,100422845.0
25,210466_s_at,SERBP1P5,
26,210506_at,,
27,210505_at,ADH7,131.0
28,210450_at,MIR5195,100847062.0
29,210450_at,IGHV5-78,
30,210464_at,LINC00588,26138.0
31,210514_x_at,HLA-G,3135.0
32,210444_at,NPY6R,
33,210460_s_at,PIPSL,
34,210460_s_at,,
35,210444_at,,4888.0
36,210467_x_at,MAGEA12,4111.0
37,210499_s_at,PQBP1,10084.0
38,210507_s_at,AVIL,10677.0
39,210513_s_at,VEGFA,7422.0
40,210512_s_at,VEGFA,7422.0
41,210453_x_at,,
42,210431_at,ALPG,251.0
43,210461_s_at,ABLIM1,3983.0
44,210484_s_at,TNFRSF10C,8794.0
45,210506_at,FUT7,2529.0
46,210474_s_at,,
47,210525_x_at,EFCAB11,90141.0
48,210471_s_at,KCNAB1,7881.0
49,210473_s_at,ADGRA3,166647.0
50,210477_x_at,MAPK8,5599.0
51,210481_s_at,CLEC4M,10332.0
52,210430_x_at,RHD,6007.0
53,210429_at,RHD,6007.0
54,210476_s_at,PRLR,5618.0
55,210504_at,KLF1,10661.0
56,210516_at,FAM120A,23196.0
57,210432_s_at,SCN3A,6328.0
58,210520_at,HRG-AS1,
59,210430_x_at,RHCE,6006.0
60,210517_s_at,AKAP12,9590.0
61,210515_at,HNF1A,6927.0
62,210437_at,MAGEA9B,4108.0
63,210437_at,MAGEA9B,728269.0
64,210519_s_at,NQO1,1728.0
65,210470_x_at,,
66,210521_s_at,FETUB,26998.0
67,210433_at,POFUT1,23509.0
68,210532_s_at,ATP5MJ,9556.0
69,210453_x_at,ATP5MG,10632.0
70,210529_s_at,TCAF1P1,
71,210529_s_at,,
72,210475_at,POU3F1,5453.0
73,210470_x_at,NONO,4841.0
74,210524_x_at,MT1F,4494.0
75,210439_at,ICOS,29851.0
76,210443_x_at,OGFR,11054.0
77,210442_at,IL1RL1,9173.0
78,210482_x_at,MAP2K5,5607.0
79,210510_s_at,NRP1,8829.0
80,210530_s_at,NR2C1,7181.0
81,210531_at,NR2C1,7181.0
82,210480_s_at,MYO6,4646.0
83,210435_at,ARL17B,51326.0
84,210435_at,ARL17B,100506084.0
85,210435_at,ARL17B,100996709.0
86,210449_x_at,MAPK14,1432.0
87,210502_s_at,PPIE,10450.0
88,210465_s_at,SNAPC3,6619.0
89,210511_s_at,INHBA,3624.0
90,210424_s_at,GOLGA8B,23015.0
91,210425_x_at,GOLGA8B,23015.0
92,210424_s_at,GOLGA8B,440270.0
93,210425_x_at,GOLGA8B,440270.0
94,210523_at,BMPR1B,658.0
95,210493_s_at,MFAP3L,9848.0
96,210492_at,MFAP3L,9848.0
97,210493_s_at,MFAP3L,101928198.0
98,210492_at,MFAP3L,101928198.0
99,210434_x_at,JTB,10899.0
100,210427_x_at,ANXA2,302.0
101,210474_s_at,CDK11B,984.0
102,210463_x_at,TRMT1,55621.0
103,210455_at,R3HCC1L,27291.0
104,210474_s_at,CDK11A,728642.0
105,210457_x_at,HMGA1,3159.0
106,210445_at,FABP6,2172.0
107,210518_at,CDH8,1006.0
108,210452_x_at,CYP4F2,8529.0
109,210529_s_at,TCAF1,9747.0
110,210462_at,BLZF1,8548.0
111,210428_s_at,HGS,9146.0
112,210438_x_at,RO60,6738.0
113,210460_s_at,PSMD4,5710.0
114,210459_at,PSMD4,5710.0
115,210486_at,ANKMY1,51281.0
116,210448_s_at,P2RX5,5026.0
117,210440_s_at,CDC14A,8556.0
118,210441_at,CDC14A,8556.0
119,210423_s_at,SLC11A1,6556.0
120,210458_s_at,TANK,10010.0
121,210495_x_at,FN1,2335.0
122,210466_s_at,SERBP1,26135.0
123,210528_at,MR1,3140.0
0,210565_at,GCGR,2642.0
1,210551_s_at,ASMT,438.0
2,210572_at,PCDHA2,56146.0
3,210572_at,PCDHA3,56145.0
4,210597_x_at,PRB1,5542.0
5,210597_x_at,PRB1,653247.0
6,210549_s_at,CCL23,6368.0
7,210548_at,CCL23,6368.0
8,210583_at,,
9,210584_s_at,,
10,210537_s_at,TADA2A,6871.0
11,210584_s_at,RRP7BP,
12,210546_x_at,CTAG1A,246100.0
13,210617_at,PHEX,5251.0
14,210592_s_at,SAT1,6303.0
15,210546_x_at,CTAG1B,1485.0
16,210546_x_at,CTAG2,30848.0
17,210553_x_at,PCSK6,5046.0
18,210584_s_at,RRP7BP,91695.0
19,210589_s_at,GBA1,2629.0
20,210603_at,NAA11,84779.0
21,210550_s_at,RASGRF1,5923.0
22,210576_at,CYP4F8,11283.0
23,210593_at,ZSWIM8,23053.0
24,210607_at,,
25,210612_s_at,SYNJ2,8871.0
26,210579_s_at,TRIM10,10107.0
27,210541_s_at,TRIM27,5987.0
28,210542_s_at,SLCO3A1,28232.0
29,210581_x_at,PATZ1,23598.0
30,210571_s_at,CMAHP,
31,210614_at,TTPA,7274.0
32,210627_s_at,MOGS,7841.0
33,210571_s_at,CMAHP,8418.0
34,210533_at,MSH4,4438.0
35,210543_s_at,PRKDC,5591.0
36,210560_at,GBX2,2637.0
37,210586_x_at,RHD,6007.0
38,210567_s_at,SKP2,6502.0
39,210597_x_at,PRB2,653247.0
40,210558_at,AKR1C4,1109.0
41,210602_s_at,CDH6,1004.0
42,210601_at,CDH6,1004.0
43,210606_x_at,KLRD1,3824.0
44,210633_x_at,KRT10,3858.0
45,210580_x_at,SLX1B-SULT1A4,100526831.0
46,210580_x_at,SLX1A-SULT1A3,100526830.0
47,210586_x_at,RHCE,6006.0
48,210536_s_at,SPAM1,6677.0
49,210556_at,NFATC3,4775.0
50,210555_s_at,NFATC3,4775.0
51,210577_at,CASR,846.0
52,210534_s_at,B9D1,27077.0
53,210535_at,B9D1,27077.0
54,210611_s_at,DTNA,1837.0
55,210583_at,POLDIP3,84271.0
56,210584_s_at,POLDIP3,84271.0
57,210587_at,INHBE,83729.0
58,210589_s_at,GBA1LP,
59,210619_s_at,HYAL1,3373.0
60,210610_at,CEACAM1,634.0
61,210619_s_at,NAA80,24142.0
62,210623_at,UBXN1,51035.0
63,210559_s_at,CDK1,983.0
64,210589_s_at,,2630.0
65,210582_s_at,LIMK2,3985.0
66,210570_x_at,MAPK9,5601.0
67,210631_at,NF1,4763.0
68,210613_s_at,SYNGR1,9145.0
69,210615_at,NRP1,8829.0
70,210607_at,FLT3LG,2323.0
71,210609_s_at,TP53I3,9540.0
72,210595_at,ZNF235,9310.0
73,210604_at,GNAT2,2780.0
74,210545_at,ITSN2,50618.0
75,210622_x_at,CDK10,8558.0
76,210616_s_at,SEC31A,22872.0
77,210547_x_at,ICA1,3382.0
78,210629_x_at,LST1,7940.0
79,210605_s_at,MFGE8,4240.0
80,210624_s_at,ILVBL,10994.0
81,210585_s_at,TNPO2,30000.0
82,210552_s_at,RALGPS1,9649.0
83,210539_at,TTLL5,23093.0
84,210630_s_at,RAD52,5893.0
85,210621_s_at,RASA1,5921.0
86,210599_at,ZNF614,80110.0
87,210608_s_at,FUT2,2524.0
88,210540_s_at,B4GALT4,8702.0
89,210580_x_at,SULT1A4,445329.0
90,210538_s_at,BIRC3,330.0
91,210544_s_at,ALDH3A2,224.0
92,210600_s_at,GRK4,2868.0
93,210588_x_at,HNRNPH3,3189.0
94,210580_x_at,SULT1A3,6818.0
95,210580_x_at,SULT1A3,124907837.0
96,210569_s_at,SIGLEC9,27180.0
97,210632_s_at,SGCA,6442.0
98,210564_x_at,CFLAR,8837.0
99,210563_x_at,CFLAR,8837.0
100,210562_at,GREB1,9687.0
101,210635_s_at,KLHL20,27252.0
102,210634_at,KLHL20,27252.0
103,210568_s_at,RECQL,5965.0
104,210561_s_at,WSB1,26118.0
105,210625_s_at,AKAP1,8165.0
106,210626_at,AKAP1,8165.0
107,210620_s_at,GTF3C2,2976.0
108,210557_x_at,CSF1,1435.0
109,210574_s_at,NUDC,10726.0
110,210594_x_at,MPZL1,9019.0
111,210573_s_at,POLR3C,10623.0
0,210680_s_at,MASP1,5648.0
1,210674_s_at,PCDHA1,56147.0
2,210674_s_at,PCDHA2,56146.0
3,210674_s_at,PCDHA3,56145.0
4,210674_s_at,PCDHA4,56144.0
5,210674_s_at,PCDHA5,56143.0
6,210674_s_at,PCDHA6,56142.0
7,210674_s_at,PCDHA7,56141.0
8,210674_s_at,PCDHA8,56140.0
9,210674_s_at,PCDHA9,9752.0
10,210674_s_at,PCDHA10,56139.0
11,210674_s_at,PCDHA11,56138.0
12,210674_s_at,PCDHA12,56137.0
13,210674_s_at,PCDHA13,56136.0
14,210674_s_at,PCDHAC2,56134.0
15,210674_s_at,PCDHAC1,56135.0
16,210645_s_at,TTC3,7267.0
17,210722_at,PNLIPRP1,5407.0
18,210667_s_at,,102724023.0
19,210643_at,TNFSF11,8600.0
20,210689_at,CLDN14,23562.0
21,210718_s_at,ARL17B,51326.0
22,210718_s_at,ARL17B,100506084.0
23,210718_s_at,ARL17B,100996709.0
24,210712_at,LDHAL6B,92483.0
25,210667_s_at,GATD3,8209.0
26,210718_s_at,,107984156.0
27,210644_s_at,LAIR1,3903.0
28,210660_at,LILRA1,11024.0
29,210642_at,CCIN,881.0
30,210697_at,ZNF257,113835.0
31,210661_at,GLRA3,8001.0
32,210730_s_at,NPY2R,4887.0
33,210729_at,NPY2R,4887.0
34,210673_x_at,NKX2-1,7080.0
35,210646_x_at,SNORD33,26818.0
36,210646_x_at,SNORD34,26817.0
37,210720_s_at,NECAB3,63941.0
38,210638_s_at,FBXO9,26268.0
39,210675_s_at,PTPRR,5801.0
40,210706_s_at,RNF24,11237.0
41,210692_s_at,,
42,210656_at,MIR6755,102465452.0
43,210702_s_at,PTGIS,5740.0
44,210693_at,,
45,210637_at,TACR1,6869.0
46,210691_s_at,CACYBPP2,
47,210676_x_at,RGPD4,285190.0
48,210728_s_at,CALCA,796.0
49,210727_at,CALCA,796.0
50,210679_x_at,,
51,210690_at,KLRC4,8302.0
52,210654_at,TNFRSF10D,8793.0
53,210646_x_at,RPL13AP5,
54,210646_x_at,,
55,210683_at,,
56,210651_s_at,EPHB2,2048.0
57,210671_x_at,MAPK8,5599.0
58,210656_at,EED,8726.0
59,210646_x_at,RPL13AP20,
60,210669_at,TFAP2A,7020.0
61,210734_x_at,MAX,4149.0
62,210735_s_at,CA12,771.0
63,210647_x_at,PLA2G6,8398.0
64,210677_at,SOAT2,8435.0
65,210666_at,IDS,3423.0
66,210657_s_at,SEPTIN4,5414.0
67,210723_x_at,,
68,210736_x_at,DTNA,1837.0
69,210695_s_at,WWOX,51741.0
70,210737_at,TUB,7275.0
71,210653_s_at,BCKDHB,594.0
72,210721_s_at,PAK5,57144.0
73,210718_s_at,ARL17A,51326.0
74,210718_s_at,ARL17A,100506084.0
75,210655_s_at,FOXO3B,2310.0
76,210684_s_at,DLG4,1742.0
77,210718_s_at,,
78,210650_s_at,PCLO,27445.0
79,210658_s_at,GGA2,23062.0
80,210678_s_at,AGPAT2,10555.0
81,210701_at,CFDP1,10428.0
82,210649_s_at,ARID1A,8289.0
83,210682_at,LPO,4025.0
84,210648_x_at,SNX3,8724.0
85,210676_x_at,RGPD6,729540.0
86,210636_at,PPARD,5467.0
87,210676_x_at,RGPD8,727851.0
88,210676_x_at,RGPD5,84220.0
89,210676_x_at,RGPD5,727851.0
90,210652_s_at,TTC39A,22996.0
91,210670_at,PPY,5539.0
92,210683_at,NRTN,4902.0
93,210691_s_at,CACYBP,27101.0
94,210639_s_at,ATG5,9474.0
95,210694_s_at,ZNF514,84874.0
96,210693_at,SPPL2B,56928.0
97,210739_x_at,SLC4A4,8671.0
98,210738_s_at,SLC4A4,8671.0
99,210672_s_at,NPRL3,8131.0
100,210724_at,ADGRE3,84658.0
101,210646_x_at,RPL13A,23521.0
102,210655_s_at,FOXO3,2309.0
103,210641_at,CAPN9,10753.0
104,210719_s_at,HMG20B,10362.0
105,210715_s_at,SPINT2,10653.0
106,210681_s_at,USP15,9958.0
107,210692_s_at,SLC43A3,29015.0
108,210705_s_at,TRIM5,85363.0
109,210640_s_at,GPER1,2852.0
110,210688_s_at,CPT1A,1374.0
111,210687_at,CPT1A,1374.0
112,210716_s_at,CLIP1,6249.0
113,210659_at,CMKLR1,1240.0
114,210704_at,FEZ2,9637.0
115,210708_x_at,CASP10,843.0
116,210714_at,R3HDM1,23518.0
117,210662_at,KYNU,8942.0
118,210663_s_at,KYNU,8942.0
119,210685_s_at,UBE4B,10277.0
120,210664_s_at,TFPI,7035.0
121,210665_at,TFPI,7035.0
122,210732_s_at,LGALS8,3964.0
123,210731_s_at,LGALS8,3964.0
0,210762_s_at,DLC1,10395.0
1,210740_s_at,ITPK1,3705.0
2,210750_s_at,DLGAP1,9229.0
3,210805_x_at,RUNX1,861.0
4,210805_x_at,RUNX1,100506403.0
5,210803_at,TXNRD2,10587.0
6,210784_x_at,LILRB3,11025.0
7,210784_x_at,LILRB3,102725035.0
8,210784_x_at,LILRB3,107987425.0
9,210784_x_at,LILRB3,107987462.0
10,210745_at,ONECUT1,3175.0
11,210780_at,ESR2,2100.0
12,210796_x_at,SIGLEC6,946.0
13,210772_at,FPR2,2358.0
14,210773_s_at,FPR2,2358.0
15,210819_x_at,DIO2,1734.0
16,210781_x_at,GRIN1,2902.0
17,210782_x_at,GRIN1,2902.0
18,210778_s_at,MIR4800,100616358.0
19,210818_s_at,BACH1,571.0
20,210818_s_at,BACH1,100379661.0
21,210784_x_at,LILRA6,79168.0
22,210826_x_at,RAD17,5884.0
23,210763_x_at,NCR3,259197.0
24,210837_s_at,PDE4D,5144.0
25,210836_x_at,PDE4D,5144.0
26,210789_x_at,CEACAM3,1084.0
27,210746_s_at,,
28,210746_s_at,EPB42,2038.0
29,210809_s_at,POSTN,10631.0
30,210794_s_at,MEG3,55384.0
31,210771_at,PPARA,5465.0
32,210744_s_at,IL5RA,3568.0
33,210799_at,HTR1B,3351.0
34,210822_at,RPL13P5,
35,210797_s_at,OASL,8638.0
36,210810_s_at,SLC6A5,9152.0
37,210792_x_at,SIVA1,10572.0
38,210788_s_at,DHRS7,51635.0
39,210783_x_at,CLEC11A,6320.0
40,210827_s_at,ELF3,1999.0
41,210827_s_at,,
42,210759_s_at,,
43,210755_at,HGF,3082.0
44,210822_at,,
45,210791_s_at,ARHGAP32,9743.0
46,210840_s_at,IQGAP1,8826.0
47,210769_at,CNGB1,1258.0
48,210823_s_at,PTPRS,5802.0
49,210808_s_at,NOX1,27035.0
50,210767_at,NF2,4771.0
51,210778_s_at,MXD4,10608.0
52,210770_s_at,CACNA1A,773.0
53,210751_s_at,RGN,9104.0
54,210802_s_at,DIMT1,27292.0
55,210801_at,DIMT1,27292.0
56,210758_at,PSIP1,11168.0
57,210766_s_at,CSE1L,1434.0
58,210790_s_at,SAR1A,56681.0
59,210811_s_at,DDX49,54555.0
60,210821_x_at,CENPA,1058.0
61,210825_s_at,PEBP1,5037.0
62,210838_s_at,ACVRL1,94.0
63,210820_x_at,COQ7,10229.0
64,210798_x_at,MASP2,10747.0
65,210814_at,TRPC3,7222.0
66,210793_s_at,NUP98,4928.0
67,210831_s_at,PTGER3,5733.0
68,210832_x_at,PTGER3,5733.0
69,210834_s_at,PTGER3,5733.0
70,210833_at,PTGER3,5733.0
71,210787_s_at,CAMKK2,10645.0
72,210776_x_at,TCF3,6929.0
73,210839_s_at,ENPP2,5168.0
74,210757_x_at,DAB2,1601.0
75,210760_x_at,TRIP11,9321.0
76,210813_s_at,XRCC4,7518.0
77,210812_at,XRCC4,7518.0
78,210754_s_at,LYN,4067.0
79,210749_x_at,DDR1,780.0
80,210775_x_at,CASP9,842.0
81,210779_x_at,GEMIN2,8487.0
82,210756_s_at,NOTCH2,4853.0
83,210806_at,TTLL5,23093.0
84,210817_s_at,CALCOCO2,10241.0
85,210774_s_at,NCOA4,8031.0
86,210830_s_at,PON2,5445.0
87,210829_s_at,SSBP2,23635.0
88,210752_s_at,MLX,6945.0
89,210807_s_at,SLC16A7,9194.0
90,210804_x_at,SLC8A1,6546.0
91,210786_s_at,FLI1,2313.0
92,210759_s_at,PSMA1,5682.0
93,210828_s_at,ARNT,405.0
94,210816_s_at,CYB561,1534.0
95,210753_s_at,EPHB1,2047.0
96,210761_s_at,GRB7,2886.0
97,210785_s_at,THEMIS2,9473.0
98,210743_s_at,CDC14A,8556.0
99,210742_at,CDC14A,8556.0
100,210815_s_at,CALCRL,10203.0
101,210764_s_at,CCN1,3491.0
0,210854_x_at,,
1,210908_s_at,PFDN5,5204.0
2,210931_at,ATP8A2P3,
3,210938_at,PDX1,3651.0
4,210937_s_at,PDX1,3651.0
5,210913_at,CDH20,28316.0
6,210950_s_at,FDFT1,2222.0
7,210934_at,BLK,640.0
8,210884_s_at,SPAG11A,10407.0
9,210884_s_at,SPAG11A,653423.0
10,210884_s_at,SPAG11A,124906741.0
11,210884_s_at,SPAG11B,10407.0
12,210884_s_at,SPAG11B,653423.0
13,210884_s_at,SPAG11B,124906741.0
14,210890_x_at,KIR2DL1,3802.0
15,210873_x_at,APOBEC3A,200315.0
16,210873_x_at,APOBEC3A,100913187.0
17,210906_x_at,AQP4,361.0
18,210876_at,ANXA2P1,
19,210870_s_at,EPM2A,7957.0
20,210932_s_at,RNF6,6049.0
21,210931_at,RNF6,6049.0
22,210922_at,,
23,210905_x_at,POU5F1B,5462.0
24,210944_s_at,,
25,210928_at,,
26,210944_s_at,CAPN3,825.0
27,210861_s_at,CCN6,8838.0
28,210905_x_at,POU5F1,5460.0
29,210908_s_at,,
30,210890_x_at,KIR2DP1,
31,210885_s_at,TRIM15,89870.0
32,210853_at,SCN11A,11280.0
33,210939_s_at,GRM1,2911.0
34,210940_s_at,GRM1,2911.0
35,210881_s_at,INS-IGF2,723961.0
36,210881_s_at,MIR483,619552.0
37,210894_s_at,CEP250,11190.0
38,210909_x_at,LPAL2,
39,210895_s_at,CD86,942.0
40,210864_x_at,HFE,3077.0
41,210909_x_at,LPAL2,80350.0
42,210905_x_at,POU5F1P4,645682.0
43,210875_s_at,ZEB1,6935.0
44,210910_s_at,POMZP3,22932.0
45,210915_x_at,TRBC1,
46,210841_s_at,NRP2,8828.0
47,210842_at,NRP2,8828.0
48,210862_s_at,SARDH,1757.0
49,210881_s_at,IGF2,3481.0
50,210881_s_at,,
51,210883_x_at,EFNB3,1949.0
52,210910_s_at,ZP3,7784.0
53,210859_x_at,,1201.0
54,210868_s_at,ELOVL6,79071.0
55,210929_s_at,AHSG,197.0
56,210943_s_at,LYST,1130.0
57,210854_x_at,SLC6A10P,
58,210854_x_at,,386757.0
59,210891_s_at,,100093631.0
60,210923_at,SLC1A7,6512.0
61,210886_x_at,TP53TG1,
62,210951_x_at,RAB27A,5873.0
63,210874_s_at,NAA80,24142.0
64,210926_at,POTEKP,
65,210891_s_at,,2970.0
66,210854_x_at,SLC6A8,6535.0
67,210896_s_at,ASPH,444.0
68,210879_s_at,RAB11FIP5,26056.0
69,210953_at,TSC22D2,9819.0
70,210933_s_at,FSCN1,6624.0
71,210945_at,COL4A6,1288.0
72,210866_s_at,CNOT4,4850.0
73,210867_at,CNOT4,4850.0
74,210941_at,PCDH7,5099.0
75,210872_x_at,GAS7,8522.0
76,210904_s_at,IL13RA1,3597.0
77,210888_s_at,ITIH1,3697.0
78,210948_s_at,LEF1,51176.0
79,210859_x_at,CLN3,1201.0
80,210845_s_at,PLAUR,5329.0
81,210846_x_at,TRIM14,9830.0
82,210882_s_at,TRO,7216.0
83,210865_at,FASLG,356.0
84,210850_s_at,ELK1,2002.0
85,210889_s_at,FCGR2B,2213.0
86,210935_s_at,WDR1,9948.0
87,210942_s_at,ST3GAL6,10402.0
88,210880_s_at,EFS,10278.0
89,210952_at,AP4S1,11154.0
90,210892_s_at,GTF2I,2969.0
91,210891_s_at,GTF2I,2969.0
92,210878_s_at,KDM3B,51780.0
93,210847_x_at,TNFRSF25,8718.0
94,210887_s_at,EVC,2121.0
95,210843_s_at,MFAP3L,9848.0
96,210843_s_at,MFAP3L,101928198.0
97,210927_x_at,JTB,10899.0
98,210924_at,OLFM1,10439.0
99,210946_at,PLPP1,8611.0
100,210849_s_at,VPS41,27072.0
101,210844_x_at,CTNNA1,1495.0
102,210947_s_at,MSH3,4437.0
103,210871_x_at,SSX2IP,117178.0
104,210949_s_at,EIF3CL,728689.0
105,210912_x_at,GSTM4,2948.0
106,210869_s_at,MCAM,4162.0
107,210907_s_at,PDCD10,11235.0
108,210908_s_at,ESPL1,9700.0
109,210855_at,GREB1,9687.0
110,210949_s_at,EIF3C,8663.0
111,210949_s_at,EIF3C,728689.0
112,210925_at,CIITA,4261.0
113,210852_s_at,AASS,10157.0
114,210930_s_at,ERBB2,2064.0
115,210916_s_at,CD44,960.0
116,210858_x_at,ATM,472.0
0,210956_at,NPY4R2,100996758.0
1,211020_at,GCNT2,2651.0
2,210970_s_at,IBTK,25998.0
3,211025_x_at,COX5B,1329.0
4,210961_s_at,ADRA1D,146.0
5,210960_at,ADRA1D,146.0
6,211009_s_at,ZNF271P,
7,211052_s_at,TBCD,6904.0
8,211006_s_at,KCNB1,3745.0
9,211050_x_at,,
10,210996_s_at,YWHAE,7531.0
11,211009_s_at,ZNF271P,10778.0
12,210957_s_at,AFF2,2334.0
13,211022_s_at,ATRX,546.0
14,210972_x_at,TRAC,
15,211037_s_at,MBOAT7,79143.0
16,211050_x_at,,731275.0
17,211018_at,LSS,4047.0
18,211019_s_at,LSS,4047.0
19,211011_at,COL19A1,1310.0
20,211024_s_at,NKX2-1,7080.0
21,210958_s_at,MAST4,375449.0
22,211040_x_at,GTSE1,51512.0
23,210982_s_at,HLA-DRA,3122.0
24,211010_s_at,NCR3,259197.0
25,210994_x_at,TRIM23,373.0
26,210995_s_at,TRIM23,373.0
27,211034_s_at,HECTD4,283450.0
28,210985_s_at,HMGB1P3,
29,211049_at,TLX2,3196.0
30,211039_at,CHRNA1,1134.0
31,211050_x_at,LINC01002,
32,211050_x_at,TRIM52-AS1,100507602.0
33,211050_x_at,TRIM52-AS1,101928649.0
34,211013_x_at,PML,5371.0
35,211012_s_at,PML,5371.0
36,211014_s_at,PML,5371.0
37,211056_s_at,SRD5A1,6715.0
38,210959_s_at,SRD5A1,6715.0
39,211042_x_at,SKP2,6502.0
40,210998_s_at,HGF,3082.0
41,210997_at,HGF,3082.0
42,210956_at,NPY4R,5540.0
43,210983_s_at,MIR106B,406900.0
44,211021_s_at,RGS14,10636.0
45,211002_s_at,TRIM29,23650.0
46,211001_at,TRIM29,23650.0
47,210992_x_at,FCGR2C,
48,211005_at,,
49,211053_at,KCNG1,3755.0
50,211004_s_at,ALDH3B1,221.0
51,211038_s_at,CROCCP2,
52,211003_x_at,TGM2,7052.0
53,211017_s_at,NF2,4771.0
54,210987_x_at,TPM1,7168.0
55,210986_s_at,TPM1,7168.0
56,211038_s_at,,124905560.0
57,211038_s_at,,124905568.0
58,211038_s_at,,124905569.0
59,211038_s_at,,128966564.0
60,211050_x_at,FAM157C,105371423.0
61,211043_s_at,CLTB,1212.0
62,211033_s_at,PEX7,5191.0
63,210975_x_at,,
64,210963_s_at,GYG2,8908.0
65,210964_s_at,GYG2,8908.0
66,211050_x_at,LINC00115,
67,210984_x_at,EGFR,1956.0
68,211055_s_at,INVS,27130.0
69,211054_at,INVS,27130.0
70,210954_s_at,TSC22D2,9819.0
71,211051_s_at,EXTL3,2137.0
72,210999_s_at,GRB10,2887.0
73,210976_s_at,PFKM,5213.0
74,210983_s_at,MCM7,4176.0
75,211048_s_at,PDIA4,9601.0
76,210962_s_at,AKAP9,10142.0
77,211027_s_at,IKBKB,3551.0
78,211044_at,TRIM14,9830.0
79,211031_s_at,CLIP2,7461.0
80,211045_s_at,KCNH6,81033.0
81,211046_at,KCNH6,81033.0
82,210980_s_at,ASAH1,427.0
83,210981_s_at,GRK6,2870.0
84,210990_s_at,LAMA4,3910.0
85,210989_at,LAMA4,3910.0
86,210973_s_at,FGFR1,2260.0
87,210966_x_at,LARP1,23367.0
88,210991_s_at,RIMS3,9783.0
89,210988_s_at,PRUNE1,58497.0
90,211008_s_at,UBE2I,7329.0
91,210993_s_at,SMAD1,4086.0
92,211030_s_at,SLC6A6,6533.0
93,211047_x_at,AP2S1,1175.0
94,211029_x_at,FGF18,8817.0
95,211032_at,COBLL1,22837.0
96,211015_s_at,HSPA4,3308.0
97,211016_x_at,HSPA4,3308.0
98,210974_s_at,AP3D1,8943.0
99,211000_s_at,IL6ST,3572.0
100,210977_s_at,HSF4,3299.0
101,210971_s_at,BMAL1,406.0
102,210975_x_at,FASTK,10922.0
103,211005_at,LAT,27040.0
104,211036_x_at,ANAPC5,51433.0
105,211026_s_at,MGLL,11343.0
106,210968_s_at,RTN4,57142.0
107,211023_at,PDHB,5162.0
108,210965_x_at,CDK13,8621.0
109,210967_x_at,CACNB1,782.0
110,210985_s_at,SP100,6672.0
111,210969_at,PKN2,5586.0
112,210978_s_at,TAGLN2,8407.0
113,210955_at,CASP10,843.0
114,211028_s_at,KHK,3795.0
115,210992_x_at,FCGR2A,2212.0
0,211149_at,UTY,7404.0
1,211074_at,,
2,211153_s_at,TNFSF11,8600.0
3,211105_s_at,NFATC1,4772.0
4,211058_x_at,TUBAP2,
5,211072_x_at,TUBAP2,
6,211113_s_at,ABCG1,9619.0
7,211079_s_at,DYRK1A,1859.0
8,211128_at,EDA,1896.0
9,211131_s_at,EDA,1896.0
10,211127_x_at,EDA,1896.0
11,211129_x_at,EDA,1896.0
12,211130_x_at,EDA,1896.0
13,211141_s_at,CNOT3,4849.0
14,211135_x_at,LILRB3,11025.0
15,211133_x_at,LILRB3,11025.0
16,211135_x_at,LILRB3,102725035.0
17,211133_x_at,LILRB3,102725035.0
18,211135_x_at,LILRB3,107987425.0
19,211133_x_at,LILRB3,107987425.0
20,211135_x_at,LILRB3,107987462.0
21,211133_x_at,LILRB3,107987462.0
22,211102_s_at,LILRA2,11027.0
23,211100_x_at,LILRA2,11027.0
24,211101_x_at,LILRA2,11027.0
25,211062_s_at,GPR78,27201.0
26,211093_at,PDE6C,5146.0
27,211132_at,,
28,211065_x_at,PFKL,5211.0
29,211145_x_at,IFNA21,3452.0
30,211119_at,ESR2,2100.0
31,211117_x_at,ESR2,2100.0
32,211120_x_at,ESR2,2100.0
33,211118_x_at,ESR2,2100.0
34,211156_at,CDKN2A,1029.0
35,211122_s_at,CXCL11,6373.0
36,211064_at,ZNF493,284443.0
37,211066_x_at,PCDHGA1,56114.0
38,211066_x_at,PCDHGA2,56113.0
39,211066_x_at,PCDHGA3,56112.0
40,211066_x_at,PCDHGB1,56104.0
41,211066_x_at,PCDHGA4,56111.0
42,211066_x_at,PCDHGB2,56103.0
43,211066_x_at,PCDHGA5,56110.0
44,211066_x_at,PCDHGB3,56102.0
45,211066_x_at,PCDHGA6,56109.0
46,211066_x_at,PCDHGA7,56108.0
47,211066_x_at,PCDHGB4,8641.0
48,211066_x_at,PCDHGA8,9708.0
49,211066_x_at,PCDHGA9,56107.0
50,211066_x_at,PCDHGA10,56106.0
51,211066_x_at,PCDHGB7,56099.0
52,211066_x_at,PCDHGA11,56105.0
53,211066_x_at,PCDHGA12,26025.0
54,211066_x_at,PCDHGC3,5098.0
55,211066_x_at,PCDHGC4,56098.0
56,211066_x_at,PCDHGC5,56097.0
57,211066_x_at,PCDHGB5,56101.0
58,211125_x_at,GRIN1,2902.0
59,211066_x_at,PCDHGB6,56100.0
60,211061_s_at,MGAT2,4247.0
61,211097_s_at,PBX2,5089.0
62,211096_at,PBX2,5089.0
63,211135_x_at,LILRA6,79168.0
64,211133_x_at,LILRA6,79168.0
65,211110_s_at,AR,367.0
66,211097_s_at,PBX2P1,
67,211108_s_at,JAK3,3718.0
68,211109_at,JAK3,3718.0
69,211123_at,SLC5A5,6528.0
70,211085_s_at,STK4,6789.0
71,211073_x_at,RPL3P4,
72,211073_x_at,,
73,211142_x_at,HLA-DOA,3111.0
74,211089_s_at,NEK3,4752.0
75,211088_s_at,PLK4,10733.0
76,211148_s_at,ANGPT2,285.0
77,211111_at,KIF25-AS1,100505879.0
78,211057_at,ROR1,4919.0
79,211151_x_at,GH1,2688.0
80,211151_x_at,,
81,211106_at,SUPT3H,8464.0
82,211086_x_at,NEK1,4750.0
83,211144_x_at,TRGC2,
84,211144_x_at,TRGC1,445347.0
85,211144_x_at,,445347.0
86,211099_s_at,CNGB1,1258.0
87,211151_x_at,GH2,2689.0
88,211081_s_at,MAP4K5,11183.0
89,211107_s_at,AURKC,6795.0
90,211082_x_at,MARK2,2011.0
91,211091_s_at,NF2,4771.0
92,211092_s_at,NF2,4771.0
93,211147_s_at,P2RX6,9127.0
94,211150_s_at,DLAT,1737.0
95,211058_x_at,TUBA1B,10376.0
96,211072_x_at,TUBA1B,10376.0
97,211152_s_at,HTRA2,27429.0
98,211058_x_at,TUBA1A,7846.0
99,211076_x_at,ATN1,1822.0
100,211069_s_at,SUMO1P3,
101,211069_s_at,,
102,211094_s_at,NF1,4763.0
103,211095_at,NF1,4763.0
104,211116_at,SLC9A2,6549.0
105,211067_s_at,GAS7,8522.0
106,211070_x_at,DBI,1622.0
107,211062_s_at,CPZ,8532.0
108,211140_s_at,CASP2,835.0
109,211073_x_at,RPL3,6122.0
110,211098_x_at,TMCO1,54499.0
111,211124_s_at,KITLG,4254.0
112,211084_x_at,PRKD3,23683.0
113,211069_s_at,SUMO1,7341.0
114,211087_x_at,MAPK14,1432.0
115,211080_s_at,NEK2,4751.0
116,211090_s_at,PRP4K,8899.0
117,211059_s_at,GOLGA2,2801.0
118,211071_s_at,MLLT11,10962.0
119,211060_x_at,GPAA1,8733.0
120,211115_x_at,GEMIN2,8487.0
121,211114_x_at,GEMIN2,8487.0
122,211078_s_at,STK3,6788.0
123,211083_s_at,MAP3K13,9175.0
124,211137_s_at,ATP2C1,27032.0
125,211063_s_at,NCK1,4690.0
126,211121_s_at,DOK1,1796.0
127,211112_at,SLC12A4,6560.0
128,211136_s_at,CLPTM1,1209.0
129,211104_s_at,MYO7A,4647.0
130,211103_at,MYO7A,4647.0
131,211075_s_at,CD47,961.0
132,211126_s_at,CSRP2,1466.0
133,211154_at,THPO,7066.0
134,211155_s_at,THPO,7066.0
135,211139_s_at,NAB1,4664.0
136,211077_s_at,TLK1,9874.0
137,211138_s_at,KMO,8564.0
0,211227_s_at,PCDH11Y,27328.0
1,211227_s_at,PCDH11Y,83259.0
2,211161_s_at,COL3A1,1281.0
3,211197_s_at,,102723996.0
4,211199_s_at,,102723996.0
5,211198_s_at,,102723996.0
6,211217_s_at,KCNQ1,3784.0
7,211199_s_at,ICOSLG,23308.0
8,211197_s_at,ICOSLG,23308.0
9,211198_s_at,ICOSLG,23308.0
10,211199_s_at,ICOSLG,102723996.0
11,211197_s_at,ICOSLG,102723996.0
12,211198_s_at,ICOSLG,102723996.0
13,211181_x_at,RUNX1,861.0
14,211182_x_at,RUNX1,861.0
15,211180_x_at,RUNX1,861.0
16,211181_x_at,RUNX1,100506403.0
17,211182_x_at,RUNX1,100506403.0
18,211180_x_at,RUNX1,100506403.0
19,211177_s_at,TXNRD2,10587.0
20,211259_s_at,BMP7,655.0
21,211260_at,BMP7,655.0
22,211227_s_at,PCDH11X,27328.0
23,211210_x_at,SH2D1A,4068.0
24,211211_x_at,SH2D1A,4068.0
25,211209_x_at,SH2D1A,4068.0
26,211241_at,ANXA2P3,
27,211263_s_at,PCSK6,5046.0
28,211262_at,PCSK6,5046.0
29,211224_s_at,ABCB11,8647.0
30,211219_s_at,LHX2,9355.0
31,211174_s_at,CCKAR,886.0
32,211252_x_at,PTCRA,171558.0
33,211238_at,ADAM7,8756.0
34,211239_s_at,ADAM7,8756.0
35,211215_x_at,DIO2,1734.0
36,211225_at,FUT5,2527.0
37,211223_at,PROP1,5626.0
38,211256_x_at,BTN2A1,11120.0
39,211228_s_at,RAD17,5884.0
40,211225_at,,
41,211171_s_at,PDE10A,10846.0
42,211170_s_at,PDE10A,10846.0
43,211171_s_at,PDE10A,90632.0
44,211170_s_at,PDE10A,90632.0
45,211254_x_at,RHAG,6005.0
46,211166_at,FAM153CP,
47,211201_at,FSHR,2492.0
48,211264_at,GAD2,2572.0
49,211195_s_at,TP63,8626.0
50,211194_s_at,TP63,8626.0
51,211193_at,TP63,8626.0
52,211232_x_at,GLP1R,2740.0
53,211240_x_at,,
54,211163_s_at,TNFRSF10C,8794.0
55,211249_at,GPR68,8111.0
56,211165_x_at,EPHB2,2048.0
57,211245_x_at,KIR2DL4,3805.0
58,211242_x_at,KIR2DL4,3805.0
59,211178_s_at,PSTPIP1,9051.0
60,211166_at,,
61,211266_s_at,GPR4,2828.0
62,211261_at,NUP214,8021.0
63,211162_x_at,SCD,6319.0
64,211169_s_at,PPP1R3A,5506.0
65,211226_at,GALR2,8811.0
66,211167_s_at,GCK,2645.0
67,211175_at,GPR45,11250.0
68,211172_x_at,AKAP7,9465.0
69,211160_x_at,ACTN1,87.0
70,211267_at,HESX1,8820.0
71,211220_s_at,HSF2,3298.0
72,211164_at,EPHA3,2042.0
73,211208_s_at,CASK,8573.0
74,211258_s_at,TGFA,7039.0
75,211176_s_at,PAX4,5078.0
76,211186_s_at,AAK1,22848.0
77,211231_x_at,CYP4A22,284541.0
78,211257_x_at,ZNF638,27332.0
79,211234_x_at,ESR1,2099.0
80,211233_x_at,ESR1,2099.0
81,211235_s_at,ESR1,2099.0
82,211222_s_at,HAP1,9001.0
83,211168_s_at,UPF1,5976.0
84,211159_s_at,PPP2R5D,5528.0
85,211214_s_at,DAPK1,1612.0
86,211231_x_at,CYP4A11,1579.0
87,211207_s_at,ACSL6,23305.0
88,211205_x_at,PIP5K1A,8394.0
89,211237_s_at,FGFR4,2264.0
90,211250_s_at,SH3BP2,6452.0
91,211212_s_at,ORC5,5001.0
92,211213_at,ORC5,5001.0
93,211166_at,FAM153A,285596.0
94,211240_x_at,CTNND1,1500.0
95,211203_s_at,CNTN1,1272.0
96,211255_x_at,DEDD,9191.0
97,211184_s_at,USH1C,10083.0
98,211221_at,TADA3,10474.0
99,211248_s_at,CHRD,8646.0
100,211196_at,DBT,1629.0
101,211200_s_at,EFCAB2,84288.0
102,211202_s_at,KDM5B,10765.0
103,211185_s_at,SF3B1,23451.0
104,211190_x_at,CD84,8832.0
105,211192_s_at,CD84,8832.0
106,211189_x_at,CD84,8832.0
107,211188_at,CD84,8832.0
108,211191_at,CD84,8832.0
109,211230_s_at,PIK3CD,5293.0
0,211287_x_at,CSF2RA,1438.0
1,211286_x_at,CSF2RA,1438.0
2,211378_x_at,PPIAP22,
3,211365_s_at,PCDHA2,56146.0
4,211276_at,TCEAL2,140597.0
5,211341_at,POU4F1,5457.0
6,211381_x_at,SPAG11A,10407.0
7,211381_x_at,SPAG11A,653423.0
8,211381_x_at,SPAG11A,124906741.0
9,211381_x_at,SPAG11B,10407.0
10,211381_x_at,SPAG11B,653423.0
11,211381_x_at,SPAG11B,124906741.0
12,211362_s_at,SERPINB13,5275.0
13,211361_s_at,SERPINB13,5275.0
14,211349_at,SLC15A1,6564.0
15,211306_s_at,FCAR,2204.0
16,211273_s_at,TBX1,6899.0
17,211274_at,TBX1,6899.0
18,211312_s_at,CCN4,8840.0
19,211336_x_at,LILRB1,10859.0
20,211378_x_at,PPIAP31,
21,211380_s_at,PRKG1,5592.0
22,211359_s_at,OPRM1,4988.0
23,211338_at,IFNA2,3440.0
24,211363_s_at,,
25,211353_at,LRIT1,26103.0
26,211345_x_at,,
27,211269_s_at,IL2RA,3559.0
28,211297_s_at,CDK7,1022.0
29,211343_s_at,COL13A1,1305.0
30,211374_x_at,OXA1L-DT,105370404.0
31,211307_s_at,FCAR,2204.0
32,211364_at,CDKN2B-AS1,100048912.0
33,211323_s_at,ITPR1,3708.0
34,211277_x_at,APP,351.0
35,211325_x_at,DSTNP2,
36,211303_x_at,FOLH1B,
37,211325_x_at,,171220.0
38,211331_x_at,HFE,3077.0
39,211327_x_at,HFE,3077.0
40,211332_x_at,HFE,3077.0
41,211329_x_at,HFE,3077.0
42,211328_x_at,HFE,3077.0
43,211326_x_at,HFE,3077.0
44,211330_s_at,HFE,3077.0
45,211325_x_at,RPL13P5,
46,211360_s_at,ITPR2,3709.0
47,211352_s_at,NCOA3,8202.0
48,211355_x_at,LEPR,3953.0
49,211356_x_at,LEPR,3953.0
50,211354_s_at,LEPR,3953.0
51,211342_x_at,MED12,9968.0
52,211289_x_at,,
53,211373_s_at,,
54,211357_s_at,ALDOB,229.0
55,211303_x_at,,219595.0
56,211382_s_at,TACC2,10579.0
57,211363_s_at,MTAP,4507.0
58,211295_x_at,CYP2A6,1548.0
59,211318_s_at,RAE1,8480.0
60,211339_s_at,ITK,3702.0
61,211378_x_at,PPIAP29,
62,211378_x_at,,105374981.0
63,211350_s_at,KIF25-AS1,100505879.0
64,211351_at,KIF25-AS1,100505879.0
65,211322_s_at,SARDH,1757.0
66,211270_x_at,PTBP1,5725.0
67,211271_x_at,PTBP1,5725.0
68,211325_x_at,,
69,211345_x_at,MIR3654,100500804.0
70,211297_s_at,CDK7P1,
71,211384_s_at,CASR,846.0
72,211348_s_at,CDC14B,8555.0
73,211347_at,CDC14B,8555.0
74,211302_s_at,PDE4B,5142.0
75,211272_s_at,DGKA,1606.0
76,211280_s_at,RNA5SP244,
77,211368_s_at,CASP1,834.0
78,211366_x_at,CASP1,834.0
79,211367_s_at,CASP1,834.0
80,211315_s_at,CACNA1G,8913.0
81,211314_at,CACNA1G,8913.0
82,211298_s_at,ALB,213.0
83,211378_x_at,PPIA,5478.0
84,211370_s_at,MAP2K5,5607.0
85,211275_s_at,GYG1,2992.0
86,211376_s_at,NSMCE4A,54780.0
87,211324_s_at,RGPD6,729540.0
88,211333_s_at,FASLG,356.0
89,211334_at,MRE11,4361.0
90,211324_s_at,RGPD8,727851.0
91,211377_x_at,MYCN,4613.0
92,211301_at,KCND3,3752.0
93,211324_s_at,RGPD5,84220.0
94,211324_s_at,RGPD5,727851.0
95,211358_s_at,CIZ1,25792.0
96,211337_s_at,TUBGCP4,27229.0
97,211282_x_at,TNFRSF25,8718.0
98,211383_s_at,WDR37,22884.0
99,211285_s_at,UBE3A,7337.0
100,211284_s_at,GRN,2896.0
101,211289_x_at,CDK11B,984.0
102,211299_s_at,FLOT2,2319.0
103,211303_x_at,FOLH1,2346.0
104,211289_x_at,CDK11A,728642.0
105,211320_s_at,PTPRU,10076.0
106,211300_s_at,TP53,7157.0
107,211316_x_at,CFLAR,8837.0
108,211317_s_at,CFLAR,8837.0
109,211295_x_at,CYP2A7,1549.0
110,211340_s_at,MCAM,4162.0
111,211375_s_at,ILF3,3609.0
112,211345_x_at,EEF1G,1937.0
113,211296_x_at,UBC,7316.0
114,211280_s_at,NRF1,4899.0
115,211345_x_at,CHCHD3,54927.0
116,211310_at,EZH1,2145.0
117,211372_s_at,IL1R2,7850.0
118,211373_s_at,PSEN2,5664.0
0,211462_s_at,TBL1Y,90665.0
1,211460_at,OFD1P6Y,
2,211460_at,OFD1P5Y,
3,211461_at,CSPG4P2Y,
4,211461_at,CSPG4P3Y,
5,211461_at,CSPG4P4Y,
6,211461_at,CSPG4P1Y,114758.0
7,211460_at,TTTY9B,425057.0
8,211460_at,TTTY9A,83864.0
9,211413_s_at,PADI4,23569.0
10,211484_s_at,DSCAM,1826.0
11,211455_at,,
12,211390_at,BRCA2,675.0
13,211430_s_at,IGHGP,
14,211430_s_at,IGHG1,
15,211430_s_at,IGHG2,
16,211487_x_at,RPS17,6218.0
17,211429_s_at,SERPINA1,5265.0
18,211403_x_at,VCX2,51480.0
19,211410_x_at,,553128.0
20,211425_x_at,SSX4,6759.0
21,211425_x_at,SSX4,548313.0
22,211410_x_at,KIR2DL5A,57292.0
23,211491_at,ADRA1A,148.0
24,211492_s_at,ADRA1A,148.0
25,211489_at,ADRA1A,148.0
26,211490_at,ADRA1A,148.0
27,211425_x_at,SSX4B,6759.0
28,211425_x_at,SSX4B,548313.0
29,211448_s_at,RGS6,9628.0
30,211403_x_at,VCX,26609.0
31,211410_x_at,KIR2DL5B,553128.0
32,211438_at,TRHR,7201.0
33,211471_s_at,RAB36,9609.0
34,211425_x_at,SSX6P,
35,211405_x_at,IFNA17,3451.0
36,211487_x_at,,
37,211425_x_at,,
38,211475_s_at,BAG1,573.0
39,211422_at,TRPM3,80036.0
40,211445_x_at,NACA4P,
41,211405_x_at,IFNA10,3446.0
42,211445_x_at,,
43,211486_s_at,KCNQ2,3785.0
44,211479_s_at,HTR2C,3358.0
45,211463_at,ZIC4,84107.0
46,211403_x_at,VCX3A,51481.0
47,211391_s_at,PATZ1,23598.0
48,211392_s_at,PATZ1,23598.0
49,211389_x_at,KIR3DL1,3811.0
50,211451_s_at,KCNJ4,3761.0
51,211427_s_at,,
52,211427_s_at,KCNJ13,3769.0
53,211457_at,GABARAPL3,
54,211464_x_at,CASP6,839.0
55,211456_x_at,MT1HL1,645745.0
56,211426_x_at,GNAQ,2776.0
57,211402_x_at,NR6A1,2649.0
58,211395_x_at,FCGR2C,
59,211396_at,FCGR2C,
60,211421_s_at,RET,5979.0
61,211401_s_at,FGFR2,2263.0
62,211493_x_at,DTNA,1837.0
63,211385_x_at,,
64,211434_s_at,CCRL2,9034.0
65,211431_s_at,TYRO3,7301.0
66,211432_s_at,TYRO3,7301.0
67,211447_s_at,PDE4A,5141.0
68,211458_s_at,GABARAPL1,23710.0
69,211456_x_at,MT1H,4496.0
70,211478_s_at,DPP4,1803.0
71,211442_x_at,CYP3A43,64816.0
72,211441_x_at,CYP3A43,64816.0
73,211440_x_at,CYP3A43,64816.0
74,211480_s_at,SLCO1A2,6579.0
75,211481_at,SLCO1A2,6579.0
76,211488_s_at,ITGB8,3696.0
77,211473_s_at,COL4A6,1288.0
78,211416_x_at,GGTLC1,92086.0
79,211446_at,RGSL1,353299.0
80,211395_x_at,FCGR2B,2213.0
81,211453_s_at,AKT2,208.0
82,211467_s_at,NFIB,4781.0
83,211466_at,NFIB,4781.0
84,211474_s_at,SERPINB6,5269.0
85,211419_s_at,CHN2,1124.0
86,211450_s_at,MSH6,2956.0
87,211449_at,MSH6,2956.0
88,211468_s_at,RECQL5,9400.0
89,211476_at,MYOZ2,51778.0
90,211433_x_at,ATOSB,80256.0
91,211387_x_at,RNGTT,8732.0
92,211465_x_at,FUT6,2528.0
93,211485_s_at,FGF18,8817.0
94,211470_s_at,SULT1C2,6819.0
95,211414_at,GLS,2744.0
96,211385_x_at,SULT1A2,6799.0
97,211423_s_at,SC5D,6309.0
98,211469_s_at,CXCR6,10663.0
99,211404_s_at,APLP2,334.0
100,211444_at,SUMO2,6613.0
101,211452_x_at,LRRFIP1,9208.0
0,211592_s_at,CACNA1C,775.0
1,211592_s_at,CACNA1C,100874369.0
2,211531_x_at,PRB1,5542.0
3,211531_x_at,PRB1,653247.0
4,211541_s_at,DYRK1A,1859.0
5,211526_s_at,RTEL1-TNFRSF6B,
6,211497_x_at,NKX3-1,4824.0
7,211498_s_at,NKX3-1,4824.0
8,211589_at,,
9,211571_s_at,VCAN,1462.0
10,211542_x_at,RPS10P3,
11,211521_s_at,CYTH4,27128.0
12,211549_s_at,HPGD,3248.0
13,211548_s_at,HPGD,3248.0
14,211500_at,MAPK11,5600.0
15,211499_s_at,MAPK11,5600.0
16,211540_s_at,RB1,5925.0
17,211538_s_at,HSPA2,3306.0
18,211558_s_at,,
19,211556_at,MAPRE2,10982.0
20,211520_s_at,GRIA1,2890.0
21,211560_s_at,ALAS2,212.0
22,211530_x_at,HLA-G,3135.0
23,211528_x_at,HLA-G,3135.0
24,211529_x_at,HLA-G,3135.0
25,211583_x_at,NCR3,259197.0
26,211532_x_at,KIR2DS4,3809.0
27,211542_x_at,RPS10-NUDT3,100529239.0
28,211517_s_at,IL5RA,3568.0
29,211516_at,IL5RA,3568.0
30,211527_x_at,VEGFA,7422.0
31,211542_x_at,,
32,211525_s_at,GP5,2814.0
33,211576_s_at,SLC19A1,6573.0
34,211506_s_at,CXCL8,3576.0
35,211496_s_at,PDC,5132.0
36,211522_s_at,GNRHR,2798.0
37,211523_at,GNRHR,2798.0
38,211586_s_at,ATP2B2,491.0
39,211588_s_at,PML,5371.0
40,211587_x_at,CHRNA3,1136.0
41,211594_s_at,MRPL9,65005.0
42,211590_x_at,TBXA2R,6915.0
43,211531_x_at,PRB2,653247.0
44,211505_s_at,STAU1,6780.0
45,211572_s_at,SLC23A2,9962.0
46,211580_s_at,P3R3URF-PIK3R3,110117499.0
47,211507_s_at,MTMR3,8897.0
48,211495_x_at,TNFSF13,8741.0
49,211534_x_at,PTPRN2,5799.0
50,211508_s_at,GH2,2689.0
51,211573_x_at,TGM2,7052.0
52,211495_x_at,TNFSF12-TNFSF13,407977.0
53,211577_s_at,IGF1,3479.0
54,211563_s_at,URI1,8725.0
55,211542_x_at,RPS10,6204.0
56,211578_s_at,,
57,211591_s_at,PDE4A,5141.0
58,211544_s_at,GHRHR,2692.0
59,211545_at,GHRHR,2692.0
60,211526_s_at,RTEL1,51750.0
61,211584_s_at,NPAT,4863.0
62,211536_x_at,MAP3K7,6885.0
63,211537_x_at,MAP3K7,6885.0
64,211569_s_at,HADH,3033.0
65,211550_at,EGFR,1956.0
66,211512_s_at,OGFR,11054.0
67,211513_s_at,OGFR,11054.0
68,211564_s_at,PDLIM4,8572.0
69,211518_s_at,BMP4,652.0
70,211562_s_at,LMOD1,25802.0
71,211510_s_at,CRHR2,1395.0
72,211595_s_at,MRPS11,64963.0
73,211543_s_at,GRK6,2870.0
74,211561_x_at,MAPK14,1432.0
75,211558_s_at,DHPS,1725.0
76,211535_s_at,FGFR1,2260.0
77,211581_x_at,LST1,7940.0
78,211582_x_at,LST1,7940.0
79,211559_s_at,CCNG2,901.0
80,211570_s_at,RAPSN,5913.0
81,211593_s_at,MAST2,23139.0
82,211519_s_at,KIF2C,11004.0
83,211575_s_at,UBE3A,7337.0
84,211494_s_at,SLC4A4,8671.0
85,211504_x_at,ROCK2,9475.0
86,211553_x_at,APAF1,317.0
87,211554_s_at,APAF1,317.0
88,211546_x_at,SNCA,6622.0
89,211503_s_at,RAB14,51552.0
90,211555_s_at,GUCY1B1,2983.0
91,211502_s_at,CDK14,5218.0
92,211509_s_at,RTN4,57142.0
93,211557_x_at,SLCO2B1,11309.0
94,211578_s_at,RPS6KB1,6198.0
95,211501_s_at,EIF3B,8662.0
96,211547_s_at,PAFAH1B1,5048.0
97,211580_s_at,PIK3R3,8503.0
98,211515_s_at,DSTYK,25778.0
99,211514_at,DSTYK,25778.0
100,211566_x_at,BABAM2,9577.0
101,211574_s_at,CD46,4179.0
102,211552_s_at,ALDH4A1,8659.0
0,211600_at,MT-ND5,4540.0
1,211614_at,,
2,211623_s_at,FBL,2091.0
3,211645_x_at,IGKV1-17,
4,211644_x_at,IGKV3-20,
5,211639_x_at,IGHV4-34,
6,211637_x_at,IGHV4-59,
7,211634_x_at,IGHV1-69D,
8,211635_x_at,IGHV1-69D,
9,211642_at,IGHV3-73,
10,211637_x_at,IGHV4-61,
11,211634_x_at,IGHV1-69,
12,211635_x_at,IGHV1-69,
13,211650_x_at,IGHV3-23,
14,211620_x_at,RUNX1,861.0
15,211620_x_at,RUNX1,100506403.0
16,211687_x_at,KIR3DL1,3811.0
17,211688_x_at,,
18,211688_x_at,KIR3DL2,3812.0
19,211670_x_at,SSX3,10214.0
20,211674_x_at,CTAG1A,246100.0
21,211698_at,EID1,23741.0
22,211685_s_at,NCALD,83988.0
23,211674_x_at,CTAG1B,1485.0
24,211674_x_at,CTAG2,30848.0
25,211682_x_at,UGT2B11,10720.0
26,211684_s_at,DYNC1I2P1,
27,211628_x_at,FTH1P5,
28,211684_s_at,DYNC1I2,1781.0
29,211616_s_at,HTR2A,3356.0
30,211659_at,GPR135,64582.0
31,211611_s_at,,
32,211622_s_at,,
33,211600_at,MTND5P11,
34,211682_x_at,UGT2B28,54490.0
35,211682_x_at,UGT2B25P,
36,211682_x_at,UGT2B24P,
37,211694_at,TSSK1B,83942.0
38,211672_s_at,ARPC4-TTLL3,100526693.0
39,211626_x_at,ERG,2078.0
40,211611_s_at,TNXB,7148.0
41,211619_s_at,ALPP,250.0
42,211619_s_at,ALPG,251.0
43,211618_s_at,ALPI,248.0
44,211656_x_at,HLA-DQB1,3119.0
45,211611_s_at,ATF6B,1388.0
46,211689_s_at,TMPRSS2,7113.0
47,211689_s_at,TMPRSS2,124905021.0
48,211625_s_at,DRD3,1814.0
49,211602_s_at,TRPC1,7220.0
50,211631_x_at,B4GALT1,2683.0
51,211645_x_at,IGKV1D-17,
52,211617_at,ALDOAP2,
53,211662_s_at,VDAC2P5,
54,211610_at,KLF6,1316.0
55,211608_at,TRBV10-2,
56,211695_x_at,MUC1,4582.0
57,211696_x_at,HBB,3043.0
58,211678_s_at,RNF114,55905.0
59,211692_s_at,BBC3,27113.0
60,211624_s_at,DRD2,1813.0
61,211660_at,POU2F2,5452.0
62,211668_s_at,PLAU,5328.0
63,211630_s_at,GSS,2937.0
64,211679_x_at,GABBR2,9568.0
65,211697_x_at,PNO1,56902.0
66,211699_x_at,HBA2,3040.0
67,211699_x_at,HBA1,3039.0
68,211657_at,CEACAM6,4680.0
69,211607_x_at,EGFR,1956.0
70,211613_s_at,GPD2,2820.0
71,211686_s_at,MAK16,84549.0
72,211652_s_at,LBP,3929.0
73,211612_s_at,IL13RA1,3597.0
74,211666_x_at,RPL3,6122.0
75,211665_s_at,SOS2,6655.0
76,211604_x_at,HAP1,9001.0
77,211651_s_at,LAMB1,3912.0
78,211603_s_at,ETV4,2118.0
79,211654_x_at,HLA-DQB1,3119.0
80,211622_s_at,ARF3,377.0
81,211676_s_at,IFNGR1,3459.0
82,211662_s_at,VDAC2,7417.0
83,211597_s_at,HOPX,84525.0
84,211653_x_at,AKR1C2,1646.0
85,211599_x_at,MET,4233.0
86,211673_s_at,MOCS1,4337.0
87,211681_s_at,PDLIM5,10611.0
88,211680_at,PDLIM5,10611.0
89,211671_s_at,NR3C1,2908.0
90,211605_s_at,RARA,5914.0
91,211653_x_at,AKR1C1,1645.0
92,211672_s_at,ARPC4,10093.0
93,211598_x_at,VIPR2,7434.0
94,211675_s_at,MDFIC,29969.0
95,211596_s_at,LRIG1,26018.0
96,211615_s_at,LRPPRC,10128.0
97,211609_x_at,PSMD4,5710.0
98,211661_x_at,PTAFR,5724.0
99,211677_x_at,CADM3,57863.0
0,211789_s_at,MLXIP,22877.0
1,211765_x_at,PPIAP22,
2,211711_s_at,PTEN,5728.0
3,211742_s_at,EVI2B,2124.0
4,211766_s_at,PNLIPRP2,5408.0
5,211734_s_at,FCER1A,2205.0
6,211779_x_at,AP2A2,161.0
7,211778_s_at,OVOL2,58495.0
8,211731_x_at,SSX3,10214.0
9,211765_x_at,PPIAP31,
10,211748_x_at,,
11,211767_at,GINS4,84296.0
12,211753_s_at,RLN1,6013.0
13,211754_s_at,SLC25A17,10478.0
14,211719_x_at,,
15,211715_s_at,BDH1,622.0
16,211720_x_at,RPLP0P9,
17,211721_s_at,ZNF551,90233.0
18,211711_s_at,PTENP1,
19,211711_s_at,PTENP1,11191.0
20,211788_s_at,TREX2,11219.0
21,211743_s_at,,
22,211714_x_at,TUBB,203068.0
23,211804_s_at,CDK2,1017.0
24,211741_x_at,PSG3,5671.0
25,211790_s_at,,
26,211790_s_at,KMT2D,8085.0
27,211704_s_at,SPIN2A,54466.0
28,211725_s_at,BID,637.0
29,211772_x_at,CHRNA3,1136.0
30,211796_s_at,TRBC1,
31,211709_s_at,CLEC11A,6320.0
32,211738_x_at,,
33,211738_x_at,CELA3A,10136.0
34,211796_s_at,TRBC2,
35,211765_x_at,PPIAP29,
36,211765_x_at,,105374981.0
37,211746_x_at,,
38,211764_s_at,UBE2D1,7321.0
39,211775_x_at,,
40,211708_s_at,SCD,6319.0
41,211783_s_at,MTA1,9112.0
42,211787_s_at,SENP3-EIF4A1,
43,211787_s_at,,
44,211787_s_at,SNORA67,26781.0
45,211784_s_at,,
46,211784_s_at,SRSF1,6426.0
47,211795_s_at,FYB1,2533.0
48,211794_at,FYB1,2533.0
49,211762_s_at,KPNA2P3,
50,211782_at,IDS,3423.0
51,211743_s_at,PRG2,5553.0
52,211713_x_at,PCLAF,9768.0
53,211704_s_at,SPIN2B,474343.0
54,211749_s_at,VAMP3,9341.0
55,211763_s_at,UBE2B,7320.0
56,211739_x_at,CSH2,1443.0
57,211739_x_at,CSH1,1442.0
58,211739_x_at,CSH1,1444.0
59,211711_s_at,,
60,211791_s_at,KCNAB2,8514.0
61,211802_x_at,CACNA1G,8913.0
62,211776_s_at,EPB41L3,23136.0
63,211710_x_at,RPL4,6124.0
64,211722_s_at,HDAC6,10013.0
65,211728_s_at,HYAL3,8372.0
66,211752_s_at,NDUFS7,374291.0
67,211759_x_at,TBCB,1155.0
68,211771_s_at,POU2F2,5452.0
69,211773_s_at,ZKSCAN3,80317.0
70,211720_x_at,RPLP0P6,
71,211735_x_at,SFTPC,6440.0
72,211745_x_at,HBA2,3040.0
73,211750_x_at,TUBA1C,84790.0
74,211745_x_at,HBA1,3039.0
75,211730_s_at,POLR2L,5441.0
76,211751_at,,
77,211762_s_at,ARHGAP27P1-BPTFP1-KPNA2P3,109286553.0
78,211732_x_at,HNMT,3176.0
79,211769_x_at,SERINC3,10955.0
80,211765_x_at,PPIA,5478.0
81,211716_x_at,ARHGDIA,396.0
82,211748_x_at,PTGDS,5730.0
83,211792_s_at,CDKN2C,1031.0
84,211747_s_at,LSM5,23658.0
85,211700_s_at,TRO,7216.0
86,211701_s_at,TRO,7216.0
87,211729_x_at,BLVRA,644.0
88,211786_at,TNFRSF9,3604.0
89,211705_s_at,SORBS1,10580.0
90,211737_x_at,PTN,5764.0
91,211702_s_at,USP32,84669.0
92,211744_s_at,CD58,965.0
93,211740_at,ICA1,3382.0
94,211787_s_at,EIF4A1,1973.0
95,211728_s_at,IFRD2,7866.0
96,211706_s_at,CDK19,23097.0
97,211761_s_at,CACYBP,27101.0
98,211717_at,ANKRD40,91369.0
99,211712_s_at,ANXA9,8416.0
100,211774_s_at,MMACHC,25974.0
101,211726_s_at,FMO2,2327.0
102,211756_at,PTHLH,5744.0
103,211768_at,LAT2,7462.0
104,211746_x_at,PSMA1,5682.0
105,211724_x_at,MIOS,54468.0
106,211800_s_at,USP4,7375.0
107,211707_s_at,IQCB1,9657.0
108,211720_x_at,RPLP0,6175.0
109,211793_s_at,ABI2,10152.0
110,211727_s_at,COX11,1353.0
111,211762_s_at,KPNA2,3838.0
112,211801_x_at,MFN1,55669.0
113,211758_x_at,TXNDC9,10190.0
114,211719_x_at,FN1,2335.0
115,211733_x_at,SCP2,6342.0
116,211755_s_at,ATP5PB,515.0
117,211780_x_at,DCTN1,1639.0
118,211703_s_at,TM2D1,83941.0
119,211760_s_at,VAMP4,8674.0
0,211874_s_at,KAT6B,23522.0
1,211870_s_at,PCDHA3,56145.0
2,211838_x_at,PCDHA4,56144.0
3,211838_x_at,PCDHA5,56143.0
4,211811_s_at,PCDHA6,56142.0
5,211867_s_at,PCDHA9,9752.0
6,211867_s_at,PCDHA10,56139.0
7,211906_s_at,SERPINB4,6318.0
8,211830_s_at,CACNA1I,8911.0
9,211897_s_at,CRHR1,1394.0
10,211897_s_at,CRHR1,104909134.0
11,211855_s_at,SLC25A14,9016.0
12,211902_x_at,TRAC,
13,211858_x_at,GNAS,2778.0
14,211871_x_at,GNB5,10681.0
15,211818_s_at,,5143.0
16,211837_s_at,PTCRA,171558.0
17,211876_x_at,PCDHGA1,56114.0
18,211880_x_at,PCDHGA1,56114.0
19,211879_x_at,PCDHGA2,56113.0
20,211876_x_at,PCDHGA2,56113.0
21,211879_x_at,PCDHGA3,56112.0
22,211876_x_at,PCDHGA3,56112.0
23,211876_x_at,PCDHGB1,56104.0
24,211876_x_at,PCDHGA4,56111.0
25,211876_x_at,PCDHGB2,56103.0
26,211876_x_at,PCDHGA5,56110.0
27,211876_x_at,PCDHGB3,56102.0
28,211876_x_at,PCDHGA6,56109.0
29,211876_x_at,PCDHGA7,56108.0
30,211876_x_at,PCDHGB4,8641.0
31,211876_x_at,PCDHGA8,9708.0
32,211873_s_at,PCDHGA9,56107.0
33,211876_x_at,PCDHGA9,56107.0
34,211875_x_at,PCDHGA10,56106.0
35,211876_x_at,PCDHGA10,56106.0
36,211876_x_at,PCDHGB7,56099.0
37,211877_s_at,PCDHGA11,56105.0
38,211876_x_at,PCDHGA11,56105.0
39,211876_x_at,PCDHGA12,26025.0
40,211876_x_at,PCDHGC3,5098.0
41,211876_x_at,PCDHGC4,56098.0
42,211876_x_at,PCDHGC5,56097.0
43,211807_x_at,PCDHGB5,56101.0
44,211876_x_at,PCDHGB5,56101.0
45,211876_x_at,PCDHGB6,56100.0
46,211821_x_at,GYPA,2993.0
47,211820_x_at,GYPA,2993.0
48,211806_s_at,KCNJ15,3772.0
49,211821_x_at,,
50,211820_x_at,,
51,211890_x_at,,
52,211890_x_at,CAPN3,825.0
53,211892_s_at,PTGIS,5740.0
54,211809_x_at,COL13A1,1305.0
55,211836_s_at,MOG,4340.0
56,211816_x_at,FCAR,2204.0
57,211840_s_at,PDE4D,5144.0
58,211818_s_at,PDE4C,5143.0
59,211852_s_at,ATRN,8455.0
60,211834_s_at,TP63,8626.0
61,211845_at,NECTIN1,5818.0
62,211846_s_at,NECTIN1,5818.0
63,211866_x_at,HFE,3077.0
64,211863_x_at,HFE,3077.0
65,211887_x_at,MSR1,4481.0
66,211833_s_at,BAX,581.0
67,211911_x_at,HLA-B,3106.0
68,211844_s_at,NRP2,8828.0
69,211907_s_at,PARD6B,84612.0
70,211891_s_at,SMIM39,113523639.0
71,211843_x_at,CYP3A7,1551.0
72,211808_s_at,CREBBP,1387.0
73,211856_x_at,CD28,940.0
74,211861_x_at,CD28,940.0
75,211826_s_at,AFF1,4299.0
76,211842_s_at,SLC24A1,9187.0
77,211843_x_at,CYP3A7-CYP3A51P,100861540.0
78,211899_s_at,TRAF4,9618.0
79,211900_x_at,CD6,923.0
80,211893_x_at,CD6,923.0
81,211822_s_at,NLRP1,22861.0
82,211824_x_at,NLRP1,22861.0
83,211894_x_at,SEZ6L,23544.0
84,211864_s_at,MYOF,26509.0
85,211883_x_at,CEACAM1,634.0
86,211889_x_at,CEACAM1,634.0
87,211814_s_at,CCNE2,9134.0
88,211901_s_at,PDE4A,5141.0
89,211897_s_at,LINC02210-CRHR1,1394.0
90,211897_s_at,LINC02210-CRHR1,104909134.0
91,211810_s_at,GALC,2581.0
92,211891_s_at,ARHGEF4,50649.0
93,211909_x_at,PTGER3,5733.0
94,211848_s_at,CEACAM7,1087.0
95,211827_s_at,KCND3,3752.0
96,211886_s_at,TBX5,6910.0
97,211865_s_at,FZR1,51343.0
98,211828_s_at,TNIK,23043.0
99,211841_s_at,TNFRSF25,8718.0
100,211832_s_at,MDM2,4193.0
101,211904_x_at,RAD52,5893.0
102,211851_x_at,BRCA1,672.0
103,211849_s_at,RNGTT,8732.0
104,211882_x_at,FUT6,2528.0
105,211885_x_at,FUT6,2528.0
106,211905_s_at,ITGB4,3691.0
107,211872_s_at,RGS11,8786.0
108,211862_x_at,CFLAR,8837.0
109,211817_s_at,KCNJ5,3762.0
110,211815_s_at,GGA3,23163.0
111,211805_s_at,SLC8A1,6546.0
112,211884_s_at,CIITA,4261.0
113,211831_s_at,THPO,7066.0
114,211825_s_at,FLI1,2313.0
115,211823_s_at,PXN,5829.0
116,211829_s_at,GPER1,2852.0
117,211813_x_at,DCN,1634.0
118,211896_s_at,DCN,1634.0
119,211898_s_at,EPHB1,2047.0
120,211888_x_at,CASP10,843.0
121,211839_s_at,CSF1,1435.0
122,211903_s_at,MPL,4352.0
0,212003_at,SZRD1,26099.0
1,212004_at,SZRD1,26099.0
2,212002_at,SZRD1,26099.0
3,212005_at,SZRD1,26099.0
4,211970_x_at,ACTG1,71.0
5,211995_x_at,ACTG1,71.0
6,211983_x_at,ACTG1,71.0
7,211915_s_at,TUBB7P,
8,211978_x_at,PPIAP22,
9,211942_x_at,RPL13AP25,
10,211942_x_at,RPL13AP7,
11,211942_x_at,,
12,211996_s_at,,23117.0
13,211996_s_at,NPIPB5,100132247.0
14,211996_s_at,NPIPB4,440345.0
15,211996_s_at,NPIPB11,728888.0
16,211996_s_at,NPIPB11,128966723.0
17,211931_s_at,HNRNPA3P5,
18,211921_x_at,PTMAP5,
19,211921_x_at,,
20,211942_x_at,RPL13AP22,
21,211925_s_at,PLCB1,23236.0
22,211964_at,COL4A2,1284.0
23,211966_at,COL4A2,1284.0
24,211937_at,EIF4BP7,
25,211931_s_at,HNRNPA3P3,
26,211940_x_at,H3P47,
27,211954_s_at,IPO5,3843.0
28,211953_s_at,IPO5,3843.0
29,211955_at,IPO5,3843.0
30,211952_at,IPO5,3843.0
31,211943_x_at,TPT1,7178.0
32,211978_x_at,PPIAP31,
33,211937_at,EIF4BP3,
34,211921_x_at,PTMAP2,
35,211940_x_at,H3P16,
36,211942_x_at,SNORD32A,26819.0
37,211942_x_at,SNORD33,26818.0
38,211942_x_at,RPL13AP6,644511.0
39,211986_at,AHNAK,79026.0
40,211939_x_at,BTF3,689.0
41,211927_x_at,,
42,211933_s_at,HNRNPA3P1,
43,211931_s_at,HNRNPA3P1,
44,211962_s_at,ZFP36L1,677.0
45,211965_at,ZFP36L1,677.0
46,211991_s_at,HLA-DPA1,3113.0
47,211990_at,HLA-DPA1,3113.0
48,211973_at,RPS10-NUDT3,100529239.0
49,211980_at,COL4A1,1282.0
50,211981_at,COL4A1,1282.0
51,211920_at,CFB,629.0
52,211931_s_at,HNRNPA3P10,
53,211940_x_at,H3P6,
54,211918_x_at,PAPPA2,60676.0
55,211942_x_at,RPL13AP5,
56,211940_x_at,NEUROG2-AS1,105377372.0
57,211940_x_at,NEUROG2-AS1,124900760.0
58,211928_at,DYNC1H1,1778.0
59,211919_s_at,CXCR4,7852.0
60,211968_s_at,HSP90AA1,3320.0
61,211969_at,HSP90AA1,3320.0
62,211917_s_at,PRLR,5618.0
63,211978_x_at,PPIAP29,
64,211978_x_at,,105374981.0
65,211927_x_at,MIR3654,100500804.0
66,211947_s_at,PRRC2C,23215.0
67,211944_at,PRRC2C,23215.0
68,211946_s_at,PRRC2C,23215.0
69,211948_x_at,PRRC2C,23215.0
70,211936_at,HSPA5,3309.0
71,211926_s_at,MYH9,4627.0
72,211937_at,EIF4BP6,
73,211950_at,,
74,211950_at,UBR4,23352.0
75,211963_s_at,ARPC5,10092.0
76,211996_s_at,NPIPB3,23117.0
77,211979_at,GPR107,57720.0
78,211977_at,GPR107,57720.0
79,211973_at,NUDT3,11165.0
80,211976_at,NUDT3,11165.0
81,211972_x_at,RPLP0P6,
82,212013_at,PXDN,7837.0
83,212012_at,PXDN,7837.0
84,211992_at,WNK1,65125.0
85,211994_at,WNK1,65125.0
86,211993_at,WNK1,65125.0
87,211934_x_at,GANAB,23193.0
88,211989_at,,
89,211988_at,,
90,212009_s_at,STIP1,10963.0
91,211935_at,ARL6IP1,23204.0
92,211914_x_at,NF1,4763.0
93,211978_x_at,PPIA,5478.0
94,211949_s_at,NOLC1,9221.0
95,211951_at,NOLC1,9221.0
96,211996_s_at,NPIPB13,613037.0
97,211941_s_at,PEBP1,5037.0
98,211996_s_at,NPIPB12,440353.0
99,211924_s_at,PLAUR,5329.0
100,212010_s_at,CDV3,55573.0
101,211975_at,ARFGAP2,84364.0
102,211921_x_at,PTMA,5757.0
103,211956_s_at,EIF1,10209.0
104,212001_at,SUGP2,10147.0
105,212000_at,SUGP2,10147.0
106,212007_at,UBXN4,23190.0
107,212008_at,UBXN4,23190.0
108,212006_at,UBXN4,23190.0
109,211985_s_at,CALM1,801.0
110,211984_at,CALM1,801.0
111,211974_x_at,RBPJ,3516.0
112,211942_x_at,RPL13A,23521.0
113,211923_s_at,ZNF471,57573.0
114,211998_at,H3-3B,3021.0
115,211999_at,H3-3B,3021.0
116,211997_x_at,H3-3B,3021.0
117,211982_x_at,XPO6,23214.0
118,211932_at,HNRNPA3,220988.0
119,211933_s_at,HNRNPA3,220988.0
120,211929_at,HNRNPA3,220988.0
121,211931_s_at,HNRNPA3,220988.0
122,211930_at,HNRNPA3,220988.0
123,211922_s_at,CAT,847.0
124,211945_s_at,ITGB1,3688.0
125,211989_at,SMARCE1,6605.0
126,211988_at,SMARCE1,6605.0
127,211987_at,TOP2B,7155.0
128,211937_at,EIF4B,1975.0
129,211938_at,EIF4B,1975.0
130,211927_x_at,EEF1G,1937.0
131,211916_s_at,MYO1A,4640.0
132,211913_s_at,MERTK,10461.0
133,211972_x_at,RPLP0,6175.0
134,211960_s_at,RAB7A,7879.0
135,211961_s_at,RAB7A,7879.0
136,212014_x_at,CD44,960.0
137,211967_at,TMEM123,114908.0
138,211927_x_at,CHCHD3,54927.0
139,211959_at,IGFBP5,3488.0
140,211958_at,IGFBP5,3488.0
141,211971_s_at,LRPPRC,10128.0
142,211940_x_at,H3-3A,3020.0
0,212085_at,SLC25A6,293.0
1,212067_s_at,C1R,715.0
2,212052_s_at,TBC1D9B,23061.0
3,212054_x_at,TBC1D9B,23061.0
4,212024_x_at,FLII,2314.0
5,212025_s_at,FLII,2314.0
6,212091_s_at,COL6A1,1291.0
7,212039_x_at,SNORD83B,116938.0
8,212100_s_at,,
9,212053_at,PDXDC1,23042.0
10,212055_at,TPGS2,25941.0
11,212042_x_at,RPL7P1,
12,212040_at,TGOLN2,10618.0
13,212043_at,TGOLN2,10618.0
14,212075_s_at,CSNK2A3,283106.0
15,212069_s_at,PRRC2B,84726.0
16,212068_s_at,PRRC2B,84726.0
17,212062_at,ATP9A,10079.0
18,212042_x_at,RPL7P23,
19,212104_s_at,RBFOX2,23543.0
20,212039_x_at,RPL3P4,
21,212039_x_at,,
22,212066_s_at,USP34,9736.0
23,212065_s_at,USP34,9736.0
24,212032_s_at,PTOV1,53635.0
25,212081_x_at,PRRC2A,7916.0
26,212078_s_at,,
27,212079_s_at,,
28,212042_x_at,RPL7P6,
29,212099_at,RHOB,388.0
30,212090_at,GRINA,2907.0
31,212042_x_at,RPL7,6129.0
32,212029_s_at,,
33,212114_at,ATXN7L3B,552889.0
34,212113_at,ATXN7L3B,552889.0
35,212042_x_at,RPL7P9,
36,212037_at,PNN,5411.0
37,212036_s_at,PNN,5411.0
38,212102_s_at,,
39,212101_at,KPNA6,23633.0
40,212103_at,KPNA6,23633.0
41,212102_s_at,KPNA6,23633.0
42,212084_at,TEX261,113419.0
43,212083_at,TEX261,113419.0
44,212015_x_at,PTBP1,5725.0
45,212016_s_at,PTBP1,5725.0
46,212094_at,PEG10,23089.0
47,212092_at,PEG10,23089.0
48,212073_at,CSNK2A1,1457.0
49,212072_s_at,CSNK2A1,1457.0
50,212075_s_at,CSNK2A1,1457.0
51,212042_x_at,RPL7P47,
52,212022_s_at,MKI67,4288.0
53,212020_s_at,MKI67,4288.0
54,212023_s_at,MKI67,4288.0
55,212021_s_at,MKI67,4288.0
56,212110_at,SLC39A14,23516.0
57,212100_s_at,POLDIP3,84271.0
58,212027_at,RBM25,58517.0
59,212028_at,RBM25,58517.0
60,212030_at,RBM25,58517.0
61,212031_at,RBM25,58517.0
62,212033_at,RBM25,58517.0
63,212064_x_at,MAZ,4150.0
64,212106_at,FAF2,23197.0
65,212108_at,FAF2,23197.0
66,212078_s_at,KMT2A,4297.0
67,212076_at,KMT2A,4297.0
68,212080_at,KMT2A,4297.0
69,212079_s_at,KMT2A,4297.0
70,212098_at,MGAT5,4249.0
71,212057_at,GSE1,23199.0
72,212056_at,GSE1,23199.0
73,212060_at,U2SURP,23350.0
74,212058_at,U2SURP,23350.0
75,212061_at,U2SURP,23350.0
76,212059_s_at,TRPC4AP,26133.0
77,212109_at,JPT2,90861.0
78,212039_x_at,RPL3,6122.0
79,212097_at,CAV1,857.0
80,212082_s_at,MYL6B,140465.0
81,212096_s_at,MTUS1,57509.0
82,212093_s_at,MTUS1,57509.0
83,212095_s_at,MTUS1,57509.0
84,212045_at,GLG1,2734.0
85,212071_s_at,SPTBN1,6711.0
86,212047_s_at,RNF167,26001.0
87,212018_s_at,RSL1D1,26156.0
88,212019_at,RSL1D1,26156.0
89,212088_at,PMPCA,23203.0
90,212038_s_at,VDAC1,7416.0
91,212034_s_at,EXOC7,23265.0
92,212035_s_at,EXOC7,23265.0
93,212026_s_at,EXOC7,23265.0
94,212041_at,ATP6V0D1,9114.0
95,212082_s_at,MYL6,4637.0
96,212051_at,WIPF2,147179.0
97,212050_at,WIPF2,147179.0
98,212049_at,WIPF2,147179.0
99,212046_x_at,MAPK3,5595.0
100,212017_at,FAM168B,130074.0
101,212070_at,ADGRG1,9289.0
102,212063_at,CD44,960.0
103,212105_s_at,DHX9,1660.0
104,212107_s_at,DHX9,1660.0
105,212077_at,CALD1,800.0
106,212087_s_at,ERAL1,26284.0
107,212048_s_at,YARS1,8565.0
108,212112_s_at,STX12,23673.0
109,212111_at,STX12,23673.0
110,212086_x_at,LMNA,4000.0
111,212089_at,LMNA,4000.0
0,212155_at,RNF187,149603.0
1,212192_at,KCTD12,115207.0
2,212188_at,KCTD12,115207.0
3,212159_x_at,AP2A2,161.0
4,212161_at,AP2A2,161.0
5,212186_at,ACACA,31.0
6,212132_at,LSM14A,26065.0
7,212131_at,LSM14A,26065.0
8,212187_x_at,,
9,212167_s_at,SMARCB1,6598.0
10,212180_at,CRKL,1399.0
11,212117_at,RHOQP1,
12,212207_at,MED13L,23389.0
13,212208_at,MED13L,23389.0
14,212209_at,MED13L,23389.0
15,212126_at,MIR3198-2,100616400.0
16,212116_at,TRIM27,5987.0
17,212118_at,TRIM27,5987.0
18,212168_at,RBM12,10137.0
19,212170_at,RBM12,10137.0
20,212171_x_at,VEGFA,7422.0
21,212119_at,RHOQP3,
22,212117_at,RHOQP3,
23,212200_at,ANKLE2,23141.0
24,212201_at,ANKLE2,23141.0
25,212211_at,ANKRD17,26057.0
26,212149_at,EFR3A,23167.0
27,212150_at,EFR3A,23167.0
28,212191_x_at,RPL13P12,
29,212166_at,XPO7,23039.0
30,212157_at,SDC2,6383.0
31,212158_at,SDC2,6383.0
32,212154_at,SDC2,6383.0
33,212165_at,TMEM183BP,
34,212178_s_at,POM121B,
35,212199_at,MRFAP1L1,114932.0
36,212142_at,MCM4,4173.0
37,212141_at,MCM4,4173.0
38,212191_x_at,SNORD68,
39,212181_s_at,NUDT4B,440672.0
40,212144_at,SUN2,25777.0
41,212175_s_at,,
42,212151_at,PBX1,5087.0
43,212148_at,PBX1,5087.0
44,212160_at,,
45,212153_at,POGZ,23126.0
46,212139_at,GCN1,10985.0
47,212184_s_at,TAB2,23118.0
48,212198_s_at,TM9SF4,9777.0
49,212194_s_at,TM9SF4,9777.0
50,212203_x_at,IFITM3,10410.0
51,212169_at,,
52,212127_at,RANGAP1,5905.0
53,212125_at,RANGAP1,5905.0
54,212126_at,CBX5,23468.0
55,212178_s_at,POM121,9883.0
56,212143_s_at,IGFBP3,3486.0
57,212178_s_at,POM121C,100101267.0
58,212152_x_at,ARID1A,8289.0
59,212185_x_at,MT2A,4502.0
60,212115_at,JPT2,90861.0
61,212204_at,TMEM87A,25963.0
62,212202_s_at,TMEM87A,25963.0
63,212187_x_at,PTGDS,5730.0
64,212176_at,PNISR,25957.0
65,212179_at,PNISR,25957.0
66,212177_at,PNISR,25957.0
67,212145_at,MRPS27,23107.0
68,212182_at,NUDT4,11163.0
69,212181_s_at,NUDT4,11163.0
70,212183_at,NUDT4,11163.0
71,212156_at,VPS39,23339.0
72,212172_at,AK2,204.0
73,212174_at,AK2,204.0
74,212175_s_at,AK2,204.0
75,212173_at,AK2,204.0
76,212193_s_at,LARP1,23367.0
77,212137_at,LARP1,23367.0
78,212123_at,TCTN3,26123.0
79,212121_at,TCTN3,26123.0
80,212124_at,ZMIZ1,57178.0
81,212130_x_at,EIF1,10209.0
82,212120_at,RHOQ,23433.0
83,212119_at,RHOQ,23433.0
84,212117_at,RHOQ,23433.0
85,212122_at,RHOQ,23433.0
86,212210_at,INTS1,26173.0
87,212212_s_at,INTS1,26173.0
88,212197_x_at,MPRIP,23164.0
89,212189_s_at,COG4,25839.0
90,212196_at,IL6ST,3572.0
91,212195_at,IL6ST,3572.0
92,212138_at,PDS5A,23244.0
93,212140_at,PDS5A,23244.0
94,212136_at,ATP2B4,493.0
95,212135_s_at,ATP2B4,493.0
96,212191_x_at,RPL13,6137.0
97,212205_at,H2AZ2,94239.0
98,212206_s_at,H2AZ2,94239.0
99,212160_at,XPOT,11260.0
100,212128_s_at,DAG1,1605.0
101,212134_at,PHLDB1,23187.0
102,212169_at,FKBP9,11328.0
103,212213_x_at,OPA1,4976.0
104,212214_at,OPA1,4976.0
105,212190_at,SERPINE2,5270.0
106,212162_at,KIDINS220,57498.0
107,212163_at,KIDINS220,57498.0
108,212147_at,SMG5,23381.0
109,212146_at,PLEKHM2,23207.0
110,212165_at,TMEM183A,92703.0
111,212164_at,TMEM183A,92703.0
0,212269_s_at,MCM3AP,8888.0
1,212232_at,FNBP4,23360.0
2,212284_x_at,SNORA31,677814.0
3,212270_x_at,RPL17-C18orf32,100526842.0
4,212221_x_at,,
5,212223_at,,
6,212273_x_at,GNAS,2778.0
7,212284_x_at,TPT1,7178.0
8,212233_at,MAP1B,4131.0
9,212290_at,SLC7A1,6541.0
10,212292_at,SLC7A1,6541.0
11,212295_s_at,SLC7A1,6541.0
12,212270_x_at,RPL17P39,
13,212241_at,POLR2M,81488.0
14,212243_at,POLR2M,81488.0
15,212244_at,POLR2M,81488.0
16,212241_at,POLR2MP1,
17,212234_at,ASXL1,171023.0
18,212238_at,ASXL1,171023.0
19,212237_at,ASXL1,171023.0
20,212303_x_at,KHSRP,8570.0
21,212241_at,GCOM1,145781.0
22,212243_at,GCOM1,145781.0
23,212254_s_at,DST,667.0
24,212253_x_at,DST,667.0
25,212312_at,BCL2L1,598.0
26,212307_s_at,OGT,8473.0
27,212226_s_at,,
28,212270_x_at,RPL17P6,
29,212270_x_at,RPL17P18,
30,212270_x_at,RPL17P7,
31,212260_at,SNORC,389084.0
32,212289_at,ANKRD12,23253.0
33,212286_at,ANKRD12,23253.0
34,212270_x_at,RPL17,6139.0
35,212279_at,TMEM97,27346.0
36,212282_at,TMEM97,27346.0
37,212281_s_at,TMEM97,27346.0
38,212228_s_at,,
39,212302_at,RTF1,23168.0
40,212301_at,RTF1,23168.0
41,212221_x_at,IDS,3423.0
42,212223_at,IDS,3423.0
43,212299_at,NEK9,91754.0
44,212235_at,PLXND1,23129.0
45,212275_s_at,,
46,212315_s_at,NUP210,23225.0
47,212288_at,FNBP1,23048.0
48,212271_at,MAPK1,5594.0
49,212242_at,TUBA4A,7277.0
50,212250_at,MTDH,92140.0
51,212251_at,MTDH,92140.0
52,212248_at,MTDH,92140.0
53,212257_s_at,SMARCA2,6595.0
54,212298_at,NRP1,8829.0
55,212285_s_at,AGRN,375790.0
56,212283_at,AGRN,375790.0
57,212247_at,NUP205,23165.0
58,212236_x_at,KRT17,3872.0
59,212275_s_at,SRCAP,10847.0
60,212263_at,QKI,9444.0
61,212265_at,QKI,9444.0
62,212262_at,QKI,9444.0
63,212252_at,CAMKK2,10645.0
64,212306_at,CLASP2,23122.0
65,212308_at,CLASP2,23122.0
66,212309_at,CLASP2,23122.0
67,212313_at,CHMP7,91782.0
68,212268_at,SERPINB1,1992.0
69,212266_s_at,SRSF5,6430.0
70,212287_at,SUZ12,23512.0
71,212231_at,FBXO21,23014.0
72,212229_s_at,FBXO21,23014.0
73,212218_s_at,FASN,2194.0
74,212225_at,EIF1,10209.0
75,212227_x_at,EIF1,10209.0
76,212224_at,ALDH1A1,216.0
77,212255_s_at,ATP2C1,27032.0
78,212278_x_at,UBE3A,7337.0
79,212240_s_at,PIK3R1,5295.0
80,212249_at,PIK3R1,5295.0
81,212239_at,PIK3R1,5295.0
82,212264_s_at,WAPL,23063.0
83,212267_at,WAPL,23063.0
84,212311_at,SEL1L3,23231.0
85,212314_at,SEL1L3,23231.0
86,212293_at,HIPK1,204851.0
87,212291_at,HIPK1,204851.0
88,212256_at,GALNT10,55568.0
89,212228_s_at,COQ9,57017.0
90,212277_at,MTMR4,9110.0
91,212280_x_at,ATG4B,23192.0
92,212297_at,ATP13A3,79572.0
93,212245_at,MCFD2,90411.0
94,212246_at,MCFD2,90411.0
95,212294_at,GNG12,55970.0
96,212215_at,PREPL,9581.0
97,212217_at,PREPL,9581.0
98,212216_at,PREPL,9581.0
99,212260_at,GIGYF2,26058.0
100,212261_at,GIGYF2,26058.0
101,212296_at,PSMD14,10213.0
102,212272_at,LPIN1,23175.0
103,212274_at,LPIN1,23175.0
104,212276_at,LPIN1,23175.0
105,212310_at,MIA3,375056.0
106,212305_s_at,MIA3,375056.0
107,212226_s_at,PLPP3,8613.0
108,212230_at,PLPP3,8613.0
109,212220_at,PSME4,23198.0
110,212222_at,PSME4,23198.0
111,212219_at,PSME4,23198.0
112,212300_at,TXLNA,200081.0
113,212259_s_at,PBXIP1,57326.0
0,212363_x_at,ACTG1,71.0
1,212320_at,TUBBP2,
2,212349_at,MIR1825,100302183.0
3,212337_at,TUG1,55000.0
4,212373_at,FEM1B,10116.0
5,212367_at,FEM1B,10116.0
6,212374_at,FEM1B,10116.0
7,212391_x_at,RPS3AP5,
8,212391_x_at,RPS3AP47,
9,212402_at,ZC3H13,23091.0
10,212359_s_at,ZSWIM8,23053.0
11,212378_at,GART,2618.0
12,212387_at,TCF4,6925.0
13,212385_at,TCF4,6925.0
14,212382_at,TCF4,6925.0
15,212386_at,TCF4,6925.0
16,212391_x_at,RPS3AP6,
17,212391_x_at,RPS3A,6189.0
18,212391_x_at,SNORD73B,114655.0
19,212320_at,TUBB,203068.0
20,212321_at,SGPL1,8879.0
21,212322_at,SGPL1,8879.0
22,212341_at,YIPF6,286451.0
23,212343_at,YIPF6,286451.0
24,212342_at,YIPF6,286451.0
25,212340_at,YIPF6,286451.0
26,212379_at,GART,2618.0
27,212410_at,MICU2,221154.0
28,212326_at,VPS13D,55187.0
29,212323_s_at,VPS13D,55187.0
30,212324_s_at,VPS13D,55187.0
31,212330_at,TFDP1,7027.0
32,212399_s_at,VGLL4,9686.0
33,212369_at,ZNF384,171017.0
34,212336_at,EPB41L1,2036.0
35,212339_at,EPB41L1,2036.0
36,212406_s_at,PCMTD2,55251.0
37,212401_s_at,,
38,212415_at,SEPTIN6,23157.0
39,212414_s_at,SEPTIN6,23157.0
40,212413_at,SEPTIN6,23157.0
41,212368_at,ZNF292,23036.0
42,212366_at,ZNF292,23036.0
43,212352_s_at,TMED10,10972.0
44,212356_at,KHNYN,23351.0
45,212355_at,KHNYN,23351.0
46,212392_s_at,PDE4DIP,9659.0
47,212390_at,PDE4DIP,9659.0
48,212392_s_at,PDE4DIP,124904395.0
49,212390_at,PDE4DIP,124904395.0
50,212358_at,CLIP3,25999.0
51,212349_at,POFUT1,23509.0
52,212347_x_at,MXD4,10608.0
53,212346_s_at,MXD4,10608.0
54,212316_at,NUP210,23225.0
55,212408_at,TOR1AIP1,26092.0
56,212409_s_at,TOR1AIP1,26092.0
57,212333_at,FAM98A,25940.0
58,212392_s_at,PDE4DIPP2,
59,212390_at,PDE4DIPP2,
60,212391_x_at,RPS3AP26,
61,212357_at,FAM168A,23201.0
62,212375_at,EP400,57634.0
63,212376_s_at,EP400,57634.0
64,212390_at,PDE4DIPP1,
65,212390_at,,
66,212393_at,SBF1,6305.0
67,212389_at,SBF1,6305.0
68,212345_s_at,CREB3L2,64764.0
69,212400_at,EEIG1,399665.0
70,212392_s_at,,
71,212392_s_at,,105378944.0
72,212344_at,SULF1,23213.0
73,212354_at,SULF1,23213.0
74,212353_at,SULF1,23213.0
75,212338_at,MYO1D,4642.0
76,212361_s_at,ATP2A2,488.0
77,212362_at,ATP2A2,488.0
78,212380_at,CMTR1,23070.0
79,212360_at,AMPD2,271.0
80,212331_at,RBL2,5934.0
81,212332_at,RBL2,5934.0
82,212377_s_at,NOTCH2,4853.0
83,212351_at,EIF2B5,8893.0
84,212388_at,USP24,23358.0
85,212381_at,USP24,23358.0
86,212405_s_at,METTL13,51603.0
87,212407_at,METTL13,51603.0
88,212350_at,TBC1D1,23216.0
89,212401_s_at,CDK11B,984.0
90,212384_at,DDX39B,7919.0
91,212401_s_at,CDK11A,728642.0
92,212412_at,PDLIM5,10611.0
93,212397_at,RDX,5962.0
94,212398_at,RDX,5962.0
95,212372_at,MYH10,4628.0
96,212404_s_at,UBE3B,89910.0
97,212403_at,UBE3B,89910.0
98,212411_at,IMP4,92856.0
99,212329_at,SCAP,22937.0
100,212318_at,TNPO3,23534.0
101,212317_at,TNPO3,23534.0
102,212334_at,GNS,2799.0
103,212335_at,GNS,2799.0
104,212364_at,MYO1B,4430.0
105,212365_at,MYO1B,4430.0
106,212319_at,SGSM2,9905.0
107,212383_at,ATP6V0A1,535.0
108,212348_s_at,KDM1A,23028.0
109,212394_at,EMC1,23065.0
110,212396_s_at,EMC1,23065.0
111,212395_s_at,EMC1,23065.0
112,212371_at,DESI2,51029.0
0,212452_x_at,KAT6B,23522.0
1,212462_at,KAT6B,23522.0
2,212507_at,TMEM131,23505.0
3,212433_x_at,RPS2,6187.0
4,212433_x_at,SNORA64,26784.0
5,212433_x_at,,
6,212508_at,MOAP1,64112.0
7,212430_at,RBM38,55544.0
8,212437_at,CENPB,1059.0
9,212501_at,CEBPB,1051.0
10,212515_s_at,,
11,212460_at,SPTSSA,171546.0
12,212469_at,NIPBL,25836.0
13,212483_at,NIPBL,25836.0
14,212448_at,NEDD4L,23327.0
15,212445_s_at,NEDD4L,23327.0
16,212499_s_at,FCF1,51077.0
17,212461_at,AZIN1,51582.0
18,212441_at,KIAA0232,9778.0
19,212455_at,YTHDC1,91746.0
20,212467_at,DNAJC13,23317.0
21,212502_at,ADO,84890.0
22,212500_at,ADO,84890.0
23,212457_at,TFE3,7030.0
24,212512_s_at,CARM1,10498.0
25,212421_at,KIAA0930,23313.0
26,212418_at,ELF1,1997.0
27,212420_at,ELF1,1997.0
28,212433_x_at,RPS2P5,
29,212480_at,SPECC1L,23384.0
30,212481_s_at,TPM4P2,
31,212450_at,SECISBP2L,9728.0
32,212451_at,SECISBP2L,9728.0
33,212497_at,,
34,212432_at,GRPEL1,80273.0
35,212434_at,GRPEL1,80273.0
36,212494_at,TNS2,23371.0
37,212481_s_at,,
38,212433_x_at,RPS2P46,
39,212422_at,PDCD11,22984.0
40,212424_at,PDCD11,22984.0
41,212509_s_at,MXRA7,439921.0
42,212503_s_at,DIP2C,22982.0
43,212504_at,DIP2C,22982.0
44,212484_at,FAM89B,23625.0
45,212453_at,KIFBP,26128.0
46,212484_at,ZNRD2,10534.0
47,212419_at,ZCCHC24,219654.0
48,212423_at,ZCCHC24,219654.0
49,212449_s_at,LYPLA1,10434.0
50,212438_at,MXD1,4084.0
51,212488_at,COL5A1,1289.0
52,212489_at,COL5A1,1289.0
53,212505_s_at,MAU2,23383.0
54,212514_x_at,DDX3X,1654.0
55,212515_s_at,DDX3X,1654.0
56,212465_at,SETD3,84193.0
57,212444_at,GPRC5A,9052.0
58,212458_at,SPRED2,200734.0
59,212466_at,SPRED2,200734.0
60,212478_at,RMND5A,64795.0
61,212482_at,RMND5A,64795.0
62,212479_s_at,RMND5A,64795.0
63,212456_at,CLUH,23277.0
64,212487_at,GPATCH8,23131.0
65,212485_at,GPATCH8,23131.0
66,212498_at,MARCHF6,10299.0
67,212447_at,KBTBD2,25948.0
68,212473_s_at,MICAL2,9645.0
69,212472_at,MICAL2,9645.0
70,212491_s_at,DNAJC8,22826.0
71,212490_at,DNAJC8,22826.0
72,212439_at,IP6K1,9807.0
73,212475_at,AVL9,23080.0
74,212471_at,AVL9,23080.0
75,212474_at,AVL9,23080.0
76,212454_x_at,HNRNPDL,9987.0
77,212427_at,ECPAS,23392.0
78,212428_at,ECPAS,23392.0
79,212497_at,MAPK1IP1L,93487.0
80,212496_s_at,KDM4B,23030.0
81,212492_s_at,KDM4B,23030.0
82,212495_at,KDM4B,23030.0
83,212417_at,SCAMP1,9522.0
84,212416_at,SCAMP1,9522.0
85,212425_at,SCAMP1,9522.0
86,212510_at,GPD1L,23171.0
87,212459_x_at,SUCLG2,8801.0
88,212493_s_at,SETD2,29072.0
89,212443_at,NBEAL2,23218.0
90,212468_at,SPAG9,9043.0
91,212470_at,SPAG9,9043.0
92,212481_s_at,TPM4,7171.0
93,212486_s_at,FYN,2534.0
94,212446_s_at,CERS6,253782.0
95,212442_s_at,CERS6,253782.0
96,212431_at,HMGXB3,22993.0
97,212511_at,PICALM,8301.0
98,212506_at,PICALM,8301.0
99,212476_at,ACAP2,23527.0
100,212429_s_at,MPV17,4358.0
101,212463_at,CD59,966.0
102,212429_s_at,GTF3C2,2976.0
103,212440_at,SNRNP27,11017.0
104,212438_at,SNRNP27,11017.0
105,212426_s_at,YWHAQ,10971.0
106,212513_s_at,USP33,23032.0
107,212464_s_at,FN1,2335.0
108,212436_at,TRIM33,51592.0
109,212435_at,TRIM33,51592.0
0,212537_x_at,RPL17-C18orf32,100526842.0
1,212578_x_at,RPS17,6218.0
2,212538_at,DOCK9,23348.0
3,212544_at,ZNHIT3,9326.0
4,212529_at,LSM12P1,
5,212563_at,MIR7112,102465906.0
6,212604_at,MRPS31,10240.0
7,212603_at,MRPS31,10240.0
8,212607_at,AKT3,10000.0
9,212609_s_at,AKT3,10000.0
10,212614_at,ARID5B,84159.0
11,212543_at,CRYBG1,202.0
12,212537_x_at,RPL17P39,
13,212593_s_at,MIR4680,100616113.0
14,212578_x_at,,
15,212545_s_at,ZHX3,23051.0
16,212611_at,DTX4,23220.0
17,212606_at,WDFY3,23001.0
18,212602_at,WDFY3,23001.0
19,212598_at,WDFY3,23001.0
20,212528_at,DESI1,27351.0
21,212527_at,DESI1,27351.0
22,212556_at,SCRIB,23513.0
23,212517_at,ATRN,8455.0
24,212608_s_at,RPS10-NUDT3,100529239.0
25,212605_s_at,RPS10-NUDT3,100529239.0
26,212596_s_at,HMGXB4,10042.0
27,212597_s_at,HMGXB4,10042.0
28,212525_s_at,H2AX,3014.0
29,212537_x_at,RPL17P6,
30,212526_at,SPART,23111.0
31,212537_x_at,RPL17P18,
32,212537_x_at,RPL17P7,
33,212534_at,ZNF24,7572.0
34,212531_at,LCN2,3934.0
35,212612_at,RCOR1,23186.0
36,212577_at,SMCHD1,23347.0
37,212579_at,SMCHD1,23347.0
38,212569_at,SMCHD1,23347.0
39,212537_x_at,RPL17,6139.0
40,212540_at,CDC34,997.0
41,212571_at,CHD8,57680.0
42,212564_at,KCTD2,23510.0
43,212547_at,BRD3,8019.0
44,212548_s_at,FRYL,285527.0
45,212546_s_at,FRYL,285527.0
46,212523_s_at,SPIDR,23514.0
47,212573_at,ENDOD1,23052.0
48,212570_at,ENDOD1,23052.0
49,212599_at,AUTS2,26053.0
50,212615_at,CHD9,80205.0
51,212560_at,SORL1,6653.0
52,212595_s_at,DAZAP2,9802.0
53,212563_at,BOP1,23246.0
54,212519_at,UBE2E1,7324.0
55,212558_at,SPRY1,10252.0
56,212590_at,RRAS2P1,
57,212568_s_at,DLAT,1737.0
58,212608_s_at,NUDT3,11165.0
59,212605_s_at,NUDT3,11165.0
60,212533_at,WEE1,7465.0
61,212557_at,ZNF451,26036.0
62,212584_at,AQR,9716.0
63,212583_at,AQR,9716.0
64,212575_at,TMEM259,91304.0
65,212574_x_at,TMEM259,91304.0
66,212535_at,MEF2A,4205.0
67,212592_at,JCHAIN,3512.0
68,212539_at,,
69,212601_at,ZZEF1,23140.0
70,212576_at,MGRN1,23295.0
71,212532_s_at,LSM12,124801.0
72,212529_at,LSM12,124801.0
73,212551_at,CAP2,10486.0
74,212554_at,CAP2,10486.0
75,212521_s_at,PDE8A,5151.0
76,212522_at,PDE8A,5151.0
77,212525_s_at,DPAGT1,1798.0
78,212553_at,RPRD2,23248.0
79,212541_at,FLAD1,80308.0
80,212613_at,BTN3A2,11118.0
81,212582_at,OSBPL8,114882.0
82,212585_at,OSBPL8,114882.0
83,212600_s_at,UQCRC2,7385.0
84,212516_at,ARAP1,116985.0
85,212594_at,PDCD4,27250.0
86,212593_s_at,PDCD4,27250.0
87,212542_s_at,PHIP,55023.0
88,212586_at,,831.0
89,212580_at,,831.0
90,212549_at,STAT5B,6777.0
91,212550_at,STAT5B,6777.0
92,212536_at,ATP11B,23200.0
93,212518_at,PIP5K1C,23396.0
94,212572_at,STK38L,23012.0
95,212565_at,STK38L,23012.0
96,212520_s_at,SMARCA4,6597.0
97,212581_x_at,GAPDH,2597.0
98,212561_at,DENND5A,23258.0
99,212610_at,PTPN11,5781.0
100,212539_at,CHD1L,9557.0
101,212589_at,RRAS2,22800.0
102,212590_at,RRAS2,22800.0
103,212559_at,PRKAR1B,5575.0
104,212555_at,PRKAR1B,5575.0
105,212552_at,HPCAL1,3241.0
106,212567_s_at,MAP4,4134.0
107,212566_at,MAP4,4134.0
108,212591_at,ARID4B,51742.0
109,212530_at,NEK7,140609.0
110,212591_at,RBM34,23029.0
111,212588_at,PTPRC,5788.0
112,212587_s_at,PTPRC,5788.0
0,212661_x_at,PPIAP22,
1,212715_s_at,MICAL3,57553.0
2,212700_x_at,PLEKHM1,9842.0
3,212715_s_at,,
4,212711_at,CAMSAP1,157922.0
5,212710_at,CAMSAP1,157922.0
6,212712_at,CAMSAP1,157922.0
7,212661_x_at,PPIAP11,
8,212661_x_at,PPIAP31,
9,212680_x_at,PPP1R14BP3,
10,212702_s_at,BICD2,23299.0
11,212671_s_at,HLA-DQA2,3117.0
12,212671_s_at,HLA-DQA2,3118.0
13,212644_s_at,,
14,212656_at,,
15,212693_at,MDN1,23195.0
16,212671_s_at,HLA-DQA1,3117.0
17,212674_s_at,MIR1226,100302232.0
18,212664_at,TUBB4A,10382.0
19,212682_s_at,LMF2,91289.0
20,212687_at,LIMS3,96626.0
21,212687_at,LIMS4,100288695.0
22,212659_s_at,IL1RN,3557.0
23,212657_s_at,IL1RN,3557.0
24,212692_s_at,LRBA,987.0
25,212699_at,SCAMP5,192683.0
26,212661_x_at,PPIAP29,
27,212661_x_at,,105374981.0
28,212707_s_at,,
29,212691_at,NUP188,23511.0
30,212655_at,ZCCHC14,23174.0
31,212696_s_at,RNF4,6047.0
32,212617_at,ZNF609,23060.0
33,212618_at,ZNF609,23060.0
34,212620_at,ZNF609,23060.0
35,212646_at,RFTN1,23180.0
36,212640_at,HACD2,201562.0
37,212616_at,CHD9,80205.0
38,212707_s_at,RASA4CP,
39,212706_at,,
40,212681_at,EPB41L3,23136.0
41,212637_s_at,WWP1,11059.0
42,212638_s_at,WWP1,11059.0
43,212665_at,TIPARP,25976.0
44,212680_x_at,PPP1R14B,26472.0
45,212707_s_at,POLR2J4,84820.0
46,212706_at,POLR2J4,84820.0
47,212707_s_at,POLR2J4,401331.0
48,212706_at,POLR2J4,401331.0
49,212707_s_at,RASA4CP,84820.0
50,212706_at,RASA4CP,84820.0
51,212707_s_at,RASA4CP,401331.0
52,212706_at,RASA4CP,401331.0
53,212627_s_at,EXOSC7,23016.0
54,212705_x_at,PNPLA2,57104.0
55,212639_x_at,TUBA1B,10376.0
56,212630_at,EXOC3,11336.0
57,212707_s_at,RASA4DP,
58,212619_at,NEMP1,23306.0
59,212621_at,NEMP1,23306.0
60,212663_at,FKBP15,23307.0
61,212639_x_at,TUBA1A,7846.0
62,212700_x_at,PLEKHM1P1,
63,212622_at,TMEM41B,440026.0
64,212623_at,TMEM41B,440026.0
65,212639_x_at,TUBA1C,84790.0
66,212635_at,TNPO1,3842.0
67,212631_at,STX7,8417.0
68,212632_at,STX7,8417.0
69,212700_x_at,,
70,212709_at,NUP160,23279.0
71,212686_at,PPM1H,57460.0
72,212660_at,JADE2,23338.0
73,212651_at,RHOBTB1,9886.0
74,212654_at,TPM2,7169.0
75,212678_at,NF1,4763.0
76,212676_at,NF1,4763.0
77,212679_at,TBL2,26608.0
78,212685_s_at,TBL2,26608.0
79,212661_x_at,PPIA,5478.0
80,212634_at,UFL1,23376.0
81,212633_at,UFL1,23376.0
82,212636_at,QKI,9444.0
83,212656_at,TSFM,10102.0
84,212668_at,SMURF1,57154.0
85,212666_at,SMURF1,57154.0
86,212713_at,MFAP4,4239.0
87,212667_at,SPARC,6678.0
88,212652_s_at,SNX4,8723.0
89,212641_at,HIVEP2,3097.0
90,212642_s_at,HIVEP2,3097.0
91,212624_s_at,CHN1,1123.0
92,212703_at,TLN2,83660.0
93,212701_at,TLN2,83660.0
94,212690_at,DDHD2,23259.0
95,212643_at,MAPK1IP1L,93487.0
96,212644_s_at,MAPK1IP1L,93487.0
97,212648_at,DHX29,54505.0
98,212684_at,ZNF3,7551.0
99,212707_s_at,RASA4B,100271927.0
100,212706_at,RASA4B,100271927.0
101,212708_at,MSL1,339287.0
102,212704_at,TUT4,23318.0
103,212650_at,EHBP1,23301.0
104,212653_s_at,EHBP1,23301.0
105,212647_at,RRAS,6237.0
106,212669_at,CAMK2G,818.0
107,212625_at,STX10,8677.0
108,212658_at,LHFPL2,10184.0
109,212673_at,METAP1,23173.0
110,212694_s_at,PCCB,5096.0
111,212674_s_at,DHX30,22907.0
112,212688_at,PIK3CB,5291.0
113,212714_at,LARP4,113251.0
114,212698_s_at,SEPTIN10,151011.0
115,212675_s_at,CEP68,23177.0
116,212677_s_at,CEP68,23177.0
117,212697_at,RETREG3,162427.0
118,212707_s_at,RASA4,10156.0
119,212706_at,RASA4,10156.0
120,212662_at,PVR,5817.0
121,212695_at,CRY2,1408.0
122,212689_s_at,KDM3A,55818.0
123,212672_at,ATM,472.0
124,212629_s_at,PKN2,5586.0
125,212628_at,PKN2,5586.0
126,212683_at,SLC25A44,9673.0
127,212645_x_at,BABAM2,9577.0
128,212687_at,LIMS1,3987.0
0,212790_x_at,RPL13AP25,
1,212768_s_at,OLFM4,10562.0
2,212716_s_at,EIF3K,27335.0
3,212788_x_at,FTLP3,
4,212717_at,PLEKHM1,9842.0
5,212773_s_at,TOMM20P4,
6,212725_s_at,TUG1,55000.0
7,212748_at,MRTFA,57591.0
8,212736_at,BMERB1,89927.0
9,212736_at,BMERB1,127898555.0
10,212767_at,,
11,212746_s_at,CEP170,9859.0
12,212719_at,PHLPP1,23239.0
13,212779_at,BLTP1,84162.0
14,212730_at,SYNM,23336.0
15,212732_at,MEG3,55384.0
16,212790_x_at,RPL13AP5,
17,212790_x_at,,
18,212758_s_at,ZEB1,6935.0
19,212764_at,ZEB1,6935.0
20,212790_x_at,RPL13AP20,
21,212787_at,YLPM1,56252.0
22,212800_at,STX6,10228.0
23,212799_at,STX6,10228.0
24,212812_at,SERINC5,256987.0
25,212749_s_at,RCHY1,25898.0
26,212743_at,RCHY1,25898.0
27,212738_at,ARHGAP19,84986.0
28,212734_x_at,RPL13P12,
29,212782_x_at,,123258400.0
30,212782_x_at,POLR2J3,123258399.0
31,212782_x_at,POLR2J2,246721.0
32,212782_x_at,POLR2J4,
33,212773_s_at,RABGEF1P1,
34,212728_at,DLG3,1741.0
35,212729_at,DLG3,1741.0
36,212727_at,DLG3,1741.0
37,212726_at,PHF2,5253.0
38,212788_x_at,FTL,2512.0
39,212757_s_at,NDST2,8509.0
40,212782_x_at,POLR2J4,84820.0
41,212782_x_at,POLR2J4,401331.0
42,212782_x_at,RASA4CP,84820.0
43,212782_x_at,RASA4CP,401331.0
44,212737_at,GM2A,2760.0
45,212805_at,PRUNE2,158471.0
46,212806_at,PRUNE2,158471.0
47,212815_at,ASCC3,10973.0
48,212731_at,ANKRD46,157567.0
49,212744_at,BBS4,585.0
50,212745_s_at,BBS4,585.0
51,212773_s_at,,
52,212773_s_at,,493754.0
53,212735_at,RUBCN,9711.0
54,212733_at,RUBCN,9711.0
55,212801_at,CIT,11113.0
56,212784_at,CIC,23152.0
57,212771_at,FAM171A1,221061.0
58,212751_at,UBE2N,7334.0
59,212795_at,WASHC4,23325.0
60,212794_s_at,WASHC4,23325.0
61,212808_at,NFATC2IP,84901.0
62,212809_at,NFATC2IP,84901.0
63,212782_x_at,POLR2J,5439.0
64,212718_at,PAPOLA,10914.0
65,212720_at,PAPOLA,10914.0
66,212767_at,MTG1,92170.0
67,212762_s_at,TCF7L2,6934.0
68,212761_at,TCF7L2,6934.0
69,212759_s_at,TCF7L2,6934.0
70,212739_s_at,NME4,4833.0
71,212750_at,PPP1R16B,26051.0
72,212786_at,CLEC16A,23274.0
73,212770_at,TLE3,7090.0
74,212769_at,TLE3,7090.0
75,212780_at,SOS1,6654.0
76,212777_at,SOS1,6654.0
77,212724_at,RND3,390.0
78,212783_at,RBBP6,5930.0
79,212781_at,RBBP6,5930.0
80,212741_at,MAOA,4128.0
81,212742_at,RNF115,27246.0
82,212802_s_at,GAPVD1,26130.0
83,212804_s_at,GAPVD1,26130.0
84,212774_at,ZBTB18,10472.0
85,212722_s_at,JMJD6,23210.0
86,212723_at,JMJD6,23210.0
87,212792_at,DPY19L1,23333.0
88,212753_at,PCGF3,10336.0
89,212798_s_at,ANKMY2,57037.0
90,212778_at,PACS2,23241.0
91,212765_at,CAMSAP2,23271.0
92,212763_at,CAMSAP2,23271.0
93,212796_s_at,TBC1D2B,23102.0
94,212772_s_at,ABCA2,20.0
95,212803_at,NAB2,4665.0
96,212773_s_at,TOMM20,9804.0
97,212754_s_at,MON2,23041.0
98,212755_at,MON2,23041.0
99,212793_at,DAAM2,23500.0
100,212790_x_at,RPL13A,23521.0
101,212760_at,UBR2,23304.0
102,212756_s_at,UBR2,23304.0
103,212757_s_at,CAMK2G,818.0
104,212785_s_at,LARP7,51574.0
105,212721_at,SREK1,140890.0
106,212740_at,PIK3R4,30849.0
107,212747_at,ANKS1A,23294.0
108,212789_at,NCAPD3,23310.0
109,212814_at,AHCYL2,23382.0
110,212782_x_at,POLR2J3,548644.0
111,212813_at,JAM3,83700.0
112,212776_s_at,OBSL1,23363.0
113,212775_at,OBSL1,23363.0
114,212734_x_at,RPL13,6137.0
115,212752_at,CLASP1,23332.0
116,212766_s_at,ISG20L2,81875.0
117,212797_at,SORT1,6272.0
118,212807_s_at,SORT1,6272.0
119,212791_at,C1orf216,127703.0
120,212810_s_at,SLC1A4,6509.0
121,212811_x_at,SLC1A4,6509.0
0,212854_x_at,,124905564.0
1,212854_x_at,,124905558.0
2,212854_x_at,,102724250.0
3,212854_x_at,NBPF1,55672.0
4,212826_s_at,SLC25A6,293.0
5,212846_at,RRP1B,23076.0
6,212844_at,RRP1B,23076.0
7,212816_s_at,,102724560.0
8,212880_at,WDR7,23335.0
9,212895_s_at,ABR,29.0
10,212875_s_at,C2CD2,25966.0
11,212834_at,DDX52,11056.0
12,212866_at,R3HCC1,203069.0
13,212878_s_at,,
14,212877_at,,
15,212905_at,CSTF2T,23283.0
16,212901_s_at,CSTF2T,23283.0
17,212869_x_at,TPT1,7178.0
18,212848_s_at,MIR24-1,407012.0
19,212817_at,DNAJB5,25822.0
20,212827_at,IGHM,
21,212913_at,MSH5-SAPCD1,
22,212828_at,SYNJ2,8871.0
23,212915_at,PDZRN3,23024.0
24,212816_s_at,CBS,875.0
25,212816_s_at,CBS,102724560.0
26,212913_at,SAPCD1,401251.0
27,212914_at,CBX7,23492.0
28,212842_x_at,RGPD3,653489.0
29,212842_x_at,RGPD4,285190.0
30,212916_at,PHF8,23133.0
31,212843_at,NCAM1,4684.0
32,212871_at,MAPKAPK5,8550.0
33,212831_at,MEGF9,1955.0
34,212830_at,MEGF9,1955.0
35,212822_at,HEG1,57493.0
36,212868_x_at,MAPKAPK5-AS1,51275.0
37,212907_at,SLC30A1,7779.0
38,212867_at,NCOA2,10499.0
39,212888_at,DICER1,23405.0
40,212884_x_at,APOE,348.0
41,212837_at,ABRAXAS2,23172.0
42,212835_at,ABRAXAS2,23172.0
43,212891_s_at,GADD45GIP1,90480.0
44,212850_s_at,LRP4,4038.0
45,212859_x_at,MT1E,4493.0
46,212898_at,TTI1,9675.0
47,212820_at,DMXL2,23312.0
48,212829_at,PIP4K2A,5305.0
49,212838_at,DNMBP,23268.0
50,212833_at,SLC25A46,91137.0
51,212910_at,THAP11,57215.0
52,212863_x_at,CTBP1,1487.0
53,212862_at,CDS2,8760.0
54,212864_at,CDS2,8760.0
55,212887_at,SEC23A,10484.0
56,212861_at,MFSD5,84975.0
57,212900_at,SEC24A,10802.0
58,212902_at,SEC24A,10802.0
59,212892_at,ZNF282,8427.0
60,212840_at,UBXN7,26043.0
61,212819_at,ASB1,51665.0
62,212818_s_at,ASB1,51665.0
63,212841_s_at,PPFIBP2,8495.0
64,212858_at,PAQR4,124222.0
65,212836_at,POLD3,10714.0
66,212889_x_at,RAD23A,5886.0
67,212909_at,LYPD1,116372.0
68,212848_s_at,AOPEP,84909.0
69,212878_s_at,KLC1,3831.0
70,212877_at,KLC1,3831.0
71,212856_at,GRAMD4,23151.0
72,212825_at,PAXIP1,22976.0
73,212870_at,SOS2,6655.0
74,212842_x_at,RGPD6,729540.0
75,212845_at,SAMD4A,23034.0
76,212906_at,GRAMD1B,57476.0
77,212842_x_at,RGPD8,727851.0
78,212842_x_at,RGPD5,84220.0
79,212842_x_at,RGPD5,727851.0
80,212885_at,MPHOSPH10,10199.0
81,212865_s_at,COL14A1,7373.0
82,212857_x_at,SUB1,10923.0
83,212908_at,DNAJC16,23341.0
84,212911_at,DNAJC16,23341.0
85,212872_s_at,MED20,9477.0
86,212824_at,FUBP3,8939.0
87,212894_at,SUPV3L1,6832.0
88,212899_at,CDK19,23097.0
89,212897_at,CDK19,23097.0
90,212860_at,ZDHHC18,84243.0
91,212821_at,PLEKHG3,26030.0
92,212823_s_at,PLEKHG3,26030.0
93,212851_at,DCUN1D4,23142.0
94,212853_at,DCUN1D4,23142.0
95,212855_at,DCUN1D4,23142.0
96,212896_at,MTREX,23517.0
97,212886_at,CCDC69,26112.0
98,212876_at,B4GALT4,8702.0
99,212890_at,SLC38A10,124565.0
100,212879_x_at,PIAS4,51588.0
101,212881_at,PIAS4,51588.0
102,212849_at,AXIN1,8312.0
103,212873_at,ARHGAP45,23526.0
104,212912_at,RPS6KA2,6196.0
105,212854_x_at,NBPF3,84224.0
106,212882_at,KLHL18,23276.0
107,212852_s_at,RO60,6738.0
108,212839_s_at,RO60,6738.0
109,212832_s_at,CKAP5,9793.0
110,212847_at,FUBP1,8880.0
111,212893_at,ZZZ3,26009.0
112,212904_at,LRRC47,57470.0
0,212988_x_at,ACTG1,71.0
1,213000_at,MORC3,23515.0
2,212944_at,SLC5A3,6526.0
3,212971_at,CARS1,833.0
4,212983_at,HRAS,3265.0
5,212938_at,COL6A1,1291.0
6,212940_at,COL6A1,1291.0
7,212937_s_at,COL6A1,1291.0
8,212931_at,TCF20,6942.0
9,212935_at,MCF2L,23263.0
10,212992_at,AHNAK2,113146.0
11,212928_at,TSPYL4,23270.0
12,212947_at,SLC9A8,23315.0
13,212952_at,,
14,212946_at,VWA8,23078.0
15,212995_x_at,MZT2B,80097.0
16,212996_s_at,URB1,9875.0
17,212923_s_at,PXDC1,221749.0
18,212919_at,DCP2,167227.0
19,212957_s_at,LINC01278,92249.0
20,212987_at,FBXO9,26268.0
21,212991_at,FBXO9,26268.0
22,212955_s_at,POLR2I,5438.0
23,212964_at,HIC2,23119.0
24,212966_at,HIC2,23119.0
25,212965_at,HIC2,23119.0
26,212954_at,DYRK4,8798.0
27,212990_at,SYNJ1,8867.0
28,212998_x_at,HLA-DQB1,3119.0
29,212994_at,THOC2,57187.0
30,212974_at,DENND3,22898.0
31,212975_at,DENND3,22898.0
32,213004_at,ANGPTL2,23452.0
33,213001_at,ANGPTL2,23452.0
34,212925_at,MISP,126353.0
35,212997_s_at,TLK2P1,
36,212986_s_at,TLK2P1,
37,212945_s_at,MGA,23269.0
38,212993_at,NACC2,138151.0
39,213013_at,MAPK8IP1P1,
40,213003_s_at,SPIDR,23514.0
41,213013_at,MAPK8IP1P2,
42,213017_at,ABHD3,171586.0
43,212962_at,SYDE1,85360.0
44,213013_at,MAPK8IP1,9479.0
45,213014_at,MAPK8IP1,9479.0
46,212961_x_at,EOLA2,541578.0
47,213008_at,FANCI,55215.0
48,213007_at,FANCI,55215.0
49,212980_at,,130872.0
50,212979_s_at,,
51,213005_s_at,KANK1,23189.0
52,212920_at,REST,5978.0
53,212973_at,RPIA,22934.0
54,212927_at,SMC5,23137.0
55,212926_at,SMC5,23137.0
56,212961_x_at,EOLA1,91966.0
57,212942_s_at,CEMIP,57214.0
58,213012_at,NEDD4,4734.0
59,212936_at,ARB2A,83989.0
60,212968_at,RFNG,5986.0
61,212976_at,LRRC8B,23507.0
62,212978_at,LRRC8B,23507.0
63,212949_at,NCAPH,23397.0
64,213011_s_at,TPI1,7167.0
65,212958_x_at,PAM,5066.0
66,212999_x_at,HLA-DQB1,3119.0
67,212934_at,UBXN2B,137886.0
68,212967_x_at,NAP1L1,4673.0
69,212948_at,CAMTA2,23125.0
70,212953_x_at,CALR,811.0
71,212959_s_at,GNPTAB,79158.0
72,212989_at,SGMS1,259230.0
73,212977_at,ACKR3,57007.0
74,213010_at,CAVIN3,112464.0
75,212956_at,TBC1D9,23158.0
76,212960_at,TBC1D9,23158.0
77,212950_at,ADGRF5,221395.0
78,212951_at,ADGRF5,221395.0
79,212970_at,APBB2,323.0
80,212972_x_at,APBB2,323.0
81,212985_at,APBB2,323.0
82,212943_at,C2CD5,9847.0
83,212930_at,ATP2B1,490.0
84,212918_at,RECQL,5965.0
85,212917_x_at,RECQL,5965.0
86,212969_x_at,EML3,256364.0
87,212933_x_at,RPL13,6137.0
88,212979_s_at,TCAF1,9747.0
89,212981_s_at,TCAF1,9747.0
90,212982_at,ZDHHC17,23390.0
91,212997_s_at,TLK2,11011.0
92,212986_s_at,TLK2,11011.0
93,213009_s_at,TRIM37,4591.0
94,212922_s_at,SMYD2,56950.0
95,213016_at,BBX,56987.0
96,213015_at,BBX,56987.0
97,212984_at,ATF2,1386.0
98,212932_at,RAB3GAP1,22930.0
0,213031_s_at,WDR73,84942.0
1,213112_s_at,SQSTM1,8878.0
2,213078_x_at,LPCAT4,254531.0
3,213044_at,ROCK1,6093.0
4,213044_at,,727758.0
5,213090_s_at,TAF4,6874.0
6,213058_at,TTC28,23331.0
7,213080_x_at,RPL5P34,
8,213088_s_at,DNAJC9P1,
9,213062_at,NTAN1,123803.0
10,213061_s_at,NTAN1,123803.0
11,213040_s_at,NPTXR,23467.0
12,213103_at,STARD13,90627.0
13,213073_at,ZFYVE26,23503.0
14,213049_at,RALGAPA1,253959.0
15,213082_s_at,,
16,213039_at,ARHGEF18,23370.0
17,213019_at,RANBP6,26953.0
18,213065_at,ZFC3H1,196441.0
19,213084_x_at,RPL23AP65,
20,213117_at,KLHL9,55958.0
21,213086_s_at,CSNK1A1,1452.0
22,213086_s_at,,
23,213076_at,ITPKC,80271.0
24,213023_at,UTRN,7402.0
25,213022_s_at,UTRN,7402.0
26,213095_x_at,AIF1,199.0
27,213081_at,TAPBP,6892.0
28,213081_at,ZBTB22,9278.0
29,213084_x_at,RPL23AP42,
30,213072_at,TMEM276-ZFTRAF1,157542.0
31,213116_at,NEK3,4752.0
32,213069_at,HEG1,57493.0
33,213084_x_at,RPL23AP2,
34,213084_x_at,,
35,213035_at,ANKRD28,23243.0
36,213080_x_at,SNORA66,26782.0
37,213046_at,PABPN1,8106.0
38,213106_at,ATP8A1,10396.0
39,213108_at,CAMK2A,815.0
40,213045_at,MAST3,23031.0
41,213075_at,OLFML2A,169611.0
42,213088_s_at,DNAJC9,23234.0
43,213092_x_at,DNAJC9,23234.0
44,213099_at,ANGEL1,23357.0
45,213037_x_at,STAU1,6780.0
46,213026_at,ATG12,9140.0
47,213059_at,CREB3L1,90993.0
48,213041_s_at,ATP5F1D,513.0
49,213056_at,FRMD4B,23150.0
50,213110_s_at,COL4A5,1287.0
51,213100_at,UNC5B,219699.0
52,213115_at,ATG4A,115201.0
53,213068_at,LINC00970,
54,213071_at,LINC00970,
55,213091_at,CRTC1,23373.0
56,213085_s_at,WWC1,23286.0
57,213084_x_at,RPL23AP74,
58,213052_at,PRKAR2A,5576.0
59,213018_at,GATAD1,57798.0
60,213057_at,ATPAF2,91647.0
61,213079_at,TSR2,90121.0
62,213097_s_at,DNAJC2,27000.0
63,213077_at,YTHDC2,64848.0
64,213051_at,ZC3HAV1,56829.0
65,213082_s_at,SLC35D2,11046.0
66,213083_at,SLC35D2,11046.0
67,213030_s_at,PLXNA2,5362.0
68,213072_at,ZFTRAF1,50626.0
69,213032_at,NFIB,4781.0
70,213029_at,NFIB,4781.0
71,213033_s_at,NFIB,4781.0
72,213036_x_at,ATP2A3,489.0
73,213042_s_at,ATP2A3,489.0
74,213098_at,CNOT9,9125.0
75,213107_at,TNIK,23043.0
76,213109_at,TNIK,23043.0
77,213028_at,NFRKB,4798.0
78,213024_at,TMF1,7110.0
79,213084_x_at,RPL23A,6147.0
80,213053_at,HAUS5,23354.0
81,213054_at,HAUS5,23354.0
82,213047_x_at,SET,6418.0
83,213064_at,ZC3H14,79882.0
84,213063_at,ZC3H14,79882.0
85,213066_at,RUSC2,9853.0
86,213080_x_at,RPL5,6125.0
87,213105_s_at,TSR3,115939.0
88,213104_at,TSR3,115939.0
89,213074_at,PHIP,55023.0
90,213034_at,SIK3,23387.0
91,213113_s_at,SLC43A3,29015.0
92,213094_at,ADGRG6,57211.0
93,213067_at,MYH10,4628.0
94,213021_at,GOSR1,9527.0
95,213020_at,GOSR1,9527.0
96,213025_at,THUMPD1,55623.0
97,213050_at,COBL,23242.0
98,213055_at,CD47,961.0
99,213070_at,PIK3C2A,5286.0
100,213093_at,PRKCA,5578.0
101,213027_at,RO60,6738.0
102,213060_s_at,CHI3L2,1117.0
103,213102_at,ACTR3,10096.0
104,213101_s_at,ACTR3,10096.0
105,213068_at,DPT,1805.0
106,213071_at,DPT,1805.0
107,213111_at,PIKFYVE,200576.0
108,213043_s_at,MED24,9862.0
109,213038_at,RNF19B,127544.0
110,213096_at,TMCC2,9911.0
0,213214_x_at,ACTG1,71.0
1,213133_s_at,,
2,213129_s_at,GCSH,2653.0
3,213133_s_at,GCSH,2653.0
4,213167_s_at,SLC5A3,6526.0
5,213164_at,SLC5A3,6526.0
6,213182_x_at,CDKN1C,1028.0
7,213212_x_at,GOLGA6L9,440295.0
8,213140_s_at,SS18L1,26039.0
9,213135_at,TIAM1,7074.0
10,213122_at,TSPYL5,85453.0
11,213139_at,SNAI2,6591.0
12,213159_at,PCNX1,22990.0
13,213173_at,PCNX1,22990.0
14,213136_at,PTPN2,5771.0
15,213137_s_at,PTPN2,5771.0
16,213212_x_at,GOLGA6L4,643707.0
17,213203_at,SNAPC5,10302.0
18,213154_s_at,BICD2,23299.0
19,213134_x_at,BTG3,10950.0
20,213158_at,,
21,213156_at,,
22,213156_at,MIR568,693153.0
23,213171_s_at,MMP24,10893.0
24,213129_s_at,,
25,213212_x_at,,
26,213120_at,,
27,213213_at,DIDO1,11083.0
28,213152_s_at,SRSF8,10929.0
29,213194_at,ROBO1,6091.0
30,213170_at,GPX7,2882.0
31,213153_at,SETD1B,23067.0
32,213168_at,SP3,6670.0
33,213212_x_at,UBE2Q2P1,388165.0
34,213187_x_at,,
35,213191_at,TICAM1,148022.0
36,213174_at,TTC9,23508.0
37,213172_at,TTC9,23508.0
38,213125_at,OLFML2B,25903.0
39,213123_at,MFAP3,4238.0
40,213193_x_at,TRBC1,
41,213130_at,ZNF473,25888.0
42,213124_at,ZNF473,25888.0
43,213217_at,ADCY2,108.0
44,213150_at,HOXA10,3206.0
45,213147_at,HOXA10,3206.0
46,213204_at,CUL9,23113.0
47,213151_s_at,SEPTIN7,989.0
48,213178_s_at,MAPK8IP3,23162.0
49,213177_at,MAPK8IP3,23162.0
50,213119_at,SLC36A1,206358.0
51,213144_at,GOSR2,9570.0
52,213206_at,GOSR2,9570.0
53,213180_s_at,GOSR2,9570.0
54,213207_s_at,GOSR2,9570.0
55,213141_at,PSKH1,5681.0
56,213202_at,SETD1A,9739.0
57,213187_x_at,FTL,2512.0
58,213149_at,DLAT,1737.0
59,213198_at,ACVR1B,91.0
60,213199_at,C2CD3,26005.0
61,213185_at,KATNIP,23247.0
62,213196_at,ZNF629,23361.0
63,213175_s_at,SNRPB,6628.0
64,213161_at,TSTD2,158427.0
65,213129_s_at,GCSHP5,
66,213133_s_at,GCSHP5,
67,213189_at,RIOX2,84864.0
68,213188_s_at,RIOX2,84864.0
69,213132_s_at,MCAT,27349.0
70,213186_at,DZIP3,9666.0
71,213200_at,SYP,6855.0
72,213146_at,KDM6B,23135.0
73,213190_at,COG7,91949.0
74,213121_at,SNRNP70,6625.0
75,213215_at,AP3S2,10239.0
76,213142_x_at,GSAP,54103.0
77,213184_at,SENP5,205564.0
78,213179_at,CNOT9,9125.0
79,213218_at,ZSCAN26,7741.0
80,213197_at,ASTN1,460.0
81,213216_at,OTUD3,23252.0
82,213143_at,C2orf72,257407.0
83,213148_at,C2orf72,257407.0
84,213169_at,SEMA5A,9037.0
85,213208_at,BICRAL,23506.0
86,213118_at,BLTP3B,23074.0
87,213160_at,DOCK2,1794.0
88,213128_s_at,UBE3A,7337.0
89,213131_at,OLFM1,10439.0
90,213181_s_at,MOCS1,4337.0
91,213165_at,CEP350,9857.0
92,213127_s_at,MED8,112950.0
93,213126_at,MED8,112950.0
94,213201_s_at,TNNT1,7138.0
95,213176_s_at,LTBP4,8425.0
96,213209_at,TAF6L,10629.0
97,213210_at,TAF6L,10629.0
98,213211_s_at,TAF6L,10629.0
99,213158_at,ZBTB20,26137.0
100,213156_at,ZBTB20,26137.0
101,213205_s_at,RAD54L2,23132.0
102,213192_at,THAP3,90326.0
103,213157_s_at,WSCD1,23302.0
104,213155_at,WSCD1,23302.0
105,213195_at,LYRM9,201229.0
106,213166_x_at,MZT2A,653784.0
107,213138_at,ARID5A,10865.0
0,213279_at,DHRS1,115817.0
1,213309_at,PLCL2,23228.0
2,213262_at,SACS,26278.0
3,213275_x_at,CTSB,1508.0
4,213278_at,MTMR9,66036.0
5,213246_at,LYSET,26175.0
6,213222_at,PLCB1,23236.0
7,213249_at,FBXL7,23194.0
8,213316_at,JCAD,57608.0
9,213243_at,VPS13B,157680.0
10,213260_at,FOXC1,2296.0
11,213283_s_at,SALL2,6297.0
12,213247_at,SVEP1,79987.0
13,213310_at,AGO2,27161.0
14,213252_at,SH3PXD2A,9644.0
15,213317_at,CLIC5,53405.0
16,213285_at,TMEM30B,161291.0
17,213241_at,PLXNC1,10154.0
18,213273_at,TENM4,26011.0
19,213227_at,PGRMC2,10424.0
20,213228_at,,8622.0
21,213228_at,PDE8B,8622.0
22,213233_s_at,KLHL9,55958.0
23,213265_at,PGA3,643834.0
24,213265_at,PGA5,5222.0
25,213282_at,APOOL,139322.0
26,213289_at,APOOL,139322.0
27,213271_s_at,DOP1A,23033.0
28,213267_at,DOP1A,23033.0
29,213265_at,PGA4,643847.0
30,213265_at,PGA4,124906959.0
31,213265_at,PGA4,128966586.0
32,213277_at,ZFP36L1,677.0
33,213240_s_at,KRT4,3851.0
34,213239_at,PIBF1,10464.0
35,213290_at,COL6A2,1292.0
36,213248_at,,730101.0
37,213304_at,TOGARAM1,23116.0
38,213254_at,TNRC6B,23112.0
39,213229_at,DICER1,23405.0
40,213242_x_at,CEP170B,283638.0
41,213261_at,TRANK1,9881.0
42,213287_s_at,KRT10,3858.0
43,213219_at,ADCY2,108.0
44,213226_at,CCNA2,890.0
45,213251_at,SMARCA5,8467.0
46,213313_at,RABGAP1,23637.0
47,213234_at,FAM234B,57613.0
48,213244_at,SCAMP4,113178.0
49,213268_at,CAMTA1,23261.0
50,213307_at,SHANK2,22941.0
51,213308_at,SHANK2,22941.0
52,213315_x_at,EOLA2,541578.0
53,213269_at,ZNF248,57209.0
54,213300_at,ATG2A,23130.0
55,213221_s_at,SIK2,23235.0
56,213245_at,ADCY1,107.0
57,213236_at,SASH1,23328.0
58,213315_x_at,EOLA1,91966.0
59,213297_at,RMND5B,64777.0
60,213253_at,SMC2,10592.0
61,213305_s_at,PPP2R5C,5527.0
62,213280_at,RAP1GAP2,23108.0
63,213230_at,CDR2L,30850.0
64,213306_at,MPDZ,8777.0
65,213276_at,CAMK2B,816.0
66,213311_s_at,TCF25,22980.0
67,213264_at,PCBP2,5094.0
68,213263_s_at,PCBP2,5094.0
69,213238_at,ATP10D,57205.0
70,213286_at,ZFR,51663.0
71,213266_at,TP53BP1,7158.0
72,213291_s_at,UBE3A,7337.0
73,213257_at,SARM1,23098.0
74,213259_s_at,SARM1,23098.0
75,213318_s_at,BAG6,7917.0
76,213237_at,KNOP1,400506.0
77,213235_at,KNOP1,400506.0
78,213298_at,NFIC,4782.0
79,213220_at,BBIP1,92482.0
80,213224_s_at,BBIP1,92482.0
81,213231_at,DMWD,1762.0
82,213225_at,PPM1B,5495.0
83,213303_x_at,ZBTB7A,51341.0
84,213299_at,ZBTB7A,51341.0
85,213256_at,MARCHF3,115123.0
86,213312_at,SMIM8,57150.0
87,213314_at,SMIM8,57150.0
88,213312_at,SMIM8,63914.0
89,213314_at,SMIM8,63914.0
90,213223_at,RPL28,6158.0
91,213293_s_at,TRIM22,10346.0
92,213294_at,EIF2AK2,5610.0
93,213272_s_at,LDAF1,57146.0
94,213292_s_at,SNX13,23161.0
95,213302_at,PFAS,5198.0
96,213295_at,CYLD,1540.0
97,213301_x_at,TRIM24,8805.0
98,213270_at,MPP2,4355.0
99,213296_at,RER1,11079.0
100,213288_at,MBOAT2,129642.0
101,213258_at,TFPI,7035.0
0,213380_x_at,,
1,213380_x_at,,124905559.0
2,213380_x_at,,124900583.0
3,213345_at,NFATC4,4776.0
4,213348_at,CDKN1C,1028.0
5,213399_x_at,RPN2,6185.0
6,213324_at,SRC,6714.0
7,213389_at,,
8,213408_s_at,PI4KAP1,
9,213408_s_at,PI4KAP2,
10,213358_at,MTCL1,23255.0
11,213346_at,TEX30,93081.0
12,213408_s_at,,
13,213397_x_at,,
14,213408_s_at,,728233.0
15,213363_at,CA5BP1,
16,213395_at,MLC1,23209.0
17,213405_at,RAB22A,57403.0
18,213379_at,COQ2,27235.0
19,213363_at,,340591.0
20,213323_s_at,ZC3H7B,23264.0
21,213334_x_at,TREX2,11219.0
22,213338_at,TMEM158,25907.0
23,213326_at,VAMP1,6843.0
24,213390_at,ZC3H4,23211.0
25,213398_s_at,SDR39U1,56948.0
26,213409_s_at,,
27,213409_s_at,LINC02637,
28,213377_x_at,,
29,213416_at,ITGA4,3676.0
30,213362_at,PTPRD,5789.0
31,213332_at,PAPPA2,60676.0
32,213404_s_at,RHEBP2,
33,213327_s_at,USP12,219333.0
34,213404_s_at,RHEBP1,
35,213334_x_at,HAUS7,55559.0
36,213418_at,HSPA6,3310.0
37,213389_at,ZNF592,9640.0
38,213368_x_at,PPFIA3,8541.0
39,213375_s_at,N4BP2L1,90634.0
40,213378_s_at,DDX12B,
41,213378_s_at,,
42,213347_x_at,RPS4X,6191.0
43,213378_s_at,DDX12P,
44,213369_at,CDHR1,92211.0
45,213366_x_at,ATP5F1C,509.0
46,213336_at,BAZ1B,9031.0
47,213328_at,NEK1,4750.0
48,213331_s_at,NEK1,4750.0
49,213415_at,CLIC2,1193.0
50,213322_at,OARD1,221443.0
51,213408_s_at,PI4KA,5297.0
52,213394_at,MAPKBP1,23005.0
53,213380_x_at,MST1L,
54,213388_at,PDE4DIP,9659.0
55,213388_at,PDE4DIP,124904395.0
56,213391_at,DPY19L4,286148.0
57,213359_at,HNRNPD,3184.0
58,213361_at,TDRD7,23424.0
59,213325_at,NECTIN3,25945.0
60,213377_x_at,RPS12,6206.0
61,213340_s_at,GFOD3P,
62,213386_at,PGAP4,84302.0
63,213339_at,GFOD3P,57212.0
64,213340_s_at,GFOD3P,57212.0
65,213384_x_at,PLCB3,5331.0
66,213321_at,BCKDHB,594.0
67,213414_s_at,RPS19,6223.0
68,213371_at,LDB3,11155.0
69,213382_at,,
70,213330_s_at,STIP1,10963.0
71,213365_at,ERI2,112479.0
72,213418_at,HSPA7,
73,213418_at,,
74,213380_x_at,MST1P2,
75,213360_s_at,POM121,9883.0
76,213383_at,SBF1,6305.0
77,213360_s_at,POM121C,100101267.0
78,213404_s_at,RHEB,6009.0
79,213364_s_at,SNX1,6642.0
80,213376_at,ZBTB1,22890.0
81,213387_at,ATAD2B,54454.0
82,213400_s_at,TBL1X,6907.0
83,213335_s_at,ST3GAL6,10402.0
84,213355_at,ST3GAL6,10402.0
85,213356_x_at,HNRNPA1,3178.0
86,213407_at,PHLPP2,23035.0
87,213385_at,CHN2,1124.0
88,213381_at,VSTM4,196740.0
89,213396_s_at,AKAP10,11216.0
90,213372_at,PAQR3,152559.0
91,213378_s_at,DDX11,1663.0
92,213412_at,TJP3,27134.0
93,213397_x_at,RNASE4,6038.0
94,213342_at,YAP1,10413.0
95,213341_at,FEM1C,56929.0
96,213392_at,IQCK,124152.0
97,213329_at,SRGAP2,23380.0
98,213343_s_at,GDPD5,81544.0
99,213357_at,GTF2H5,404672.0
100,213410_at,EDRF1,26098.0
101,213349_at,TMCC1,23023.0
102,213352_at,TMCC1,23023.0
103,213351_s_at,TMCC1,23023.0
104,213419_at,APBB2,323.0
105,213402_at,ZNF787,126208.0
106,213344_s_at,HMBS,3145.0
107,213370_s_at,SFMBT1,51460.0
108,213320_at,PRMT3,10196.0
109,213353_at,ABCA5,23461.0
110,213374_x_at,HIBCH,26275.0
111,213411_at,ADAM22,53616.0
112,213417_at,TBX2,6909.0
113,213373_s_at,CASP8,841.0
114,213333_at,MDH2,4191.0
115,213403_at,MFSD9,84804.0
116,213393_at,MFSD9,84804.0
117,213413_at,STON1,11037.0
0,213450_s_at,,102723996.0
1,213472_at,HNRNPH1,3187.0
2,213470_s_at,HNRNPH1,3187.0
3,213457_at,MFHAS1,9258.0
4,213491_x_at,RPN2,6185.0
5,213428_s_at,COL6A1,1291.0
6,213450_s_at,ICOSLG,23308.0
7,213450_s_at,ICOSLG,102723996.0
8,213508_at,SPTSSA,171546.0
9,213512_at,CLBA1,122616.0
10,213429_at,BICC1,80114.0
11,213477_x_at,EEF1A1P5,
12,213421_x_at,PRSS3,5646.0
13,213432_at,MUC5B,727897.0
14,213514_s_at,DIAPH1,1729.0
15,213476_x_at,TUBB2B,347733.0
16,213506_at,F2RL1,2150.0
17,213477_x_at,EEF1A1P13,
18,213515_x_at,,
19,213515_x_at,HBG2,3048.0
20,213515_x_at,HBG1,3047.0
21,213519_s_at,LAMA2,3908.0
22,213489_at,MAPRE2,10982.0
23,213425_at,WNT5A,7474.0
24,213517_at,,
25,213451_x_at,TNXB,7148.0
26,213476_x_at,TUBB4A,10382.0
27,213447_at,SNHG14,
28,213478_at,KAZN,23254.0
29,213477_x_at,EEF1A1P11,
30,213451_x_at,TNXA,
31,213454_at,CENPS,378708.0
32,213511_s_at,MTMR1,8776.0
33,213449_at,POP1,10940.0
34,213451_x_at,,
35,213427_at,RPP40,10799.0
36,213456_at,SOSTDC1,25928.0
37,213474_at,KCTD7,154881.0
38,213477_x_at,EEF1A1P6,
39,213445_at,ZC3H3,23144.0
40,213446_s_at,IQGAP1,8826.0
41,213433_at,ARL3,403.0
42,213498_at,CREB3L1,90993.0
43,213497_at,ABTB2,25841.0
44,213452_at,ZNF184,7738.0
45,213476_x_at,,
46,213476_x_at,TUBB3,10381.0
47,213461_at,,
48,213460_x_at,NSUN5P2,
49,213510_x_at,,
50,213486_at,COPG2IT1,
51,213444_at,ZNF862,643641.0
52,213460_x_at,,155400.0
53,213423_x_at,TUSC3,7991.0
54,213448_at,,2630.0
55,213483_at,PPWD1,23398.0
56,213492_at,COL2A1,1280.0
57,213476_x_at,TUBB2A,7280.0
58,213473_at,BRAP,8315.0
59,213460_x_at,NSUN5P2,260294.0
60,213424_at,MATCAP2,23366.0
61,213441_x_at,SPDEF,25803.0
62,213510_x_at,FAM106A,80039.0
63,213510_x_at,FAM106A,284047.0
64,213479_at,NPTX2,4885.0
65,213484_at,ADD2,119.0
66,213464_at,SHC2,25759.0
67,213437_at,RUFY3,22902.0
68,213430_at,RUFY3,22902.0
69,213490_s_at,MAP2K2,5605.0
70,213431_x_at,SFI1,9814.0
71,213461_at,NUDT21,11051.0
72,213482_at,DOCK3,1795.0
73,213467_at,RND2,8153.0
74,213420_at,DHX57,90957.0
75,213510_x_at,USP32,84669.0
76,213436_at,CNR1,1268.0
77,213517_at,PCBP2,5094.0
78,213485_s_at,ABCC10,89845.0
79,213518_at,PRKCI,5584.0
80,213496_at,PLPPR4,9890.0
81,213434_at,STX2,2054.0
82,213505_s_at,SUGP2,10147.0
83,213513_x_at,ARPC2,10109.0
84,213458_at,FAM149B1,317662.0
85,213463_s_at,FAM149B1,317662.0
86,213466_at,RAB40C,57799.0
87,213503_x_at,ANXA2,302.0
88,213507_s_at,KPNB1,3837.0
89,213475_s_at,ITGAL,3683.0
90,213455_at,FAM114A1,92689.0
91,213477_x_at,EEF1A1,1915.0
92,213501_at,ACOX1,51.0
93,213468_at,ERCC2,2068.0
94,213439_x_at,RUNDC3A,10900.0
95,213504_at,COPS6,10980.0
96,213459_at,RPL37A,6168.0
97,213438_at,NFASC,23114.0
98,213453_x_at,GAPDH,2597.0
99,213499_at,CLCN2,1181.0
100,213509_x_at,CES2,8824.0
101,213500_at,COPB2,9276.0
102,213488_at,SNED1,25992.0
103,213493_at,SNED1,25992.0
104,213422_s_at,MXRA8,54587.0
105,213471_at,NPHP4,261734.0
106,213462_at,NPAS2,4862.0
107,213469_at,PGAP1,80055.0
108,213435_at,SATB2,23314.0
109,213465_s_at,PPP1R7,5510.0
110,213440_at,RAB1A,5861.0
111,213480_at,VAMP4,8674.0
112,213481_at,S100A13,6284.0
0,213538_at,SON,6651.0
1,213589_s_at,B3GNTL1,146712.0
2,213589_s_at,B3GNTL1,128966610.0
3,213551_x_at,PCGF2,7703.0
4,213617_s_at,TPGS2,25941.0
5,213616_at,TPGS2,25941.0
6,213601_at,SLIT1,6585.0
7,213614_x_at,EEF1A1P5,
8,213583_x_at,EEF1A1P5,
9,213603_s_at,RAC2,5880.0
10,213602_s_at,,
11,213526_s_at,,
12,213588_x_at,RPL14P1,
13,213579_s_at,EP300,2033.0
14,213614_x_at,EEF1A1P13,
15,213596_at,CASP4,837.0
16,213544_at,,
17,213556_at,PINLYP,390940.0
18,213614_x_at,EEF1A1P19,
19,213541_s_at,ERG,2078.0
20,213537_at,HLA-DPA1,3113.0
21,213608_s_at,SRRD,402055.0
22,213592_at,APLNR,187.0
23,213540_at,HSD17B8,7923.0
24,213560_at,,124904614.0
25,213581_at,PDCD2,5134.0
26,213614_x_at,EEF1A1P11,
27,213588_x_at,RPL14,9045.0
28,213553_x_at,APOC1P1,342.0
29,213605_s_at,GUSBP3,653188.0
30,213539_at,CD3D,915.0
31,213605_s_at,,
32,213605_s_at,,11039.0
33,213566_at,RNASE6,6039.0
34,213552_at,GLCE,26035.0
35,213549_at,PDZD8,118987.0
36,213584_s_at,CREBZF,58487.0
37,213599_at,OIP5,11339.0
38,213546_at,,
39,213526_s_at,LIN37,55957.0
40,213569_at,ANGEL1,23357.0
41,213611_at,AQP5,362.0
42,213600_at,SIPA1L3,23094.0
43,213614_x_at,EEF1A1P6,
44,213583_x_at,EEF1A1P6,
45,213562_s_at,SQLE,6713.0
46,213577_at,SQLE,6713.0
47,213598_at,KIF2A,3796.0
48,213609_s_at,SEZ6L,23544.0
49,213618_at,ARAP2,116984.0
50,213550_s_at,TMCO6,55374.0
51,213553_x_at,APOC1,341.0
52,213525_at,,
53,213555_at,RWDD2A,112611.0
54,213578_at,BMPR1A,657.0
55,213523_at,CCNE1,898.0
56,213558_at,PCLO,27445.0
57,213568_at,OSR2,116039.0
58,213529_at,ZNF688,146542.0
59,213527_s_at,ZNF688,146542.0
60,213542_at,ZNF710,374655.0
61,213522_s_at,CSNK1D,1453.0
62,213575_at,TRA2A,29896.0
63,213545_x_at,SNX3,8724.0
64,213606_s_at,ARHGDIA,396.0
65,213564_x_at,LDHB,3945.0
66,213548_s_at,CDV3,55573.0
67,213554_s_at,CDV3,55573.0
68,213534_s_at,PASK,23178.0
69,213571_s_at,EIF4E2,9470.0
70,213570_at,EIF4E2,9470.0
71,213557_at,CDK12,51755.0
72,213604_at,ELOA,6924.0
73,213572_s_at,SERPINB1,1992.0
74,213535_s_at,UBE2I,7329.0
75,213547_at,CAND2,23066.0
76,213543_at,SGCD,6444.0
77,213591_at,ALDH7A1,501.0
78,213520_at,RECQL4,9401.0
79,213573_at,KPNB1,3837.0
80,213574_s_at,KPNB1,3837.0
81,213533_at,NSG1,27065.0
82,213532_at,ADAM17,6868.0
83,213528_at,METTL18,92342.0
84,213546_at,ZNRF2,223082.0
85,213614_x_at,EEF1A1,1915.0
86,213583_x_at,EEF1A1,1915.0
87,213615_at,EMG1,10436.0
88,213587_s_at,ATP6V0E2,155066.0
89,213594_x_at,SRSF10,10772.0
90,213567_at,KPNA4,3840.0
91,213521_at,PTPN18,26469.0
92,213620_s_at,ICAM2,3384.0
93,213607_x_at,NADK,65220.0
94,213610_s_at,KLHL23,151230.0
95,213610_s_at,KLHL23,100526832.0
96,213524_s_at,G0S2,50486.0
97,213530_at,RAB3GAP1,22930.0
98,213531_s_at,RAB3GAP1,22930.0
99,213595_s_at,CDC42BPA,8476.0
0,213650_at,GOLGA8A,23015.0
1,213674_x_at,IGHD,
2,213637_at,DDX52,11056.0
3,213660_s_at,TOP3BP1,
4,213651_at,INPP5J,27124.0
5,213686_at,VPS13A,23230.0
6,213668_s_at,SOX4,6659.0
7,213658_at,ZNF710-AS1,109729181.0
8,213657_s_at,ZNF710-AS1,109729181.0
9,213691_at,PTOV1-AS2,
10,213690_s_at,PTOV1-AS2,
11,213717_at,,
12,213714_at,CACNB2,783.0
13,213709_at,ARMCX5-GPRASP2,100528062.0
14,213638_at,PHACTR1,221692.0
15,213633_at,SH3BP1,23616.0
16,213711_at,KRT81,3887.0
17,213680_at,KRT6B,3854.0
18,213682_at,NUP50,10762.0
19,213709_at,GPRASP3,80823.0
20,213679_at,IFT70A,92104.0
21,213652_at,PCSK5,5125.0
22,213659_at,ZNF75D,7626.0
23,213676_at,TMEM151B,441151.0
24,213678_at,TMEM151B,441151.0
25,213665_at,LINC00581,100874531.0
26,213627_at,MAGED2,10916.0
27,213630_at,NACAD,23148.0
28,213707_s_at,DLX5,1749.0
29,213693_s_at,MUC1,4582.0
30,213713_s_at,GLB1L2,89944.0
31,213667_at,TMEM265,100862671.0
32,213645_at,ENOSF1,55556.0
33,213624_at,SMPDL3A,10924.0
34,213666_at,SEPTIN6,23157.0
35,213712_at,ELOVL2,54898.0
36,213670_x_at,NSUN5P1,155400.0
37,213667_at,,
38,213623_at,KIF3A,11127.0
39,213647_at,DNA2,1763.0
40,213648_at,EXOSC7,23016.0
41,213640_s_at,LOX,4015.0
42,213646_x_at,TUBA1B,10376.0
43,213687_s_at,RPL35A,6165.0
44,213670_x_at,,155400.0
45,213703_at,LINC00342,
46,213639_s_at,ZNF500,26048.0
47,213641_at,ZNF500,26048.0
48,213646_x_at,TUBA1A,7846.0
49,213717_at,LDB3,11155.0
50,213636_at,PHF24,23349.0
51,213670_x_at,NSUN5P2,260294.0
52,213634_s_at,TRMU,55687.0
53,213685_at,ELOA-AS1,100506963.0
54,213629_x_at,MT1F,4494.0
55,213695_at,PON3,5446.0
56,213698_at,,
57,213656_s_at,KLC1,3831.0
58,213660_s_at,TOP3B,8940.0
59,213664_at,SLC1A1,6505.0
60,213706_at,GPD1,2819.0
61,213622_at,COL9A2,1298.0
62,213715_s_at,KANK3,256949.0
63,213689_x_at,DIPK1A,388650.0
64,213681_at,ZFTRAF1,50626.0
65,213649_at,SRSF7,6432.0
66,213702_x_at,ASAH1,427.0
67,213669_at,FCHO1,23149.0
68,213698_at,TMEM35B,100506144.0
69,213654_at,TAF5L,27097.0
70,213705_at,GGCX,2677.0
71,213701_at,RLIG1,91298.0
72,213671_s_at,MARS1,4141.0
73,213672_at,MARS1,4141.0
74,213650_at,GOLGA8B,23015.0
75,213650_at,GOLGA8B,440270.0
76,213718_at,RBM4,5936.0
77,213683_at,ACSL6,23305.0
78,213626_at,CBR4,84869.0
79,213653_at,METTL3,56339.0
80,213700_s_at,PKM,5315.0
81,213675_at,PARVA,55742.0
82,213625_at,ZKSCAN4,387032.0
83,213688_at,CALM1,801.0
84,213694_at,RSBN1,54665.0
85,213661_at,PAMR1,25891.0
86,213696_s_at,MED8,112950.0
87,213708_s_at,MLX,6945.0
88,213632_at,DHODH,1723.0
89,213684_s_at,PDLIM5,10611.0
90,213628_at,CLCC1,23155.0
91,213644_at,CEP112,201134.0
92,213720_s_at,SMARCA4,6597.0
93,213716_s_at,SECTM1,6398.0
94,213643_s_at,INPP5B,3633.0
95,213677_s_at,PMS1,5378.0
96,213699_s_at,YWHAQ,10971.0
97,213704_at,RABGGTB,5876.0
0,213753_x_at,EIF5A,1984.0
1,213757_at,GPS2,2874.0
2,213757_at,,
3,213725_x_at,XYLT1,64131.0
4,213749_at,MASP1,5648.0
5,213735_s_at,COX5B,1329.0
6,213756_s_at,HSF1,3297.0
7,213801_x_at,RPSAP54,
8,213737_x_at,GOLGA8J,653073.0
9,213737_x_at,GOLGA8T,653075.0
10,213737_x_at,GOLGA8T,653125.0
11,213737_x_at,,
12,213737_x_at,GOLGA8N,643699.0
13,213762_x_at,RBMXP5,
14,213801_x_at,RPSAP15,
15,213787_s_at,,
16,213813_x_at,,
17,213737_x_at,GOLGA8O,728047.0
18,213762_x_at,RBMXP2,
19,213766_x_at,GNA11,2767.0
20,213771_at,IRF2BP1,26145.0
21,213737_x_at,GOLGA8H,728498.0
22,213790_at,ADAM12,8038.0
23,213737_x_at,GOLGA8M,653720.0
24,213737_x_at,GOLGA8Q,727909.0
25,213737_x_at,GOLGA8Q,728047.0
26,213737_x_at,GOLGA8S,653061.0
27,213739_at,,103344931.0
28,213737_x_at,GOLGA8K,653125.0
29,213737_x_at,GOLGA8R,101059918.0
30,213784_at,IFT27,11020.0
31,213728_at,LAMP1,3916.0
32,213801_x_at,RPSAP12,
33,213768_s_at,ASCL1,429.0
34,213776_at,ZNNT1,
35,213806_at,MALINC1,124900193.0
36,213747_at,MAILR,
37,213740_s_at,TMEM262,100130348.0
38,213801_x_at,RPSAP9,
39,213801_x_at,,
40,213752_at,KAZN,23254.0
41,213762_x_at,,105375968.0
42,213748_at,TRIM66,9866.0
43,213801_x_at,RPSAP19,
44,213797_at,RSAD2,91543.0
45,213802_at,PRSS12,8492.0
46,213727_x_at,MPPE1,65258.0
47,213722_at,SOX2,6657.0
48,213721_at,SOX2,6657.0
49,213801_x_at,RPSAP26,
50,213820_s_at,STARD5,80765.0
51,213788_s_at,BRD3OS,266655.0
52,213754_s_at,PAIP1P2,
53,213792_s_at,INSR,3643.0
54,213738_s_at,ATP5F1A,498.0
55,213726_x_at,TUBB4B,10383.0
56,213780_at,TCHH,7062.0
57,213796_at,SPRR1A,6698.0
58,213815_x_at,CACTIN,58509.0
59,213761_at,MDM1,56890.0
60,213754_s_at,PAIP1,10605.0
61,213818_x_at,TMEM223,79064.0
62,213734_at,RFC5,5985.0
63,213744_at,ATRNL1,26033.0
64,213745_at,ATRNL1,26033.0
65,213762_x_at,RBMX,27316.0
66,213779_at,EMID1,129080.0
67,213769_at,KSR1,8844.0
68,213767_at,KSR1,8844.0
69,213772_s_at,GGA2,23062.0
70,213763_at,HIPK2,28996.0
71,213799_s_at,PTPRA,5786.0
72,213795_s_at,PTPRA,5786.0
73,213746_s_at,FLNA,2316.0
74,213751_at,PPP1R37,284352.0
75,213781_at,PPP1R37,284352.0
76,213775_x_at,ZNF638,27332.0
77,213794_s_at,NGDN,25983.0
78,213743_at,CCNT2,905.0
79,213812_s_at,CAMKK2,10645.0
80,213787_s_at,EBP,10682.0
81,213811_x_at,TCF3,6929.0
82,213730_x_at,TCF3,6929.0
83,213791_at,PENK,5179.0
84,213801_x_at,RPSA2,388524.0
85,213733_at,MYO1F,4542.0
86,213750_at,RSL1D1,26156.0
87,213742_at,SRSF11,9295.0
88,213817_at,IRAK3,11213.0
89,213786_at,TAX1BP1,8887.0
90,213760_s_at,ZNF330,27309.0
91,213782_s_at,MYOZ2,51778.0
92,213785_at,IPO9,55705.0
93,213808_at,ADAM23,8745.0
94,213778_x_at,ZNF276,92822.0
95,213764_s_at,MFAP5,8076.0
96,213765_at,MFAP5,8076.0
97,213816_s_at,MET,4233.0
98,213807_x_at,MET,4233.0
99,213803_at,KPNB1,3837.0
100,213793_s_at,HOMER1,9456.0
101,213798_s_at,CAP1,10487.0
102,213801_x_at,RPSA,3921.0
103,213758_at,COX4I1,1327.0
104,213741_s_at,KPNA1,3836.0
105,213804_at,INPP5B,3633.0
106,213805_at,ABHD5,51099.0
107,213818_x_at,NXF1,10482.0
108,213724_s_at,PDK2,5164.0
109,213801_x_at,COMMD1,150684.0
110,213800_at,CFH,3075.0
111,213729_at,PRPF40A,55660.0
0,213897_s_at,,
1,213843_x_at,,
2,213897_s_at,MRPL23,6150.0
3,213828_x_at,H3P36,
4,213908_at,,
5,213829_x_at,RTEL1-TNFRSF6B,
6,213837_at,L3MBTL1,26013.0
7,213881_x_at,SUMO2P21,
8,213821_s_at,,
9,213828_x_at,H3P47,
10,213918_s_at,NIPBL,25836.0
11,213904_at,FRRS1L,23732.0
12,213828_x_at,H3P16,
13,213891_s_at,TCF4,6925.0
14,213826_s_at,,
15,213916_at,ZNF20,7568.0
16,213916_at,ZNF625-ZNF20,
17,213845_at,GRIK2,2898.0
18,213861_s_at,EEF1AKMT3,25895.0
19,213827_at,ARHGAP33,115703.0
20,213901_x_at,RBFOX2,23543.0
21,213824_at,OLIG2,10215.0
22,213825_at,OLIG2,10215.0
23,213860_x_at,CSNK1A1,1452.0
24,213860_x_at,,
25,213909_at,LRRC15,131578.0
26,213913_s_at,TBC1D30,23329.0
27,213912_at,TBC1D30,23329.0
28,213848_at,DUSP7,1849.0
29,213885_at,TRIM3,10612.0
30,213884_s_at,TRIM3,10612.0
31,213870_at,COL11A2,1302.0
32,213855_s_at,LIPE,3991.0
33,213834_at,IQSEC3,440073.0
34,213847_at,PRPH,5630.0
35,213828_x_at,H3P6,
36,213874_at,SERPINA4,5267.0
37,213851_at,STIMATE-MUSTN1,100526772.0
38,213828_x_at,NEUROG2-AS1,105377372.0
39,213828_x_at,NEUROG2-AS1,124900760.0
40,213921_at,SST,6750.0
41,213868_s_at,PCNX4,64430.0
42,213915_at,NKG7,4818.0
43,213863_s_at,OAZ3,51686.0
44,213881_x_at,SUMO2P1,
45,213881_x_at,,
46,213880_at,LGR5,8549.0
47,213890_x_at,RPS16,6217.0
48,213838_at,NOL7,51406.0
49,213844_at,HOXA5,3202.0
50,213823_at,HOXA11,3207.0
51,213839_at,CLMN,79789.0
52,213859_x_at,SMARCA5,8467.0
53,213881_x_at,SUMO2P3,
54,213889_at,PIGL,9487.0
55,213871_s_at,CUL9,23113.0
56,213846_at,COX7C,1350.0
57,213853_at,DNAJC24,120526.0
58,213843_x_at,SLC6A10P,
59,213843_x_at,,386757.0
60,213841_at,TNR,7143.0
61,213835_x_at,GTPBP3,84705.0
62,213843_x_at,SLC6A8,6535.0
63,213894_at,THSD7A,221981.0
64,213881_x_at,SUMO2P17,
65,213829_x_at,RTEL1,51750.0
66,213920_at,CUX2,23316.0
67,213849_s_at,PPP2R2B,5521.0
68,213892_s_at,APRT,353.0
69,213917_at,PAX8,7849.0
70,213877_x_at,ELOB,6923.0
71,213854_at,SYNGR1,9145.0
72,213876_x_at,ZRSR2,8233.0
73,213911_s_at,H2AZ1,3015.0
74,213858_at,ZNF250,58500.0
75,213900_at,ENTREP1,9413.0
76,213850_s_at,SCAF11,9169.0
77,213902_at,ASAH1,427.0
78,213865_at,DCBLD2,131566.0
79,213832_at,KCND3,3752.0
80,213905_x_at,BGN,633.0
81,213899_at,METAP2,10988.0
82,213831_at,HLA-DQA1,3117.0
83,213906_at,MYBL1,4603.0
84,213864_s_at,NAP1L1,4673.0
85,213896_x_at,FAM149B1,317662.0
86,213852_at,RBM8A,9939.0
87,213867_x_at,ACTB,60.0
88,213875_x_at,C6orf62,81688.0
89,213887_s_at,POLR2E,5434.0
90,213895_at,EMP1,2012.0
91,213866_at,SAMD14,201191.0
92,213869_x_at,THY1,7070.0
93,213822_s_at,UBE3B,89910.0
94,213878_at,PYROXD1,79912.0
95,213857_s_at,CD47,961.0
96,213851_at,STIMATE,375346.0
97,213836_s_at,WIPI1,55062.0
98,213828_x_at,H3-3A,3020.0
99,213881_x_at,SUMO2,6613.0
100,213888_s_at,TRAF3IP3,80342.0
101,213883_s_at,TM2D1,83941.0
0,213974_at,ADAMTSL3,57188.0
1,213941_x_at,RPS7P10,
2,213924_at,GNAL,2774.0
3,213997_at,ENTREP2,23359.0
4,213953_at,KRT20,54474.0
5,213941_x_at,RPS7P11,
6,213996_at,YPEL1,29799.0
7,213998_s_at,DDX17,10521.0
8,214009_at,MSL3,10943.0
9,214015_at,SOCS7,30837.0
10,213967_at,RALYL,138046.0
11,213988_s_at,SAT1,6303.0
12,214003_x_at,SNORD54,26795.0
13,213944_x_at,GNA11,2767.0
14,214003_x_at,,
15,213988_s_at,,127933115.0
16,213972_at,FOXD1-AS1,
17,213975_s_at,LYZ,4069.0
18,213932_x_at,HLA-A,3105.0
19,213989_x_at,SETD4,54093.0
20,214014_at,,
21,214004_s_at,VGLL4,9686.0
22,213929_at,EXPH5,23086.0
23,213985_s_at,,
24,213923_at,RAP2B,5912.0
25,214001_x_at,,
26,213922_at,TTBK2,146057.0
27,214012_at,ERAP1,51752.0
28,213995_at,DMAC2L,27109.0
29,213927_at,MAP3K9,4293.0
30,213982_s_at,RABGAP1L,9910.0
31,214010_s_at,ATP9B,374868.0
32,213943_at,TWIST1,7291.0
33,214003_x_at,RPS20,6224.0
34,213969_x_at,RPL29P11,
35,213941_x_at,RPS7P1,
36,213951_s_at,PSMC3IP,29893.0
37,213930_at,ATG12,9140.0
38,213925_at,STUM,375057.0
39,214016_s_at,SFPQ,6421.0
40,213934_s_at,,
41,213958_at,CD6,923.0
42,214007_s_at,TWF1P1,
43,213978_at,MTSS2,92154.0
44,213980_s_at,CTBP1,1487.0
45,213965_s_at,CHD5,26038.0
46,213937_s_at,FTSJ1,24140.0
47,214014_at,CDC42EP2,10435.0
48,213961_s_at,TMEM223,79064.0
49,213947_s_at,NUP210,23225.0
50,214011_s_at,NOP16,51491.0
51,213940_s_at,FNBP1,23048.0
52,213990_s_at,PAK5,57144.0
53,213954_at,FAM169A,26049.0
54,213970_at,RABL3,285282.0
55,213971_s_at,SUZ12P1,
56,213986_s_at,TMEM259,91304.0
57,213969_x_at,RPL29,6159.0
58,213971_s_at,,
59,213981_at,COMT,1312.0
60,213938_at,ERC2,26059.0
61,213992_at,COL4A6,1288.0
62,213955_at,MYOZ3,91977.0
63,213939_s_at,RUFY3,22902.0
64,213973_at,RRBP1,6238.0
65,213960_at,NTRK3,4916.0
66,213941_x_at,RPS7,6201.0
67,213933_at,PTGER3,5733.0
68,213931_at,ID2,3398.0
69,213959_s_at,RPGRIP1L,23322.0
70,213966_at,MFSD12,126321.0
71,213971_s_at,SUZ12,23512.0
72,214006_s_at,GGCX,2677.0
73,214005_at,GGCX,2677.0
74,213977_s_at,CIZ1,25792.0
75,213976_at,CIZ1,25792.0
76,213934_s_at,ZNF23,7571.0
77,213957_s_at,CEP350,9857.0
78,213956_at,CEP350,9857.0
79,214017_s_at,DHX34,9704.0
80,214002_at,MYL6,4637.0
81,213983_s_at,PDS5A,23244.0
82,213984_at,PDS5A,23244.0
83,214007_s_at,TWF1,5756.0
84,213994_s_at,SPON1,10418.0
85,213993_at,SPON1,10418.0
86,214018_at,GRIP1,23426.0
87,213946_s_at,OBSL1,23363.0
88,213935_at,ABHD5,51099.0
89,213942_at,MEGF6,1953.0
90,213926_s_at,AGFG1,3267.0
91,213948_x_at,CADM3,57863.0
0,214032_at,ZAP70,7535.0
1,214086_s_at,PARP2,10038.0
2,214074_s_at,CTTN,2017.0
3,214073_at,CTTN,2017.0
4,214071_at,GNAL,2774.0
5,214062_x_at,NFKBIB,4793.0
6,214033_at,ABCC6,368.0
7,214107_x_at,,440434.0
8,214033_at,ABCC6P2,730013.0
9,214035_x_at,,
10,214107_x_at,,
11,214088_s_at,FUT3,2525.0
12,214120_at,RFPL1S,102723305.0
13,214036_at,EFNA5,1946.0
14,214023_x_at,TUBB2B,347733.0
15,214091_s_at,GPX3,2878.0
16,214119_s_at,FKBP1A,2280.0
17,214022_s_at,,
18,214085_x_at,GLIPR1,11010.0
19,214051_at,TMSB15C,286527.0
20,214051_at,TMSB15C,122394733.0
21,214030_at,CRYBG3,131544.0
22,214111_at,OPCML,4978.0
23,214043_at,PTPRD,5789.0
24,214028_x_at,TDRD3,81550.0
25,214079_at,DHRS2,10202.0
26,214034_at,ERAP1,51752.0
27,214109_at,LRBA,987.0
28,214051_at,TMSB15B,286527.0
29,214053_at,ERBB4,2066.0
30,214108_at,MAX,4149.0
31,214055_x_at,PRRC2C,23215.0
32,214042_s_at,RPL22P1,
33,214042_s_at,,
34,214039_s_at,LAPTM4B,55353.0
35,214110_s_at,,645166.0
36,214110_s_at,,654342.0
37,214082_at,CA5B,11238.0
38,214038_at,CCL8,6355.0
39,214100_x_at,NSUN5P1,155400.0
40,214063_s_at,TF,7018.0
41,214064_at,TF,7018.0
42,214035_x_at,NPIPB3,23117.0
43,214068_at,BEAN1,146227.0
44,214099_s_at,PDE4DIP,9659.0
45,214099_s_at,PDE4DIP,124904395.0
46,214097_at,RPS21,6227.0
47,214084_x_at,NCF1B,
48,214035_x_at,NPIPP1,
49,214047_s_at,MBD4,8930.0
50,214048_at,MBD4,8930.0
51,214084_x_at,NCF1B,654816.0
52,214046_at,FUT9,10690.0
53,214058_at,MYCL,4610.0
54,214110_s_at,,107985911.0
55,214035_x_at,NPIPA9,105376752.0
56,214044_at,RYR2,6262.0
57,214112_s_at,EOLA2,541578.0
58,214115_at,,
59,214100_x_at,,155400.0
60,214035_x_at,NPIPB5,100132247.0
61,214035_x_at,,105369154.0
62,214061_at,TBC1D31,93594.0
63,214095_at,SHMT2,6472.0
64,214096_s_at,SHMT2,6472.0
65,214084_x_at,NCF1C,
66,214084_x_at,NCF1C,654817.0
67,214033_at,ABCC6P1,653190.0
68,214070_s_at,ATP10B,23120.0
69,214114_x_at,,
70,214100_x_at,NSUN5P2,260294.0
71,214110_s_at,LINC02802,100996732.0
72,214110_s_at,LINC02802,107985200.0
73,214069_at,ACSM2B,348158.0
74,214101_s_at,KPNB1-DT,
75,214110_s_at,LSP1P5,645166.0
76,214110_s_at,LSP1P5,107985200.0
77,214069_at,ACSM2A,123876.0
78,214110_s_at,,107985200.0
79,214107_x_at,NPEPPSP1,
80,214049_x_at,CD7,924.0
81,214037_s_at,CCDC22,28952.0
82,214077_x_at,MEIS3P1,
83,214045_at,LIAS,11019.0
84,214076_at,GFOD2,81577.0
85,214099_s_at,,
86,214098_at,BTBD8,284697.0
87,214112_s_at,EOLA1,91966.0
88,214121_x_at,PDLIM7,9260.0
89,214083_at,PPP2R5C,5527.0
90,214059_at,IFI44,10561.0
91,214106_s_at,GMDS,2762.0
92,214054_at,DOK2,9046.0
93,214080_x_at,PRKCSH,5589.0
94,214066_x_at,NPR2,4882.0
95,214092_x_at,SUGP2,10147.0
96,214118_x_at,PCM1,5108.0
97,214027_x_at,DES,1674.0
98,214117_s_at,BTD,686.0
99,214116_at,BTD,686.0
100,214042_s_at,RPL22,6146.0
101,214113_s_at,RBM8A,9939.0
102,214100_x_at,NSUN5,55695.0
103,214114_x_at,FASTK,10922.0
104,214022_s_at,IFITM1,8519.0
105,214050_at,ZNF654,55279.0
106,214081_at,PLXDC1,57125.0
107,214087_s_at,MYBPC1,4604.0
108,214075_at,NENF,29937.0
109,214084_x_at,NCF1,653361.0
110,214104_at,GPR161,23432.0
111,214107_x_at,NPEPPS,9520.0
112,214093_s_at,FUBP1,8880.0
113,214094_at,FUBP1,8880.0
0,214203_s_at,,
1,214131_at,,246126.0
2,214133_at,MUC6,4588.0
3,214162_at,ASXL3,80816.0
4,214143_x_at,RPL24P2,
5,214168_s_at,TJP1,7082.0
6,214152_at,DNAAF4-CCPG1,100533483.0
7,214151_s_at,DNAAF4-CCPG1,100533483.0
8,214218_s_at,,
9,214157_at,GNAS,2778.0
10,214202_at,PGGT1B,5229.0
11,214183_s_at,TKTL1,8277.0
12,214210_at,SLC25A17,10478.0
13,214218_s_at,XIST,7503.0
14,214143_x_at,RPL24P8,
15,214146_s_at,PPBP,5473.0
16,214195_at,,
17,214196_s_at,,
18,214123_s_at,NOP14-AS1,
19,214201_x_at,PRRC2A,7916.0
20,214204_at,PACRG,135138.0
21,214194_at,DIS3,22894.0
22,214147_at,MROH7-TTC4,
23,214138_at,ZNF79,7633.0
24,214186_s_at,HCP5,10866.0
25,214154_s_at,PKP2,5318.0
26,214144_at,RPS26P19,
27,214220_s_at,ALMS1,7840.0
28,214221_at,ALMS1,7840.0
29,214178_s_at,,
30,214159_at,PLCE1,51196.0
31,214198_s_at,DGCR2,9993.0
32,214164_x_at,CA12,771.0
33,214211_at,FTH1,2495.0
34,214130_s_at,PDE4DIP,9659.0
35,214129_at,PDE4DIP,9659.0
36,214130_s_at,PDE4DIP,124904395.0
37,214129_at,PDE4DIP,124904395.0
38,214173_x_at,URI1,8725.0
39,214143_x_at,RPL24,6152.0
40,214150_x_at,ATP6V0E1,8992.0
41,214219_x_at,MAP4K1,11184.0
42,214214_s_at,,
43,214214_s_at,C1QBP,708.0
44,214184_at,ATF7,11016.0
45,214167_s_at,RPLP0P6,
46,214196_s_at,TPP1,1200.0
47,214195_at,TPP1,1200.0
48,214152_at,CCPG1,9236.0
49,214151_s_at,CCPG1,9236.0
50,214203_s_at,PRODH,5625.0
51,214199_at,SFTPD,6441.0
52,214188_at,HEXIM2-AS1,
53,214190_x_at,GGA2,23062.0
54,214144_at,POLR2D,5433.0
55,214205_x_at,GLRX3,10539.0
56,214184_at,NPFF,8620.0
57,214175_x_at,PDLIM4,8572.0
58,214147_at,MROH7,374977.0
59,214208_at,RPS3,6188.0
60,214141_x_at,SRSF7,6432.0
61,214172_x_at,RYK,6259.0
62,214148_at,ITFG2,55846.0
63,214193_s_at,UTP25,27042.0
64,214145_s_at,SPTB,6710.0
65,214209_s_at,ABCB9,23457.0
66,214181_x_at,LST1,7940.0
67,214124_x_at,CEP43,11116.0
68,214179_s_at,NFE2L1,4779.0
69,214216_s_at,LARP4B,23185.0
70,214197_s_at,SETDB1,9869.0
71,214212_x_at,FERMT2,10979.0
72,214142_at,ZG16,653808.0
73,214206_at,PPIL6,285755.0
74,214192_at,NUP88,4927.0
75,214140_at,SLC25A16,8034.0
76,214155_s_at,LARP4,113251.0
77,214136_at,NUDT13,25961.0
78,214135_at,CLDN18,51208.0
79,214158_s_at,PRDM10,56980.0
80,214217_at,GRM5,2915.0
81,214169_at,SUN1,23353.0
82,214156_at,MYRIP,25924.0
83,214167_s_at,RPLP0,6175.0
84,214128_at,DAGLA,747.0
85,214180_at,MAN1C1,57134.0
86,214170_x_at,FH,2271.0
87,214177_s_at,PBXIP1,57326.0
88,214185_at,KHDRBS1,10657.0
89,214213_x_at,LMNA,4000.0
0,214303_x_at,MUC5AC,4586.0
1,214223_at,PTP4A3,11156.0
2,214318_s_at,FRY,10129.0
3,214252_s_at,CLN5,1203.0
4,214252_s_at,,
5,214291_at,SNORD58C,
6,214299_at,TOP3A,7156.0
7,214300_s_at,TOP3A,7156.0
8,214276_at,KLF12,11278.0
9,214239_x_at,PCGF2,7703.0
10,214243_s_at,SERHL,
11,214317_x_at,RPS9,6203.0
12,214271_x_at,SNORA65,26783.0
13,214243_s_at,SERHL,94009.0
14,214309_s_at,PFKL,5211.0
15,214241_at,,
16,214316_x_at,,
17,214231_s_at,VWA8,23078.0
18,214255_at,ATP10A,57194.0
19,214256_at,ATP10A,57194.0
20,214248_s_at,,
21,214238_at,GDF7,151449.0
22,214254_at,MAGEA4,4103.0
23,214224_s_at,PIN4,5303.0
24,214225_at,PIN4,5303.0
25,214222_at,DNAH7,56171.0
26,214284_s_at,,
27,214296_x_at,IZUMO4,113177.0
28,214264_s_at,EFCAB11,90141.0
29,214293_at,SEPTIN11,55752.0
30,214261_s_at,ADH6,130.0
31,214291_at,RPL17,6139.0
32,214320_x_at,CYP2A6,1548.0
33,214281_s_at,RCHY1,25898.0
34,214283_at,TMEM97,27346.0
35,214290_s_at,H2AC18,8337.0
36,214226_at,,
37,214248_s_at,TRIM2,23321.0
38,214286_at,GNAT1,2779.0
39,214271_x_at,RPL12,6136.0
40,214230_at,,
41,214298_x_at,SEPTIN6,23157.0
42,214310_s_at,ZFPL1,7542.0
43,214311_at,ZFPL1,7542.0
44,214228_x_at,TNFRSF4,7293.0
45,214226_at,PRSS53,339105.0
46,214297_at,CSPG4,1464.0
47,214241_at,NDUFB8,4714.0
48,214288_s_at,PSMB1,5689.0
49,214229_at,DNAH17,8632.0
50,214263_x_at,POLR2C,5432.0
51,214240_at,GAL,51083.0
52,214234_s_at,CYP3A5,1577.0
53,214235_at,CYP3A5,1577.0
54,214259_s_at,AKR7A2,8574.0
55,214243_s_at,SERHL2,253190.0
56,214290_s_at,H2AC19,723790.0
57,214266_s_at,PDLIM7,9260.0
58,214321_at,CCN3,4856.0
59,214260_at,COPS8,10920.0
60,214280_x_at,HNRNPA1,3178.0
61,214258_x_at,KAT5,10524.0
62,214315_x_at,CALR,811.0
63,214245_at,RPS14,6208.0
64,214273_x_at,NPRL3,8131.0
65,214269_at,SLC49A3,84179.0
66,214292_at,ITGB4,3691.0
67,214265_at,ITGA8,8516.0
68,214308_s_at,HGD,3081.0
69,214307_at,HGD,3081.0
70,214274_s_at,ACAA1,30.0
71,214320_x_at,CYP2A7,1549.0
72,214247_s_at,DKK3,27122.0
73,214268_s_at,MTMR4,9110.0
74,214272_at,CYLD,1540.0
75,214253_s_at,DTNB,1838.0
76,214237_x_at,PAWR,5074.0
77,214251_s_at,NUMA1,4926.0
78,214250_at,NUMA1,4926.0
79,214246_x_at,MINK1,50488.0
80,214277_at,COX11,1353.0
81,214306_at,OPA1,4976.0
82,214232_at,ABCF2,10061.0
83,214305_s_at,SF3B1,23451.0
84,214314_s_at,EIF5B,9669.0
85,214270_s_at,MAPRE3,22924.0
86,214230_at,CDC42,998.0
87,214295_at,NFIA,4774.0
88,214294_at,NFIA,4774.0
89,214285_at,FABP3,2170.0
0,214385_s_at,MUC5AC,4586.0
1,214355_x_at,CTAGE15,441294.0
2,214355_x_at,CTAGE6,340307.0
3,214366_s_at,ALOX5,240.0
4,214401_at,PAX1,5075.0
5,214371_at,TSSK2,23617.0
6,214358_at,ACACA,31.0
7,214412_at,H2AB3,83740.0
8,214406_s_at,,
9,214411_x_at,CTRB2,440387.0
10,214409_at,RFPL3S,10737.0
11,214408_s_at,RFPL3S,10737.0
12,214412_at,H2AB1,474382.0
13,214412_at,H2AB2,474381.0
14,214408_s_at,RFPL1S,102723305.0
15,214327_x_at,TPT1,7178.0
16,214395_x_at,,
17,214392_at,IRGC,56269.0
18,214382_at,,
19,214326_x_at,JUND,3727.0
20,214348_at,TACR2,6865.0
21,214406_s_at,SLC7A4,6545.0
22,214355_x_at,CTAGE9,643854.0
23,214332_s_at,,
24,214331_at,,
25,214407_x_at,GYPB,2994.0
26,214355_x_at,CTAGE4,100128553.0
27,214355_x_at,CTAGE8,100142659.0
28,214355_x_at,,
29,214400_at,INSL3,3640.0
30,214415_at,,
31,214418_at,CT62,196993.0
32,214381_at,,441601.0
33,214345_at,EDIL3-DT,105379057.0
34,214361_s_at,RGS12,6002.0
35,214362_at,RGS12,6002.0
36,214323_s_at,UPF3A,65110.0
37,214396_s_at,MBD2,8932.0
38,214397_at,MBD2,8932.0
39,214373_at,,
40,214328_s_at,HSP90AA1,3320.0
41,214421_x_at,CYP2C9,1559.0
42,214415_at,PLGLA,
43,214357_at,C1orf105,92346.0
44,214382_at,UNC93A,54346.0
45,214343_s_at,ATXN7L1,222255.0
46,214341_at,AP1G2,8906.0
47,214389_at,SLC5A12,159963.0
48,214377_s_at,CTRL,1506.0
49,214377_s_at,,
50,214349_at,,124904135.0
51,214349_at,,124904138.0
52,214349_at,,124904139.0
53,214349_at,,124904141.0
54,214349_at,,124904142.0
55,214349_at,,124904143.0
56,214349_at,,124907963.0
57,214349_at,,124907964.0
58,214349_at,,124907965.0
59,214349_at,,124904136.0
60,214349_at,,124904137.0
61,214349_at,,124904140.0
62,214349_at,,124904146.0
63,214349_at,,124904145.0
64,214349_at,,124904144.0
65,214334_x_at,DAZAP2,9802.0
66,214390_s_at,BCAT1,586.0
67,214339_s_at,MAP4K1,11184.0
68,214323_s_at,UPF3AP2,
69,214387_x_at,SFTPC,6440.0
70,214323_s_at,,
71,214340_at,ALOX12P2,
72,214414_x_at,HBA2,3040.0
73,214414_x_at,HBA1,3039.0
74,214340_at,,245.0
75,214372_x_at,ERN2,10595.0
76,214324_at,GP2,2813.0
77,214325_at,GP2,2813.0
78,214333_x_at,IDH3G,3421.0
79,214404_x_at,SPDEF,25803.0
80,214330_at,ATPAF2,91647.0
81,214352_s_at,KRAS,3845.0
82,214349_at,,
83,214344_at,TMEM8B,51754.0
84,214415_at,PLGLB1,5343.0
85,214359_s_at,HSP90AB1,3326.0
86,214402_s_at,SFI1,9814.0
87,214332_s_at,TSFM,10102.0
88,214331_at,TSFM,10102.0
89,214374_s_at,PPFIBP1,8496.0
90,214375_at,PPFIBP1,8496.0
91,214376_at,MAPK10,5602.0
92,214391_x_at,PTGER1,5731.0
93,214364_at,MTERF4,130916.0
94,214393_at,RND2,8153.0
95,214335_at,RPL18,6141.0
96,214384_s_at,DCTN2,10540.0
97,214363_s_at,MATR3,9782.0
98,214415_at,PLG,5340.0
99,214356_s_at,ECPAS,23392.0
100,214335_at,FAM83E,54854.0
101,214322_at,CAMK2G,818.0
102,214403_x_at,PACSIN1,29993.0
103,214383_x_at,KLHDC3,116138.0
104,214338_at,DNAJB12,54788.0
105,214369_s_at,RASGRP2,10235.0
106,214368_at,RASGRP2,10235.0
107,214398_s_at,IKBKE,9641.0
108,214360_at,SMARCA4,6597.0
109,214347_s_at,DDC,1644.0
110,214354_x_at,SFTPB,6439.0
111,214329_x_at,TNFSF10,8743.0
112,214365_at,TPM3,7170.0
113,214415_at,PLGLB2,5342.0
114,214378_at,TFPI,7035.0
115,214336_s_at,COPA,1314.0
116,214337_at,COPA,1314.0
0,214510_at,GPR20,2843.0
1,214504_at,ABO,28.0
2,214496_x_at,KAT6B,23522.0
3,214456_x_at,SAA1,6288.0
4,214476_at,TFF2,7032.0
5,214487_s_at,RAP2A,5911.0
6,214448_x_at,NFKBIB,4793.0
7,214495_at,CACNG2,10369.0
8,214442_s_at,PIAS2,9063.0
9,214485_at,ODF1,4956.0
10,214518_at,PDHA2,5161.0
11,214434_at,HSPA12A,259217.0
12,214451_at,TFAP2B,7021.0
13,214430_at,GLA,2717.0
14,214431_at,GMPSP1,
15,214519_s_at,RLN2,6019.0
16,214471_x_at,LHB,3972.0
17,214503_x_at,GPR135,64582.0
18,214509_at,H3C11,8354.0
19,214449_s_at,RHOQP1,
20,214472_at,,
21,214475_x_at,,
22,214475_x_at,CAPN3,825.0
23,214463_x_at,H4C11,8363.0
24,214489_at,FSHB,2488.0
25,214427_at,,
26,214490_at,ARSF,416.0
27,214517_at,KRTAP5-9,3846.0
28,214432_at,,
29,214429_at,MTMR6,9107.0
30,214459_x_at,HLA-C,3107.0
31,214459_x_at,HLA-B,3106.0
32,214449_s_at,RHOQP2,
33,214449_s_at,RHOQP3,
34,214470_at,KLRB1,3820.0
35,214428_x_at,C4A,720.0
36,214428_x_at,C4A,110384692.0
37,214428_x_at,C4B,721.0
38,214516_at,H4C2,8366.0
39,214472_at,H3C4,8351.0
40,214463_x_at,H4C12,8362.0
41,214428_x_at,C4B_2,100293534.0
42,214508_x_at,CREM,1390.0
43,214465_at,ORM2,5005.0
44,214462_at,SOCS6,9306.0
45,214467_at,GPR65,8477.0
46,214438_at,,
47,214460_at,LSAMP,4045.0
48,214488_at,RAP2B,5912.0
49,214487_s_at,RAP2B,5912.0
50,214487_s_at,,
51,214469_at,H2AC8,3012.0
52,214441_at,STX6,10228.0
53,214480_at,ETV3,2117.0
54,214493_s_at,PATJ,10207.0
55,214444_s_at,CEACAM19,56971.0
56,214520_at,FOXC2,2303.0
57,214457_at,HOXA2,3199.0
58,214515_at,OR1E1,8387.0
59,214440_at,NAT1,9.0
60,214473_x_at,PMS2P3,
61,214446_at,ELL2P1,
62,214499_s_at,BCLAF1P2,
63,214511_x_at,FCGR1BP,
64,214426_x_at,CHAF1A,10036.0
65,214505_s_at,FHL1,2273.0
66,214491_at,SSTR3,6753.0
67,214447_at,ETS1,2113.0
68,214452_at,BCAT1,586.0
69,214437_s_at,SHMT2,6472.0
70,214473_x_at,PMS2P3,5387.0
71,214502_at,H2BC11,8970.0
72,214498_at,ASIP,434.0
73,214478_at,SPP2,6694.0
74,214446_at,ELL2,22936.0
75,214511_x_at,FCGR1CP,
76,214511_x_at,,
77,214477_at,MLLT1,4298.0
78,214499_s_at,BCLAF1,9774.0
79,214511_x_at,FCGR1BP,2210.0
80,214461_at,LBP,3929.0
81,214507_s_at,EXOSC2,23404.0
82,214482_at,ZBTB25,7597.0
83,214432_at,ATP1A3,478.0
84,214497_s_at,CASQ2,845.0
85,214453_s_at,IFI44,10561.0
86,214500_at,MACROH2A1,9555.0
87,214501_s_at,MACROH2A1,9555.0
88,214512_s_at,SUB1,10923.0
89,214474_at,PRKAB2,5565.0
90,214454_at,ADAMTS2,9509.0
91,214483_s_at,ARFIP1,27236.0
92,214456_x_at,SAA2,6289.0
93,214484_s_at,SIGMAR1,10280.0
94,214492_at,SGCD,6444.0
95,214455_at,H2BC4,8347.0
96,214468_at,MYH6,4624.0
97,214479_at,GFRA3,2676.0
98,214449_s_at,RHOQ,23433.0
99,214497_s_at,NHLH2,4808.0
100,214506_at,GPR182,11318.0
101,214486_x_at,CFLAR,8837.0
102,214494_s_at,SPG7,6687.0
103,214494_s_at,SPG7,101930112.0
104,214450_at,CTSW,1521.0
105,214435_x_at,RALA,5898.0
106,214436_at,FBXL2,25827.0
107,214438_at,HLX,3142.0
108,214427_at,NOP2,4839.0
109,214444_s_at,PVR,5817.0
110,214443_at,PVR,5817.0
111,214431_at,GMPS,8833.0
112,214466_at,GJA5,2702.0
113,214513_s_at,CREB1,1385.0
114,214521_at,HES2,54626.0
115,214458_at,TRAF3IP1,26146.0
116,214464_at,CDC42BPA,8476.0
117,214511_x_at,FCGR1A,2209.0
118,214433_s_at,SELENBP1,8991.0
0,214598_at,CLDN8,9073.0
1,214611_at,GRIK1,2897.0
2,214524_at,GHRH,2691.0
3,214539_at,SERPINB10,5273.0
4,214578_s_at,ROCK1,6093.0
5,214578_s_at,,727758.0
6,214619_at,CRHR1,1394.0
7,214619_at,CRHR1,104909134.0
8,214561_at,LILRP2,79166.0
9,214556_at,SSTR4,6754.0
10,214558_at,GPR12,2835.0
11,214570_x_at,POM121L4P,
12,214593_at,PIAS2,9063.0
13,214561_at,,
14,214570_x_at,,
15,214538_x_at,RGS6,9628.0
16,214536_at,SLURP1,57152.0
17,214548_x_at,GNAS,2778.0
18,214577_at,MAP1B,4131.0
19,214533_at,CMA1,1215.0
20,214592_s_at,,
21,214592_s_at,SNAPC5,10302.0
22,214546_s_at,PPAN-P2RY11,692312.0
23,214546_s_at,P2RY11,5032.0
24,214569_at,IFNA5,3442.0
25,214605_x_at,CMKLR2,2825.0
26,214621_at,,
27,214564_s_at,PCDHGC3,5098.0
28,214563_at,PCDHGC3,5098.0
29,214523_at,CEBPE,1053.0
30,214554_at,H2AC16,8332.0
31,214534_at,H1-5,3009.0
32,214562_at,H4C13,8368.0
33,214540_at,H2BC17,8348.0
34,214571_at,FGF3,2248.0
35,214557_at,PTTG2,10744.0
36,214522_x_at,,
37,214522_x_at,H2AC7,3013.0
38,214537_at,H1-3,3007.0
39,214532_x_at,POU5F1B,5462.0
40,214542_x_at,H2AC14,8331.0
41,214609_at,PHOX2A,401.0
42,214532_x_at,POU5F1,5460.0
43,214575_s_at,AZU1,566.0
44,214591_at,KLHL4,56062.0
45,214542_x_at,H2AC13,8329.0
46,214600_at,TEAD1,7003.0
47,214572_s_at,INSL3,3640.0
48,214615_at,P2RY10,27334.0
49,214603_at,MAGEA2,4101.0
50,214622_at,CYP21A1P,
51,214622_at,,
52,214612_x_at,MAGEA3,4102.0
53,214612_x_at,MAGEA3,4105.0
54,214603_at,MAGEA2B,4101.0
55,214603_at,MAGEA2B,266740.0
56,214612_x_at,MAGEA6,4102.0
57,214612_x_at,MAGEA6,4105.0
58,214584_x_at,ACACB,32.0
59,214527_s_at,PQBP1,10084.0
60,214580_x_at,KRT6A,3853.0
61,214622_at,CYP21A2,1589.0
62,214585_s_at,VPS52,6293.0
63,214529_at,TSHB,7252.0
64,214567_s_at,XCL2,6846.0
65,214567_s_at,XCL1,6375.0
66,214547_at,ADCY10,55811.0
67,214559_at,DRD3,1814.0
68,214604_at,HOXD11,3237.0
69,214602_at,COL4A4,1286.0
70,214565_s_at,SMR3A,26952.0
71,214566_at,SMR3A,26952.0
72,214565_s_at,SMR3B,10879.0
73,214589_at,FGF12,2257.0
74,214532_x_at,POU5F1P4,645682.0
75,214588_s_at,MFAP3,4238.0
76,214599_at,IVL,3713.0
77,214590_s_at,UBE2D1,7321.0
78,214586_at,GPR37,2861.0
79,214621_at,GYS2,2998.0
80,214607_at,PAK3,5063.0
81,214601_at,TPH1,7166.0
82,214614_at,MNX1,3110.0
83,214616_at,H3C6,8353.0
84,214594_x_at,ATP8B1,5205.0
85,214595_at,KCNG1,3755.0
86,214549_x_at,SPRR1A,6698.0
87,214576_at,KRT36,8689.0
88,214597_at,SSTR2,6752.0
89,214568_at,TPSD1,23430.0
90,214619_at,LINC02210-CRHR1,1394.0
91,214619_at,LINC02210-CRHR1,104909134.0
92,214617_at,PRF1,5551.0
93,214551_s_at,CD7,924.0
94,214528_s_at,PAX8,7849.0
95,214583_at,DDI2,84301.0
96,214583_at,RSC1A1,6248.0
97,214543_x_at,QKI,9444.0
98,214541_s_at,QKI,9444.0
99,214531_s_at,SNX1,6642.0
100,214545_s_at,PLPBP,11212.0
101,214553_s_at,ARPP19,10776.0
102,214544_s_at,SNAP23,8773.0
103,214610_at,CYP11B1,1584.0
104,214608_s_at,EYA1,2138.0
105,214581_x_at,TNFRSF21,27242.0
106,214574_x_at,LST1,7940.0
107,214620_x_at,PAM,5066.0
108,214535_s_at,ADAMTS2,9509.0
109,214530_x_at,EPB41,2035.0
110,214613_at,GPR3,2827.0
111,214560_at,FPR3,2359.0
112,214525_x_at,MLH3,27030.0
113,214552_s_at,RABEP1,9135.0
114,214618_at,CFLAR,8837.0
115,214555_at,SSTR5,6755.0
116,214550_s_at,TNPO3,23534.0
117,214582_at,PDE3B,5140.0
118,214596_at,CHRM3,1131.0
119,214587_at,COL8A1,1295.0
120,214606_at,TSPAN2,10100.0
121,214579_at,NIPAL3,57185.0
0,214723_x_at,ANKRD36,375248.0
1,214723_x_at,ANKRD36B,57730.0
2,214696_at,MIR22HG,84981.0
3,214671_s_at,ABR,29.0
4,214623_at,FBXW4P1,26226.0
5,214677_x_at,IGLC2,
6,214677_x_at,IGLC3,
7,214633_at,SOX3,6658.0
8,214642_x_at,,100533997.0
9,214708_at,SNTB1,6641.0
10,214660_at,ITGA1,3672.0
11,214679_x_at,GNA11,2767.0
12,214642_x_at,MAGEA5P,
13,214642_x_at,,
14,214646_at,H3C12,8356.0
15,214668_at,SPRYD7,57213.0
16,214655_at,GPR6,2830.0
17,214649_s_at,MTMR2,8898.0
18,214719_at,SLC46A3,283537.0
19,214650_x_at,MOG,4340.0
20,214624_at,UPK1A,11045.0
21,214685_at,NOP14-AS1,
22,214673_s_at,HUWE1,10075.0
23,214720_x_at,SEPTIN10P1,
24,214720_x_at,,
25,214657_s_at,,
26,214631_at,ZBTB33,10009.0
27,214647_s_at,HFE,3077.0
28,214634_at,H4C9,8294.0
29,214644_at,H2AC15,8330.0
30,214674_at,USP19,10869.0
31,214707_x_at,ALMS1,7840.0
32,214680_at,NTRK2,4915.0
33,214692_s_at,JRK,8629.0
34,214716_at,BMP2K,55589.0
35,214648_at,GPX5,2880.0
36,214659_x_at,YLPM1,56252.0
37,214713_at,YLPM1,56252.0
38,214632_at,NRP2,8828.0
39,214722_at,NOTCH2NLC,100996717.0
40,214657_s_at,NEAT1,283131.0
41,214705_at,PATJ,10207.0
42,214640_at,UNC93A,54346.0
43,214681_at,GK,2710.0
44,214627_at,EPX,8288.0
45,214675_at,NUP188,23511.0
46,214635_at,CLDN9,9080.0
47,214639_s_at,HOXA1,3198.0
48,214651_s_at,HOXA9,3205.0
49,214665_s_at,CHP1,11261.0
50,214687_x_at,ALDOA,226.0
51,214628_at,NHLH1,4807.0
52,214703_s_at,MAN2B2,23324.0
53,214678_x_at,ZFX,7543.0
54,214687_x_at,,112694756.0
55,214693_x_at,NBPF20,100288142.0
56,214658_at,TMED7,51014.0
57,214693_x_at,NBPF14,25832.0
58,214717_at,LINC01963,150967.0
59,214682_at,PKD1,5310.0
60,214636_at,CALCB,797.0
61,214630_at,CYP11B2,1585.0
62,214711_at,GATC,283459.0
63,214723_x_at,ANKRD36C,400986.0
64,214682_at,,105369154.0
65,214641_at,COL4A3,1285.0
66,214651_s_at,HOXA10-HOXA9,100534589.0
67,214718_at,GATAD1,57798.0
68,214626_s_at,GANAB,23193.0
69,214684_at,MEF2A,4205.0
70,214676_x_at,MUC3A,4584.0
71,214724_at,DIXDC1,85458.0
72,214693_x_at,NBPF10,100132406.0
73,214666_x_at,IREB2,3658.0
74,214638_s_at,CCNT2,905.0
75,214652_at,DRD1,1812.0
76,214700_x_at,RIF1,55183.0
77,214686_at,ZNF266,10781.0
78,214709_s_at,KTN1,3895.0
79,214704_at,TCF25,22980.0
80,214722_at,NOTCH2NLB,100996763.0
81,214691_x_at,MINDY2,54629.0
82,214706_at,ZNF200,7752.0
83,214672_at,TTLL5,23093.0
84,214721_x_at,CDC42EP4,23580.0
85,214710_s_at,CCNB1,891.0
86,214697_s_at,PTBP3,9991.0
87,214698_at,PTBP3,9991.0
88,214690_at,TAF1B,9014.0
89,214664_at,PAICS,10606.0
90,214699_x_at,WIPI2,26100.0
91,214661_s_at,NOP14,8602.0
92,214694_at,MPRIP,23164.0
93,214662_at,WDR43,23160.0
94,214682_at,NPIPA6,131675794.0
95,214667_s_at,TP53I11,9537.0
96,214720_x_at,SEPTIN10,151011.0
97,214683_s_at,CLK1,1195.0
98,214715_x_at,ZNF160,90338.0
99,214629_x_at,RTN4,57142.0
100,214625_s_at,MINK1,50488.0
101,214722_at,NOTCH2NLA,388677.0
102,214670_at,ZKSCAN1,7586.0
103,214714_at,ZNF394,84124.0
104,214693_x_at,NBPF9,400818.0
105,214656_x_at,MYO1C,4641.0
106,214663_at,DSTYK,25778.0
107,214701_s_at,FN1,2335.0
108,214702_at,FN1,2335.0
109,214695_at,UBAP2L,9898.0
0,214768_x_at,IGKV2-28,
1,214825_at,NALF1,728215.0
2,214748_at,,
3,214727_at,BRCA2,675.0
4,214796_at,TRMT9B,57604.0
5,214750_at,PLAC4,
6,214779_s_at,,
7,214820_at,BRWD1,54014.0
8,214785_at,VPS13A,23230.0
9,214749_s_at,ARMCX7P,
10,214749_s_at,,
11,214819_at,IQSEC2,23096.0
12,214778_at,MEGF8,1954.0
13,214762_at,ATP6V1G2,534.0
14,214800_x_at,BTF3,689.0
15,214748_at,N4BP2L2,10443.0
16,214753_at,N4BP2L2,10443.0
17,214788_x_at,DDN,23109.0
18,214817_at,UNC13A,23025.0
19,214816_x_at,FAAP24,91442.0
20,214793_at,DUSP7,1849.0
21,214823_at,ZNF204P,
22,214747_at,ZBED4,9889.0
23,214789_x_at,SRSF8,10929.0
24,214734_at,EXPH5,23086.0
25,214770_at,MSR1,4481.0
26,214777_at,IGKV4-1,
27,214804_at,CENPI,2491.0
28,214809_at,,100294145.0
29,214768_x_at,IGKV2D-28,
30,214813_at,ZNF75D,7626.0
31,214781_at,SHANK1,50944.0
32,214823_at,,
33,214805_at,SNORA48,652965.0
34,214772_at,KIAA1549L,25758.0
35,214732_at,SP1,6667.0
36,214767_s_at,HSPB6,126393.0
37,214803_at,CDH6,1004.0
38,214779_s_at,SGSM3,27352.0
39,214754_at,TET3,200424.0
40,214776_x_at,XYLB,9942.0
41,214806_at,BICD1,636.0
42,214769_at,CLCN4,1183.0
43,214761_at,ZNF423,23090.0
44,214758_at,DCAF4,26094.0
45,214787_at,DENND4A,10260.0
46,214738_s_at,NEK9,91754.0
47,214760_at,ZNF337,26152.0
48,214757_at,DTX2P1-UPK3BP1-PMS2P11,441263.0
49,214749_s_at,ARMCX6,54470.0
50,214795_at,ZMYND8,23613.0
51,214757_at,,
52,214774_x_at,TOX3,27324.0
53,214786_at,MAP3K1,4214.0
54,214752_x_at,FLNA,2316.0
55,214792_x_at,VAMP2,6844.0
56,214736_s_at,ADD1,118.0
57,214726_x_at,ADD1,118.0
58,214821_at,SLC25A4,291.0
59,214812_s_at,MOB1A,55233.0
60,214730_s_at,GLG1,2734.0
61,214725_at,SBSPON,157869.0
62,214744_s_at,RPL23,9349.0
63,214729_at,POLR1F,221830.0
64,214805_at,EIF4A1,1973.0
65,214764_at,RRP15,51018.0
66,214751_at,ZNF468,90333.0
67,214741_at,ZNF131,7690.0
68,214775_at,N4BP3,23138.0
69,214802_at,EXOC7,23265.0
70,214755_at,UAP1L1,91373.0
71,214731_at,SEPTIN2,4735.0
72,214746_s_at,ZNF467,168544.0
73,214783_s_at,ANXA11,311.0
74,214773_x_at,TIPRL,261726.0
75,214765_s_at,NAAA,27163.0
76,214771_x_at,MPRIP,23164.0
77,214790_at,SENP6,26054.0
78,214798_at,ATP2C2,9914.0
79,214735_at,IPCEF1,26034.0
80,214784_x_at,XPO6,23214.0
81,214794_at,PA2G4,5036.0
82,214818_at,CCDC57,284001.0
83,214801_at,TOR1AIP2,163590.0
84,214797_s_at,CDK18,5129.0
85,214807_at,PLXDC2,84898.0
86,214780_s_at,MYO9B,4650.0
87,214822_at,BRINP2,57795.0
88,214799_at,NFASC,23114.0
89,214766_s_at,AHCTF1,25909.0
90,214728_x_at,SMARCA4,6597.0
91,214811_at,RIMBP2,23504.0
92,214743_at,CUX1,1523.0
93,214791_at,SP140L,93349.0
94,214745_at,PLCH1,23007.0
95,214808_at,TRIM56,81844.0
96,214739_at,LRCH3,84859.0
97,214742_at,CEP131,22994.0
98,214815_at,TRIM33,51592.0
99,214733_s_at,YIPF1,54432.0
100,214763_at,ACOT11,26027.0
0,214899_at,ZNF780B,163131.0
1,214839_at,MIR124-1HG,157627.0
2,214886_s_at,BRCA2,675.0
3,214887_at,BRCA2,675.0
4,214868_at,PIWIL1,9271.0
5,214876_s_at,TUBGCP5,114791.0
6,214870_x_at,NPIPA6,131675794.0
7,214873_at,LRP5L,
8,214873_at,,91355.0
9,214828_s_at,RRP7BP,
10,214907_at,CEACAM21,90273.0
11,214828_s_at,RRP7BP,91695.0
12,214905_at,RASGRF1,5923.0
13,214855_s_at,RALGAPA1P1,
14,214867_at,ZSWIM8-AS1,100507331.0
15,214867_at,,
16,214923_at,ATP6V1D,51382.0
17,214919_s_at,ANKHD1-EIF4EBP3,404734.0
18,214919_s_at,EIF4EBP3,8637.0
19,214855_s_at,RALGAPA1,253959.0
20,214910_s_at,APOM,55937.0
21,214835_s_at,SUCLG2P2,
22,214832_at,HNF4A,3172.0
23,214860_at,SLC9A7,84679.0
24,214913_at,ADAMTS3,9508.0
25,214893_x_at,HCN2,610.0
26,214921_at,KCNMA1,3778.0
27,214862_x_at,,
28,214834_at,PWAR5,
29,214834_at,SNORD108,338427.0
30,214909_s_at,DDAH2,23564.0
31,214847_s_at,GPSM3,63940.0
32,214911_s_at,BRD2,6046.0
33,214857_at,C10orf95-AS1,100505761.0
34,214834_at,SNHG14,
35,214890_s_at,FAM149A,25854.0
36,214889_at,FAM149A,25854.0
37,214830_at,SLC38A6,145389.0
38,214856_at,SPTBN1-AS2,
39,214850_at,,
40,214850_at,,11039.0
41,214826_at,PDE12,201626.0
42,214826_at,PDE12,106144532.0
43,214924_s_at,TRAK1,22906.0
44,214828_s_at,RRP7A,27341.0
45,214906_x_at,N4BP2L1,90634.0
46,214879_x_at,USF2,7392.0
47,214864_s_at,GRHPR,9380.0
48,214827_at,PARD6B,84612.0
49,214859_at,FSTL4,23105.0
50,214894_x_at,MACF1,23499.0
51,214870_x_at,NPIPA5,100288332.0
52,214885_at,KAT8,84148.0
53,214901_at,ZNF8,7554.0
54,214848_at,YWHAZ,7534.0
55,214846_s_at,ALPK3,57538.0
56,214892_x_at,CACTIN,58509.0
57,214908_s_at,TRRAP,8295.0
58,214870_x_at,NPIPA3,642778.0
59,214870_x_at,NPIPA3,642799.0
60,214870_x_at,NPIPB3,23117.0
61,214870_x_at,NPIPA8,101059953.0
62,214870_x_at,,
63,214870_x_at,NPIPP1,
64,214858_at,GPC1-AS1,100130449.0
65,214896_at,CTXND1,100996492.0
66,214870_x_at,NPIPA9,105376752.0
67,214837_at,ALB,213.0
68,214925_s_at,SPTAN1,6709.0
69,214844_s_at,DOK5,55816.0
70,214870_x_at,NPIPB5,100132247.0
71,214870_x_at,,105369154.0
72,214865_at,DOT1L,84444.0
73,214895_s_at,ADAM10,102.0
74,214870_x_at,NPIPB2,729978.0
75,214920_at,THSD7A,221981.0
76,214861_at,KDM4C,23081.0
77,214898_x_at,MUC3A,4584.0
78,214871_x_at,,
79,214870_x_at,NPIPB13,613037.0
80,214878_at,ZNF37A,7587.0
81,214914_at,FAM13C,220965.0
82,214877_at,CDKAL1,54901.0
83,214870_x_at,NPIPB12,440353.0
84,214866_at,PLAUR,5329.0
85,214838_at,SFT2D2,375035.0
86,214872_at,RIF1,55183.0
87,214870_x_at,NPIPA7,101059938.0
88,214869_x_at,GAPVD1,26130.0
89,214883_at,THRA,7067.0
90,214891_at,FBXO21,23014.0
91,214915_at,ZNF362,149076.0
92,214849_at,KCTD20,222658.0
93,214903_at,SYT2,127833.0
94,214835_s_at,SUCLG2,8801.0
95,214841_at,CNIH3,149111.0
96,214870_x_at,NPIPA2,642799.0
97,214870_x_at,NPIPB4,440345.0
98,214840_at,TOM1L2,146691.0
99,214845_s_at,CALU,813.0
100,214870_x_at,NPIPA1,9284.0
101,214870_x_at,NPIPA1,105376752.0
102,214829_at,AASS,10157.0
103,214888_at,CAPN2,824.0
104,214881_s_at,UBTF,7343.0
105,214900_at,ZKSCAN1,7586.0
106,214875_x_at,APLP2,334.0
107,214882_s_at,SRSF2,6427.0
108,214833_at,TMEM63A,9725.0
109,214853_s_at,SHC1,6464.0
110,214843_s_at,USP33,23032.0
111,214874_at,PKP4,8502.0
112,214831_at,ELK4,2005.0
0,215010_s_at,BRSK2,9024.0
1,214996_at,CD99P1,401577.0
2,214950_at,IL9R,3581.0
3,214983_at,USP9Y,8287.0
4,214983_at,USP9Y,64595.0
5,214968_at,DDX51,317781.0
6,214988_s_at,SON,6651.0
7,214936_at,LRCH1,23143.0
8,214999_s_at,RAB11FIP3,9727.0
9,214986_x_at,PPIL2,23759.0
10,214959_s_at,API5P1,
11,215003_at,DGCR5,26220.0
12,214938_x_at,HMGB1P6,
13,214930_at,SLITRK5,26050.0
14,215009_s_at,THAP9-AS1,
15,214985_at,EXT1,2131.0
16,215021_s_at,NRXN3,9369.0
17,215020_at,NRXN3,9369.0
18,214995_s_at,APOBEC3F,200316.0
19,214994_at,APOBEC3F,200316.0
20,214929_s_at,BLTP1,84162.0
21,214974_x_at,CXCL5,6374.0
22,214927_at,ITGBL1,9358.0
23,214951_at,,
24,214961_at,MTUS2,23281.0
25,214981_at,POSTN,10631.0
26,215013_s_at,USP34,9736.0
27,215016_x_at,DST,667.0
28,214953_s_at,APP,351.0
29,214951_at,SLC26A10P,
30,214952_at,NCAM1,4684.0
31,214975_s_at,MTMR1,8776.0
32,214954_at,SUSD5,26032.0
33,214938_x_at,HMGB1P5,
34,214938_x_at,,
35,214987_at,GAB1,2549.0
36,214945_at,,
37,214938_x_at,HMGB1,3146.0
38,215011_at,SNHG3,8420.0
39,214969_at,MAP3K9,4293.0
40,214934_at,ATP9B,374868.0
41,214949_at,POMK,84197.0
42,214948_s_at,POMK,84197.0
43,214972_at,OGA,10724.0
44,215008_at,TLL2,7093.0
45,215022_x_at,ZNF33B,7582.0
46,214955_at,TMPRSS6,164656.0
47,215002_at,NPIPB3,23117.0
48,214939_x_at,AFDN,4301.0
49,215002_at,NPIPA9,105376752.0
50,215012_at,ZNF451,26036.0
51,214995_s_at,APOBEC3G,60489.0
52,214984_at,,
53,215002_at,NPIPB5,100132247.0
54,215002_at,,105369154.0
55,214966_at,GRIK5,2901.0
56,214933_at,CACNA1A,773.0
57,215002_at,NPIPB2,729978.0
58,215019_x_at,ZNF528,84436.0
59,215026_x_at,SCNN1A,6337.0
60,214993_at,ASPHD1,253982.0
61,214991_s_at,PIGO,84720.0
62,214990_at,PIGO,84720.0
63,214962_s_at,NUP160,23279.0
64,214963_at,NUP160,23279.0
65,214998_at,AAK1,22848.0
66,214956_at,AAK1,22848.0
67,214997_at,SCAI,286205.0
68,214965_at,SPATA2L,124044.0
69,215002_at,NPIPB13,613037.0
70,215001_s_at,GLUL,2752.0
71,215005_at,NECAB2,54550.0
72,215025_at,NTRK3,4916.0
73,214940_s_at,SMG6,23293.0
74,215002_at,NPIPB12,440353.0
75,214931_s_at,SRPK2,6733.0
76,215014_at,KCND3,3752.0
77,214944_at,PHLPP2,23035.0
78,214947_at,OTULINL,54491.0
79,214992_s_at,DNASE2,1777.0
80,214979_at,ABCC3,8714.0
81,214937_x_at,PCM1,5108.0
82,214959_s_at,API5,8539.0
83,214960_at,API5,8539.0
84,214980_at,UBE3A,7337.0
85,215017_s_at,FNBP1L,54874.0
86,215023_s_at,PEX1,5189.0
87,215002_at,NPIPB4,440345.0
88,214945_at,FAM153A,285596.0
89,215002_at,NPIPA6,131675794.0
90,214971_s_at,ST6GAL1,6480.0
91,215015_at,BICDL1,92558.0
92,215004_s_at,SUGP1,57794.0
93,215002_at,NPIPA1,9284.0
94,215002_at,NPIPA1,105376752.0
95,214928_at,OBSL1,23363.0
96,214976_at,RPL13,6137.0
97,215024_at,CCZ1B,221960.0
98,215000_s_at,FEZ2,9637.0
99,215024_at,CCZ1,51622.0
100,214978_s_at,PPFIA4,8497.0
101,214932_at,KIDINS220,57498.0
102,214982_at,SNRNP200,23020.0
103,214958_s_at,TMC6,11322.0
104,214943_s_at,ARID4B,51742.0
105,214941_s_at,PRPF40A,55660.0
106,214943_s_at,RBM34,23029.0
107,214942_at,RBM34,23029.0
108,214957_at,ACTL8,81569.0
0,215076_s_at,COL3A1,1281.0
1,215119_at,MYO16,23026.0
2,215105_at,N4BP2L2-IT2,116828.0
3,215091_s_at,GTF3A,2971.0
4,215118_s_at,,
5,215055_at,B3GNTL1,146712.0
6,215055_at,B3GNTL1,128966610.0
7,215111_s_at,TSC22D1,8848.0
8,215048_at,ZNF280B,140883.0
9,215041_s_at,DOCK9,23348.0
10,215121_x_at,IGLC2,
11,215121_x_at,IGLC3,
12,215090_x_at,,440434.0
13,215090_x_at,,
14,215052_at,FRMPD4,9758.0
15,215061_at,,
16,215118_s_at,IGHA2,
17,215101_s_at,CXCL5,6374.0
18,215105_at,N4BP2L2,10443.0
19,215057_at,EOLA2-DT,
20,215071_s_at,H2AC6,8334.0
21,215118_s_at,IGHA1,
22,215040_at,RNASEH2B,79621.0
23,215124_at,ZNF550,162972.0
24,215110_at,MBL1P,
25,215110_at,,8512.0
26,215093_at,NSDHL,50814.0
27,215051_x_at,AIF1,199.0
28,215043_s_at,,
29,215112_x_at,MCF2L2,23101.0
30,215125_s_at,UGT1A9,54600.0
31,215125_s_at,UGT1A6,54578.0
32,215125_s_at,UGT1A1,54658.0
33,215099_s_at,RXRB,6257.0
34,215098_at,RXRB,6257.0
35,215117_at,RAG2,5897.0
36,215104_at,,
37,215104_at,NRIP2,83714.0
38,215125_s_at,UGT1A4,54657.0
39,215110_at,,
40,215037_s_at,BCL2L1,598.0
41,215096_s_at,ESD,2098.0
42,215065_at,PHF8,23133.0
43,215043_s_at,GUSBP3,653188.0
44,215125_s_at,UGT1A3,54659.0
45,215125_s_at,UGT1A8,54576.0
46,215125_s_at,UGT1A5,54579.0
47,215125_s_at,UGT1A7,54577.0
48,215125_s_at,UGT1A10,54575.0
49,215103_at,CYP2C18,1562.0
50,215087_at,C15orf39,56905.0
51,215045_at,CELF3,11189.0
52,215047_at,TRIM58,25893.0
53,215030_at,GRSF1,2926.0
54,215081_at,MINAR1,23251.0
55,215113_s_at,SENP3-EIF4A1,
56,215088_s_at,SDHCP5,
57,215028_at,SEMA6A,57556.0
58,215039_at,,
59,215039_at,LINC01140,339524.0
60,215100_at,ADTRP,84830.0
61,215070_x_at,RABGAP1,23637.0
62,215034_s_at,TM4SF1,4071.0
63,215033_at,TM4SF1,4071.0
64,215123_at,NPIPB3,23117.0
65,215085_x_at,DLEC1,9940.0
66,215126_at,CTXND1,100996492.0
67,215123_at,PDXDC2P-NPIPB14P,283970.0
68,215123_at,NPIPB5,100132247.0
69,215102_at,DPY19L1P1,
70,215102_at,,
71,215054_at,EPOR,2057.0
72,215078_at,SOD2,6648.0
73,215108_x_at,TOX3,27324.0
74,215090_x_at,NPEPPSP1,
75,215122_at,TBX6,6911.0
76,215053_at,SRCAP,10847.0
77,215115_x_at,NTRK3,4916.0
78,215089_s_at,RBM10,8241.0
79,215120_s_at,SAMD4A,23034.0
80,215061_at,FAM53B,9679.0
81,215069_at,NMT2,9397.0
82,215080_s_at,AGAP2,116986.0
83,215088_s_at,SDHC,6391.0
84,215073_s_at,NR2F2,7026.0
85,215107_s_at,TTC22,55001.0
86,215106_at,TTC22,55001.0
87,215082_at,ELOVL5,60481.0
88,215113_s_at,SENP3,26168.0
89,215114_at,SENP3,26168.0
90,215058_at,DENND5B,160518.0
91,215116_s_at,DNM1,1759.0
92,215068_s_at,FBXL18,80028.0
93,215067_x_at,PRDX2,7001.0
94,215059_at,NDNF,79625.0
95,215031_x_at,RNF126,55658.0
96,215038_s_at,SETD2,29072.0
97,215123_at,NPIPB4,440345.0
98,215092_s_at,NFAT5,10725.0
99,215072_x_at,EDRF1,26098.0
100,215049_x_at,CD163,9332.0
101,215050_x_at,MAPKAPK2,9261.0
102,215027_at,RAPGEF3,10411.0
103,215064_at,SC5D,6309.0
104,215074_at,MYO1B,4430.0
105,215094_at,SPICE1,152185.0
106,215075_s_at,GRB2,2885.0
107,215090_x_at,NPEPPS,9520.0
108,215046_at,KANSL1L,151050.0
109,215044_s_at,STAM2,10254.0
110,215084_s_at,LRRC42,115353.0
111,215056_at,PGBD5,79605.0
0,215176_x_at,IGKV1-39,
1,215142_at,H2AP,25763.0
2,215160_x_at,FRG1CP,
3,215146_s_at,TTC28,23331.0
4,215214_at,IGLV3-25,
5,215170_s_at,CEP152,22995.0
6,215160_x_at,,
7,215175_at,PCNX1,22990.0
8,215219_at,DOP1B,9980.0
9,215196_at,ASLP1,
10,215196_at,GUSBP11,91316.0
11,215136_s_at,EXOSC8,11340.0
12,215188_at,STK24,8428.0
13,215139_at,,104266957.0
14,215162_at,RALGAPA1,253959.0
15,215180_at,,
16,215218_s_at,WDR62,284403.0
17,215207_x_at,NUS1P1,
18,215145_s_at,CNTNAP2,26047.0
19,215141_at,NOP14-AS1,
20,215127_s_at,RBMS1P1,
21,215186_at,TBC1D30,23329.0
22,215139_at,ARHGEF10,9639.0
23,215193_x_at,HLA-DRB3,3125.0
24,215193_x_at,HLA-DRB1,3123.0
25,215185_at,LINC00963,124900275.0
26,215167_at,MED14,9282.0
27,215138_s_at,KAZN,23254.0
28,215220_s_at,TPR,7175.0
29,215210_s_at,DLST,1743.0
30,215176_x_at,IGKV1D-39,
31,215187_at,LINC01949,
32,215181_at,CDH22,64405.0
33,215151_at,DOCK10,55619.0
34,215133_s_at,,
35,215129_at,PIK3C2G,5288.0
36,215209_at,SEC24D,9871.0
37,215222_x_at,MACF1,23499.0
38,215211_at,,
39,215152_at,MYB,4602.0
40,215134_at,PI4K2A,55361.0
41,215150_at,YOD1,55432.0
42,215207_x_at,NUS1,116150.0
43,215192_at,,
44,215148_s_at,APBA3,9546.0
45,215143_at,DPY19L2P2,349152.0
46,215190_at,EIF3M,10480.0
47,215184_at,DAPK2,23604.0
48,215224_at,SNORA21B,109617002.0
49,215128_at,NOPCHAP1,121053.0
50,215157_x_at,PABPC1,26986.0
51,215223_s_at,SOD2,6648.0
52,215169_at,,
53,215205_x_at,NCOR2,9612.0
54,215193_x_at,HLA-DRB5,3127.0
55,215174_at,,388714.0
56,215174_at,FMO6P,
57,215216_at,VPS16,64601.0
58,215172_at,PTPN20,26095.0
59,215153_at,NOS1AP,9722.0
60,215149_at,AJAP1,55966.0
61,215224_at,RPL23,9349.0
62,215165_x_at,UMPS,7372.0
63,215179_x_at,PGF,5228.0
64,215155_at,HEXA,3073.0
65,215154_at,ULK2,9706.0
66,215161_at,CAMK1G,57172.0
67,215130_s_at,IQCK,124152.0
68,215131_at,IQCK,124152.0
69,215215_s_at,REXO5,81691.0
70,215178_x_at,NAAA,27163.0
71,215133_s_at,FAM153A,285596.0
72,215189_at,KRT86,3892.0
73,215173_at,DNAAF1,123872.0
74,215158_s_at,DEDD,9191.0
75,215177_s_at,ITGA6,3655.0
76,215195_at,PRKCA,5578.0
77,215225_s_at,GPR17,2840.0
78,215127_s_at,RBMS1,5937.0
79,215198_s_at,CALD1,800.0
80,215199_at,CALD1,800.0
81,215159_s_at,NADK,65220.0
82,215171_s_at,TIMM17A,10440.0
83,215135_at,DNPEP,23549.0
0,215253_s_at,,
1,215253_s_at,RCAN1,1827.0
2,215254_at,RCAN1,1827.0
3,215234_at,DYRK1A,1859.0
4,215283_at,LINC00667,339290.0
5,215244_at,FAM246C,117134596.0
6,215292_s_at,MRTFA,57591.0
7,215291_at,MRTFA,57591.0
8,215238_s_at,DOCK9,23348.0
9,215237_at,DOCK9,23348.0
10,215303_at,DCLK1,9201.0
11,215244_at,DGCR5,26220.0
12,215244_at,FAM246B,117134597.0
13,215244_at,,
14,215244_at,FAM246A,117134598.0
15,215320_at,SPATA31C2,645961.0
16,215241_at,ANO3,63982.0
17,215323_at,LUZP2,338645.0
18,215320_at,SPATA31C1,441452.0
19,215263_at,ZXDA,7789.0
20,215256_x_at,ARHGAP33,115703.0
21,215302_at,BAALC-AS1,105369147.0
22,215319_at,ATP8B3,148229.0
23,215309_at,ZNF674,641339.0
24,215277_at,PCDH1,5097.0
25,215313_x_at,HLA-A,3105.0
26,215298_at,LINC02172,105377443.0
27,215229_at,CERNA1,
28,215247_at,GPAA1P1,
29,215289_at,ZNF749,388567.0
30,215272_at,OGG1,4968.0
31,215245_x_at,FMR1,2332.0
32,215280_s_at,PPFIA3,8541.0
33,215288_at,TRPC2,
34,215288_at,TRPC2,7221.0
35,215287_at,,
36,215247_at,GPAA1P2,
37,215259_s_at,CADM4,199731.0
38,215258_at,CADM4,199731.0
39,215270_at,LFNG,3955.0
40,215240_at,ITGB3,3690.0
41,215294_s_at,SMARCA1,6594.0
42,215266_at,DNAH3,55567.0
43,215299_x_at,,
44,215257_at,ERGIC3,51614.0
45,215281_x_at,POGZ,23126.0
46,215247_at,,
47,215315_at,ZNF549,256051.0
48,215299_x_at,,6817.0
49,215312_at,RAD52P1,
50,215312_at,,
51,215235_at,SPTAN1,6709.0
52,215249_at,RPL35A,6165.0
53,215307_at,ZNF529,57711.0
54,215274_at,SLC12A3,6559.0
55,215231_at,PRKAG2,51422.0
56,215325_x_at,CBARP,255057.0
57,215324_at,SEMA3D,223117.0
58,215232_at,ARHGAP44,9912.0
59,215311_at,NTRK3,4916.0
60,215310_at,APC,324.0
61,215239_x_at,ZNF273,10793.0
62,215260_s_at,TCF3,6929.0
63,215243_s_at,GJB3,2707.0
64,215233_at,JMJD6,23210.0
65,215267_s_at,SLC8A2,6543.0
66,215305_at,PDGFRA,5156.0
67,215228_at,NHLH2,4808.0
68,215293_s_at,PGAP2,27315.0
69,215299_x_at,SULT1A1,6817.0
70,215326_at,PAK4,10298.0
71,215300_s_at,FMO5,2330.0
72,215230_x_at,EIF3CL,728689.0
73,215236_s_at,PICALM,8301.0
74,215273_s_at,TADA3,10474.0
75,215287_at,STRN,6801.0
76,215230_x_at,EIF3C,8663.0
77,215230_x_at,EIF3C,728689.0
78,215299_x_at,SULT1A2,6799.0
79,215321_at,RUNDC3B,154661.0
80,215282_at,ANAPC13,25847.0
81,215271_at,TNN,63923.0
82,215295_at,DTNB,1838.0
83,215286_s_at,PHTF2,57157.0
84,215242_at,PIGC,5279.0
85,215275_at,TRAF3IP3,80342.0
86,215264_at,EMX1,2016.0
87,215296_at,CDC42BPA,8476.0
88,215227_x_at,ACP1,52.0
89,215285_s_at,PHTF1,10745.0
0,215409_at,LPCAT4,254531.0
1,215357_s_at,,
2,215379_x_at,IGLC2,
3,215379_x_at,IGLC3,
4,215335_at,,
5,215343_at,CCDC88C,440193.0
6,215355_at,POU2F3,25833.0
7,215384_s_at,MAP1A,4130.0
8,215358_x_at,ZNF37BP,
9,215369_at,,107987142.0
10,215341_at,DNAH6,1768.0
11,215327_at,PFKFB3-AS1,124902371.0
12,215424_s_at,SNW1,22938.0
13,215358_x_at,ZNF37BP,100129482.0
14,215420_at,IHH,3549.0
15,215331_at,MYH15,22989.0
16,215350_at,SYNE1,23345.0
17,215363_x_at,FOLH1B,
18,215368_at,NEB,4703.0
19,215356_at,TDRD12,91646.0
20,215407_s_at,ASTN2,23245.0
21,215329_s_at,,
22,215359_x_at,ZNF44,51710.0
23,215363_x_at,,219595.0
24,215346_at,CD40,958.0
25,215394_at,PIK3C3,5289.0
26,215395_x_at,PRSS3P2,
27,215342_s_at,RABGAP1L,9910.0
28,215389_s_at,,
29,215421_at,ARNILA,
30,215416_s_at,STOML2,30968.0
31,215345_x_at,TRGV7,
32,215388_s_at,,
33,215386_at,AUTS2,26053.0
34,215415_s_at,LYST,1130.0
35,215357_s_at,POLDIP3,84271.0
36,215410_at,DTX2P1-UPK3BP1-PMS2P11,441263.0
37,215367_at,KIAA1614,57710.0
38,215334_at,EFR3B,22979.0
39,215419_at,ZFR2,23217.0
40,215410_at,,
41,215374_at,PAPOLA,10914.0
42,215380_s_at,GGCT,79017.0
43,215411_s_at,TRAF3IP2,10758.0
44,215364_s_at,SZT2,23334.0
45,215348_at,ADCY1,107.0
46,215402_at,APPBP2,10513.0
47,215333_x_at,GSTM1,2944.0
48,215388_s_at,CFHR1,3078.0
49,215400_x_at,ADCY9,115.0
50,215404_x_at,FGFR1,2260.0
51,215332_s_at,CD8B,926.0
52,215423_at,MARCHF6,10299.0
53,215418_at,PARVA,55742.0
54,215329_s_at,CDK11B,984.0
55,215413_at,EXOC7,23265.0
56,215382_x_at,TPSB2,64499.0
57,215363_x_at,FOLH1,2346.0
58,215329_s_at,CDK11A,728642.0
59,215393_s_at,COBLL1,22837.0
60,215382_x_at,TPSAB1,7177.0
61,215333_x_at,GSTM2,2946.0
62,215399_s_at,OS9,10956.0
63,215366_at,SNX13,23161.0
64,215354_s_at,PELP1,27043.0
65,215352_at,GIMAP5,55340.0
66,215339_at,NKTR,4820.0
67,215338_s_at,NKTR,4820.0
68,215388_s_at,CFH,3075.0
69,215389_s_at,TNNT2,7139.0
70,215417_at,EXOC6B,23233.0
0,215434_x_at,,124905564.0
1,215481_s_at,PEX5,5830.0
2,215456_at,,
3,215503_at,SPINT3,10816.0
4,215519_x_at,,
5,215487_x_at,FAM182B,
6,215431_at,SNTB1,6641.0
7,215430_at,GK2,2712.0
8,215428_at,,
9,215517_at,PYGO1,26108.0
10,215461_at,ZNRF4,148066.0
11,215469_at,SLITRK5,26050.0
12,215439_x_at,SYNPO2,171024.0
13,215494_at,,
14,215442_s_at,TSHR,7253.0
15,215443_at,TSHR,7253.0
16,215522_at,SORCS3,22986.0
17,215492_x_at,PTCRA,171558.0
18,215478_at,RIMS2,9699.0
19,215463_at,OR7E24,26648.0
20,215493_x_at,BTN2A1,11120.0
21,215510_at,ETV2,2116.0
22,215452_x_at,SUMO4,387082.0
23,215444_s_at,TRIM31,11074.0
24,215460_x_at,BRD1,23774.0
25,215465_at,ABCA12,26154.0
26,215472_at,PACRG,135138.0
27,215449_at,TSPO2,222642.0
28,215514_at,,
29,215429_s_at,ZNF428,126299.0
30,215434_x_at,,
31,215427_s_at,ZCCHC14,23174.0
32,215519_x_at,SGSM3,27352.0
33,215451_s_at,AFF1,4299.0
34,215433_at,MIR548N,100302152.0
35,215498_s_at,,
36,215434_x_at,NBPF20,100288142.0
37,215464_s_at,P2RX5-TAX1BP3,
38,215491_at,MYCL,4610.0
39,215434_x_at,NBPF1,55672.0
40,215446_s_at,LOX,4015.0
41,215502_at,,
42,215500_at,,
43,215485_s_at,ICAM1,3383.0
44,215467_x_at,DHX9-AS1,
45,215454_x_at,SFTPC,6440.0
46,215516_at,LAMB4,22798.0
47,215518_at,STXBP5L,9515.0
48,215486_at,PRPS1L1,221823.0
49,215432_at,ACSM1,116285.0
50,215521_at,PHC3,80012.0
51,215440_s_at,BEX4,56271.0
52,215434_x_at,NBPF10,100132406.0
53,215434_x_at,NBPF19,101060226.0
54,215483_at,AKAP9,10142.0
55,215458_s_at,SMURF1,57154.0
56,215495_s_at,SAMD4A,23034.0
57,215496_at,SAMD4A,23034.0
58,215509_s_at,BUB1,699.0
59,215508_at,BUB1,699.0
60,215506_s_at,DIRAS3,9077.0
61,215464_s_at,TAX1BP3,30851.0
62,215497_s_at,WDTC1,23038.0
63,215438_x_at,GSPT1,2935.0
64,215512_at,MARCHF6,10299.0
65,215505_s_at,STRN3,29966.0
66,215459_at,CTNS,1497.0
67,215523_at,ZNF391,346157.0
68,215470_at,GTF2H2C,728340.0
69,215482_s_at,EIF2B4,8890.0
70,215471_s_at,MAP7,9053.0
71,215499_at,MAP2K3,5606.0
72,215498_s_at,MAP2K3,5606.0
73,215527_at,KHDRBS2,202559.0
74,215489_x_at,HOMER3,9454.0
75,215455_at,TIMELESS,8914.0
76,215501_s_at,DUSP10,11221.0
0,215570_s_at,ZNF780B,163131.0
1,215570_s_at,ZNF780A,284323.0
2,215596_s_at,LTN1,26046.0
3,215581_s_at,MCM3AP,8888.0
4,215580_at,MCM3AP,8888.0
5,215621_s_at,IGHD,
6,215559_at,ABCC6,368.0
7,215542_at,,
8,215620_at,,
9,215534_at,,
10,215540_at,TRAV27,
11,215566_x_at,LYPLA2P2,
12,215541_s_at,DIAPH1,1729.0
13,215544_s_at,UBOX5,22888.0
14,215549_x_at,CTAGE9,643854.0
15,215566_x_at,LYPLA2P1,
16,215599_at,GUSBP3,653188.0
17,215599_at,,
18,215549_x_at,CTAGE4,100128553.0
19,215549_x_at,CTAGE8,100142659.0
20,215549_x_at,,
21,215529_x_at,DIP2A,23181.0
22,215535_s_at,AGPAT1,10554.0
23,215572_at,GOLGA6GP,
24,215599_at,GUSBP3,
25,215599_at,,728411.0
26,215537_x_at,DDAH2,23564.0
27,215536_at,HLA-DQB2,3120.0
28,215532_x_at,ZNF492,57615.0
29,215550_at,SRGAP3,9901.0
30,215572_at,,
31,215576_at,ATP6V0E1P2,
32,215539_at,,
33,215599_at,GUSBP17,
34,215599_at,GUSBP15,
35,215599_at,GUSBP14,
36,215599_at,,11039.0
37,215590_x_at,ACVR2B-AS1,100128640.0
38,215594_at,,124902696.0
39,215608_at,,
40,215569_at,,
41,215554_at,GPLD1,2822.0
42,215569_at,GTF2IRD2P1,
43,215565_at,DTNB-AS1,
44,215560_x_at,RGS17,26575.0
45,215627_at,ERICH2-DT,101926913.0
46,215627_at,ERICH2-DT,137805480.0
47,215579_at,APOBEC3G,60489.0
48,215623_x_at,SMC4,10051.0
49,215608_at,CDH11,1009.0
50,215584_at,HECW1,23072.0
51,215543_s_at,LARGE1,9215.0
52,215563_s_at,,
53,215602_at,FGD2,221472.0
54,215531_s_at,GABRA5,2558.0
55,215552_s_at,ESR1,2099.0
56,215551_at,ESR1,2099.0
57,215624_at,TSC2,7249.0
58,215562_at,TTC39A,22996.0
59,215606_s_at,ERC1,23085.0
60,215530_at,FANCA,2175.0
61,215548_s_at,SCFD1,23256.0
62,215542_at,C14orf93,60686.0
63,215616_s_at,KDM4B,23030.0
64,215569_at,GTF2IRD2B,389524.0
65,215622_x_at,PHF7,51533.0
66,215569_at,GTF2IRD2,84163.0
67,215617_at,SPATS2L,26010.0
68,215561_s_at,IL1R1,3554.0
69,215583_at,TMEM63A,9725.0
70,215591_at,SATB2,23314.0
71,215566_x_at,LYPLA2,11313.0
72,215568_x_at,LYPLA2,11313.0
73,215533_s_at,UBE4B,10277.0
0,215722_s_at,SNRPA1P2,
1,215700_x_at,CPNE6,9362.0
2,215670_s_at,,
3,215706_x_at,ZYX,7791.0
4,215629_s_at,DLEU2,8847.0
5,215683_at,,
6,215725_at,DGCR11,25786.0
7,215687_x_at,PLCB1,23236.0
8,215726_s_at,CYB5A,1528.0
9,215646_s_at,VCAN,1462.0
10,215688_at,RASGRF1,5923.0
11,215686_x_at,TFAP2B,7021.0
12,215721_at,IGHV5-51,
13,215719_x_at,FAS,355.0
14,215632_at,NEUROG2,63973.0
15,215655_at,GRIK2,2898.0
16,215650_at,,
17,215708_s_at,PRIM2BP,
18,215697_at,,
19,215679_at,LUNAR1,
20,215713_at,,
21,215698_at,KDM5A,5927.0
22,215664_s_at,EPHA5,2044.0
23,215696_s_at,SEC16A,9919.0
24,215656_at,LMAN2,10960.0
25,215685_s_at,DLX2,1746.0
26,215641_at,SEC24D,9871.0
27,215636_at,UBR4,23352.0
28,215693_x_at,DDX27,55661.0
29,215665_at,HSD3BP2,
30,215717_s_at,FBN2,2201.0
31,215711_s_at,WEE1,7465.0
32,215684_s_at,ASCC2,84164.0
33,215629_s_at,DLEU2L,
34,215708_s_at,PRIM2,5558.0
35,215709_at,PRIM2,5558.0
36,215718_s_at,PHF3,23469.0
37,215638_at,ERBB3,2065.0
38,215667_x_at,PMS2P8,
39,215667_x_at,PMS2P14,
40,215667_x_at,PMS2P6,
41,215715_at,SLC6A2,6530.0
42,215667_x_at,,
43,215712_s_at,IGFALS,3483.0
44,215722_s_at,SNRPA1,6627.0
45,215707_s_at,PRNP,5621.0
46,215704_at,FLG,2312.0
47,215643_at,SEMA3D,223117.0
48,215689_s_at,SHBG,6462.0
49,215699_x_at,SFI1,9814.0
50,215637_at,CEP41,95681.0
51,215677_s_at,BRF1,2972.0
52,215676_at,BRF1,2972.0
53,215692_s_at,MPPED2,744.0
54,215705_at,PPP5C,5536.0
55,215633_x_at,LST1,7940.0
56,215720_s_at,NFYA,4800.0
57,215690_x_at,GPAA1,8733.0
58,215668_s_at,PLXNB1,5364.0
59,215660_s_at,MAST2,23139.0
60,215691_x_at,IFT25,51668.0
61,215640_at,TBC1D2B,23102.0
62,215702_s_at,CFTR,1080.0
63,215703_at,CFTR,1080.0
64,215716_s_at,ATP2B1,490.0
65,215714_s_at,SMARCA4,6597.0
66,215631_s_at,BRMS1,25855.0
67,215672_s_at,AHCYL2,23382.0
68,215723_s_at,PLD1,5337.0
69,215724_at,PLD1,5337.0
70,215654_at,BCAT2,587.0
71,215649_s_at,MVK,4598.0
72,215710_at,ST3GAL4,6484.0
73,215645_at,FLCN,201163.0
74,215663_at,MBNL1,4154.0
0,215812_s_at,,
1,215778_x_at,,
2,215827_x_at,CROCCP3,114819.0
3,215773_x_at,PARP2,10038.0
4,215755_at,RN7SKP150,
5,215764_x_at,AP2A2,161.0
6,215739_s_at,TUBGCP3,10426.0
7,215794_x_at,GLUD2,2747.0
8,215738_at,LINC00563,100861554.0
9,215809_at,,
10,215780_s_at,SETP4,
11,215777_at,IGLV4-60,
12,215730_at,MIR934,100126324.0
13,215809_at,CYP2D7,105377203.0
14,215823_x_at,PABPC1P3,
15,215733_x_at,CTAG1A,246100.0
16,215736_at,KCNV1,27012.0
17,215733_x_at,CTAG1B,1485.0
18,215733_x_at,CTAG2,30848.0
19,215760_s_at,SBNO2,22904.0
20,215799_at,PDXP-DT,101927051.0
21,215822_x_at,MYT1,4661.0
22,215822_x_at,,
23,215797_at,TRAV8-3,
24,215796_at,TRAV13-2,
25,215769_at,TRAV16,
26,215801_at,,
27,215782_at,RAB40AL,282808.0
28,215803_at,RADX,55086.0
29,215731_s_at,,
30,215779_s_at,H2BC8,8339.0
31,215729_s_at,VGLL1,51442.0
32,215730_at,VGLL1,51442.0
33,215780_s_at,SETP14,
34,215825_at,,
35,215821_x_at,PSG3,5671.0
36,215758_x_at,ZNF93,81931.0
37,215767_at,ZNF804A,91752.0
38,215770_at,OR7E2P,
39,215813_s_at,PTGS1,5742.0
40,215766_at,ZNF548,147694.0
41,215776_at,INSRR,3645.0
42,215734_at,IZUMO4,113177.0
43,215782_at,RAB40A,142684.0
44,215819_s_at,RHD,6007.0
45,215808_at,KLK10,5655.0
46,215732_s_at,DTX2,113878.0
47,215793_at,MTMR7,9108.0
48,215737_x_at,USF2,7392.0
49,215826_x_at,ZNF835,90485.0
50,215788_at,CFAP74,85452.0
51,215754_at,SCARB2,950.0
52,215819_s_at,RHCE,6006.0
53,215761_at,DMXL2,23312.0
54,215806_x_at,TRGC2,
55,215806_x_at,TRGC1,445347.0
56,215806_x_at,,445347.0
57,215771_x_at,RET,5979.0
58,215748_at,KLHL35,283212.0
59,215812_s_at,SLC6A10P,
60,215812_s_at,,386757.0
61,215827_x_at,,114819.0
62,215794_x_at,GLUD1,2746.0
63,215812_s_at,SLC6A8,6535.0
64,215809_at,CYP2D6,1565.0
65,215823_x_at,RLIM,51132.0
66,215781_s_at,TOP3B,8940.0
67,215756_at,BTG2-DT,730227.0
68,215795_at,MYH7B,57644.0
69,215743_at,NMT2,9397.0
70,215800_at,DUOX1,53905.0
71,215783_s_at,ALPL,249.0
72,215790_at,AJAP1,55966.0
73,215789_s_at,AJAP1,55966.0
74,215735_s_at,TSC2,7249.0
75,215785_s_at,CYFIP2,26999.0
76,215807_s_at,PLXNB1,5364.0
77,215780_s_at,SET,6418.0
78,215772_x_at,SUCLG2,8801.0
79,215728_s_at,ACOT7,11332.0
80,215741_x_at,AKAP8L,26993.0
81,215749_s_at,GORASP1,64689.0
82,215731_s_at,MPHOSPH9,10198.0
83,215820_x_at,SNX13,23161.0
84,215798_at,ALDH1L1,10840.0
85,215765_at,LRRC41,10489.0
86,215784_at,CD1E,913.0
87,215747_s_at,RCC1,1104.0
88,215825_at,ZNF639,51193.0
89,215792_s_at,DNAJC11,55735.0
0,215856_at,SIGLEC15,284266.0
1,215920_s_at,,
2,215861_at,ZNF217-AS1,
3,215881_x_at,SSX3,10214.0
4,215884_s_at,UBQLN2,29978.0
5,215882_at,CEP152,22995.0
6,215888_at,PDS5B,23047.0
7,215838_at,LILRA5,353514.0
8,215881_x_at,SSX2,6757.0
9,215925_s_at,CD72,971.0
10,215841_at,GUCA1B,2979.0
11,215886_x_at,USP12P1,
12,215836_s_at,PCDHGA1,56114.0
13,215836_s_at,PCDHGA2,56113.0
14,215836_s_at,PCDHGA3,56112.0
15,215836_s_at,PCDHGB1,56104.0
16,215836_s_at,PCDHGA4,56111.0
17,215836_s_at,PCDHGB2,56103.0
18,215836_s_at,PCDHGA5,56110.0
19,215836_s_at,PCDHGB3,56102.0
20,215836_s_at,PCDHGA6,56109.0
21,215836_s_at,PCDHGA7,56108.0
22,215836_s_at,PCDHGB4,8641.0
23,215836_s_at,PCDHGA8,9708.0
24,215836_s_at,PCDHGA9,56107.0
25,215836_s_at,PCDHGA10,56106.0
26,215836_s_at,PCDHGB7,56099.0
27,215836_s_at,PCDHGA11,56105.0
28,215836_s_at,PCDHGA12,26025.0
29,215836_s_at,PCDHGC3,5098.0
30,215836_s_at,PCDHGC4,56098.0
31,215836_s_at,PCDHGC5,56097.0
32,215836_s_at,PCDHGB5,56101.0
33,215836_s_at,PCDHGB6,56100.0
34,215894_at,PTGDR,5729.0
35,215872_at,,
36,215842_s_at,ATP11A,23250.0
37,215876_at,,
38,215892_at,ZNF440,126070.0
39,215857_at,,
40,215845_x_at,ZNF567-DT,
41,215847_at,,283755.0
42,215886_x_at,USP12,219333.0
43,215910_s_at,FNDC3A,22862.0
44,215911_x_at,ATP2B3,492.0
45,215917_at,RAD21L1,642636.0
46,215887_at,RN7SKP187,
47,215920_s_at,NPIPA5,100288332.0
48,215867_x_at,CA12,771.0
49,215926_x_at,SNAPC4,6621.0
50,215843_s_at,TLL2,7093.0
51,215840_at,DNAH2,146754.0
52,215920_s_at,NPIPA3,642778.0
53,215920_s_at,NPIPA3,642799.0
54,215920_s_at,NPIPB3,23117.0
55,215921_at,NPIPB3,23117.0
56,215920_s_at,NPIPB11,728888.0
57,215921_at,NPIPB11,728888.0
58,215920_s_at,NPIPA8,101059953.0
59,215904_at,AFDN,4301.0
60,215829_at,SHANK2,22941.0
61,215920_s_at,PDXDC2P-NPIPB14P,283970.0
62,215920_s_at,NPIPA9,105376752.0
63,215897_at,MED25,81857.0
64,215891_s_at,GM2A,2760.0
65,215890_at,GM2A,2760.0
66,215920_s_at,NPIPB5,100132247.0
67,215921_at,NPIPB5,100132247.0
68,215920_s_at,NPIPB2,729978.0
69,215921_at,NPIPB2,729978.0
70,215912_at,GNAO1,2775.0
71,215901_at,ZNF81,347344.0
72,215919_s_at,MRPS11,64963.0
73,215860_at,SYT12,91683.0
74,215850_s_at,NDUFA5,4698.0
75,215918_s_at,SPTBN1,6711.0
76,215873_x_at,ABCC10,89845.0
77,215855_s_at,TMF1,7110.0
78,215903_s_at,MAST2,23139.0
79,215848_at,SCAPER,49855.0
80,215905_s_at,SNRNP40,9410.0
81,215844_at,TNPO2,30000.0
82,215833_s_at,SPPL2B,56928.0
83,215920_s_at,NPIPA2,642799.0
84,215883_at,CTNNA1,1495.0
85,215920_s_at,NPIPB4,440345.0
86,215921_at,NPIPB4,440345.0
87,215878_at,ITGB1,3688.0
88,215920_s_at,NPIPA6,131675794.0
89,215863_at,TFR2,7036.0
90,215920_s_at,NPIPA1,9284.0
91,215920_s_at,NPIPA1,105376752.0
92,215834_x_at,SCARB1,949.0
93,215887_at,ZNF277,11179.0
94,215909_x_at,MINK1,50488.0
95,215880_at,NAGLU,4669.0
96,215923_s_at,PSD4,23550.0
97,215913_s_at,GULP1,51454.0
98,215870_s_at,PLA2G5,5322.0
99,215871_at,PLA2G5,5322.0
0,215994_x_at,TBC1D9B,23061.0
1,215949_x_at,IGHV3-33,
2,215949_x_at,,
3,215949_x_at,IGHV3-30,
4,215960_at,SLC5A4,6527.0
5,215932_at,,
6,215969_at,PIGA,5277.0
7,215966_x_at,GK4P,
8,215977_x_at,GK4P,
9,216010_x_at,FUT3,2525.0
10,215935_at,SPATA31A6,389730.0
11,215946_x_at,IGLL3P,
12,215946_x_at,,
13,215935_at,SPATA31A1,647060.0
14,215935_at,SPATA31A5,727905.0
15,216021_s_at,GLRA3,8001.0
16,215955_x_at,ARHGAP26,23092.0
17,215935_at,SPATA31A7,26165.0
18,215935_at,SPATA31A3,727830.0
19,215966_x_at,,
20,216010_x_at,FUT5,2527.0
21,215966_x_at,GK3,2713.0
22,215993_at,,
23,216013_at,ZXDB,158586.0
24,216014_s_at,ZXDB,158586.0
25,216014_s_at,ZXDA,7789.0
26,215942_s_at,GTSE1,51512.0
27,216010_x_at,,
28,215997_s_at,CUL4B,8450.0
29,215963_x_at,RPL3P7,
30,215929_at,LINC00837,100507605.0
31,215985_at,POLR1HASP,80862.0
32,215948_x_at,ZMYM5,9205.0
33,216004_s_at,PKNOX1,5316.0
34,215982_s_at,DXO,1797.0
35,215981_at,GPR176-DT,100505534.0
36,215930_s_at,MIA2,4253.0
37,215972_at,PART1,25859.0
38,216009_at,SLC39A9,55334.0
39,215952_s_at,OAZ1,4946.0
40,215990_s_at,BCL6,604.0
41,216020_at,IFIH1,64135.0
42,216025_x_at,CYP2C9,1559.0
43,215933_s_at,HHEX,3087.0
44,215973_at,,
45,215966_x_at,GK,2710.0
46,215977_x_at,GK,2710.0
47,215961_at,F12,2161.0
48,215938_s_at,PLA2G6,8398.0
49,215945_s_at,TRIM2,23321.0
50,215996_at,,
51,216001_at,PRAMEF12,390999.0
52,215989_at,CBX2,84733.0
53,215954_s_at,CACTIN,58509.0
54,215970_at,,
55,215992_s_at,RAPGEF2,9693.0
56,215983_s_at,UBXN8,7993.0
57,215980_s_at,IGHMBP2,3508.0
58,215944_at,LINC01361,101927498.0
59,215953_at,SMG7-AS1,
60,215936_s_at,WASHC4,23325.0
61,215931_s_at,ARFGEF2,10564.0
62,216026_s_at,POLE,5426.0
63,215984_s_at,ARFRP1,10139.0
64,215999_at,FBXW10B,374286.0
65,215947_s_at,FAM136A,84908.0
66,215970_at,,100130331.0
67,216027_at,TMX4,56255.0
68,215963_x_at,RPL3,6122.0
69,215967_s_at,LY9,4063.0
70,215988_s_at,DLG1,1739.0
71,216005_at,TNC,3371.0
72,216023_at,KDM4B,23030.0
73,216017_s_at,NAB2,4665.0
74,216010_x_at,FUT6,2528.0
75,216028_at,HSD17B12,51144.0
76,216019_x_at,PHLDB1,23187.0
77,216008_s_at,ARIH2,10425.0
78,216015_s_at,NLRP3,114548.0
79,216016_at,NLRP3,114548.0
80,215991_s_at,EMC1,23065.0
0,216030_s_at,SEMG2,6407.0
1,216077_s_at,,
2,216077_s_at,L3MBTL1,26013.0
3,216076_at,L3MBTL1,26013.0
4,216034_at,ZNF280A,129025.0
5,216106_at,,
6,216058_s_at,,
7,216060_s_at,DAAM1,23002.0
8,216066_at,ABCA1,19.0
9,216119_s_at,SPEF1,25876.0
10,216092_s_at,SLC7A8,23428.0
11,216092_s_at,,
12,216065_at,B3GALT4,8705.0
13,216086_at,SV2C,22987.0
14,216062_at,CD44-AS1,
15,216109_at,MED13L,23389.0
16,216089_at,MCFD2P1,
17,216073_at,ANKRD34C,390616.0
18,216098_s_at,HTR7,3363.0
19,216126_at,,
20,216088_s_at,PSMA7,5688.0
21,216101_at,,
22,216063_at,HBBP1,
23,216101_at,,283755.0
24,216099_at,HTR7P1,
25,216098_s_at,HTR7P1,
26,216099_at,HTR7P1,93164.0
27,216098_s_at,HTR7P1,93164.0
28,216101_at,HERC2P9,440248.0
29,216112_at,RNU6-125P,
30,216120_s_at,ATP2B2,491.0
31,216071_x_at,MED12,9968.0
32,216095_x_at,MTMR1,8776.0
33,216096_s_at,NRXN1,9378.0
34,216063_at,,
35,216085_at,OBSCN,84033.0
36,216105_x_at,PTPA,5524.0
37,216058_s_at,CYP2C19,1557.0
38,216031_x_at,,
39,216064_s_at,AGA,175.0
40,216107_at,,
41,216111_x_at,PMS2P3,
42,216083_s_at,NEU3,10825.0
43,216047_x_at,SEZ6L,23544.0
44,216032_s_at,ERGIC3,51614.0
45,216100_s_at,TOR1AIP1,26092.0
46,216074_x_at,WWC1,23286.0
47,216059_at,PAX3,5077.0
48,216111_x_at,PMS2P3,5387.0
49,216037_x_at,TCF7L2,6934.0
50,216035_x_at,TCF7L2,6934.0
51,216115_at,NF1,4763.0
52,216031_x_at,JPT2,90861.0
53,216117_at,EXOSC2,23404.0
54,216061_x_at,PDGFB,5155.0
55,216045_at,CCDC144A,9720.0
56,216091_s_at,BTRC,8945.0
57,216044_x_at,DIPK1A,388650.0
58,216081_at,LAMA4,3910.0
59,216036_x_at,WDTC1,23038.0
60,216048_s_at,RHOBTB3,22836.0
61,216049_at,RHOBTB3,22836.0
62,216042_at,TNFRSF25,8718.0
63,216089_at,ZNF391,346157.0
64,216039_at,GABRA2,2555.0
65,216041_x_at,GRN,2896.0
66,216125_s_at,RANBP9,10048.0
67,216033_s_at,FYN,2534.0
68,216054_x_at,MYL4,4635.0
69,216128_at,TBCD,6904.0
70,216057_at,RAB3GAP2,25782.0
71,216042_at,PLEKHG5,57449.0
72,216056_at,CD44,960.0
73,216080_s_at,FADS3,3995.0
74,216052_x_at,ARTN,9048.0
75,216103_at,ACOT11,26027.0
0,216207_x_at,IGKV1-13,
1,216135_at,,
2,216218_s_at,PLCL2,23228.0
3,216217_at,PLCL2,23228.0
4,216154_at,,
5,216210_x_at,TRIOBP,11078.0
6,216200_at,PLEKHM1,9842.0
7,216191_s_at,TRDC,
8,216222_s_at,MYO10,4651.0
9,216192_at,FABP7,2173.0
10,216179_x_at,AIG1,51390.0
11,216133_at,TRAV21,
12,216180_s_at,SYNJ2,8871.0
13,216181_at,SYNJ2,8871.0
14,216215_s_at,RBFOX2,23543.0
15,216216_at,SLIT3,6586.0
16,216184_s_at,RIMS1,22999.0
17,216226_at,TAF4B,6875.0
18,216208_s_at,ATF6B,1388.0
19,216207_x_at,IGKV1D-13,
20,216186_at,,
21,216209_at,LINC00939,400084.0
22,216219_at,AQP6,363.0
23,216139_s_at,MAPK8IP3,23162.0
24,216183_at,TGM2,7052.0
25,216196_at,,
26,216224_s_at,HDAC6,10013.0
27,216188_at,MYCNOS,10408.0
28,216185_at,FUT9,10690.0
29,216212_s_at,DKC1,1736.0
30,216169_at,TXNDC11-AS1,
31,216194_s_at,TBCB,1155.0
32,216157_at,LINC01976,
33,216200_at,,
34,216177_at,RPL29P7,
35,216177_at,,
36,216149_at,,
37,216202_s_at,SPTLC2,9517.0
38,216203_at,SPTLC2,9517.0
39,216199_s_at,MAP3K4,4216.0
40,216220_s_at,ADORA1,134.0
41,216228_s_at,WDHD1,11169.0
42,216206_x_at,MAP2K7,5609.0
43,216143_at,PIAS1,8554.0
44,216135_at,IQCK,124152.0
45,216178_x_at,ITGB1,3688.0
46,216223_at,CPN2,1370.0
47,216175_at,POLD2,5425.0
48,216221_s_at,PUM2,23369.0
49,216205_s_at,MFN2,9927.0
0,216320_x_at,,
1,216315_x_at,UBE2V1P3,
2,216313_at,PCDHB17P,
3,216313_at,,
4,216258_s_at,SERPINB13,5275.0
5,216231_s_at,B2M,567.0
6,216253_s_at,PARVB,29780.0
7,216325_x_at,RTEL1-TNFRSF6B,
8,216315_x_at,UBE2V1P9,
9,216254_at,,
10,216251_s_at,TTLL12,23170.0
11,216316_x_at,GK4P,
12,216323_x_at,TUBA3E,112714.0
13,216294_s_at,BLTP1,84162.0
14,216316_x_at,,
15,216252_x_at,FAS,355.0
16,216237_s_at,MCM5,4174.0
17,216289_at,ADGRD2,347088.0
18,216316_x_at,GK3,2713.0
19,216314_at,CRISP1,167.0
20,216276_s_at,ADAM3A,1587.0
21,216276_s_at,ADAM3A,
22,216250_s_at,LPXN,9404.0
23,216297_at,,
24,216323_x_at,TUBA3D,113457.0
25,216320_x_at,MST1,4485.0
26,216240_at,PVT1,5820.0
27,216319_at,LINC01013,100507254.0
28,216273_at,,
29,216309_x_at,JRK,8629.0
30,216234_s_at,PRKACA,5566.0
31,216303_s_at,MTMR1,8776.0
32,216262_s_at,TGIF2,60436.0
33,216243_s_at,IL1RN,3557.0
34,216244_at,IL1RN,3557.0
35,216268_s_at,JAG1,182.0
36,216260_at,DICER1,23405.0
37,216238_s_at,FGB,2244.0
38,216308_x_at,GRHPR,9380.0
39,216247_at,RPS20,6224.0
40,216306_x_at,PTBP1,5725.0
41,216242_x_at,,
42,216242_x_at,,123258400.0
43,216316_x_at,GK,2710.0
44,216317_x_at,RHCE,6006.0
45,216230_x_at,SMPD1,6609.0
46,216266_s_at,ARFGEF1,10565.0
47,216298_at,TRGV5,
48,216298_at,TRGV3,
49,216302_at,HNRNPCL1,343069.0
50,216242_x_at,POLR2J3,123258399.0
51,216261_at,ITGB3,3690.0
52,216255_s_at,GRM8,2918.0
53,216256_at,GRM8,2918.0
54,216320_x_at,MST1L,
55,216235_s_at,EDNRA,1909.0
56,216272_x_at,SYDE1,85360.0
57,216271_x_at,SYDE1,85360.0
58,216311_at,OVOL3,728361.0
59,216232_s_at,GCN1,10985.0
60,216242_x_at,POLR2J4,84820.0
61,216242_x_at,POLR2J4,401331.0
62,216242_x_at,RASA4CP,84820.0
63,216242_x_at,RASA4CP,401331.0
64,216326_s_at,HDAC3,8841.0
65,216236_s_at,SLC2A3,6515.0
66,216288_at,CYSLTR1,10800.0
67,216325_x_at,RTEL1,51750.0
68,216282_x_at,POLR2C,5432.0
69,216295_s_at,CLTA,1211.0
70,216320_x_at,MST1P2,
71,216236_s_at,SLC2A14,144195.0
72,216299_s_at,XRCC3,7517.0
73,216263_s_at,NGDN,25983.0
74,216277_at,BUB1,699.0
75,216241_s_at,TCEA1,6917.0
76,216241_s_at,TCEA1,133039973.0
77,216239_at,BBS9,27241.0
78,216310_at,TAOK1,57551.0
79,216279_at,ZNF460,10794.0
80,216233_at,CD163L1,283316.0
81,216265_x_at,MYH7,4625.0
82,216274_s_at,SEC11A,23478.0
83,216248_s_at,NR4A2,4929.0
84,216328_at,SIGLEC8,27181.0
85,216327_s_at,SIGLEC8,27181.0
86,216321_s_at,NR3C1,2908.0
87,216300_x_at,RARA,5914.0
88,216304_x_at,YME1L1,10730.0
89,216233_at,CD163,9332.0
90,216242_x_at,POLR2J3,548644.0
91,216283_s_at,PVR,5817.0
92,216264_s_at,LAMB2,3913.0
93,216307_at,DGKB,1607.0
94,216267_s_at,TMEM115,11070.0
95,216305_s_at,GCFC2,6936.0
0,216384_x_at,PTMAP9,
1,216351_x_at,DAZ4,57135.0
2,216351_x_at,DAZ3,57054.0
3,216351_x_at,DAZ1,1617.0
4,216351_x_at,DAZ2,57055.0
5,216376_x_at,ANOS2P,
6,216376_x_at,,
7,216374_at,TSPY13P,
8,216374_at,TSPY11P,
9,216374_at,,
10,216389_s_at,DCAF11,80344.0
11,216388_s_at,LTB4R,1241.0
12,216401_x_at,IGKV1-37,
13,216349_at,FHP1,
14,216391_s_at,KLHL1,57626.0
15,216387_x_at,NPM1P22,
16,216403_at,SP3P,
17,216418_at,ABCD1P2,
18,216404_at,ATXN8OS,6315.0
19,216422_at,PA2G4P2,
20,216421_at,RPL27AP,
21,216354_at,RPL12P11,
22,216420_at,TARDBPP1,
23,216353_s_at,RNF11P2,
24,216413_at,CYCSP44,
25,216342_x_at,RPS4XP2,
26,216364_s_at,AFF2,2334.0
27,216342_x_at,,
28,216383_at,RPL18AP16,
29,216349_at,DGKH,160851.0
30,216428_x_at,KIR3DX1,
31,216406_at,,
32,216345_at,ZSWIM8,23053.0
33,216346_at,SEC14L3,266629.0
34,216379_x_at,CD24,100133941.0
35,216358_at,SMARCE1P2,
36,216348_at,RPS17P5,
37,216414_at,HMGB3P19,
38,216370_s_at,TKTL1,8277.0
39,216352_x_at,PCDHGA1,56114.0
40,216352_x_at,PCDHGA2,56113.0
41,216352_x_at,PCDHGA3,56112.0
42,216352_x_at,PCDHGB1,56104.0
43,216352_x_at,PCDHGA4,56111.0
44,216352_x_at,PCDHGB2,56103.0
45,216352_x_at,PCDHGA5,56110.0
46,216352_x_at,PCDHGB3,56102.0
47,216352_x_at,PCDHGA6,56109.0
48,216352_x_at,PCDHGA7,56108.0
49,216352_x_at,PCDHGB4,8641.0
50,216352_x_at,PCDHGA8,9708.0
51,216352_x_at,PCDHGA9,56107.0
52,216352_x_at,PCDHGA10,56106.0
53,216352_x_at,PCDHGB7,56099.0
54,216352_x_at,PCDHGA11,56105.0
55,216352_x_at,PCDHGA12,26025.0
56,216352_x_at,PCDHGC3,5098.0
57,216352_x_at,PCDHGC4,56098.0
58,216352_x_at,PCDHGC5,56097.0
59,216352_x_at,PCDHGB5,56101.0
60,216352_x_at,PCDHGB6,56100.0
61,216408_at,OR2B2,81697.0
62,216410_at,CNN3P1,
63,216386_at,,
64,216426_at,ELOCP3,
65,216337_at,,
66,216333_x_at,TNXB,7148.0
67,216339_s_at,TNXB,7148.0
68,216330_s_at,POU6F1,5463.0
69,216428_x_at,,
70,216423_at,,
71,216377_x_at,ALPP,250.0
72,216377_x_at,ALPG,251.0
73,216340_s_at,,
74,216339_s_at,TNXA,
75,216360_x_at,RRP12,23223.0
76,216334_s_at,CYP2A7P1,
77,216334_s_at,,
78,216401_x_at,IGKV1D-37,
79,216341_s_at,GNRHR,2798.0
80,216402_at,SEC14L4,284904.0
81,216384_x_at,PTMAP4,
82,216384_x_at,,
83,216347_s_at,PPP1R13B,23368.0
84,216333_x_at,TNXA,
85,216333_x_at,,
86,216400_at,GBA1LP,
87,216380_x_at,,
88,216397_s_at,BOP1,23246.0
89,216417_x_at,HOXB9,3219.0
90,216400_at,,2630.0
91,216375_s_at,ETV5,2119.0
92,216381_x_at,AKR7A3,22977.0
93,216331_at,ITGA7,3679.0
94,216338_s_at,YIPF3,25844.0
95,216361_s_at,KAT6A,7994.0
96,216411_s_at,GALK2,2585.0
97,216399_s_at,SCAPER,49855.0
98,216373_at,TAPT1,202018.0
99,216419_at,CROCC,9696.0
100,216356_x_at,BAIAP3,8938.0
101,216392_s_at,SEC23IP,11196.0
102,216350_s_at,ZNF10,7556.0
103,216396_s_at,EI24,9538.0
104,216344_at,NPHP4,261734.0
0,216473_x_at,DUX4L9,
1,216473_x_at,,
2,216473_x_at,,124905408.0
3,216473_x_at,,124905411.0
4,216473_x_at,,124905410.0
5,216473_x_at,,124905409.0
6,216473_x_at,DUX4L8,
7,216473_x_at,DUX4,100288687.0
8,216469_at,ZNF355P,
9,216469_at,ZNF962P,
10,216476_at,OR7E111P,
11,216497_at,RNU6-73P,
12,216512_s_at,DCT,1638.0
13,216513_at,DCT,1638.0
14,216491_x_at,IGHV4-59,
15,216491_x_at,IGHV4-61,
16,216515_x_at,PTMAP3,
17,216438_s_at,TMSB4XP6,
18,216479_at,RPL21P2,
19,216471_x_at,SSX2B,727837.0
20,216471_x_at,SSX3,10214.0
21,216471_x_at,SSX4,6759.0
22,216471_x_at,SSX4,548313.0
23,216471_x_at,SSX4B,6759.0
24,216471_x_at,SSX4B,548313.0
25,216505_x_at,RPS10P5,
26,216505_x_at,,
27,216521_s_at,BRCC3,79184.0
28,216471_x_at,SSX2,6757.0
29,216469_at,,
30,216520_s_at,TPT1,7178.0
31,216473_x_at,DUX4L24,
32,216473_x_at,DUX4L28,
33,216473_x_at,DUX4L14,
34,216473_x_at,DUX4L20,
35,216473_x_at,DUX4L25,
36,216473_x_at,DUX4L23,
37,216473_x_at,DUX4L15,
38,216473_x_at,DUX4L29,
39,216473_x_at,DUX4L21,
40,216473_x_at,DUX4L11,
41,216473_x_at,DUX4L10,
42,216473_x_at,DUX4L12,
43,216473_x_at,DUX4L22,
44,216473_x_at,DUX4L13,
45,216457_s_at,SF3A1,10291.0
46,216475_at,TUBB4BP7,
47,216517_at,IGKV1D-8,
48,216516_at,RPL21P64,
49,216522_at,OR2B6,26212.0
50,216490_x_at,RPLP2P1,
51,216459_x_at,DDR1-DT,
52,216438_s_at,TMSB4XP8,
53,216441_at,,
54,216493_s_at,,
55,216494_at,,
56,216473_x_at,,124905412.0
57,216473_x_at,DUX4L2,
58,216452_at,TRPM3,80036.0
59,216473_x_at,DUX4L7,
60,216473_x_at,DUX4L6,
61,216473_x_at,DUX4L5,
62,216473_x_at,DUX4L4,
63,216473_x_at,DUX4L1,
64,216473_x_at,DUX4L3,
65,216488_s_at,ATP11A,23250.0
66,216468_s_at,ZNF682,91120.0
67,216458_at,SLC66A3,130814.0
68,216486_x_at,ZNF79,7633.0
69,216438_s_at,TMSB4X,7114.0
70,216477_at,RPL23AP22,
71,216473_x_at,DBET,100419743.0
72,216526_x_at,HLA-C,3107.0
73,216526_x_at,HLA-B,3106.0
74,216467_s_at,EPM2A-DT,
75,216508_x_at,HMGB1P4,
76,216527_at,HCG18,414777.0
77,216527_at,HCG18,414778.0
78,216470_x_at,PRSS3P1,
79,216470_x_at,PRSS2,5645.0
80,216470_x_at,PRSS3P5,
81,216498_at,RPL29P1,
82,216498_at,,
83,216464_x_at,PTGDR2,11251.0
84,216483_s_at,MYDGF,56005.0
85,216433_s_at,PRDM2,7799.0
86,216481_at,GRIP2,80852.0
87,216525_x_at,PMS2P3,
88,216484_x_at,HDGF,3068.0
89,216503_s_at,MLLT10,8028.0
90,216506_x_at,MLLT10,8028.0
91,216525_x_at,PMS2P3,5387.0
92,216511_s_at,TCF7L2,6934.0
93,216493_s_at,IGF2BP3,10643.0
94,216460_at,CHST12,55501.0
95,216449_x_at,HSP90B1,7184.0
96,216474_x_at,TPSB2,64499.0
97,216474_x_at,TPSAB1,7177.0
98,216439_at,TNK2,10188.0
99,216442_x_at,FN1,2335.0
100,216484_x_at,MRPL24,79590.0
0,216544_at,,159162.0
1,216544_at,RBMY2FP,
2,216569_at,FABP3P2,
3,216607_s_at,CYP51A1P2,
4,216542_x_at,IGHV3-20,
5,216557_x_at,IGHV3-21,
6,216577_at,RPS11P1,
7,216559_x_at,HNRNPA1P3,
8,216562_at,SRMP1,
9,216543_at,,100093698.0
10,216531_at,YY2,404281.0
11,216548_x_at,HMGB3P1,
12,216553_x_at,RPS21P7,
13,216560_x_at,IGLV3-10,
14,216539_at,ATXN3L,92552.0
15,216605_s_at,CEACAM21,90273.0
16,216581_at,KRT18P38,
17,216574_s_at,RPEL1,729020.0
18,216620_s_at,,104266957.0
19,216575_at,HMGB1P17,
20,216580_at,RPL7P27,
21,216561_x_at,SOX5P1,
22,216532_x_at,GLRX3P2,
23,216555_at,PRR14L,253143.0
24,216606_x_at,LYPLA2P1,
25,216592_at,MAGEC3,139081.0
26,216582_at,POM121L2,94026.0
27,216591_s_at,SDHCP4,
28,216587_s_at,FZD8,8325.0
29,216552_x_at,KIR2DS4,3809.0
30,216551_x_at,PLCG1,5335.0
31,216536_at,OR7E19P,
32,216620_s_at,ARHGEF10,9639.0
33,216588_at,RPL7P25,
34,216585_at,H2AC10P,
35,216585_at,,
36,216536_at,,
37,216593_s_at,PIGCP1,
38,216589_at,RPL10P17,
39,216565_x_at,IFITM3P7,
40,216570_x_at,RPL29P5,
41,216627_s_at,B4GALT1,2683.0
42,216531_at,MBTPS2,51360.0
43,216589_at,,
44,216596_at,LINC02249,26082.0
45,216578_at,TRBV5-2,
46,216597_at,PRSS3P3,
47,216597_at,,
48,216564_at,,
49,216591_s_at,SDHCP5,
50,216599_x_at,SLC22A6,9356.0
51,216583_x_at,NHP2P2,
52,216607_s_at,,
53,216556_x_at,SUMO1P2,
54,216611_s_at,,
55,216598_s_at,CCL2,6347.0
56,216584_at,UBE2V2P3,
57,216590_at,GNAT3,346562.0
58,216629_at,SRRM2,23524.0
59,216545_at,GOT2P1,
60,216547_at,RPSAP20,
61,216601_at,AOC4P,90586.0
62,216624_s_at,KMT2A,4297.0
63,216622_at,LAMB4,22798.0
64,216611_s_at,SLC6A2,6530.0
65,216602_s_at,FARSA,2193.0
66,216549_s_at,TBC1D22B,55633.0
67,216615_s_at,HTR3A,3359.0
68,216623_x_at,TOX3,27324.0
69,216617_s_at,MAG,4099.0
70,216574_s_at,RPE,6120.0
71,216591_s_at,SDHC,6391.0
72,216579_at,GJB4,127534.0
73,216594_x_at,AKR1C2,1646.0
74,216572_at,FOXL1,2300.0
75,216537_s_at,SIGLEC7,27036.0
76,216594_x_at,AKR1C1,1645.0
77,216619_at,GTPBP10,85865.0
78,216619_at,GTPBP10,101927446.0
79,216607_s_at,CYP51A1,1595.0
80,216593_s_at,PIGC,5279.0
81,216606_x_at,LYPLA2,11313.0
0,216665_s_at,TTTY2B,
1,216673_at,TTTY1B,100101116.0
2,216665_s_at,TTTY2,
3,216673_at,TTTY1,50858.0
4,216665_s_at,,102725532.0
5,216664_at,,102725532.0
6,216665_s_at,,101929148.0
7,216664_at,,101929148.0
8,216695_s_at,TNKS,8658.0
9,216676_x_at,KIR3DL3,115653.0
10,216639_at,SRPX2,27286.0
11,216650_at,RPL29P17,
12,216715_at,EEF1DP5,
13,216722_at,VENTXP1,139538.0
14,216729_at,KLF17P1,
15,216726_at,,
16,216631_s_at,HLA-DPA2,
17,216675_at,LINC01503,100506119.0
18,216697_at,TRIO,7204.0
19,216667_at,RNASE2CP,
20,216705_s_at,ADA,100.0
21,216690_at,OR7C1,26664.0
22,216651_s_at,GAD2,2572.0
23,216659_at,DHFRP3,
24,216712_at,SLC25A30,253512.0
25,216719_s_at,CYP2U1-AS1,101929595.0
26,216719_s_at,CYP2U1-AS1,107986298.0
27,216684_s_at,SS18,6760.0
28,216682_s_at,SUPT20H,55578.0
29,216685_s_at,MTAP,4507.0
30,216698_x_at,OR7E12P,
31,216638_s_at,PRLR,5618.0
32,216661_x_at,CYP2C9,1559.0
33,216699_s_at,KLK1,3816.0
34,216696_s_at,PRODH2,58510.0
35,216666_at,MGAM2,93432.0
36,216698_x_at,,
37,216713_at,,
38,216711_s_at,TAF1,6872.0
39,216641_s_at,,
40,216686_at,,645784.0
41,216693_x_at,HDGFL3,50810.0
42,216692_at,ZNF337,26152.0
43,216672_s_at,MYT1L,23040.0
44,216645_at,TCF3,6929.0
45,216652_s_at,DR1,1810.0
46,216653_at,DR1,1810.0
47,216641_s_at,LAD1,3898.0
48,216663_s_at,ZMYND10,51364.0
49,216713_at,KRIT1,889.0
50,216689_x_at,ARHGAP1,392.0
51,216633_s_at,PLCH1,23007.0
52,216634_at,PLCH1,23007.0
53,216680_s_at,EPHB4,2050.0
54,216640_s_at,PDIA6,10130.0
55,216674_at,HES2,54626.0
0,216801_at,,
1,216786_at,FAM224B,
2,216786_at,FAM224A,
3,216826_at,ELL2P3,
4,216820_at,HNRNPA1P31,
5,216808_at,KRT18P27,
6,216808_at,MIR622,693207.0
7,216822_x_at,CYCSP33,
8,216798_at,RNH1,6050.0
9,216810_at,,100996750.0
10,216810_at,KRTAP4-7,100132476.0
11,216814_at,ACTR3P2,
12,216778_s_at,CYLC1,1538.0
13,216779_at,CYLC1,1538.0
14,216828_at,,
15,216828_at,MLLT10P1,
16,216823_at,RPS3AP5,
17,216816_at,RPL6P17,
18,216806_at,RPSAP44,
19,216815_at,RPL10P10,
20,216821_at,KRT8P11,
21,216818_s_at,OR2J1,442185.0
22,216817_s_at,OR2H1,26716.0
23,216818_s_at,OR2J2,26707.0
24,216827_at,,
25,216734_s_at,CXCR5,643.0
26,216731_s_at,,124902203.0
27,216733_s_at,GATM,2628.0
28,216824_at,ARF1P1,
29,216807_at,CFAP74,85452.0
30,216748_at,PYHIN1,149628.0
31,216819_at,HSD3BP1,
32,216795_at,ADGRL2,23266.0
33,216804_s_at,PDLIM5,10611.0
34,216775_at,USP53,54532.0
35,216750_at,APBB2,323.0
36,216743_at,ADCY6,112.0
37,216762_at,SUCLG1,8802.0
38,216825_s_at,MPL,4352.0
0,216922_x_at,DAZ4,57135.0
1,216922_x_at,DAZ3,57054.0
2,216922_x_at,DAZ1,1617.0
3,216922_x_at,DAZ2,57055.0
4,216842_x_at,,
5,216929_x_at,ABO,28.0
6,216894_x_at,CDKN1C,1028.0
7,216870_x_at,DLEU2,8847.0
8,216881_x_at,PRB4,5545.0
9,216900_s_at,CHRNA4,1137.0
10,216923_at,CDKL5,6792.0
11,216907_x_at,,
12,216902_s_at,RRN3,54700.0
13,216908_x_at,RRN3,54700.0
14,216907_x_at,KIR3DL2,3812.0
15,216862_s_at,,
16,216862_s_at,CMC4,100272147.0
17,216853_x_at,IGLV3-19,
18,216895_at,GABRG3,2567.0
19,216916_s_at,DLGAP2,9228.0
20,216889_s_at,HNF4A,3172.0
21,216880_at,RAD51B,5890.0
22,216911_s_at,HIC2,23119.0
23,216840_s_at,LAMA2,3908.0
24,216860_s_at,GDF11,10220.0
25,216833_x_at,GYPB,2994.0
26,216910_at,XPNPEP2,7512.0
27,216850_at,,
28,216876_s_at,IL17A,3605.0
29,216849_at,LINC03050,126568848.0
30,216918_s_at,DST,667.0
31,216850_at,SNHG14,
32,216917_s_at,SYCP1,6847.0
33,216913_s_at,RRP12,23223.0
34,216857_at,TRBV21-1,
35,216902_s_at,,
36,216908_x_at,,
37,216885_s_at,,
38,216920_s_at,TRGC2,
39,216920_s_at,TRGC1,445347.0
40,216920_s_at,,445347.0
41,216921_s_at,KRT35,3886.0
42,216874_at,TEX41,401014.0
43,216930_at,HNF1A,6927.0
44,216924_s_at,DRD2,1813.0
45,216908_x_at,RRN3P3,
46,216902_s_at,RRN3P1,
47,216908_x_at,RRN3P1,
48,216863_s_at,MORC2,22880.0
49,216856_s_at,,
50,216831_s_at,RUNX1T1,862.0
51,216832_at,RUNX1T1,862.0
52,216908_x_at,RRN3P3,100131998.0
53,216902_s_at,RRN3P2,653390.0
54,216908_x_at,RRN3P2,653390.0
55,216870_x_at,DLEU2L,
56,216887_s_at,LDB3,11155.0
57,216893_s_at,COL4A3,1285.0
58,216898_s_at,COL4A3,1285.0
59,216841_s_at,SOD2,6648.0
60,216926_s_at,MAU2,23383.0
61,216868_s_at,,
62,216925_s_at,TAL1,6886.0
63,216834_at,RGS1,5996.0
64,216866_s_at,COL14A1,7373.0
65,216865_at,COL14A1,7373.0
66,216883_x_at,PDE6D,5147.0
67,216899_s_at,SKAP2,8935.0
68,216869_at,PDE1C,5137.0
69,216882_s_at,NEBL,10529.0
70,216903_s_at,MICU1,10367.0
71,216835_s_at,DOK1,1796.0
72,216908_x_at,CDR2,1039.0
73,216919_at,TP53I11,9537.0
74,216867_s_at,PDGFA,5154.0
75,216897_s_at,FAM76A,199870.0
76,216855_s_at,HNRNPU,3192.0
77,216905_s_at,ST14,6768.0
78,216915_s_at,PTPN12,5782.0
79,216836_s_at,ERBB2,2064.0
80,216901_s_at,IKZF1,10320.0
81,216885_s_at,DCAF8,50717.0
82,216873_s_at,ATP8B2,57198.0
0,216977_x_at,SNRPA1P2,
1,217022_s_at,IGHA2,
2,217022_s_at,IGHA1,
3,217021_at,CYB5AP4,
4,217024_x_at,SIRPAP1,
5,217030_at,,
6,217019_at,LINC01716,105372682.0
7,217019_at,RPS4XP3,
8,216937_s_at,RS1,6247.0
9,217004_s_at,MCF2,4168.0
10,217009_at,PGK2,5232.0
11,217015_at,RBBP4P4,
12,217000_at,KRT18P50,
13,216948_at,RAB1AP2,
14,216979_at,NR4A3,8013.0
15,216998_s_at,ADAM5,255926.0
16,216998_s_at,,
17,216993_s_at,COL11A2,1302.0
18,216944_s_at,ITPR1,3708.0
19,216965_x_at,SPART,23111.0
20,217008_s_at,GRM7,2917.0
21,217028_at,CXCR4,7852.0
22,216953_s_at,WT1,7490.0
23,216971_s_at,PLEC,5339.0
24,216988_s_at,PTP4A2,8073.0
25,216939_s_at,HTR4,3360.0
26,216989_at,,105375483.0
27,216957_at,PRIM1,5557.0
28,216986_s_at,IRF4,3662.0
29,216987_at,IRF4,3662.0
30,216994_s_at,RUNX2,860.0
31,217011_at,GBX1,2636.0
32,216952_s_at,LMNB2,84823.0
33,217010_s_at,CDC25C,995.0
34,216949_s_at,MIR1225,100188847.0
35,216992_s_at,GRM8,2918.0
36,216950_s_at,FCGR1BP,
37,216949_s_at,PKD1,5310.0
38,216938_x_at,DRD2,1813.0
39,217016_x_at,TMEM212,389177.0
40,216988_s_at,,128031832.0
41,216963_s_at,GAP43,2596.0
42,216977_x_at,SNRPA1P1,
43,217013_at,AZGP1P1,
44,217014_s_at,AZGP1P1,
45,216973_s_at,HOXB7,3217.0
46,217027_x_at,,
47,216934_at,CLTB,1212.0
48,217013_at,,646282.0
49,217014_s_at,,646282.0
50,216975_x_at,NPAS1,4861.0
51,216960_s_at,ZNF133,7692.0
52,217014_s_at,AZGP1,563.0
53,217002_s_at,HTR3A,3359.0
54,216950_s_at,FCGR1CP,
55,216950_s_at,,
56,216935_at,LCEP3,
57,216977_x_at,SNRPA1,6627.0
58,216950_s_at,FCGR1BP,2210.0
59,216935_at,LINC00302,388699.0
60,216969_s_at,KIF22,3835.0
61,216968_at,MASP2,10747.0
62,216933_x_at,APC,324.0
63,217025_s_at,DBN1,1627.0
64,216976_s_at,RYK,6259.0
65,216945_x_at,PASK,23178.0
66,216983_s_at,ZNF224,7767.0
67,216942_s_at,CD58,965.0
68,217006_x_at,FASN,2194.0
69,216958_s_at,IVD,3712.0
70,216997_x_at,TLE4,7091.0
71,216941_s_at,TAF1B,9014.0
72,217026_at,CFTR,1080.0
73,217023_x_at,TPSB2,64499.0
74,216959_x_at,NRCAM,4897.0
75,216985_s_at,STX3,6809.0
76,216956_s_at,ITGA2B,3674.0
77,217023_x_at,TPSAB1,7177.0
78,216962_at,RPAIN,84268.0
79,216981_x_at,SPN,6693.0
80,217007_s_at,ADAM15,8751.0
81,216996_s_at,FASTKD2,22868.0
82,216950_s_at,FCGR1A,2209.0
0,217049_x_at,PCDH11Y,27328.0
1,217049_x_at,PCDH11Y,83259.0
2,217078_s_at,CD300A,11314.0
3,217082_at,,
4,217085_at,,
5,217092_x_at,RPL7P52,
6,217094_s_at,,83737.0
7,217131_at,RPS29P28,
8,217088_s_at,NCR1,9437.0
9,217115_at,MKRN7P,
10,217115_at,,
11,217119_s_at,CXCR3,2833.0
12,217038_at,HMGB1P12,
13,217049_x_at,PCDH11X,27328.0
14,217095_x_at,,9437.0
15,217088_s_at,,9437.0
16,217095_x_at,NCR1,9437.0
17,217057_s_at,GNAS,2778.0
18,217059_at,MUC7,4589.0
19,217107_at,RPS4XP9,
20,217032_at,FOXD4,2298.0
21,217129_at,TUBB8P2,
22,217056_at,TRAV36DV7,
23,217067_s_at,DMP1,1758.0
24,217045_x_at,NCR2,9436.0
25,217111_at,FHP2,
26,217104_at,ST20,
27,217081_at,OR2H2,7932.0
28,217050_at,DIAPH2-AS1,10824.0
29,217123_x_at,PMCHL2,5370.0
30,217075_x_at,KMT2B,9757.0
31,217123_x_at,,
32,217111_at,,
33,217123_x_at,PMCHL1,
34,217046_s_at,AGER,177.0
35,217118_s_at,KIAA0930,23313.0
36,217126_at,,
37,217110_s_at,MUC4,4585.0
38,217094_s_at,ITCH,83737.0
39,217133_x_at,CYP2B6,1555.0
40,217060_at,TRBV16,
41,217073_x_at,APOA1,335.0
42,217099_s_at,GEMIN4,50628.0
43,217055_x_at,SLC1A2,6506.0
44,217074_at,SMOX,54498.0
45,217032_at,FOXD4L1,200350.0
46,217077_s_at,GABBR2,9568.0
47,217100_s_at,UBXN7,26043.0
48,217106_x_at,DIMT1,27292.0
49,217125_at,UBBP2,
50,217087_at,KPLCE,100129271.0
51,217033_x_at,NTRK3,4916.0
52,217112_at,PDGFB,5155.0
53,217098_s_at,ZSCAN12,9753.0
54,217066_s_at,DMPK,1760.0
55,217101_at,TTC39A,22996.0
56,217080_s_at,HOMER2,9455.0
57,217127_at,CTH,1491.0
58,217047_s_at,FAM13A,10144.0
59,217032_at,ZNG1A,55871.0
60,217124_at,IQCE,23288.0
61,217128_s_at,CAMK1G,57172.0
62,217097_s_at,PHTF2,57157.0
63,217053_x_at,ETV1,2115.0
64,217061_s_at,ETV1,2115.0
65,217043_s_at,MFN1,55669.0
66,217122_s_at,SLC35E2B,728661.0
67,217076_s_at,HOXD3,3232.0
68,217070_at,MTHFR,4524.0
69,217071_s_at,MTHFR,4524.0
0,217158_at,,
1,217187_at,MUC5AC,4586.0
2,217212_s_at,IL9R,3581.0
3,217140_s_at,VDAC1P6,
4,217139_at,VDAC1P6,
5,217160_at,TSPY4,7258.0
6,217160_at,TSPY4,728395.0
7,217160_at,TSPY4,124905613.0
8,217160_at,TSPY4,124905618.0
9,217160_at,TSPY4,124909293.0
10,217160_at,TSPY4,124909305.0
11,217160_at,TSPY4,124909329.0
12,217160_at,TSPY8,728403.0
13,217160_at,TSPY8,124908988.0
14,217160_at,TSPY8,128966656.0
15,217160_at,TSPY3,728137.0
16,217160_at,TSPY3,100289087.0
17,217160_at,TSPY3,124905614.0
18,217160_at,TSPY3,124905615.0
19,217160_at,TSPY3,124905616.0
20,217160_at,TSPY3,124905618.0
21,217160_at,TSPY3,124905619.0
22,217160_at,TSPY3,124905620.0
23,217160_at,TSPY3,124905621.0
24,217160_at,TSPY3,124905624.0
25,217160_at,TSPY3,124905625.0
26,217160_at,TSPY3,124905626.0
27,217160_at,TSPY3,124905628.0
28,217160_at,TSPY3,124905629.0
29,217160_at,TSPY3,124908978.0
30,217160_at,TSPY3,124908979.0
31,217160_at,TSPY3,124908981.0
32,217160_at,TSPY3,124909197.0
33,217160_at,TSPY3,124909294.0
34,217160_at,TSPY3,124909306.0
35,217160_at,TSPY3,124909318.0
36,217160_at,TSPY3,124909320.0
37,217160_at,TSPY3,124909330.0
38,217160_at,TSPY3,128966595.0
39,217160_at,TSPY3,128966599.0
40,217160_at,TSPY3,128966647.0
41,217160_at,TSPY3,128966655.0
42,217160_at,TSPY10,728137.0
43,217160_at,TSPY10,100289087.0
44,217160_at,TSPY10,124905614.0
45,217160_at,TSPY10,124905615.0
46,217160_at,TSPY10,124905617.0
47,217160_at,TSPY10,124905618.0
48,217160_at,TSPY10,124905619.0
49,217160_at,TSPY10,124905620.0
50,217160_at,TSPY10,124905624.0
51,217160_at,TSPY10,124905625.0
52,217160_at,TSPY10,124905626.0
53,217160_at,TSPY10,124905627.0
54,217160_at,TSPY10,124905628.0
55,217160_at,TSPY10,124905629.0
56,217160_at,TSPY10,124908978.0
57,217160_at,TSPY10,124908979.0
58,217160_at,TSPY10,124908980.0
59,217160_at,TSPY10,124908981.0
60,217160_at,TSPY10,124909093.0
61,217160_at,TSPY10,124909197.0
62,217160_at,TSPY10,124909294.0
63,217160_at,TSPY10,124909306.0
64,217160_at,TSPY10,124909318.0
65,217160_at,TSPY10,128966595.0
66,217160_at,TSPY10,128966599.0
67,217160_at,TSPY10,128966647.0
68,217160_at,TSPY10,128966655.0
69,217160_at,TSPY2,64591.0
70,217160_at,,
71,217149_x_at,TNK1,8711.0
72,217141_at,BTBD7,55727.0
73,217211_at,ACTBP9,
74,217135_x_at,COX6B1P3,
75,217195_at,GCNT1P1,
76,217140_s_at,VDAC1P1,
77,217140_s_at,VDAC1P3,
78,217139_at,VDAC1P3,
79,217225_x_at,NOMO1,23420.0
80,217148_x_at,IGLV2-14,
81,217205_at,PABPN1P1,
82,217148_x_at,IGLV2-8,
83,217148_x_at,MIR650,723778.0
84,217225_x_at,NOMO3,408050.0
85,217167_x_at,GK4P,
86,217143_s_at,TRDC,
87,217136_at,PPIAL4A,653505.0
88,217202_s_at,GLULP4,
89,217203_at,GLULP4,
90,217161_x_at,ACAN,176.0
91,217142_at,EEF1A1P42,
92,217233_at,,
93,217152_at,,
94,217174_s_at,APC2,10297.0
95,217154_s_at,EDN3,1908.0
96,217170_at,TRAV8-6,
97,217166_at,PTMAP1,
98,217156_at,HADHAP1,
99,217202_s_at,,
100,217147_s_at,TRAT1,50852.0
101,217231_s_at,MAST1,22983.0
102,217219_at,,26102.0
103,217158_at,PTGER4P3,
104,217186_at,ZPR1P1,
105,217185_s_at,ZPR1P1,
106,217186_at,,
107,217185_s_at,,
108,217155_at,,
109,217144_at,UBBP1,
110,217197_x_at,N4BP2L1,90634.0
111,217224_at,OR1E3,
112,217167_x_at,GK,2710.0
113,217202_s_at,SBF2,81846.0
114,217136_at,PPIAL4C,653598.0
115,217136_at,PPIAL4E,730262.0
116,217136_at,PPIAL4F,728945.0
117,217136_at,PPIAL4G,644591.0
118,217136_at,PPIAL4H,105371242.0
119,217171_at,SMPD1,6609.0
120,217232_x_at,HBB,3043.0
121,217176_s_at,ZFX,7543.0
122,217191_x_at,COX6CP1,
123,217150_s_at,NF2,4771.0
124,217204_at,RGS17,26575.0
125,217210_at,DYNLL1P3,
126,217212_s_at,,
127,217212_s_at,IL9RP3,
128,217204_at,MTRF1L,54516.0
129,217206_at,CYCSP19,
130,217185_s_at,ZPR1,8882.0
131,217173_s_at,LDLR,3949.0
132,217207_s_at,BTNL3,10917.0
133,217165_x_at,MT1F,4494.0
134,217230_at,SYTL3,94120.0
135,217202_s_at,GLUL,2752.0
136,217184_s_at,LTK,4058.0
137,217221_x_at,RBM10,8241.0
138,217190_x_at,ESR1,2099.0
139,217163_at,ESR1,2099.0
140,217188_s_at,ERG28,11161.0
141,217226_s_at,SFXN3,81855.0
142,217208_s_at,DLG1,1739.0
143,217189_s_at,SMG7,9887.0
144,217196_s_at,CAMSAP2,23271.0
145,217140_s_at,VDAC1,7416.0
146,217216_x_at,MLH3,27030.0
147,217168_s_at,HERPUD1,9709.0
148,217177_s_at,PTPRB,5787.0
149,217192_s_at,PRDM1,639.0
150,217159_x_at,SIGLEC7,27036.0
151,217225_x_at,NOMO2,283820.0
152,217199_s_at,STAT2,6773.0
153,217228_s_at,ASB4,51666.0
154,217200_x_at,CYB561,1534.0
0,217273_at,PRAMEF10,343071.0
1,217273_at,PRAMEF33,645382.0
2,217261_at,TTTY2B,
3,217261_at,TTTY2,
4,217270_s_at,DYRK1B,9149.0
5,217289_s_at,SLC37A4,2542.0
6,217269_s_at,TMPRSS15,5651.0
7,217332_at,CTAGE11P,
8,217302_at,OR2F2,135948.0
9,217272_s_at,SERPINB13,5275.0
10,217281_x_at,IGHV3-7,
11,217320_at,IGHV3-72,
12,217239_x_at,IGHV3-47,
13,217317_s_at,,
14,217263_x_at,RUNX1,861.0
15,217263_x_at,RUNX1,100506403.0
16,217317_s_at,HERC2P9,440248.0
17,217262_s_at,CELSR1,9620.0
18,217265_at,PLLPP1,
19,217277_at,IGLVIVOR22-1,
20,217333_at,KRT18P44,
21,217256_x_at,RPL36AP52,
22,217290_at,PPIHP2,
23,217329_x_at,LINC01399,
24,217276_x_at,SERHL,
25,217266_at,RPL15P22,
26,217329_x_at,,104310353.0
27,217309_s_at,VPS26C,10311.0
28,217276_x_at,SERHL,94009.0
29,217327_at,ELOCP28,
30,217249_x_at,COX7A2P2,
31,217244_at,DNAJA1P4,
32,217306_at,,
33,217303_s_at,ADRB3,155.0
34,217248_s_at,SLC7A8,23428.0
35,217334_at,OR2J3,442186.0
36,217316_at,OR7A10,390892.0
37,217301_x_at,RBBP4P1,
38,217246_s_at,DIAPH2,1730.0
39,217242_at,ZNF154,7710.0
40,217315_s_at,KLK13,26085.0
41,217322_x_at,HNRNPA3P17,
42,217325_at,KRT3,3850.0
43,217312_s_at,COL7A1,1294.0
44,217282_at,MAN1A2,10905.0
45,217305_s_at,ADCY10,55811.0
46,217301_x_at,RBBP4,5928.0
47,217238_s_at,ALDOB,229.0
48,217285_at,ESS2,8220.0
49,217279_x_at,MMP14,4323.0
50,217271_at,,
51,217313_at,,
52,217288_at,DNAJC22,79962.0
53,217254_s_at,EPO,2056.0
54,217308_at,OR1F2P,26184.0
55,217314_at,CDC37P2,
56,217314_at,CDC37P1,
57,217250_s_at,CHD5,26038.0
58,217286_s_at,NDRG3,57446.0
59,217264_s_at,SCNN1A,6337.0
60,217247_at,,
61,217234_s_at,EZR,7430.0
62,217284_x_at,SERHL2,253190.0
63,217276_x_at,SERHL2,253190.0
64,217280_x_at,GABRA5,2558.0
65,217240_at,SIRPB1,10326.0
66,217319_x_at,CYP4A22,284541.0
67,217319_x_at,CYP4A11,1579.0
68,217299_s_at,NBN,4683.0
69,217298_at,RPS14,6208.0
70,217297_s_at,MYO9B,4650.0
71,217287_s_at,TRPC6,7225.0
72,217310_s_at,FOXJ3,22887.0
73,217294_s_at,ENO1,2023.0
0,217365_at,PRAMEF11,440560.0
1,217365_at,PRAMEF4,400735.0
2,217365_at,PRAMEF6,440561.0
3,217365_at,PRAMEF27,101929983.0
4,217365_at,PRAMEF25,441873.0
5,217365_at,PRAMEF25,645359.0
6,217365_at,PRAMEF26,645359.0
7,217365_at,PRAMEF9,343070.0
8,217365_at,PRAMEF5,343068.0
9,217420_s_at,POLR2A,5430.0
10,217386_at,MRPS11P1,
11,217337_at,ACO2P1,
12,217346_at,PPIAP21,
13,217406_at,,
14,217375_at,MDM4P1,
15,217407_x_at,PPIL2,23759.0
16,217336_at,RPS10P2,
17,217364_x_at,EIF3JP1,
18,217344_at,FDPSP5,
19,217363_x_at,RPL22P22,
20,217400_at,PCNAP3,
21,217392_at,CAPZA1P1,
22,217385_at,,
23,217355_at,,
24,217354_s_at,,
25,217432_s_at,,
26,217352_at,NDUFB3P5,
27,217343_at,,
28,217347_at,RPL35P8,
29,217339_x_at,CTAG1A,246100.0
30,217339_x_at,CTAG1B,1485.0
31,217339_x_at,CTAG2,30848.0
32,217376_at,SIRPB3P,
33,217345_at,,
34,217353_at,HNRNPA1P37,
35,217365_at,PRAMEF22,
36,217366_at,CTNNA1P1,
37,217428_s_at,COL10A1,1300.0
38,217393_x_at,UBE2NL,389898.0
39,217397_at,TRAV10,
40,217394_at,TRAV13-1,
41,217412_at,TRAV9-2,
42,217367_s_at,ZHX3,23051.0
43,217351_at,KRT8P17,
44,217427_s_at,HIRA,7290.0
45,217396_at,,
46,217379_at,RPL10P2,
47,217422_s_at,MIR5196,100847070.0
48,217434_at,MC2R,4158.0
49,217408_at,MRPS18B,28973.0
50,217350_at,MIR492,574449.0
51,217382_at,CLIC1P1,
52,217357_at,,
53,217340_at,RPL21P68,
54,217362_x_at,HLA-DRB6,
55,217413_s_at,TNXB,7148.0
56,217380_s_at,ADD3-AS1,100505933.0
57,217426_at,,105375728.0
58,217401_at,DNAJC2P1,
59,217350_at,KRT19P2,
60,217350_at,,160313.0
61,217378_x_at,IGKV1OR2-108,
62,217368_at,ATP5MC2P1,
63,217359_s_at,NCAM1,4684.0
64,217342_x_at,LINC01949,
65,217365_at,PRAMEF15,653619.0
66,217361_at,PRKAR1AP1,
67,217362_x_at,HLA-DRB6,3128.0
68,217432_s_at,IDS,3423.0
69,217405_x_at,GPLD1,2822.0
70,217374_x_at,TRGV5P,
71,217381_s_at,TRGV5,
72,217381_s_at,TRGV3,
73,217356_s_at,PGK1,5230.0
74,217411_s_at,RREB1,6239.0
75,217399_s_at,FOXO3B,2310.0
76,217404_s_at,COL2A1,1280.0
77,217414_x_at,HBA2,3040.0
78,217414_x_at,HBA1,3039.0
79,217349_s_at,PRICKLE3,4007.0
80,217348_x_at,ARHGEF15,22899.0
81,217419_x_at,AGRN,375790.0
82,217377_x_at,NTRK3,4916.0
83,217422_s_at,CD22,933.0
84,217422_s_at,FFAR1,2864.0
85,217358_at,DNAJC16,23341.0
86,217341_at,GOLGA2,2801.0
87,217370_x_at,FUS,2521.0
88,217373_x_at,MDM2,4193.0
89,217354_s_at,HPS1,3257.0
90,217399_s_at,FOXO3,2309.0
91,217371_s_at,IL15,3600.0
92,217403_s_at,ZNF227,7770.0
93,217398_x_at,GAPDH,2597.0
94,217418_x_at,MS4A1,931.0
95,217430_x_at,COL1A1,1277.0
96,217388_s_at,KYNU,8942.0
0,217480_x_at,,107987009.0
1,217480_x_at,,
2,217492_s_at,PTEN,5728.0
3,217499_x_at,OR7E37P,
4,217466_x_at,RPS2,6187.0
5,217466_x_at,SNORA64,26784.0
6,217466_x_at,,
7,217469_at,IGHE,
8,217480_x_at,IGKV1OR10-1,
9,217499_x_at,OR7E36P,
10,217499_x_at,,
11,217491_x_at,,
12,217491_x_at,COX7CP1,
13,217506_at,LINC00667,339290.0
14,217444_at,,
15,217454_at,HMGB3P30,
16,217461_x_at,BTF3P12,
17,217480_x_at,IGKV1OR-2,
18,217467_at,BTF3P13,
19,217522_at,KCNV2,169522.0
20,217451_at,COX5AP1,
21,217502_at,IFIT2,3433.0
22,217480_x_at,IGKV1OR2-118,
23,217448_s_at,TOX4P1,
24,217480_x_at,IGKV1OR9-1,
25,217480_x_at,IGKV1OR-3,
26,217493_x_at,NCR2,9436.0
27,217492_s_at,PTENP1,
28,217492_s_at,PTENP1,11191.0
29,217498_at,GDF11,10220.0
30,217516_x_at,ARVCF,421.0
31,217499_x_at,OR7E11P,
32,217510_at,CRX,1406.0
33,217478_s_at,HLA-DMA,3108.0
34,217520_x_at,,
35,217520_x_at,,283683.0
36,217480_x_at,IGKV1OR2-1,
37,217480_x_at,IGKV1OR2-2,
38,217436_x_at,HLA-J,
39,217436_x_at,,
40,217499_x_at,OR7E28P,
41,217445_s_at,GART,2618.0
42,217499_x_at,DAPL1,92196.0
43,217456_x_at,HLA-E,3133.0
44,217480_x_at,IGKV1OR9-2,
45,217487_x_at,FOLH1B,
46,217495_x_at,CALCA,796.0
47,217458_at,,
48,217499_x_at,OR7E162P,
49,217466_x_at,RPS2P5,
50,217514_at,ST8SIA5,29906.0
51,217508_s_at,ARK2N,147339.0
52,217520_x_at,LINC02142,105374644.0
53,217480_x_at,IGKV1OR1-1,
54,217448_s_at,TOX4,9878.0
55,217449_at,TRIM52-AS1,100507602.0
56,217449_at,TRIM52-AS1,101928649.0
57,217487_x_at,,219595.0
58,217499_x_at,OR7E12P,
59,217530_at,SLC34A1,6569.0
60,217481_x_at,,
61,217466_x_at,RPS2P46,
62,217491_x_at,COX7CP2,
63,217460_at,TNP2,7142.0
64,217525_at,OLFML1,283298.0
65,217528_at,CLCA2,9635.0
66,217455_s_at,SSTR2,6752.0
67,217491_x_at,COX7C,1350.0
68,217500_at,TIAL1,7073.0
69,217512_at,KNG1,3827.0
70,217443_at,DYNC1LI2-DT,106699570.0
71,217437_s_at,TACC1,6867.0
72,217518_at,MYOF,26509.0
73,217515_s_at,CACNA1S,779.0
74,217463_s_at,MYRF,745.0
75,217524_x_at,PPARGC1B,133522.0
76,217509_x_at,GRIK5,2901.0
77,217499_x_at,OR7E38P,
78,217475_s_at,LIMK2,3985.0
79,217513_at,MILR1,284021.0
80,217471_at,LINC01482,101928104.0
81,217526_at,NFATC2IP,84901.0
82,217527_s_at,NFATC2IP,84901.0
83,217442_at,CADM3-AS1,
84,217457_s_at,RAP1GDS1,5910.0
85,217534_at,CYRIB,51571.0
86,217497_at,TYMP,1890.0
87,217503_at,STK17B,9262.0
88,217504_at,ABCA6,23460.0
89,217511_at,KAZALD1,81621.0
90,217484_at,CR1,1378.0
91,217521_at,HAL,3034.0
92,217487_x_at,FOLH1,2346.0
93,217529_at,ORAI2,80228.0
94,217501_at,CIAO1,9391.0
95,217496_s_at,IDE,3416.0
96,217486_s_at,ZDHHC17,23390.0
97,217450_at,AGFG2,3268.0
98,217523_at,CD44,960.0
99,217491_x_at,KDM5B,10765.0
100,217489_s_at,IL6R,3570.0
101,217452_s_at,B3GALT2,8707.0
102,217507_at,SLC11A1,6556.0
103,217473_x_at,SLC11A1,6556.0
0,217566_s_at,TGM4,7047.0
1,217588_at,CATSPER2,117155.0
2,217559_at,RPL10L,140801.0
3,217568_at,EDDM3A,10876.0
4,217601_at,,
5,217605_at,USP27X,389856.0
6,217628_at,CLIC5,53405.0
7,217588_at,CATSPER2P1,
8,217635_s_at,POLG,5428.0
9,217598_at,CINP,51550.0
10,217584_at,NPC1,4864.0
11,217625_x_at,LINC00963,124900275.0
12,217551_at,OR7E14P,
13,217561_at,CALCA,796.0
14,217607_x_at,EIF4G2,1982.0
15,217609_at,RPL13P5,
16,217588_at,CATSPER2P1,440278.0
17,217590_s_at,TRPA1,8989.0
18,217539_at,ARK2N,147339.0
19,217589_at,RAB40A,142684.0
20,217596_at,UPF3A,65110.0
21,217551_at,,
22,217606_at,,
23,217558_at,CYP2C9,1559.0
24,217609_at,,
25,217580_x_at,,
26,217549_at,NCKAP1L,3071.0
27,217603_at,ATP6V0A2,23545.0
28,217601_at,NUP188,23511.0
29,217547_x_at,ZNF675,171392.0
30,217631_at,GTPBP4,23560.0
31,217608_at,SREK1IP1,285672.0
32,217556_at,CLCN4,1183.0
33,217555_at,SMC1A,8243.0
34,217621_at,,
35,217632_at,GNL3L,54552.0
36,217560_at,GGA1,26088.0
37,217544_at,ZNF731P,
38,217583_at,PAH,5053.0
39,217591_at,SKIL,6498.0
40,217543_s_at,MBTPS1,8720.0
41,217546_at,MT1M,4499.0
42,217621_at,SLC6A2,6530.0
43,217593_at,ZSCAN18,65982.0
44,217634_at,SVIL,6840.0
45,217622_at,RHBDD3,25807.0
46,217544_at,,
47,217545_at,MYH14,79784.0
48,217602_at,PPIA,5478.0
49,217624_at,PDAP1,11333.0
50,217576_x_at,SOS2,6655.0
51,217552_x_at,CR1,1378.0
52,217595_at,GSPT1,2935.0
53,217630_at,ANGEL2,90806.0
54,217541_x_at,ZNF816,125893.0
55,217548_at,ARPIN,348110.0
56,217542_at,MDM2,4193.0
57,217627_at,ZNF573,126231.0
58,217585_at,NEBL,10529.0
59,217594_at,TUT4,23318.0
60,217574_at,CDH8,1006.0
61,217614_at,ARHGAP45,23526.0
62,217597_x_at,RAB40B,10966.0
63,217612_at,TIMM50,92609.0
64,217620_s_at,PIK3CB,5291.0
65,217613_at,TMEM144,55314.0
66,217553_at,STEAP1B,256227.0
67,217553_at,STEAP1B,401312.0
68,217609_at,LRRC23,10233.0
69,217629_at,GNGT2,2793.0
70,217623_at,MYLK3,91807.0
71,217599_s_at,MDFIC,29969.0
72,217618_x_at,HUS1,3364.0
73,217540_at,NXPE3,91775.0
74,217550_at,ATF6,22926.0
75,217538_at,SGSM2,9905.0
76,217580_x_at,ATL2,64225.0
77,217562_at,BRINP3,339479.0
78,217604_at,DNPEP,23549.0
79,217564_s_at,CPS1,1373.0
0,217723_x_at,,
1,217637_at,KCNB1,3745.0
2,217640_x_at,SKA1,220134.0
3,217719_at,,
4,217719_at,EIF3L,51386.0
5,217681_at,WNT7B,7477.0
6,217684_at,TYMS,7298.0
7,217678_at,SLC7A11,23657.0
8,217722_s_at,,
9,217665_at,,
10,217705_at,PRKD1,5587.0
11,217720_at,CHCHD2P2,
12,217712_at,,
13,217641_at,GPR135,64582.0
14,217702_at,RLN3,117579.0
15,217636_at,POLG,5428.0
16,217661_x_at,SIX5,147912.0
17,217667_at,SEC14L1P1,
18,217669_s_at,AKAP6,9472.0
19,217674_at,,
20,217696_at,FUT7,2529.0
21,217646_at,SURF1,6834.0
22,217677_at,PLEKHA2,59339.0
23,217731_s_at,ITM2B,9445.0
24,217732_s_at,ITM2B,9445.0
25,217645_at,COX16,51241.0
26,217687_at,ADCY2,108.0
27,217690_at,ENOSF1,55556.0
28,217657_at,WBP1LP2,
29,217682_at,,
30,217721_at,SEPTIN7,989.0
31,217666_at,NAA50,80218.0
32,217710_x_at,ITPK1,3705.0
33,217675_at,ZBTB7C,201501.0
34,217727_x_at,,
35,217718_s_at,YWHAB,7529.0
36,217717_s_at,YWHAB,7529.0
37,217711_at,TEK,7010.0
38,217693_x_at,MAGOH2P,
39,217716_s_at,SEC61A1,29927.0
40,217693_x_at,,
41,217648_at,,
42,217652_at,MAU2,23383.0
43,217660_at,MYH14,79784.0
44,217682_at,HAPSTR1,29035.0
45,217720_at,CHCHD2P6,
46,217685_at,CSNK1D,1453.0
47,217644_s_at,SOS2,6655.0
48,217661_x_at,DMPK,1760.0
49,217727_x_at,VPS35,55737.0
50,217733_s_at,TMSB10,9168.0
51,217726_at,COPZ1,22818.0
52,217722_s_at,NGRN,51335.0
53,217650_x_at,ST3GAL2,6483.0
54,217729_s_at,TLE5,166.0
55,217691_x_at,SLC16A3,9123.0
56,217702_at,IL27RA,9466.0
57,217647_at,DHODH,1723.0
58,217654_at,CFLAR,8837.0
59,217663_at,ZNF234,10780.0
60,217665_at,ZNF813,126017.0
61,217720_at,CHCHD2,51142.0
62,217651_at,PELP1,27043.0
63,217730_at,TMBIM1,64114.0
64,217700_at,CNPY4,245812.0
65,217735_s_at,EIF2AK1,27102.0
66,217734_s_at,WDR6,11180.0
67,217658_at,THAP3,90326.0
68,217728_at,S100A6,6277.0
69,217658_at,PHF13,148479.0
70,217724_at,SERBP1,26135.0
71,217725_x_at,SERBP1,26135.0
0,217740_x_at,RPL7A,6130.0
1,217740_x_at,SNORD36B,
2,217740_x_at,SNORD36A,26815.0
3,217772_s_at,MTCH2,23788.0
4,217753_s_at,RPS26P47,
5,217835_x_at,TGIF2-RAB5IF,100527943.0
6,217770_at,MIR6812,102465487.0
7,217753_s_at,RPS26P8,
8,217753_s_at,RPS26P58,
9,217753_s_at,RPS26P6,
10,217789_at,,
11,217747_s_at,RPS9,6203.0
12,217739_s_at,NAMPTP1,
13,217769_s_at,POMP,51371.0
14,217812_at,YTHDF2P1,
15,217753_s_at,RPS26P3,
16,217761_at,ADI1,55256.0
17,217744_s_at,PERP,64065.0
18,217819_at,GOLGA7,51125.0
19,217794_at,PRR13P5,
20,217747_s_at,,
21,217815_at,SUPT16HP1,
22,217780_at,,
23,217740_x_at,RPL7AP6,
24,217781_s_at,ZNF106,64397.0
25,217753_s_at,,
26,217789_at,,105370447.0
27,217816_s_at,PCNP,57092.0
28,217737_x_at,RTF2,51507.0
29,217801_at,ATP5F1E,514.0
30,217753_s_at,RPS26P28,
31,217763_s_at,RAB31,11031.0
32,217762_s_at,RAB31,11031.0
33,217764_s_at,RAB31,11031.0
34,217833_at,SYNCRIP,10492.0
35,217834_s_at,SYNCRIP,10492.0
36,217832_at,SYNCRIP,10492.0
37,217753_s_at,RPS26P15,
38,217756_x_at,HYPK,25764.0
39,217778_at,,
40,217811_at,SELENOT,51714.0
41,217780_at,WDR83OS,51398.0
42,217815_at,SUPT16H,11198.0
43,217756_x_at,SERF2,10169.0
44,217775_s_at,RDH11,51109.0
45,217776_at,RDH11,51109.0
46,217835_x_at,RAB5IF,55969.0
47,217742_s_at,WAC,51322.0
48,217743_s_at,TMEM30A,55754.0
49,217768_at,RTRAF,51637.0
50,217752_s_at,CNDP2,55748.0
51,217745_s_at,NAA50,80218.0
52,217770_at,PIGT,51604.0
53,217758_s_at,TM9SF3,56889.0
54,217771_at,GOLM1,51280.0
55,217822_at,WBP11,51729.0
56,217821_s_at,WBP11,51729.0
57,217789_at,SNX6,58533.0
58,217786_at,PRMT5,10419.0
59,217796_s_at,NPLOC4,55666.0
60,217753_s_at,RPS26,6231.0
61,217800_s_at,NDFIP1,80762.0
62,217826_s_at,UBE2J1,51465.0
63,217825_s_at,UBE2J1,51465.0
64,217823_s_at,UBE2J1,51465.0
65,217824_at,UBE2J1,51465.0
66,217785_s_at,YKT6,10652.0
67,217784_at,YKT6,10652.0
68,217830_s_at,NSFL1C,55968.0
69,217831_s_at,NSFL1C,55968.0
70,217792_at,SNX5,27131.0
71,217773_s_at,NDUFA4,4697.0
72,217812_at,YTHDF2,51441.0
73,217755_at,JPT1,51155.0
74,217777_s_at,HACD3,51495.0
75,217799_x_at,UBE2H,7328.0
76,217793_at,RAB11B,9230.0
77,217813_s_at,SPIN1,10927.0
78,217808_s_at,MAPKAP1,79109.0
79,217779_s_at,PNRC2,55629.0
80,217741_s_at,ZFAND5,7763.0
81,217797_at,UFC1,51506.0
82,217767_at,C3,718.0
83,217807_s_at,NOP53,29997.0
84,217795_s_at,TMEM43,79188.0
85,217809_at,BZW2,28969.0
86,217827_s_at,SPG21,51324.0
87,217760_at,TRIM44,54765.0
88,217759_at,TRIM44,54765.0
89,217828_at,SLTM,79811.0
90,217803_at,GOLPH3,64083.0
91,217820_s_at,ENAH,55740.0
92,217798_at,CNOT2,4848.0
93,217791_s_at,ALDH18A1,5832.0
94,217802_s_at,NUCKS1,64710.0
95,217829_s_at,USP39,10713.0
96,217757_at,A2M,2.0
97,217810_x_at,LARS1,51520.0
98,217748_at,ADIPOR1,51094.0
99,217782_s_at,GPS1,2873.0
100,217806_s_at,POLDIP2,26073.0
101,217818_s_at,ARPC4,10093.0
102,217817_at,ARPC4,10093.0
103,217805_at,ILF3,3609.0
104,217804_s_at,ILF3,3609.0
105,217754_at,DDX56,54606.0
106,217790_s_at,SSR3,6747.0
107,217794_at,PRR13,54458.0
108,217778_at,SLC39A1,27173.0
109,217749_at,COPG1,22820.0
110,217774_s_at,TRMT112,51504.0
111,217814_at,CCDC47,57003.0
112,217746_s_at,PDCD6IP,10015.0
113,217765_at,NRBP1,29959.0
114,217783_s_at,YPEL5,51646.0
115,217751_at,GSTK1,373156.0
116,217739_s_at,NAMPT,10135.0
117,217738_at,NAMPT,10135.0
118,217736_s_at,EIF2AK1,27102.0
119,217787_s_at,GALNT2,2590.0
120,217788_s_at,GALNT2,2590.0
121,217766_s_at,TMEM50A,23585.0
122,217750_s_at,UBE2Z,65264.0
0,217930_s_at,TOLLIP,54472.0
1,217875_s_at,PMEPA1,56937.0
2,217902_s_at,HERC2,8924.0
3,217918_at,,83737.0
4,217917_s_at,,83737.0
5,217871_s_at,,
6,217901_at,DSG2,1829.0
7,217871_s_at,MIF,4282.0
8,217867_x_at,BACE2,25825.0
9,217851_s_at,PRELID3B,51012.0
10,217918_at,DYNLRB1,83658.0
11,217917_s_at,DYNLRB1,83658.0
12,217903_at,STRN4,29888.0
13,217920_at,MAN1A2,10905.0
14,217922_at,MAN1A2,10905.0
15,217921_at,MAN1A2,10905.0
16,217838_s_at,EVL,51466.0
17,217843_s_at,MED4,29079.0
18,217859_s_at,SLC39A9,55334.0
19,217906_at,KLHDC2,23588.0
20,217876_at,GTF3C5,9328.0
21,217888_s_at,ARFGAP1,55738.0
22,217865_at,RNF130,55819.0
23,217849_s_at,CDC42BPB,9578.0
24,217845_x_at,,
25,217915_s_at,RSL24D1,51187.0
26,217882_at,EMC3,55831.0
27,217927_at,SPCS1,28972.0
28,217926_at,C19orf53,28974.0
29,217919_s_at,MRPL42,28977.0
30,217935_s_at,UQCC1,55245.0
31,217850_at,GNL3,26354.0
32,217904_s_at,BACE1,23621.0
33,217889_s_at,CYBRD1,79901.0
34,217872_at,PIH1D1,55011.0
35,217925_s_at,ILRUN,64771.0
36,217924_at,ILRUN,64771.0
37,217844_at,CTDSP1,58190.0
38,217866_at,CPSF7,79869.0
39,217897_at,FXYD6,53826.0
40,217858_s_at,ARMCX3,51566.0
41,217916_s_at,CYRIB,51571.0
42,217868_s_at,METTL9,51108.0
43,217931_at,CNPY3,10695.0
44,217911_s_at,BAG3,9531.0
45,217896_s_at,PSME3IP1,80011.0
46,217881_s_at,CDC27,996.0
47,217879_at,CDC27,996.0
48,217880_at,CDC27,996.0
49,217878_s_at,CDC27,996.0
50,217899_at,TMEM214,54867.0
51,217898_at,EMC7,56851.0
52,217884_at,NAT10,55226.0
53,217907_at,MRPL18,29074.0
54,217863_at,PIAS1,8554.0
55,217864_s_at,PIAS1,8554.0
56,217862_at,PIAS1,8554.0
57,217853_at,TNS3,64759.0
58,217842_at,LUC7L2,51631.0
59,217933_s_at,LAP3,51056.0
60,217932_at,MRPS7,51081.0
61,217913_at,VPS4A,27183.0
62,217840_at,DDX41,51428.0
63,217890_s_at,PARVA,55742.0
64,217885_at,IPO9,55705.0
65,217857_s_at,RBM8A,9939.0
66,217856_at,RBM8A,9939.0
67,217848_s_at,PPA1,5464.0
68,217909_s_at,MLX,6945.0
69,217910_x_at,MLX,6945.0
70,217854_s_at,POLR2E,5434.0
71,217892_s_at,LIMA1,51474.0
72,217905_at,MCMBP,79892.0
73,217912_at,DUS1L,64118.0
74,217891_at,RUSF1,64755.0
75,217908_s_at,DCAF6,55827.0
76,217883_at,MMADHC,27249.0
77,217934_x_at,STUB1,10273.0
78,217874_at,SUCLG1,8802.0
79,217837_s_at,CHMP3,51652.0
80,217845_x_at,HIGD1A,25994.0
81,217869_at,HSD17B12,51144.0
82,217900_at,IARS2,55699.0
83,217846_at,QARS1,5859.0
84,217914_at,TPCN1,53373.0
85,217852_s_at,ARL8B,55207.0
86,217841_s_at,PPME1,51400.0
87,217847_s_at,THRAP3,9967.0
88,217839_at,TFG,10342.0
89,217870_s_at,CMPK1,51727.0
90,217877_s_at,GPBP1L1,60313.0
91,217886_at,EPS15,2060.0
92,217887_s_at,EPS15,2060.0
93,217860_at,NDUFA10,4705.0
94,217873_at,CAB39,51719.0
95,217929_s_at,KIAA0319L,79932.0
96,217893_s_at,AKIRIN1,79647.0
97,217895_at,PTCD3,55037.0
98,217861_s_at,PREB,10113.0
99,217894_at,KCTD3,51133.0
100,217923_at,PEF1,553115.0
101,217855_x_at,SDF4,51150.0
102,217836_s_at,YY1AP1,55249.0
0,218021_at,,728635.0
1,218021_at,DHRS4L1,
2,217990_at,GMPR2,51292.0
3,218021_at,DHRS4,10901.0
4,218021_at,,317749.0
5,218021_at,DHRS4L1,728635.0
6,217959_s_at,TRAPPC4,51399.0
7,217958_at,TRAPPC4,51399.0
8,217988_at,CCNB1IP1,57820.0
9,218016_s_at,POLR3E,55718.0
10,217977_at,MSRB1,51734.0
11,217962_at,NOP10,55505.0
12,218018_at,PDXK,8566.0
13,218019_s_at,PDXK,8566.0
14,218010_x_at,PPDPF,79144.0
15,217960_s_at,TOMM22,56993.0
16,218009_s_at,,
17,217983_s_at,,
18,217948_at,RTL8A,26071.0
19,217955_at,BCL2L13,23786.0
20,217940_s_at,NAXD,55739.0
21,217996_at,PHLDA1,22822.0
22,217998_at,PHLDA1,22822.0
23,217999_s_at,PHLDA1,22822.0
24,218000_s_at,PHLDA1,22822.0
25,217997_at,PHLDA1,22822.0
26,217975_at,TCEAL9,51186.0
27,218021_at,DHRS4L2,317749.0
28,217987_at,ASNSD1,54529.0
29,217963_s_at,BEX3,27018.0
30,218028_at,MIR6734,102466723.0
31,218003_s_at,FKBP3,2287.0
32,217985_s_at,BAZ1A,11177.0
33,217986_s_at,BAZ1A,11177.0
34,218002_s_at,CXCL14,9547.0
35,218026_at,COA3,28958.0
36,218006_s_at,ZNF22,7570.0
37,218005_at,ZNF22,7570.0
38,217981_s_at,TIMM10B,26515.0
39,218025_s_at,ECI2,10455.0
40,217993_s_at,MAT2B,27430.0
41,217949_s_at,,
42,217971_at,LAMTOR3,8649.0
43,218009_s_at,PRC1,9055.0
44,218027_at,MRPL15,29088.0
45,218020_s_at,ZFAND3,60685.0
46,218007_s_at,RPS27L,51065.0
47,217994_x_at,MIR6727,102465435.0
48,217972_at,CHCHD3P3,
49,217937_s_at,HDAC7,51564.0
50,218015_s_at,WRNIP1,56897.0
51,218024_at,MPC1,51660.0
52,217980_s_at,MRPL16,54948.0
53,217995_at,SQOR,58472.0
54,217945_at,BTBD1,53339.0
55,217953_at,PHF3,23469.0
56,217952_x_at,PHF3,23469.0
57,217954_s_at,PHF3,23469.0
58,217951_s_at,PHF3,23469.0
59,218011_at,UBL5,59286.0
60,217947_at,CMTM6,54918.0
61,217949_s_at,VKORC1,79001.0
62,217969_at,VPS51,738.0
63,217979_at,TSPAN13,27075.0
64,218031_s_at,FOXN3,1112.0
65,218022_at,VRK3,51231.0
66,217957_at,CFAP20,29105.0
67,217942_at,MRPS35,60488.0
68,218012_at,TSPYL2,64061.0
69,217936_at,ARHGAP5,394.0
70,217982_s_at,MORF4L1,10933.0
71,218001_at,MRPS2,51116.0
72,218035_s_at,RBM47,54502.0
73,217983_s_at,RNASET2,8635.0
74,217984_at,RNASET2,8635.0
75,217941_s_at,ERBIN,55914.0
76,217973_at,DCXR,51181.0
77,218013_x_at,DCTN4,51164.0
78,217939_s_at,AFTPH,54812.0
79,218017_s_at,HGSNAT,138050.0
80,217974_at,TM7SF3,51768.0
81,217961_at,SLC25A38,54977.0
82,217996_at,NAP1L1,4673.0
83,217998_at,NAP1L1,4673.0
84,217999_s_at,NAP1L1,4673.0
85,218000_s_at,NAP1L1,4673.0
86,217997_at,NAP1L1,4673.0
87,218023_s_at,FAM53C,51307.0
88,218023_s_at,FAM53C,100128966.0
89,217956_s_at,ENOPH1,58478.0
90,217991_x_at,SSBP3,23648.0
91,217950_at,NOSIP,51070.0
92,217970_s_at,CNOT6,57472.0
93,217994_x_at,INTS11,54973.0
94,218032_at,SNN,8303.0
95,218033_s_at,SNN,8303.0
96,217946_s_at,SAE1,10055.0
97,217989_at,HSD17B11,51170.0
98,217976_s_at,DYNC1LI1,51143.0
99,218034_at,FIS1,51024.0
100,218029_at,RIPOR1,79567.0
101,218004_at,BSDC1,55108.0
102,218008_at,TMEM248,55069.0
103,218030_at,GIT1,28964.0
104,217968_at,EIPR1,7260.0
105,217944_at,POMGNT1,55624.0
106,217965_s_at,SAP30BP,29115.0
107,217938_s_at,KCMF1,56888.0
108,217972_at,CHCHD3,54927.0
109,218014_at,NUP85,79902.0
110,217964_at,TTC19,54902.0
111,217943_s_at,MAP7D1,55700.0
112,217966_s_at,NIBAN1,116496.0
113,217967_s_at,NIBAN1,116496.0
114,217992_s_at,EFHD2,79180.0
115,218028_at,ELOVL1,64834.0
116,217978_s_at,UBE2Q1,55585.0
0,218123_at,CFAP298-TCP10L,110091775.0
1,218075_at,AAAS,8086.0
2,218076_s_at,ARHGAP17,55114.0
3,218096_at,AGPAT5,55326.0
4,218108_at,UBR7,55148.0
5,218121_at,HMOX2,3163.0
6,218120_s_at,HMOX2,3163.0
7,218094_s_at,SYS1-DBNDD2,
8,218123_at,CFAP298,56683.0
9,218056_at,BFAR,51283.0
10,218079_s_at,GGNBP2,79893.0
11,218132_s_at,TSEN34,79042.0
12,218090_s_at,WDR11,55717.0
13,218039_at,,
14,218050_at,UFM1,51569.0
15,218124_at,RETSAT,54884.0
16,218038_at,DMAC2,55101.0
17,218061_at,MEA1,4201.0
18,218086_at,,
19,218046_s_at,CFAP70,118491.0
20,218117_at,RBX1,9978.0
21,218066_at,SLC12A7,10723.0
22,218119_at,TIMM23B-AGAP6,
23,218101_s_at,NDUFC2-KCTD14,100532726.0
24,218058_at,CXXC1,30827.0
25,218067_s_at,ARGLU1,55082.0
26,218093_s_at,ANKRD10,55608.0
27,218045_x_at,PTMS,5763.0
28,218088_s_at,,
29,218115_at,ASF1B,55723.0
30,218059_at,,
31,218081_at,ADISSP,54976.0
32,218119_at,TIMM23B,100652748.0
33,218046_s_at,MRPS16,51021.0
34,218125_s_at,CCDC25,55246.0
35,218049_s_at,MRPL13,28998.0
36,218072_at,COMMD9,29099.0
37,218069_at,DCTPP1,79077.0
38,218119_at,TIMM23,100287932.0
39,218118_s_at,TIMM23,100287932.0
40,218101_s_at,NDUFC2,4718.0
41,218074_at,CIAO2B,51647.0
42,218107_at,WDR26,80232.0
43,218114_at,GGA1,26088.0
44,218084_x_at,FXYD5,53827.0
45,218097_s_at,CUEDC2,79004.0
46,218110_at,XAB2,56949.0
47,218042_at,COPS4,51138.0
48,218089_at,AAR2,25980.0
49,218134_s_at,RBM22,55696.0
50,218105_s_at,MRPL4,51073.0
51,218106_s_at,MRPS10,55173.0
52,218065_s_at,TMEM9B,56674.0
53,218085_at,CHMP5,51510.0
54,218098_at,ARFGEF2,10564.0
55,218060_s_at,USB1,79650.0
56,218116_at,C9orf78,51759.0
57,218071_s_at,MKRN2,23609.0
58,218094_s_at,DBNDD2,55861.0
59,218086_at,NPDC1,56654.0
60,218126_at,RMDN3,55177.0
61,218112_at,MRPS34,65993.0
62,218109_s_at,MFSD1,64747.0
63,218036_x_at,NMD3,51068.0
64,218083_at,PTGES2,80142.0
65,218103_at,FTSJ3,117246.0
66,218037_at,RETREG2,79137.0
67,218100_s_at,IFT57,55081.0
68,218055_s_at,WDR41,55255.0
69,218040_at,PRPF38B,55119.0
70,218039_at,NUSAP1,51203.0
71,218111_s_at,CMAS,55907.0
72,218095_s_at,TMEM165,55858.0
73,218052_s_at,ATP13A1,57130.0
74,218041_x_at,SLC38A2,54407.0
75,218059_at,ZNF706,51123.0
76,218131_s_at,GATAD2A,54815.0
77,218063_s_at,CDC42EP4,23580.0
78,218062_x_at,CDC42EP4,23580.0
79,218088_s_at,RRAGC,64121.0
80,218104_at,TEX10,54881.0
81,218113_at,CEMIP2,23670.0
82,218102_at,DERA,51071.0
83,218048_at,COMMD3,23412.0
84,218064_s_at,AKAP8L,26993.0
85,218122_s_at,SENP2,59343.0
86,218130_at,CYBC1,79415.0
87,218068_s_at,ZNF672,79894.0
88,218057_x_at,EMC8,10328.0
89,218043_s_at,AZI2,64343.0
90,218073_s_at,NDC1,55706.0
91,218070_s_at,GMPPA,29926.0
92,218133_s_at,NIF3L1,60491.0
93,218077_s_at,ZDHHC3,51304.0
94,218078_s_at,ZDHHC3,51304.0
95,218135_at,ERGIC2,51290.0
96,218129_s_at,NFYB,4801.0
97,218128_at,NFYB,4801.0
98,218127_at,NFYB,4801.0
99,218082_s_at,UBP1,7342.0
100,218051_s_at,NT5DC2,64943.0
101,218080_x_at,FAF1,11124.0
102,218099_at,TEX2,55852.0
103,218047_at,OSBPL9,114883.0
104,218091_at,AGFG1,3267.0
105,218092_s_at,AGFG1,3267.0
106,218053_at,PRPF40A,55660.0
0,218187_s_at,C8orf33,65265.0
1,218151_x_at,SLC52A2,79581.0
2,218220_at,MYG1,60314.0
3,218175_at,CCDC92,80212.0
4,218178_s_at,CHMP1B,57132.0
5,218177_at,CHMP1B,57132.0
6,218183_at,CDIP1,29965.0
7,218138_at,MKKS,8195.0
8,218136_s_at,SLC25A37,51312.0
9,218171_at,VPS4B,9525.0
10,218197_s_at,OXR1,55074.0
11,218161_s_at,,
12,218203_at,ALG5,29880.0
13,218206_x_at,SCAND1,51282.0
14,218184_at,TULP4,56995.0
15,218190_s_at,UQCR10,29796.0
16,218233_s_at,,
17,218224_at,PNMA1,9240.0
18,218216_x_at,,
19,218220_at,,
20,218154_at,GSDMD,79792.0
21,218176_at,MAGEF1,64110.0
22,218182_s_at,CLDN1,9076.0
23,218228_s_at,TNKS2,80351.0
24,218166_s_at,RSF1,51773.0
25,218193_s_at,GOLT1B,51026.0
26,218196_at,OSTM1,28962.0
27,218159_at,DDRGK1,65992.0
28,218153_at,CARS2,79587.0
29,218199_s_at,NOL6,65083.0
30,218163_at,MCTS1,28985.0
31,218144_s_at,INF2,64423.0
32,218208_at,SLC66A2,80148.0
33,218168_s_at,,
34,218139_s_at,AP5M1,55745.0
35,218150_at,,
36,218174_s_at,TMEM254,80195.0
37,218195_at,ARMT1,79624.0
38,218173_s_at,NSD3,54904.0
39,218209_s_at,RPRD1A,55197.0
40,218207_s_at,STMN3,50861.0
41,218188_s_at,LMNB2,84823.0
42,218172_s_at,DERL1,79139.0
43,218205_s_at,MKNK2,2872.0
44,218223_s_at,PLEKHO1,51177.0
45,218160_at,NDUFA8,4702.0
46,218212_s_at,MOCS2,4338.0
47,218234_at,ING4,51147.0
48,218149_s_at,ZNF395,55893.0
49,218226_s_at,NDUFB4,4710.0
50,218233_s_at,TOMM6,100188893.0
51,218191_s_at,LMBRD1,55788.0
52,218194_at,REXO2,25996.0
53,218188_s_at,TIMM13,26517.0
54,218214_at,ATG101,60673.0
55,218150_at,ARL5A,26225.0
56,218152_at,HMG20A,10363.0
57,218145_at,TRIB3,57761.0
58,218189_s_at,NANS,54187.0
59,218210_at,FN3KRP,79672.0
60,218202_x_at,MRPL44,65080.0
61,218158_s_at,APPL1,26060.0
62,218143_s_at,SCAMP2,10066.0
63,218192_at,IP6K2,51447.0
64,218170_at,ISOC1,51015.0
65,218213_s_at,TMEM258,746.0
66,218235_s_at,UTP11,51118.0
67,218230_at,ARFIP1,27236.0
68,218186_at,RAB25,57111.0
69,218200_s_at,NDUFB2,4708.0
70,218201_at,NDUFB2,4708.0
71,218141_at,UBE2O,63893.0
72,218224_at,MIDEAS,91748.0
73,218185_s_at,ARMC1,55156.0
74,218161_s_at,CLN6,54982.0
75,218137_s_at,SMAP1,60682.0
76,218169_at,VAC14,55697.0
77,218162_at,HIPK1,204851.0
78,218165_at,MEAF6,64769.0
79,218162_at,OLFML3,56944.0
80,218198_at,DHX32,55760.0
81,218179_s_at,TRAPPC11,60684.0
82,218219_s_at,LANCL2,55915.0
83,218156_s_at,TSR1,55720.0
84,218155_x_at,TSR1,55720.0
85,218225_at,ECSIT,51295.0
86,218217_at,SCPEP1,59342.0
87,218167_at,AMZ2,51321.0
88,218164_at,SPATA20,64847.0
89,218215_s_at,NR1H2,7376.0
90,218216_x_at,ARL6IP4,51329.0
91,218180_s_at,EPS8L2,64787.0
92,218211_s_at,MLPH,79083.0
93,218146_at,GLT8D1,55830.0
94,218147_s_at,GLT8D1,55830.0
95,218231_at,NAGK,55577.0
96,218148_at,CENPT,80152.0
97,218140_x_at,SRPRB,58477.0
98,218218_at,APPL2,55198.0
99,218204_s_at,FYCO1,79443.0
100,218222_x_at,ARNT,405.0
101,218221_at,ARNT,405.0
102,218168_s_at,COQ8A,56997.0
103,218142_s_at,CRBN,51185.0
104,218157_x_at,CDC42SE1,56882.0
105,218181_s_at,MAP4K4,9448.0
106,218232_at,C1QA,712.0
107,218229_s_at,POGK,57645.0
0,218305_at,IPO4,79711.0
1,218305_at,,
2,218243_at,RUFY1,80230.0
3,218247_s_at,MEX3C,51320.0
4,218252_at,CKAP2,26586.0
5,218306_s_at,HERC1,8925.0
6,218258_at,POLR1D,51082.0
7,218295_s_at,NUP50P2,
8,218295_s_at,NUP50P1,
9,218302_at,,
10,218290_at,MIR1227,100302283.0
11,218286_s_at,RNF7,9616.0
12,218327_s_at,SNAP29,9342.0
13,218334_at,THOC7,80145.0
14,218284_at,SMAD3,4088.0
15,218330_s_at,NAV2,89797.0
16,218325_s_at,DIDO1,11083.0
17,218251_at,MID1IP1,58526.0
18,218320_s_at,NDUFB11,54539.0
19,218295_s_at,NUP50,10762.0
20,218294_s_at,NUP50,10762.0
21,218293_x_at,NUP50,10762.0
22,218242_s_at,KMT5B,51111.0
23,218241_at,GOLGA5,9950.0
24,218276_s_at,SAV1,60485.0
25,218244_at,NOL8,55035.0
26,218313_s_at,GALNT7,51809.0
27,218315_s_at,CDK5RAP1,51654.0
28,218271_s_at,,
29,218335_x_at,TNIP2,79155.0
30,218310_at,,
31,218331_s_at,TASOR2,54906.0
32,218250_s_at,CNOT7,29883.0
33,218275_at,,
34,218264_at,BCCIP,56647.0
35,218280_x_at,H2AC18,8337.0
36,218256_s_at,NUP54,53371.0
37,218238_at,GTPBP4,23560.0
38,218239_s_at,GTPBP4,23560.0
39,218317_x_at,SLX1B-SULT1A4,100526831.0
40,218317_x_at,SLX1A-SULT1A3,100526830.0
41,218316_at,TIMM9,26520.0
42,218255_s_at,FBRS,64319.0
43,218261_at,AP1M2,10053.0
44,218300_at,,
45,218300_at,PAGR1,79447.0
46,218283_at,SS18L2,51188.0
47,218273_s_at,PDP1,54704.0
48,218288_s_at,CCDC90B,60492.0
49,218332_at,BEX1,55859.0
50,218329_at,PRDM4,11108.0
51,218302_at,PSENEN,55851.0
52,218268_at,TBC1D15,64786.0
53,218282_at,EDEM2,55741.0
54,218282_at,EDEM2,111089941.0
55,218272_at,TTC38,55020.0
56,218271_s_at,PARL,55486.0
57,218260_at,DDA1,79016.0
58,218266_s_at,NCS1,23413.0
59,218281_at,MRPL48,51642.0
60,218263_s_at,ZBED5,58486.0
61,218269_at,DROSHA,29102.0
62,218312_s_at,ZSCAN18,65982.0
63,218292_s_at,PRKAG2,51422.0
64,218326_s_at,LGR4,55366.0
65,218296_x_at,MSTO2P,
66,218279_s_at,,
67,218280_x_at,H2AC19,723790.0
68,218296_x_at,,
69,218317_x_at,SLX1B,79008.0
70,218317_x_at,SLX1B,130134321.0
71,218259_at,MRTFB,57496.0
72,218262_at,RMND5B,64777.0
73,218254_s_at,SAR1B,51128.0
74,218297_at,MINDY3,80013.0
75,218317_x_at,SLX1A,79008.0
76,218317_x_at,SLX1A,548593.0
77,218317_x_at,SLX1A,130134321.0
78,218236_s_at,PRKD3,23683.0
79,218265_at,SECISBP2,79048.0
80,218275_at,SLC25A10,1468.0
81,218290_at,PLEKHJ1,55111.0
82,218299_at,C11orf24,53838.0
83,218322_s_at,ACSL5,51703.0
84,218308_at,TACC3,10460.0
85,218319_at,PELI1,57162.0
86,218246_at,MUL1,79594.0
87,218285_s_at,BDH2,56898.0
88,218307_at,RSAD1,55316.0
89,218291_at,LAMTOR2,28956.0
90,218324_s_at,SPATS2,65244.0
91,218287_s_at,AGO1,26523.0
92,218328_at,COQ4,51117.0
93,218249_at,ZDHHC6,64429.0
94,218237_s_at,SLC38A1,81539.0
95,218309_at,CAMK2N1,55450.0
96,218304_s_at,OSBPL11,114885.0
97,218296_x_at,MSTO1,55154.0
98,218317_x_at,SULT1A3,6818.0
99,218317_x_at,SULT1A3,124907837.0
100,218285_s_at,SLC9B2,133308.0
101,218240_at,NKIRAS2,28511.0
102,218245_at,TSKU,25987.0
103,218248_at,FAM111A,63901.0
104,218278_at,WDR74,54663.0
105,218318_s_at,NLK,51701.0
106,218310_at,RABGEF1,27342.0
107,218323_at,RHOT1,55288.0
108,218303_x_at,KRCC1,51315.0
109,218277_s_at,DHX40,79665.0
110,218314_s_at,NKAPD1,55216.0
111,218289_s_at,UBA5,79876.0
112,218333_at,DERL2,51009.0
113,218321_x_at,STYXL1,51657.0
114,218311_at,MAP4K3,8491.0
115,218253_s_at,EIF2D,1939.0
116,218274_s_at,ANKZF1,55139.0
117,218257_s_at,UGGT1,56886.0
118,218301_at,RNPEPL1,57140.0
119,218270_at,MRPL24,79590.0
0,218377_s_at,RWDD2B,10069.0
1,218386_x_at,USP16,10600.0
2,218435_at,DNAJC15,29103.0
3,218414_s_at,NDE1,54820.0
4,218420_s_at,PROSER1,80209.0
5,218383_at,,
6,218360_at,RAB22A,57403.0
7,218371_s_at,PSPC1,55269.0
8,218396_at,VPS13C,54832.0
9,218405_at,ABT1,29777.0
10,218357_s_at,TIMM8B,26521.0
11,218352_at,RCBTB1,55213.0
12,218338_at,PHC1P1,
13,218362_s_at,DIS3,22894.0
14,218355_at,KIF4A,24137.0
15,218421_at,CERK,64781.0
16,218422_s_at,RBM26,64062.0
17,218427_at,ENTR1,10807.0
18,218349_s_at,ZWILCH,55055.0
19,218398_at,MRPS30,10884.0
20,218430_s_at,RFX7,64864.0
21,218372_at,MED9,55090.0
22,218425_at,RNF216,54476.0
23,218426_s_at,RNF216,54476.0
24,218348_s_at,ZC3H7A,29066.0
25,218339_at,MRPL22,29093.0
26,218433_at,PANK3,79646.0
27,218356_at,,
28,218382_s_at,U2AF2,11338.0
29,218381_s_at,U2AF2,11338.0
30,218346_s_at,SESN1,27244.0
31,218400_at,OAS3,4940.0
32,218415_at,VPS33B,26276.0
33,218380_at,NLRP1,22861.0
34,218410_s_at,PGP,283871.0
35,218342_s_at,ERMP1,79956.0
36,218374_s_at,FERRY3,57102.0
37,218416_s_at,SLC48A1,55652.0
38,218417_s_at,SLC48A1,55652.0
39,218367_x_at,USP21,27005.0
40,218385_at,MRPS18A,55168.0
41,218402_s_at,HPS4,89781.0
42,218390_s_at,FAM204A,63877.0
43,218337_at,FHIP2B,64760.0
44,218408_at,TIMM10,26519.0
45,218395_at,ACTR6,64431.0
46,218424_s_at,STEAP3,55240.0
47,218403_at,TRIAP1,51499.0
48,218338_at,PHC1,1911.0
49,218356_at,MRM2,29960.0
50,218368_s_at,THOC6,79228.0
51,218347_at,TYW1B,441250.0
52,218411_s_at,MBIP,51562.0
53,218358_at,CRELD2,79174.0
54,218368_s_at,TNFRSF12A,51330.0
55,218392_x_at,SFXN1,94081.0
56,218431_at,VIPAS39,63894.0
57,218359_at,NRSN2,80023.0
58,218399_s_at,CDCA4,55038.0
59,218419_s_at,TMUB2,79089.0
60,218354_at,TRAPPC2L,51693.0
61,218389_s_at,APH1A,51107.0
62,218383_at,HAUS4,54930.0
63,218401_s_at,ZNF281,23528.0
64,218378_s_at,PRKRIP1,79706.0
65,218351_at,COMMD8,54951.0
66,218336_at,PFDN2,5202.0
67,218381_s_at,EPN1,29924.0
68,218373_at,AKTIP,64400.0
69,218393_s_at,SMU1,55234.0
70,218366_x_at,METTL17,64745.0
71,218363_at,EXD2,55218.0
72,218350_s_at,GMNN,51053.0
73,218384_at,CARHSP1,23589.0
74,218341_at,PPCS,79717.0
75,218418_s_at,KANK2,25959.0
76,218387_s_at,PGLS,25796.0
77,218388_at,PGLS,25796.0
78,218375_at,NUDT9,53343.0
79,218409_s_at,DNAJC1,64215.0
80,218340_s_at,UBA6,55236.0
81,218379_at,RBM7,10179.0
82,218344_s_at,RCOR3,55758.0
83,218428_s_at,REV1,51455.0
84,218345_at,TMEM176A,55365.0
85,218423_x_at,VPS54,51542.0
86,218376_s_at,MICAL1,64780.0
87,218432_at,FBXO3,26273.0
88,218361_at,GOLPH3L,55204.0
89,218347_at,TYW1,55253.0
90,218343_s_at,GTF3C3,9330.0
91,218429_s_at,SHFL,55337.0
92,218394_at,ROGDI,79641.0
93,218380_at,,728392.0
94,218380_at,,124900388.0
95,218391_at,SNF8,11267.0
96,218434_s_at,AACS,65985.0
97,218407_x_at,NENF,29937.0
98,218404_at,SNX10,29887.0
99,218353_at,RGS5,8490.0
100,218412_s_at,GTF2IRD1,9569.0
101,218413_s_at,ZNF639,51193.0
102,218365_s_at,DARS2,55157.0
103,218370_s_at,S100PBP,64766.0
0,218447_at,CMC2,56942.0
1,218468_s_at,GREM1,26585.0
2,218469_at,GREM1,26585.0
3,218482_at,ENY2,56943.0
4,218445_at,MACROH2A2,55506.0
5,218466_at,MIR4750,100616314.0
6,218438_s_at,MED28,80306.0
7,218510_x_at,RETREG1,54463.0
8,218532_s_at,RETREG1,54463.0
9,218528_s_at,RNF38,152006.0
10,218492_s_at,THAP7,80764.0
11,218471_s_at,,
12,218467_at,PSMG2,56984.0
13,218497_s_at,,
14,218483_s_at,IFT46,56912.0
15,218479_s_at,XPO4,64328.0
16,218515_at,PAXBP1,94104.0
17,218499_at,STK26,51765.0
18,218442_at,MROH7-TTC4,
19,218500_at,THEM6,51337.0
20,218495_at,UXT,8409.0
21,218475_at,TRMT2A,27037.0
22,218494_s_at,SLC2A4RG,56731.0
23,218513_at,TMA16,55319.0
24,218502_s_at,TRPS1,7227.0
25,218449_at,UFSP2,55325.0
26,218448_at,GID8,54994.0
27,218478_s_at,ZCCHC8,55596.0
28,218472_s_at,PELO,53918.0
29,218439_s_at,COMMD10,51397.0
30,218465_at,TMEM33,55161.0
31,218470_at,YARS2,51067.0
32,218437_s_at,LZTFL1,54585.0
33,218481_at,EXOSC5,56915.0
34,218501_at,ARHGEF3,50650.0
35,218523_at,LHPP,64077.0
36,218446_s_at,TVP23CP2,
37,218535_s_at,RIOK2,55781.0
38,218524_at,DNASE1L2,1775.0
39,218450_at,HEBP1,50865.0
40,218493_at,SNRNP25,79622.0
41,218484_at,NDUFA4L2,56901.0
42,218461_at,GPN3,51184.0
43,218446_s_at,TVP23C,201158.0
44,218451_at,CDCP1,64866.0
45,218511_s_at,,
46,218521_s_at,UBE2W,55284.0
47,218455_at,NFS1,9054.0
48,218444_at,ALG12,79087.0
49,218436_at,SIL1,64374.0
50,218507_at,HILPDA,29923.0
51,218533_s_at,UCKL1,54963.0
52,218506_x_at,GLYR1,84656.0
53,218453_s_at,TMEM242,729515.0
54,218517_at,JADE1,79960.0
55,218487_at,ALAD,210.0
56,218489_s_at,ALAD,210.0
57,218534_s_at,AGGF1,55109.0
58,218476_at,POMT1,10585.0
59,218486_at,KLF11,8462.0
60,218477_at,TMEM14A,28978.0
61,218514_at,SMG8,55181.0
62,218480_at,AGBL5,60509.0
63,218454_at,PLBD1,79887.0
64,218464_s_at,FAM222B,55731.0
65,218522_s_at,MAP1S,55201.0
66,218446_s_at,TVP23B,51030.0
67,218440_at,MCCC1,56922.0
68,218518_at,FAM13B,51306.0
69,218503_at,FOCAD,54914.0
70,218498_s_at,ERO1A,30001.0
71,218526_s_at,RANGRF,29098.0
72,218491_s_at,THYN1,29087.0
73,218466_at,TBC1D17,79735.0
74,218441_s_at,RPAP1,26015.0
75,218516_s_at,BPNT2,54928.0
76,218527_at,APTX,54840.0
77,218490_s_at,ZNF302,55900.0
78,218531_at,TMEM134,80194.0
79,218443_s_at,DAZAP1,26528.0
80,218456_at,CAPRIN2,65981.0
81,218474_s_at,KCTD5,54442.0
82,218505_at,WDR59,79726.0
83,218524_at,E4F1,1877.0
84,218529_at,CD320,51293.0
85,218485_s_at,SLC35C1,55343.0
86,218458_at,GMCL1,64395.0
87,218525_s_at,HIF1AN,55662.0
88,218508_at,DCP1A,55802.0
89,218459_at,TOR3A,64222.0
90,218473_s_at,COLGALT1,79709.0
91,218509_at,PLPPR2,64748.0
92,218530_at,FHOD1,29109.0
93,218519_at,SLC35A5,55032.0
94,218511_s_at,PNPO,55163.0
95,218512_at,WDR12,55759.0
96,218520_at,TBK1,29110.0
97,218471_s_at,BBS1,582.0
98,218452_at,SMARCAL1,50485.0
99,218488_at,EIF2B3,8891.0
100,218463_s_at,MUS81,80198.0
101,218460_at,DNAAF5,54919.0
102,218462_at,RPF1,80135.0
103,218457_s_at,DNMT3A,1788.0
104,218504_at,FAHD2A,51011.0
105,218496_at,RNASEH1,246243.0
106,218497_s_at,RNASEH1,246243.0
107,218442_at,TTC4,7268.0
0,218599_at,REC8,9985.0
1,218572_at,,
2,218571_s_at,CHMP4A,29082.0
3,218572_at,CHMP4A,29082.0
4,218571_s_at,,
5,218569_s_at,KBTBD4,55709.0
6,218570_at,KBTBD4,55709.0
7,218566_s_at,CHORDC1,26973.0
8,218566_s_at,CHORDC1P4,
9,218566_s_at,,
10,218559_s_at,MAFB,9935.0
11,218573_at,MAGEH1,28986.0
12,218544_s_at,RCL1,10171.0
13,218563_at,NDUFA3,4696.0
14,218540_at,THTPA,79178.0
15,218565_at,,883.0
16,218565_at,,127739546.0
17,218590_at,TWNK,56652.0
18,218589_at,LPAR6,10161.0
19,218558_s_at,MRPL39,54148.0
20,218613_at,PSD3,23362.0
21,218541_s_at,TCIM,56892.0
22,218540_at,ZFHX2-AS1,
23,218624_s_at,,
24,218624_s_at,MZF1-AS1,65996.0
25,218624_s_at,MZF1-AS1,100131691.0
26,218608_at,ATP13A2,23400.0
27,218602_s_at,HAUS6,54801.0
28,218554_s_at,ASH1L,55870.0
29,218546_at,C1orf115,79762.0
30,218581_at,ABHD4,63874.0
31,218568_at,AGK,55750.0
32,218611_at,IER5,51278.0
33,218602_s_at,HAUS6P3,
34,218542_at,CEP55,55165.0
35,218623_at,NSG2,51617.0
36,218582_at,MARCHF5,54708.0
37,218634_at,PHLDA3,23612.0
38,218586_at,MRGBP,55257.0
39,218617_at,TRIT1,54802.0
40,218557_at,NIT2,56954.0
41,218561_s_at,LYRM4,57128.0
42,218579_s_at,DHX35,60625.0
43,218622_at,NUP37,79023.0
44,218633_x_at,ABHD10,55347.0
45,218575_at,,
46,218583_s_at,DCUN1D1,54165.0
47,218556_at,ORMDL2,29095.0
48,218596_at,TBC1D13,54662.0
49,218549_s_at,RMDN1,51115.0
50,218636_s_at,MAN1B1,11253.0
51,218619_s_at,SUV39H1,6839.0
52,218628_at,WASHC3,51019.0
53,218610_s_at,CPPED1,55313.0
54,218548_x_at,TEX264,51368.0
55,218555_at,ANAPC2,29882.0
56,218588_s_at,FAM114A2,10827.0
57,218597_s_at,CISD1,55847.0
58,218592_s_at,HDHD5,27440.0
59,218616_at,INTS12,57117.0
60,218631_at,AVPI1,60370.0
61,218629_at,SMO,6608.0
62,218575_at,ANAPC1,64682.0
63,218626_at,EIF4ENIF1,56478.0
64,218564_at,RFWD3,55159.0
65,218562_s_at,MACO1,55219.0
66,218538_s_at,MRS2,57380.0
67,218536_at,MRS2,57380.0
68,218618_s_at,FNDC3B,64778.0
69,218565_at,SPOUT1,51490.0
70,218584_at,TCTN1,79600.0
71,218537_at,HCFC1R1,54985.0
72,218543_s_at,PARP12,64761.0
73,218607_s_at,SDAD1,55153.0
74,218550_s_at,LRRC20,55222.0
75,218603_at,HECA,51696.0
76,218625_at,NRN1,51299.0
77,218539_at,FBXO34,55030.0
78,218595_s_at,HEATR1,55127.0
79,218594_at,HEATR1,55127.0
80,218614_at,RESF1,55196.0
81,218609_s_at,NUDT2,318.0
82,218580_x_at,AURKAIP1,54998.0
83,218606_at,ZDHHC7,55625.0
84,218585_s_at,DTL,51514.0
85,218605_at,TFB2M,64216.0
86,218612_s_at,TSSC4,10078.0
87,218545_at,CCDC91,55297.0
88,218553_s_at,KCTD15,79047.0
89,218615_s_at,TMEM39A,55254.0
90,218600_at,LIMD2,80774.0
91,218574_s_at,LMCD1,29995.0
92,218627_at,DRAM1,55332.0
93,218567_x_at,DPP3,10072.0
94,218620_s_at,HEMK1,51409.0
95,218621_at,HEMK1,51409.0
96,218587_s_at,POGLUT1,56983.0
97,218604_at,LEMD3,23592.0
98,218598_at,RINT1,60561.0
99,218593_at,RBM28,55131.0
100,218632_at,HECTD3,79654.0
101,218601_at,URGCP,55665.0
102,218630_at,MKS1,54903.0
103,218576_s_at,DUSP12,11266.0
104,218578_at,CDC73,79577.0
105,218552_at,ECHDC2,55268.0
106,218547_at,DHDDS,79947.0
107,218591_s_at,NOL10,79954.0
108,218577_at,LRRC40,55631.0
109,218551_at,MIIP,60672.0
110,218560_s_at,JMJD4,65094.0
0,218679_s_at,VPS28,51160.0
1,218702_at,SARS2,54938.0
2,218702_at,,
3,218723_s_at,RGCC,28984.0
4,218653_at,SLC25A15,10166.0
5,218655_s_at,CWC25,54883.0
6,218651_s_at,LARP6,55323.0
7,218682_s_at,SLC4A1APP1,
8,218695_at,MIR6847,102465510.0
9,218698_at,,
10,218671_s_at,ATP5IF1,93974.0
11,218637_at,IMPACT,55364.0
12,218695_at,,
13,218675_at,SLC22A17,51310.0
14,218689_at,FANCF,2188.0
15,218681_s_at,SDF2L1,23753.0
16,218668_s_at,RAP2C,57826.0
17,218669_at,RAP2C,57826.0
18,218667_at,PJA1,64219.0
19,218674_at,TRAPPC13,80006.0
20,218644_at,PLEK2,26499.0
21,218726_at,HJURP,55355.0
22,218680_x_at,HYPK,25764.0
23,218665_at,FZD4,8322.0
24,218729_at,LXN,56925.0
25,218733_at,MSL2,55167.0
26,218696_at,EIF2AK3,9451.0
27,218701_at,LACTB2,51110.0
28,218730_s_at,OGN,4969.0
29,218656_s_at,LHFPL6,10186.0
30,218648_at,CRTC3,64784.0
31,218724_s_at,TGIF2,60436.0
32,218646_at,HPF1,54969.0
33,218680_x_at,SERF2,10169.0
34,218695_at,EXOSC4,54512.0
35,218713_at,ICE2,79664.0
36,218659_at,ASXL2,55252.0
37,218676_s_at,PCTP,58488.0
38,218650_at,DGCR8,54487.0
39,218705_s_at,SNX24,28966.0
40,218652_s_at,PIGG,54872.0
41,218663_at,NCAPG,64151.0
42,218662_s_at,NCAPG,64151.0
43,218642_s_at,CHCHD7,79145.0
44,218649_x_at,NEMF,9147.0
45,218687_s_at,MUC13,56667.0
46,218670_at,PUS1,80324.0
47,218640_s_at,PLEKHF2,79666.0
48,218708_at,NXT1,29107.0
49,218660_at,DYSF,8291.0
50,218719_s_at,GINS3,64785.0
51,218735_s_at,ZNF544,27300.0
52,218657_at,RAPGEFL1,51195.0
53,218691_s_at,PDLIM4,8572.0
54,218694_at,ARMCX1,51309.0
55,218709_s_at,IFT52,51098.0
56,218717_s_at,P3H2,55214.0
57,218661_at,NAA60,79903.0
58,218704_at,RNF43,54894.0
59,218678_at,NES,10763.0
60,218643_s_at,CRIPT,9419.0
61,218693_at,TSPAN15,23555.0
62,218692_at,SYBU,55638.0
63,218703_at,SEC22A,26984.0
64,218666_s_at,STX17,55014.0
65,218647_s_at,YRDC,79693.0
66,218731_s_at,VWA1,64856.0
67,218686_s_at,RHBDF1,64285.0
68,218672_at,SCNM1,79005.0
69,218672_at,SCNM1,100534012.0
70,218715_at,UTP6,55813.0
71,218685_s_at,SMUG1,23583.0
72,218718_at,PDGFC,56034.0
73,218641_at,ZFTA,65998.0
74,218725_at,SLC25A22,79751.0
75,218720_x_at,SEZ6L2,26470.0
76,218638_s_at,SPON2,10417.0
77,218714_at,PRR14,78994.0
78,218711_s_at,CAVIN2,8436.0
79,218728_s_at,CNIH4,29097.0
80,218727_at,SLC38A7,55238.0
81,218688_at,TKFC,26007.0
82,218736_s_at,PALMD,54873.0
83,218734_at,NAA40,79829.0
84,218706_s_at,GRAMD2B,65983.0
85,218722_s_at,CCDC51,79714.0
86,218716_x_at,MTO1,25821.0
87,218707_at,ZNF444,55311.0
88,218664_at,MECR,51102.0
89,218639_s_at,ZXDC,79364.0
90,218698_at,APIP,51074.0
91,218677_at,S100A14,57402.0
92,218658_s_at,ACTR8,93973.0
93,218682_s_at,SLC4A1AP,22950.0
94,218684_at,LRRC8D,55144.0
95,218732_at,PTRH2,51651.0
96,218645_at,ZNF277,11179.0
97,218654_s_at,MRPS33,51650.0
98,218710_at,TTC27,55622.0
99,218697_at,NCKIPSD,51517.0
100,218673_s_at,ATG7,10533.0
101,218712_at,AIRIM,54955.0
102,218683_at,PTBP2,58155.0
103,218721_s_at,ODR4,54953.0
104,218699_at,RAB29,8934.0
105,218700_s_at,RAB29,8934.0
0,218767_at,REXO4,57109.0
1,218828_at,PLSCR3,57048.0
2,218828_at,TMEM256-PLSCR3,
3,218822_s_at,STX16-NPEPL1,
4,218821_at,STX16-NPEPL1,
5,218758_s_at,RRP1,8568.0
6,218809_at,PANK2,80025.0
7,218819_at,INTS6,26512.0
8,218756_s_at,DHRS11,79154.0
9,218771_at,PANK4,55229.0
10,218748_s_at,EXOC5P1,
11,218820_at,C14orf132,56967.0
12,218817_at,SPCS3,60559.0
13,218801_at,UGGT2,55757.0
14,218790_s_at,,
15,218741_at,CENPM,79019.0
16,218823_s_at,KCTD9,54793.0
17,218822_s_at,NPEPL1,79716.0
18,218821_at,NPEPL1,79716.0
19,218822_s_at,NPEPL1,124904942.0
20,218821_at,NPEPL1,124904942.0
21,218836_at,TRIM39-RPP21,202658.0
22,218789_s_at,C11orf71,54494.0
23,218834_s_at,TMEM132A,54972.0
24,218836_at,RPP21,79897.0
25,218836_at,RPP21,202658.0
26,218764_at,PRKCH,5583.0
27,218784_s_at,SAYSD1,55776.0
28,218793_s_at,SCML1,6322.0
29,218796_at,FERMT1,55612.0
30,218830_at,RPL26P30,
31,218788_s_at,SMYD3,64754.0
32,218753_at,XKR8,55113.0
33,218802_at,MCUB,55013.0
34,218752_at,ZMAT5,55954.0
35,218830_at,,
36,218773_s_at,MSRB2,22921.0
37,218824_at,PNMA8A,55228.0
38,218800_at,SRD5A3,79644.0
39,218805_at,GIMAP1-GIMAP5,100527949.0
40,218827_s_at,CEP192,55125.0
41,218750_at,SNORA25,684959.0
42,218750_at,SNORA32,692063.0
43,218750_at,SNORD6,692075.0
44,218829_s_at,CHD7,55636.0
45,218777_at,REEP4,80346.0
46,218745_x_at,TMEM161A,54929.0
47,218765_at,SIDT2,51092.0
48,218743_at,CHMP6,79643.0
49,218738_s_at,RNF138,51444.0
50,218751_s_at,FBXW7,55294.0
51,218813_s_at,SH3GLB2,56904.0
52,218749_s_at,SLC8B1,80024.0
53,218755_at,KIF20A,10112.0
54,218757_s_at,UPF3B,65109.0
55,218785_s_at,IFT22,64792.0
56,218776_s_at,TMEM62,80021.0
57,218762_at,ZNF574,64763.0
58,218804_at,ANO1,55107.0
59,218740_s_at,,
60,218786_at,NT5DC3,51559.0
61,218750_at,TAF1D,79101.0
62,218792_s_at,BSPRY,54836.0
63,218790_s_at,TMLHE,55217.0
64,218794_s_at,TXNL4B,54957.0
65,218787_x_at,CWF19L1,55280.0
66,218765_at,TAGLN,6876.0
67,218791_s_at,KATNBL1,79768.0
68,218772_x_at,TMEM38B,55151.0
69,218776_s_at,CCNDBP1,23582.0
70,218782_s_at,ATAD2,29028.0
71,218740_s_at,CDK5RAP3,80279.0
72,218744_s_at,ARFGAP2,84364.0
73,218742_at,CIAO3,64428.0
74,218769_s_at,ANKRA2,57763.0
75,218760_at,COQ6,51004.0
76,218761_at,RNF111,54778.0
77,218737_at,SBNO1,55206.0
78,218825_at,EGFL7,51162.0
79,218807_at,VAV3,10451.0
80,218806_s_at,VAV3,10451.0
81,218754_at,NOL9,79707.0
82,218835_at,SFTPA2,729238.0
83,218815_s_at,TMEM51,55092.0
84,218744_s_at,PACSIN3,29763.0
85,218831_s_at,RCN3,57333.0
86,218748_s_at,EXOC5,10640.0
87,218816_at,LRRC1,55227.0
88,218766_s_at,WARS2,10352.0
89,218810_at,ZC3H12A,80149.0
90,218798_at,KRI1,65095.0
91,218799_at,GPN2,54707.0
92,218775_s_at,WWC2,80014.0
93,218779_x_at,EPS8L1,54869.0
94,218778_x_at,EPS8L1,54869.0
95,218832_x_at,ARRB1,408.0
96,218763_at,STX18,53407.0
97,218780_at,HOOK2,29911.0
98,218811_at,ORAI2,80228.0
99,218812_s_at,ORAI2,80228.0
100,218746_at,TAPBPL,55080.0
101,218747_s_at,TAPBPL,55080.0
102,218831_s_at,FCGRT,2217.0
103,218830_at,RPL26L1,51121.0
104,218759_at,DVL2,1856.0
105,218826_at,SLC35F2,54733.0
106,218768_at,NUP107,57122.0
107,218803_at,CHFR,55743.0
108,218739_at,ABHD5,51099.0
109,218805_at,GIMAP5,55340.0
110,218774_at,DCPS,28960.0
111,218797_s_at,SIRT7,51547.0
112,218808_at,DALRD3,55152.0
113,218795_at,ACP6,51205.0
114,218781_at,SMC6,79677.0
115,218818_at,FHL3,2275.0
116,218833_at,MAP3K20,51776.0
117,218814_s_at,PACC1,55248.0
118,218783_at,INTS7,25896.0
119,218770_s_at,TMEM39B,55116.0
0,218886_at,PAK1IP1,55003.0
1,218860_at,NOC4L,79050.0
2,218875_s_at,FBXO5,26271.0
3,218839_at,HEY1,23462.0
4,218905_at,INTS8,55656.0
5,218904_s_at,C9orf40,55071.0
6,218925_s_at,CFAP68,64776.0
7,218867_s_at,SPRING1,79794.0
8,218928_s_at,SLC37A1,54020.0
9,218892_at,DCHS1,8642.0
10,218845_at,DUSP22,56940.0
11,218845_at,DUSP22,124907782.0
12,218874_s_at,ATAT1,79969.0
13,218890_x_at,MRPL35,51318.0
14,218859_s_at,ESF1,51575.0
15,218929_at,CDKN2AIP,55602.0
16,218858_at,DEPTOR,64798.0
17,218919_at,ZFAND1,79752.0
18,218849_s_at,PPP1R13L,10848.0
19,218863_s_at,TNS1,7145.0
20,218864_at,TNS1,7145.0
21,218902_at,NOTCH1,4851.0
22,218907_s_at,LRRC61,65999.0
23,218898_at,TLCD3A,79850.0
24,218846_at,MED23,9439.0
25,218876_at,RNU1-123P,
26,218916_at,ZNF768,79724.0
27,218924_s_at,,
28,218869_at,,
29,218912_at,GCC1,79571.0
30,218915_at,NF2,4771.0
31,218887_at,MRPL2,51069.0
32,218871_x_at,CSGALNACT2,55454.0
33,218911_at,YEATS4,8089.0
34,218920_at,FAM193B,54540.0
35,218877_s_at,TRMT11,60487.0
36,218869_at,MLYCD,23417.0
37,218936_s_at,CCDC59,29080.0
38,218913_s_at,GMIP,51291.0
39,218926_at,MYNN,55892.0
40,218893_at,ISOC2,79763.0
41,218840_s_at,NADSYN1,55191.0
42,218894_s_at,MAGOHB,55110.0
43,218866_s_at,POLR3K,51728.0
44,218872_at,TESC,54997.0
45,218848_at,THOC6,79228.0
46,218853_s_at,MOSPD1,56180.0
47,218917_s_at,ARID1A,8289.0
48,218850_s_at,LIMD1,8994.0
49,218906_x_at,KLC2,64837.0
50,218891_at,ARMH3,79591.0
51,218841_at,ASB8,140461.0
52,218897_at,TMEM177,80775.0
53,218852_at,PPP2R3C,55012.0
54,218865_at,MTARC1,64757.0
55,218932_at,ZNHIT6,54680.0
56,218927_s_at,CHST12,55501.0
57,218883_s_at,CENPU,79682.0
58,218933_at,AFG2B,79029.0
59,218838_s_at,TTC31,64427.0
60,218854_at,DSE,29940.0
61,218899_s_at,BAALC,79870.0
62,218856_at,TNFRSF21,27242.0
63,218862_at,ASB13,79754.0
64,218914_at,METTL25B,51093.0
65,218896_s_at,NCBP3,55421.0
66,218884_s_at,GUF1,60558.0
67,218876_at,TPPP3,51673.0
68,218844_at,ACSF2,80221.0
69,218879_s_at,MTHFSD,64779.0
70,218878_s_at,SIRT1,23411.0
71,218870_at,ARHGAP15,55843.0
72,218885_s_at,GALNT12,79695.0
73,218901_at,PLSCR4,57088.0
74,218935_at,EHD3,30845.0
75,218861_at,RNF25,64320.0
76,218908_at,ASPSCR1,79058.0
77,218889_at,NOC3L,64318.0
78,218922_s_at,CERS4,79603.0
79,218903_s_at,NABP2,79035.0
80,218857_s_at,ASRGL1,80150.0
81,218888_s_at,NETO2,81831.0
82,218847_at,IGF2BP2,10644.0
83,218931_at,RAB17,64284.0
84,218895_at,GPATCH3,63906.0
85,218843_at,FNDC4,64838.0
86,218837_s_at,UBE2D4,51619.0
87,218921_at,SIGIRR,59307.0
88,218842_at,RPAP3,79657.0
89,218882_s_at,WDR3,10885.0
90,218868_at,ACTR3B,57180.0
91,218930_s_at,TMEM106B,54664.0
92,218855_at,TPRA1,131601.0
93,218881_s_at,FOSL2,2355.0
94,218880_at,FOSL2,2355.0
95,218910_at,ANO10,55129.0
96,218934_s_at,HSPB7,27129.0
97,218918_at,MAN1C1,57134.0
98,218924_s_at,CTBS,1486.0
99,218923_at,CTBS,1486.0
100,218851_s_at,WDR33,55339.0
101,218900_at,CNNM4,26504.0
102,218909_at,RPS6KC1,26750.0
103,218873_at,GON4L,54856.0
0,218951_s_at,PLCXD1,55344.0
1,218983_at,C1RL,51279.0
2,219030_at,TPRKB,51002.0
3,218969_at,CORO7-PAM16,100529144.0
4,218969_at,PAM16,51025.0
5,218963_s_at,KRT23,25984.0
6,219016_at,FASTKD5,60493.0
7,218996_at,TFPT,29844.0
8,219018_s_at,CCDC85C,317762.0
9,218975_at,COL5A3,50509.0
10,218955_at,BRF2,55290.0
11,218954_s_at,BRF2,55290.0
12,218943_s_at,,
13,219004_s_at,MIS18A,54069.0
14,219025_at,CD248,57124.0
15,218944_at,PYCR3,65263.0
16,219019_at,PIDD1,55367.0
17,218959_at,HOXC10,3226.0
18,219015_s_at,ALG13,79868.0
19,219001_s_at,DCAF10,79269.0
20,218976_at,DNAJC12,56521.0
21,218980_at,FHOD3,80206.0
22,218940_at,VCPKMT,79609.0
23,218997_at,POLR1E,64425.0
24,219032_x_at,OPN3,23596.0
25,218990_s_at,SPRR3,6707.0
26,218982_s_at,,
27,218981_at,SDHAF3,57001.0
28,218964_at,ARID3B,10620.0
29,219033_at,PARP8,79668.0
30,219000_s_at,DSCC1,79075.0
31,219022_at,C12orf43,64897.0
32,219006_at,NDUFAF4,29078.0
33,218994_s_at,,64940.0
34,219011_at,HSD17B14,51171.0
35,218968_s_at,ZFP64,55734.0
36,218942_at,PIP4K2C,79837.0
37,219003_s_at,MANEA,79694.0
38,218957_s_at,PAAF1,80227.0
39,218992_at,PLGRKT,55848.0
40,218965_s_at,TUT1,64852.0
41,218938_at,FBXL15,79176.0
42,218988_at,SLC35E3,55508.0
43,219020_at,HS1BP3,64342.0
44,219028_at,HIPK2,28996.0
45,219024_at,PLEKHA1,59338.0
46,218985_at,SLC2A8,29988.0
47,219005_at,TMEM59L,25789.0
48,219007_at,NUP43,348995.0
49,219014_at,PLAC8,51316.0
50,219031_s_at,NIP7,51388.0
51,218941_at,FBXW2,26190.0
52,218952_at,PCSK1N,27344.0
53,218973_at,EFL1,79631.0
54,218946_at,NFU1,27247.0
55,218977_s_at,TRNAU1AP,54952.0
56,218979_at,RMI1,80010.0
57,218962_s_at,TMEM168,64418.0
58,219026_s_at,RASAL2,9462.0
59,218958_at,REX1BD,55049.0
60,218982_s_at,MRPS17,51373.0
61,218953_s_at,PCYOX1L,78991.0
62,218950_at,ARAP3,64411.0
63,218942_at,DTX3,196403.0
64,219021_at,RNF121,55298.0
65,218991_at,HEATR6,63897.0
66,218967_s_at,PTER,9317.0
67,218974_at,SOBP,55084.0
68,218998_at,ABITRAM,54942.0
69,218986_s_at,DDX60,55601.0
70,218993_at,MRM3,55178.0
71,218966_at,MYO5C,55930.0
72,218984_at,PUS7,54517.0
73,219034_at,PARP16,54956.0
74,219019_at,SLC25A22,79751.0
75,219021_at,IL18BP,10068.0
76,218939_at,LETM1,3954.0
77,219012_s_at,EMSY,56946.0
78,219008_at,LDAH,60526.0
79,218947_s_at,MTPAP,55149.0
80,219011_at,PLEKHA4,57664.0
81,219010_at,INAVA,55765.0
82,218960_at,TMPRSS4,56649.0
83,218943_s_at,RIGI,23586.0
84,219009_at,C14orf93,60686.0
85,219027_s_at,MYO9A,4649.0
86,219029_at,TMEM267,64417.0
87,218945_at,METTL22,79091.0
88,218989_x_at,SLC30A5,64924.0
89,218961_s_at,PNKP,11284.0
90,218970_s_at,CUTC,51076.0
91,219023_at,AP1AR,55435.0
92,218971_s_at,WDR91,29062.0
93,219017_at,ETNK1,55500.0
94,218948_at,QRSL1,55278.0
95,218949_s_at,QRSL1,55278.0
96,218995_s_at,EDN1,1906.0
97,219035_s_at,RNF34,80196.0
98,218937_at,ZSCAN32,54925.0
99,218987_at,ATF7IP,55729.0
100,218956_s_at,PTCD1,26024.0
101,219013_at,GALNT11,63917.0
102,219036_at,CEP70,80321.0
103,218972_at,TTC17,55761.0
104,218999_at,TMEM140,55281.0
105,219002_at,FASTKD1,79675.0
0,219065_s_at,MEMO1P1,
1,219065_s_at,,
2,219040_at,CORO7,79585.0
3,219061_s_at,LAGE3,8270.0
4,219071_x_at,HGH1,51236.0
5,219095_at,JMJD7-PLA2G4B,8681.0
6,219103_at,ASAP3,55616.0
7,219052_at,HPS6,79803.0
8,219112_at,,
9,219065_s_at,MEMO1P2,
10,219081_at,ANKHD1-EIF4EBP3,404734.0
11,219116_s_at,DCUN1D2,55208.0
12,219132_at,PELI2,57161.0
13,219117_s_at,,
14,219042_at,LZTS1,11178.0
15,219099_at,,
16,219043_s_at,PDCL3P5,
17,219056_at,RNASEH2B,79621.0
18,219076_s_at,,
19,219111_s_at,MIR7106,102466222.0
20,219045_at,RHOF,54509.0
21,219050_s_at,ZNHIT2,741.0
22,219106_s_at,,
23,219100_at,,
24,219087_at,ASPN,54829.0
25,219109_at,SPAG16,79582.0
26,219043_s_at,PDCL3P6,
27,219043_s_at,PDCL3P4,
28,219043_s_at,,124906262.0
29,219074_at,TMEM184C,55751.0
30,219095_at,PLA2G4B,100137049.0
31,219120_at,WDCP,80304.0
32,219060_at,NTAQ1,55093.0
33,219048_at,PIGN,23556.0
34,219091_s_at,MMRN2,79812.0
35,219092_s_at,IPPK,64768.0
36,219121_s_at,ESRP1,54845.0
37,219062_s_at,ZCCHC2,54877.0
38,219080_s_at,CTPS2,56474.0
39,219076_s_at,PXMP2,5827.0
40,219069_at,ANKRD49,54851.0
41,219099_at,TIGAR,57103.0
42,219059_s_at,LYVE1,10894.0
43,219118_at,FKBP11,51303.0
44,219117_s_at,FKBP11,51303.0
45,219131_at,UBIAD1,29914.0
46,219086_at,ZNF839,55778.0
47,219077_s_at,WWOX,51741.0
48,219081_at,ANKHD1,54882.0
49,219108_x_at,DDX27,55661.0
50,219084_at,NSD1,64324.0
51,219113_x_at,HSD17B14,51171.0
52,219066_at,PPCDC,60490.0
53,219088_s_at,ZNF576,79177.0
54,219089_s_at,ZNF576,79177.0
55,219083_at,SHQ1,55164.0
56,219049_at,CSGALNACT1,55790.0
57,219064_at,ITIH5,80760.0
58,219090_at,SLC24A3,57419.0
59,219079_at,CYB5R4,51167.0
60,219079_at,CYB5R4,123956252.0
61,219094_at,ARMC8,25852.0
62,219082_at,AMDHD2,51005.0
63,219119_at,LSM8,51691.0
64,219133_at,OXSM,54995.0
65,219124_at,TTI2,80185.0
66,219070_s_at,MOSPD3,64598.0
67,219039_at,SEMA4C,54910.0
68,219067_s_at,NSMCE4A,54780.0
69,219038_at,MORC4,79710.0
70,219085_s_at,PPP1R37,284352.0
71,219051_x_at,METRN,79006.0
72,219041_s_at,REPIN1,29803.0
73,219055_at,SRBD1,55133.0
74,219065_s_at,DPY30,84661.0
75,219112_at,RAPGEF6,51735.0
76,219043_s_at,PDCL3,79031.0
77,219123_at,ZNF232,7775.0
78,219105_x_at,ORC6,23594.0
79,219097_x_at,SMIM7,79086.0
80,219078_at,GPATCH2,55105.0
81,219101_x_at,ABHD8,79575.0
82,219098_at,MYBBP1A,10514.0
83,219107_at,BCAN,63827.0
84,219072_at,BCL7C,9274.0
85,219115_s_at,IL20RA,53832.0
86,219111_s_at,DDX54,79039.0
87,219110_at,GAR1,54433.0
88,219037_at,RRP15,51018.0
89,219122_s_at,THG1L,54974.0
90,219046_s_at,PKNOX2,63876.0
91,219129_s_at,SAP30L,79685.0
92,219102_at,RCN3,57333.0
93,219085_s_at,GEMIN7,79760.0
94,219068_x_at,ATAD3A,55210.0
95,219054_at,NPR3,4883.0
96,219126_at,PHF10,55274.0
97,219106_s_at,KLHL41,10324.0
98,219044_at,THNSL2,55258.0
99,219100_at,STN1,79991.0
100,219096_at,ARMC7,79637.0
101,219136_s_at,LMF1,64788.0
102,219135_s_at,LMF1,64788.0
103,219073_s_at,OSBPL10,114884.0
104,219075_at,YIPF2,78992.0
105,219065_s_at,MEMO1,51072.0
106,219114_at,C3orf18,51161.0
107,219063_at,C1orf35,79169.0
108,219047_s_at,ZNF668,79759.0
109,219057_at,RABEP2,79874.0
110,219104_at,RNF141,50862.0
111,219053_s_at,VPS37C,55048.0
112,219127_at,PRR15L,79170.0
113,219134_at,ADGRL4,64123.0
114,219093_at,PID1,55022.0
115,219125_s_at,SLC50A1,55974.0
116,219128_at,C2orf42,54980.0
117,219130_at,TRMT13,54482.0
118,219058_x_at,TINAGL1,64129.0
0,219211_at,,105379548.0
1,219218_at,BAHCC1,57597.0
2,219203_at,EMC9,51016.0
3,219223_at,CACFD1,11094.0
4,219189_at,FBXL6,26233.0
5,219215_s_at,SLC39A4,55630.0
6,219171_s_at,ZNF236,7776.0
7,219184_x_at,TIMM22,29928.0
8,219168_s_at,PRR5,55615.0
9,219211_at,,105377182.0
10,219211_at,,102725072.0
11,219211_at,,105372942.0
12,219167_at,RASL12,51285.0
13,219211_at,FAM247B,117751732.0
14,219211_at,,105372935.0
15,219212_at,HSPA14,51182.0
16,219183_s_at,CYTH4,27128.0
17,219142_at,RASL11B,65997.0
18,219213_at,JAM2,58494.0
19,219153_s_at,THSD4,79875.0
20,219166_at,DNAAF2,55172.0
21,219179_at,DACT1,51339.0
22,219143_s_at,RPP25,54913.0
23,219180_s_at,PEX26,55670.0
24,219142_at,,
25,219229_at,SLCO3A1,28232.0
26,219219_at,TMEM160,54958.0
27,219206_x_at,TMBIM4,51643.0
28,219154_at,TMEM120B,144404.0
29,219187_at,FKBPL,63943.0
30,219149_x_at,DBR1,51163.0
31,219201_s_at,TWSG1,57045.0
32,219211_at,USP18,11274.0
33,219148_at,PBK,55872.0
34,219165_at,PDLIM2,64236.0
35,219145_at,ADGRL1,22859.0
36,219198_at,GTF3C4,9329.0
37,219174_at,IFT74,80173.0
38,219176_at,MAIP1,79568.0
39,219210_s_at,RAB8B,51762.0
40,219209_at,IFIH1,64135.0
41,219181_at,LIPG,9388.0
42,219195_at,PPARGC1A,10891.0
43,219232_s_at,EGLN3,112399.0
44,219194_at,SEMA4G,57715.0
45,219156_at,SYNJ2BP,55333.0
46,219164_s_at,ATG2B,55102.0
47,219158_s_at,NAA15,80155.0
48,219196_at,SCG3,29106.0
49,219227_at,CCNJL,79616.0
50,219191_s_at,BIN2,51411.0
51,219224_x_at,ZNF408,79797.0
52,219231_at,TGS1,96764.0
53,219207_at,EDC3,80153.0
54,219161_s_at,CKLF,51192.0
55,219161_s_at,CKLF-CMTM1,100529251.0
56,219139_s_at,,114819.0
57,219193_at,WDR70,55100.0
58,219173_at,MYO15B,80022.0
59,219150_s_at,COX19,90639.0
60,219163_at,ZNF562,54811.0
61,219155_at,PITPNC1,26207.0
62,219222_at,RBKS,64080.0
63,219217_at,NARS2,79731.0
64,219199_at,AFF4,27125.0
65,219182_at,TMEM231,79583.0
66,219188_s_at,MACROD1,28992.0
67,219146_at,TEFM,79736.0
68,219157_at,KLHL2,11275.0
69,219192_at,UBAP2,55833.0
70,219159_s_at,SLAMF7,57823.0
71,219147_s_at,NMRK1,54981.0
72,219185_at,SIRT5,23408.0
73,219162_s_at,MRPL11,65003.0
74,219216_at,ETAA1,54465.0
75,219150_s_at,ADAP1,11033.0
76,219228_at,ZNF331,55422.0
77,219144_at,DUSP26,78986.0
78,219226_at,CDK12,51755.0
79,219175_s_at,SLC41A3,54946.0
80,219173_at,SMIM5,643008.0
81,219172_at,UBTD1,80019.0
82,219178_at,QTRT2,79691.0
83,219197_s_at,SCUBE2,57758.0
84,219140_s_at,RBP4,5950.0
85,219169_s_at,TFB1M,51106.0
86,219208_at,FBXO11,80204.0
87,219152_at,PODXL2,50512.0
88,219204_s_at,SRR,63826.0
89,219205_at,SRR,63826.0
90,219200_at,FASTKD3,79072.0
91,219141_s_at,AMBRA1,55626.0
92,219230_at,TMEM100,55273.0
93,219186_at,ZBTB7A,51341.0
94,219177_at,BRIX1,55299.0
95,219170_at,FSD1,79187.0
96,219214_s_at,NT5C,30833.0
97,219202_at,RHBDF2,79651.0
98,219221_at,ZBTB38,253461.0
99,219233_s_at,GSDMB,55876.0
100,219220_x_at,MRPS22,56945.0
101,219236_at,PAQR6,79957.0
102,219235_s_at,PHACTR4,65979.0
103,219137_s_at,MFF,56947.0
104,219234_x_at,SCRN3,79634.0
105,219160_s_at,PAPOLG,64895.0
106,219190_s_at,AGO4,192670.0
107,219225_at,PGBD5,79605.0
0,219264_s_at,PPP2R3B,28227.0
1,219260_s_at,ELP5,23587.0
2,219306_at,KIF15,56992.0
3,219327_s_at,GPRC5C,55890.0
4,219281_at,MSRA,4482.0
5,219283_at,C1GALT1C1,29071.0
6,219324_at,,
7,219320_at,MYO19,80179.0
8,219309_at,C22orf46P,
9,219303_at,OBI1,79596.0
10,219280_at,BRWD1,54014.0
11,219244_s_at,,
12,219309_at,C22orf46P,79640.0
13,219299_at,TRMT12,55039.0
14,219324_at,NOL12,79159.0
15,219317_at,POLI,11201.0
16,219270_at,CHAC1,79094.0
17,219287_at,KCNMB4,27345.0
18,219267_at,GLTPP1,
19,219302_s_at,CNTNAP2,26047.0
20,219300_s_at,CNTNAP2,26047.0
21,219301_s_at,CNTNAP2,26047.0
22,219263_at,RNF128,79589.0
23,219246_s_at,,
24,219245_s_at,,
25,219311_at,CEP76,79959.0
26,219319_at,HIF3A,64344.0
27,219240_s_at,C10orf88,80007.0
28,219253_at,TMEM185B,79134.0
29,219308_s_at,AK5,26289.0
30,219290_x_at,DAPP1,27071.0
31,219256_s_at,SH3TC1,54436.0
32,219272_at,TRIM62,55223.0
33,219279_at,DOCK10,55619.0
34,219325_s_at,ELAC1,55520.0
35,219262_at,SUV39H2,79723.0
36,219286_s_at,RBM15,64783.0
37,219328_at,DDX31,64794.0
38,219276_x_at,CAAP1,79886.0
39,219273_at,CCNK,8812.0
40,219275_at,PDCD5,9141.0
41,219292_at,THAP1,55145.0
42,219297_at,WDR44,54521.0
43,219335_at,ARMCX5,64860.0
44,219282_s_at,TRPV2,51393.0
45,219313_at,GRAMD1C,54762.0
46,219316_s_at,FLVCR2,55640.0
47,219291_at,DTWD1,56986.0
48,219310_at,SYNDIG1,79953.0
49,219318_x_at,MED31,51003.0
50,219296_at,ZDHHC13,54503.0
51,219250_s_at,FLRT3,23767.0
52,219315_s_at,TMEM204,79652.0
53,219332_at,MICALL2,79778.0
54,219314_s_at,ZNF219,51222.0
55,219252_s_at,GEMIN8,54960.0
56,219268_at,ETNK2,55224.0
57,219305_x_at,FBXO2,26232.0
58,219321_at,PALS1,64398.0
59,219258_at,TIPIN,54962.0
60,219261_at,INTS15,79034.0
61,219249_s_at,FKBP10,60681.0
62,219271_at,GALNT14,79623.0
63,219312_s_at,ZBTB10,65986.0
64,219243_at,GIMAP4,55303.0
65,219329_s_at,ATRAID,51374.0
66,219244_s_at,MRPL46,26589.0
67,219269_at,HMBOX1,79618.0
68,219242_at,CEP63,80254.0
69,219294_at,CENPQ,55166.0
70,219336_s_at,ASCC1,51008.0
71,219237_s_at,DNAJB14,79982.0
72,219289_at,HEATR3,55027.0
73,219298_at,ECHDC3,79746.0
74,219323_s_at,IL18BP,10068.0
75,219265_at,MOB3B,79817.0
76,219330_at,VANGL1,81839.0
77,219307_at,PDSS2,57107.0
78,219326_s_at,B3GNT2,10678.0
79,219254_at,OGFOD3,79701.0
80,219331_s_at,KLHDC8A,55220.0
81,219277_s_at,OGDHL,55753.0
82,219304_s_at,PDGFD,80310.0
83,219247_s_at,ZDHHC14,79683.0
84,219241_x_at,SSH3,54961.0
85,219246_s_at,ARL6IP4,51329.0
86,219266_at,ZNF350,59348.0
87,219288_at,CEP15,57415.0
88,219251_s_at,DYNC2I1,55112.0
89,219267_at,GLTP,51228.0
90,219246_s_at,OGFOD2,79676.0
91,219245_s_at,OGFOD2,79676.0
92,219333_s_at,CAPN10,11132.0
93,219239_s_at,ZNF654,55279.0
94,219255_x_at,IL17RB,55540.0
95,219248_at,THUMPD2,80745.0
96,219295_s_at,PCOLCE2,26577.0
97,219257_s_at,SPHK1,8877.0
98,219274_at,TSPAN12,23554.0
99,219259_at,SEMA4A,64218.0
100,219284_at,HSPBAP1,79663.0
101,219278_at,MAP3K6,9064.0
102,219293_s_at,OLA1,29789.0
103,219322_s_at,WRAP73,49856.0
104,219334_s_at,NABP1,64859.0
105,219238_at,PIGV,55650.0
0,219419_at,RBFA,79863.0
1,219369_s_at,OTUB2,78990.0
2,219347_at,NUDT15,55270.0
3,219415_at,TTYH1,57348.0
4,219378_at,NAA16,79612.0
5,219393_s_at,AKT3,10000.0
6,219354_at,KLHL26,55295.0
7,219427_at,FAT4,79633.0
8,219425_at,SULT4A1,25830.0
9,219344_at,SLC29A3,55315.0
10,219350_s_at,,
11,219355_at,RADX,55086.0
12,219374_s_at,,
13,219368_at,NAP1L2,4674.0
14,219346_at,LRFN3,79414.0
15,219414_at,CLSTN2,64084.0
16,219341_at,CLN8,2055.0
17,219340_s_at,CLN8,2055.0
18,219371_s_at,KLF2,10365.0
19,219376_at,ZNF322P1,
20,219409_at,SNIP1,79753.0
21,219350_s_at,,128125816.0
22,219376_at,,
23,219434_at,TREM1,54210.0
24,219399_at,LIN7C,55327.0
25,219377_at,GAREM1,64762.0
26,219433_at,BCOR,54880.0
27,219348_at,USE1,55850.0
28,219351_at,TRAPPC2,6399.0
29,219428_s_at,PXMP4,11264.0
30,219343_at,CDC37L1,55664.0
31,219388_at,GRHL2,79977.0
32,219418_at,,
33,219338_s_at,LRRC49,54839.0
34,219403_s_at,HPSE,10855.0
35,219339_s_at,EHMT1,79813.0
36,219367_s_at,NRP2,8828.0
37,219370_at,RPRM,56475.0
38,219417_s_at,BORCS6,54785.0
39,219390_at,FKBP14,55033.0
40,219353_at,NHLRC2,374354.0
41,219392_x_at,PRR11,55771.0
42,219400_at,CNTNAP1,8506.0
43,219406_at,,
44,219402_s_at,DERL1,79139.0
45,219424_at,EBI3,10148.0
46,219412_at,RAB38,23682.0
47,219421_at,TTC33,23548.0
48,219357_at,GTPBP1,9567.0
49,219350_s_at,DIABLO,56616.0
50,219361_s_at,AEN,64782.0
51,219356_s_at,CHMP5,51510.0
52,219429_at,FA2H,79152.0
53,219401_at,XYLT2,64132.0
54,219383_at,PRR5L,79899.0
55,219395_at,ESRP2,80004.0
56,219363_s_at,MTERF3,51001.0
57,219407_s_at,LAMC3,10319.0
58,219374_s_at,ALG9,79796.0
59,219396_s_at,NEIL1,79661.0
60,219345_at,BOLA1,51027.0
61,219382_at,SERTAD3,29946.0
62,219359_at,PGGHG,80162.0
63,219349_s_at,EXOC2,55770.0
64,219376_at,ZNF322,79692.0
65,219387_at,CCDC88A,55704.0
66,219379_x_at,ZNF358,140467.0
67,219381_at,CPLANE1,65250.0
68,219366_at,AVEN,57099.0
69,219380_x_at,POLH,5429.0
70,219418_at,NHEJ1,79840.0
71,219413_at,ACBD4,79777.0
72,219352_at,HERC6,55008.0
73,219436_s_at,EMCN,51705.0
74,219416_at,SCARA3,51435.0
75,219398_at,CIDEC,63924.0
76,219408_at,PRMT7,54496.0
77,219423_x_at,TNFRSF25,8718.0
78,219410_at,TMEM45A,55076.0
79,219431_at,ARHGAP10,79658.0
80,219394_at,PGS1,9489.0
81,219362_at,NAA35,60560.0
82,219365_s_at,CAMKV,79012.0
83,219406_at,C1orf50,79078.0
84,219373_at,DPM3,54344.0
85,219420_s_at,COA7,65260.0
86,219360_s_at,TRPM4,54795.0
87,219430_at,GPR137,56834.0
88,219375_at,CEPT1,10390.0
89,219364_at,DHX58,79132.0
90,219384_s_at,ADAT1,23536.0
91,219411_at,ELMO3,79767.0
92,219372_at,IFT81,28981.0
93,219342_at,CASD1,64921.0
94,219389_at,SUSD4,55061.0
95,219386_s_at,SLAMF8,56833.0
96,219385_at,SLAMF8,56833.0
97,219405_at,TRIM68,55128.0
98,219404_at,EPS8L3,79574.0
99,219435_at,CTC1,80169.0
100,219358_s_at,ADAP2,55803.0
101,219397_at,COQ10B,80219.0
102,219337_at,C1orf159,54991.0
103,219426_at,AGO3,192669.0
0,219477_s_at,THSD1P1,
1,219534_x_at,CDKN1C,1028.0
2,219477_s_at,,100887750.0
3,219477_s_at,,
4,219471_at,RUBCNL,80183.0
5,219535_at,HUNK,30811.0
6,219444_at,BCORL1,63035.0
7,219517_at,ELL3,80237.0
8,219518_s_at,ELL3,80237.0
9,219517_at,,
10,219518_s_at,,
11,219480_at,SNAI1,6615.0
12,219520_s_at,WWC3,55841.0
13,219532_at,ELOVL4,6785.0
14,219449_s_at,TMEM70,54968.0
15,219448_at,TMEM70,54968.0
16,219448_at,RPS20P21,
17,219505_at,ADA2,51816.0
18,219501_at,ENOX1,55068.0
19,219522_at,FJX1,24147.0
20,219477_s_at,THSD1,55901.0
21,219526_at,RIOX1,79697.0
22,219528_s_at,BCL11B,64919.0
23,219446_at,RIC8B,55188.0
24,219454_at,EGFL6,25975.0
25,219500_at,CLCF1,23529.0
26,219492_at,CHIC2,26511.0
27,219441_s_at,LRRK1,79705.0
28,219503_s_at,TMEM40,55287.0
29,219497_s_at,BCL11A,53335.0
30,219498_s_at,BCL11A,53335.0
31,219496_at,SOWAHC,65124.0
32,219458_s_at,NSUN3,63899.0
33,219482_at,SETD4,54093.0
34,219479_at,POGLUT2,79070.0
35,219457_s_at,RIN3,79890.0
36,219456_s_at,RIN3,79890.0
37,219529_at,CLIC3,9022.0
38,219523_s_at,TENM3,55714.0
39,219462_at,TMEM53,79639.0
40,219514_at,ANGPTL2,23452.0
41,219494_at,RAD54B,25788.0
42,219447_s_at,SLC35C2,51006.0
43,219451_at,MSRB2,22921.0
44,219489_s_at,NXN,64359.0
45,219499_at,SEC61A2,55176.0
46,219463_at,LAMP5,24141.0
47,219470_x_at,CCNJ,54619.0
48,219524_s_at,NDUFAF5,79133.0
49,219487_at,BBS10,79738.0
50,219521_at,B3GAT1,27087.0
51,219519_s_at,SIGLEC1,6614.0
52,219485_s_at,PSMD10,5716.0
53,219531_at,CEP72,55722.0
54,219502_at,NEIL3,55247.0
55,219445_at,BICRA,29998.0
56,219484_at,HCFC2,29915.0
57,219467_at,GIN1,54826.0
58,219516_at,TRPV4,59341.0
59,219440_at,RAI2,10742.0
60,219488_at,A4GALT,53947.0
61,219437_s_at,ANKRD11,29123.0
62,219474_at,C3orf52,79669.0
63,219536_s_at,ZFP64,55734.0
64,219469_at,DYNC2H1,79659.0
65,219443_at,TASP1,55617.0
66,219510_at,POLQ,10721.0
67,219442_at,,
68,219475_at,OSGIN1,29948.0
69,219495_s_at,ZNF180,7733.0
70,219512_at,DSN1,79980.0
71,219491_at,LRFN4,78999.0
72,219472_at,CENPO,79172.0
73,219483_s_at,PORCN,64840.0
74,219508_at,GCNT3,9245.0
75,219493_at,SHCBP1,79801.0
76,219461_at,PAK6,56924.0
77,219461_at,PAK6,106821730.0
78,219473_at,GDAP2,54834.0
79,219513_s_at,SH2D3A,10045.0
80,219465_at,APOA2,336.0
81,219466_s_at,APOA2,336.0
82,219511_s_at,SNCAIP,9627.0
83,219478_at,WFDC1,58189.0
84,219507_at,RSRC1,51319.0
85,219453_at,KLHL36,79786.0
86,219525_at,SLC47A1,55244.0
87,219455_at,CFAP69,79846.0
88,219439_at,C1GALT1,56913.0
89,219509_at,MYOZ1,58529.0
90,219450_at,PGCKA1,55286.0
91,219481_at,TTC13,79573.0
92,219515_at,PRDM10,56980.0
93,219476_at,C1orf116,79098.0
94,219486_at,DUS2,54920.0
95,219452_at,DPEP2,64174.0
96,219530_at,PALB2,79728.0
97,219459_at,POLR3B,55703.0
98,219468_s_at,CUEDC1,404093.0
99,219438_at,NKAIN1,79570.0
100,219506_at,C1orf54,79630.0
101,219527_at,MTARC2,54996.0
102,219464_at,CA14,23632.0
103,219504_s_at,RPAP2,79871.0
104,219460_s_at,TMEM127,55654.0
105,219490_s_at,DCLRE1B,64858.0
0,219555_s_at,CENPN,55839.0
1,219602_s_at,PIEZO2,63895.0
2,219578_s_at,CPEB1,64506.0
3,219541_at,,
4,219560_at,RTL10,79680.0
5,219622_at,RAB20,55647.0
6,219596_at,THAP10,56906.0
7,219599_at,,
8,219631_at,LRP12,29967.0
9,219549_s_at,,
10,219600_s_at,TMEM50B,757.0
11,219568_x_at,SOX18,54345.0
12,219552_at,SVEP1,79987.0
13,219544_at,BORA,79866.0
14,219619_at,DIRAS2,54769.0
15,219574_at,MARCHF1,55016.0
16,219634_at,CHST11,50515.0
17,219623_at,ACTR5,79913.0
18,219545_at,KCTD14,65987.0
19,219598_s_at,RWDD1,51389.0
20,219557_s_at,NRIP3,56675.0
21,219550_at,ROBO3,64221.0
22,219583_s_at,SPATA7,55812.0
23,219546_at,BMP2K,55589.0
24,219577_s_at,ABCA7,10347.0
25,219633_at,TTPAL,79183.0
26,219629_at,FAM118A,55007.0
27,219612_s_at,FGG,2266.0
28,219635_at,ZNF606,80095.0
29,219547_at,COX15,1355.0
30,219617_at,CAMKMT,79823.0
31,219582_at,OGFRL1,79627.0
32,219594_at,NINJ2,4815.0
33,219576_at,MAP7D3,79649.0
34,219626_at,MAP7D3,79649.0
35,219624_at,BAG4,9530.0
36,219537_x_at,DLL3,10683.0
37,219571_s_at,ZNF12,7559.0
38,219556_at,MIR6768,102465460.0
39,219551_at,EAF2,55840.0
40,219575_s_at,COG8,84342.0
41,219575_s_at,PDF,64146.0
42,219575_s_at,,
43,219601_s_at,LCOR,84458.0
44,219584_at,PLA1A,51365.0
45,219559_at,SLC17A9,63910.0
46,219554_at,RHCG,51458.0
47,219541_at,LIME1,54923.0
48,219580_s_at,RNU4-46P,
49,219627_at,,79970.0
50,219538_at,WDR5B,54554.0
51,219570_at,KIF16B,55614.0
52,219615_s_at,KCNK5,8645.0
53,219628_at,ZMAT3,64393.0
54,219592_at,MCPH1,79648.0
55,219540_at,ZNF267,10308.0
56,219566_at,PLEKHF1,79156.0
57,219610_at,ARHGEF28,64283.0
58,219608_s_at,FBXO38,81545.0
59,219564_at,KCNJ16,3773.0
60,219562_at,RAB26,25837.0
61,219556_at,TEDC2,80178.0
62,219548_at,ZNF16,7564.0
63,219597_s_at,DUOX1,53905.0
64,219588_s_at,NCAPG2,54892.0
65,219595_at,ZNF26,7574.0
66,219589_s_at,TMEM143,55260.0
67,219587_at,TTC12,54970.0
68,219630_at,PDZK1IP1,10158.0
69,219609_at,WDR25,79446.0
70,219620_x_at,TOR4A,54863.0
71,219563_at,SYNE3,161176.0
72,219625_s_at,CERT1,10087.0
73,219580_s_at,TMC5,79838.0
74,219593_at,SLC15A3,51296.0
75,219572_at,CADPS2,93664.0
76,219605_at,ZNF3,7551.0
77,219604_s_at,ZNF3,7551.0
78,219586_at,WDR59,79726.0
79,219618_at,IRAK4,51135.0
80,219567_s_at,EXO5,64789.0
81,219543_at,PBLD,64081.0
82,219573_at,CARMIL1,55604.0
83,219611_s_at,CEP85,64793.0
84,219603_s_at,ZNF226,7769.0
85,219569_s_at,SLC35G2,80723.0
86,219613_s_at,SIRT6,51548.0
87,219581_at,TSEN2,80746.0
88,219549_s_at,RTN3,10313.0
89,219579_at,RAB3IL1,5866.0
90,219616_at,ACSS3,79611.0
91,219614_s_at,SLC6A20,54716.0
92,219558_at,ATP13A3,79572.0
93,219539_at,GEMIN6,79833.0
94,219591_at,CEND1,51286.0
95,219565_at,CYP20A1,57404.0
96,219607_s_at,MS4A4A,51338.0
97,219561_at,COPZ2,51226.0
98,219590_x_at,DPH5,51611.0
99,219632_s_at,TRPV1,7442.0
100,219636_s_at,ARMC9,80210.0
101,219542_at,NEK11,79858.0
102,219553_at,NME7,29922.0
103,219585_at,CCDC28B,79140.0
0,219687_at,HHAT,55733.0
1,219704_at,YBX2,51087.0
2,219684_at,RTP4,64108.0
3,219723_x_at,AGPAT3,56894.0
4,219659_at,ATP8A2,51761.0
5,219660_s_at,ATP8A2,51761.0
6,219664_s_at,DECR2,26063.0
7,219641_at,,
8,219685_at,TMEM35A,59353.0
9,219698_s_at,METTL4,64863.0
10,219667_s_at,BANK1,55024.0
11,219730_at,MED18,54797.0
12,219650_at,ERCC6L,54821.0
13,219711_at,ZNF586,54807.0
14,219727_at,DUOX2,50506.0
15,219690_at,,
16,219728_at,PKD2L2,27039.0
17,219682_s_at,TBX3,6926.0
18,219653_at,LSM14B,149986.0
19,219652_s_at,DIPK2B,79742.0
20,219656_at,PCDH12,51294.0
21,219642_s_at,PEX5L,51555.0
22,219643_at,LRP1B,53353.0
23,219732_at,PLPPR1,54886.0
24,219665_at,NUDT18,79873.0
25,219668_at,GDAP1L1,78997.0
26,219706_at,AP5S1,55317.0
27,219705_at,QSER1,79832.0
28,219731_at,ENTPD1-AS1,728558.0
29,219686_at,STK32B,55351.0
30,219729_at,PRRX2,51450.0
31,219733_s_at,SLC27A5,10998.0
32,219717_at,DCAF16,54876.0
33,219648_at,MREG,55686.0
34,219683_at,FZD3,7976.0
35,219697_at,HS3ST2,9956.0
36,219679_s_at,WAC,51322.0
37,219724_s_at,TESPA1,9840.0
38,219722_s_at,GDPD3,79153.0
39,219725_at,TREM2,54209.0
40,219663_s_at,TMEM121,80757.0
41,219638_at,FBXO22,26263.0
42,219691_at,SAMD9,54809.0
43,219736_at,TRIM36,55521.0
44,219658_at,PTCD2,79810.0
45,219712_s_at,SHPK,23729.0
46,219713_at,SHPK,23729.0
47,219702_at,PLAC1,10761.0
48,219640_at,CLDN15,24146.0
49,219716_at,APOL6,80830.0
50,219651_at,DPPA4,55211.0
51,219709_x_at,ANTKMT,65990.0
52,219726_at,NLGN3,54413.0
53,219676_at,ZSCAN16,80345.0
54,219735_s_at,TFCP2L1,29842.0
55,219655_at,SUGCT,79783.0
56,219678_x_at,DCLRE1C,64421.0
57,219692_at,KREMEN2,79412.0
58,219639_x_at,PARP6,56965.0
59,219672_at,AHSP,51327.0
60,219715_s_at,TDP1,55775.0
61,219708_at,NT5M,56953.0
62,219720_s_at,GPATCH2L,55668.0
63,219641_at,DET1,55070.0
64,219703_at,MNS1,55329.0
65,219699_at,LGI2,55203.0
66,219696_at,DENND1B,163486.0
67,219693_at,AGPAT4,56895.0
68,219694_at,OTULINL,54491.0
69,219675_s_at,UXS1,80146.0
70,219681_s_at,RAB11FIP1,80223.0
71,219701_at,TMOD2,29767.0
72,219662_at,C2orf49,79074.0
73,219654_at,HACD1,9200.0
74,219644_at,CEP83,51134.0
75,219689_at,SEMA3G,56920.0
76,219657_s_at,KLF3,51274.0
77,219647_at,POPDC2,64091.0
78,219688_at,BBS7,55212.0
79,219734_at,SIDT1,54847.0
80,219661_at,RANBP17,64901.0
81,219707_at,CPNE7,27132.0
82,219695_at,SMPD3,55512.0
83,219710_at,SH3TC2,79628.0
84,219673_at,MCM9,254394.0
85,219670_at,BEND5,79656.0
86,219669_at,CD177,57126.0
87,219728_at,MYOT,9499.0
88,219718_at,FGGY,55277.0
89,219690_at,IGFLR1,79713.0
90,219719_at,HIGD1B,51751.0
91,219714_s_at,CACNA2D3,55799.0
92,219666_at,MS4A6A,64231.0
93,219646_at,DEF8,54849.0
94,219671_at,HPCAL4,51440.0
95,219680_at,NLRX1,79671.0
96,219677_at,SPSB1,80176.0
97,219700_at,PLXDC1,57125.0
98,219649_at,ALG6,29929.0
99,219712_s_at,TRPV1,7442.0
100,219637_at,ARMC9,80210.0
101,219645_at,CASQ1,844.0
0,219794_at,VPS53,55275.0
1,219796_s_at,CDHR5,53841.0
2,219738_s_at,PCDH9,5101.0
3,219737_s_at,PCDH9,5101.0
4,219811_at,MIR3618,100500860.0
5,219811_at,MIR1306,100302197.0
6,219775_s_at,CPLX3,594855.0
7,219775_s_at,,
8,219779_at,ZFHX4,79776.0
9,219819_s_at,,
10,219810_at,VCPIP1,80124.0
11,219821_s_at,GFOD1,54438.0
12,219804_at,SYNPO2L,79933.0
13,219807_x_at,MIA-RAB4B,
14,219820_at,SLC6A16,28968.0
15,219741_x_at,ZNF552,79818.0
16,219763_at,MIR601,693186.0
17,219746_at,DPF3,8110.0
18,219767_s_at,CRYZL1,9946.0
19,219809_at,WDR55,54853.0
20,219831_at,CDKL3,51265.0
21,219822_at,MTRF1,9617.0
22,219814_at,MBNL3,55796.0
23,219831_at,,
24,219805_at,STEEP1,63932.0
25,219771_at,TBC1D8B,54885.0
26,219756_s_at,POF1B,79983.0
27,219832_s_at,HOXC13,3229.0
28,219791_s_at,HAND2-AS1,79804.0
29,219743_at,HEY2,23493.0
30,219764_at,FZD10,11211.0
31,219748_at,TREML2,79865.0
32,219825_at,CYP26B1,56603.0
33,219819_s_at,MRPS28,28957.0
34,219817_at,MAPKAPK5-AS1,51275.0
35,219772_s_at,SMPX,23676.0
36,219739_at,RNF186,54546.0
37,219828_at,RABL6,55684.0
38,219823_at,LIN28A,79727.0
39,219755_at,CBX8,57332.0
40,219811_at,DGCR8,54487.0
41,219762_s_at,RPL36,25873.0
42,219763_at,DENND1A,57706.0
43,219836_at,ZBED2,79413.0
44,219798_s_at,,56257.0
45,219788_at,PILRA,29992.0
46,219778_at,ZFPM2,23414.0
47,219761_at,CLEC1A,51267.0
48,219812_at,,
49,219784_at,,
50,219785_s_at,,
51,219824_at,SLC13A4,26266.0
52,219798_s_at,MEPCE,56257.0
53,219813_at,LATS1,9113.0
54,219787_s_at,ECT2,1894.0
55,219793_at,SNX16,64089.0
56,219800_s_at,THNSL1,79896.0
57,219766_at,B9D2,80776.0
58,219769_at,INCENP,3619.0
59,219818_s_at,GPATCH1,55094.0
60,219765_at,ZNF329,79673.0
61,219786_at,TESMIN,9633.0
62,219783_at,SLC35F6,54978.0
63,219795_at,SLC6A14,11254.0
64,219785_s_at,C16orf95,100506581.0
65,219784_at,C16orf95,100506581.0
66,219754_at,RBM41,55285.0
67,219773_at,NOX4,50507.0
68,219768_at,VTCN1,79679.0
69,219751_at,SETD6,79918.0
70,219753_at,STAG3,10734.0
71,219812_at,PVRIG,79037.0
72,219744_at,FN3K,64122.0
73,219829_at,ITGB1BP2,26548.0
74,219803_at,ANGPTL3,27329.0
75,219749_at,SH2D4A,63898.0
76,219801_at,ZNF34,80778.0
77,219816_s_at,RBM23,55147.0
78,219808_at,SCLY,51540.0
79,219835_at,PRDM8,56978.0
80,219833_s_at,EFHC1,114327.0
81,219740_at,VASH2,79805.0
82,219806_s_at,SMCO4,56935.0
83,219757_s_at,TMEM260,54916.0
84,219759_at,ERAP2,64167.0
85,219834_at,CARF,79800.0
86,219747_at,NDNF,79625.0
87,219742_at,PRR7,80758.0
88,219760_at,LIN7B,64130.0
89,219826_at,ZNF419,79744.0
90,219790_s_at,NPR3,4883.0
91,219789_at,NPR3,4883.0
92,219752_at,RASAL1,8437.0
93,219781_s_at,ZNF771,51333.0
94,219782_s_at,ZNF771,51333.0
95,219745_at,MFSD13A,79847.0
96,219766_at,TGFB1,7040.0
97,219750_at,TMEM144,55314.0
98,219830_at,RAI1,10743.0
99,219807_x_at,RAB4B,53916.0
100,219802_at,PYROXD1,79912.0
101,219827_at,UCP3,7352.0
102,219774_at,CCDC93,54520.0
103,219758_at,IFT56,79989.0
104,219815_at,GAL3ST4,79690.0
105,219777_at,GIMAP6,474344.0
106,219797_at,MGAT4A,11320.0
107,219799_s_at,DHRS9,10170.0
108,219770_at,GTDC1,79712.0
0,219867_at,CHODL,140578.0
1,219878_s_at,KLF13,51621.0
2,219931_s_at,KLHL12P1,
3,219909_at,MMP28,79148.0
4,219921_s_at,DOCK5,80005.0
5,219845_at,BARX1,56033.0
6,219894_at,MAGEL2,54551.0
7,219927_at,FCF1,51077.0
8,219934_s_at,,
9,219884_at,LHX6,26468.0
10,219859_at,CLEC4E,26253.0
11,219857_at,PLEKHS1,79949.0
12,219842_at,ARL15,54622.0
13,219866_at,CLIC5,53405.0
14,219913_s_at,CRNKL1,51340.0
15,219855_at,NUDT11,55190.0
16,219839_x_at,TCL6,124903372.0
17,219840_s_at,TCL6,124903372.0
18,219883_at,KCNK4-CATSPERZ,106780802.0
19,219883_at,CATSPERZ,25858.0
20,219839_x_at,,
21,219916_s_at,RNF39,80352.0
22,219854_at,ZNF14,7561.0
23,219887_at,CCDC87,55231.0
24,219860_at,LY6G5C,80741.0
25,219871_at,KLF3-AS1,
26,219841_at,AICDA,57379.0
27,219936_s_at,GPR87,53836.0
28,219923_at,TRIM45,80263.0
29,219889_at,FRAT1,10023.0
30,219876_s_at,GOLGA2P5,
31,219935_at,ADAMTS5,11096.0
32,219928_s_at,CABYR,26256.0
33,219886_at,CEP97,79598.0
34,219911_s_at,SLCO4A1,28231.0
35,219933_at,GLRX2,51022.0
36,219906_at,EBLN2,55096.0
37,219880_at,TRIM52-AS1,100507602.0
38,219881_s_at,TRIM52-AS1,100507602.0
39,219880_at,TRIM52-AS1,101928649.0
40,219881_s_at,TRIM52-AS1,101928649.0
41,219934_s_at,SULT1E1,6783.0
42,219876_s_at,,
43,219865_at,,
44,219865_at,LINC00339,29092.0
45,219837_s_at,CYTL1,54360.0
46,219844_at,CCDC186,55088.0
47,219902_at,BHMT2,23743.0
48,219910_at,FICD,11153.0
49,219901_at,FGD6,55785.0
50,219848_s_at,ZNF432,9668.0
51,219897_at,RNF122,79845.0
52,219917_at,ZCCHC4,29063.0
53,219899_x_at,NDOR1,27158.0
54,219915_s_at,SLC16A10,117247.0
55,219893_at,CCDC71,64925.0
56,219895_at,TMEM255A,55026.0
57,219929_s_at,ZFYVE21,79038.0
58,219849_at,ZNF671,79891.0
59,219888_at,SPAG4,6676.0
60,219869_s_at,SLC39A8,64116.0
61,219874_at,SLC12A8,84561.0
62,219861_at,DNAJC17,55192.0
63,219900_s_at,ZNF446,55663.0
64,219892_at,TM6SF1,53346.0
65,219930_at,KLF8,11279.0
66,219924_s_at,,
67,219925_at,,
68,219851_at,ZNF613,79898.0
69,219908_at,DKK2,27123.0
70,219873_at,COLEC11,78989.0
71,219882_at,TTLL7,79739.0
72,219877_at,ZMAT4,79698.0
73,219904_at,ZSCAN5A,79149.0
74,219862_s_at,NARF,26502.0
75,219868_s_at,ANKFY1,51479.0
76,219838_at,TTC23,64927.0
77,219891_at,PGPEP1,54858.0
78,219924_s_at,TMEM35B,100506144.0
79,219918_s_at,ASPM,259266.0
80,219879_s_at,HROB,78995.0
81,219896_at,CALY,50632.0
82,219920_s_at,IP6K1,9807.0
83,219932_at,SLC27A6,28965.0
84,219907_at,FRS3,10817.0
85,219872_at,GASK1B,51313.0
86,219850_s_at,EHF,26298.0
87,219870_at,ATF7IP2,80063.0
88,219863_at,HERC5,51191.0
89,219864_s_at,RCAN3,11123.0
90,219853_at,FKRP,79147.0
91,219926_at,POPDC3,64208.0
92,219931_s_at,KLHL12,59349.0
93,219920_s_at,GMPPB,29925.0
94,219919_s_at,SSH3,54961.0
95,219914_at,ECEL1,9427.0
96,219890_at,CLEC5A,23601.0
97,219856_at,C1orf116,79098.0
98,219898_at,GPR85,54329.0
99,219905_at,ZNF691,51058.0
100,219885_at,SLFN12,55106.0
101,219847_at,HDAC11,79885.0
102,219922_s_at,LTBP3,4054.0
103,219858_s_at,MFSD6,54842.0
104,219852_s_at,MORN1,79906.0
105,219846_at,GON4L,54856.0
106,219843_at,IPP,3652.0
107,219925_at,ZMYM6,9204.0
108,219875_s_at,DESI2,51029.0
109,219905_at,ERMAP,114625.0
0,220001_at,PADI4,23569.0
1,219954_s_at,GBA3,57733.0
2,219967_at,MRM1,79922.0
3,219962_at,,
4,220010_at,KCNE5,23630.0
5,219978_s_at,,
6,220014_at,PRR16,51334.0
7,219973_at,ARSJ,79642.0
8,219979_s_at,HIKESHIP2,117751740.0
9,220016_at,AHNAK,79026.0
10,219941_at,,
11,219948_x_at,UGT2A3,79799.0
12,219993_at,SOX17,64321.0
13,219982_s_at,SERF1B,8293.0
14,219982_s_at,SERF1B,728492.0
15,219982_s_at,SERF1A,8293.0
16,220002_at,KIF26B,55083.0
17,219938_s_at,PSTPIP2,9050.0
18,219940_s_at,PCID2,55795.0
19,219963_at,DUSP13B,51207.0
20,219963_at,DUSP13A,128854680.0
21,219937_at,TRHDE,29953.0
22,219965_s_at,MAGIX,79917.0
23,219959_at,MOCOS,55034.0
24,220025_at,TBR1,10716.0
25,219947_at,,
26,219947_at,CLEC4A,50856.0
27,220005_at,P2RY13,53829.0
28,219989_s_at,ANKS1B,56899.0
29,220015_at,CASZ1,54897.0
30,220011_at,AUNIP,79000.0
31,220020_at,XPNPEP3,63929.0
32,219999_at,MAN2A2,4122.0
33,219969_at,TXLNG,55787.0
34,219972_s_at,PCNX4,64430.0
35,219981_x_at,ZNF587,84914.0
36,219943_s_at,USP46,64854.0
37,219994_at,APBB1IP,54518.0
38,220017_x_at,CYP2C9,1559.0
39,220024_s_at,PRX,57716.0
40,219985_at,HS3ST3A1,9955.0
41,220013_at,EPHX3,79852.0
42,219995_s_at,ZNF750,79755.0
43,220012_at,ERO1B,56605.0
44,219996_at,ASB7,140460.0
45,220003_at,LRRC36,55282.0
46,220018_at,CBLL1,79872.0
47,220029_at,ELOVL2,54898.0
48,220022_at,ZNF334,55713.0
49,220035_at,NUP210,23225.0
50,220010_at,ACSL4,2182.0
51,220028_at,ACVR2B,93.0
52,219962_at,ACE2,59272.0
53,219968_at,ZNF589,51385.0
54,219992_at,TAC3,6866.0
55,219977_at,AIPL1,23746.0
56,219979_s_at,HIKESHI,51501.0
57,220023_at,APOBR,55911.0
58,219961_s_at,KIZ,55857.0
59,220004_at,DDX43,55510.0
60,219958_at,TMEM74B,55321.0
61,219987_at,ERVMER34-1,100288413.0
62,219941_at,TMEM19,55266.0
63,219975_x_at,OLAH,55301.0
64,219951_s_at,DZANK1,55184.0
65,219946_x_at,MYH14,79784.0
66,220009_at,LONRF3,79836.0
67,220021_at,TMC7,79905.0
68,219945_at,DDX25,29118.0
69,219998_at,LGALSL,29094.0
70,220032_at,CPED1,79974.0
71,219952_s_at,MCOLN1,57192.0
72,220019_s_at,ZNF224,7767.0
73,220031_at,OTUD7B,56957.0
74,219971_at,IL21R,50615.0
75,219978_s_at,NUSAP1,51203.0
76,220034_at,IRAK3,11213.0
77,220006_at,EFCC1,79825.0
78,219986_s_at,ACAD10,80724.0
79,219974_x_at,ECHDC1,55862.0
80,219980_at,ABHD18,80167.0
81,220008_at,PEAK1,79834.0
82,219988_s_at,RNF220,55182.0
83,219955_at,L1TD1,54596.0
84,220000_at,SIGLEC5,8778.0
85,219949_at,LRRC2,79442.0
86,219942_at,MYL7,58498.0
87,219970_at,GIPC2,54810.0
88,220030_at,STYK1,55359.0
89,220027_s_at,RASIP1,54922.0
90,219991_at,SLC2A9,56606.0
91,219960_s_at,UCHL5,51377.0
92,219944_at,CLIP4,79745.0
93,219956_at,GALNT6,11226.0
94,219966_x_at,BANP,54971.0
95,219990_at,E2F8,79733.0
96,220036_s_at,LMBR1L,55716.0
97,219953_s_at,AKIP1,56672.0
98,219997_s_at,COPS7B,64708.0
99,219983_at,PLAAT1,57110.0
100,219984_s_at,PLAAT1,57110.0
101,220007_at,METTL8,79828.0
102,219957_at,LRRFIP1,9208.0
103,220033_at,CYB5RL,606495.0
104,219976_at,HOOK1,51361.0
105,220026_at,CLCA4,22802.0
106,219964_at,ST7L,54879.0
0,220091_at,SLC2A6,11182.0
1,220052_s_at,TINF2,26277.0
2,220130_x_at,NOP9,161424.0
3,220130_x_at,LTB4R2,56413.0
4,220130_x_at,LTB4R,1241.0
5,220129_at,SOHLH2,54937.0
6,220075_s_at,CDHR5,53841.0
7,220074_at,CDHR5,53841.0
8,220105_at,RSPH14,27156.0
9,220069_at,,
10,220062_s_at,MAGEC2,51438.0
11,220068_at,VPREB3,29802.0
12,220057_at,XAGE1A,653220.0
13,220057_at,XAGE1A,124908558.0
14,220065_at,TNMD,64102.0
15,220108_at,GNA14,9630.0
16,220038_at,C8orf44-SGK3,100533105.0
17,220067_at,SPTBN5,51332.0
18,220040_x_at,ZC4H2,55906.0
19,220119_at,EPB41L4A,64097.0
20,220120_s_at,EPB41L4A,64097.0
21,220112_at,ANKRD55,79722.0
22,220127_s_at,FBXL12,54850.0
23,220131_at,,
24,220110_s_at,NXF3,56000.0
25,220122_at,MCTP1,79772.0
26,220100_at,SLC22A11,55867.0
27,220114_s_at,STAB2,55576.0
28,220081_x_at,HSD17B7P2,
29,220116_at,KCNN2,3781.0
30,220057_at,XAGE1B,653067.0
31,220057_at,XAGE1B,124908558.0
32,220126_at,,
33,220126_at,PRSS50,29122.0
34,220054_at,IL23A,51561.0
35,220102_at,FOXL2,668.0
36,220132_s_at,CLEC2D,29121.0
37,220081_x_at,HSD17B7P2,158160.0
38,220084_at,CCDC198,55195.0
39,220111_s_at,ANO2,57101.0
40,220128_s_at,NIPAL2,79815.0
41,220125_at,DNAI1,27019.0
42,220089_at,L2HGDH,79944.0
43,220088_at,C5AR1,728.0
44,220113_x_at,POLR1B,84172.0
45,220059_at,STAP1,26228.0
46,220095_at,CNTLN,54875.0
47,220135_s_at,SLC7A9,11136.0
48,220053_at,GDF3,9573.0
49,220069_at,TUBA8,51807.0
50,220090_at,CRNN,49860.0
51,220118_at,ZBTB32,27033.0
52,220121_at,LINS1,55180.0
53,220099_s_at,FMC1-LUC7L2,100996928.0
54,220103_s_at,MRPS18C,51023.0
55,220044_x_at,LUC7L3,51747.0
56,220101_x_at,,
57,220082_at,PPP1R14D,54866.0
58,220037_s_at,LYVE1,10894.0
59,220045_at,NEUROD6,63974.0
60,220094_s_at,MCUR1,63933.0
61,220080_at,,
62,220086_at,IKZF5,64376.0
63,220109_at,TF,7018.0
64,220085_at,HELLS,3070.0
65,220107_s_at,ZC2HC1C,79696.0
66,220098_at,HYDIN,54768.0
67,220050_at,SPACA9,11092.0
68,220124_at,GAN,8139.0
69,220077_at,CCDC134,79879.0
70,220087_at,BCO1,53630.0
71,220106_at,NPC1L1,29881.0
72,220038_at,SGK3,23678.0
73,220061_at,ACSM5,54988.0
74,220092_s_at,ANTXR1,84168.0
75,220093_at,ANTXR1,84168.0
76,220072_at,CSPP1,79848.0
77,220070_at,KDM8,79831.0
78,220104_at,ZC3HAV1,56829.0
79,220042_x_at,HIVEP3,59269.0
80,220039_s_at,CDKAL1,54901.0
81,220055_at,ZNF287,57336.0
82,220056_at,IL22RA1,58985.0
83,220058_at,GID4,79018.0
84,220063_at,GSTCD,79807.0
85,220097_s_at,TMEM104,54868.0
86,220051_at,PRSS21,10942.0
87,220096_at,RNASET2,8635.0
88,220136_s_at,CRYBA2,1412.0
89,220049_s_at,PDCD1LG2,80380.0
90,220099_s_at,LUC7L2,51631.0
91,220133_at,ODAM,54959.0
92,220071_x_at,HAUS2,55142.0
93,220066_at,NOD2,64127.0
94,220076_at,ANKH,56172.0
95,220134_x_at,EVA1B,55194.0
96,220115_s_at,CDH10,1008.0
97,220080_at,FBXL8,55336.0
98,220083_x_at,UCHL5,51377.0
99,220043_s_at,MELTF,4241.0
100,220131_at,FXYD7,53822.0
101,220041_at,PIGZ,80235.0
102,220047_at,SIRT4,23409.0
103,220123_at,SLC35F5,80255.0
104,220073_s_at,PLEKHG6,55200.0
105,220046_s_at,CCNL1,57018.0
106,220117_at,ZNF385D,79750.0
107,220060_s_at,PARPBP,55010.0
108,220064_at,TTC21B,79809.0
109,220048_at,EDAR,10913.0
110,220078_at,USP48,84196.0
111,220079_s_at,USP48,84196.0
112,220081_x_at,HSD17B7,51478.0
0,220167_s_at,,102723655.0
1,220167_s_at,,102723713.0
2,220208_at,ADAMTS13,11093.0
3,220205_at,TPTE,7179.0
4,220205_at,TPTE,105379278.0
5,220200_s_at,KMT5AP1,
6,220196_at,MUC16,94025.0
7,220139_at,DNMT3L,29947.0
8,220142_at,HAPLN2,60484.0
9,220139_at,,
10,220189_s_at,MGAT4B,11282.0
11,220147_s_at,SINHCAF,58516.0
12,220205_at,,
13,220211_at,,79857.0
14,220233_at,FBXO17,115290.0
15,220227_at,CDH4,1002.0
16,220219_s_at,LRRC37A2,9884.0
17,220219_s_at,LRRC37A2,474170.0
18,220219_s_at,LRRC37A4P,
19,220220_at,LRRC37A4P,
20,220219_s_at,,
21,220220_at,,
22,220213_at,TSHZ2,128553.0
23,220217_x_at,SPANXB1,728695.0
24,220217_x_at,SPANXA2,728712.0
25,220146_at,TLR7,51284.0
26,220219_s_at,LRRC37A,9884.0
27,220219_s_at,LRRC37A3,374819.0
28,220217_x_at,SPANXA1,30014.0
29,220152_at,C10orf95,79946.0
30,220222_at,RBM12B-AS1,55472.0
31,220150_s_at,FAM184A,79632.0
32,220183_s_at,NUDT6,11162.0
33,220162_s_at,,
34,220165_at,INO80D,54891.0
35,220151_at,C19orf73,55150.0
36,220224_at,HAO1,54363.0
37,220184_at,NANOGP8,388112.0
38,220177_s_at,TMPRSS3,64699.0
39,220159_at,ZNF721,170960.0
40,220185_at,SPTBN4,57731.0
41,220159_at,ABCA11P,
42,220159_at,,79963.0
43,220210_at,CHRNA10,57053.0
44,220158_at,LGALS14,56891.0
45,220200_s_at,KMT5AP2,
46,220154_at,DST,667.0
47,220190_s_at,STON1-GTF2A1L,286749.0
48,220190_s_at,GTF2A1L,11036.0
49,220171_x_at,GPALPP1,55425.0
50,220195_at,MBD5,55777.0
51,220147_s_at,,
52,220221_at,VPS13D,55187.0
53,220191_at,GKN1,56287.0
54,220216_at,C8orf44,56260.0
55,220232_at,SCD5,79966.0
56,220173_at,BBOF1,80127.0
57,220163_s_at,HR,55806.0
58,220169_at,TMEM156,80008.0
59,220229_s_at,AP4E1,23431.0
60,220200_s_at,KMT5A,387893.0
61,220157_x_at,PLEKHA8P1,51054.0
62,220157_x_at,PLEKHA8P1,
63,220138_at,HAND1,9421.0
64,220166_at,CNNM1,26507.0
65,220188_at,JPH3,57338.0
66,220148_at,ALDH8A1,64577.0
67,220145_at,MAP9,79884.0
68,220199_s_at,,
69,220167_s_at,TP53TG3D,24150.0
70,220167_s_at,TP53TG3D,729264.0
71,220167_s_at,TP53TG3D,729355.0
72,220167_s_at,TP53TG3D,102723655.0
73,220167_s_at,TP53TG3D,102723713.0
74,220167_s_at,TP53TG3,24150.0
75,220167_s_at,TP53TG3,729264.0
76,220167_s_at,TP53TG3,729355.0
77,220167_s_at,TP53TG3,102723655.0
78,220167_s_at,TP53TG3,102723713.0
79,220180_at,CCDC68,80323.0
80,220167_s_at,TP53TG3F,102724127.0
81,220167_s_at,TP53TG3C,24150.0
82,220167_s_at,TP53TG3C,653550.0
83,220167_s_at,TP53TG3C,729264.0
84,220167_s_at,TP53TG3C,729355.0
85,220167_s_at,TP53TG3C,102723655.0
86,220167_s_at,TP53TG3C,102723713.0
87,220234_at,CA8,767.0
88,220207_at,YIF1B,90522.0
89,220167_s_at,TP53TG3E,102724101.0
90,220167_s_at,TP53TG3B,24150.0
91,220167_s_at,TP53TG3B,729264.0
92,220167_s_at,TP53TG3B,729355.0
93,220167_s_at,TP53TG3B,102723655.0
94,220167_s_at,TP53TG3B,102723713.0
95,220215_at,ZNF669,79862.0
96,220214_at,ZNF215,7762.0
97,220156_at,CLXN,79645.0
98,220198_s_at,EIF5A2,56648.0
99,220209_at,PYY2,
100,220219_s_at,LRRC37A17P,
101,220226_at,TRPM8,79054.0
102,220155_s_at,BRD9,65980.0
103,220209_at,,23615.0
104,220179_at,DPEP3,64180.0
105,220184_at,NANOG,79923.0
106,220149_at,MAB21L4,79919.0
107,220192_x_at,SPDEF,25803.0
108,220170_at,FHL5,9457.0
109,220144_s_at,ANKEF1,63926.0
110,220161_s_at,EPB41L4B,54566.0
111,220193_at,SH3D21,79729.0
112,220202_s_at,RC3H2,54542.0
113,220201_at,RC3H2,54542.0
114,220231_at,PPP1R17,10842.0
115,220176_at,NUBPL,80224.0
116,220225_at,IRX4,50805.0
117,220182_at,SLC25A23,79085.0
118,220197_at,ATP6V0A4,50617.0
119,220218_at,SPATA6L,55064.0
120,220199_s_at,AIDA,64853.0
121,220235_s_at,LRIF1,55791.0
122,220194_at,NSUN7,79730.0
123,220186_s_at,CDHR2,54825.0
124,220178_at,MFSD12,126321.0
125,220223_at,ATAD5,79915.0
126,220153_at,ENTPD7,57089.0
127,220143_x_at,LUC7L,55692.0
128,220162_s_at,CARD9,64170.0
129,220174_at,LRRC8E,80131.0
130,220236_at,PDPR,55066.0
131,220236_at,PDPR,124907803.0
132,220236_at,PDPR,128966601.0
133,220212_s_at,THADA,63892.0
134,220181_x_at,SLC30A5,64924.0
135,220230_s_at,CYB5R2,51700.0
136,220168_at,DNAI7,55259.0
137,220141_at,JHY,79864.0
138,220160_s_at,KPTN,11133.0
139,220137_at,VSIG10,54621.0
140,220140_s_at,SNX11,29916.0
141,220164_s_at,FBXO40,51725.0
142,220187_at,STEAP4,79689.0
143,220157_x_at,PLEKHA8,84725.0
144,220172_at,DCAF17,80067.0
145,220206_at,ZMYM1,79830.0
146,220203_at,BMP8A,353500.0
147,220204_s_at,BMP8A,353500.0
0,220270_at,RNF17,56163.0
1,220293_at,CATSPERB,79820.0
2,220297_at,BTBD7,55727.0
3,220311_at,HEMK2,29104.0
4,220314_at,HSFX1,100506164.0
5,220257_x_at,NXF2,56001.0
6,220325_at,TAF7L,54457.0
7,220314_at,HSFX2,100130086.0
8,220294_at,KCNV1,27012.0
9,220336_s_at,GP6,51206.0
10,220257_x_at,,
11,220257_x_at,NXF2B,728343.0
12,220304_s_at,CNGB3,54714.0
13,220253_s_at,LRP12,29967.0
14,220254_at,LRP12,29967.0
15,220284_at,DKKL1,27120.0
16,220281_at,SLC12A1,6557.0
17,220302_at,MAK,4117.0
18,220246_at,CAMK1D,57118.0
19,220245_at,SLC45A2,51151.0
20,220300_at,RGS3,5998.0
21,220247_at,KNL1,57082.0
22,220316_at,NPAS3,64067.0
23,220277_at,CXXC4,80319.0
24,220330_s_at,SAMSN1,64092.0
25,220276_at,RERGL,79785.0
26,220287_at,ADAMTS9,56999.0
27,220273_at,IL17B,27190.0
28,220303_at,NHERF4,79849.0
29,220275_at,,
30,220301_at,CCDC102B,79839.0
31,220291_at,GDPD2,54857.0
32,220240_s_at,TMCO3,55002.0
33,220241_at,TMCO3,55002.0
34,220278_at,KDM4D,55693.0
35,220282_at,RIC3,79608.0
36,220319_s_at,MYLIP,29116.0
37,220266_s_at,KLF4,9314.0
38,220263_at,SMAD5-AS1,9597.0
39,220308_at,CFAP45,25790.0
40,220283_at,HHIPL2,79802.0
41,220310_at,TUBAL3,79861.0
42,220256_s_at,OXCT2P1,
43,220322_at,IL36G,56300.0
44,220317_at,LRAT,9227.0
45,220286_at,MTMR10,54893.0
46,220324_at,LINC00472,79940.0
47,220272_at,BNC2,54796.0
48,220267_at,KRT24,192666.0
49,220275_at,CUZD1,50624.0
50,220327_at,VGLL3,389136.0
51,220331_at,CYP46A1,10858.0
52,220256_s_at,OXCT2,64064.0
53,220290_at,CRYBG2,55057.0
54,220289_s_at,CRYBG2,55057.0
55,220237_at,ATG3,64422.0
56,220323_at,CCNP,79935.0
57,220334_at,RGS17,26575.0
58,220313_at,GPR88,54112.0
59,220285_at,ABHD17B,51104.0
60,220250_at,ZNF286B,
61,220250_at,ZNF286B,729288.0
62,220252_x_at,TASL,80231.0
63,220335_x_at,CES3,23491.0
64,220288_at,MYO15A,51168.0
65,220328_at,PHC3,80012.0
66,220315_at,PARP11,57097.0
67,220248_x_at,NSFL1C,55968.0
68,220326_s_at,ARHGEF40,55701.0
69,220271_x_at,EFCAB6,64800.0
70,220305_at,MAVS,57506.0
71,220274_at,IQCA1,79781.0
72,220329_s_at,RMND1,55005.0
73,220306_at,TENT5C,54855.0
74,220279_at,TRIM17,51127.0
75,220307_at,CD244,51744.0
76,220333_at,PAQR5,54852.0
77,220260_at,TBC1D19,55296.0
78,220309_at,TTC22,55001.0
79,220250_at,ZNF286A,57335.0
80,220262_s_at,DLK2,65989.0
81,220251_at,UTP25,27042.0
82,220312_at,FAM83E,54854.0
83,220298_s_at,SPATA6,54558.0
84,220299_at,SPATA6,54558.0
85,220295_x_at,DEPDC1,55635.0
86,220255_at,FANCE,2178.0
87,220238_s_at,KLHL7,55975.0
88,220239_at,KLHL7,55975.0
89,220320_at,DOK3,79930.0
90,220259_at,PLEKHH3,79990.0
91,220321_s_at,CCDC121,79635.0
92,220249_at,HYAL4,23553.0
93,220318_at,SPATA20,64847.0
94,220244_at,LMCD1,29995.0
95,220242_x_at,ZNF701,55762.0
96,220243_at,ZBTB44,29068.0
97,220332_at,CLDN16,10686.0
98,220318_at,EPN3,55040.0
99,220279_at,TRIM11,81559.0
100,220292_at,ZSCAN32,54925.0
101,220261_s_at,ZDHHC4,55146.0
102,220269_at,ZBBX,79740.0
103,220258_s_at,WRAP53,55135.0
104,220280_s_at,ANKMY1,51281.0
0,220418_at,UBASH3A,53347.0
1,220390_at,AGBL2,79841.0
2,220354_at,MCF2L-AS1,
3,220341_s_at,MRNIP,51149.0
4,220377_at,FAM30A,9834.0
5,220388_at,FER1L4,
6,220420_at,,
7,220419_s_at,USP25,29761.0
8,220413_at,SLC39A2,29986.0
9,220410_s_at,CAMSAP1,157922.0
10,220409_at,CAMSAP1,157922.0
11,220382_s_at,ARHGAP28,79822.0
12,220381_at,ARHGAP28,79822.0
13,220400_at,,
14,220360_at,THAP9,79725.0
15,220436_at,,
16,220414_at,CALML5,51806.0
17,220400_at,VPS13B,157680.0
18,220393_at,LGSN,51557.0
19,220399_at,,
20,220372_at,DNAJC28,54943.0
21,220373_at,DCHS2,54798.0
22,220388_at,,
23,220343_at,PDE7B,27115.0
24,220337_at,NGB,58157.0
25,220362_at,PSORS1C1,170679.0
26,220394_at,FGF20,26281.0
27,220351_at,ACKR4P1,
28,220431_at,TMPRSS11E,28983.0
29,220398_at,RNU6-172P,
30,220422_at,UBQLN3,50613.0
31,220389_at,CCDC81,60494.0
32,220340_at,GREB1L,80000.0
33,220366_at,ELSPBP1,64100.0
34,220344_at,C11orf16,56673.0
35,220403_s_at,TP53AIP1,63970.0
36,220402_at,TP53AIP1,63970.0
37,220378_at,TCP11,6954.0
38,220412_x_at,KCNK7,10089.0
39,220433_at,PRRG3,79057.0
40,220426_at,FNDC11,79025.0
41,220423_at,PLA2G2D,26279.0
42,220425_x_at,ROPN1,54763.0
43,220345_at,LRRTM4,80059.0
44,220407_s_at,TGFB2,7042.0
45,220375_s_at,PITX1-AS1,100996485.0
46,220361_at,IQCH,64799.0
47,220353_at,FAM86DP,692099.0
48,220429_at,NDST3,9348.0
49,220411_x_at,PODNL1,79883.0
50,220408_x_at,SUPT20H,55578.0
51,220415_at,FPGT-TNNI3K,100526835.0
52,220427_at,OBSCN,84033.0
53,220364_at,EPB41L4A-DT,54508.0
54,220428_at,CD207,50489.0
55,220380_at,DNASE2B,58511.0
56,220365_at,ALLC,55821.0
57,220353_at,,
58,220385_at,JPH2,57158.0
59,220425_x_at,ROPN1B,152015.0
60,220432_s_at,CYP39A1,51302.0
61,220384_at,NME8,51314.0
62,220405_at,SNTG1,54212.0
63,220436_at,CNTNAP3,79937.0
64,220436_at,CNTNAP3,728577.0
65,220397_at,MDM1,56890.0
66,220379_at,FSCN3,29999.0
67,220427_at,LINC01806,
68,220353_at,FAM86B2,653333.0
69,220353_at,FAM86B2,128966622.0
70,220358_at,BATF3,55509.0
71,220339_s_at,TPSG1,25823.0
72,220352_x_at,,
73,220357_s_at,SGK2,10110.0
74,220417_s_at,THAP4,51078.0
75,220387_s_at,ANKRD13C-DT,11147.0
76,220420_at,LMAN1L,79748.0
77,220363_s_at,ELMO2,63916.0
78,220383_at,ABCG5,64240.0
79,220421_at,BTNL8,79908.0
80,220399_at,LINC00115,
81,220376_at,LRRC19,64922.0
82,220396_at,SLC35E3,55508.0
83,220338_at,RALGPS2,55103.0
84,220434_at,COQ8B,79934.0
85,220436_at,CNTNAP3B,728577.0
86,220350_at,ZNF235,9310.0
87,220359_s_at,ARPP21,10777.0
88,220435_at,SLC30A10,55532.0
89,220395_at,DNAJA4,55466.0
90,220424_at,NPHS2,7827.0
91,220392_at,EBF2,64641.0
92,220404_at,ADGRG3,222487.0
93,220368_s_at,PPP4R3A,55671.0
94,220369_at,PPP4R3A,55671.0
95,220416_at,ATP8B4,79895.0
96,220349_s_at,ENGASE,64772.0
97,220356_at,CORIN,10699.0
98,220398_at,GNPTAB,79158.0
99,220346_at,MTHFD2L,441024.0
100,220370_s_at,USP36,57602.0
101,220415_at,TNNI3K,51086.0
102,220351_at,ACKR4,51554.0
103,220355_s_at,PBRM1,55193.0
104,220391_at,ZBTB3,79842.0
105,220371_s_at,SLC12A9,56996.0
106,220342_x_at,EDEM3,80267.0
107,220430_at,FAM110D,79927.0
108,220386_s_at,EML4,27436.0
109,220348_at,KLHL29,114818.0
110,220367_s_at,SAP130,79595.0
0,220534_at,GRM5P1,
1,220534_at,GRM5P1,440040.0
2,220516_at,ZSCAN2,54993.0
3,220514_at,,
4,220506_at,GUCY1B2,2974.0
5,220459_at,MCM3AP-AS1,114044.0
6,220451_s_at,BIRC7,79444.0
7,220451_s_at,MIR3196,100423014.0
8,220478_at,APOL5,80831.0
9,220515_at,DUSP21,63904.0
10,220508_at,CCT8L2,150160.0
11,220449_at,KCNK15-AS1,79015.0
12,220452_x_at,,
13,220475_at,SLC28A3,64078.0
14,220493_at,DMRT1,1761.0
15,220498_at,ACTL7B,10880.0
16,220501_at,ACTL7A,10881.0
17,220507_s_at,UPB1,51733.0
18,220480_at,HAND2,9464.0
19,220513_at,,
20,220513_at,KHDC1L,100129128.0
21,220455_at,SLC16A8,23539.0
22,220474_at,SLC25A21,89874.0
23,220534_at,TRIM48,79097.0
24,220485_s_at,SIRPG,55423.0
25,220438_at,QPCTL,54814.0
26,220517_at,VPS13C,54832.0
27,220504_at,KERA,11081.0
28,220477_s_at,TMEM230P2,
29,220520_s_at,NUP62CL,54830.0
30,220471_s_at,MYCT1,80177.0
31,220468_at,ARL14,80117.0
32,220447_at,HRH3,11255.0
33,220437_at,ANGPTL8,55908.0
34,220534_at,TRIM49D1,399939.0
35,220534_at,TRIM49D2,729384.0
36,220440_at,LGALS13,29124.0
37,220445_s_at,CSAG3,389903.0
38,220445_s_at,CSAG3,102723547.0
39,220465_at,CEBPA-DT,80054.0
40,220477_s_at,,
41,220442_at,POC1B-GALNT4,100528030.0
42,220442_at,GALNT4,8693.0
43,220528_at,VNN3P,
44,220505_at,CDKN2A-AS1,
45,220450_at,SMAD1-AS2,101927659.0
46,220448_at,KCNK12,56660.0
47,220527_at,RN7SL657P,
48,220476_s_at,INKA2,55924.0
49,220481_at,GPR75,10936.0
50,220443_s_at,VAX2,25806.0
51,220483_s_at,RNF19A,25897.0
52,220519_s_at,LIM2,3982.0
53,220528_at,,55350.0
54,220509_at,RBM26,64062.0
55,220536_at,VRTN,55237.0
56,220491_at,HAMP,57817.0
57,220479_at,CPS1-IT1,29034.0
58,220441_at,DNAJC22,79962.0
59,220529_at,,
60,220470_at,BET1L,51272.0
61,220496_at,CLEC1B,51266.0
62,220499_at,FNDC8,54752.0
63,220473_s_at,ZCCHC4,29063.0
64,220454_s_at,SEMA6A,57556.0
65,220497_at,ZNF214,7761.0
66,220511_s_at,DLC1,10395.0
67,220512_at,DLC1,10395.0
68,220466_at,CCDC15,80071.0
69,220477_s_at,TMEM230,29058.0
70,220488_s_at,BCAS3,54828.0
71,220462_at,CSRNP3,80034.0
72,220486_x_at,TMEM164,84187.0
73,220456_at,SPTLC3,55304.0
74,220444_at,ZNF557,79230.0
75,220523_at,EFHC2,80258.0
76,220446_s_at,CHST4,10164.0
77,220482_s_at,SERGEF,26297.0
78,220461_at,PCNX2,80003.0
79,220460_at,SLCO1C1,53919.0
80,220526_s_at,MRPL20,55052.0
81,220527_at,MRPL20,55052.0
82,220487_at,SNTG2,54221.0
83,220495_s_at,TXNDC15,79770.0
84,220518_at,ABI3BP,25890.0
85,220457_at,SAMD4B,55095.0
86,220469_at,COPE,11316.0
87,220503_at,SLC13A1,6561.0
88,220502_s_at,SLC13A1,6561.0
89,220532_s_at,TMEM176B,28959.0
90,220535_at,FAM90A1,55138.0
91,220522_at,CRB1,23418.0
92,220510_at,RHBG,57127.0
93,220525_s_at,AUP1,550.0
94,220484_at,MCOLN3,55283.0
95,220521_s_at,ATG16L1,55054.0
0,220593_s_at,CCDC40,55036.0
1,220592_at,CCDC40,55036.0
2,220629_at,KCNQ1DN,55539.0
3,220605_s_at,SIRT2,22933.0
4,220626_at,SERPINA10,51156.0
5,220604_x_at,FTCD,10841.0
6,220548_at,PKDREJ,10343.0
7,220537_at,MTMR8,55613.0
8,220538_at,ADM2,79924.0
9,220549_at,FSBP,100861412.0
10,220552_at,TRPC5,7224.0
11,220580_at,BICC1,80114.0
12,220543_at,EPCIP,56245.0
13,220627_at,CST8,10047.0
14,220635_at,PSORS1C2,170680.0
15,220545_s_at,TSKS,60385.0
16,220544_at,TSKS,60385.0
17,220570_at,RETN,56729.0
18,220584_at,PRR36,80164.0
19,220595_at,PDZRN4,29951.0
20,220539_at,CFAP46,54777.0
21,220551_at,SLC17A6,57084.0
22,220588_at,BCAS4,55653.0
23,220608_s_at,,
24,220557_s_at,PACS1,55690.0
25,220597_s_at,,
26,220564_at,RNLS,55328.0
27,220541_at,MMP26,56547.0
28,220602_s_at,,
29,220561_at,IGF2-AS,51214.0
30,220614_s_at,ADGB,79747.0
31,220594_at,OGT,8473.0
32,220583_at,,
33,220630_s_at,CHIA,27159.0
34,220621_at,FOXE3,2301.0
35,220617_s_at,ZNF532,55205.0
36,220563_s_at,SHANK1,50944.0
37,220572_at,ANKRD42-DT,
38,220549_at,RAD54B,25788.0
39,220620_at,CRCT1,54544.0
40,220555_s_at,PDZD7,79955.0
41,220577_at,,
42,220577_at,GVINP1,387751.0
43,220619_at,CHD7,55636.0
44,220554_at,SLC22A7,10864.0
45,220565_at,CCR10,2826.0
46,220612_at,,
47,220601_at,PHAF1,80262.0
48,220586_at,CHD9,80205.0
49,220542_s_at,BPIFA1,51297.0
50,220573_at,KLK14,43847.0
51,220632_s_at,POMT2,29954.0
52,220607_x_at,NELFCD,51497.0
53,220559_at,EN1,2019.0
54,220562_at,CYP2W1,54905.0
55,220546_at,KMT2A,4297.0
56,220599_s_at,CARD14,79092.0
57,220598_at,CARD14,79092.0
58,220556_at,ATP1B4,23439.0
59,220579_at,,
60,220575_at,FAM106A,80039.0
61,220575_at,FAM106A,284047.0
62,220575_at,,
63,220628_s_at,SDK2,54549.0
64,220591_s_at,EFHC2,80258.0
65,220634_at,TBX4,9496.0
66,220585_at,HKDC1,80201.0
67,220622_at,LRRC31,79782.0
68,220578_at,ADAMTSL4,54507.0
69,220589_s_at,ITFG2,55846.0
70,220590_at,ITFG2,55846.0
71,220603_s_at,MCTP2,55784.0
72,220606_s_at,ADPRM,56985.0
73,220574_at,SEMA6D,80031.0
74,220587_s_at,MLST8,64223.0
75,220615_s_at,FAR2,55711.0
76,220553_s_at,PRPF39,55015.0
77,220566_at,PIK3R5,23533.0
78,220579_at,FAAP20,199990.0
79,220581_at,CCDC170,80129.0
80,220571_at,PRDM11,56981.0
81,220597_s_at,ARL6IP4,51329.0
82,220618_s_at,ZCWPW1,55063.0
83,220558_x_at,TSPAN32,10077.0
84,220625_s_at,ELF5,2001.0
85,220624_s_at,ELF5,2001.0
86,220560_at,C11orf21,29125.0
87,220613_s_at,SYTL2,54843.0
88,220636_at,DNAI2,64446.0
89,220631_at,OSGEPL1,64172.0
90,220576_at,PGAP1,80055.0
91,220611_at,DAB1,1600.0
92,220633_s_at,HP1BP3,50809.0
93,220567_at,IKZF2,22807.0
94,220623_s_at,TSGA10,80705.0
95,220596_at,NAXE,128240.0
0,220731_s_at,NECAP2,55707.0
1,220679_s_at,CDH7,1005.0
2,220673_s_at,PPP4R4,57718.0
3,220672_at,PPP4R4,57718.0
4,220705_s_at,ADAMTS7P1,
5,220698_at,LINC01711,79160.0
6,220665_at,LUZP4,51213.0
7,220681_at,PRR34,
8,220685_at,FAM120C,54954.0
9,220648_at,ADARB2,105.0
10,220701_at,LINC00216,55451.0
11,220670_at,,
12,220675_s_at,PNPLA3,80339.0
13,220716_at,GNL3LP1,
14,220695_at,,
15,220663_at,IL1RAPL1,11141.0
16,220683_at,RDH8,50700.0
17,220689_at,,
18,220709_at,ZNF556,80032.0
19,220641_at,,134826889.0
20,220705_s_at,ADAMTS7P4,
21,220668_s_at,DNMT3B,1789.0
22,220719_at,,
23,220641_at,NOX5,79400.0
24,220703_at,IDI2-AS1,55853.0
25,220660_at,LINC00474,
26,220646_s_at,KLRF1,51348.0
27,220653_at,ZIM2,23619.0
28,220707_s_at,FOXRED2,80020.0
29,220732_at,PREX2,80243.0
30,220639_at,TM4SF20,79853.0
31,220718_at,HEXA-AS1,80072.0
32,220671_at,NOCT,25819.0
33,220655_at,TNIP3,79931.0
34,220652_at,KIF24,347240.0
35,220714_at,PRDM14,63978.0
36,220649_at,AGBL3,340351.0
37,220669_at,OTUD4,54726.0
38,220651_s_at,MCM10,55388.0
39,220638_s_at,CBLC,23624.0
40,220657_at,KLHL11,55175.0
41,220687_at,TRRAP,8295.0
42,220676_at,ADAMTS8,11095.0
43,220677_s_at,ADAMTS8,11095.0
44,220711_at,MAML1,9794.0
45,220678_at,,
46,220716_at,ERCC8,1161.0
47,220717_at,ADAMTS20,80070.0
48,220640_at,CSNK1G1,53944.0
49,220654_at,,
50,220664_at,SPRR2C,
51,220647_s_at,COA4,51287.0
52,220664_at,,
53,220730_at,ZNF778,197320.0
54,220715_at,MC1R,4157.0
55,220650_s_at,SLC9A5,6553.0
56,220723_s_at,CWH43,80157.0
57,220724_at,CWH43,80157.0
58,220662_s_at,HEYL,26508.0
59,220643_s_at,FAIM,55179.0
60,220684_at,TBX21,30009.0
61,220674_at,CD22,933.0
62,220690_s_at,DHRS7B,25979.0
63,220693_at,CCDC82,79780.0
64,220686_s_at,PIWIL2,55124.0
65,220727_at,KCNK10,54207.0
66,220659_s_at,TRAPPC14,55262.0
67,220705_s_at,ADAMTS7,11173.0
68,220706_at,ADAMTS7,11173.0
69,220733_at,SLC26A1,10861.0
70,220688_s_at,MRTO4,51154.0
71,220721_at,ZNF614,80110.0
72,220692_at,RASA4B,100271927.0
73,220658_s_at,BMAL2,56938.0
74,220722_s_at,SLC5A7,60482.0
75,220735_s_at,SENP7,57337.0
76,220645_at,NXPE4,54827.0
77,220637_at,FAM124B,79843.0
78,220704_at,IKZF1,10320.0
79,220736_at,SLC19A3,80704.0
80,220734_s_at,CPTP,80772.0
81,220642_x_at,GPR89A,51463.0
82,220642_x_at,GPR89A,653519.0
83,220661_s_at,ZNF692,55657.0
84,220642_x_at,GPR89B,51463.0
85,220642_x_at,GPR89B,653519.0
86,220680_at,RAVER2,55225.0
0,220771_at,,
1,220771_at,,101928669.0
2,220771_at,,124907012.0
3,220788_s_at,RNF31,55072.0
4,220788_s_at,,
5,220779_at,PADI3,51702.0
6,220826_at,CFAP298-TCP10L,110091775.0
7,220821_at,GALR1,2587.0
8,220771_at,,101930100.0
9,220771_at,,102723347.0
10,220771_at,,105379428.0
11,220826_at,TCP10L,140290.0
12,220753_s_at,CRYL1,51084.0
13,220747_at,LINC00652,
14,220740_s_at,SLC12A6,9990.0
15,220759_at,EDDM3B,64184.0
16,220832_at,TLR8,51311.0
17,220777_at,KIF13A,63971.0
18,220762_s_at,GNB1L,54584.0
19,220793_at,SAGE1,55511.0
20,220815_at,CTNNA3,29119.0
21,220799_at,GCM2,9247.0
22,220776_at,KCNJ14,3770.0
23,220776_at,,
24,220813_at,CYSLTR2,57105.0
25,220783_at,MMP27,64066.0
26,220749_at,CCDC7,79741.0
27,220790_s_at,MS4A5,64232.0
28,220830_at,IMPG2,50939.0
29,220811_at,PRG3,10394.0
30,220819_at,FRMD1,79981.0
31,220791_x_at,SCN11A,11280.0
32,220772_at,BPESC1,60467.0
33,220824_at,,124906280.0
34,220755_s_at,SNHG32,50854.0
35,220738_s_at,RPS6KA6,27330.0
36,220752_at,PBX3-DT,
37,220836_at,ZNF407,55628.0
38,220835_s_at,ZNF407,55628.0
39,220781_at,DELEC1,50514.0
40,220766_at,BTG4,54766.0
41,220808_at,SPMAP2,51298.0
42,220817_at,TRPC4,7223.0
43,220818_s_at,TRPC4,7223.0
44,220780_at,PLA2G3,50487.0
45,220787_at,,
46,220828_s_at,LINC01949,
47,220748_s_at,ZNF580,51157.0
48,220745_at,IL19,29949.0
49,220797_at,METTL16,79066.0
50,220778_x_at,SEMA6B,10501.0
51,220831_at,GCNT4,51301.0
52,220802_at,KCNH4,23415.0
53,220807_at,HBQ1,3049.0
54,220792_at,PRDM5,11107.0
55,220785_at,UTS2,10911.0
56,220784_s_at,UTS2,10911.0
57,220810_at,CLCA3P,
58,220810_at,,9629.0
59,220806_x_at,GNG13,51764.0
60,220786_s_at,SLC38A4,55089.0
61,220770_s_at,FAM200C,63920.0
62,220812_s_at,HHLA2,11148.0
63,220742_s_at,NGLY1,55768.0
64,220801_s_at,HAO2,51179.0
65,220798_x_at,PLPPR3,79948.0
66,220757_s_at,UBXN6,80700.0
67,220800_s_at,TMOD3,29766.0
68,220773_s_at,GPHN,10243.0
69,220805_at,HRH2,3274.0
70,220804_s_at,TP73,7161.0
71,220795_s_at,BEGAIN,57596.0
72,220741_s_at,PPA2,27068.0
73,220760_x_at,ZNF665,79788.0
74,220768_s_at,CSNK1G3,1456.0
75,220751_s_at,FAXDC2,10826.0
76,220796_x_at,SLC35E1,79939.0
77,220758_s_at,ROBO4,54538.0
78,220739_s_at,CNNM3,26505.0
79,220746_s_at,UIMC1,51720.0
80,220816_at,LPAR3,23566.0
81,220794_at,GREM2,64388.0
82,220782_x_at,KLK12,43849.0
83,220761_s_at,TAOK3,51347.0
84,220775_s_at,UEVLD,55293.0
85,220756_s_at,SLC52A1,55065.0
86,220789_s_at,TBRG4,9238.0
87,220765_s_at,LIMS2,55679.0
88,220834_at,MS4A12,54860.0
89,220754_at,ARMC9,80210.0
90,220769_s_at,DNAI4,79819.0
91,220825_s_at,KIRREL1,55243.0
92,220829_s_at,B3GALT1,8708.0
93,220750_s_at,P3H1,64175.0
0,220908_at,CCDC33,80125.0
1,220844_at,ELOA2,51224.0
2,220915_s_at,,
3,220914_at,,
4,220930_s_at,LINC00390,79024.0
5,220931_at,LINC00390,79024.0
6,220930_s_at,LINC00390,100874377.0
7,220931_at,LINC00390,100874377.0
8,220922_s_at,SPANXB1,728695.0
9,220921_at,SPANXB1,728695.0
10,220922_s_at,SPANXC,64663.0
11,220922_s_at,SPANXA2,728712.0
12,220887_at,CCDC177,56936.0
13,220923_s_at,PNMA3,29944.0
14,220886_at,GABRQ,55879.0
15,220852_at,FOXN3-AS2,29018.0
16,220885_s_at,CPAP,55835.0
17,220922_s_at,SPANXA1,30014.0
18,220900_at,,
19,220902_at,,
20,220894_x_at,PRDM12,59335.0
21,220860_at,PURG,29942.0
22,220866_at,ADAMTS6,11174.0
23,220904_at,LINC00574,80069.0
24,220850_at,MORC1,27136.0
25,220927_s_at,HPSE2,60495.0
26,220936_s_at,H2AJ,55766.0
27,220929_at,,
28,220864_s_at,,
29,220928_s_at,PRDM16,63976.0
30,220881_at,,
31,220912_at,RN7SL724P,
32,220895_at,USP29,57663.0
33,220878_at,UGT2B10,7365.0
34,220867_s_at,SLC24A2,25769.0
35,220892_s_at,PSAT1,29968.0
36,220847_x_at,ZNF221,7638.0
37,220863_at,MIP,4284.0
38,220863_at,,
39,220871_at,,
40,220910_at,FRAS1,80144.0
41,220911_s_at,NYNRIN,57523.0
42,220909_at,TRIM46,80128.0
43,220849_at,,
44,220907_at,ADGRF1,266977.0
45,220890_s_at,APOLD1,81575.0
46,220846_s_at,PRKCZ-AS1,100506504.0
47,220929_at,GALNT8,26290.0
48,220888_s_at,CASS4,57091.0
49,220934_s_at,TMEM223,79064.0
50,220865_s_at,PDSS1,23590.0
51,220843_s_at,DCAF13,25879.0
52,220868_s_at,SLC7A10,56301.0
53,220920_at,ATP10B,23120.0
54,220841_s_at,AHI1,54806.0
55,220842_at,AHI1,54806.0
56,220849_at,GRAPL-AS1,
57,220849_at,,102724624.0
58,220864_s_at,NDUFA13,51079.0
59,220848_x_at,OBP2A,29991.0
60,220889_s_at,CA10,56934.0
61,220838_at,EXD3,54932.0
62,220890_s_at,DDX47,51202.0
63,220839_at,METTL5,29081.0
64,220935_s_at,CDK5RAP2,55755.0
65,220919_s_at,CFAP43,80217.0
66,220896_at,FBXL18,80028.0
67,220917_s_at,WDR19,57728.0
68,220924_s_at,SLC38A2,54407.0
69,220925_at,NAA35,60560.0
70,220933_s_at,TUT7,79670.0
71,220840_s_at,FIRRM,55732.0
72,220862_s_at,USP22,23326.0
73,220903_at,GFM1,85476.0
74,220845_at,ACOXL,55289.0
75,220934_s_at,NXF1,10482.0
76,220926_s_at,EDEM3,80267.0
0,220945_x_at,MANSC1,54682.0
1,220963_s_at,CPLANE2,79363.0
2,220959_s_at,OBP2B,29989.0
3,220962_s_at,PADI1,29943.0
4,221026_s_at,SCRT1,83482.0
5,220997_s_at,DIAPH3,81624.0
6,220957_at,CTAGE1,64693.0
7,221033_s_at,RNF17,56163.0
8,221005_s_at,PTDSS2,81490.0
9,220978_at,KRTAP1-3,81850.0
10,220976_s_at,KRTAP1-1,81851.0
11,220970_s_at,KRTAP2-4,85294.0
12,221017_s_at,LRRC3,81543.0
13,220972_s_at,KRTAP9-9,81870.0
14,221034_s_at,TEX13B,56156.0
15,220941_s_at,C21orf91,54149.0
16,221019_s_at,COLEC12,81035.0
17,220981_x_at,NXF2,56001.0
18,220981_x_at,,
19,220981_x_at,NXF2B,728343.0
20,221030_s_at,ARHGAP24,83478.0
21,220956_s_at,RAB4B-EGLN2,
22,220965_s_at,RSPH6A,81492.0
23,220998_s_at,UNC93B8,
24,221016_s_at,TCF7L1,83439.0
25,221027_s_at,,
26,221020_s_at,,
27,221021_s_at,CTNNBL1,56259.0
28,220982_s_at,SPACA1,81833.0
29,220971_at,IL25,64806.0
30,221020_s_at,SLC25A32,81034.0
31,221015_s_at,CDADC1,81602.0
32,221001_at,,
33,221011_s_at,LBH,81606.0
34,221004_s_at,ITM2C,81618.0
35,221013_s_at,APOL2,23780.0
36,220942_x_at,FAM162A,26355.0
37,220998_s_at,UNC93B4,
38,220989_s_at,AMN,81693.0
39,220996_s_at,SHCBP1L,81626.0
40,221027_s_at,PLA2G12A,81579.0
41,220951_s_at,A1CF,29974.0
42,221003_s_at,CAB39L,81617.0
43,221008_s_at,ETNPPL,64850.0
44,220983_s_at,NEAT1,283131.0
45,220960_x_at,RPL22P1,
46,220960_x_at,,
47,220988_s_at,C1QTNF3,114899.0
48,220998_s_at,UNC93B3,
49,220986_s_at,TIGD6,81789.0
50,221014_s_at,RAB33B,83452.0
51,220964_s_at,RAB1B,81876.0
52,220954_s_at,PILRB,29990.0
53,221032_s_at,TMPRSS5,80975.0
54,220944_at,PGLYRP4,57115.0
55,221012_s_at,TRIM8,81603.0
56,220987_s_at,NUAK2,81788.0
57,221031_s_at,APOLD1,81575.0
58,221036_s_at,APH1B,83464.0
59,220954_s_at,STAG3L5P-PVRIG2P-PILRB,101735302.0
60,220954_s_at,STAG3L5P-PVRIG2P-PILRB,101752399.0
61,221007_s_at,FIP1L1,81608.0
62,220993_s_at,GPR63,81491.0
63,220998_s_at,UNC93B2,
64,221022_s_at,PMFBP1,83449.0
65,220939_s_at,DPP8,54878.0
66,221025_x_at,PUS7L,83448.0
67,221024_s_at,SLC2A10,81031.0
68,220994_s_at,STXBP6,29091.0
69,220995_at,STXBP6,29091.0
70,220977_x_at,EPB41L5,57669.0
71,221028_s_at,GFOD2,81577.0
72,220979_s_at,ST6GALNAC5,81849.0
73,220959_s_at,OBP2A,29991.0
74,221018_s_at,TDRD1,56165.0
75,221000_s_at,KAZALD1,81621.0
76,220949_s_at,CYREN,78996.0
77,220980_s_at,ADPGK,83440.0
78,220984_s_at,SLCO5A1,81796.0
79,221010_s_at,SIRT5,23408.0
80,221023_s_at,KCNH6,81033.0
81,220937_s_at,ST6GALNAC4,27090.0
82,221035_s_at,TEX14,56155.0
83,220999_s_at,CYFIP2,26999.0
84,220973_s_at,SHARPIN,81858.0
85,220953_s_at,MTMR12,54545.0
86,220974_x_at,SFXN3,81855.0
87,220966_x_at,ARPC5L,81873.0
88,221006_s_at,SNX27,81609.0
89,220985_s_at,RNF170,81790.0
90,221009_s_at,ANGPTL4,51129.0
91,220967_s_at,ZNF696,79943.0
92,220960_x_at,RPL22,6146.0
93,220946_s_at,SETD2,29072.0
94,220947_s_at,TBC1D10B,26000.0
95,220952_s_at,PLEKHA5,54477.0
96,220956_s_at,EGLN2,112398.0
97,220955_x_at,RAB23,51715.0
98,221002_s_at,TSPAN14,81619.0
99,220938_s_at,GMEB1,10691.0
100,220975_s_at,C1QTNF1,114897.0
101,220992_s_at,TRMT1L,81627.0
102,220950_s_at,KANSL3,55683.0
103,220998_s_at,UNC93B1,81622.0
104,220948_s_at,ATP1A1,476.0
105,220990_s_at,VMP1,81671.0
106,220943_s_at,NDUFAF7,55471.0
107,221029_s_at,WNT5B,81029.0
108,220968_s_at,TSPAN9,10867.0
109,220961_s_at,TBRG4,9238.0
110,220991_s_at,RNF32,140545.0
0,221095_s_at,KCNE2,9992.0
1,221125_s_at,KCNMB3P1,
2,221125_s_at,,
3,221121_at,CT55,54967.0
4,221121_at,,
5,221124_s_at,VSX1,30813.0
6,221136_at,GDF2,2658.0
7,221072_at,GSN-AS1,57000.0
8,221119_at,ARHGEF38,54848.0
9,221085_at,TNFSF15,9966.0
10,221130_s_at,,
11,221093_at,BRD7P3,
12,221112_at,IL1RAPL2,26280.0
13,221134_at,ANGPT4,51378.0
14,221089_at,NOX3,50508.0
15,221100_at,C6orf15,29113.0
16,221075_s_at,NCR2,9436.0
17,221066_at,RXFP3,51289.0
18,221060_s_at,TLR4,7099.0
19,221114_at,AMBN,258.0
20,221118_at,PKD2L2,27039.0
21,221054_s_at,TCL6,124903372.0
22,221037_s_at,SLC25A31,83447.0
23,221044_s_at,TRIM6-TRIM34,445372.0
24,221102_s_at,TRPM6,140803.0
25,221103_s_at,CFAP44,55779.0
26,221107_at,CHRNA9,55584.0
27,221097_s_at,,10242.0
28,221061_at,PKD2L1,9033.0
29,221067_s_at,SPX,80763.0
30,221084_at,HTR3B,9177.0
31,221111_at,IL26,55801.0
32,221125_s_at,KCNMB3,27094.0
33,221104_s_at,NIPSNAP3B,55335.0
34,221109_at,LINC02809,100506571.0
35,221123_x_at,FBXO16,157574.0
36,221110_x_at,PDE11A,50940.0
37,221080_s_at,DENND1C,79958.0
38,221091_at,INSL5,10022.0
39,221094_s_at,ELP3,55140.0
40,221062_at,HS3ST3B1,9953.0
41,221077_at,ODAD2,55130.0
42,221087_s_at,APOL3,80833.0
43,221071_at,EIF3K,27335.0
44,221115_s_at,LENEP,55891.0
45,221131_at,A4GNT,51146.0
46,221042_s_at,CLMN,79789.0
47,221058_s_at,CKLF,51192.0
48,221058_s_at,CKLF-CMTM1,100529251.0
49,221069_s_at,,
50,221097_s_at,KCNMB2,10242.0
51,221057_at,SPATA1,100505741.0
52,221123_x_at,ZNF395,55893.0
53,221082_s_at,NDRG3,57446.0
54,221096_s_at,TMCO6,55374.0
55,221049_s_at,POLL,27343.0
56,221059_s_at,COTL1,23406.0
57,221113_s_at,WNT16,51384.0
58,221046_s_at,GTPBP8,29083.0
59,221064_s_at,UNKL,64718.0
60,221098_x_at,UTP14A,10813.0
61,221129_at,FAM215A,
62,221092_at,IKZF3,22806.0
63,221056_x_at,EPS15L1,58513.0
64,221079_s_at,METTL2B,55798.0
65,221039_s_at,ASAP1,50807.0
66,221081_s_at,DENND2D,79961.0
67,221050_s_at,GTPBP2,54676.0
68,221078_s_at,CCDC88A,55704.0
69,221069_s_at,TACO1,51204.0
70,221079_s_at,METTL2A,339175.0
71,221115_s_at,FLAD1,80308.0
72,221122_at,PLAAT2,54979.0
73,221128_at,ADAM19,8728.0
74,221126_at,USP47,55031.0
75,221127_s_at,USP47,55031.0
76,221041_s_at,SLC17A5,26503.0
77,221086_s_at,FEZF2,55079.0
78,221065_s_at,CHST8,64377.0
79,221068_at,KANK2,25959.0
80,221063_x_at,RNF123,63891.0
81,221073_s_at,NOD1,10392.0
82,221048_x_at,MTNAP1,55028.0
83,221051_s_at,NMRK2,27231.0
84,221133_s_at,CLDN18,51208.0
85,221132_at,CLDN18,51208.0
86,221090_s_at,OGFOD1,55239.0
87,221040_at,CAPN10,11132.0
88,221047_s_at,MARK1,4139.0
89,221040_at,GPR35,2859.0
90,221088_s_at,PPP1R9A,55607.0
91,221044_s_at,TRIM34,53840.0
92,221052_at,TDRKH,11022.0
93,221053_s_at,TDRKH,11022.0
94,221135_s_at,ASTE1,28990.0
95,221045_s_at,PER3,8863.0
96,221083_at,KCNQ4,9132.0
0,221179_at,PRORY,
1,221188_s_at,CIDEB,27141.0
2,221211_s_at,MAP3K7CL,56911.0
3,221215_s_at,RIPK4,54101.0
4,221167_s_at,CCDC70,83446.0
5,221170_at,HRH4,59340.0
6,221169_s_at,HRH4,59340.0
7,221207_s_at,NBEA,26960.0
8,221198_at,SCT,6343.0
9,221209_s_at,OTOR,56914.0
10,221148_at,,
11,221196_x_at,BRCC3,79184.0
12,221183_at,PARM1-AS1,100507388.0
13,221160_s_at,CABP5,56344.0
14,221162_at,HHLA1,10086.0
15,221199_at,GFRA4,64096.0
16,221197_s_at,CHAT,1103.0
17,221150_at,MEPE,56955.0
18,221154_at,TRIM49,57093.0
19,221143_at,RPA4,29935.0
20,221166_at,FGF23,8074.0
21,221200_at,,
22,221159_at,,
23,221151_at,PRDM9,56979.0
24,221190_s_at,RMC1,29919.0
25,221158_at,PAXBP1,94104.0
26,221161_at,ASCL3,56676.0
27,221237_s_at,OSBP2,23762.0
28,221154_at,TRIM49C,642612.0
29,221154_at,TRIM49B,283116.0
30,221165_s_at,IL22,50616.0
31,221208_s_at,MSANTD2,79684.0
32,221177_at,MIA2,4253.0
33,221226_s_at,ASIC4,55515.0
34,221180_at,MAP3K19,80122.0
35,221149_at,C5AR2,27202.0
36,221222_s_at,C1orf56,54964.0
37,221168_at,PRDM13,59336.0
38,221164_x_at,,
39,221175_at,C3orf36,80111.0
40,221171_at,CCDC30,728621.0
41,221223_x_at,CISH,1154.0
42,221213_s_at,ZNF280D,54816.0
43,221164_x_at,CHST5,23563.0
44,221140_s_at,GPR132,29933.0
45,221217_s_at,RBFOX1,54715.0
46,221206_at,,
47,221172_at,PKD1L1-AS1,80099.0
48,221147_x_at,WWOX,51741.0
49,221221_s_at,KLHL3,26249.0
50,221191_at,,
51,221203_s_at,YEATS2,55689.0
52,221156_x_at,CCPG1,9236.0
53,221163_s_at,MLXIPL,51085.0
54,221194_s_at,TBC1D3P1-DHX40P1,653645.0
55,221195_at,TBC1D3P1-DHX40P1,653645.0
56,221157_s_at,FBXO24,26261.0
57,221142_s_at,PECR,55825.0
58,221236_s_at,STMN4,81551.0
59,221206_at,PMS2,5395.0
60,221182_at,MROH9,80133.0
61,221139_s_at,CSAD,51380.0
62,221214_s_at,NSMF,26012.0
63,221233_s_at,FAM135A,57579.0
64,221159_at,C3,718.0
65,221141_x_at,EPN1,29924.0
66,221231_s_at,NRDE2,55051.0
67,221194_s_at,RNFT1,51136.0
68,221195_at,RNFT1,51136.0
69,221187_s_at,FUZ,80199.0
70,221220_s_at,SCYL2,55681.0
71,221232_s_at,ANKRD2,26287.0
72,221204_s_at,CRTAC1,55118.0
73,221227_x_at,COQ3,51805.0
74,221206_at,RSPH10B,222967.0
75,221206_at,RSPH10B,728194.0
76,221193_s_at,ZCCHC10,54819.0
77,221234_s_at,BACH2,60468.0
78,221206_at,RSPH10B2,222967.0
79,221206_at,RSPH10B2,728194.0
80,221218_s_at,TPK1,27010.0
81,221201_s_at,ZNF155,7711.0
82,221229_s_at,TRMT61B,55006.0
83,221224_s_at,DCAKD,79877.0
84,221225_at,DCAKD,79877.0
85,221219_s_at,KLHDC4,54758.0
86,221185_s_at,IQCG,84223.0
87,221189_s_at,TARS2,80222.0
88,221212_x_at,PBRM1,55193.0
89,221210_s_at,NPL,80896.0
90,221216_s_at,SCMH1,22955.0
91,221152_at,COL8A1,1295.0
92,221230_s_at,ARID4B,51742.0
93,221235_s_at,TGFBRAP1,9392.0
0,221241_s_at,BCL2L14,79370.0
1,221328_at,CLDN17,26285.0
2,221288_at,GPR22,2845.0
3,221303_at,PCDHB1,29930.0
4,221317_x_at,PCDHB6,56130.0
5,221319_at,PCDHB8,56128.0
6,221295_at,CIDEA,1149.0
7,221284_s_at,SRC,6714.0
8,221268_s_at,SGPP1,81537.0
9,221310_at,FGF14,2259.0
10,221327_s_at,OPN1LW,5956.0
11,221327_s_at,OPN1MW,2652.0
12,221259_s_at,TEX11,56159.0
13,221327_s_at,OPN1MW2,728458.0
14,221327_s_at,OPN1MW3,101060233.0
15,221253_s_at,BLOC1S5-TXNDC5,
16,221320_at,GNB5,10681.0
17,221294_at,GPR21,2844.0
18,221266_s_at,DCSTAMP,81501.0
19,221337_s_at,ADAM29,11086.0
20,221320_at,BCL2L10,10017.0
21,221262_s_at,SLC2A11,66035.0
22,221286_s_at,MZB1,51237.0
23,221271_at,IL21,59067.0
24,221332_at,BMP15,9210.0
25,221324_at,TAS2R1,50834.0
26,221301_at,VWA7,80737.0
27,221336_at,ATOH1,474.0
28,221314_at,GDF9,2661.0
29,221240_s_at,B3GNT4,79369.0
30,221306_at,GPR27,2850.0
31,221296_at,TECTA,7007.0
32,221296_at,TECTA,116804918.0
33,221315_s_at,FGF22,27006.0
34,221307_at,KCNIP1,30820.0
35,221329_at,OR52A1,23538.0
36,221299_at,GPR173,54328.0
37,221263_s_at,SF3B5,83443.0
38,221334_s_at,FOXP3,50943.0
39,221333_at,FOXP3,50943.0
40,221300_at,NPAP1,23742.0
41,221318_at,NEUROD4,58158.0
42,221316_at,CATSPERG,57828.0
43,221297_at,GPRC5D,55507.0
44,221305_s_at,UGT1A9,54600.0
45,221251_x_at,INO80B,83444.0
46,221251_x_at,INO80B-WBP1,
47,221252_s_at,GSG1,83445.0
48,221313_at,GPR52,9293.0
49,221305_s_at,UGT1A8,54576.0
50,221267_s_at,ABHD17AP1,
51,221273_s_at,RNF208,727800.0
52,221331_x_at,CTLA4,1493.0
53,221246_x_at,TNS1,7145.0
54,221289_at,DLX6,1750.0
55,221249_s_at,FAM117A,81558.0
56,221248_s_at,NSD3,54904.0
57,221282_x_at,RUNX2,860.0
58,221279_at,GDAP1,54332.0
59,221250_s_at,MXD3,83463.0
60,221302_at,KLF15,28999.0
61,221322_at,NPVF,64111.0
62,221261_x_at,MAGED4,728239.0
63,221258_s_at,KIF18A,81930.0
64,221254_s_at,PITPNM3,83394.0
65,221321_s_at,KCNIP2,30819.0
66,221242_at,,
67,221311_x_at,LYRM2,57226.0
68,221277_s_at,PUS3,83480.0
69,221267_s_at,ABHD17AP6,
70,221267_s_at,CCDC144NL-AS1,339260.0
71,221267_s_at,CCDC144NL-AS1,440416.0
72,221267_s_at,ABHD17AP3,
73,221267_s_at,,
74,221293_s_at,DEF6,50619.0
75,221261_x_at,MAGED4B,81557.0
76,221257_x_at,FBXO38,81545.0
77,221275_s_at,TMEM101,84336.0
78,221290_s_at,PWWP3A,84939.0
79,221253_s_at,TXNDC5,81567.0
80,221238_at,HMGN5,79366.0
81,221278_at,HOXB8,3218.0
82,221325_at,KCNK13,56659.0
83,221255_s_at,EMC6,83460.0
84,221312_at,GLP2R,9340.0
85,221265_s_at,INTS14,81556.0
86,221291_at,ULBP2,80328.0
87,221285_at,ST8SIA2,8128.0
88,221292_at,PTCH2,8643.0
89,221270_s_at,QTRT1,81890.0
90,221245_s_at,FZD5,7855.0
91,221298_s_at,SLC22A8,9376.0
92,221326_s_at,TUBD1,51174.0
93,221308_at,FRS2,10818.0
94,221323_at,ULBP1,80329.0
95,221256_s_at,HDHD3,81932.0
96,221267_s_at,ABHD17A,81926.0
97,221280_s_at,PARD3,56288.0
98,221269_s_at,SH3BGRL3,83442.0
99,221335_x_at,SMG9,56006.0
100,221260_s_at,CSRNP2,81566.0
101,221247_s_at,RCC1L,81554.0
102,221287_at,RNASEL,6041.0
103,221276_s_at,SYNC,81493.0
104,221330_at,CHRM2,1129.0
105,221272_s_at,C1orf21,81563.0
106,221239_s_at,FCRL2,79368.0
107,221264_s_at,TARDBP,23435.0
108,221274_s_at,LMAN2L,81562.0
0,221419_s_at,,
1,221410_x_at,PCDHB2,56133.0
2,221408_x_at,PCDHB11,56125.0
3,221408_x_at,PCDHB12,56124.0
4,221410_x_at,PCDHB3,56132.0
5,221346_at,OR10J1,26476.0
6,221396_at,TAS2R7,50837.0
7,221398_at,TAS2R8,50836.0
8,221397_at,TAS2R10,50839.0
9,221395_at,TAS2R13,50838.0
10,221391_at,TAS2R14,50840.0
11,221391_at,TAS2R14,106707243.0
12,221414_s_at,DEFB126,81623.0
13,221377_s_at,RBPJL,11317.0
14,221370_at,ZNF73P,
15,221365_at,MLNR,2862.0
16,221390_s_at,MTMR8,55613.0
17,221358_at,NPBWR2,2832.0
18,221374_at,FGF16,8823.0
19,221354_s_at,MCHR1,2847.0
20,221349_at,VPREB1,7441.0
21,221367_at,MOS,4342.0
22,221421_s_at,ADAMTS12,81792.0
23,221347_at,CHRM5,1133.0
24,221425_s_at,ISCA1,81689.0
25,221376_at,FGF17,8822.0
26,221409_at,OR2S2,56656.0
27,221425_s_at,ISCA1P1,
28,221422_s_at,MIR600HG,81571.0
29,221422_s_at,MIR600,693185.0
30,221378_at,CER1,9350.0
31,221412_at,,
32,221387_at,NPFFR1,64106.0
33,221394_at,TAAR2,9287.0
34,221351_at,HTR1A,3350.0
35,221433_at,FGF21,26291.0
36,221381_s_at,MORF4,
37,221429_x_at,TEX13A,56157.0
38,221406_s_at,MSH5,4439.0
39,221403_s_at,INSL6,11172.0
40,221406_s_at,MSH5-SAPCD1,
41,221342_at,MPIG6B,80739.0
42,221364_at,GRID2,2895.0
43,221344_at,OR12D2,26529.0
44,221431_s_at,OR12D3,81797.0
45,221369_at,MTNR1A,4543.0
46,221407_at,GJD2,57369.0
47,221366_at,NKX6-1,4825.0
48,221339_at,OR10C1,442194.0
49,221418_s_at,MED16,10025.0
50,221417_x_at,S1PR5,53637.0
51,221373_x_at,PSPN,5623.0
52,221360_s_at,GHSR,2693.0
53,221343_at,OR11A1,26531.0
54,221361_at,OMP,4975.0
55,221382_at,OR2N1P,
56,221372_s_at,P2RX2,22953.0
57,221356_x_at,P2RX2,22953.0
58,221406_s_at,SAPCD1,401251.0
59,221424_s_at,OR51E2,81285.0
60,221340_at,CDX4,1046.0
61,221382_at,,
62,221393_at,TAAR3P,
63,221425_s_at,ISCA1P6,
64,221338_at,LY6G6E,
65,221385_s_at,GPR42,2866.0
66,221345_at,FFAR2,2867.0
67,221350_at,HOXC8,3224.0
68,221355_at,CHRNG,1146.0
69,221383_at,NMUR1,10316.0
70,221415_s_at,,
71,221415_s_at,GJA9,81025.0
72,221411_at,HOXD12,3238.0
73,221412_at,VN1R1,57191.0
74,221416_at,PLA2G2F,64600.0
75,221389_at,PLA2G2E,30814.0
76,221404_at,IL36A,27179.0
77,221434_s_at,SLIRP,81892.0
78,221363_x_at,GPR25,2848.0
79,221393_at,,
80,221359_at,GDNF,2668.0
81,221399_at,EDA2R,60401.0
82,221371_at,TNFSF18,8995.0
83,221392_at,TAS2R4,50832.0
84,221341_s_at,OR1D5,8386.0
85,221341_s_at,OR1D5,653166.0
86,221400_at,MYO3A,53904.0
87,221357_at,CHRM4,1132.0
88,221381_s_at,MORF4L1P1,
89,221388_at,OR1A1,8383.0
90,221362_at,HTR5A,3361.0
91,221375_at,OR1G1,8390.0
92,221430_s_at,RNF146,81847.0
93,221368_at,NEU2,4759.0
94,221341_s_at,,
95,221353_at,OR3A1,4994.0
96,221436_s_at,CDCA3,83461.0
97,221426_s_at,OR3A3,8392.0
98,221341_s_at,OR1D4,653166.0
99,221402_at,OR1F1,4992.0
100,221381_s_at,MORF4L1,10933.0
101,221423_s_at,YIPF5,81555.0
102,221437_s_at,MRPS15,64960.0
103,221384_at,UCP1,7350.0
104,221427_s_at,CCNL2,81669.0
105,221432_s_at,SLC25A28,81894.0
106,221385_s_at,FFAR3,2865.0
107,221413_at,KCNAB3,9196.0
108,221386_at,OR3A2,4995.0
109,221428_s_at,TBL1XR1,79718.0
110,221348_at,NPPC,4880.0
111,221435_x_at,HYI,81888.0
0,221450_x_at,PCDHB13,56123.0
1,221513_s_at,UTP14C,9724.0
2,221467_at,MC4R,4160.0
3,221513_s_at,ALG11,440138.0
4,221461_at,TAS2R9,50835.0
5,221494_x_at,EIF3K,27335.0
6,221442_at,MC3R,4159.0
7,221455_s_at,WNT3,7473.0
8,221455_s_at,WNT3,101929777.0
9,221441_at,GSC2,2928.0
10,221501_x_at,NPIPA6,131675794.0
11,221501_x_at,NPIPA7,101059938.0
12,221511_x_at,DNAAF4-CCPG1,100533483.0
13,221487_s_at,ENSAP2,
14,221475_s_at,RPL15P2,
15,221466_at,P2RY4,5030.0
16,221448_s_at,TEX15,56154.0
17,221469_at,GPR32,2854.0
18,221475_s_at,RPL15P14,
19,221453_at,G6PC2,57818.0
20,221493_at,TSPYL1,7259.0
21,221517_s_at,,
22,221457_s_at,BTNL2,56244.0
23,221534_at,C11orf68,83638.0
24,221459_at,TAAR5,9038.0
25,221496_s_at,TOB2,10766.0
26,221451_s_at,OR2W1,26692.0
27,221503_s_at,KPNA3,3839.0
28,221502_at,KPNA3,3839.0
29,221484_at,B4GALT5,9334.0
30,221485_at,B4GALT5,9334.0
31,221452_s_at,TMEM14DP,
32,221488_s_at,CUTA,51596.0
33,221537_at,PLXNA1,5361.0
34,221533_at,FAM162A,26355.0
35,221475_s_at,RPL15P3,
36,221475_s_at,RPL15P7,
37,221475_s_at,,
38,221497_x_at,,
39,221478_at,BNIP3L,665.0
40,221479_s_at,BNIP3L,665.0
41,221468_at,XCR1,2829.0
42,221446_at,ADAM30,11085.0
43,221456_at,TAS2R3,50831.0
44,221474_at,MYL12B,103910.0
45,221501_x_at,NPIPA5,100288332.0
46,221460_at,OR2C1,4993.0
47,221438_s_at,TEX12,56158.0
48,221499_s_at,STX16,8675.0
49,221500_s_at,STX16,8675.0
50,221464_at,OR1D2,4991.0
51,221458_at,HTR1F,3355.0
52,221445_at,OR1A2,26189.0
53,221492_s_at,ATG3,64422.0
54,221501_x_at,NPIPA3,642778.0
55,221501_x_at,NPIPA3,642799.0
56,221501_x_at,NPIPB3,23117.0
57,221501_x_at,NPIPB11,728888.0
58,221480_at,HNRNPD,3184.0
59,221481_x_at,HNRNPD,3184.0
60,221444_at,TAS2R16,50833.0
61,221501_x_at,NPIPA8,101059953.0
62,221501_x_at,,
63,221501_x_at,NPIPP1,
64,221475_s_at,RPL15,6138.0
65,221476_s_at,RPL15,6138.0
66,221501_x_at,NPIPA9,105376752.0
67,221536_s_at,LSG1,55341.0
68,221535_at,LSG1,55341.0
69,221452_s_at,TMEM14B,81853.0
70,221501_x_at,NPIPB5,100132247.0
71,221501_x_at,,105369154.0
72,221443_x_at,PRLH,51052.0
73,221524_s_at,RRAGD,58528.0
74,221523_s_at,RRAGD,58528.0
75,221501_x_at,NPIPB2,729978.0
76,221519_at,FBXW4,6468.0
77,221516_s_at,MIEF1,54471.0
78,221513_s_at,UTP14A,10813.0
79,221514_at,UTP14A,10813.0
80,221511_x_at,CCPG1,9236.0
81,221477_s_at,SOD2,6648.0
82,221528_s_at,ELMO2,63916.0
83,221470_s_at,IL37,27178.0
84,221440_s_at,RBBP9,10741.0
85,221521_s_at,GINS2,51659.0
86,221473_x_at,SERINC3,10955.0
87,221472_at,SERINC3,10955.0
88,221471_at,SERINC3,10955.0
89,221501_x_at,NPIPB13,613037.0
90,221501_x_at,NPIPB12,440353.0
91,221504_s_at,ATP6V1H,51606.0
92,221517_s_at,MED17,9440.0
93,221482_s_at,ARPP19,10776.0
94,221483_s_at,ARPP19,10776.0
95,221489_s_at,SPRY4,81848.0
96,221531_at,SKIC8,80349.0
97,221532_s_at,SKIC8,80349.0
98,221449_s_at,ITFG1,81533.0
99,221495_s_at,TCF25,22980.0
100,221512_at,TMEM222,84065.0
101,221525_at,ZMIZ2,83637.0
102,221462_x_at,KLK15,55554.0
103,221498_at,SNX27,81609.0
104,221518_s_at,USP47,55031.0
105,221515_s_at,LCMT1,51451.0
106,221490_at,UBAP1,51271.0
107,221447_s_at,GLT8D2,83468.0
108,221506_s_at,TNPO2,30000.0
109,221507_at,TNPO2,30000.0
110,221527_s_at,PARD3,56288.0
111,221526_x_at,PARD3,56288.0
112,221520_s_at,CDCA8,55143.0
113,221501_x_at,NPIPA2,642799.0
114,221529_s_at,PLVAP,83483.0
115,221501_x_at,NPIPB4,440345.0
116,221522_at,ANKRD27,84079.0
117,221530_s_at,BHLHE41,79365.0
118,221510_s_at,GLS,2744.0
119,221487_s_at,ENSA,2029.0
120,221486_at,ENSA,2029.0
121,221501_x_at,NPIPA1,9284.0
122,221501_x_at,NPIPA1,105376752.0
123,221509_at,DENR,8562.0
124,221463_at,CCL24,6369.0
125,221497_x_at,EGLN1,54583.0
126,221505_at,ANP32E,81611.0
0,221607_x_at,ACTG1,71.0
1,221582_at,H2AC25,92815.0
2,221614_s_at,RPH3AL,9501.0
3,221638_s_at,STX16-NPEPL1,
4,221631_at,CACNA1I,8911.0
5,221564_at,PRMT2,3275.0
6,221629_x_at,HGH1,51236.0
7,221632_s_at,WDR4,10785.0
8,221627_at,TRIM10,10107.0
9,221540_x_at,GTF2H2,2966.0
10,221540_x_at,GTF2H2,728340.0
11,221624_at,TCL6,124903372.0
12,221540_x_at,GTF2H2C_2,730394.0
13,221545_x_at,MED16,10025.0
14,221630_s_at,DDX4,54514.0
15,221540_x_at,GTF2H2B,
16,221577_x_at,GDF15,9518.0
17,221622_s_at,TMEM126B,55863.0
18,221637_s_at,C11orf98,102288414.0
19,221583_s_at,KCNMA1,3778.0
20,221584_s_at,KCNMA1,3778.0
21,221579_s_at,RPS10-NUDT3,100529239.0
22,221637_s_at,LBHD1,79081.0
23,221538_s_at,PLXNA1,5361.0
24,221626_at,ZNF506,440515.0
25,221540_x_at,,
26,221575_at,UBE2F-SCLY,
27,221612_at,LRTM1,57408.0
28,221568_s_at,LIN7C,55327.0
29,221587_s_at,FAM174C,55009.0
30,221587_s_at,FAM174C,
31,221550_at,COX15,1355.0
32,221553_at,MAGT1,84061.0
33,221609_s_at,WNT6,7475.0
34,221633_at,NCAPH2,29781.0
35,221573_at,,
36,221621_at,SNHG20,654434.0
37,221638_s_at,STX16,8675.0
38,221556_at,CDC14B,8555.0
39,221555_x_at,CDC14B,8555.0
40,221597_s_at,TMEM208,29100.0
41,221539_at,EIF4EBP1,1978.0
42,221554_at,,
43,221560_at,MARK4,57787.0
44,221579_s_at,NUDT3,11165.0
45,221549_at,GRWD1,83743.0
46,221595_at,RBM48,84060.0
47,221596_s_at,RBM48,84060.0
48,221569_at,AHI1,54806.0
49,221580_s_at,TAF1D,79101.0
50,221603_at,PEX16,9409.0
51,221604_s_at,PEX16,9409.0
52,221598_s_at,MED27,9442.0
53,221639_x_at,,
54,221605_s_at,PIPOX,51268.0
55,221562_s_at,SIRT3,23410.0
56,221628_s_at,GLYR1,84656.0
57,221586_s_at,E2F5,1875.0
58,221571_at,TRAF3,7187.0
59,221557_s_at,LEF1,51176.0
60,221558_s_at,LEF1,51176.0
61,221606_s_at,HMGN5,79366.0
62,221544_s_at,MED16,10025.0
63,221600_s_at,AAMDC,28971.0
64,221599_at,AAMDC,28971.0
65,221578_at,RASSF4,83937.0
66,221620_s_at,APOO,79135.0
67,221551_x_at,ST6GALNAC4,27090.0
68,221541_at,CRISPLD2,83716.0
69,221618_s_at,TAF9B,51616.0
70,221542_s_at,ERLIN2,11160.0
71,221543_s_at,ERLIN2,11160.0
72,221585_at,CACNG4,27092.0
73,221566_s_at,NOL3,8996.0
74,221567_at,NOL3,8996.0
75,221591_s_at,PIMREG,54478.0
76,221589_s_at,ALDH6A1,4329.0
77,221588_x_at,ALDH6A1,4329.0
78,221590_s_at,ALDH6A1,4329.0
79,221592_at,RPL31,6160.0
80,221593_s_at,RPL31,6160.0
81,221570_s_at,METTL5,29081.0
82,221575_at,SCLY,51540.0
83,221623_at,BCAN,63827.0
84,221540_x_at,GTF2H2C,728340.0
85,221565_s_at,CALHM2,51063.0
86,221547_at,PRPF18,8559.0
87,221619_s_at,MTCH1,23787.0
88,221610_s_at,STAP2,55620.0
89,221611_s_at,PHF7,51533.0
90,221572_s_at,SLC26A6,65010.0
91,221554_at,STRADA,92335.0
92,221548_s_at,ILKAP,80895.0
93,221573_at,C7orf25,79020.0
94,221581_s_at,LAT2,7462.0
95,221559_s_at,MIS12,79003.0
96,221552_at,ABHD6,57406.0
97,221636_s_at,MTARC2,54996.0
98,221563_at,DUSP10,11221.0
99,221561_at,SOAT1,6646.0
100,221601_s_at,FCMR,9214.0
101,221602_s_at,FCMR,9214.0
0,221701_s_at,STRA6,64220.0
1,221707_s_at,VPS53,55275.0
2,221689_s_at,PIGP,51227.0
3,221728_x_at,,
4,221690_s_at,NLRP2,55655.0
5,221673_s_at,,
6,221731_x_at,VCAN,1462.0
7,221650_s_at,MED18,54797.0
8,221688_s_at,IMP3,55272.0
9,221681_s_at,DSPP,1834.0
10,221644_s_at,SLC45A2,51151.0
11,221670_s_at,LHX3,8022.0
12,221680_s_at,ETV7,51513.0
13,221682_s_at,PCDHGB6,56100.0
14,221646_s_at,ZDHHC11,79844.0
15,221716_s_at,ACSBG2,81616.0
16,221728_x_at,XIST,7503.0
17,221722_x_at,LZTS1,11178.0
18,221721_s_at,LZTS1,11178.0
19,221719_s_at,LZTS1,11178.0
20,221667_s_at,HSPB8,26353.0
21,221691_x_at,NPM1P27,
22,221640_s_at,PIDD1,55367.0
23,221734_at,PRRC1,133619.0
24,221663_x_at,HRH3,11255.0
25,221692_s_at,MRPL34,64981.0
26,221724_s_at,,
27,221724_s_at,CLEC4A,50856.0
28,221653_x_at,APOL2,23780.0
29,221677_s_at,DONSON,29980.0
30,221651_x_at,IGKC,
31,221671_x_at,IGKC,
32,221706_s_at,USE1,55850.0
33,221684_s_at,NYX,60506.0
34,221664_s_at,,
35,221713_s_at,,
36,221723_s_at,,
37,221718_s_at,AKAP13,11214.0
38,221704_s_at,VPS37B,79720.0
39,221739_at,MYDGF,56005.0
40,221641_s_at,ACOT9,23597.0
41,221736_at,RALGAPB,57148.0
42,221738_at,RALGAPB,57148.0
43,221702_s_at,TM2D3,80213.0
44,221666_s_at,PYCARD,29108.0
45,221662_s_at,SLC22A7,10864.0
46,221661_at,SLC22A7,10864.0
47,221657_s_at,ASB6,140459.0
48,221659_s_at,MYL10,93408.0
49,221660_at,MYL10,93408.0
50,221709_s_at,ZNF839,55778.0
51,221714_s_at,RRN3P1,
52,221687_s_at,MVB12B,89853.0
53,221693_s_at,MRPS18A,55168.0
54,221735_at,WDR48,57599.0
55,221740_x_at,ARL17A,51326.0
56,221740_x_at,ARL17A,100506084.0
57,221714_s_at,,
58,221713_s_at,MAP6D1,79929.0
59,221730_at,COL5A2,1290.0
60,221729_at,COL5A2,1290.0
61,221675_s_at,CHPT1,56994.0
62,221740_x_at,,
63,221673_s_at,CSNK1G1,53944.0
64,221695_s_at,MAP3K2,10746.0
65,221683_s_at,CEP290,80184.0
66,221647_s_at,RIC8A,60626.0
67,221700_s_at,UBA52,7311.0
68,221643_s_at,RERE,473.0
69,221705_s_at,SIKE1,80143.0
70,221727_at,SUB1,10923.0
71,221703_at,BRIP1,83990.0
72,221658_s_at,IL21R,50615.0
73,221652_s_at,INTS13,55726.0
74,221711_s_at,BABAM1,29086.0
75,221699_s_at,DDX50,79009.0
76,221672_s_at,TRAPPC9,83696.0
77,221686_s_at,RECQL5,9400.0
78,221640_s_at,SLC25A22,79751.0
79,221654_s_at,USP3,9960.0
80,221685_s_at,SPDL1,54908.0
81,221708_s_at,UNC45A,55898.0
82,221726_at,RPL22,6146.0
83,221648_s_at,AGMAT,79814.0
84,221645_s_at,ZNF83,55769.0
85,221669_s_at,ACAD8,27034.0
86,221646_s_at,ZDHHC11B,653082.0
87,221665_s_at,EPS8L1,54869.0
88,221655_x_at,EPS8L1,54869.0
89,221691_x_at,NPM1,4869.0
90,221710_x_at,EVA1B,55194.0
91,221696_s_at,STYK1,55359.0
92,221645_s_at,,122539214.0
93,221676_s_at,CORO1C,23603.0
94,221737_at,GNA12,2768.0
95,221664_s_at,F11R,50848.0
96,221697_at,MAP1LC3C,440738.0
97,221712_s_at,WDR74,54663.0
98,221649_s_at,PPAN,56342.0
99,221698_s_at,CLEC7A,64581.0
100,221674_s_at,CHRD,8646.0
101,221668_s_at,DNAI2,64446.0
102,221732_at,CANT1,124583.0
103,221679_s_at,ABHD6,57406.0
104,221723_s_at,SLC4A5,57835.0
105,221725_at,WASF2,10163.0
106,221733_s_at,NAXE,128240.0
107,221656_s_at,ARHGEF10L,55160.0
0,221812_at,FBXO42,54455.0
1,221813_at,FBXO42,54455.0
2,221830_at,RAP2A,5911.0
3,221824_s_at,MARCHF8,220972.0
4,221798_x_at,RPS2,6187.0
5,221798_x_at,SNORA10,574042.0
6,221798_x_at,SNORA64,26784.0
7,221746_at,UBL4A,8266.0
8,221791_s_at,,
9,221816_s_at,PHF11,51131.0
10,221804_s_at,DENND10P1,
11,221804_s_at,,
12,221756_at,PIK3IP1,113791.0
13,221757_at,PIK3IP1,113791.0
14,221763_at,JMJD1C,221037.0
15,221779_at,MICALL1,85377.0
16,221818_at,INTS5,80789.0
17,221807_s_at,TRABD,80305.0
18,221794_at,DOCK6,57572.0
19,221750_at,HMGCS1,3157.0
20,221821_s_at,SNORA2C,677815.0
21,221821_s_at,MIR1291,100302221.0
22,221776_s_at,BRD7P2,
23,221761_at,ADSS2,159.0
24,221795_at,NTRK2,4915.0
25,221796_at,NTRK2,4915.0
26,221762_s_at,PCIF1,63935.0
27,221774_x_at,SUPT20H,55578.0
28,221771_s_at,MPHOSPH8,54737.0
29,221748_s_at,TNS1,7145.0
30,221747_at,TNS1,7145.0
31,221801_x_at,NEFL,4747.0
32,221805_at,NEFL,4747.0
33,221817_at,DOLPP1,57171.0
34,221786_at,C6orf120,387263.0
35,221787_at,C6orf120,387263.0
36,221775_x_at,RPL22P1,
37,221775_x_at,,
38,221751_at,PANK3,79646.0
39,221820_s_at,KAT8,84148.0
40,221749_at,YTHDF3,253943.0
41,221792_at,RAB6B,51560.0
42,221827_at,RBCK1,10616.0
43,221799_at,CHPF2,54480.0
44,221768_at,SFPQ,6421.0
45,221765_at,UGCG,7357.0
46,221752_at,SSH1,54434.0
47,221753_at,SSH1,54434.0
48,221806_s_at,SETD5,55209.0
49,221744_at,DCAF7,10238.0
50,221745_at,DCAF7,10238.0
51,221837_at,KLHL22,84861.0
52,221838_at,KLHL22,84861.0
53,221772_s_at,PPP2R2D,55844.0
54,221776_s_at,BRD7,29117.0
55,221828_s_at,MVB12B,89853.0
56,221780_s_at,DDX27,55661.0
57,221758_at,ARMC6,93436.0
58,221791_s_at,TMA7,51372.0
59,221741_s_at,YTHDF1,54915.0
60,221814_at,ADGRA2,25960.0
61,221808_at,RAB9A,9367.0
62,221799_at,MIR671,768213.0
63,221788_at,PGM3,5238.0
64,221829_s_at,TNPO1,3842.0
65,221773_at,ELK3,2004.0
66,221811_at,PGAP3,93210.0
67,221815_at,ABHD2,11057.0
68,221832_s_at,LUZP1,7798.0
69,221831_at,LUZP1,7798.0
70,221822_at,SGF29,112869.0
71,221839_s_at,UBAP2,55833.0
72,221802_s_at,SHTN1,57698.0
73,221770_at,RPE,6120.0
74,221821_s_at,KANSL2,54934.0
75,221778_at,KDM7A,80853.0
76,221823_at,MACIR,90355.0
77,221759_at,G6PC3,92579.0
78,221809_at,RANBP10,57610.0
79,221760_at,MAN1A1,4121.0
80,221835_at,DTX3,196403.0
81,221797_at,OXLD1,339229.0
82,221825_at,ANGEL2,90806.0
83,221826_at,ANGEL2,90806.0
84,221836_s_at,TRAPPC9,83696.0
85,221742_at,CELF1,10658.0
86,221743_at,CELF1,10658.0
87,221766_s_at,TENT5A,55603.0
88,221810_at,RAB15,376267.0
89,221767_x_at,HDLBP,3069.0
90,221775_x_at,RPL22,6146.0
91,221803_s_at,NRBF2,29982.0
92,221804_s_at,DENND10,404636.0
93,221764_at,R3HDM4,91300.0
94,221789_x_at,RHOT2,89941.0
95,221840_at,PTPRE,5791.0
96,221754_s_at,CORO1B,57175.0
97,221819_at,RAB35,11021.0
98,221769_at,SPSB3,90864.0
99,221777_at,RITA1,84934.0
100,221833_at,LONP2,83752.0
101,221834_at,LONP2,83752.0
102,221784_at,WIZ,58525.0
103,221785_at,WIZ,58525.0
104,221783_at,WIZ,58525.0
105,221800_s_at,FAAP100,80233.0
106,221755_at,EHBP1L1,254102.0
107,221781_s_at,DNAJC10,54431.0
108,221782_at,DNAJC10,54431.0
109,221790_s_at,LDLRAP1,26119.0
0,221850_x_at,AGAP12P,
1,221850_x_at,,414224.0
2,221847_at,SMIM10L1,100129361.0
3,221901_at,SHISAL1,85352.0
4,221848_at,,
5,221853_s_at,NOMO1,23420.0
6,221853_s_at,NOMO3,408050.0
7,221852_at,NOMO3,408050.0
8,221937_at,SYNRG,11276.0
9,221920_s_at,SLC25A37,51312.0
10,221881_s_at,CLIC4P1,
11,221850_x_at,AGAP9,642517.0
12,221929_at,,
13,221850_x_at,BMS1P4-AGAP5,113939925.0
14,221844_x_at,SPCS3,60559.0
15,221879_at,,
16,221850_x_at,AGAP11,
17,221850_x_at,AGAP5,729092.0
18,221896_s_at,HIGD1AP14,
19,221899_at,N4BP2L2,10443.0
20,221938_x_at,MED16,10025.0
21,221850_x_at,TIMM23B-AGAP6,
22,221850_x_at,AGAP6,414189.0
23,221908_at,RNFT2,84900.0
24,221909_at,RNFT2,84900.0
25,221884_at,MECOM,2122.0
26,221855_at,SDHAF1,644096.0
27,221859_at,SYT13,57586.0
28,221850_x_at,,
29,221861_at,,
30,221928_at,ACACB,32.0
31,221906_at,TXNRD3,114112.0
32,221933_at,NLGN4X,57502.0
33,221875_x_at,HLA-F,3134.0
34,221883_at,PKNOX1,5316.0
35,221841_s_at,KLF4,9314.0
36,221850_x_at,AGAP10P,
37,221895_at,MOSPD2,158747.0
38,221850_x_at,AGAP7P,653268.0
39,221850_x_at,AGAP14P,
40,221850_x_at,AGAP13P,
41,221891_x_at,SNORD14E,85391.0
42,221888_at,CC2D1A,54862.0
43,221849_s_at,DCAF15,90379.0
44,221851_at,DCAF15,90379.0
45,221879_at,CALML4,91860.0
46,221932_s_at,GLRX5,51218.0
47,221890_at,ZNF335,63925.0
48,221880_s_at,FAM174B,400451.0
49,221931_s_at,SEH1L,81929.0
50,221916_at,NEFL,4747.0
51,221900_at,COL8A2,1296.0
52,221897_at,TRIM52,84851.0
53,221940_at,RPUSD2,27079.0
54,221887_s_at,WHRN,25861.0
55,221896_s_at,,
56,221854_at,PKP1,5317.0
57,221864_at,,
58,221864_at,ORAI3,93129.0
59,221904_at,FAM131A,131408.0
60,221914_at,SYN1,6853.0
61,221863_at,MIER2,54531.0
62,221876_at,ZNF783,100289678.0
63,221869_at,ZNF512B,57473.0
64,221929_at,CIBAR1,137392.0
65,221866_at,TFEB,7942.0
66,221848_at,ZGPAT,84619.0
67,221925_s_at,CSPP1,79848.0
68,221913_at,SIRT3,23410.0
69,221878_at,C2orf68,388969.0
70,221927_s_at,ABHD11,83451.0
71,221907_at,TRMT61A,115708.0
72,221846_s_at,CASKIN2,57513.0
73,221935_s_at,EOGT,285203.0
74,221874_at,ELAPOR1,57535.0
75,221919_at,HNRNPA1,3178.0
76,221882_s_at,PGAP6,58986.0
77,221924_at,ZMIZ2,83637.0
78,221885_at,DENND2A,27147.0
79,221870_at,EHD2,30846.0
80,221898_at,PDPN,10630.0
81,221872_at,RARRES1,5918.0
82,221865_at,TMEM268,203197.0
83,221842_s_at,ZNF131,7690.0
84,221861_at,ARRB1,408.0
85,221923_s_at,NPM1,4869.0
86,221860_at,HNRNPL,3191.0
87,221894_at,ADCK2,90956.0
88,221893_s_at,ADCK2,90956.0
89,221922_at,GPSM2,29899.0
90,221853_s_at,NOMO2,283820.0
91,221852_at,NOMO2,283820.0
92,221845_s_at,CLPB,81570.0
93,221867_at,N4BP1,9683.0
94,221850_x_at,AGAP4,119016.0
95,221858_at,TBC1D12,23232.0
96,221856_s_at,MINDY1,55793.0
97,221857_s_at,TJAP1,93643.0
98,221903_s_at,CYLD,1540.0
99,221905_at,CYLD,1540.0
100,221918_at,CDK17,5128.0
101,221939_at,YIPF2,78992.0
102,221877_at,IRGQ,126298.0
103,221889_at,KCTD13,253980.0
104,221896_s_at,HIGD1A,25994.0
105,221873_at,ZNF143,7702.0
106,221843_s_at,MEAK7,57707.0
107,221892_at,H6PD,9563.0
108,221910_at,ETV1,2115.0
109,221911_at,ETV1,2115.0
110,221891_x_at,HSPA8,3312.0
111,221934_s_at,DALRD3,55152.0
112,221881_s_at,CLIC4,25932.0
113,221868_at,PAIP2B,400961.0
114,221902_at,GPR153,387509.0
115,221912_s_at,CCDC28B,79140.0
116,221921_s_at,CADM3,57863.0
0,221971_x_at,AGAP12P,
1,221971_x_at,,414224.0
2,221973_at,,
3,221989_at,SNORA70,26778.0
4,222033_s_at,FLT1,2321.0
5,221969_at,PAX5,5079.0
6,222026_at,,
7,221971_x_at,AGAP9,642517.0
8,221941_at,,
9,221950_at,EMX2,2018.0
10,221971_x_at,BMS1P4-AGAP5,113939925.0
11,221963_x_at,ZNF587B,100293516.0
12,221953_s_at,MMP24OS,101410538.0
13,221971_x_at,AGAP11,
14,221971_x_at,AGAP5,729092.0
15,222031_at,,
16,221952_x_at,,
17,222029_x_at,MIR6834,102465501.0
18,222019_at,MIR6834,102465501.0
19,221980_at,EMILIN2,84034.0
20,221965_at,,
21,221971_x_at,TIMM23B-AGAP6,
22,221971_x_at,AGAP6,414189.0
23,222003_s_at,DOCK6,57572.0
24,222020_s_at,NTM,50863.0
25,221971_x_at,,
26,222008_at,COL9A1,1297.0
27,221978_at,HLA-F,3134.0
28,221974_at,SNHG14,
29,221957_at,PDK3,5165.0
30,222029_x_at,PFDN6,10471.0
31,222019_at,PFDN6,10471.0
32,221971_x_at,AGAP10P,
33,221971_x_at,AGAP7P,653268.0
34,222021_x_at,SDHAP2,
35,221971_x_at,AGAP14P,
36,221971_x_at,AGAP13P,
37,222021_x_at,SDHAP1,
38,222012_at,RFX1,5989.0
39,222000_at,C1orf174,339448.0
40,222030_at,SIVA1,10572.0
41,221952_x_at,TRMT5,57570.0
42,222021_x_at,,255812.0
43,221979_at,SMIM27,100129250.0
44,221967_at,NXPH4,11247.0
45,222024_s_at,AKAP13,11214.0
46,221945_at,FBXO41,150726.0
47,221991_at,NXPH3,11248.0
48,221946_at,PIERCE1,138162.0
49,222021_x_at,MUC20-OT1,727956.0
50,221954_at,OSER1,51526.0
51,221951_at,TMEM80,283232.0
52,222036_s_at,MCM4,4173.0
53,222037_at,MCM4,4173.0
54,222009_at,CEMP1,752014.0
55,221956_at,,
56,222017_x_at,,
57,221989_at,RPL10,6134.0
58,222034_at,RACK1,10399.0
59,221992_at,NPIPB15,440348.0
60,221992_at,NPIPB15,124907807.0
61,221992_at,NPIPB15,124907808.0
62,221961_at,CCDC154,645811.0
63,221992_at,NPIPB6,728741.0
64,221973_at,APPAT,
65,222026_at,RBM3,5935.0
66,221944_at,,
67,221973_at,LINC00342,
68,221952_x_at,HMGN2P3,
69,222010_at,TCP1,6950.0
70,222011_s_at,TCP1,6950.0
71,221982_x_at,PLXNA3,55558.0
72,221943_x_at,,85001.0
73,221964_at,TULP3,7289.0
74,222035_s_at,PAPOLA,10914.0
75,222015_at,CSNK1E,1454.0
76,221990_at,PAX8,7849.0
77,221998_s_at,VRK3,51231.0
78,221999_at,VRK3,51231.0
79,221986_s_at,KLHL24,54800.0
80,221985_at,KLHL24,54800.0
81,221962_s_at,UBE2H,7328.0
82,222021_x_at,SDHA,6389.0
83,222039_at,KIF18B,146909.0
84,222028_at,ZNF45,7596.0
85,221984_s_at,RETREG2,79137.0
86,221983_at,RETREG2,79137.0
87,222040_at,HNRNPA1,3178.0
88,221988_at,SMIM7,79086.0
89,222006_at,LETM1,3954.0
90,221959_at,FAM110B,90362.0
91,222025_s_at,OPLAH,26873.0
92,222018_at,NACA,4666.0
93,222005_s_at,GNG3,2785.0
94,221942_s_at,GUCY1A1,2982.0
95,222016_s_at,ZSCAN31,64288.0
96,221981_s_at,WDR59,79726.0
97,221987_s_at,TSR1,55720.0
98,221941_at,PAOX,196743.0
99,222013_x_at,EEF2KMT,196483.0
100,221993_s_at,BAIAP3,8938.0
101,221966_at,GPR137,56834.0
102,221994_at,PDLIM5,10611.0
103,221971_x_at,AGAP4,119016.0
104,222014_x_at,MTO1,25821.0
105,221965_at,MPHOSPH9,10198.0
106,221970_s_at,NOL11,25926.0
107,221949_at,UBE2D4,51619.0
108,222032_s_at,USP7,7874.0
109,221961_at,CLCN7,1186.0
110,221956_at,LRCH4,4034.0
111,222017_x_at,LRCH4,4034.0
112,221958_s_at,WLS,79971.0
113,221972_s_at,SDF4,51150.0
0,222118_at,CENPN,55839.0
1,222065_s_at,FLII,2314.0
2,222106_at,PRND,23627.0
3,222048_at,,1416.0
4,222136_x_at,ZNF43,7594.0
5,222099_s_at,LSM14A,26065.0
6,222078_at,PKLR,5313.0
7,222070_at,DND1,373863.0
8,222056_s_at,FAHD2A,51011.0
9,222121_at,ARHGEF26,26084.0
10,222057_at,NOL12,79159.0
11,222114_x_at,WDR55,54853.0
12,222104_x_at,GTF2H3,2967.0
13,222107_x_at,LZTS1,11178.0
14,222096_x_at,FAM242E,
15,222135_at,ZNF814,730051.0
16,222096_x_at,FAM242F,
17,222101_s_at,DCHS1,8642.0
18,222123_s_at,HIF3A,64344.0
19,222124_at,HIF3A,64344.0
20,222096_x_at,,
21,222096_x_at,,105379447.0
22,222079_at,ERG,2078.0
23,222072_at,ADD3-AS1,100505933.0
24,222093_s_at,INO80B,83444.0
25,222093_s_at,INO80B-WBP1,
26,222087_at,PVT1,5820.0
27,222122_s_at,THOC2,57187.0
28,222128_at,CACNB2-AS1,
29,222137_at,CC2D1A,54862.0
30,222062_at,IL27RA,9466.0
31,222060_at,KRT8P12,
32,222045_s_at,PCIF1,63935.0
33,222044_at,PCIF1,63935.0
34,222059_at,ZNF335,63925.0
35,222080_s_at,,
36,222081_at,,
37,222052_at,ACTMAP,284325.0
38,222056_s_at,FAHD2CP,
39,222075_s_at,OAZ3,51686.0
40,222060_at,,
41,222132_s_at,AGK,55750.0
42,222083_at,GLYAT,10249.0
43,222064_s_at,PTGES3L-AARSD1,100885850.0
44,222071_s_at,SLCO4C1,353189.0
45,222070_at,,
46,222041_at,DPH1,1801.0
47,222130_s_at,,
48,222041_at,OVCA2,124641.0
49,222094_at,SLX1B-SULT1A4,100526831.0
50,222094_at,SLX1A-SULT1A3,100526830.0
51,222109_at,GNL3L,54552.0
52,222138_s_at,WDR13,64743.0
53,222090_at,NDUFB2-AS1,100134713.0
54,222054_at,,728448.0
55,222056_s_at,,
56,222088_s_at,SLC2A3,6515.0
57,222067_x_at,H2BC5,3017.0
58,222073_at,COL4A3,1285.0
59,222130_s_at,MRM2,29960.0
60,222088_s_at,SLC2A14,144195.0
61,222125_s_at,P4HTM,54681.0
62,222115_x_at,GLYR1,84656.0
63,222094_at,SLX1B,79008.0
64,222094_at,SLX1B,130134321.0
65,222112_at,EPS15L1,58513.0
66,222113_s_at,EPS15L1,58513.0
67,222095_s_at,FAM163A,148753.0
68,222094_at,SLX1A,79008.0
69,222094_at,SLX1A,548593.0
70,222094_at,SLX1A,130134321.0
71,222110_at,SENP5,205564.0
72,222129_at,RETREG2,79137.0
73,222134_at,DDO,8528.0
74,222111_at,MINDY2,54629.0
75,222064_s_at,AARSD1,80755.0
76,222043_at,CLU,1191.0
77,222103_at,ATF1,466.0
78,222077_s_at,RACGAP1,29127.0
79,222133_s_at,PHF20L1,51105.0
80,222120_at,ZNF764,92595.0
81,222119_s_at,FBXO11,80204.0
82,222102_at,GSTA3,2940.0
83,222117_s_at,ADCK2,90956.0
84,222131_x_at,RHOT2,89941.0
85,222094_at,SULT1A3,6818.0
86,222094_at,SULT1A3,124907837.0
87,222089_s_at,DNAAF8,146562.0
88,222127_s_at,EXOC1,55763.0
89,222068_s_at,DNAAF1,123872.0
90,222105_s_at,NKIRAS2,28511.0
91,222108_at,AMIGO2,347902.0
92,222091_at,HPCAL4,51440.0
93,222056_s_at,FAHD2B,151313.0
94,222055_at,FAHD2B,151313.0
95,222047_s_at,SRRT,51593.0
96,222046_at,SRRT,51593.0
97,222126_at,AGFG2,3268.0
98,222116_s_at,TBC1D16,125058.0
99,222140_s_at,GPR89A,51463.0
100,222140_s_at,GPR89A,653519.0
101,222055_at,FAHD2A,51011.0
102,222074_at,UROD,7389.0
103,222140_s_at,GPR89B,51463.0
104,222140_s_at,GPR89B,653519.0
0,222229_x_at,RPL26P37,
1,222201_s_at,CASP8AP2,9994.0
2,222177_s_at,,
3,222211_x_at,,
4,222155_s_at,SLC52A2,79581.0
5,222161_at,NAALAD2,10003.0
6,222180_at,,
7,222149_x_at,GOLGA8F,100132565.0
8,222149_x_at,GOLGA8G,283768.0
9,222149_x_at,GOLGA8G,100132565.0
10,222149_x_at,,
11,222204_s_at,RRN3,54700.0
12,222229_x_at,RPL26P36,
13,222145_at,,100505915.0
14,222156_x_at,DNAAF4-CCPG1,100533483.0
15,222239_s_at,INTS6,26512.0
16,222165_x_at,BBLN,79095.0
17,222162_s_at,ADAMTS1,9510.0
18,222217_s_at,SLC27A3,11000.0
19,222236_s_at,ASAP3,55616.0
20,222184_at,,
21,222239_s_at,INTS6P1,
22,222146_s_at,TCF4,6925.0
23,222173_s_at,TBC1D2,55357.0
24,222196_at,,
25,222198_at,,
26,222222_s_at,,
27,222172_at,NPAS3,64067.0
28,222164_at,RPS20P22,
29,222164_at,,
30,222147_s_at,ACTR5,79913.0
31,222153_at,MYEF2,50804.0
32,222203_s_at,NT5C1B-RDH14,100526794.0
33,222225_at,,
34,222184_at,FAM66D,100132923.0
35,222225_at,MZF1-AS1,65996.0
36,222225_at,MZF1-AS1,100131691.0
37,222195_s_at,TRMO,51531.0
38,222149_x_at,GOLGA8CP,729786.0
39,222149_x_at,GOLGA8DP,100132979.0
40,222223_s_at,IL36RN,26525.0
41,222175_s_at,MED15,51586.0
42,222226_at,,6290.0
43,222151_s_at,,
44,222237_s_at,ZNF112,7771.0
45,222238_s_at,MIR6838,102465504.0
46,222224_at,NACA2,342538.0
47,222199_s_at,BIN3,55909.0
48,222218_s_at,PILRA,29992.0
49,222221_x_at,EHD1,10938.0
50,222208_s_at,POLR2J4,84820.0
51,222208_s_at,POLR2J4,401331.0
52,222208_s_at,RASA4CP,84820.0
53,222208_s_at,RASA4CP,401331.0
54,222183_x_at,MBD3,53615.0
55,222216_s_at,MRPL17,63875.0
56,222235_s_at,CSGALNACT2,55454.0
57,222157_s_at,WDR48,57599.0
58,222170_at,ZNF213-AS1,100507458.0
59,222214_at,,
60,222220_s_at,TSNAXIP1,55815.0
61,222156_x_at,CCPG1,9236.0
62,222228_s_at,ALKBH4,54784.0
63,222233_s_at,DCLRE1C,64421.0
64,222225_at,,127239154.0
65,222234_s_at,DBNDD1,79007.0
66,222197_s_at,GFAP,2670.0
67,222203_s_at,RDH14,57665.0
68,222169_x_at,SH2D3A,10045.0
69,222150_s_at,GSAP,54103.0
70,222163_s_at,AFG2B,79029.0
71,222231_s_at,LRRC59,55379.0
72,222230_s_at,ACTR10,55860.0
73,222151_s_at,CEP63,80254.0
74,222206_s_at,NCLN,56926.0
75,222166_at,CIZ1,25792.0
76,222193_at,LDAH,60526.0
77,222192_s_at,LDAH,60526.0
78,222171_s_at,PKNOX2,63876.0
79,222219_s_at,TLE6,79816.0
80,222182_s_at,CNOT2,4848.0
81,222144_at,KIF17,57576.0
82,222191_s_at,B4GALT7,11285.0
83,222215_at,SLC38A7,55238.0
84,222160_at,AKAP8L,26993.0
85,222209_s_at,TMEM135,65084.0
86,222190_s_at,RUSF1,64755.0
87,222240_s_at,ISYNA1,51477.0
88,222143_s_at,MTMR14,64419.0
89,222142_at,CYLD,1540.0
90,222200_s_at,BSDC1,55108.0
91,222222_s_at,HOMER3,9454.0
92,222148_s_at,RHOT1,55288.0
93,222238_s_at,POLM,27434.0
94,222154_s_at,SPATS2L,26010.0
95,222212_s_at,CERS2,29956.0
96,222158_s_at,DESI2,51029.0
0,222253_s_at,,
1,222327_x_at,,
2,222277_at,PCOTH,542767.0
3,222254_at,COX6CP2,
4,222259_s_at,SPO11,23626.0
5,222245_s_at,FER1L4,
6,222244_s_at,TUG1,55000.0
7,222257_s_at,,
8,222253_s_at,,102725072.0
9,222274_at,,
10,222256_s_at,JMJD7-PLA2G4B,8681.0
11,222253_s_at,POM121L9P,29774.0
12,222245_s_at,,
13,222279_at,RPL23AP1,
14,222323_at,,
15,222323_at,CRYGEP,
16,222311_s_at,SCAF4,57466.0
17,222310_at,SCAF4,57466.0
18,222268_x_at,MUC5B,727897.0
19,222338_x_at,LAGE3P1,
20,222243_s_at,TOB2,10766.0
21,222269_at,APOOL,139322.0
22,222302_at,,
23,222279_at,HLA-F-AS1,285830.0
24,222307_at,PDCD4-AS1,
25,222304_x_at,OR7E47P,
26,222280_at,TMEM147-AS1,100506469.0
27,222291_at,FAM149A,25854.0
28,222324_at,,
29,222242_s_at,KLK5,25818.0
30,222292_at,CD40,958.0
31,222304_x_at,,26628.0
32,222275_at,MRPS30,10884.0
33,222304_x_at,SMIM41,113523638.0
34,222264_at,HNRNPUL2,221092.0
35,222256_s_at,JMJD7,100137047.0
36,222251_s_at,GMEB2,26205.0
37,222335_at,TGS1,96764.0
38,222312_s_at,,
39,222290_at,OR2A20P,401428.0
40,222290_at,OR2A9P,
41,222295_x_at,LINC00921,283876.0
42,222278_at,MYMX,101929726.0
43,222281_s_at,,
44,222260_at,,
45,222294_s_at,RAB27A,5873.0
46,222305_at,HK2-DT,118568819.0
47,222315_at,,
48,222290_at,ARHGEF35-AS1,
49,222257_s_at,ACE2,59272.0
50,222290_at,OR2A1-AS1,
51,222301_at,MIR9-1HG,10485.0
52,222282_at,TENT2,167153.0
53,222283_at,ZNF480,147657.0
54,222265_at,TNS4,84951.0
55,222276_at,METTL2B,55798.0
56,222321_at,AGTR2,186.0
57,222276_at,METTL2A,339175.0
58,222271_at,CHD9NB,105371267.0
59,222286_at,SNAPC3,6619.0
60,222333_at,ALS2CL,259173.0
61,222338_x_at,APTX,54840.0
62,222267_at,TMEM209,84928.0
63,222263_at,SLC35E1,79939.0
64,222287_at,TRDN,10345.0
65,222318_at,ZNF324B,388569.0
66,222272_x_at,SCIN,85477.0
67,222262_s_at,ETNK1,55500.0
68,222248_s_at,SIRT4,23409.0
69,222317_at,PDE3B,5140.0
70,222270_at,PPP4R3B,57223.0
71,222258_s_at,SH3BP4,23677.0
72,222281_s_at,RHEX,440712.0
73,222334_at,RHEX,440712.0
74,222273_at,PAPOLG,64895.0
75,222250_s_at,INTS7,25896.0
0,222347_at,,100233156.0
1,222347_at,,124907090.0
2,33132_at,CPSF1,29894.0
3,33132_at,MIR939,100126351.0
4,33767_at,NEFH,4744.0
5,33307_at,RRP7BP,
6,32128_at,CCL18,6362.0
7,33307_at,RRP7BP,91695.0
8,266_s_at,CD24,100133941.0
9,33579_i_at,GALR3,8484.0
10,222348_at,MAST4,375449.0
11,34187_at,RBMS2P1,
12,222345_at,EMC10,284361.0
13,222361_at,TUBBP5,
14,222361_at,,
15,32723_at,CSTF1,1477.0
16,34187_at,RNU6-343P,
17,32836_at,AGPAT1,10554.0
18,222377_at,TBX10,347853.0
19,222367_at,,
20,31837_at,LMF2,91289.0
21,222376_at,NFKB1-AS1,
22,222379_at,KCNE4,23704.0
23,222380_s_at,,728609.0
24,33307_at,RRP7A,27341.0
25,32032_at,ESS2,8220.0
26,31874_at,GAS2L1,10634.0
27,336_at,TBXA2R,6915.0
28,33778_at,TBC1D22A,25771.0
29,222343_at,BCL2L11,10018.0
30,33322_i_at,SFN,2810.0
31,33323_r_at,SFN,2810.0
32,34031_i_at,,
33,34187_at,RBMS2,5939.0
34,32099_at,SAFB2,9667.0
35,32402_s_at,SYMPK,8189.0
36,222344_at,NREP,9315.0
37,32209_at,FAM89B,23625.0
38,31835_at,HRG,3273.0
39,32042_at,ENOX2,10495.0
40,32209_at,ZNRD2,10534.0
41,33646_g_at,GM2A,2760.0
42,32094_at,CHST3,9469.0
43,31861_at,IGHMBP2,3508.0
44,222351_at,PPP2R1B,5519.0
45,222384_at,SMG7-AS1,
46,222349_x_at,RNF126P1,
47,222349_x_at,,376412.0
48,31826_at,FKBP15,23307.0
49,222383_s_at,ALOXE3,59344.0
50,31845_at,ELF4,2000.0
51,32062_at,LRRC14,9684.0
52,31637_s_at,NR1D1,9572.0
53,32837_at,AGPAT2,10555.0
54,31846_at,RHOD,29984.0
55,33304_at,ISG20,3669.0
56,31807_at,DDX49,54555.0
57,222374_at,BTRC,8945.0
58,33736_at,STOML1,9399.0
59,33148_at,ZFR,51663.0
60,33494_at,ETFDH,2110.0
61,34063_at,RECQL5,9400.0
62,32541_at,PPP3CC,5533.0
63,32137_at,JAG2,3714.0
64,33760_at,PEX14,5195.0
65,222364_at,SLC44A1,23446.0
66,32502_at,GDPD5,81544.0
67,33768_at,DMWD,1762.0
68,33814_at,PAK4,10298.0
69,32029_at,PDPK1,5170.0
70,222369_at,NAA40,79829.0
71,222355_at,ZNF585B,92285.0
72,222354_at,F11R,50848.0
73,32069_at,N4BP1,9683.0
74,320_at,PEX6,5190.0
75,222357_at,ZBTB20,26137.0
76,33197_at,MYO7A,4647.0
77,32699_s_at,PVR,5817.0
78,222352_at,FBXO31,79791.0
79,31799_at,COPB2,9276.0
80,32088_at,BLZF1,8548.0
81,222365_at,TBCEL,219899.0
82,222362_at,AGFG2,3268.0
83,34031_i_at,KRIT1,889.0
84,32259_at,EZH1,2145.0
85,222360_at,DPH5,51611.0
86,32811_at,MYO1C,4641.0
87,33850_at,MAP4,4134.0
88,32625_at,NPR1,4881.0
89,32091_at,SLC25A44,9673.0
0,34697_at,LRP6,4040.0
1,36554_at,ASMTL,8623.0
2,36553_at,ASMTL,8623.0
3,37079_at,NUS1P3,
4,35201_at,HNRNPL,3191.0
5,35776_at,ITSN1,6453.0
6,37079_at,NUS1P2,
7,37384_at,PPM1F,9647.0
8,37433_at,PIAS2,9063.0
9,37117_at,PRR5-ARHGAP8,553158.0
10,35156_at,R3HCC1,203069.0
11,35147_at,MCF2L,23263.0
12,37232_at,KIAA0586,9786.0
13,35160_at,LDB1,8861.0
14,37943_at,ZFYVE26,23503.0
15,37590_g_at,ZNF710-AS1,109729181.0
16,37796_at,,
17,36004_at,IKBKGP1,
18,36004_at,,
19,37425_g_at,CCHCR1,54535.0
20,37424_at,CCHCR1,54535.0
21,37652_at,CABIN1,23523.0
22,36936_at,GFUS,7264.0
23,36742_at,TRIM15,89870.0
24,35179_at,B3GAT3P1,
25,35685_at,RING1,6015.0
26,34689_at,TREX1,11277.0
27,36475_at,GCAT,23464.0
28,36019_at,WHR1,8859.0
29,37201_at,,
30,37020_at,CRP,1401.0
31,37872_at,JRK,8629.0
32,37170_at,BMP2K,55589.0
33,34210_at,CD52,1043.0
34,35150_at,CD40,958.0
35,36830_at,MIPEP,4285.0
36,36019_at,WHR1B,
37,36019_at,,
38,37577_at,ARHGAP19,84986.0
39,34858_at,KCTD2,23510.0
40,37117_at,ARHGAP8,23779.0
41,36865_at,ANGEL1,23357.0
42,34471_at,MYH8,4626.0
43,37831_at,SIPA1L3,23094.0
44,37462_i_at,SF3A2,8175.0
45,34726_at,CACNB3,784.0
46,36711_at,MAFF,23764.0
47,37408_at,MRC2,9902.0
48,36994_at,,
49,36499_at,CELSR2,1952.0
50,37796_at,SAP25,100316904.0
51,36920_at,MTM1,4534.0
52,37226_at,BNIP1,662.0
53,34408_at,RTN2,6253.0
54,37860_at,ZNF337,26152.0
55,35820_at,GM2A,2760.0
56,36552_at,C2CD3,26005.0
57,35265_at,FXR2,9513.0
58,36612_at,FAM168A,23201.0
59,37566_at,PHF24,23349.0
60,37254_at,ZNF133,7692.0
61,35974_at,IRAG2,4033.0
62,36994_at,AMDHD2,51005.0
63,37145_at,GNLY,10578.0
64,37586_at,ZNF142,7701.0
65,36994_at,ATP6V0C,527.0
66,37278_at,TAFAZZIN,6901.0
67,34449_at,CASP2,835.0
68,37512_at,HSD17B6,8630.0
69,35626_at,SGSH,6448.0
70,36545_s_at,SFI1,9814.0
71,36004_at,IKBKG,8517.0
72,37152_at,PPARD,5467.0
73,37549_g_at,BBS9,27241.0
74,37547_at,BBS9,27241.0
75,34846_at,CAMK2B,816.0
76,34478_at,RAB11B,9230.0
77,35617_at,MAPK7,5598.0
78,35671_at,GTF3C1,2975.0
79,36829_at,PER1,5187.0
80,36084_at,CUL7,9820.0
81,35846_at,THRA,7067.0
82,37802_r_at,MINDY2,54629.0
83,35436_at,GOLGA2,2801.0
84,37892_at,COL11A1,1301.0
85,36566_at,CTNS,1497.0
86,34406_at,PACS2,23241.0
87,37028_at,PPP1R15A,23645.0
88,36888_at,HAUS5,23354.0
89,34689_at,ATRIP,84126.0
90,35148_at,TJP3,27134.0
91,36030_at,IFFO1,25900.0
92,34206_at,ARAP1,116985.0
93,35179_at,B3GAT3,26229.0
94,34225_at,NELFA,7469.0
95,37201_at,ITIH4,3700.0
96,34764_at,LARS2,23395.0
97,34221_at,HMGXB3,22993.0
98,37022_at,PRELP,5549.0
99,34260_at,TELO2,9894.0
100,37950_at,PREP,5550.0
101,37012_at,CAPZB,832.0
102,35254_at,TRAFD1,10906.0
103,37953_s_at,ASIC1,41.0
104,36907_at,MVK,4598.0
105,35666_at,SEMA3F,6405.0
106,37004_at,SFTPB,6439.0
107,37793_r_at,RAD51D,5892.0
108,36129_at,SGSM2,9905.0
109,34868_at,SMG5,23381.0
110,36564_at,RNF19B,127544.0
111,37005_at,NBL1,4681.0
112,37005_at,NBL1,100532736.0
0,40359_at,RASSF7,8045.0
1,40472_at,LPCAT4,254531.0
2,41660_at,CELSR1,9620.0
3,37966_at,PARVB,29780.0
4,37965_at,PARVB,29780.0
5,39318_at,TCL1A,8115.0
6,41047_at,BBLN,79095.0
7,40562_at,GNA11,2767.0
8,40016_g_at,MAST4,375449.0
9,43544_at,MED16,10025.0
10,42361_g_at,CCHCR1,54535.0
11,40612_at,DOP1A,23033.0
12,38964_r_at,WAS,7454.0
13,43511_s_at,,
14,39402_at,IL1B,3553.0
15,43427_at,ACACB,32.0
16,40020_at,CELSR3,1951.0
17,39966_at,CSPG5,10675.0
18,40446_at,PHF1,5252.0
19,40284_at,FOXA2,3170.0
20,41037_at,TEAD4,7004.0
21,38157_at,DXO,1797.0
22,38149_at,ARHGAP25,9938.0
23,40640_at,NCAPH2,29781.0
24,44040_at,FBXO41,150726.0
25,40524_at,PTPN21,11099.0
26,38290_at,RGS14,10636.0
27,38766_at,TMEM265,100862671.0
28,43977_at,TMEM161A,54929.0
29,40420_at,STK10,6793.0
30,39763_at,HPX,3263.0
31,40255_at,DDX28,55794.0
32,41856_at,UNC5B,219699.0
33,38671_at,PLXND1,23129.0
34,38766_at,,
35,44111_at,VPS33B,26276.0
36,39705_at,SIN3B,23309.0
37,41160_at,MBD3,53615.0
38,39854_r_at,PNPLA2,57104.0
39,40273_at,SPHK2,56848.0
40,40465_at,DDX23,9416.0
41,38691_s_at,SFTPC,6440.0
42,39313_at,WNK1,65125.0
43,41113_at,ZNF500,26048.0
44,38269_at,PRKD2,25865.0
45,37986_at,EPOR,2057.0
46,396_f_at,EPOR,2057.0
47,41512_at,BRAP,8315.0
48,40093_at,BCAM,4059.0
49,40489_at,ATN1,1822.0
50,41657_at,STK11,6794.0
51,38043_at,FAM3A,60343.0
52,39835_at,SBF1,6305.0
53,39891_at,ZNF710,374655.0
54,41577_at,PPP1R16B,26051.0
55,39817_s_at,DNPH1,10591.0
56,41644_at,SASH1,23328.0
57,41220_at,SEPTIN9,10801.0
58,41469_at,PI3,5266.0
59,38037_at,HBEGF,1839.0
60,37996_s_at,DMPK,1760.0
61,41387_r_at,KDM6B,23135.0
62,41386_i_at,KDM6B,23135.0
63,38241_at,BTN3A3,10384.0
64,38521_at,CD22,933.0
65,38340_at,HIP1R,9026.0
66,40665_at,FMO3,2328.0
67,38398_at,MADD,8567.0
68,40149_at,SH2B1,25970.0
69,38521_at,FFAR1,2864.0
70,39650_s_at,PCNX2,80003.0
71,40829_at,WDTC1,23038.0
72,38892_at,BICRAL,23506.0
73,40225_at,GAK,2580.0
74,39729_at,PRDX2,7001.0
75,40189_at,SET,6418.0
76,38447_at,GRK2,156.0
77,39249_at,AQP3,360.0
78,39248_at,AQP3,360.0
79,40569_at,MZF1,7593.0
80,40837_at,TLE2,7089.0
81,40850_at,FKBP8,23770.0
82,43511_s_at,ARRB1,408.0
83,38918_at,SOX13,9580.0
84,41858_at,PGAP2,27315.0
85,38707_r_at,E2F4,1874.0
86,44120_at,ADCK2,90956.0
87,41397_at,ZNF821,55565.0
88,43934_at,GPR137,56834.0
89,40148_at,APBB2,323.0
90,38710_at,OTUB1,55611.0
91,38158_at,ESPL1,9700.0
92,44065_at,RITA1,84934.0
93,39582_at,CYLD,1540.0
94,38069_at,CLCN7,1186.0
95,38487_at,STAB1,23166.0
96,40560_at,TBX2,6909.0
97,39549_at,NPAS2,4862.0
98,39548_at,NPAS2,4862.0
99,38703_at,DNPEP,23549.0
100,41329_at,SCYL3,57147.0
101,40687_at,GJA4,2701.0
0,47773_at,FBXO42,54455.0
1,47571_at,ZNF236,7776.0
2,52837_at,SHISAL1,85352.0
3,44790_s_at,RUBCNL,80183.0
4,47069_at,PRR5,55615.0
5,52255_s_at,COL5A3,50509.0
6,49679_s_at,MMP24OS,101410538.0
7,45828_at,DMAC2,55101.0
8,44783_s_at,HEY1,23462.0
9,47550_at,LZTS1,11178.0
10,44617_at,,
11,44669_at,SDHAF1,644096.0
12,52285_f_at,CEP76,79959.0
13,53968_at,INTS5,80789.0
14,48580_at,CXXC1,30827.0
15,49111_at,,
16,49452_at,ACACB,32.0
17,54051_at,PKNOX1,5316.0
18,46167_at,MROH7-TTC4,
19,47530_at,TRMO,51531.0
20,47560_at,ADGRL1,22859.0
21,51158_at,FAM174B,400451.0
22,48531_at,TNIP2,79155.0
23,52651_at,COL8A2,1296.0
24,50314_i_at,ADISSP,54976.0
25,47553_at,WHRN,25861.0
26,53202_at,,
27,44146_at,GMEB2,26205.0
28,44673_at,SIGLEC1,6614.0
29,46947_at,GNL3L,54552.0
30,49329_at,KLHL22,84861.0
31,52169_at,,
32,45572_s_at,GGA1,26088.0
33,50277_at,GGA1,26088.0
34,48825_at,ING4,51147.0
35,44702_at,SYDE1,85360.0
36,55065_at,MARK4,57787.0
37,48106_at,SLC48A1,55652.0
38,48808_at,DHFR,1719.0
39,52975_at,MVB12B,89853.0
40,49485_at,PRDM4,11108.0
41,54037_at,HPS4,89781.0
42,44822_s_at,MIER2,54531.0
43,44696_at,TBC1D13,54662.0
44,51226_at,CIBAR1,137392.0
45,50221_at,TFEB,7942.0
46,53968_at,GANAB,23193.0
47,45633_at,GINS3,64785.0
48,49878_at,PEX16,9409.0
49,51176_at,MED27,9442.0
50,49327_at,SIRT3,23410.0
51,50965_at,RAB26,25837.0
52,48117_at,SGF29,112869.0
53,46665_at,SEMA4C,54910.0
54,45526_g_at,NAA60,79903.0
55,52741_at,TRMT61A,115708.0
56,47083_at,INTS15,79034.0
57,49306_at,RASSF4,83937.0
58,44654_at,G6PC3,92579.0
59,53987_at,RANBP10,57610.0
60,51228_at,RBM12B,389677.0
61,51200_at,REX1BD,55049.0
62,49051_g_at,DTX3,196403.0
63,49049_at,DTX3,196403.0
64,52164_at,C11orf24,53838.0
65,50374_at,OXLD1,339229.0
66,52078_at,TMEM222,84065.0
67,54970_at,ZMIZ2,83637.0
68,53991_at,DENND2A,27147.0
69,45297_at,EHD2,30846.0
70,45714_at,HCFC1R1,54985.0
71,46270_at,UBAP1,51271.0
72,45687_at,PRR14,78994.0
73,54632_at,THADA,63892.0
74,48030_i_at,FAXDC2,10826.0
75,48031_r_at,FAXDC2,10826.0
76,49111_at,ARRB1,408.0
77,50400_at,PAOX,196743.0
78,53076_at,B4GALT7,11285.0
79,52731_at,AMBRA1,55626.0
80,53071_s_at,OGFOD3,79701.0
81,48612_at,N4BP1,9683.0
82,47608_at,TJAP1,93643.0
83,46142_at,LMF1,64788.0
84,50376_at,ZNF444,55311.0
85,46256_at,SPSB3,90864.0
86,51192_at,SSH3,54961.0
87,45749_at,RIPOR1,79567.0
88,52005_at,WIZ,58525.0
89,52169_at,STRADA,92335.0
90,53720_at,SHFL,55337.0
91,51774_s_at,UBE2D4,51619.0
92,52159_at,HEMK1,51409.0
93,52940_at,SIGIRR,59307.0
94,53202_at,C7orf25,79020.0
95,45653_at,KCTD13,253980.0
96,47105_at,DUS2,54920.0
97,44617_at,OGFOD2,79676.0
98,53912_at,SNX11,29916.0
99,46323_at,CANT1,124583.0
100,44563_at,WRAP53,55135.0
101,49077_at,PPME1,51400.0
102,45288_at,ABHD6,57406.0
103,51146_at,PIGV,55650.0
104,46167_at,TTC4,7268.0
105,48659_at,MIIP,60672.0
0,61874_at,CACFD1,11094.0
1,56197_at,PLSCR3,57048.0
2,56197_at,TMEM256-PLSCR3,
3,AFFX-HUMRGE/M10098_5_at,,
4,89476_r_at,STX16-NPEPL1,
5,57539_at,,
6,81737_at,,100505915.0
7,64418_at,SYNRG,11276.0
8,58696_at,MIR6847,102465510.0
9,60528_at,JMJD7-PLA2G4B,8681.0
10,564_at,GNA11,2767.0
11,64408_s_at,,
12,57739_at,DND1,373863.0
13,78047_s_at,MMP24OS,101410538.0
14,59433_at,,
15,91684_g_at,,
16,58696_at,,
17,632_at,GSK3A,2931.0
18,56748_at,TRIM10,10107.0
19,55081_at,MICALL1,85377.0
20,89476_r_at,NPEPL1,79716.0
21,89476_r_at,NPEPL1,124904942.0
22,91816_f_at,MEX3D,399664.0
23,60794_f_at,ZNF814,730051.0
24,58916_at,KCTD14,65987.0
25,66053_at,HNRNPUL2-BSCL2,
26,55583_at,DOCK6,57572.0
27,59631_at,TXNRD3,114112.0
28,60474_at,FERMT1,55612.0
29,65133_i_at,INO80B,83444.0
30,65133_i_at,INO80B-WBP1,
31,60471_at,RIN3,79890.0
32,91580_at,LRTM1,57408.0
33,64883_at,MOSPD2,158747.0
34,64432_at,MAPKAPK5-AS1,51275.0
35,58994_at,CC2D1A,54862.0
36,91952_at,DCAF15,90379.0
37,59644_at,BMP2K,55589.0
38,64408_s_at,CALML4,91860.0
39,89948_at,PCIF1,63935.0
40,61732_r_at,IFT74,80173.0
41,78330_at,ZNF335,63925.0
42,58308_at,TRIM62,55223.0
43,60528_at,PLA2G4B,100137049.0
44,91684_g_at,EXOSC4,54512.0
45,58696_at,EXOSC4,54512.0
46,78383_at,SMIM27,100129250.0
47,64064_at,GIMAP1-GIMAP5,100527949.0
48,59437_at,PIERCE1,138162.0
49,57739_at,,
50,64474_g_at,DGCR8,54487.0
51,91617_at,DGCR8,54487.0
52,66053_at,HNRNPUL2,221092.0
53,823_at,CX3CL1,6376.0
54,62212_at,,
55,56256_at,SIDT2,51092.0
56,65630_at,TMEM80,283232.0
57,55093_at,CHPF2,54480.0
58,90610_at,,
59,65517_at,AP1M2,10053.0
60,60815_at,POLR2J4,84820.0
61,60815_at,POLR2J4,401331.0
62,60815_at,RASA4CP,84820.0
63,60815_at,RASA4CP,401331.0
64,56919_at,WDR48,57599.0
65,65591_at,WDR48,57599.0
66,59375_at,MYO15B,80022.0
67,90265_at,COX19,90639.0
68,65718_at,ADGRA2,25960.0
69,78495_at,ZNF783,100289678.0
70,55872_at,ZNF512B,57473.0
71,63009_at,SHQ1,55164.0
72,65884_at,MAN1B1,11253.0
73,76897_s_at,FKBP15,23307.0
74,55093_at,MIR671,768213.0
75,57540_at,RBKS,64080.0
76,57588_at,SLC24A3,57419.0
77,57539_at,ZGPAT,84619.0
78,55692_at,ELMO2,63916.0
79,89977_at,ACSM5,54988.0
80,57739_at,DND1P1,
81,55616_at,PGAP3,93210.0
82,63825_at,ABHD2,11057.0
83,87100_at,ABHD2,11057.0
84,64900_at,TMEM231,79583.0
85,58780_s_at,ARHGEF40,55701.0
86,55662_at,ARMH3,79591.0
87,65472_at,C2orf68,388969.0
88,56256_at,TAGLN,6876.0
89,61297_at,CASKIN2,57513.0
90,90265_at,ADAP1,11033.0
91,57703_at,SENP5,205564.0
92,62987_r_at,CACNG4,27092.0
93,59625_at,NOL3,8996.0
94,65493_at,HEATR6,63897.0
95,59705_at,SCLY,51540.0
96,91920_at,BCAN,63827.0
97,56829_at,TRAPPC9,83696.0
98,64371_at,SUGP2,10147.0
99,59375_at,SMIM5,643008.0
100,63305_at,PKNOX2,63876.0
101,59697_at,RAB15,376267.0
102,61734_at,RCN3,57333.0
103,65635_at,ENGASE,64772.0
104,AFFX-HSAC07/X00351_M_at,ACTB,60.0
105,AFFX-HSAC07/X00351_3_at,ACTB,60.0
106,AFFX-HSAC07/X00351_5_at,ACTB,60.0
107,57516_at,ZNF764,92595.0
108,91826_at,EPS8L1,54869.0
109,79005_at,SLC35E1,79939.0
110,62212_at,C1orf50,79078.0
111,58367_s_at,ZNF419,79744.0
112,56821_at,SLC38A7,55238.0
113,57715_at,CALHM2,51063.0
114,55705_at,R3HDM4,91300.0
115,65770_at,RHOT2,89941.0
116,64438_at,OGFOD3,79701.0
117,57532_at,DVL2,1856.0
118,59999_at,HIF1AN,55662.0
119,64486_at,CORO1B,57175.0
120,64899_at,PLPPR2,64748.0
121,AFFX-HUMISGF3A/M97935_MA_at,STAT1,6772.0
122,AFFX-HUMISGF3A/M97935_5_at,STAT1,6772.0
123,AFFX-HUMISGF3A/M97935_MB_at,STAT1,6772.0
124,AFFX-HUMISGF3A/M97935_3_at,STAT1,6772.0
125,60084_at,CYLD,1540.0
126,65086_at,YIPF2,78992.0
127,58900_at,UBE2D4,51619.0
128,65521_at,UBE2D4,51619.0
129,AFFX-HUMGAPDH/M33197_5_at,GAPDH,2597.0
130,AFFX-HUMGAPDH/M33197_3_at,GAPDH,2597.0
131,AFFX-HUMGAPDH/M33197_M_at,GAPDH,2597.0
132,64488_at,IRGQ,126298.0
133,65438_at,MEAK7,57707.0
134,77508_r_at,RABEP2,79874.0
135,74694_s_at,RABEP2,79874.0
136,90610_at,LRCH4,4034.0
137,635_s_at,PPP2R5B,5526.0
138,91703_at,EHBP1L1,254102.0
139,64064_at,GIMAP5,55340.0
140,64942_at,GPR153,387509.0
141,57082_at,LDLRAP1,26119.0
142,57163_at,ELOVL1,64834.0
