strat,imp,method,post_rm,status,compute_time_s,asw_batch_COHORT_LABEL,asw_batch_PLATFORM_RNA,asw_batch_RNASEQ_SOURCE,asw_batch_RNA_BATCH,asw_batch_norm_COHORT_LABEL,asw_batch_norm_PLATFORM_RNA,asw_batch_norm_RNASEQ_SOURCE,asw_batch_norm_RNA_BATCH,asw_bio_Diagnosis_cell_type_unified,asw_bio_Major_group,asw_bio_PLATFORM_RNA,asw_bio_TUMOR_NORMAL,asw_bio_norm_Diagnosis_cell_type_unified,asw_bio_norm_Major_group,asw_bio_norm_PLATFORM_RNA,asw_bio_norm_TUMOR_NORMAL,avg_inter_dist_COHORT_LABEL,avg_inter_dist_Diagnosis_cell_type_unified,avg_inter_dist_Major_group,avg_inter_dist_PLATFORM_RNA,avg_inter_dist_RNASEQ_SOURCE,avg_inter_dist_RNA_BATCH,avg_inter_dist_TUMOR_NORMAL,avg_intra_dist_COHORT_LABEL,avg_intra_dist_Diagnosis_cell_type_unified,avg_intra_dist_Major_group,avg_intra_dist_PLATFORM_RNA,avg_intra_dist_RNASEQ_SOURCE,avg_intra_dist_RNA_BATCH,avg_intra_dist_TUMOR_NORMAL,below_1_fraction_by_batch_max,below_1_fraction_by_batch_min,clisi_mean_Diagnosis_cell_type_unified,clisi_mean_Major_group,clisi_mean_PLATFORM_RNA,clisi_mean_TUMOR_NORMAL,cms_fraction_mixed_COHORT_LABEL,cms_fraction_mixed_PLATFORM_RNA,cms_fraction_mixed_RNASEQ_SOURCE,cms_fraction_mixed_RNA_BATCH,cms_mean_COHORT_LABEL,cms_mean_PLATFORM_RNA,cms_mean_RNASEQ_SOURCE,cms_mean_RNA_BATCH,dist_ratio_COHORT_LABEL,dist_ratio_Diagnosis_cell_type_unified,dist_ratio_Major_group,dist_ratio_PLATFORM_RNA,dist_ratio_RNASEQ_SOURCE,dist_ratio_RNA_BATCH,dist_ratio_TUMOR_NORMAL,dsc_COHORT_LABEL,dsc_PLATFORM_RNA,dsc_RNASEQ_SOURCE,dsc_RNA_BATCH,dsc_pvalue_COHORT_LABEL,dsc_pvalue_PLATFORM_RNA,dsc_pvalue_RNASEQ_SOURCE,dsc_pvalue_RNA_BATCH,error,error_A,error_B,error_C,error_E,error_G,error_H,error_embeddings,exp_max,exp_median,exp_min,exp_p01,exp_p05,exp_p25,exp_p75,exp_p95,exp_p99,exp_std,fraction_cohorts_bimodal,fraction_cohorts_zero_inflated_bimodal,fraction_genes_below_1,graph_connectivity_Diagnosis_cell_type_unified,graph_connectivity_Major_group,graph_connectivity_PLATFORM_RNA,graph_connectivity_TUMOR_NORMAL,ilisi_mean_COHORT_LABEL,ilisi_mean_PLATFORM_RNA,ilisi_mean_RNASEQ_SOURCE,ilisi_mean_RNA_BATCH,ilisi_norm_COHORT_LABEL,ilisi_norm_PLATFORM_RNA,ilisi_norm_RNASEQ_SOURCE,ilisi_norm_RNA_BATCH,kbet_acceptance_rate_COHORT_LABEL,kbet_acceptance_rate_PLATFORM_RNA,kbet_acceptance_rate_RNASEQ_SOURCE,kbet_acceptance_rate_RNA_BATCH,ks_cohort_within_batch_frac_sig,ks_cohort_within_batch_mean_D,ks_frac_sig_COHORT_LABEL,ks_frac_sig_PLATFORM_RNA,ks_frac_sig_RNA_BATCH,ks_mean_D_COHORT_LABEL,ks_mean_D_PLATFORM_RNA,ks_mean_D_RNA_BATCH,n_batches,n_cohorts,n_cohorts_bimodal,n_cohorts_zero_inflated_bimodal,n_diagnosis_groups,n_genes,n_samples,n_samples_per_batch_max,n_samples_per_batch_median,n_samples_per_batch_min,n_samples_per_batch_sd,pcr_COHORT_LABEL,pcr_Diagnosis_cell_type_unified,pcr_Major_group,pcr_PLATFORM_RNA,pcr_RNASEQ_SOURCE,pcr_RNA_BATCH,pcr_TUMOR_NORMAL,per_batch_median_cv,per_gene_batch_mean_cv_COHORT_LABEL,per_gene_batch_mean_cv_PLATFORM_RNA,per_gene_batch_mean_cv_RNA_BATCH,r2_COHORT_LABEL,r2_Major_group,r2_PLATFORM_RNA,r2_RNASEQ_SOURCE,r2_RNA_BATCH,r2_TUMOR_NORMAL,r2_pc10_COHORT_LABEL,r2_pc10_PLATFORM_RNA,r2_pc10_RNASEQ_SOURCE,r2_pc10_RNA_BATCH,r2_pc1_COHORT_LABEL,r2_pc1_PLATFORM_RNA,r2_pc1_RNASEQ_SOURCE,r2_pc1_RNA_BATCH,r2_pc2_COHORT_LABEL,r2_pc2_PLATFORM_RNA,r2_pc2_RNASEQ_SOURCE,r2_pc2_RNA_BATCH,r2_pc3_COHORT_LABEL,r2_pc3_PLATFORM_RNA,r2_pc3_RNASEQ_SOURCE,r2_pc3_RNA_BATCH,r2_pc4_COHORT_LABEL,r2_pc4_PLATFORM_RNA,r2_pc4_RNASEQ_SOURCE,r2_pc4_RNA_BATCH,r2_pc5_COHORT_LABEL,r2_pc5_PLATFORM_RNA,r2_pc5_RNASEQ_SOURCE,r2_pc5_RNA_BATCH,r2_pc6_COHORT_LABEL,r2_pc6_PLATFORM_RNA,r2_pc6_RNASEQ_SOURCE,r2_pc6_RNA_BATCH,r2_pc7_COHORT_LABEL,r2_pc7_PLATFORM_RNA,r2_pc7_RNASEQ_SOURCE,r2_pc7_RNA_BATCH,r2_pc8_COHORT_LABEL,r2_pc8_PLATFORM_RNA,r2_pc8_RNASEQ_SOURCE,r2_pc8_RNA_BATCH,r2_pc9_COHORT_LABEL,r2_pc9_PLATFORM_RNA,r2_pc9_RNASEQ_SOURCE,r2_pc9_RNA_BATCH,tsne_centroid_disp_COHORT_LABEL,tsne_centroid_disp_PLATFORM_RNA,tsne_centroid_disp_RNASEQ_SOURCE,tsne_centroid_disp_RNA_BATCH,tsne_entropy_mean_COHORT_LABEL,tsne_entropy_mean_PLATFORM_RNA,tsne_entropy_mean_RNASEQ_SOURCE,tsne_entropy_mean_RNA_BATCH,tsne_entropy_norm_COHORT_LABEL,tsne_entropy_norm_PLATFORM_RNA,tsne_entropy_norm_RNASEQ_SOURCE,tsne_entropy_norm_RNA_BATCH,umap_centroid_disp_COHORT_LABEL,umap_centroid_disp_PLATFORM_RNA,umap_centroid_disp_RNASEQ_SOURCE,umap_centroid_disp_RNA_BATCH,umap_entropy_mean_COHORT_LABEL,umap_entropy_mean_PLATFORM_RNA,umap_entropy_mean_RNASEQ_SOURCE,umap_entropy_mean_RNA_BATCH,umap_entropy_norm_COHORT_LABEL,umap_entropy_norm_PLATFORM_RNA,umap_entropy_norm_RNASEQ_SOURCE,umap_entropy_norm_RNA_BATCH,zero_fraction_by_batch_max,zero_fraction_by_batch_min,zero_fraction_global
A_confirmed_bad,knn,01_raw,False,ok,3895.5,0.3285168705558235,0.04862779369096973,0.04750410517857408,0.037948303565324436,0.6714831294441765,0.9513722063090303,0.9524958948214259,0.9620516964346756,-0.17075783835985633,-0.10376361792900327,0.04862779369096973,0.011857631034336076,0.4146210808200718,0.4481181910354984,0.5243138968454849,0.5059288155171681,397.3035965468329,421.10550076429746,426.1381127514451,426.0092297794456,389.0768358926214,407.60680440752003,374.0180261452715,124.07877947526535,334.4359677466422,330.5763606513748,306.69358708429473,383.2723744149689,245.9634262411927,390.4185051872649,0.39152536019093553,0.0,1.41069583086452,1.0925489794612233,1.0358717420810375,1.0166986474065498,0.6119205298013245,0.36533333333333334,0.8079178885630498,0.633308984660336,0.13549984818267719,0.06961639208011063,0.1841171516860189,0.13445084297556584,0.3123021803821988,0.7941857020144549,0.7757493421955222,0.7199223999045203,0.9850814519339455,0.6034330722194756,1.0438494347746312,52.55194841428279,1.1952477895314046,0.09400800268194778,2.8517400531257873,0.001,0.001,0.001,0.001,,,,,,,,,23.961079934831595,4.060209756232078,0.0,0.0,0.04361036371120458,2.343649885202598,6.631592595998,11.312366593867832,15.141824556685648,3.4304129313159324,0.14285714285714285,0.0,0.1261136090485699,0.8044733044733046,0.5597943722943722,0.8395833333333333,0.09821428571428571,1.468968327166549,1.0358717420810375,1.0331226204595696,1.142217964223722,0.00565022080923553,0.0023914494720691662,0.033122620459569596,0.005688718568948881,0.0,0.003676470588235281,0.03308823529411764,0.0,0.7814358974358975,0.5849906658370392,0.9033786574870912,0.9554583333333333,0.9552933333333333,0.8367544372045065,0.8043966082979264,0.7986032491895133,26.0,84.0,12.0,0.0,15.0,15195.0,5444.0,1039.0,44.0,2.0,332.81118694215513,0.050517911172964225,0.7628881185696255,0.7591814536189855,0.5017954945293329,0.9217710497170927,0.3093889073803735,0.9657953083501164,0.3234016240670074,0.5625215573874279,0.40719486775699815,0.49882222474387394,0.8990359278530222,0.16157478130516628,0.4265819285701241,0.06204965776422514,0.6163514000495974,0.0659896753015615,0.9340606674923959,0.5650493544464095,0.05332563751649185,0.6034344263114976,0.9868348040446786,0.5583922636007587,0.08625551274177538,0.7346138143346841,0.9475837992122947,0.4591883715874677,0.08393527607333658,0.7756819423524897,0.9648597421410218,0.47679570675314337,0.0006247547029501514,0.6819550338188104,0.9242299544620742,0.22795039785497126,0.2509885293892063,0.7007402291170817,0.9542732956031439,0.5926040692978383,0.08393622323109838,0.806507740024217,0.8872301976460676,0.23331948248129641,0.0022082594153984545,0.3505912258117278,0.9550412628046681,0.5363961586818614,0.016693338304247334,0.6883423545618436,0.5791567813077073,0.12822759657271374,0.042352679318782,0.28462225836011906,0.8570887738161711,0.48789588442478116,0.0001763669489648948,0.5370249758035034,1.1223671436309814,0.7586997747421265,0.3141873776912689,0.9827567338943481,0.3082085241229115,0.03482540383739764,0.04303280858287803,0.12134685947315783,0.06956020483703386,0.012560609353292264,0.062083219538042154,0.03724470962019043,0.9322510361671448,0.9282755851745605,0.12599675357341766,0.8858817219734192,0.3238550753840888,0.04209078267203865,0.04485083399874854,0.13601349376457797,0.07309150661987035,0.015181040857021318,0.06470607578972865,0.041746305604306554,0.17489840056473818,0.0,0.040672881248157974
A_confirmed_bad,knn,02_median_scaling,False,ok,3650.1,0.0799804028753326,-0.36423325723049116,-0.0007123419354267893,-0.3326677546990434,0.9200195971246674,0.6357667427695088,0.9992876580645732,0.6673322453009566,-0.14412696779232292,-0.017925489002385348,-0.36423325723049116,0.16870532243872602,0.42793651610383854,0.49103725549880733,0.3178833713847544,0.584352661219363,249.80375154176326,271.6500602334087,271.6036156346039,239.61921877089574,241.5058065725411,244.3393729450061,281.40655402584184,124.2614650139647,204.979675290723,207.39403842820963,254.3046804011273,247.05752820909953,245.96342624120234,230.48505709036093,0.08927669339498658,0.005735439289239881,1.5408873192258135,1.237040084950983,1.4773067728648306,1.0709533279873336,0.5852425876010782,0.6144024514811032,0.7864768683274022,0.6041574524546661,0.12529878732728586,0.13008657938550003,0.17203917216583126,0.12730243167212463,0.49743634451858953,0.7545725376044431,0.7635908599509321,1.06128666016674,1.0229879426724708,1.0066467114023485,0.8190465139955314,11.448947677653896,0.05304954138277344,0.01150901206247474,0.07739956485247874,0.001,0.001,0.001,0.001,,,,,,,,,25.52792017904451,4.20726649987521,-14.18474040032633,-0.0272203157723465,1.4198225455845557,2.3508748814471865,6.179808092572586,9.380440717485387,12.212810511496029,2.6326123645963975,0.011904761904761904,0.0,0.027802636264926274,0.7333333333333333,0.6166666666666667,0.8065476190476191,0.15555555555555556,1.9243842920710246,1.4773067728648306,1.1233654176331043,1.6095246484222292,0.011137160145434031,0.03182045152432204,0.12336541763310427,0.024380985936889168,0.012867647058823484,0.044117647058823484,0.09191176470588236,0.005514705882352922,0.7814358974358975,0.5848437756779808,0.8362607573149742,0.535525,0.59981,0.74129558650815,0.3436121172693077,0.3526746738158921,26.0,84.0,1.0,0.0,15.0,15195.0,5444.0,1039.0,44.0,2.0,332.81118694215513,0.16708234966611424,0.7568296049741691,0.7753987121329369,0.9553746565333209,0.986400771863609,0.9199264280107969,0.9144529379093721,0.06088451842797178,0.45458356119390986,0.06968715869054555,0.08489085926589061,0.7492955147775207,0.11140722048990095,0.047006149848231246,0.020979388499785326,0.11156391595313819,0.03733155428804249,0.737799610464837,0.07097490506172924,0.015279402220777274,0.10427422646615064,0.9577670523626681,0.03906933232977288,0.012987354414006535,0.05293400406146403,0.6691130441268149,0.12475014137781888,0.0007934389485259839,0.19618255721399933,0.8952675236565356,0.012132564740330943,0.0010251565787576156,0.08250973147151762,0.8257035925544898,0.03653075091954622,0.0007823330901004172,0.058332059950964466,0.8217449042767857,0.04817803011800971,0.08553602339094898,0.16802082659479364,0.49411005067061287,0.021214971294400874,0.00021960013880737504,0.04511025897632456,0.6109496409582902,0.019172626966858182,0.0799822922028771,0.12450583714389729,0.9248973949475876,0.038686474836993355,0.0015039243430875202,0.10487774846439546,0.5556023337565855,0.059351700836852185,0.01168435966996448,0.17889190918787481,1.021880865097046,0.3259221911430359,0.07192583382129669,0.3851531744003296,0.47684544790219846,0.21581302362618227,0.07634545780124356,0.2908902658848991,0.10762021305567888,0.07783809473618647,0.11014321336425172,0.0892822734041962,1.0088908672332764,0.20990855991840363,0.05490320920944214,0.23490428924560547,0.563731667502484,0.27844891739383604,0.10244531211609846,0.3676500570359237,0.1272297395933068,0.10042921806624697,0.1477973437522173,0.1128419777454426,0.0003290556103981573,0.0,0.00019016803112319663
A_confirmed_bad,knn,03_limma,False,ok,3732.9,0.172875868930151,-0.3162608519413007,-0.006915309978818591,-0.28054510271942346,0.827124131069849,0.6837391480586993,0.9930846900211814,0.7194548972805765,-0.11268493594121562,-0.01154345369097121,-0.3162608519413007,0.15348217049660004,0.4436575320293922,0.4942282731545144,0.34186957402934964,0.5767410852483,245.27450867128547,267.72222305635995,267.477438898143,235.1096838321212,235.31166763647514,239.32123699461448,274.44073714682065,124.16926937492521,200.02814839736257,202.75113869331074,250.28791439736528,244.22940951457716,245.96342624120294,227.14256183172714,0.06880281359098983,0.0,1.5132473049658213,1.2176931508557367,1.3387769865950243,1.0727822666490023,0.54,0.5413584398117014,0.7950680272108843,0.5311438278595696,0.11450714518576964,0.11370903858047147,0.1743520697325323,0.11270214527215999,0.5062461241797274,0.7471480929517508,0.7580121132030113,1.064558083350076,1.0378975762981661,1.0277542826119437,0.8276561424268808,11.06388598342904,2.8737849289303837e-30,1.8924907150978112e-31,1.197426939989234e-29,0.001,1.0,1.0,1.0,,,,,,,,,24.342538480179385,4.691014029994817,-8.429545139319737,0.4631062065298685,1.5950113409918074,2.925301501748751,6.64335291672746,9.538418181517951,11.927734624997905,2.5618845493731546,0.011904761904761904,0.0,0.01582623300957259,0.8333333333333334,0.6166666666666667,0.7961309523809523,0.19642857142857142,1.7458816677799591,1.3387769865950243,1.0687160352418397,1.42480704557791,0.008986526117830834,0.02258513243966829,0.06871603524183967,0.016992281823116403,0.0018382352941176405,0.005514705882352922,0.044117647058823484,0.0,0.7814615384615384,0.5849101851095342,0.8683430866322432,0.6005916666666666,0.6755133333333333,0.7715450574497215,0.4054642193347519,0.42205661438722086,26.0,84.0,1.0,0.0,15.0,15195.0,5444.0,1039.0,44.0,2.0,332.81118694215513,0.18097377966712258,0.7293317242304325,0.7498806000471918,1.0,1.0,1.0,0.9260663480816602,0.04279549281628244,0.3406519660262955,1.060762440877463e-15,1.1802181462660196e-15,0.7166248835821675,0.10634559122916123,2.5939630862093253e-30,2.1807141077828492e-31,1.023346072969301e-29,0.03722907726165835,0.570667847359722,2.3208058214245406e-30,9.693337821322695e-31,8.922426700753198e-30,0.9560168857444342,2.966673643935072e-30,1.3449117886087095e-31,1.1189606358965977e-29,0.6216809372295472,4.196947739868664e-30,1.3586711088765093e-31,1.9575835867377678e-29,0.840173952450891,3.400019872280547e-30,2.8674579176440685e-31,1.4990402504458696e-29,0.8217899964271514,2.6296504568734684e-30,1.7336252357240757e-32,8.454982663580217e-30,0.7329155029100897,4.9853489842307684e-30,2.2413669215784497e-31,2.077234303968e-29,0.4821305702404351,1.1523647743242276e-30,1.488199715099805e-32,5.255242911238622e-30,0.6243718070627945,3.076338021787865e-30,2.6751435746709936e-31,8.208993605022024e-30,0.8717093777688363,8.26922579588176e-32,8.74630868280036e-33,6.393828729766753e-31,0.644791958627772,1.12878928940928e-30,1.216606363216675e-31,4.3253907728770296e-30,0.993000328540802,0.26992979645729065,0.025373974815011024,0.30884483456611633,0.4051441569111551,0.15310519516977422,0.0660481970994366,0.21677213718000557,0.09143780375142568,0.055221026451442536,0.095287406415014,0.06653336837945355,0.9041445255279541,0.3841298520565033,0.1568676084280014,0.3929171562194824,0.46069210406103456,0.19303213266306254,0.07876133921107167,0.2686526192056882,0.10397453223100998,0.06962162513130521,0.11362859349358657,0.08245692417967171,0.0,0.0,0.0
A_confirmed_bad,knn,04_sva,False,ok,3983.2,0.31362669391879705,0.03830933316933128,0.049031374358372744,0.024287853333471283,0.686373306081203,0.9616906668306687,0.9509686256416272,0.9757121466665287,-0.1665696174779726,-0.10025100767323245,0.03830933316933128,0.014359638875159753,0.4167151912610137,0.44987449616338376,0.5191546665846657,0.5071798194375798,395.14992983855393,419.05378047092563,424.03374959742337,422.5950676338029,388.20628809148593,405.01293063280775,373.1029960379997,130.1562867581497,332.97981424178334,329.17154558147763,308.05066472614334,380.6933481533234,249.20527515397248,388.2671278556206,0.3934963616446116,0.0,1.4105240785833173,1.0927591079674643,1.0360808579450804,1.0166473648591574,0.6108352144469525,0.368,0.8035982008995503,0.631189948263119,0.1353302281510908,0.06823530558489702,0.18545153140304865,0.13448938673850871,0.32938456249081843,0.7945992370420479,0.7762861939503455,0.7289499767495694,0.9806470421303635,0.615302021998667,1.040643286113083,36.38726590721862,1.1512108361271354,0.09882444031336778,2.70787394438242,0.001,0.001,0.001,0.001,,,,,,,,,23.96024000572269,4.066142413339944,-0.0664464218347985,-0.0169569153506423,0.03331209496567581,2.3371099474361854,6.632322163462817,11.293948309732384,15.119335774672575,3.423452990156596,0.14285714285714285,0.0,0.12387641773766894,0.8032828282828283,0.5568181818181818,0.8083333333333333,0.09583333333333333,1.4701291742734883,1.0360808579450804,1.0330649981321574,1.142277048827705,0.005664206918957691,0.0024053905296720283,0.03306499813215735,0.005691081953108199,0.0,0.003676470588235281,0.03308823529411764,0.0,0.7802435897435898,0.5832497338752886,0.903161503155479,0.9553083333333333,0.9548833333333333,0.8361359707644381,0.8035279870562391,0.7973182127245779,26.0,84.0,12.0,0.0,15.0,15195.0,5444.0,1039.0,44.0,2.0,332.81118694215513,0.057238142523903135,0.7648786085514194,0.7611263325667724,0.5088828398550717,0.9189010399309714,0.31778283983692246,0.964860231266706,0.323418221606662,0.5653436379353072,0.407890818349518,0.4998833058479939,0.8963050571104203,0.16124637256252877,0.42551827339185777,0.061581806118383875,0.6131803285122148,0.06599048883826272,0.9273964329748505,0.5160750110841145,0.05354285628111911,0.5577675596512155,0.9780078375149517,0.5473618879384169,0.09161897565719569,0.7230861430903474,0.9443386221141722,0.4608585886732505,0.07970558179078045,0.7741929570071657,0.9636090462002735,0.4838943776886408,0.0011268204792182863,0.6807923958196196,0.9102958358743033,0.2229780918517291,0.24493496585735175,0.6878042341065563,0.9552742692763724,0.5949883149669111,0.08324334628245708,0.8080388143742713,0.8880413250976555,0.23166660898192795,0.0024918280517308654,0.34974842646472715,0.946130600741489,0.5367112591573564,0.016489009414050515,0.6867059313763152,0.5853584154274581,0.1297491979215764,0.04260173355413507,0.28846628905607097,0.8645981858826772,0.5308993956546544,6.294381579987952e-05,0.5752005341758588,1.094209909439087,0.7803237438201904,0.3132403492927551,0.9734455347061157,0.3038154556172805,0.034328004441947564,0.037473803572847596,0.11641389777606259,0.06856872432563518,0.012381210443003015,0.054063270577794344,0.03573064714858214,0.9784537553787231,0.8732467293739319,0.33641281723976135,0.8450750708580017,0.32413383395728573,0.04007990006388501,0.0459914360101652,0.13408047890828234,0.07315442020575133,0.014455768265373039,0.06635161665522743,0.0411530098459588,0.0,0.0,0.0
A_confirmed_bad,knn,05_combat,False,ok,3811.8,0.3051464926577283,-0.026848072164581287,0.0270994039680565,-0.03731202773799534,0.6948535073422717,0.9731519278354187,0.9729005960319435,0.9626879722620046,-0.0656597777348249,0.005157424061962598,-0.026848072164581287,0.06514214691186498,0.46717011113258755,0.5025787120309813,0.48657596391770935,0.5325710734559325,346.02471290992435,371.17500826050264,375.97154966657934,364.4230023024012,335.9725189512411,351.46439844644834,339.0652409154514,129.61294945620202,287.02958236516895,283.4053662990856,282.8186407055613,337.807696149222,243.68270562383012,336.18547592013357,0.28420074891390823,1.7236246258951096e-05,1.3696431260052548,1.0978233346828588,1.0629217786296132,1.0224020354067103,0.5828249648052557,0.36129032258064514,0.8219895287958116,0.5725865880619012,0.12801240451639723,0.0749823053449255,0.18662449655405366,0.12561917097410735,0.37457714614141535,0.7732998611903372,0.7537947127925406,0.7760724183674774,1.0054622836525724,0.6933353895898489,0.9915067525425412,30.339714261566385,0.7842533020610141,0.031151461408805176,1.2201208072608187,0.001,0.001,0.001,0.001,,,,,,,,,30.677164670794177,4.277204809409957,-8.680536147978138,0.0,0.11512251367681249,2.35785379732108,6.66494291682196,10.494696129394585,14.075850372958731,3.175657009267714,0.07142857142857142,0.0,0.09930435322922991,0.8824074074074074,0.5810185185185185,0.8285984848484849,0.1607142857142857,1.4442602709304362,1.0629217786296132,1.0232187165621358,1.1471213973140877,0.00535253338470405,0.004194785241974215,0.02321871656213581,0.005884855892563507,0.0,0.0,0.014705882352941124,0.0,0.7879102564102564,0.5866096167109316,0.8744716006884682,0.85505,0.8850533333333334,0.7938595656373317,0.6929621529893747,0.6877125969715229,26.0,84.0,6.0,0.0,15.0,15195.0,5444.0,1039.0,44.0,2.0,332.81118694215513,0.09685356405162648,0.681259840127751,0.6841177248117476,0.6343922219165811,0.956612141759146,0.5018051716346907,0.9262635890599027,0.2495730801345719,0.49741863372665496,0.3806932579134136,0.4186917072195559,0.8147478416380534,0.18126146023933903,0.24146127435492395,0.07140000860535672,0.4149312623287485,0.07580771884969488,0.4740123883169245,0.07435939196256452,0.026835571978868832,0.11713343935045474,0.9725252586814566,0.3925530238444064,0.033413702270616914,0.5187301201058149,0.9523094681724921,0.60680256458791,0.018807690309494838,0.6593668510231478,0.8983211908489653,0.31122402509822744,0.2676519190316713,0.7538129143702427,0.9245805072383696,0.2272506979197546,0.024183354633372952,0.4251894529842015,0.8374152369234752,0.0546808720129185,0.17123103235519124,0.42932677697799654,0.722481143819502,0.22067233818734192,0.0006687374735017612,0.25122973173856655,0.6890762904218546,0.11658637886784426,0.024114283647583265,0.3662672147394682,0.7940929373926155,0.04456976012848115,0.04160708699783146,0.102576761884331,0.8826639945648779,0.3659136909397907,0.10548670735543465,0.5256793601132612,1.0654194355010986,0.9801872968673706,0.21718624234199524,1.0583789348602295,0.2905822196233442,0.04563457402849258,0.02741657373607091,0.1140908450715935,0.06558208854385542,0.016459193410996633,0.039553754967196104,0.035017637979774696,0.8748920559883118,0.9453915357589722,0.2130059450864792,0.8701550364494324,0.30824201527308404,0.05070807250809537,0.029965490830762734,0.12674733345596415,0.06956776352241693,0.018289071185116794,0.0432310650193451,0.038902264551354565,0.09937146213153061,0.0,0.031524833060490386
A_confirmed_bad,knn,06_combat_seq,False,ok,3687.9,0.3164333133963224,0.0119299143139165,0.04161781666782882,-0.07851567549631723,0.6835666866036776,0.9880700856860835,0.9583821833321712,0.9214843245036828,-0.14645533233858232,-0.06739303810741913,0.0119299143139165,0.03567939929922481,0.42677233383070884,0.4663034809462904,0.5059649571569582,0.5178396996496124,385.567964476376,410.89941560132297,415.86644608361297,408.5545509443641,375.7403105691621,392.70749977323226,370.48351271084965,143.0877640497419,323.6274817361717,319.8792276779623,310.06637090165987,375.1853143713729,264.1688825721408,377.32627842681234,0.330073600159946,0.0,1.4001830737303584,1.0971609717822397,1.0338976796197599,1.019774633824215,0.5895953757225434,0.3282674772036474,0.8049242424242424,0.5732758620689655,0.13157949423196819,0.06752789928044757,0.18547058866848404,0.12666834396298074,0.3711090578909052,0.7876075493136567,0.7691873934297846,0.7589350557592587,0.9985229261216384,0.6726861155559399,1.0184698251911233,43.631868133593805,1.1670587568848747,0.0932511158430473,2.737407340919116,0.001,0.001,0.001,0.001,,,,,,,,,30.0,4.0,0.0,0.0,0.0,2.0,7.0,12.0,16.0,3.5584345821032257,0.08333333333333333,0.07142857142857142,0.09845889065465142,0.8388888888888889,0.5694444444444445,0.8390151515151515,0.11904761904761904,1.437707468665709,1.0338976796197599,1.0241250998164306,1.119862999717928,0.005273583959827819,0.002259845307983991,0.02412509981643063,0.0047945199887171166,0.0,0.003676470588235281,0.016544117647058876,0.0,0.5962051282051282,0.4428208333474539,0.7550570854847963,0.846275,0.8668833333333333,0.7104131283667219,0.6843291578144437,0.6988296197859574,26.0,84.0,7.0,6.0,15.0,15195.0,5444.0,1039.0,44.0,2.0,332.81118694215513,0.06339048603800712,0.7294602954963432,0.7240191326088745,0.5282082202410912,0.9263222082107087,0.35505443172435824,0.9599368505502864,0.27817308076947445,0.5332353853252315,0.3505610330035593,0.44606774739000676,0.8450575443148753,0.19202440087164716,0.24968854200571342,0.04394394780277255,0.3891179532991066,0.07920598501800738,0.7725838985752516,0.3462258966331265,0.05905520414826297,0.507713962103333,0.9843998891201371,0.5498060387084935,0.0872504336858851,0.7352048056965509,0.9080799282379461,0.4235183828452978,0.06534420876671394,0.7041406979249765,0.955931200079163,0.3570898081497701,0.02515918274725547,0.4521321540300433,0.9267856113819006,0.22719767217932785,0.016275842694712293,0.24870675050571997,0.8255312468451205,0.06545625401453573,0.03649958475380125,0.2150583795220989,0.6379579267809443,0.08342154599649942,0.09306634820463162,0.3660770431312632,0.8627630802278875,0.11432807275625292,0.0038469251674482967,0.14910160595019398,0.7270733251642434,0.25416942931161274,0.0014495717873604119,0.29443513183706155,0.8494693367361594,0.07567231946221774,0.05149217607165408,0.21860900228982413,1.1371381282806396,0.9466804265975952,0.25040969252586365,1.0589390993118286,0.28374325912239207,0.031675607438667375,0.025865277757506678,0.09903576888976008,0.06403858972378741,0.011424560442227746,0.03731570795197049,0.030396818428805896,0.911726713180542,0.9850469827651978,0.18449503183364868,0.9101976156234741,0.29989194599470365,0.0369319854812274,0.024787597992127593,0.11129487357077542,0.06768321950774221,0.013320398075987491,0.03576094469879171,0.034159476943663725,0.330073600159946,0.0,0.09845889065465142
A_confirmed_bad,knn,07_pycombat,False,ok,3436.7,0.16655681657806504,-0.3016077420601092,0.007182371483825804,-0.27814705580520177,0.8334431834219349,0.6983922579398908,0.9928176285161742,0.7218529441947983,-0.12388685329737394,0.06133723522548057,-0.3016077420601092,0.13528539551354185,0.43805657335131304,0.5306686176127403,0.3491961289699454,0.5676426977567709,192.28907006204844,203.18012512867907,203.26949974142892,186.02679349785552,190.91338563610805,188.4707502085927,207.02952964541703,124.60259424926484,169.41846269833778,170.48596205576956,196.23801780496507,188.27051987108496,195.83708002205353,182.7510507028084,0.03123571968169663,0.0,1.5258365650854655,1.2204487098485066,1.341208867582794,1.0685182568272777,0.5022258195062728,0.47470817120622566,0.7859952793076318,0.4720496894409938,0.10503262625174038,0.09537113232787779,0.17253275695203626,0.09827874287763774,0.6479962392509241,0.8338338338508298,0.8387188548829904,1.0548911482862668,0.9861567288421539,1.0390847375802772,0.8827293913859015,6.181053707551424,0.00022829844250157348,3.831297767531895e-06,0.00034756097299894895,0.001,1.0,0.974,1.0,,,,,,,,,43.582126043620455,4.534225993673807,-18.38324445393139,1.1125531354302278,1.4326045448757556,2.2747394529992864,6.608287404629522,9.318772300117097,11.62003809787313,2.6373042371651483,0.011904761904761904,0.0,0.008122318263263347,0.7466666666666666,0.6583333333333333,0.8402777777777777,0.26666666666666666,1.725782496961867,1.341208867582794,1.0777952441734981,1.4285123844888103,0.008744367433275505,0.022747257838852935,0.07779524417349815,0.017140495379552412,0.003676470588235281,0.023897058823529438,0.06801470588235292,0.0,0.7814358974358975,0.5849380678896025,0.8786104417670683,0.7352,0.7596133333333334,0.7701757958801299,0.47066796181336845,0.46141145194237443,26.0,84.0,1.0,0.0,15.0,15195.0,5444.0,1039.0,44.0,2.0,332.81118694215513,0.25640738139679353,0.776388316350066,0.7965741556856081,0.9993345890150044,0.9999863772950788,0.9990776126568892,0.9484430720069381,0.026521135816803366,0.24202173676090277,0.013031835726811065,0.020500333622123765,0.6944884812900771,0.10721383189420464,0.001146837863043924,2.4043158304155222e-05,0.0015051215589716063,0.03447457232071115,0.7596350775208075,0.00025992004742496523,7.634365533885361e-07,0.0004876776296562788,0.89865846957694,4.142914022237392e-05,4.4583949272551165e-06,5.050619336119579e-05,0.6487495570214178,0.0012728351973759512,3.2478548835815547e-07,0.002007747636977398,0.8238317160009184,0.0008646115719752819,1.0415106738980647e-05,0.0010205854598198335,0.5944803221815164,0.0008006710356000444,5.064862602278699e-06,0.0011504298988059733,0.6759353522450229,0.0021025708072086925,5.94706859638066e-05,0.0024564110999455626,0.8086230852514248,0.004854392888534351,7.709752741736816e-05,0.0062501191791209726,0.49362244641030045,0.0006265926743596985,3.003382777884002e-05,0.000804943474861899,0.40447518388268106,0.0005922840272432379,5.2782608228022e-05,0.0007600837610528822,0.8368736028097418,5.3071240494645825e-05,2.034734325432248e-08,6.271125611406945e-05,0.9205335378646851,0.2542502284049988,0.06581416726112366,0.30247658491134644,0.3871239545124922,0.14946968316947123,0.06518554335946249,0.20670985660653426,0.08737078784515596,0.05390979266796018,0.09404286014234903,0.06344497598344992,0.9624652862548828,0.2409423291683197,0.11267209053039551,0.3200439512729645,0.43142081539206045,0.17352820703071611,0.07370763254438534,0.2399469168228504,0.0973682359208995,0.06258707093439188,0.1063376359474507,0.0736463496470123,0.0,0.0,0.0
A_confirmed_bad,knn,08_inmoose_combatseq,False,ok,3369.4,0.3164334561291482,0.011929917961331284,0.04161780638496827,-0.07851568729559676,0.6835665438708518,0.9880700820386688,0.9583821936150317,0.9214843127044032,-0.14645532962853494,-0.06739304530953484,0.011929917961331284,0.035679382419312615,0.42677233518573254,0.4663034773452326,0.5059649589806656,0.5178396912096563,385.5679672046257,410.89941508920265,415.8664455583526,408.5545557160057,375.7403114908113,392.7075017475051,370.4835139105713,143.08775757687434,323.62748825192136,319.8792339639915,310.0663684534015,375.1853178800655,264.1688872960594,377.3262812074707,0.330073600159946,0.0,1.4001830737303584,1.0971609717822397,1.0338976796197599,1.019774633824215,0.5895953757225434,0.3282674772036474,0.8049242424242424,0.5732758620689655,0.13157583725304128,0.06752789928044757,0.18547058866848404,0.12666834396298074,0.37110903847708876,0.7876075661525697,0.7691874095168071,0.7589350409029209,0.9985229330104514,0.6726861242032224,1.0184698293985388,43.631862070464095,1.1670587298405277,0.09325111541118444,2.737407244918532,0.001,0.001,0.001,0.001,,,,,,,,,30.0,4.0,0.0,0.0,0.0,2.0,7.0,12.0,16.0,3.558434568514392,0.08333333333333333,0.07142857142857142,0.09845889065465142,0.8388888888888889,0.5694444444444445,0.8390151515151515,0.11904761904761904,1.437707468665709,1.0338976796197599,1.0241250998164306,1.119862999717928,0.005273583959827819,0.002259845307983991,0.02412509981643063,0.0047945199887171166,0.0,0.003676470588235281,0.016544117647058876,0.0,0.5962051282051282,0.4428208333474539,0.7550570854847963,0.846275,0.8668833333333333,0.7104131283667219,0.6843291578144437,0.6988296197859574,26.0,84.0,7.0,6.0,15.0,15195.0,5444.0,1039.0,44.0,2.0,332.81118694215513,0.06339046523093095,0.7294602917765143,0.7240191284839835,0.5282082080977568,0.9263222071054006,0.355054419287149,0.9599368512593992,0.27817308076947445,0.5332353816337184,0.350561032994348,0.44606774734306676,0.8450575419264075,0.19202440898063006,0.24968854915116348,0.04394396949824398,0.38911797698638273,0.07920598602418374,0.7725832686036914,0.346225656888153,0.059055082815842576,0.5077133439960558,0.9843998876030127,0.5498060326863172,0.08725043425516255,0.7352048011096657,0.9080799107098292,0.4235183816119711,0.06534419921799775,0.7041406681541013,0.9559311970221589,0.35708980260078427,0.025159184867650567,0.45213215792791867,0.9267856263500086,0.22719766952749343,0.016275833365648428,0.2487067366043438,0.8255313086110126,0.0654563729387413,0.036499584941641613,0.21505856629756778,0.6379578803167612,0.0834215674439129,0.09306641990532213,0.36607726616851444,0.8627630979585427,0.11432802630185213,0.003846835063448609,0.14910134051685794,0.7270734150925878,0.25416945378189515,0.001449589227956932,0.2944351527841358,0.8494698269964689,0.07567252773051394,0.0514925313217686,0.21860973630466582,1.1402781009674072,0.9601377248764038,0.24263644218444824,1.054121971130371,0.28400651916601327,0.03244936543838305,0.025810707187900506,0.09954986591532701,0.06409800541519897,0.01170363464948724,0.037236979261821186,0.030554609034322798,0.8342868089675903,0.8930392265319824,0.21596387028694153,0.8169494867324829,0.29866191140563786,0.04015658740303001,0.027221262947206046,0.1160575941481762,0.06740561051488408,0.014483427376343904,0.039271981060668655,0.035621287703971334,0.330073600159946,0.0,0.09845889065465142
A_confirmed_bad,knn,09_ruv,False,ok,3399.3,0.2571930743218545,-0.00865665841694969,0.09803961891731021,0.06501274528627596,0.7428069256781455,0.9913433415830503,0.9019603810826898,0.934987254713724,-0.06970045862539938,-0.008979929122838116,-0.00865665841694969,0.04961826066052687,0.4651497706873003,0.49551003543858096,0.49567167079152513,0.5248091303302634,283.2531232258576,287.7991816767677,288.89267457395647,295.1785789236774,294.1735981046234,289.20587598667487,284.0013368432173,170.23735819995045,264.99020966930834,264.29181322759905,245.67135826666458,265.7161039485858,209.76023397044415,276.44110403120584,0.24619940769990128,0.0,1.4102126264977262,1.10077143542424,1.0501815677729396,1.022123402805571,0.636095919225915,0.35064935064935066,0.8093922651933702,0.6604046242774566,0.13871847248782684,0.06679145877837092,0.1796360025542355,0.1427279639402337,0.601007876845927,0.920746918477772,0.9148442881681321,0.8322804424442548,0.9032629225076934,0.7252972757030318,0.9733795872369957,5.6700644001067975,0.6081058950384977,0.04913290350933183,1.7504603192857966,0.001,0.001,0.001,0.001,,,,,,,,,318.0,4.0,0.0,0.0,0.0,2.0,6.0,9.0,12.0,2.902145684250856,0.05952380952380952,0.0,0.08557608546645265,0.8577777777777779,0.6166666666666667,0.9083333333333333,0.2222222222222222,1.494304840412407,1.0501815677729396,1.0408514548526575,1.1613019514585783,0.00595548000496876,0.0033454378515293056,0.04085145485265751,0.0064520780583431315,0.0,0.005514705882352922,0.0404411764705882,0.0,0.5315384615384615,0.3972260461788316,0.6957581755593804,0.8029416666666667,0.8120733333333333,0.6277239648289575,0.6353516637449417,0.6093841571104959,26.0,84.0,5.0,0.0,15.0,15195.0,5444.0,1039.0,44.0,2.0,332.81118694215513,0.21198178165310977,0.8703911545722083,0.8792196261692135,0.6778089184217375,0.9436626812971007,0.4652889966516601,0.9732566992314896,0.1884033822761789,0.47481399822994685,0.34848308661903465,0.4036059514572036,0.7602486983079659,0.11698922310845639,0.28795640754190577,0.05163339996543277,0.45654476104758535,0.04788274183519046,0.47909638636727053,0.1911425240970186,0.02515431218573404,0.22605464782920862,0.830113508973783,0.42449608967822144,0.058584776115635964,0.6295237832850574,0.8994582006775881,0.263506100217457,0.017759122020613628,0.6534946336859498,0.9492099613567307,0.12819356646345426,0.2769414409242672,0.6488968786929855,0.876190598882876,0.6990370903339193,0.01246869907138255,0.7414447403933322,0.8903934266467665,0.4561445707330924,0.020975147813177168,0.4832563574249893,0.709649704028036,0.02695138075139926,0.03384864357026313,0.2675943670512259,0.6567739086894154,0.13574860781176856,0.03649654159963315,0.22696946917960725,0.8481654621373538,0.4789099487440121,0.03248063995048267,0.5531758473900151,0.46343582531983973,0.07543419658871445,0.0016246764031381878,0.13503688554348212,1.0243940353393555,0.9102557897567749,0.18123671412467957,1.022409439086914,0.32431461746253964,0.03838216666049124,0.03988667360876486,0.12414018092679766,0.07319522160049668,0.013843440374916105,0.05754430621292176,0.03810205728347855,0.8860536813735962,1.0528373718261719,0.03714967146515846,0.9787023663520813,0.338394823787806,0.04557189686784909,0.04403278301074463,0.14275104537530964,0.07637301182846143,0.016436587403787294,0.06352587768614108,0.043814246665016536,0.24619940769990128,0.0,0.08557608546645265
A_confirmed_bad,knn,10_mnn,False,ok,3394.3,0.05222599849282294,-0.2620952153511962,0.15652383232307476,-0.15910029291441805,0.947774001507177,0.7379047846488038,0.8434761676769252,0.8408997070855819,-0.14906792525310206,-0.07439276521207197,-0.2620952153511962,0.0005537198356071946,0.42546603737344896,0.46280361739396403,0.3689523923244019,0.5002768599178036,0.18991422954600123,0.1799521015467801,0.18073918391475302,0.1846086622802371,0.21491345063956194,0.19116359575860248,0.18061316520135576,0.10496871817614559,0.19573211922902128,0.1940942563963632,0.18983016872233324,0.16297827322523523,0.15544944308688974,0.18856097333262486,0.0,0.0,1.4729234348447668,1.2588553670214884,1.5441409836485538,1.067104529780229,0.7084762371386575,0.701765447667087,0.871405094494659,0.7179702831511073,0.15415657182469902,0.15009555562946864,0.193331039336287,0.1566137897211554,0.5527164469301651,1.0876900994575995,1.0738914063477747,1.0282841897969548,0.7583437553127895,0.8131749273182126,1.044004589158318,28.216999412560426,0.2646918457057627,0.25791029630771906,1.181122437350559,0.001,0.001,0.001,0.001,,,,,,,,,13.96381817694261,4.760637947730756,1.267788252225067,1.4062919654744845,1.5688848934487465,2.4262084704373246,6.512976556397433,8.60449715604709,10.763832494926707,2.378011662554948,0.0,0.0,0.0,0.9555555555555555,0.888888888888889,0.9583333333333333,0.6666666666666666,2.4930044029425016,1.5441409836485538,1.2222951277451217,2.0336100321539132,0.017988004854728935,0.03627606557657025,0.22229512774512172,0.04134440128615653,0.003676470588235281,0.125,0.19485294117647056,0.047794117647058876,0.7576794871794872,0.5309978619043922,0.7765906483075158,0.767575,0.7968433333333333,0.6590075070543104,0.5020392152203101,0.4918565413186798,26.0,84.0,0.0,0.0,15.0,15195.0,5444.0,1039.0,44.0,2.0,332.81118694215513,0.32912032182937845,0.8804679219722182,0.9081583823278162,0.8885454904677431,0.9099534654755008,0.6703226548917944,0.9773610446834856,3.850739064453671e-05,0.00020271627182144738,8.214931801911408e-05,0.00011493473671359641,0.5530341346985405,0.08154303396791121,0.07109032445886933,0.05117713512292268,0.2228373307397921,0.021174825141528388,0.3130111894779187,0.03443607369948268,0.0013409615348793907,0.06820722740446361,0.9572432141698439,0.33332348920620897,0.0002178880909642075,0.5491347676188492,0.9757887985970163,0.06366686938943474,0.44550670549858173,0.5325803210914482,0.7741064594726277,0.07841904890566795,0.025960968209654975,0.5701165157884289,0.33287628042831197,0.016032818606391403,0.003370242637933278,0.052768830379054235,0.5916189293389633,0.03516202496719574,0.009296049875106962,0.1260152826818634,0.3922831608218509,0.010857202094194208,0.0001382162161483399,0.09203806310046514,0.23634110757821414,0.05523692975384685,0.0050401001609215144,0.06472664238422135,0.3146336910907488,0.027759079508984683,0.0009315611715478128,0.06579756341041255,0.6424385160099092,0.05600970845728607,0.019968657833488588,0.10698809353871416,0.8411159515380859,0.5033432841300964,0.33953601121902466,0.6262999176979065,0.8316240669139789,0.3799866339888972,0.2116595807334594,0.6136355097533492,0.1876909167472414,0.1370512081149679,0.30536022748079905,0.18834172118361683,0.6834315657615662,0.352153480052948,0.239338219165802,0.481214314699173,0.9428421052851735,0.43772333827620646,0.22634242507705635,0.7068832302417839,0.21279194064880028,0.15787532235311133,0.32654309420145095,0.21696202736553877,0.0,0.0,0.0
A_confirmed_bad,knn,11_harmony,False,ok,3469.8,0.1629388167237309,-0.00855634776553363,0.04579156386929623,-0.2039705398701011,0.8370611832762691,0.9914436522344664,0.9542084361307037,0.796029460129899,-0.1693036034706778,-0.07408240456077567,-0.00855634776553363,0.051348565947417345,0.4153481982646611,0.4629587977196122,0.4957218261172332,0.5256742829737087,290.9934287747031,306.449560062546,310.4038623048429,322.983357489482,287.5347629499393,298.0982283495597,285.65053283788535,81.29778857181253,246.85063001620213,243.5183074936563,201.79561317208615,277.88578016693106,180.01350469834833,280.9246577237288,0.30443058800988,0.0,1.4061500849282282,1.1465095090868966,1.1563461928885665,1.0332476291074202,0.615801966768396,0.4297752808988764,0.6823992133726647,0.575324094769781,0.13555092861500306,0.09072466350323825,0.1497499267452329,0.12512437170844531,0.27938015272075445,0.8055179781162687,0.7845208680248337,0.6247864123421829,0.966442378361436,0.6038731115411348,0.9834557454971085,37.356134549077254,1.6298418155095644,0.07392234766663278,2.2913882844207194,0.001,0.001,0.001,0.001,,,,,,,,,22.84447377358093,4.228980606872414,-3.6561461119797434,0.010386775290725778,0.3156694797303419,2.6938098687465946,6.29787727083969,9.828624543219801,12.317143317387599,2.848311130864969,0.011904761904761904,0.0,0.11064037945116618,0.8833333333333333,0.6583333333333333,0.8402777777777777,0.18333333333333335,1.5713909175329717,1.1563461928885665,1.064583965690674,1.2669713348242793,0.006884227922083996,0.010423079525904436,0.06458396569067393,0.01067885339297117,0.0,0.005514705882352922,0.02573529411764708,0.0,0.8335,0.6208952640452967,0.9053235800344234,0.9552583333333333,0.9523466666666667,0.8462540178474163,0.7912819811774485,0.78357595698956,26.0,84.0,1.0,0.0,15.0,15195.0,5444.0,1039.0,44.0,2.0,332.81118694215513,0.08254588420756781,0.7590816093994612,0.7536448323703671,0.45872409582643037,0.9414191192244723,0.3886244294137937,0.9612849598529526,0.2807737226380088,0.44988921118589353,0.32002283441284624,0.40395215464060513,0.73812489747256,0.14779757002386334,0.18510931983693724,0.02467469576936168,0.23487273355826824,0.06004028649130052,0.534656047200616,0.009033959140885827,0.004069656800537589,0.029201919453690727,0.9780995814478405,0.6445113246761525,0.06880585253630335,0.7171165439016874,0.9219146654983962,0.31095595481194993,0.06918471539305164,0.4350529765817126,0.8609609412269482,0.3650447881635045,0.005456148476288981,0.445882954375538,0.751751134316578,0.1420969651679121,0.05016804290391426,0.23146851871273202,0.7090283872683537,0.03618353438446955,2.912512534983942e-05,0.0496907010702216,0.3424318700195588,0.02259048145937805,0.0009762527626361304,0.02943269374230302,0.8885979041584079,0.16310529850410854,0.011032147101195534,0.1781982286718071,0.8010140642761686,0.08916692375533486,0.018034548504679112,0.1367113891792168,0.5927943793127332,0.06840396830567631,0.01899046808966036,0.09597140989377334,1.0505931377410889,0.8984975814819336,0.24510306119918823,1.0395756959915161,0.39796258545280844,0.11283698573899617,0.056613812285787046,0.21451052180263291,0.08981698037181284,0.04069733993862712,0.08167646623052364,0.0658392160266979,0.8739274740219116,0.852931022644043,0.21278992295265198,0.8800150156021118,0.44042707680474763,0.14185876696793248,0.07066443655396419,0.2578327973320738,0.09940087726482469,0.05116473490281482,0.10194723218361693,0.07913602139261529,0.0,0.0,0.0
A_confirmed_bad,knn,12_scanorama,False,ok,3473.5,0.13593234610841295,-0.0320516451862313,0.07544486844386515,-0.14755607939246557,0.864067653891587,0.9679483548137687,0.9245551315561349,0.8524439206075345,-0.1542395496430177,-0.08561309725052453,-0.0320516451862313,0.15389147998578004,0.42288022517849116,0.4571934513747377,0.48397417740688436,0.57694573999289,0.4043634044155855,0.4065606166119621,0.4069909445138899,0.4510082432402509,0.40935233584807,0.4199228549288436,0.4413790996466851,0.13513499935385664,0.37346788642740064,0.3740433023953625,0.2788427278881886,0.37981015787209943,0.2204058261647824,0.37468014927031346,0.0,0.0,1.4345604990658851,1.136058976807495,1.1430522319055225,1.0164416982097066,0.6862336114421931,0.6901408450704225,0.8263684520306063,0.7268858800773694,0.15100257197448602,0.15274933172625674,0.184021928771675,0.16020565270084217,0.33419196168150594,0.9186032074126194,0.9190457611830158,0.6182652580468464,0.9278319056986276,0.5248721844447605,0.848885118416883,32.072945027528064,2.634604753404305,0.07967546479265405,8.057323428600188,0.001,0.001,0.001,0.001,,,,,,,,,13.977165842690471,4.760235741507092,1.2640365907369473,1.4051539140128941,1.566775565474925,2.4237483793571815,6.5139168062806485,8.61188274275926,10.773944083935545,2.3805701895984352,0.0,0.0,0.0,0.8166666666666668,0.6111111111111112,0.8177083333333333,0.17142857142857143,1.6676661943387188,1.1430522319055225,1.1246580982874104,1.335836425036365,0.008044171016129142,0.009536815460368168,0.12465809828741037,0.013433457001454601,0.0,0.0,0.05514705882352944,0.0018382352941176405,0.8162692307692307,0.589193764541388,0.9089248422260471,0.9202833333333333,0.93491,0.8380562984427038,0.7596391974349836,0.7604216546811218,26.0,84.0,0.0,0.0,15.0,15195.0,5444.0,1039.0,44.0,2.0,332.81118694215513,0.12647649389072302,0.8630488809033321,0.869644346442514,0.5167752188497161,0.942649561954438,0.32654896092915664,0.9529918337271298,0.0003269304349496904,0.0006005735983125889,0.0004934257287691587,0.0005695779233437932,0.7613510171406777,0.15035090822474578,0.263206822381571,0.04900845175204079,0.4221449869559938,0.06214228073222885,0.333844493760844,0.0769469938869266,0.000158566789130785,0.09358875047801196,0.9726864458149554,0.8827719861169931,0.0011487914547409722,0.9470915156378983,0.9626460453525807,0.3403069876953768,0.2507192157234256,0.7495587977502981,0.9509681435232431,0.19041387321718237,0.0057743733412938284,0.7508426417020008,0.9657443536636051,0.36180670802227666,0.1713264845169579,0.5526408789029071,0.8748530531302036,0.16658677314844342,0.007306438530126893,0.2267598901990871,0.447453973882937,0.07975414329994314,0.004566640977537169,0.20301350904560397,0.7380116506036424,0.283010433020536,0.021739397324183778,0.3836590615637197,0.5926686441733756,0.07674756905687365,0.016542564202204818,0.1277438219193873,0.7746333675013898,0.17372275635115877,0.010802044660806207,0.1865510023610233,1.0896375179290771,0.827089786529541,0.26774200797080994,0.992792546749115,0.4161089309799762,0.08711259721484181,0.09723408277822528,0.21935052580306222,0.09391246577574669,0.031419228000202505,0.14027912902953257,0.06732474720846222,0.8971347212791443,0.6289277672767639,0.27298855781555176,0.7547711133956909,0.43586481317927267,0.0980049152887006,0.1003064305158091,0.2433636779530665,0.09837121076480917,0.03534780131743783,0.1447115898744312,0.07469504820162633,0.0,0.0,0.0
A_confirmed_bad,knn,13_fsmvn,False,ok,3549.5,0.15912051922601445,-0.2745029808518905,0.0155672258533676,-0.25779862281317933,0.8408794807739856,0.7254970191481095,0.9844327741466324,0.7422013771868207,-0.09040101727384402,0.05512591700422655,-0.2745029808518905,0.11597955156138041,0.454799491363078,0.5275629585021133,0.36274850957405474,0.5579897757806902,156.30123569605456,163.28922828054934,163.35237127822356,154.8605126207393,155.19943727905007,154.66808400691346,166.42392293674567,108.73587447828703,141.20153145543551,141.89349569423757,153.23407676747465,153.58791598019644,152.0298944212181,149.68866139014892,0.31100885789833227,0.28591641987495886,1.5343678081849237,1.2280215212071002,1.3342713092493632,1.0830150349231396,0.5614737685222266,0.5920489296636086,0.8042994810971089,0.5691318327974276,0.11900494566781909,0.1233496432243822,0.17611956275075252,0.12021840367425962,0.6956814768229743,0.86473267674972,0.8686344408956452,0.989497413990564,0.9896164488279935,0.9829428960561932,0.8994419717352926,4.1381612016148654,1.9671280910277918e-07,8.051157853976851e-10,1.9671280910277132e-07,0.001,1.0,1.0,1.0,,,,,,,,,34.716238898216744,2.782210140783274,-14.1682922411256,-0.3784164465671322,-0.04884808219306002,0.6279509891305088,4.698244225557193,7.17888937975551,9.689749689764175,2.476830546254237,0.0,0.0,0.3019028287419075,0.8222222222222222,0.7638888888888888,0.8395833333333333,0.3333333333333333,1.7878921776189467,1.3342713092493632,1.0805694086509963,1.4727643272746516,0.00949267683878249,0.022284753949957548,0.08056940865099627,0.018910573090986062,0.0,0.02757352941176472,0.06617647058823528,0.005514705882352922,0.7814358974358975,0.5849859990996401,0.8297653471026964,0.31833333333333336,0.4184333333333333,0.7218195915066755,0.30098815336862667,0.3142447000749587,26.0,84.0,0.0,0.0,15.0,15195.0,5444.0,1039.0,44.0,2.0,332.81118694215513,0.3209504688807401,0.8015333739296052,0.8203339390046166,0.9999957332391318,0.9999999864498154,0.9999957332391318,0.9585659963508681,0.009100662102362272,10.340006758562403,0.02548381673520512,0.017966119512656656,0.6113958690606349,0.09661365146523536,1.567400399824969e-06,4.275278678886769e-09,1.5674003998249685e-06,0.029183726399377753,0.26398221854501813,8.76098833166051e-06,1.1877004913596906e-08,8.76098833166051e-06,0.8602691406478038,2.111640578323086e-07,9.605464796731547e-10,2.1116405783230648e-07,0.5906363514974574,1.401775567955682e-07,1.970517915567532e-10,1.401775567955671e-07,0.7726304613302668,4.653634200327316e-07,3.722896543080844e-09,4.653634200327264e-07,0.5037484905175167,7.526385912689456e-08,3.440341036622308e-10,7.526385912689447e-08,0.48535504265031704,8.813444460851614e-07,1.5935553395766607e-09,8.813444460851607e-07,0.8441179489204929,3.528211761145276e-07,1.4379239108016526e-09,3.528211761145298e-07,0.5967234250481738,2.3904601319338662e-06,1.1251966321025404e-08,2.390460131933867e-06,0.4043007637076611,6.810017874723648e-07,1.7862731316915895e-09,6.810017874723658e-07,0.7921948477416418,1.7154192311957581e-06,9.581534254202492e-09,1.7154192311957585e-06,0.9325806498527527,0.17517375946044922,0.10645261406898499,0.19242124259471893,0.43375402377185457,0.18669349658479176,0.07115331458052493,0.25782559937162075,0.09789482243659639,0.06733544542227493,0.1026525340881357,0.07913381213933839,0.9135146141052246,0.3930968642234802,0.11872102320194244,0.4158344268798828,0.4819705985067375,0.22699627509073084,0.08029235472950563,0.2978691127980074,0.10877691865584656,0.08187160009341608,0.11583738198955529,0.09142427467139815,0.09248989951294069,0.0,0.017651911387572626
A_confirmed_bad,knn,14_qsmooth,False,ok,3582.5,0.3171950829870926,0.13011237585596444,0.11350129084617744,0.18626375417039737,0.6828049170129074,0.8698876241440355,0.8864987091538226,0.8137362458296027,-0.163399687053271,-0.11211832738770722,0.13011237585596444,0.12522956250347114,0.4183001564733645,0.4439408363061464,0.5650561879279822,0.5626147812517356,312.02406552963436,319.4188593532149,320.26942827881925,340.45105691262955,316.8018533600459,324.4457820631735,329.46571739382824,124.06237482105138,281.8926262523162,282.0469030685227,232.55934968929114,293.82159958280533,173.55192239020215,294.5089793453296,0.30595590654820665,0.0,1.3969732013580722,1.0854769901061745,1.0244372312638592,1.0105024310729616,0.5998142989786444,0.35714285714285715,0.672566371681416,0.48817966903073284,0.13365398034084888,0.0659625577831556,0.1472033237336785,0.1006374775069194,0.3976051482133791,0.8825171651514727,0.8806550927582731,0.6830918717017618,0.927461744514722,0.5349181033779304,0.8938987087184158,150.68914681650773,2.394067829911596,0.14491280603335735,51.85605263820285,0.001,0.001,0.001,0.001,,,,,,,,,17.688932604483483,4.455432287868792,0.1388244356261369,0.1860335768916839,0.2577286795302919,2.3636458611935494,6.690631572590467,10.081040421998496,12.551086835363725,2.97426757317485,0.09523809523809523,0.0,0.10636887013038195,0.7761904761904763,0.5701058201058201,0.8333333333333333,0.09401709401709402,1.4331320485315704,1.0244372312638592,1.0133742285459646,1.0906114597082284,0.0052184584160430165,0.0016291487509239478,0.013374228545964595,0.003624458388329135,0.0,0.0,0.014705882352941124,0.0,0.7717051282051282,0.5469994760160434,0.9197911646586345,0.9514333333333334,0.95241,0.8464336019179229,0.8070688225638577,0.8010924118464541,26.0,84.0,8.0,0.0,15.0,15195.0,5444.0,1039.0,44.0,2.0,332.81118694215513,0.06704015150602005,0.8616326813980515,0.8648149665992272,0.4476425398439785,0.9013209017620145,0.20541125594783838,0.9591482032320009,0.21826034418695922,0.44513504166502926,0.36338386724232125,0.4269984233502214,0.8921221240274726,0.158246124653973,0.3706123037836919,0.07174104671539025,0.5962715642952744,0.06972798335718114,0.774400678713882,0.1591992042167249,0.0003953255792890684,0.24423854964109976,0.9993971460159718,0.7974940850474839,0.10088031651194791,0.9993385891741011,0.9666041846910406,0.293104823405003,0.24153718731939394,0.8993764873555377,0.9796117711809117,0.3567625956059242,0.001178262020748622,0.6567124269078146,0.9296863460633724,0.2980410826038401,0.32188047639180783,0.7515368230534373,0.947358707877265,0.3180743373743457,0.020099890420561015,0.5061050682139436,0.9031121784003697,0.5273898453374375,0.00023698069176684302,0.6396807830894645,0.9387386335787857,0.7382832268621091,0.017712099607925632,0.8414592592216003,0.8821025301523358,0.16017956861710975,0.004605342222970743,0.22036156800870885,0.6002090636007908,0.057594268766940473,0.008884586387490954,0.2039060882870357,1.129749059677124,0.8255530595779419,0.39504584670066833,1.0163965225219727,0.29389807345347113,0.0197358707503528,0.017555876812385563,0.07386456368900343,0.06633045029760533,0.0071182107147898825,0.025327776415686197,0.022671078903591532,0.944542407989502,0.7392289638519287,0.4180089831352234,0.881084680557251,0.30134575999016133,0.025306924891988884,0.018565606557989268,0.0898244850910863,0.06801133372718753,0.009127543760455457,0.026784508512306734,0.027569620495540407,0.0,0.0,0.0
A_confirmed_bad,knn,15_fsqn_py,False,ok,3648.4,0.2796411378370757,0.1560944094512205,0.10998879345950834,0.09029618859448459,0.7203588621629242,0.8439055905487796,0.8900112065404917,0.9097038114055154,-0.04780780166785984,-0.007009084060024587,0.1560944094512205,0.16468672017152466,0.4760960991660701,0.49649545796998773,0.5780472047256102,0.5823433600857624,213.1784644042328,217.78223002014843,218.26021258683352,224.0028382874085,221.99103217200116,217.63001862167368,231.1182983907982,117.67763625564928,196.63237362726588,196.721247641628,179.94646138135715,198.6996371699875,154.80297662375807,200.8124251385067,0.30490292859493257,0.30490292859493257,1.4130393843375098,1.1008851717104726,1.0292937010348855,1.0151890027604566,0.6429706115965051,0.3626760563380282,0.8271604938271605,0.6581667815299793,0.1405241326678324,0.06889870386128173,0.18759171457245163,0.14347976318039277,0.5520146539404038,0.9028852978917249,0.90131520220784,0.8033222380444819,0.8950795679711637,0.711312610292362,0.868872895554781,35.08650725652093,1.1009214437450412,0.14669167150709167,3.377209373335603,0.001,0.001,0.001,0.001,,,,,,,,,14.158722524388846,2.839996336975844,0.0,3.99418095705949e-05,0.0003342234240257,0.5642915363572949,4.670514572635424,7.118634659618218,9.595036332341936,2.448117306525337,0.0,0.0,0.30490292859493257,0.8244444444444444,0.584920634920635,0.8458333333333333,0.10795454545454546,1.483790379462555,1.0292937010348855,1.038380516315514,1.1466233287404104,0.005828799752560905,0.0019529134023256991,0.03838051631551398,0.005864933149616416,0.0,0.0018382352941176405,0.02573529411764708,0.0,0.7532820512820513,0.5287625682923951,0.8596250717154331,0.9287666666666666,0.9182533333333334,0.7576392712867036,0.752142926514778,0.7016806376708439,26.0,84.0,0.0,0.0,15.0,15195.0,5444.0,1039.0,44.0,2.0,332.81118694215513,0.15053842742215995,0.8489368004809154,0.8634562389352404,0.6117153799152095,0.9287202626429247,0.41490761832028067,0.9295930507099314,0.0,0.695194061724172,0.6962071615328118,0.6684936370578566,0.8739593891128073,0.15963420039282233,0.42048006606149296,0.06141134612413178,0.6011566090313951,0.07034898876243413,0.8366582116548844,0.24233264761298548,4.363092691685611e-06,0.2964718868718984,0.9872327141501989,0.8004546468956838,0.01408562589594324,0.8504615233289529,0.9557357756078242,0.21781592743061223,0.254024494863505,0.6841286516051687,0.9322906768772028,0.08100309460765202,0.00232650360369768,0.6821878621051289,0.9670873682745568,0.4707966222761155,0.30374992431972675,0.6744278258694488,0.8891928554150783,0.4031302549941879,0.0009468425804919007,0.49124490330278536,0.8796793134507364,0.6740384533165042,0.0019559171204025596,0.738572025739293,0.8042286949819786,0.6017469707044816,0.00011813217868598838,0.6803669287141249,0.8697447200938966,0.5127573817702973,0.014425631633023874,0.6664293400618895,0.6177435606217162,0.2007246610064091,0.022476025953149167,0.24727514271526144,1.0357344150543213,0.9546657204627991,0.19410251080989838,0.9639244675636292,0.3256628116705575,0.024932140314295012,0.045615314677231185,0.11500446979104781,0.07349949827660972,0.008992368797545305,0.06580898827343099,0.03529805469204594,0.8917416334152222,1.0490639209747314,0.198152095079422,0.9650591611862183,0.3396199122009627,0.03335540073756706,0.048987573680504576,0.13317103777147563,0.07664950450888021,0.012030417807738019,0.07067412961404666,0.040873877190988735,0.008950312602829878,0.008950312602829878,0.008950312602829878
A_confirmed_bad,knn,16_fsqn_r,False,failed,0.0,,,,,,,,,,,,,,,,,,,,,,,,,,,,,,,,,,,,,,,,,,,,,,,,,,,,,,,,,,,,"Traceback (most recent call last):
  File ""/app/harmonization-metrics/run_metrics_job.py"", line 212, in main
    metrics = compute_all_metrics(
              ^^^^^^^^^^^^^^^^^^^^
  File ""/app/harmonization-metrics/compute_batch_metrics.py"", line 1151, in compute_all_metrics
    pca_coords, eigenvalues = compute_pca(exp_df)
                              ^^^^^^^^^^^^^^^^^^^
  File ""/app/harmonization-metrics/compute_batch_metrics.py"", line 129, in compute_pca
    X_scaled = scaler.fit_transform(X)
               ^^^^^^^^^^^^^^^^^^^^^^^
  File ""/usr/local/lib/python3.12/dist-packages/sklearn/utils/_set_output.py"", line 316, in wrapped
    data_to_wrap = f(self, X, *args, **kwargs)
                   ^^^^^^^^^^^^^^^^^^^^^^^^^^^
  File ""/usr/local/lib/python3.12/dist-packages/sklearn/base.py"", line 907, in fit_transform
    return self.fit(X, **fit_params).transform(X)
           ^^^^^^^^^^^^^^^^^^^^^^^^^
  File ""/usr/local/lib/python3.12/dist-packages/sklearn/preprocessing/_data.py"", line 924, in fit
    return self.partial_fit(X, y, sample_weight)
           ^^^^^^^^^^^^^^^^^^^^^^^^^^^^^^^^^^^^^
  File ""/usr/local/lib/python3.12/dist-packages/sklearn/base.py"", line 1336, in wrapper
    return fit_method(estimator, *args, **kwargs)
           ^^^^^^^^^^^^^^^^^^^^^^^^^^^^^^^^^^^^^^
  File ""/usr/local/lib/python3.12/dist-packages/sklearn/preprocessing/_data.py"", line 961, in partial_fit
    X = validate_data(
        ^^^^^^^^^^^^^^
  File ""/usr/local/lib/python3.12/dist-packages/sklearn/utils/validation.py"", line 2902, in validate_data
    out = check_array(X, input_name=""X"", **check_params)
          ^^^^^^^^^^^^^^^^^^^^^^^^^^^^^^^^^^^^^^^^^^^^^^
  File ""/usr/local/lib/python3.12/dist-packages/sklearn/utils/validation.py"", line 1106, in check_array
    raise ValueError(
ValueError: Found array with 0 feature(s) (shape=(5444, 0)) while a minimum of 1 is required by StandardScaler.
",,,,,,,,,,,,,,,,,,,,,,,,,,,,,,,,,,,,,,,,,,,,,,,,,,,,,,,,,,,,,,,,,,,,,,,,,,,,,,,,,,,,,,,,,,,,,,,,,,,,,,,,,,,,,,,,,,,,,,,,,,,,,,,,,,,,,,,,,,,
A_confirmed_bad,knn,17_quantile,False,ok,3642.9,0.2831201778329778,0.15664725408357452,0.10910340415997759,0.09069492290503374,0.7168798221670222,0.8433527459164255,0.8908965958400225,0.9093050770949662,-0.048760977737253526,-0.007525801908446617,0.15664725408357452,0.16342011115373173,0.47561951113137324,0.4962370990457767,0.5783236270417873,0.5817100555768658,235.02610270070824,239.67470582107373,240.27213252980516,246.90082531667454,244.7044824739559,239.95065797782658,253.70279518769578,130.34872064618102,217.47085307529872,217.43276038499468,198.5806509954581,219.14043987031633,170.74984777619005,221.84874360326145,0.0,0.0,1.4115270103232338,1.0985357025280378,1.0292921016673808,1.0145322932683825,0.6409842678499394,0.35664335664335667,0.8360248447204969,0.669432918395574,0.14119579510767252,0.06681374874394715,0.18585057679402464,0.14369020641412406,0.5546138030981707,0.9073583811453553,0.9049437323241083,0.804293184280607,0.8955309590360268,0.7116039989853612,0.8744434346461658,36.07120835577176,1.112544404393125,0.14274653193116452,3.3874175117105687,0.001,0.001,0.001,0.001,,,,,,,,,15.196580968387543,4.582578195830333,1.095449278149606,1.242893186120098,1.3249313684433548,2.11602079833362,6.727268862645318,9.330878487332493,11.594751901988856,2.6961738276780314,0.0,0.0,0.0,0.788888888888889,0.5833333333333334,0.8489583333333333,0.11309523809523808,1.4789618469609802,1.0292921016673808,1.0379720922267517,1.1448764733334276,0.005770624662180484,0.0019528067778253888,0.037972092226751686,0.0057950589333371025,0.0,0.0018382352941176405,0.02573529411764708,0.0,0.7532820512820513,0.5288609140952057,0.8596858864027539,0.928925,0.91832,0.7577632160369415,0.7523231831155777,0.7017614809281855,26.0,84.0,0.0,0.0,15.0,15195.0,5444.0,1039.0,44.0,2.0,332.81118694215513,0.14854697100552505,0.8485565598512028,0.8627171656929951,0.6114685187557948,0.928666163017214,0.4139276562283085,0.9290445188333832,0.0,0.2857936057948421,0.316369666224939,0.304493665294489,0.8738225089136549,0.15931108542935563,0.4206791049652767,0.06127529627219859,0.6014072829078552,0.06988921096515392,0.8363818971473002,0.258214519580636,7.749244116729772e-05,0.30400042981696396,0.9875518497361745,0.802341991423379,0.010204337179850953,0.8466343348561122,0.9567700276080053,0.2181388443215645,0.25327048302038796,0.6886482930749631,0.9336802500457052,0.0789687197412014,0.004709011027370868,0.675436213983693,0.9663964734072007,0.46538738297152454,0.30512436209124105,0.6727571313895124,0.8946215603033275,0.4032876680395159,0.0016436663544363368,0.5022607234058192,0.8820914788810528,0.6677306972789406,0.0014164616592778248,0.7310276307472718,0.833031937965559,0.6561626393479487,1.2641454342581534e-06,0.715399461521572,0.8370747338497696,0.45591602408767207,0.015223639726243231,0.630007318449844,0.6106248801924536,0.20064256286038434,0.021082245076576134,0.24790129183280143,1.062219500541687,0.9878351092338562,0.18003752827644348,0.984148383140564,0.32175441494904705,0.028892227525269803,0.043847446634734485,0.11638689921305424,0.07261740431990839,0.01042066834273559,0.06325849381557491,0.03572236054237103,0.8839601874351501,0.8648012280464172,0.22944337129592896,0.8600670099258423,0.338589868660466,0.033005958790601246,0.04564884846429561,0.13171068970789157,0.07641703190004527,0.011904383266746477,0.06585736730173104,0.040425655953053634,0.0,0.0,0.0
A_confirmed_bad,knn,18_rank,False,ok,3657.7,0.31464914013267864,0.17463247122514716,0.10425312916841854,0.09398283634644897,0.6853508598673214,0.8253675287748529,0.8957468708315814,0.906017163653551,-0.05044718612191354,-0.008157161429470698,0.17463247122514716,0.1617673814442927,0.4747764069390432,0.4959214192852647,0.5873162356125736,0.5808836907221464,25.154885256126605,25.54861489340065,25.63746529566783,26.449840842669296,26.15513242199994,25.686763518921502,26.928755308192425,14.297683656727441,23.46322138772799,23.414656275507543,21.24979904684851,23.510163870174217,18.352186297588233,23.85048089564862,1.0,1.0,1.4028838440987719,1.0846353186095115,1.0282629330358648,1.011803427544474,0.6231178033658105,0.3639705882352941,0.8278335724533716,0.6353211009174312,0.13861161625846224,0.06505463503978721,0.188169859748332,0.13757526847402426,0.5683859620566214,0.9183754769339246,0.9132984093971297,0.8033998833205832,0.898873822959468,0.7144608266459712,0.8856882029149221,42.034867072385694,1.1778762031029053,0.12410675945876268,3.3239168344312073,0.001,0.001,0.001,0.001,,,,,,,,,0.9999341932087392,0.5,6.580679126085812e-05,0.0325743616741247,0.0699855225059226,0.2482890234272176,0.75,0.9499868386417478,0.9899973677283496,0.2882219764658145,1.0,1.0,1.0,0.8058201058201058,0.5661375661375662,0.84375,0.09583333333333333,1.4421766815097161,1.0282629330358648,1.0324636724344969,1.1341611416995134,0.005327429897707423,0.0018841955357243201,0.03246367243449688,0.005366445667980537,0.0,0.0,0.02757352941176472,0.0,0.780474358974359,0.5514632441730868,0.8767788296041308,0.9306916666666667,0.9239233333333333,0.7758532784891053,0.7596457548418315,0.7131733815398491,26.0,84.0,84.0,84.0,15.0,15195.0,5444.0,1039.0,44.0,2.0,332.81118694215513,0.1349413735171232,0.8470161255383211,0.8592308975676654,0.6071716822394706,0.9300115245533056,0.40785716633713565,0.9262688788514881,8.328080177751586e-05,0.3512218848474659,0.3842869746992721,0.36657170944593104,0.8855162093112419,0.1596391676325265,0.4325980219706892,0.06171599625580446,0.6173600781005516,0.07067258073445731,0.8730087077249212,0.42541556953453774,0.006315072103358724,0.4495386286492236,0.9896368356662071,0.7845178196263897,0.0012784952984400686,0.8231446155247188,0.9616488547201947,0.25474977198125826,0.2385217773377957,0.7048419770490549,0.9397067173971878,0.08427486371182086,0.010739653208560632,0.6651065323407954,0.9672784424007671,0.43900976225460125,0.3173076717594288,0.6677351099386563,0.91772336254095,0.47235195042052386,0.0030219733175497676,0.6158966016821519,0.8876712711061312,0.5364279408226709,0.00011894540798206085,0.6179866863576552,0.9393206675880087,0.7889778596975457,0.0014157401863283477,0.8104899935973034,0.7393968872808713,0.27166123098513034,0.0258236060429053,0.4986299092099699,0.6397703466871802,0.268593450672413,0.01261702789569532,0.32023072665598656,1.0664680004119873,1.0162513256072998,0.21239861845970154,0.9961713552474976,0.29897900825193147,0.02383108175518147,0.036386190366570724,0.10669103883150396,0.06747717674311911,0.00859524586680494,0.05249417639869336,0.0327464326444708,0.9188665151596069,0.7380019426345825,0.039767272770404816,0.7582300901412964,0.30948336984117203,0.030464150881788093,0.04140589965065153,0.12391430284675625,0.06984792734422335,0.010987619850512206,0.05973608608954103,0.03803272904921494,0.0,0.0,0.0
A_confirmed_bad,knn,19_tdm,False,ok,4066.5,0.3322103387813035,0.03344168355374532,0.030941146233824462,0.019806606938241076,0.6677896612186964,0.9665583164462547,0.9690588537661755,0.9801933930617589,-0.23115512577503688,-0.19362250747461013,0.03344168355374532,-0.017606900433351343,0.3844224371124816,0.40318874626269496,0.5167208417768726,0.49119654978332433,2123.445772400534,2264.2188159692655,2292.0270744036247,2262.26244938824,2074.1233527105987,2175.2042431620466,1954.293065610774,626.7895566188786,1763.891366481256,1743.3200513904433,1663.4742324295617,2050.074557082305,1324.5901151517114,2101.6180526273088,0.0,0.0,1.4189441478209806,1.1016488850352888,1.0376780592572548,1.024291988698953,0.6120950323974083,0.3069053708439898,0.796242774566474,0.6090973702914001,0.13622417495783662,0.056000830876471966,0.1811823313351547,0.1305936331051423,0.2951756832058392,0.7790286672121707,0.7606018580055592,0.7353144339549983,0.9884053204468938,0.6089497661268736,1.0753853091990027,87.14699297867237,1.051508682313206,0.1099274415335868,2.623329054017875,0.001,0.001,0.001,0.001,,,,,,,,,127.552018269208,11.433458254680449,1.0,1.0,1.0,1.41759168131775,26.437087237737224,53.74869379103096,76.0930003609391,18.147739697341994,0.4166666666666667,0.0,0.0,0.8027777777777778,0.5694444444444445,0.7770833333333333,0.10096153846153846,1.492772169858348,1.0376780592572548,1.0342857155324752,1.1517892582425826,0.005937014094678892,0.002511870617150317,0.03428571553247517,0.006071570329703304,0.0,0.003676470588235281,0.02757352941176472,0.0,0.6838461538461539,0.513868463012413,0.8025590935169249,0.9153083333333333,0.8997833333333334,0.7513083009323857,0.7644642577476354,0.7456500795447304,26.0,84.0,35.0,0.0,15.0,15195.0,5444.0,1039.0,44.0,2.0,332.81118694215513,0.042940051872248364,0.7777051499703765,0.779666635689563,0.5155807797514931,0.9140755600091415,0.31742805871536317,0.9735483335293221,0.5711370410391668,0.9311301299579479,0.6560287943582489,0.7891186898194756,0.932631575856027,0.1426349056531416,0.467224049859856,0.061344277178883244,0.6571334244702927,0.057322461836759986,0.773836687946392,0.1701670975116167,0.04625189506267399,0.24308619112451876,0.9923631979810797,0.44380423611831665,0.1216786383084244,0.683914567400473,0.9735989403725935,0.7917211030506985,0.007113744212293247,0.8868266115033993,0.9774654296919684,0.6144154214649403,1.4499948742324404e-05,0.7860777883084354,0.9353069887414462,0.3335514274589419,0.17808490258745036,0.6910971016731763,0.9568157286256002,0.7181505208359338,0.021826618794371925,0.7619246570097863,0.9793486071040202,0.5829780485404625,0.0012463114729870184,0.8061364875395569,0.9376085442823281,0.5060252322491401,0.09695985578300402,0.701295358944317,0.9389462036639149,0.31331548852981744,0.032424926551589274,0.5135170823846762,0.8610254301509269,0.19811192283869278,0.10784137906729586,0.49745839881458737,1.0884573459625244,0.9795107841491699,0.2195579707622528,1.0293359756469727,0.31734337047622013,0.035200893122524904,0.04217144610080557,0.12571154560424164,0.07162186677613576,0.012696038485682275,0.06084053615674841,0.038584352592750816,0.8928533792495728,0.9261785745620728,0.10694676637649536,0.9265608787536621,0.3296795287039095,0.03699711219547262,0.04484547966793672,0.13470122709627624,0.07440603926345453,0.013343887572905236,0.06469835112321914,0.041343534644947985,0.0,0.0,0.0
A_confirmed_bad,knn,21_harmonizr,False,ok,3858.5,0.28153251279324076,-0.09426187534843217,0.030213569066395513,-0.06289389317621567,0.7184674872067592,0.9057381246515679,0.9697864309336045,0.9371061068237844,-0.06952103682067019,-0.007300519788308477,-0.09426187534843217,0.020205693691281952,0.4652394815896649,0.49634974010584576,0.45286906232578394,0.510102846845641,,,,,,,,,,,,,,,0.2519865436556402,0.0,1.3958723728594513,1.1210765371413516,1.087700918814988,1.0391644874334205,0.5917652212001752,0.41238938053097346,0.809322033898305,0.5289691497366441,0.1288349775441436,0.08534454366021164,0.1799796576963467,0.11108959458883336,,,,,,,,17.873840547942184,0.7572763964637308,0.04188678197517736,1.0898035116513427,0.001,0.001,0.001,0.001,,,,,,,"Traceback (most recent call last):
  File ""/app/harmonization-metrics/compute_batch_metrics.py"", line 1140, in _run_group
    group_result = fn(*args)  # type: ignore[operator]
                   ^^^^^^^^^
  File ""/app/harmonization-metrics/compute_batch_metrics.py"", line 1073, in compute_group_h
    D = pairwise_distances(X, metric=""euclidean"")
        ^^^^^^^^^^^^^^^^^^^^^^^^^^^^^^^^^^^^^^^^^
  File ""/usr/local/lib/python3.12/dist-packages/sklearn/utils/_param_validation.py"", line 218, in wrapper
    return func(*args, **kwargs)
           ^^^^^^^^^^^^^^^^^^^^^
  File ""/usr/local/lib/python3.12/dist-packages/sklearn/metrics/pairwise.py"", line 2473, in pairwise_distances
    return _parallel_pairwise(X, Y, func, n_jobs, **kwds)
           ^^^^^^^^^^^^^^^^^^^^^^^^^^^^^^^^^^^^^^^^^^^^^^
  File ""/usr/local/lib/python3.12/dist-packages/sklearn/metrics/pairwise.py"", line 1969, in _parallel_pairwise
    return func(X, Y, **kwds)
           ^^^^^^^^^^^^^^^^^^
  File ""/usr/local/lib/python3.12/dist-packages/sklearn/utils/_param_validation.py"", line 191, in wrapper
    return func(*args, **kwargs)
           ^^^^^^^^^^^^^^^^^^^^^
  File ""/usr/local/lib/python3.12/dist-packages/sklearn/metrics/pairwise.py"", line 343, in euclidean_distances
    X, Y = check_pairwise_arrays(X, Y)
           ^^^^^^^^^^^^^^^^^^^^^^^^^^^
  File ""/usr/local/lib/python3.12/dist-packages/sklearn/metrics/pairwise.py"", line 173, in check_pairwise_arrays
    X = Y = check_array(
            ^^^^^^^^^^^^
  File ""/usr/local/lib/python3.12/dist-packages/sklearn/utils/validation.py"", line 1074, in check_array
    _assert_all_finite(
  File ""/usr/local/lib/python3.12/dist-packages/sklearn/utils/validation.py"", line 133, in _assert_all_finite
    _assert_all_finite_element_wise(
  File ""/usr/local/lib/python3.12/dist-packages/sklearn/utils/validation.py"", line 182, in _assert_all_finite_element_wise
    raise ValueError(msg_err)
ValueError: Input contains NaN.
",,35.1498083522566,4.26823386492115,-21.0865309068935,0.0,0.16697598574001,2.3477687789292,6.6668613572362,10.402858466181778,14.011403064720506,3.146560043192622,0.07142857142857142,0.0,0.09123031327285404,0.8857142857142857,0.6031746031746031,0.828125,0.20833333333333331,1.475064804081949,1.087700918814988,1.0202091567267455,1.1722381170441012,0.0057236723383367345,0.005846727920999199,0.020209156726745503,0.006889524681764047,0.0,0.0,0.005514705882352922,0.0,0.7862692307692307,0.5862900170729143,0.8584759036144578,0.6309833333333333,0.6919333333333333,0.772437817643049,0.5617944604408427,0.5709018367579319,26.0,84.0,6.0,0.0,15.0,15194.0,5444.0,1039.0,44.0,2.0,332.81118694215513,0.14878243334031915,0.7745802851121397,0.779390663026307,0.6719606157592177,0.9575931443382695,0.5578316767871034,0.9576935122990087,,0.4631203391962412,0.27782875155743886,,0.7709501727702339,0.12840832033140717,0.1942329850527877,0.059202491120290336,0.35317397167783915,0.044149803636580595,0.8792574407023175,0.3874849554095523,0.1920861832974502,0.6598574402523271,0.9662707185770247,0.44271832533030914,0.052082222229436426,0.5534292984135839,0.8832046018218549,0.39189369958946546,0.0008320520168093503,0.41561992125762026,0.8408463012062748,0.222593328405138,0.11675849899939092,0.5826256217311897,0.8822367679881681,0.10739168253767825,0.013802982722301908,0.3963051417218323,0.5286459748455103,0.07520853739845042,0.015797710667799347,0.14510972305421993,0.7138956512198759,0.03244891375324252,0.10545074483393206,0.18571196090132688,0.8549760171180218,0.21312167387610162,0.03432275084242482,0.44211107410437195,0.6024165871354352,0.025259383847627777,0.00848829837140174,0.05433234186986457,0.5577516670878556,0.04420935038031166,0.05240346722195652,0.09663719347205477,1.0561267137527466,0.8630198240280151,0.03529812768101692,0.9039223790168762,0.3031536429724618,0.05768695737620795,0.026792553491169043,0.12407815266657628,0.0684193584920057,0.020806171832657056,0.03865348405446186,0.0380830190936958,0.8171067237854004,0.5006444454193115,0.3536622226238251,0.7463498711585999,0.3277494642609194,0.06662479147022578,0.025739963455462825,0.13878408389799274,0.07397043911778975,0.02402981406358901,0.03713491762985936,0.0425966763962958,0.08403300436714692,0.0,0.02792860150043759
A_confirmed_bad,knn,25_angel,False,ok,2195.2,0.07862725058562281,-0.015060727068863357,0.061106287340657386,-0.024404352277313947,0.9213727494143772,0.9849392729311366,0.9388937126593426,0.975595647722686,0.021351064187164807,0.06233061818151722,-0.015060727068863357,0.11435271478790532,0.5106755320935824,0.5311653090907587,0.4924696364655683,0.5571763573939527,4.913017026025224,4.928280211608235,4.948534685220163,4.923445628542479,5.044120015092046,4.9255072728038645,4.998840304990456,4.331880020077058,4.830959436551898,4.806559194030581,4.82021799243802,4.761444601935588,4.6518331457465285,4.8466825782811265,1.0,1.0,1.3449673005352583,1.1042558817339594,1.1195268680277632,1.0132557423244022,0.7058189655172413,0.6900198281559815,0.8400682982356289,0.729159578087785,0.15326365023470073,0.15109434807745653,0.1865343725976109,0.158950426936196,0.8817148398082547,0.9802525889605253,0.9713095895612046,0.9790334566698531,0.9439594196191424,0.9444373722543412,0.9695613947584147,2.0282694502688905,0.09447330468409681,0.08707072518715997,0.27813928233007534,0.001,0.001,0.001,0.001,,,,,,,,,0.9999341932087392,0.3398262700710713,6.580679126085812e-05,0.0214530139510397,0.0461963674651224,0.1149644643327191,0.6963016583311398,0.9643327191366148,0.9943406159515662,0.3133149480468092,1.0,1.0,1.0,0.9666666666666667,1.0,0.9270833333333333,0.41666666666666663,1.9707112598421215,1.1195268680277632,1.1146667434411277,1.4088543767593018,0.011695316383640018,0.00796845786851755,0.1146667434411277,0.01635417507037207,0.005514705882352922,0.0533088235294118,0.0533088235294118,0.012867647058823484,0.7585780885780886,0.5178483155727026,0.8348625671517238,0.9194696969696969,0.8978121212121212,0.7032619182042746,0.702134477176643,0.6325457553496292,26.0,84.0,84.0,84.0,15.0,550.0,5444.0,1039.0,44.0,2.0,332.81118694215513,0.48393474851638896,0.8507289837913644,0.8785352738794201,0.8442533529926133,0.9692016095757474,0.7572410436167248,0.9462657742664962,0.1146790804213255,0.3752215198265117,0.4230615136171341,0.37966357029281944,0.5742167423443834,0.14022149378917237,0.19176223340314108,0.03340610870229189,0.297655706538661,0.06020304516968504,0.44063562790137584,0.23071952835147258,0.021699366804413752,0.2687132460460698,0.6790676728252785,0.1240643972559395,0.08336404678453359,0.1865893433959404,0.655937409888388,0.030077301242577112,0.07522824705664954,0.26383725402063596,0.7227313542044884,0.241088274502549,0.00010968979596673077,0.2681354903583414,0.5197813516749161,0.13133453324769345,0.01860875470644816,0.24679190831129896,0.453447844132832,0.07968259735529803,0.0002249253391176507,0.2659259736086812,0.4188977598222051,0.13945095304759714,0.04741251746880579,0.22882526048745727,0.4308815474292647,0.08797774557363591,0.012471226382252374,0.24655796100186417,0.875416988283686,0.5478825392920067,0.031042515231353478,0.6547612178022206,0.5453698672813998,0.3053444641626413,0.043899797453377805,0.3464194103541006,0.9917453527450562,1.0347676277160645,0.3200632929801941,1.0235590934753418,0.5052648159431216,0.0726412375832473,0.08590163480639106,0.254760406039212,0.11403423767713064,0.026199788306346967,0.12392986253943515,0.07819301947201304,1.0828359127044678,1.3091142177581787,0.25749945640563965,1.2017285823822021,0.527858650301454,0.07184434823922566,0.10082435700902481,0.27699387347999993,0.11913348582574076,0.025912371230157646,0.1454587998577385,0.08501708597259913,0.0,0.0,0.0
A_confirmed_bad,softimpute,01_raw,False,ok,4064.4,0.35180859557379357,0.10837240704056256,0.030704907735134256,0.044164034598038894,0.6481914044262065,0.8916275929594375,0.9692950922648658,0.9558359654019611,-0.16550135273896915,-0.06058984149233469,0.10837240704056256,0.20570572975515503,0.4172493236305154,0.46970507925383265,0.5541862035202813,0.6028528648775775,,,,,,,,,,,,,,,0.5416186793901503,0.0,1.3832635311263766,1.0551666873168515,1.035909333103938,1.0056512355758787,0.6064604185623294,0.2049469964664311,0.8200899550224887,0.5876598946576373,0.13568934989768933,0.039428060273896844,0.18812010039071725,0.13007817856404127,,,,,,,,66.466262215887,0.7901957463166174,0.025670729657599627,1.2203343011659813,0.001,0.001,0.001,0.001,,,,,,,"Traceback (most recent call last):
  File ""/app/harmonization-metrics/compute_batch_metrics.py"", line 1140, in _run_group
    group_result = fn(*args)  # type: ignore[operator]
                   ^^^^^^^^^
  File ""/app/harmonization-metrics/compute_batch_metrics.py"", line 1073, in compute_group_h
    D = pairwise_distances(X, metric=""euclidean"")
        ^^^^^^^^^^^^^^^^^^^^^^^^^^^^^^^^^^^^^^^^^
  File ""/usr/local/lib/python3.12/dist-packages/sklearn/utils/_param_validation.py"", line 218, in wrapper
    return func(*args, **kwargs)
           ^^^^^^^^^^^^^^^^^^^^^
  File ""/usr/local/lib/python3.12/dist-packages/sklearn/metrics/pairwise.py"", line 2473, in pairwise_distances
    return _parallel_pairwise(X, Y, func, n_jobs, **kwds)
           ^^^^^^^^^^^^^^^^^^^^^^^^^^^^^^^^^^^^^^^^^^^^^^
  File ""/usr/local/lib/python3.12/dist-packages/sklearn/metrics/pairwise.py"", line 1969, in _parallel_pairwise
    return func(X, Y, **kwds)
           ^^^^^^^^^^^^^^^^^^
  File ""/usr/local/lib/python3.12/dist-packages/sklearn/utils/_param_validation.py"", line 191, in wrapper
    return func(*args, **kwargs)
           ^^^^^^^^^^^^^^^^^^^^^
  File ""/usr/local/lib/python3.12/dist-packages/sklearn/metrics/pairwise.py"", line 343, in euclidean_distances
    X, Y = check_pairwise_arrays(X, Y)
           ^^^^^^^^^^^^^^^^^^^^^^^^^^^
  File ""/usr/local/lib/python3.12/dist-packages/sklearn/metrics/pairwise.py"", line 173, in check_pairwise_arrays
    X = Y = check_array(
            ^^^^^^^^^^^^
  File ""/usr/local/lib/python3.12/dist-packages/sklearn/utils/validation.py"", line 1074, in check_array
    _assert_all_finite(
  File ""/usr/local/lib/python3.12/dist-packages/sklearn/utils/validation.py"", line 133, in _assert_all_finite
    _assert_all_finite_element_wise(
  File ""/usr/local/lib/python3.12/dist-packages/sklearn/utils/validation.py"", line 182, in _assert_all_finite_element_wise
    raise ValueError(msg_err)
ValueError: Input contains NaN.
",,28.595721243760057,3.56025381533652,-11.540170656401427,0.0,3.711917988950619e-05,2.211014,6.345986352389072,11.231732189563036,15.141942857678998,3.526276255826426,0.5952380952380952,0.4642857142857143,0.17708420221180496,0.7606349206349207,0.558994708994709,0.7770833333333333,0.08571428571428572,1.4347116256570795,1.035909333103938,1.0312434666171626,1.1439056015442013,0.005237489465747946,0.0023939555402625306,0.031243466617162596,0.0057562240617680515,0.0,0.003676470588235281,0.02941176470588236,0.0,0.8328974358974359,0.6491326230019844,0.9415473321858864,0.9737916666666667,0.9712466666666667,0.8929326247353536,0.860522292902658,0.8305134012177487,26.0,84.0,50.0,39.0,15.0,15195.0,5444.0,1039.0,44.0,2.0,332.81118694215513,0.042148754505049624,0.6640228188761972,0.6585146039510549,0.5669245185347764,0.9604128315412473,0.43677215229873023,0.8233150805381722,0.6077139684309798,0.9197038527600891,0.7815139695101235,0.7348274179815558,0.9069358852280704,0.1889799090083874,0.44974438515797477,0.06731144799184251,0.632527356485477,0.0782560860738528,0.9506892515710925,0.4999374191280293,0.0792445981965847,0.6051078721514608,0.9892833339966349,0.4088055168324045,0.02751169428696468,0.5139843152736724,0.9584583733575733,0.6535423892000513,0.008865629428007019,0.7815210888020201,0.9834083556950799,0.5573435675855286,0.18139825775954313,0.794689265432742,0.9446696407777738,0.42860545114374127,0.10300457496880193,0.8445749500334946,0.9223601667779561,0.3436612108060923,0.11352742561309065,0.6655309768072554,0.9834766042210075,0.7462039226151336,0.08925990907518562,0.8632707662957919,0.9655682375447086,0.48412976272715075,0.028454857711873893,0.6635313241689372,0.8718379835019032,0.2589205578108276,0.014691325714523383,0.36123932854026536,0.4996069048369725,0.11629405373078867,0.02715620716385016,0.23182367734913073,1.061252474784851,0.8939824104309082,0.09904927015304565,1.041564702987671,0.2880206937462122,0.026518579019774845,0.03927235113826751,0.12058143680675214,0.06500397259065223,0.00956455561081282,0.05665802623122858,0.037009780219703574,0.9607020616531372,1.2179239988327026,0.23748011887073517,1.0991089344024658,0.30404209676655597,0.030307346586637102,0.04703218615869021,0.133202355341036,0.06861987542475863,0.0109310646557611,0.06785310173330891,0.04088348941984534,0.15355422245846728,0.0,0.03849631498818083
A_confirmed_bad,softimpute,02_median_scaling,False,ok,3658.2,0.0674557062262741,-0.39724011858226344,-0.03321919652308049,-0.3549696406851814,0.9325442937737259,0.6027598814177366,0.9667808034769195,0.6450303593148186,-0.061049541814417595,0.038302255615345206,-0.39724011858226344,0.36435968784498834,0.4694752290927912,0.5191511278076726,0.3013799407088683,0.6821798439224942,,,,,,,,,,,,,,,0.23802830143082915,0.05424631308145622,1.5490898104447413,1.1777242687582554,1.472936198969478,1.0579540161307324,0.5634654130288784,0.5998953974895398,0.7566951566951567,0.5695820766910814,0.117547398567808,0.12328310746684179,0.16226610105066686,0.11688851993964987,,,,,,,,21.414574230348887,0.02540672902763153,0.020274701193299164,0.07127092388838202,0.001,0.001,0.001,0.001,,,,,,,"Traceback (most recent call last):
  File ""/app/harmonization-metrics/compute_batch_metrics.py"", line 1140, in _run_group
    group_result = fn(*args)  # type: ignore[operator]
                   ^^^^^^^^^
  File ""/app/harmonization-metrics/compute_batch_metrics.py"", line 1073, in compute_group_h
    D = pairwise_distances(X, metric=""euclidean"")
        ^^^^^^^^^^^^^^^^^^^^^^^^^^^^^^^^^^^^^^^^^
  File ""/usr/local/lib/python3.12/dist-packages/sklearn/utils/_param_validation.py"", line 218, in wrapper
    return func(*args, **kwargs)
           ^^^^^^^^^^^^^^^^^^^^^
  File ""/usr/local/lib/python3.12/dist-packages/sklearn/metrics/pairwise.py"", line 2473, in pairwise_distances
    return _parallel_pairwise(X, Y, func, n_jobs, **kwds)
           ^^^^^^^^^^^^^^^^^^^^^^^^^^^^^^^^^^^^^^^^^^^^^^
  File ""/usr/local/lib/python3.12/dist-packages/sklearn/metrics/pairwise.py"", line 1969, in _parallel_pairwise
    return func(X, Y, **kwds)
           ^^^^^^^^^^^^^^^^^^
  File ""/usr/local/lib/python3.12/dist-packages/sklearn/utils/_param_validation.py"", line 191, in wrapper
    return func(*args, **kwargs)
           ^^^^^^^^^^^^^^^^^^^^^
  File ""/usr/local/lib/python3.12/dist-packages/sklearn/metrics/pairwise.py"", line 343, in euclidean_distances
    X, Y = check_pairwise_arrays(X, Y)
           ^^^^^^^^^^^^^^^^^^^^^^^^^^^
  File ""/usr/local/lib/python3.12/dist-packages/sklearn/metrics/pairwise.py"", line 173, in check_pairwise_arrays
    X = Y = check_array(
            ^^^^^^^^^^^^
  File ""/usr/local/lib/python3.12/dist-packages/sklearn/utils/validation.py"", line 1074, in check_array
    _assert_all_finite(
  File ""/usr/local/lib/python3.12/dist-packages/sklearn/utils/validation.py"", line 133, in _assert_all_finite
    _assert_all_finite_element_wise(
  File ""/usr/local/lib/python3.12/dist-packages/sklearn/utils/validation.py"", line 182, in _assert_all_finite_element_wise
    raise ValueError(msg_err)
ValueError: Input contains NaN.
",,28.66384323199968,3.75587127998632,-12.286768000682986,-3.211687455186369,0.11749785425388137,2.201894827344401,5.8268679518428375,9.135750543085829,12.068940653494435,2.898212476809924,0.0,0.0,0.10049363177057305,0.6888888888888889,0.6166666666666667,0.7765151515151515,0.15000000000000002,1.9255466026187185,1.472936198969478,1.1281293098956315,1.605169195682359,0.011151163886972511,0.03152907993129853,0.12812930989563154,0.024206767827294362,0.020220588235294157,0.05514705882352944,0.10110294117647056,0.007352941176470562,0.8328974358974359,0.6491326106150155,0.8884102122776821,0.6088833333333333,0.66478,0.8001802796409544,0.3668687816867287,0.37446594737715483,26.0,84.0,0.0,0.0,15.0,15195.0,5444.0,1039.0,44.0,2.0,332.81118694215513,0.11120046761169944,0.6591594207307683,0.6741461298118424,0.9705375704780318,0.9807870681392816,0.922400291077246,0.8060023365098488,0.08100254914782319,1.9210111149840934,0.2814579810099354,0.3124960061560687,0.7796329107142084,0.11856649954913885,0.061311971318548805,0.023579328840807896,0.13515821353920732,0.035723263920641825,0.7049052462556067,0.10487429775759712,0.059274765983765784,0.19718177811481308,0.9776202401867531,0.018143095166471154,0.021477705854448425,0.055083065486867075,0.7053413570454491,0.09938473661635276,0.0018118260461906651,0.1952541107635487,0.9037250034426056,0.05339637017052615,0.005102772978186484,0.17110665659077579,0.79654580910972,0.048373210525425245,0.026222248993223875,0.11702497315304994,0.8337277788220427,0.04588954306759963,0.006004840746596969,0.09487545282235754,0.43763096963786485,0.009273966169289057,0.004161691502679136,0.036426518844583484,0.6965725310321493,0.016685354396973554,0.10417716821952061,0.13494871529830735,0.8675301786234286,0.1332836031775475,0.004523957370203624,0.2192697612226592,0.8727299929864635,0.08381553613770583,0.003036310713263366,0.1304111030951109,1.0367814302444458,0.2792050838470459,0.1308354139328003,0.3597189486026764,0.4556510304862886,0.2044285187208653,0.08228522480252558,0.28315895432594995,0.10283680214565372,0.07373200254371724,0.11871248576103718,0.0869093199116505,1.1459269523620605,0.4099683463573456,0.29247570037841797,0.422676146030426,0.5214343179437703,0.2608172484660222,0.1080019476172327,0.34727141338403883,0.11768356526947656,0.09406993773505871,0.15581387423373122,0.10658720800057186,4.568377689632365e-06,0.0,8.703895646093801e-07
A_confirmed_bad,softimpute,03_limma,False,ok,3645.7,0.18635114038432868,-0.3459244020204827,-0.032834947209103515,-0.29132440103765933,0.8136488596156713,0.6540755979795173,0.9671650527908965,0.7086755989623407,-0.057428054592620584,0.009674573103675591,-0.3459244020204827,0.3207654506186953,0.4712859727036897,0.5048372865518378,0.32703779898975865,0.6603827253093477,,,,,,,,,,,,,,,0.20437888932807108,0.02178348140835801,1.5265805663712764,1.1373650944789864,1.2992591893201186,1.0542716045778449,0.5185840707964602,0.49404761904761907,0.7789954337899543,0.49044585987261147,0.11055778436139578,0.10257621358277776,0.16808353515189764,0.10413855386216563,,,,,,,,19.807620656763312,2.8141882158245734e-07,2.487755155150361e-08,4.801291500611314e-07,0.001,1.0,1.0,1.0,,,,,,,"Traceback (most recent call last):
  File ""/app/harmonization-metrics/compute_batch_metrics.py"", line 1140, in _run_group
    group_result = fn(*args)  # type: ignore[operator]
                   ^^^^^^^^^
  File ""/app/harmonization-metrics/compute_batch_metrics.py"", line 1073, in compute_group_h
    D = pairwise_distances(X, metric=""euclidean"")
        ^^^^^^^^^^^^^^^^^^^^^^^^^^^^^^^^^^^^^^^^^
  File ""/usr/local/lib/python3.12/dist-packages/sklearn/utils/_param_validation.py"", line 218, in wrapper
    return func(*args, **kwargs)
           ^^^^^^^^^^^^^^^^^^^^^
  File ""/usr/local/lib/python3.12/dist-packages/sklearn/metrics/pairwise.py"", line 2473, in pairwise_distances
    return _parallel_pairwise(X, Y, func, n_jobs, **kwds)
           ^^^^^^^^^^^^^^^^^^^^^^^^^^^^^^^^^^^^^^^^^^^^^^
  File ""/usr/local/lib/python3.12/dist-packages/sklearn/metrics/pairwise.py"", line 1969, in _parallel_pairwise
    return func(X, Y, **kwds)
           ^^^^^^^^^^^^^^^^^^
  File ""/usr/local/lib/python3.12/dist-packages/sklearn/utils/_param_validation.py"", line 191, in wrapper
    return func(*args, **kwargs)
           ^^^^^^^^^^^^^^^^^^^^^
  File ""/usr/local/lib/python3.12/dist-packages/sklearn/metrics/pairwise.py"", line 343, in euclidean_distances
    X, Y = check_pairwise_arrays(X, Y)
           ^^^^^^^^^^^^^^^^^^^^^^^^^^^
  File ""/usr/local/lib/python3.12/dist-packages/sklearn/metrics/pairwise.py"", line 173, in check_pairwise_arrays
    X = Y = check_array(
            ^^^^^^^^^^^^
  File ""/usr/local/lib/python3.12/dist-packages/sklearn/utils/validation.py"", line 1074, in check_array
    _assert_all_finite(
  File ""/usr/local/lib/python3.12/dist-packages/sklearn/utils/validation.py"", line 133, in _assert_all_finite
    _assert_all_finite_element_wise(
  File ""/usr/local/lib/python3.12/dist-packages/sklearn/utils/validation.py"", line 182, in _assert_all_finite_element_wise
    raise ValueError(msg_err)
ValueError: Input contains NaN.
",,24.538905816058552,3.630388617682899,-11.366753712681968,-3.1171671917586763,0.529140233402658,2.0629818629063186,5.777106569255599,9.078255176984563,11.887844523645159,2.8376582874294303,0.023809523809523808,0.011904761904761904,0.08853300432607791,0.7,0.6166666666666667,0.7660984848484849,0.1625,1.688110461968517,1.2992591893201186,1.0722306270392166,1.3673222229718345,0.00829048749359659,0.019950612621341242,0.07223062703921657,0.01469288891887338,0.003676470588235281,0.011029411764705843,0.047794117647058876,0.0018382352941176405,0.8329230769230769,0.6491658682914405,0.9107920252438325,0.66645,0.7394233333333333,0.8275944240981568,0.4403864378765416,0.4634513684951032,26.0,84.0,2.0,1.0,15.0,15195.0,5444.0,1039.0,44.0,2.0,332.81118694215513,0.11937626562899195,0.6308179726561536,0.6447766664200417,0.9999971115619027,0.9999997709338893,0.9999938346759303,0.8199967700783949,0.03791516236496391,0.9684601687014885,1.1494816435566299e-15,1.3333400494259693e-15,0.7349159156560139,0.11388473848799738,7.284184265692483e-06,3.183239245000572e-07,1.1998759377889598e-05,0.036872722459482046,0.6784826209503233,7.147609200779565e-06,4.382206623732849e-07,1.2911434078684676e-05,0.9766538853060712,2.804946995537574e-07,2.6786097442399045e-08,4.839069064488173e-07,0.6304819073280352,2.9343829763731095e-07,5.199152159087583e-11,4.3098647629548855e-07,0.8806667859997849,5.990398626475105e-07,2.8966212413836737e-08,8.03669422668143e-07,0.7740603986846789,2.460482338774362e-06,2.7974716574897045e-07,4.648012545579285e-06,0.8204146189120006,6.573956759915003e-06,3.8054784379505166e-09,7.306544313094619e-06,0.393897854164248,2.1115615203300015e-06,3.893147684969136e-07,6.822830195717248e-06,0.6853184838909288,3.774929625874566e-06,1.1637402867814673e-06,1.6962153000402984e-05,0.9089459596231194,1.5233674097573908e-05,4.2858289331548256e-07,2.322059665813079e-05,0.6002366417009487,3.4366656253838844e-05,4.240236884686761e-07,4.6397460181873927e-05,0.9103426933288574,0.24750642478466034,0.09173604100942612,0.27111077308654785,0.3747681323726548,0.13833823710275675,0.06406259918050669,0.1986389785584673,0.08458217736975492,0.04989497215836719,0.09242279414417438,0.06096780013740574,1.0186753273010254,0.3832901120185852,0.04264051839709282,0.39009785652160645,0.40855684160151595,0.15336300897854183,0.07226749880152766,0.21775570847896347,0.09220801945776042,0.05531401312728797,0.10425996213841307,0.06683525363284606,0.0,0.0,0.0
A_confirmed_bad,softimpute,04_sva,False,ok,3864.8,0.3390177961760611,0.10367358905766133,0.029985373803162064,0.03568796132665759,0.6609822038239389,0.8963264109423387,0.970014626196838,0.9643120386733424,-0.16194751700099483,-0.05888892116624416,0.10367358905766133,0.20742987491638906,0.41902624149950257,0.47055553941687794,0.5518367945288307,0.6037149374581945,424.36152663252983,469.11402213319786,476.3792112427625,450.3796064548429,403.4152113289367,431.2367670580789,490.95762228521477,125.05596648214065,328.2063166082483,323.19118666644295,335.81508686981766,418.76708057320525,286.9933684553427,381.6447168001921,0.5305232886300009,0.0,1.3825202231092009,1.0552523993539853,1.036070908016441,1.0056462777539887,0.6174838112858464,0.20848056537102475,0.8426626323751891,0.5971168437025797,0.13599605399301234,0.039887974426472204,0.18940140021688082,0.13049226745237263,0.2946920458942339,0.6996301562588105,0.6784325995740081,0.7456267603082246,1.0380547604878263,0.6655122901816266,0.7773475743665735,49.27026588368689,0.7784838198735309,0.027954857205487554,1.2000034150305297,0.001,0.001,0.001,0.001,,,,,,,,,28.593426141898806,3.5289189012913984,-9.295531253450177,-0.0150256201336366,-0.0105176667624216,2.201208169247575,6.300631260324119,11.168989116473037,15.081769384401142,3.5061544218335707,0.6071428571428571,0.47619047619047616,0.17544815058413032,0.7261111111111112,0.5560185185185186,0.7458333333333333,0.08571428571428572,1.4356238345718066,1.036070908016441,1.0316951906875427,1.1435767787073772,0.00524847993460008,0.002404727201096065,0.031695190687542674,0.005743071148295087,0.0,0.003676470588235281,0.02941176470588236,0.0,0.8351282051282052,0.6502968012640301,0.9421101549053357,0.974925,0.9716766666666666,0.8939647728873011,0.8614026440589254,0.8302942313956249,26.0,84.0,51.0,40.0,15.0,14764.0,5444.0,1039.0,44.0,2.0,332.81118694215513,0.04621294786424335,0.6669979877743963,0.6616161315060609,0.5684747868946045,0.9589111039836979,0.4396377320080268,0.8239562176860545,0.6044391404186976,0.9229795949372221,0.7808894605669356,0.7363590938725117,0.9047321869310391,0.1884526451119282,0.4539865468054468,0.06683832746294652,0.634303590176686,0.07818206402960985,0.9539972363215589,0.5460879415968065,0.07735815546729537,0.6422457055311466,0.9844916029650865,0.4062202662700689,0.0300265682841353,0.510197989437262,0.951884199062344,0.6405300641665903,0.008963531975258586,0.7724305083260407,0.9835082307388852,0.5659506054443211,0.17874093457393161,0.7966983928881721,0.9408205201117015,0.47431906701656273,0.08119551627114259,0.8286502982086549,0.9125111021682711,0.29358510400173843,0.13705575041907747,0.670315709687367,0.9840856365191493,0.7679556877584386,0.08240443739656368,0.8750338266210717,0.9596967700175522,0.4325578800313306,0.023543645618372397,0.6030348562494284,0.8674663859543088,0.2919437367093343,0.019980203288505898,0.4013271195237224,0.5088601854515342,0.12071511505927668,0.029114531335182145,0.2431014952939932,1.0575611591339111,0.8827047944068909,0.10825677961111069,1.0277485847473145,0.2890952627046483,0.026659134504153473,0.03975258478303042,0.12088626718662734,0.06524649423106775,0.009615250285883519,0.05735085692899606,0.037103341099903986,0.9456731081008911,0.839465320110321,0.021300265565514565,0.8679265379905701,0.2984611447226604,0.0285638660154728,0.04234525372196282,0.13123999874089864,0.06736029907636333,0.010302236962284852,0.061091287549860686,0.040281187868237846,0.0,0.0,0.0
A_confirmed_bad,softimpute,05_combat,False,ok,3585.2,0.24974436122877758,-0.0505289468080867,-0.01014231341361703,-0.154029166592943,0.7502556387712225,0.9494710531919133,0.989857686586383,0.845970833407057,0.06833722578116289,0.15844365773198615,-0.0505289468080867,0.49082385060354705,0.5341686128905815,0.579221828865993,0.47473552659595664,0.7454119253017735,,,,,,,,,,,,,,,0.5964791049687397,0.0028463310299440604,1.2986766002131318,1.0449928619015647,1.0845040500437646,1.0039696439561732,0.560434372049103,0.2025,0.7433628318584071,0.4423828125,0.12388815463548224,0.044318119197414234,0.16227274560638613,0.09602176342571034,,,,,,,,32.09998785828868,0.3764777592722473,0.03451516346355912,0.5511397800330513,0.001,0.001,0.001,0.001,,,,,,,"Traceback (most recent call last):
  File ""/app/harmonization-metrics/compute_batch_metrics.py"", line 1140, in _run_group
    group_result = fn(*args)  # type: ignore[operator]
                   ^^^^^^^^^
  File ""/app/harmonization-metrics/compute_batch_metrics.py"", line 1073, in compute_group_h
    D = pairwise_distances(X, metric=""euclidean"")
        ^^^^^^^^^^^^^^^^^^^^^^^^^^^^^^^^^^^^^^^^^
  File ""/usr/local/lib/python3.12/dist-packages/sklearn/utils/_param_validation.py"", line 218, in wrapper
    return func(*args, **kwargs)
           ^^^^^^^^^^^^^^^^^^^^^
  File ""/usr/local/lib/python3.12/dist-packages/sklearn/metrics/pairwise.py"", line 2473, in pairwise_distances
    return _parallel_pairwise(X, Y, func, n_jobs, **kwds)
           ^^^^^^^^^^^^^^^^^^^^^^^^^^^^^^^^^^^^^^^^^^^^^^
  File ""/usr/local/lib/python3.12/dist-packages/sklearn/metrics/pairwise.py"", line 1969, in _parallel_pairwise
    return func(X, Y, **kwds)
           ^^^^^^^^^^^^^^^^^^
  File ""/usr/local/lib/python3.12/dist-packages/sklearn/utils/_param_validation.py"", line 191, in wrapper
    return func(*args, **kwargs)
           ^^^^^^^^^^^^^^^^^^^^^
  File ""/usr/local/lib/python3.12/dist-packages/sklearn/metrics/pairwise.py"", line 343, in euclidean_distances
    X, Y = check_pairwise_arrays(X, Y)
           ^^^^^^^^^^^^^^^^^^^^^^^^^^^
  File ""/usr/local/lib/python3.12/dist-packages/sklearn/metrics/pairwise.py"", line 173, in check_pairwise_arrays
    X = Y = check_array(
            ^^^^^^^^^^^^
  File ""/usr/local/lib/python3.12/dist-packages/sklearn/utils/validation.py"", line 1074, in check_array
    _assert_all_finite(
  File ""/usr/local/lib/python3.12/dist-packages/sklearn/utils/validation.py"", line 133, in _assert_all_finite
    _assert_all_finite_element_wise(
  File ""/usr/local/lib/python3.12/dist-packages/sklearn/utils/validation.py"", line 182, in _assert_all_finite_element_wise
    raise ValueError(msg_err)
ValueError: Input contains NaN.
",,31.48512898984126,3.977305825451872,-10.946289779512162,-1.7578235307655428,0.0,1.9503161997333276,6.504708919021887,10.124346739784206,12.904778955674379,3.193413113203375,0.16666666666666666,0.13095238095238096,0.10914367206235664,0.6799999999999999,0.6222222222222222,0.8110119047619047,0.1875,1.4286903019896793,1.0845040500437646,1.0239732127305314,1.14187865349608,0.005164943397466016,0.005633603336250973,0.023973212730531435,0.005675146139843204,0.0,0.0018382352941176405,0.012867647058823484,0.0,0.8443205128205128,0.6428514733472666,0.9293677567412507,0.8650666666666667,0.9108066666666667,0.8616080541100668,0.7163959666386966,0.7138287030323839,26.0,84.0,14.0,11.0,15.0,15195.0,5444.0,1039.0,44.0,2.0,332.81118694215513,0.08759904239698735,0.3675611529438191,0.3640861436946371,0.7623767544703959,0.9708007824369467,0.685160384363632,0.5741029203840131,0.616008881848041,0.9488436006371004,0.8080627932808389,0.6461329889779862,0.7555258684910301,0.21079638012211852,0.1409328013407458,0.012357467816477025,0.1819538737868546,0.08642286524838762,0.597171902595171,0.021014090302695226,0.0015187105111993126,0.02718568739867121,0.9718586609007231,0.2229356260113577,0.033238055771852335,0.30983703515128946,0.9459277959454143,0.8564092521474208,0.034810792776737966,0.8794691579605273,0.9253285008476307,0.14699941336765315,0.033723888041303655,0.368884880807929,0.7831103718884879,0.09543152100144867,0.008031789025590074,0.10036345191688507,0.7732180127631776,0.03275281814217452,0.0014076192746720006,0.03996843492498142,0.3938859700850846,0.003486155508153194,0.0009701064091315318,0.026280802140745196,0.7783080111717446,0.009955617102872866,0.00026312297086762975,0.017135295408406807,0.5543058724966947,0.005624963340201761,0.009327980678414498,0.02763852852887471,0.8321435862161731,0.014718556483480286,0.0002826127050012433,0.022775463630235974,1.0624727010726929,0.8376874327659607,0.14633868634700775,0.8740453720092773,0.28515811355170045,0.04736425876842602,0.0244752158945195,0.1041110946917838,0.06435791107999374,0.017083045310147454,0.03531027259571002,0.03195457638434695,1.0462777614593506,0.9511300921440125,0.14926061034202576,0.8630260229110718,0.30423384680404525,0.05630643845045367,0.028860148563508853,0.11754075115452894,0.06866315187833245,0.02030825488064729,0.04163639321189296,0.03607650963771226,0.06762092793682133,0.0,0.01615400721311174
A_confirmed_bad,softimpute,06_combat_seq,False,ok,3624.5,0.3514500291041903,0.0802387976351562,0.023975633725281283,0.005853326091546862,0.6485499708958097,0.9197612023648438,0.9760243662747187,0.9941466739084531,-0.15555211934015153,-0.04428348448072729,0.0802387976351562,0.20861994407454643,0.4222239403299242,0.47785825775963636,0.5401193988175781,0.6043099720372732,431.08670082108756,477.43771525107525,484.789519664867,454.9318567188469,407.61353751841335,436.76952827387134,502.4377843475533,137.45430793215647,333.1796917663864,328.16366435672376,347.53402603415105,427.9934281814863,303.16420470287824,386.8815760182889,0.5354214653943183,0.0,1.374859943287453,1.0563906420615095,1.0363787993402678,1.0059100547201607,0.5969849246231156,0.21649484536082475,0.8452380952380952,0.5455326460481099,0.1324384416087216,0.04711252933548156,0.19319487275023067,0.11945606798319966,0.3188553663807032,0.6978495437696488,0.6769198818150647,0.7639254558709241,1.0499980711807255,0.6941056668971252,0.7700089206481131,60.92620608062555,0.7774998260963573,0.027182414169242566,1.192610217840065,0.001,0.001,0.001,0.001,,,,,,,,,30.0,4.0,0.0,0.0,0.0,2.0,6.0,11.0,15.0,3.6166506521286674,0.4880952380952381,0.4642857142857143,0.14979854108202478,0.7324074074074074,0.5578703703703703,0.7770833333333333,0.08888888888888888,1.4111797331186717,1.0363787993402678,1.0192863597734512,1.13048152508569,0.004953972688176768,0.002425253289351185,0.019286359773451167,0.005219261003427605,0.0,0.003676470588235281,0.014705882352941124,0.0,0.6484871794871795,0.48505210871929916,0.7422630522088354,0.82535,0.8562733333333333,0.7069830847609101,0.6932888902198234,0.7038473385660127,26.0,84.0,41.0,39.0,15.0,15195.0,5444.0,1039.0,44.0,2.0,332.81118694215513,0.04809589249205093,0.6516182414294456,0.6456251498519181,0.5822659206168417,0.9623303232569721,0.45938304378936023,0.8219530809027793,0.608271501046082,0.9136774235217094,0.7680761413675512,0.7228564019292801,0.9028108374899407,0.18775491844928202,0.39042208186675786,0.054997945608624824,0.5585680826887811,0.07796261622019889,0.9105655068956988,0.27229704224532086,0.021874140751473727,0.4086005136177269,0.9881867151903961,0.40257900867747964,0.030030443048159706,0.5140172484266139,0.9516985906691655,0.6957742882090235,3.4005328240319153e-06,0.7657353179331465,0.9748351917784059,0.53258163597243,0.16294042746565757,0.7816673957741553,0.9108023713925106,0.299086919924732,0.03931707945770832,0.541727603844772,0.9055917968987,0.09790433878093614,0.1736583109946092,0.46986413221314666,0.9752135326995545,0.7450610261778666,0.05861341252630402,0.903763155083596,0.9336240552045885,0.43511243086383844,0.009452420440092634,0.5616710418477816,0.7047465941248031,0.10126486446677344,0.0006300844873509269,0.19805138430591618,0.772844020045584,0.32255926334917784,0.05345973638206803,0.44058303384095465,1.0710761547088623,0.8290847539901733,0.08807239681482315,0.9867631793022156,0.2706093940635966,0.028449297863401293,0.022684552745826293,0.10666483804912104,0.06107438116923284,0.010260915236075507,0.03272689175118771,0.032738390899213356,1.0614609718322754,1.063643217086792,0.38310396671295166,0.9578889608383179,0.2877068124628663,0.03477906311857547,0.023722735939840697,0.12102681443275402,0.06493313208931896,0.01254389547198327,0.03422467349672656,0.0371464789395863,0.5354214653943183,0.0,0.14979854108202478
A_confirmed_bad,softimpute,07_pycombat,False,ok,3482.8,0.18919885786134813,-0.3326543212278935,-0.017953665576592896,-0.2888362037859792,0.8108011421386518,0.6673456787721065,0.982046334423407,0.7111637962140208,-0.10864453171682714,-0.009470218317239506,-0.3326543212278935,0.2547486607470427,0.4456777341415864,0.49526489084138026,0.33367283938605324,0.6273743303735213,179.70966988451073,202.35743611960723,202.24421656258517,171.65903721553903,171.36067583657814,176.09793679296394,222.5114342385264,82.80328122954242,136.65951956205734,139.131351744941,183.55731491023082,179.1821381864339,172.8400134535176,157.7677385260183,0.07532099941834698,8.573711628353608e-07,1.4480748950457767,1.1029184757110413,1.1633360375427961,1.028620812462278,0.5317892824704814,0.4588235294117647,0.6988505747126437,0.4696245733788396,0.11254312438582106,0.09225365027494527,0.15366994856147906,0.0999864286880508,0.4607614119081929,0.6753372753807877,0.6879373566753457,1.0693134360281424,1.0456432744074542,0.9814993667797673,0.7090320507165283,16.1836767970691,0.000190125397600561,1.4711422978986845e-07,0.0002882751123037295,0.001,1.0,0.998,1.0,,,,,,,,,31.515855028394107,4.096938112265629,-15.33502722826944,0.4365049506851251,1.228773748559903,2.08720022128705,6.138962726740524,8.82890160733896,11.40308253017304,2.5518645091220926,0.0,0.0,0.021417933110126883,0.75,0.7083333333333334,0.8619791666666666,0.3333333333333333,1.5227294248441736,1.1633360375427961,1.0660898287922451,1.2276959745439446,0.006297944877640646,0.010889069169519741,0.06608982879224512,0.009107838981757786,0.0018382352941176405,0.011029411764705843,0.03308823529411764,0.003676470588235281,0.8362564102564103,0.6513735244684058,0.9255037292025243,0.8370833333333333,0.8523433333333333,0.8408734876033935,0.5794012768123151,0.5509187226602554,26.0,84.0,0.0,0.0,15.0,14764.0,5444.0,1039.0,44.0,2.0,332.81118694215513,0.14021474027190617,0.6618391390286988,0.6720969609652612,0.9995051129804652,0.9999890696832514,0.9992792413634759,0.8570156294493058,0.04411420796494295,0.34499582753889285,0.02122892870498074,0.028419263640055696,0.7204161899286474,0.11744749041581148,0.0015531173000688306,4.80891887918189e-05,0.0021300495115188925,0.03779582923755984,0.6425879816085125,0.0009137023957142426,7.205800321076364e-05,0.0014204863704187023,0.9716528476702971,8.291504581487345e-05,1.4463475483050297e-07,0.00012049129423728336,0.6047272911106897,0.0014004394985801666,1.7511541192435673e-07,0.002182086364213269,0.8667243275529127,0.000345869674581639,4.588864973136345e-06,0.0006042262128395931,0.8776600025876583,0.0006369972876062946,3.4899189139270204e-05,0.0009452551652626373,0.47695337854797176,0.0007236681449132859,5.82418784786846e-05,0.0016624334586580068,0.7519632568414168,0.006690616733005242,8.583988346457032e-05,0.007969409935318729,0.5820209847542654,0.003354288874199587,0.00019881192776500037,0.004700101190063336,0.8322547851072659,0.0002861664486871805,1.3599633291546976e-06,0.00040474765248920455,0.5976170435054837,0.0010965088975857951,2.477242739085406e-05,0.0012912574716881665,0.9615180492401123,0.3329026401042938,0.10337533056735992,0.35705500841140747,0.31680187366004975,0.08151406002416593,0.04454884815397371,0.14444088045524234,0.07149965526508621,0.02939998253989737,0.06427040230905333,0.04433290381965041,1.0020556449890137,0.362230122089386,0.3656352758407593,0.5156473517417908,0.35813055315708253,0.1038294194228515,0.06016585343338939,0.17823334814066305,0.0808272084845788,0.03744854712493202,0.08680097837920309,0.054704747407177005,0.0,0.0,0.0
A_confirmed_bad,softimpute,08_inmoose_combatseq,False,ok,3578.1,0.35145003373149464,0.0802387973430981,0.023975633685755365,0.0058533240734337365,0.6485499662685054,0.9197612026569019,0.9760243663142446,0.9941466759265662,-0.1555521171534258,-0.044283483536551725,0.0802387973430981,0.20861994176445373,0.4222239414232871,0.4778582582317241,0.540119398671549,0.6043099708822268,431.08670082108756,477.43771525107525,484.789519664867,454.9318567188469,407.61353751841335,436.76952827387134,502.4377843475533,137.45430793215647,333.1796917663864,328.16366435672376,347.53402603415105,427.9934281814863,303.16420470287824,386.8815760182889,0.5354214653943183,0.0,1.374859943287453,1.0563906420615095,1.0363787993402678,1.0059100547201607,0.5969849246231156,0.21649484536082475,0.8452380952380952,0.5455326460481099,0.1324384416087216,0.04711252933548156,0.19319487275023067,0.11945606798319966,0.3188553663807032,0.6978495437696488,0.6769198818150647,0.7639254558709241,1.0499980711807255,0.6941056668971252,0.7700089206481131,60.92620616264516,0.7774998634742183,0.02718241528916196,1.1926102004422339,0.001,0.001,0.001,0.001,,,,,,,,,30.0,4.0,0.0,0.0,0.0,2.0,6.0,11.0,15.0,3.616650655565754,0.4880952380952381,0.4642857142857143,0.14979854108202478,0.7324074074074074,0.5578703703703703,0.7770833333333333,0.08888888888888888,1.4111797331186717,1.0363787993402678,1.0192863597734512,1.13048152508569,0.004953972688176768,0.002425253289351185,0.019286359773451167,0.005219261003427605,0.0,0.003676470588235281,0.014705882352941124,0.0,0.6484871794871795,0.48505210871929916,0.7422630522088354,0.82535,0.8562733333333333,0.7069830847609101,0.6932888902198234,0.7038473385660127,26.0,84.0,41.0,39.0,15.0,15195.0,5444.0,1039.0,44.0,2.0,332.81118694215513,0.04809589234606981,0.6516182393631409,0.6456251475664669,0.5822659175957204,0.9623303208354242,0.4593830514421434,0.8219530780217609,0.608271501046082,0.9136774107723133,0.7680760996712049,0.7228563454867083,0.9028110096128075,0.1877548884747949,0.390422495377576,0.05499790144194344,0.5585684113041535,0.07796259772707492,0.9105672006839541,0.27230145387418314,0.021873657983638186,0.40860408675307214,0.9881867151490231,0.40257902384809613,0.030030444183320498,0.5140172441261733,0.9516985904987392,0.6957742805453935,3.400506456931053e-06,0.7657353239042882,0.9748351933136662,0.5325816155382344,0.16294045904401117,0.7816674101457975,0.9108024575431681,0.2990873084469055,0.03931676416628821,0.5417268042025514,0.9055918381893475,0.09790152713717079,0.1736604496927824,0.46986530192399584,0.9752131423985484,0.7450611185899705,0.05861144316347274,0.9037611671891579,0.9336242077781752,0.43511478294528394,0.009452498052306845,0.5616725298625477,0.7047462461717783,0.10126451563260307,0.0006300722884600371,0.198051080331044,0.7728445044016748,0.3225593272179186,0.053459825338697406,0.4405831646029074,1.0713289976119995,0.827828049659729,0.09285087883472443,0.9878274202346802,0.2717462368711299,0.028586201978843657,0.02268977771275166,0.10670657497938713,0.0613309575205345,0.010310292958182005,0.03273442978505975,0.03275120111824126,1.0176854133605957,1.0874974727630615,0.2742606997489929,0.982943058013916,0.28987123038502605,0.0365406748133693,0.026815021941481162,0.12143085522863259,0.06542162394543109,0.013179262585996034,0.03868589917630362,0.037270490242248294,0.5354214653943183,0.0,0.14979854108202478
A_confirmed_bad,softimpute,09_ruv,False,ok,3451.1,0.26007836312971144,-0.09122166082328938,0.1048854234625131,0.03381657353808427,0.7399216368702886,0.9087783391767106,0.8951145765374869,0.9661834264619157,-0.19519636485282124,-0.0177304140418885,-0.09122166082328938,0.025217292596516786,0.4024018175735894,0.49113479297905577,0.4543891695883553,0.5126086462982584,265.2425807435519,267.5490553201736,268.7525840650355,276.7624609218738,277.69934238085,270.8388192027513,261.95334762130744,152.21120612644074,250.24975094834502,249.20590578298663,228.4593757266972,246.44590302189422,194.0414686283009,259.97155367283307,0.3442180429347261,0.0,1.401440661649855,1.058880841681568,1.0469535288080687,1.0065246121655316,0.6069587628865979,0.23030303030303031,0.8184357541899442,0.6014440433212996,0.13176903073357016,0.04957193153066256,0.18079023777171097,0.12896318423784106,0.5738566021328422,0.9353415606303426,0.9272688731531648,0.8254709651219213,0.8874558395025173,0.7164462952522344,0.9924345538376576,8.749786177836786,0.6203778573290114,0.06850573889142507,1.8348160680926457,0.001,0.001,0.001,0.001,,,,,,,,,559.0,4.0,0.0,0.0,0.0,2.0,6.0,8.0,11.0,2.6598872910783236,0.14285714285714285,0.10714285714285714,0.10218453274224211,0.7966666666666667,0.5988095238095238,0.8458333333333333,0.17142857142857143,1.4906243958401306,1.0469535288080687,1.0368359408527574,1.170032953666703,0.005911137299278682,0.003130235253871246,0.03683594085275743,0.006801318146668116,0.0,0.005514705882352922,0.03125,0.0,0.5585897435897436,0.4144891660760178,0.7295559380378658,0.8432333333333333,0.83175,0.6606573118310844,0.6851941120715888,0.6420550783941472,26.0,84.0,12.0,9.0,15.0,15195.0,5444.0,1039.0,44.0,2.0,332.81118694215513,0.18151692357135063,0.8740287970913213,0.8794414581259011,0.6683133942260377,0.9436648563057003,0.45898845989810366,0.9678520753706776,0.27915119663631016,0.5088232804827533,0.5374819217515646,0.5492852386442465,0.8247307720604413,0.11853910430732102,0.3478351349970624,0.05070108322451651,0.5290572714315815,0.028954593596387534,0.8715980100953863,0.5385357497041176,0.0005866761074839143,0.6252881761875427,0.8950241827479143,0.4550394803637089,0.0850672606364226,0.66723886248359,0.9046276825027597,0.1673508968627794,0.0015514010854680812,0.5875422796822998,0.8524614885831517,0.12149783786007907,0.11790346131996653,0.48675910242795717,0.9016453432574588,0.41739782974163314,0.0791542944506393,0.6431708106448073,0.7660493235776135,0.4588498767756994,0.06586883617052815,0.5241640632039127,0.8744256010162321,0.2413092568792317,0.009070030015497723,0.35386378038440336,0.8703162706665595,0.4911530141139602,0.0009824707076685332,0.5267330229477318,0.5736957476772973,0.20147101387070696,1.6455100146749018e-05,0.3159355770844413,0.7374640704800396,0.3857463937987086,0.1468099466513435,0.5598770392691299,1.1671688556671143,1.2350822687149048,0.10374234616756439,1.1184667348861694,0.30777425078355475,0.03518350838854847,0.039264577902916,0.13266425410319577,0.06946219280921313,0.012689768268308532,0.05664681182313529,0.04071833125723086,0.9229503273963928,1.0454771518707275,0.4261595904827118,1.0605497360229492,0.3319165611296762,0.04655229730750387,0.04267770510817351,0.14600670156732073,0.0749109196336722,0.01679019211688112,0.06157091351608351,0.04481349765528588,0.3442180429347261,0.0,0.10218453274224211
A_confirmed_bad,softimpute,10_mnn,False,ok,3485.9,0.0879398147531231,-0.2839013066295222,0.11538329095523023,-0.1508220195292963,0.9120601852468769,0.7160986933704778,0.8846167090447697,0.8491779804707037,-0.1132626571154155,-0.0568055257168927,-0.2839013066295222,0.17519624565312128,0.44336867144229225,0.47159723714155366,0.3580493466852389,0.5875981228265607,0.2394776878474671,0.23933255627248465,0.2397704249536421,0.2351307504440326,0.25636655952310117,0.24198870313110724,0.2647746672350363,0.11332709631000146,0.2267171826951337,0.22656028325815392,0.23238114295951853,0.21605307168385451,0.18407145732304295,0.2225320481479452,0.0,0.0,1.4240090824037561,1.1771006558674462,1.3100245721176182,1.0488347933594513,0.7079646017699115,0.6546341463414634,0.8353510895883777,0.7013981358189081,0.1552677822675112,0.1399681059295997,0.18678663328313205,0.15342875997274633,0.4732261169240285,0.9472893543033564,0.944905041153252,0.9883060489564994,0.8427505993206028,0.7606613653502442,0.8404582299046268,13.774811811113521,0.2345295715657196,0.1837005046554966,2.031831310860532,0.001,0.001,0.001,0.001,,,,,,,,,13.9475212075953,4.305660920047613,1.138758323843145,1.2879199043808698,1.4220350186139847,2.1781516905137632,6.0496667800746655,8.125836655696546,10.36180416172346,2.27607773412214,0.0,0.0,0.0,0.8,0.8055555555555557,0.8875,0.625,2.0748366253443042,1.3100245721176182,1.1638106419280965,1.6728006175566574,0.01294983885956993,0.020668304807841216,0.16381064192809647,0.026912024702266297,0.0018382352941176405,0.047794117647058876,0.1341911764705882,0.016544117647058876,0.8253717948717949,0.5995042990349958,0.8754985656913368,0.8163083333333333,0.86966,0.769035043242354,0.5581679827847873,0.5756815008461906,26.0,84.0,0.0,0.0,15.0,14764.0,5444.0,1039.0,44.0,2.0,332.81118694215513,0.23928476851092206,0.8393913394632011,0.8547728581094773,0.88167480211601,0.9165854208704901,0.6207852701144244,0.9263162809852382,7.2080333390982e-05,0.0003990872754131845,0.00012246624397930912,0.0002137270360895553,0.7010041728137298,0.130093721287002,0.09561102130056613,0.05338052021868119,0.29912821182644583,0.05745728960467163,0.45141787163342956,0.13472399709746388,0.015624239716134579,0.21305215361606775,0.9301166467067941,0.31576781530163883,0.15824216450634007,0.6379160996495931,0.9355104343319518,0.007442027828911562,0.1507653234946062,0.7169633072870899,0.9602440839830036,0.10820220033005301,0.1549679322643698,0.3783764427005211,0.9029053307177313,0.113968930760666,0.037627217996045875,0.3325140998434011,0.816008303544541,0.030939359475056882,0.0018957356023080738,0.09561230159425649,0.26938322458286534,0.029375090440762006,0.0042795503230553655,0.08866329873142503,0.49511008088839853,0.00359634727581558,0.003936152210030169,0.0848435820675398,0.6589462029485841,0.07350867461157014,0.00019440905840761668,0.20204907538729083,0.5903995487999988,0.1385857698837235,0.006272477015514303,0.2412917573872732,1.0770602226257324,0.4932869076728821,0.29060056805610657,0.7010338306427002,0.6446029185797064,0.21839609668203072,0.1370787554867075,0.43382562011623055,0.14548173572601403,0.07876974140816809,0.1977628407519037,0.133153089558137,1.0163018703460693,0.3775995671749115,0.387922078371048,0.591802716255188,0.7105964441456357,0.2553325816714214,0.16248887528092504,0.4934361102377347,0.16037594791351797,0.09209176233868398,0.23442189456741583,0.15144919878199178,0.0,0.0,0.0
A_confirmed_bad,softimpute,11_harmony,False,ok,3754.3,0.18413292594052894,-0.12176965803271489,0.00976433142684835,-0.18250144212555885,0.8158670740594711,0.8782303419672851,0.9902356685731517,0.8174985578744411,-0.1764024256926661,-0.058510481059090395,-0.12176965803271489,0.09042927518843037,0.41179878715366697,0.4707447594704548,0.43911517098364256,0.5452146375942152,338.64116459139717,359.11115374645647,366.089629990334,377.4864277517249,322.83832265212254,345.63642321466546,364.70552121922924,85.24694217262972,282.68020481673045,275.7858379741012,230.4824587520484,332.3235036595345,214.77743982793737,314.0545760640884,0.5273938795656465,0.0,1.4616724369923302,1.1004043550539973,1.0447395893681966,1.02561550625334,0.5998573466476462,0.13766233766233765,0.7159322033898305,0.5631163708086785,0.12970395916371208,0.031224915647898442,0.15367651401561278,0.1196704219434657,0.251732367727616,0.7871663184717214,0.7533287353192246,0.6105715114707068,1.0293805918996575,0.6213970096969349,0.8611182386660554,39.17643706806999,1.3536925746098323,0.02055274304789333,1.6353115242453546,0.001,0.001,0.001,0.001,,,,,,,,,28.79294992416825,3.8063132668537456,-6.211558850855134,-0.16128488934893892,0.07647489621108727,2.152068049166105,5.97217259904893,9.899309905345103,12.559106555779469,2.988769007029611,0.23809523809523808,0.2261904761904762,0.14322318311618323,0.8984126984126984,0.6001984126984127,0.7786458333333333,0.14285714285714285,1.518741815490625,1.0447395893681966,1.110065471710709,1.2160280593990203,0.006249901391453312,0.0029826392912131036,0.11006547171070902,0.00864112237596081,0.007352941176470562,0.018382352941176516,0.03860294117647056,0.003676470588235281,0.8639102564102564,0.6666976248384291,0.9404549627079748,0.9736666666666667,0.9719333333333333,0.878299778301393,0.8425048739099423,0.8096754255229206,26.0,84.0,20.0,19.0,15.0,15195.0,5444.0,1039.0,44.0,2.0,332.81118694215513,0.07634295220033516,0.7157586497437022,0.7115474948181422,0.48706204606526937,0.9825382070119187,0.4416051940149709,0.8606095618200024,0.4804856906377642,0.7478512223787287,0.6300275991391588,0.5975052236527048,0.7620285624151286,0.12768808376602037,0.2794425345600169,0.018149627001580144,0.32928585333929566,0.03937410826652568,0.6462861627771345,0.15181321446139023,0.0043509421424697,0.1908794943738987,0.9805855956063319,0.5943605073233892,0.011156029548810523,0.6323678748088216,0.9016562578741202,0.3172500960038581,0.14063592233301836,0.4618529509015519,0.8420421542235383,0.2389912658214009,0.0018992251207225269,0.3280601275554933,0.8513217604862576,0.5140985223861867,0.0018195591501264533,0.5865462777664723,0.7869125002713178,0.07333916048187727,0.00022129193051368984,0.08789634272136249,0.3398240267438537,0.03036289056926273,0.0002443819330715449,0.05307773475489899,0.9576049319597303,0.7228139264423468,0.005487488665835197,0.7676098191095201,0.6099935655250388,0.07845250235540735,0.007756204140036045,0.10330384383993226,0.7040586686839622,0.07294325975505003,0.007925225051197377,0.0812640675610051,1.1187043190002441,1.1602494716644287,0.18331460654735565,1.1597011089324951,0.30758974577689746,0.041941778355793304,0.0621180468446076,0.13292408156391095,0.06942055150129324,0.015127298909991765,0.08961739813242371,0.04079807949602091,0.9354782104492188,1.0762689113616943,0.04679011553525925,1.0161879062652588,0.3473298057499464,0.058539216407306686,0.07294084048295477,0.16256703031648703,0.07838956596910496,0.0211135593020868,0.10523138884303179,0.049896320879186655,0.0,0.0,0.0
A_confirmed_bad,softimpute,12_scanorama,False,ok,3704.6,0.11929742283985798,-0.013777429222427163,0.04161244231118908,-0.1997010085710329,0.880702577160142,0.9862225707775728,0.9583875576888109,0.8002989914289671,-0.10948190630444979,-0.0026588917763152235,-0.013777429222427163,0.43903876730946684,0.4452590468477751,0.4986705541118424,0.4931112853887864,0.7195193836547334,0.4610719346137359,0.5146661253151982,0.5178554894150214,0.5168267689574919,0.4498557779870152,0.47465215944989225,0.6783827012310277,0.13502554346360957,0.34925050632352045,0.35069996917518487,0.31050995939347714,0.4454740736130846,0.2721949953191653,0.3592532751602979,0.0,0.0,1.381149120560749,1.1174676660047895,1.1591821498015753,1.0045224689829437,0.7244182786655453,0.7151051625239006,0.844103930712858,0.7534770514603616,0.15980392125146922,0.15330145493195835,0.18912680852865826,0.1650238846843632,0.2928513607680926,0.6785962571553124,0.6772158958309812,0.600800844777868,0.9902597574859713,0.5734620393060704,0.5295731664566014,65.85237729280448,1.4302050081127125,0.06773586562458819,1.9890215058986358,0.001,0.001,0.001,0.001,,,,,,,,,13.931114442137444,4.301994685486635,1.140272936154975,1.2872034075090313,1.4205858521485117,2.1755604023602446,6.043824538871958,8.119626098717914,10.352355948948638,2.275040232138528,0.0,0.0,0.0,0.7022222222222222,0.5833333333333334,0.8458333333333333,0.17142857142857143,1.660952803475518,1.1591821498015753,1.1216554946975084,1.367294471018844,0.007963286788861663,0.01061214332010502,0.12165549469750836,0.014691778840753757,0.0,0.0,0.06433823529411764,0.0,0.8573205128205128,0.6470561480825662,0.9330415949512335,0.9505083333333333,0.9639633333333333,0.8784532700225688,0.8361488267704097,0.8114322712983117,26.0,84.0,0.0,0.0,15.0,14764.0,5444.0,1039.0,44.0,2.0,332.81118694215513,0.0931745861040697,0.6276251789175223,0.616031864644964,0.5541280542951248,0.9394340695628399,0.4294342290628733,0.7192870651025882,0.0005627884451438064,0.0008586629050225618,0.0008044273135078228,0.0008109365060900136,0.8266361383257376,0.1965372627259243,0.29484879654772894,0.052350988031288945,0.4763945165921881,0.09207457292082692,0.6263101498122114,0.16027136407527992,0.013482006504763442,0.21359322701210612,0.9924924701004303,0.3475633226848028,0.10818970709405258,0.4690163945778139,0.9746520929774195,0.9244968044230171,0.0010370260871610019,0.939343417420904,0.9550592469458891,0.32003375608007467,0.13789446785253756,0.6347466186235472,0.8655991143621022,0.06043633849968456,0.02316537023640499,0.34227597461218107,0.8753012348695136,0.22269898616307118,0.04963820196417174,0.39873304527283676,0.8947070161660204,0.18434066571956975,0.06431948226705789,0.6766609793340613,0.8187269388850121,0.42432243646996565,0.041852593386304024,0.5593965901629965,0.44286120334107426,0.044397359814863764,7.76540829845783e-09,0.09731590400061257,0.8206519157977041,0.25992693154696034,0.08393101715502799,0.43286301490482143,1.007446050643921,1.0098426342010498,0.31940293312072754,1.0569570064544678,0.42881376502575963,0.10647256520014754,0.09345168883717564,0.26142826708421646,0.09677984545371038,0.03840186045124492,0.1348222880480918,0.08023957056931526,1.0605368614196777,0.7422284483909607,0.1697908341884613,0.8473076224327087,0.4611409779027237,0.11368973100053008,0.09688581927785016,0.27843628957397065,0.10407583947571626,0.04100490277861625,0.13977669100461876,0.08545980339276699,0.0,0.0,0.0
A_confirmed_bad,softimpute,13_fsmvn,False,ok,3624.9,0.16778462087370566,-0.17456218284199673,0.02161154881965237,-0.1872004236692677,0.8322153791262943,0.8254378171580032,0.9783884511803477,0.8127995763307323,0.035776503851747535,0.09436897009133532,-0.17456218284199673,0.23572563700575536,0.5178882519258737,0.5471844850456676,0.4127189085790016,0.6178628185028777,,,,,,,,,,,,,,,0.31996556792496395,0.29690687726225734,1.4966104687249417,1.1477132224538147,1.3319102574954362,1.0387421000167048,0.5195392842451666,0.5448992058643861,0.7568850902184235,0.5342538502389803,0.1092070829468674,0.1140778615265064,0.16248451557523808,0.11126490508624895,,,,,,,,5.264274817007764,1.981110597754929e-06,8.223292965573893e-08,2.5646557924610247e-06,0.001,1.0,0.999,1.0,,,,,,,"Traceback (most recent call last):
  File ""/app/harmonization-metrics/compute_batch_metrics.py"", line 1140, in _run_group
    group_result = fn(*args)  # type: ignore[operator]
                   ^^^^^^^^^
  File ""/app/harmonization-metrics/compute_batch_metrics.py"", line 1073, in compute_group_h
    D = pairwise_distances(X, metric=""euclidean"")
        ^^^^^^^^^^^^^^^^^^^^^^^^^^^^^^^^^^^^^^^^^
  File ""/usr/local/lib/python3.12/dist-packages/sklearn/utils/_param_validation.py"", line 218, in wrapper
    return func(*args, **kwargs)
           ^^^^^^^^^^^^^^^^^^^^^
  File ""/usr/local/lib/python3.12/dist-packages/sklearn/metrics/pairwise.py"", line 2473, in pairwise_distances
    return _parallel_pairwise(X, Y, func, n_jobs, **kwds)
           ^^^^^^^^^^^^^^^^^^^^^^^^^^^^^^^^^^^^^^^^^^^^^^
  File ""/usr/local/lib/python3.12/dist-packages/sklearn/metrics/pairwise.py"", line 1969, in _parallel_pairwise
    return func(X, Y, **kwds)
           ^^^^^^^^^^^^^^^^^^
  File ""/usr/local/lib/python3.12/dist-packages/sklearn/utils/_param_validation.py"", line 191, in wrapper
    return func(*args, **kwargs)
           ^^^^^^^^^^^^^^^^^^^^^
  File ""/usr/local/lib/python3.12/dist-packages/sklearn/metrics/pairwise.py"", line 343, in euclidean_distances
    X, Y = check_pairwise_arrays(X, Y)
           ^^^^^^^^^^^^^^^^^^^^^^^^^^^
  File ""/usr/local/lib/python3.12/dist-packages/sklearn/metrics/pairwise.py"", line 173, in check_pairwise_arrays
    X = Y = check_array(
            ^^^^^^^^^^^^
  File ""/usr/local/lib/python3.12/dist-packages/sklearn/utils/validation.py"", line 1074, in check_array
    _assert_all_finite(
  File ""/usr/local/lib/python3.12/dist-packages/sklearn/utils/validation.py"", line 133, in _assert_all_finite
    _assert_all_finite_element_wise(
  File ""/usr/local/lib/python3.12/dist-packages/sklearn/utils/validation.py"", line 182, in _assert_all_finite_element_wise
    raise ValueError(msg_err)
ValueError: Input contains NaN.
",,28.50830215078766,2.6916426226118686,-15.101757536046756,-0.3938728619777185,-0.03791662587550174,0.5744558867112062,4.64704019595057,7.180073995560261,9.701437802509778,2.4826857022245674,0.05952380952380952,0.05952380952380952,0.30976670174820164,0.95,0.7916666666666666,0.8715277777777777,0.41666666666666663,1.7069074977941654,1.3319102574954362,1.060809016744436,1.418957003255798,0.008516957804748981,0.02212735049969575,0.06080901674443595,0.016758280130231923,0.0018382352941176405,0.0404411764705882,0.04227941176470584,0.0018382352941176405,0.8328974358974359,0.6491326230019844,0.8637303499713138,0.224275,0.3770266666666667,0.7707188204178945,0.24464530197866563,0.28162525353041784,26.0,84.0,5.0,5.0,15.0,15195.0,5444.0,1039.0,44.0,2.0,332.81118694215513,0.2953698640061091,0.7482035685360156,0.7556735077165762,0.9999827476551423,0.9999995277287744,0.9999776027562801,0.8984407230027055,0.010249002399902011,15.081000930987363,2.6680169481887666e-14,5.0952506172728577e-14,0.5870028816014535,0.11760038576396144,3.797208168700881e-05,3.099215490987161e-07,4.64403498770712e-05,0.030366519677868076,0.26191574137492224,4.9204157203504065e-05,8.28173079169488e-08,5.655602995555641e-05,0.8825728915931002,2.04225457312292e-06,8.986766902348118e-08,2.651971538144137e-06,0.5968754746468499,1.6283596360585696e-06,3.818997018613658e-08,2.060908438020724e-06,0.7634387036224515,9.707901424047255e-06,2.0121166202287027e-08,1.1176979710459355e-05,0.6303706887210233,1.2187640997229097e-05,5.2496195289418024e-08,1.2352967844691538e-05,0.5803352216220019,1.1052953443058053e-05,1.2924848387632628e-06,2.828429924357221e-05,0.6820349196398063,1.765015111115784e-05,2.3435238565658443e-08,1.8337024077280226e-05,0.4936602713056371,1.194374092240392e-05,1.1015148181232144e-06,2.9697299926629536e-05,0.5326295608281562,0.0001330097649787915,2.31667322303038e-07,0.0001528892673259399,0.44619534266058775,0.00013129389258071492,1.6662096461371552e-07,0.00015039675071041797,0.9624490737915039,0.2940206527709961,0.07473686337471008,0.3074265420436859,0.3699024103508723,0.1492557034625879,0.0524338195384016,0.2092683886432944,0.08348402273085115,0.053832615802467315,0.07564601142291882,0.06423026027656477,0.9647341966629028,0.30983462929725647,0.06398457288742065,0.35671788454055786,0.4350176346076615,0.1920432679322032,0.06629337170037568,0.2589791809856653,0.09818000932045419,0.06926496757047501,0.09564111859594074,0.07948787826370961,0.09100614057673725,0.0,0.017368732560475754
A_confirmed_bad,softimpute,14_qsmooth,False,ok,3723.8,0.3331986063756995,0.19709190092586593,0.08593375522314398,0.1557471334863396,0.6668013936243005,0.8029080990741341,0.914066244776856,0.8442528665136604,-0.11417215724035555,-0.019249463956706552,0.19709190092586593,0.2952263513351416,0.4429139213798222,0.4903752680216467,0.5985459504629329,0.6476131756675708,280.8171384017033,296.38269430499537,298.3960322720891,303.8583976363388,281.971376403404,289.38017026915554,340.8795122231621,122.18955714078582,241.76599966453236,240.92507567791108,215.62768441073982,267.81290783386527,176.32464421285783,248.71922196084648,0.32545380655648876,0.0,1.376359250975807,1.060506975888232,1.0142954634775558,1.00753534231299,0.6061884669479606,0.2624113475177305,0.7453874538745388,0.4707482993197279,0.1336415357148223,0.0450075427594389,0.17128224806853043,0.10116029728996907,0.43512143822930105,0.8157223897011369,0.8074003995409237,0.7096321381540539,0.9497875679789467,0.60931833735828,0.7296396909827145,239.5018722729665,2.4832638791998636,0.028120227069453642,3.8276247316738274,0.001,0.001,0.001,0.001,,,,,,,,,20.123755073987816,4.108805407767949,-0.7878549720161884,0.2621862292478872,0.3343250857379437,2.151003847056179,6.37743242179501,9.201144436448915,11.388008884082792,2.77956719184243,0.16666666666666666,0.11904761904761904,0.11613252771849472,0.7379629629629629,0.5631613756613757,0.8354166666666667,0.10714285714285714,1.4239032678694092,1.0142954634775558,1.014121728612824,1.0870269957999383,0.0051072682875832436,0.0009530308985037224,0.014121728612823903,0.003481079831997533,0.0,0.0,0.016544117647058876,0.0,0.8242564102564103,0.5940794599006819,0.935770510613884,0.95885,0.9609,0.8669772047902524,0.8502529497717298,0.8222611317964411,26.0,84.0,14.0,10.0,15.0,14764.0,5444.0,1039.0,44.0,2.0,332.81118694215513,0.0772763305142532,0.7490780122025993,0.7397653957035943,0.492394825135284,0.9300407879372353,0.3019335900323129,0.8322296648917284,0.2549983638984384,0.48315083523522195,0.5730609675316369,0.5413552513494817,0.8944509094232149,0.18777247334855482,0.41349909129040474,0.07344603325772292,0.6354332183253356,0.08113306972142866,0.5918035290332632,0.2936824255880677,0.00010955508882394792,0.33982646346881656,0.997301904753768,0.8959875154430001,0.02591669332398357,0.9955451006932233,0.9938809807516289,0.46698944290819544,0.029277951937376975,0.5205909350637118,0.9599872974719275,0.12784555379359974,0.4352751928990201,0.8223512532296257,0.9509427173344728,0.08714309015700583,0.1547744043389496,0.8738923355546837,0.9557927421328658,0.5600163322565128,0.010645200239252533,0.7270222175379915,0.8665095567735207,0.17806139939655277,0.02506722286431514,0.22311901749013058,0.9321564249256817,0.6652459716472873,0.01574941967004212,0.7457029792910884,0.9006159795763501,0.5618132160914276,0.01238518294665818,0.6621866279572114,0.7955179614786698,0.2982059656223984,0.025259509268807073,0.4440952529668731,1.087412714958191,0.8915542364120483,0.05822373554110527,1.0018916130065918,0.2825596111342352,0.012800484418279894,0.020756101713727108,0.07537244038922272,0.06377144981665656,0.0046167988478072125,0.029944725010581014,0.023133887995532978,1.115654468536377,1.0737885236740112,0.2644266188144684,1.0179275274276733,0.31024764891205897,0.030782777048323547,0.031093816094653042,0.10092728173976781,0.07002041903268279,0.011102539948101746,0.04485889428206938,0.030977376072796513,0.0,0.0,0.0
A_confirmed_bad,softimpute,15_fsqn_py,False,ok,3646.3,0.2857934231846791,0.15897202941449587,0.10533299433258583,0.04002551560015357,0.714206576815321,0.8410279705855042,0.8946670056674142,0.9599744843998465,-0.06173384558116214,0.06424971971949879,0.15897202941449587,0.3148110259423271,0.46913307720941894,0.5321248598597494,0.5794860147072479,0.6574055129711636,,,,,,,,,,,,,,,0.3119447186574531,0.3119447186574531,1.3910345460726088,1.0666501992878354,1.0331896813531278,1.0047158217507455,0.6511345218800648,0.30416666666666664,0.8503225806451613,0.6518105849582173,0.14228734749284194,0.06457477306168075,0.1916954505382034,0.14287113350790615,,,,,,,,106.66963588954465,1.1599399397726189,0.0424573020923171,1.6064312828490843,0.001,0.001,0.001,0.001,,,,,,,"Traceback (most recent call last):
  File ""/app/harmonization-metrics/compute_batch_metrics.py"", line 1140, in _run_group
    group_result = fn(*args)  # type: ignore[operator]
                   ^^^^^^^^^
  File ""/app/harmonization-metrics/compute_batch_metrics.py"", line 1073, in compute_group_h
    D = pairwise_distances(X, metric=""euclidean"")
        ^^^^^^^^^^^^^^^^^^^^^^^^^^^^^^^^^^^^^^^^^
  File ""/usr/local/lib/python3.12/dist-packages/sklearn/utils/_param_validation.py"", line 218, in wrapper
    return func(*args, **kwargs)
           ^^^^^^^^^^^^^^^^^^^^^
  File ""/usr/local/lib/python3.12/dist-packages/sklearn/metrics/pairwise.py"", line 2473, in pairwise_distances
    return _parallel_pairwise(X, Y, func, n_jobs, **kwds)
           ^^^^^^^^^^^^^^^^^^^^^^^^^^^^^^^^^^^^^^^^^^^^^^
  File ""/usr/local/lib/python3.12/dist-packages/sklearn/metrics/pairwise.py"", line 1969, in _parallel_pairwise
    return func(X, Y, **kwds)
           ^^^^^^^^^^^^^^^^^^
  File ""/usr/local/lib/python3.12/dist-packages/sklearn/utils/_param_validation.py"", line 191, in wrapper
    return func(*args, **kwargs)
           ^^^^^^^^^^^^^^^^^^^^^
  File ""/usr/local/lib/python3.12/dist-packages/sklearn/metrics/pairwise.py"", line 343, in euclidean_distances
    X, Y = check_pairwise_arrays(X, Y)
           ^^^^^^^^^^^^^^^^^^^^^^^^^^^
  File ""/usr/local/lib/python3.12/dist-packages/sklearn/metrics/pairwise.py"", line 173, in check_pairwise_arrays
    X = Y = check_array(
            ^^^^^^^^^^^^
  File ""/usr/local/lib/python3.12/dist-packages/sklearn/utils/validation.py"", line 1074, in check_array
    _assert_all_finite(
  File ""/usr/local/lib/python3.12/dist-packages/sklearn/utils/validation.py"", line 133, in _assert_all_finite
    _assert_all_finite_element_wise(
  File ""/usr/local/lib/python3.12/dist-packages/sklearn/utils/validation.py"", line 182, in _assert_all_finite_element_wise
    raise ValueError(msg_err)
ValueError: Input contains NaN.
",,9.771125653449229,2.699326510144245,-0.2074327667425854,-0.0010889503055466,0.0003615862919279,0.5107925069649615,4.5645959898927275,6.87858215148257,8.488416046651606,2.318368009000752,0.0,0.0,0.3119447186574531,0.7761904761904763,0.584920634920635,0.8854166666666666,0.14166666666666666,1.476804928196324,1.0331896813531278,1.0372040502912971,1.1568320163746046,0.005744637689112338,0.0022126454235418553,0.03720405029129714,0.006273280654984186,0.0,0.0,0.023897058823529438,0.0,0.8097132118216456,0.5804041021214049,0.9001064219442626,0.9467153101440059,0.943640810972692,0.809741880424653,0.801379177400086,0.7512638515334107,26.0,84.0,0.0,0.0,15.0,15195.0,5444.0,1039.0,44.0,2.0,332.81118694215513,0.1253880497555223,0.720469173459017,0.7063723737642484,0.629687048635255,0.92195144053035,0.4452555314695088,0.8060710610622919,0.0,0.739555965673029,0.7524625025284399,0.7187324018114428,0.8847236623777489,0.18607681253676925,0.4429825756729559,0.07057636179617581,0.6247506199249534,0.07941119161525774,0.8960218788402421,0.6945514489187842,0.05342995982290877,0.750072141242453,0.993708866948337,0.44006254511923465,0.0449500069576327,0.509998716024526,0.9842402679775945,0.7464464915930192,0.03160941445194594,0.8460008834300048,0.9573107096942183,0.1567992741061235,0.5200542409040013,0.7248015660821476,0.9347960112685653,0.04447254623898551,0.008443551964599312,0.6818244401605361,0.8556432765065342,0.2915603492033699,0.011566875215039804,0.3312223086462233,0.8806667896525251,0.6451122449724471,0.004495335927536887,0.7161065710398379,0.8798905173577013,0.5824181599758339,0.000848147278219458,0.6715874604370158,0.8456132537742432,0.592082841828577,0.00012097134858499028,0.653085914857079,0.6193450517575275,0.23631985477318354,0.030245114091288976,0.36280619732971053,0.9749711751937866,1.0095891952514648,0.1674824357032776,0.9922475218772888,0.31258483728428177,0.022878228214824648,0.041018218463471576,0.1211319349146236,0.07054790380091626,0.00825157659746337,0.05917678036335056,0.037178743324831745,0.8958785533905029,0.7527869343757629,0.45218759775161743,0.9551061391830444,0.33024834275579473,0.029607741413499408,0.045763525507601995,0.1331013791873589,0.07453441605665297,0.010678735427294596,0.06602281130341298,0.04085249704362238,0.0,0.0,0.0
A_confirmed_bad,softimpute,16_fsqn_r,False,failed,0.0,,,,,,,,,,,,,,,,,,,,,,,,,,,,,,,,,,,,,,,,,,,,,,,,,,,,,,,,,,,,"Traceback (most recent call last):
  File ""/app/harmonization-metrics/run_metrics_job.py"", line 212, in main
    metrics = compute_all_metrics(
              ^^^^^^^^^^^^^^^^^^^^
  File ""/app/harmonization-metrics/compute_batch_metrics.py"", line 1151, in compute_all_metrics
    pca_coords, eigenvalues = compute_pca(exp_df)
                              ^^^^^^^^^^^^^^^^^^^
  File ""/app/harmonization-metrics/compute_batch_metrics.py"", line 129, in compute_pca
    X_scaled = scaler.fit_transform(X)
               ^^^^^^^^^^^^^^^^^^^^^^^
  File ""/usr/local/lib/python3.12/dist-packages/sklearn/utils/_set_output.py"", line 316, in wrapped
    data_to_wrap = f(self, X, *args, **kwargs)
                   ^^^^^^^^^^^^^^^^^^^^^^^^^^^
  File ""/usr/local/lib/python3.12/dist-packages/sklearn/base.py"", line 907, in fit_transform
    return self.fit(X, **fit_params).transform(X)
           ^^^^^^^^^^^^^^^^^^^^^^^^^
  File ""/usr/local/lib/python3.12/dist-packages/sklearn/preprocessing/_data.py"", line 924, in fit
    return self.partial_fit(X, y, sample_weight)
           ^^^^^^^^^^^^^^^^^^^^^^^^^^^^^^^^^^^^^
  File ""/usr/local/lib/python3.12/dist-packages/sklearn/base.py"", line 1336, in wrapper
    return fit_method(estimator, *args, **kwargs)
           ^^^^^^^^^^^^^^^^^^^^^^^^^^^^^^^^^^^^^^
  File ""/usr/local/lib/python3.12/dist-packages/sklearn/preprocessing/_data.py"", line 961, in partial_fit
    X = validate_data(
        ^^^^^^^^^^^^^^
  File ""/usr/local/lib/python3.12/dist-packages/sklearn/utils/validation.py"", line 2902, in validate_data
    out = check_array(X, input_name=""X"", **check_params)
          ^^^^^^^^^^^^^^^^^^^^^^^^^^^^^^^^^^^^^^^^^^^^^^
  File ""/usr/local/lib/python3.12/dist-packages/sklearn/utils/validation.py"", line 1106, in check_array
    raise ValueError(
ValueError: Found array with 0 feature(s) (shape=(5444, 0)) while a minimum of 1 is required by StandardScaler.
",,,,,,,,,,,,,,,,,,,,,,,,,,,,,,,,,,,,,,,,,,,,,,,,,,,,,,,,,,,,,,,,,,,,,,,,,,,,,,,,,,,,,,,,,,,,,,,,,,,,,,,,,,,,,,,,,,,,,,,,,,,,,,,,,,,,,,,,,,,
A_confirmed_bad,softimpute,17_quantile,False,ok,4226.9,0.2884985023126349,0.15839411533619194,0.10391690484949258,0.03711227234773354,0.711501497687365,0.841605884663808,0.8960830951505074,0.9628877276522665,-0.06647352216228043,0.06293055089604346,0.15839411533619194,0.318036535960602,0.4667632389188598,0.5314652754480217,0.5791970576680959,0.6590182679803009,,,,,,,,,,,,,,,0.0005923000987166831,0.0005923000987166831,1.3973398536078012,1.0659479222446249,1.0336012006408575,1.0048498520096343,0.6515028432168968,0.2791666666666667,0.8514724711907811,0.6418219461697723,0.14129761338041721,0.056031158411399294,0.1914137375500004,0.14032382646336505,,,,,,,,106.19297009855542,1.1579846644585083,0.040597870700781205,1.582467639254342,0.001,0.001,0.001,0.001,,,,,,,"Traceback (most recent call last):
  File ""/app/harmonization-metrics/compute_batch_metrics.py"", line 1140, in _run_group
    group_result = fn(*args)  # type: ignore[operator]
                   ^^^^^^^^^
  File ""/app/harmonization-metrics/compute_batch_metrics.py"", line 1073, in compute_group_h
    D = pairwise_distances(X, metric=""euclidean"")
        ^^^^^^^^^^^^^^^^^^^^^^^^^^^^^^^^^^^^^^^^^
  File ""/usr/local/lib/python3.12/dist-packages/sklearn/utils/_param_validation.py"", line 218, in wrapper
    return func(*args, **kwargs)
           ^^^^^^^^^^^^^^^^^^^^^
  File ""/usr/local/lib/python3.12/dist-packages/sklearn/metrics/pairwise.py"", line 2473, in pairwise_distances
    return _parallel_pairwise(X, Y, func, n_jobs, **kwds)
           ^^^^^^^^^^^^^^^^^^^^^^^^^^^^^^^^^^^^^^^^^^^^^^
  File ""/usr/local/lib/python3.12/dist-packages/sklearn/metrics/pairwise.py"", line 1969, in _parallel_pairwise
    return func(X, Y, **kwds)
           ^^^^^^^^^^^^^^^^^^
  File ""/usr/local/lib/python3.12/dist-packages/sklearn/utils/_param_validation.py"", line 191, in wrapper
    return func(*args, **kwargs)
           ^^^^^^^^^^^^^^^^^^^^^
  File ""/usr/local/lib/python3.12/dist-packages/sklearn/metrics/pairwise.py"", line 343, in euclidean_distances
    X, Y = check_pairwise_arrays(X, Y)
           ^^^^^^^^^^^^^^^^^^^^^^^^^^^
  File ""/usr/local/lib/python3.12/dist-packages/sklearn/metrics/pairwise.py"", line 173, in check_pairwise_arrays
    X = Y = check_array(
            ^^^^^^^^^^^^
  File ""/usr/local/lib/python3.12/dist-packages/sklearn/utils/validation.py"", line 1074, in check_array
    _assert_all_finite(
  File ""/usr/local/lib/python3.12/dist-packages/sklearn/utils/validation.py"", line 133, in _assert_all_finite
    _assert_all_finite_element_wise(
  File ""/usr/local/lib/python3.12/dist-packages/sklearn/utils/validation.py"", line 182, in _assert_all_finite_element_wise
    raise ValueError(msg_err)
ValueError: Input contains NaN.
",,10.901404327850436,4.042543234964437,0.6014665482688978,1.1246570375899696,1.171844911816819,1.7654040809289495,6.336212746329813,8.68413574926276,10.043982870310078,2.538260370580041,1.0,0.0,0.0005923000987166831,0.7650793650793651,0.5793650793650794,0.8770833333333333,0.125,1.4718286129824634,1.0336012006408575,1.0373181330957115,1.157309539283693,0.0056846820841260646,0.0022400800427238316,0.037318133095711525,0.006292381571347718,0.0,0.0,0.02573529411764708,0.0,0.8092587581977246,0.5803613107126208,0.8998076706489816,0.9466637621904219,0.9434703211647038,0.8096512820605563,0.8011658623664346,0.7510613816685526,26.0,84.0,84.0,0.0,15.0,15195.0,5444.0,1039.0,44.0,2.0,332.81118694215513,0.12438920788836971,0.7184550660375861,0.704044398272766,0.6292870978718538,0.9228390453327627,0.4464065917380854,0.803717325120093,0.0,0.3457382452688004,0.36279784893106853,0.36263149329692046,0.8842617612943536,0.18531616713083143,0.4424932547870575,0.07020002419063001,0.6248170881984052,0.07954455371968257,0.8780216963356976,0.6928027963852007,0.048255901852842044,0.7455408719172769,0.9937518929919368,0.4373578190574205,0.04425593357147548,0.505935956066461,0.9838608788110674,0.7559867523878826,0.027426824711325362,0.8489344306601719,0.9578048705790541,0.15078127613576958,0.5202715002339281,0.7119576951201432,0.9357118035633198,0.04038363502328076,0.012822256755331168,0.6909496116485505,0.8580481112668882,0.30589110464388686,0.010926060416619171,0.3454463784209742,0.8815462469140699,0.6468116176560291,0.0038721649088602,0.7165281829035877,0.8885166460678305,0.5795459517705769,0.000871927806401776,0.6657547379020723,0.8499009684790313,0.5916580136341947,3.504086713059921e-05,0.6569722550537503,0.6154544979346407,0.22371358117633286,0.03326263078238632,0.36015076229106296,0.9811688661575317,0.9768931865692139,0.1785682737827301,0.9792940020561218,0.30821722312257177,0.02335665846539909,0.041882580198119725,0.12205773573474296,0.06956216813185176,0.008424133834942123,0.06042379075146163,0.03746289721938809,0.9287174344062805,0.8820120096206665,0.4392056465148926,0.9565808176994324,0.3205706114104352,0.027565961854544643,0.041403577218476595,0.13144041741459733,0.07235022930628089,0.009942319116221473,0.05973273552815945,0.040342701906069395,0.0,0.0,0.0
A_confirmed_bad,softimpute,18_rank,False,ok,3715.5,0.31016861065252227,0.17945942403442383,0.1004664002487024,0.03858890032764884,0.6898313893474777,0.8205405759655762,0.8995335997512977,0.9614110996723512,-0.06810585883482778,0.0636171183353928,0.17945942403442383,0.313434690590564,0.4659470705825861,0.5318085591676964,0.5897297120172119,0.656717345295282,,,,,,,,,,,,,,,1.0,0.9977135335871762,1.386432466756074,1.0586901133564204,1.0374182596729349,1.0040383570336227,0.6250549450549451,0.26595744680851063,0.8226744186046512,0.6200585651537335,0.14005925555014587,0.05027784044058336,0.18410202822407554,0.13543022172091784,,,,,,,,127.3911873588125,1.2751144409602009,0.033576662707003165,1.687730674352527,0.001,0.001,0.001,0.001,,,,,,,"Traceback (most recent call last):
  File ""/app/harmonization-metrics/compute_batch_metrics.py"", line 1140, in _run_group
    group_result = fn(*args)  # type: ignore[operator]
                   ^^^^^^^^^
  File ""/app/harmonization-metrics/compute_batch_metrics.py"", line 1073, in compute_group_h
    D = pairwise_distances(X, metric=""euclidean"")
        ^^^^^^^^^^^^^^^^^^^^^^^^^^^^^^^^^^^^^^^^^
  File ""/usr/local/lib/python3.12/dist-packages/sklearn/utils/_param_validation.py"", line 218, in wrapper
    return func(*args, **kwargs)
           ^^^^^^^^^^^^^^^^^^^^^
  File ""/usr/local/lib/python3.12/dist-packages/sklearn/metrics/pairwise.py"", line 2473, in pairwise_distances
    return _parallel_pairwise(X, Y, func, n_jobs, **kwds)
           ^^^^^^^^^^^^^^^^^^^^^^^^^^^^^^^^^^^^^^^^^^^^^^
  File ""/usr/local/lib/python3.12/dist-packages/sklearn/metrics/pairwise.py"", line 1969, in _parallel_pairwise
    return func(X, Y, **kwds)
           ^^^^^^^^^^^^^^^^^^
  File ""/usr/local/lib/python3.12/dist-packages/sklearn/utils/_param_validation.py"", line 191, in wrapper
    return func(*args, **kwargs)
           ^^^^^^^^^^^^^^^^^^^^^
  File ""/usr/local/lib/python3.12/dist-packages/sklearn/metrics/pairwise.py"", line 343, in euclidean_distances
    X, Y = check_pairwise_arrays(X, Y)
           ^^^^^^^^^^^^^^^^^^^^^^^^^^^
  File ""/usr/local/lib/python3.12/dist-packages/sklearn/metrics/pairwise.py"", line 173, in check_pairwise_arrays
    X = Y = check_array(
            ^^^^^^^^^^^^
  File ""/usr/local/lib/python3.12/dist-packages/sklearn/utils/validation.py"", line 1074, in check_array
    _assert_all_finite(
  File ""/usr/local/lib/python3.12/dist-packages/sklearn/utils/validation.py"", line 133, in _assert_all_finite
    _assert_all_finite_element_wise(
  File ""/usr/local/lib/python3.12/dist-packages/sklearn/utils/validation.py"", line 182, in _assert_all_finite_element_wise
    raise ValueError(msg_err)
ValueError: Input contains NaN.
",,0.9999341932087392,0.5,6.580679126085812e-05,0.0303040273756251,0.0689326138457488,0.2468412740194788,0.75,0.9499868386417478,0.9899947340705636,0.2882325726215442,0.8809523809523809,0.8809523809523809,0.9998709768357906,0.728968253968254,0.5750000000000001,0.8458333333333333,0.11904761904761904,1.4388374434345856,1.0374182596729349,1.0318871049577685,1.1442195576236112,0.005287198113669706,0.0024945506448623258,0.031887104957768475,0.0057687823049444465,0.0,0.0,0.02757352941176472,0.0,0.827025641025641,0.6000887587512291,0.9115057372346529,0.9477666666666666,0.94707,0.823643054782906,0.8059033530755879,0.7601456747809164,26.0,84.0,74.0,74.0,15.0,15195.0,5444.0,1039.0,44.0,2.0,332.81118694215513,0.11409857920984512,0.7284798784818067,0.7155679973755102,0.6214489032211788,0.9241615519238833,0.43724781803830304,0.8128347516690946,8.42340614941008e-05,0.3751458196673688,0.3993834816365876,0.39311423575445187,0.9119451260404496,0.18823047613921656,0.4536114334212096,0.06914421595518781,0.6473582549071121,0.0839790071620755,0.8820571830257752,0.6564267300154102,0.04812731862223582,0.7540965609823609,0.9940171371956582,0.44197851752049105,0.04469908335780061,0.5111875049689077,0.9884604518530107,0.806560028671668,0.007118190005921978,0.8704403022248548,0.9580084898948741,0.10209775941546725,0.5421726749366641,0.7158455327939396,0.9366665476203536,0.048506930820679355,0.0043408632872388615,0.6667661961782549,0.8855260116252668,0.2588135888927529,0.024737141770092293,0.32334061622622357,0.9027728599836689,0.7110459325966696,0.00037614918048454055,0.7832980434290188,0.9039713226799746,0.5318723328569778,0.0020628222786894554,0.674033579761579,0.8734613450685665,0.533502156528532,0.016531963548152527,0.6077791681885738,0.7945099114573467,0.44531035689344767,0.0012759525645979703,0.566795044317407,0.9609318971633911,0.939813494682312,0.13625706732273102,0.9534096717834473,0.2952345380187825,0.027235527397505843,0.03821991101369022,0.11489251904067187,0.06663207968694507,0.009823140078094294,0.05513967608266836,0.03526369390835844,0.8872735500335693,0.7238808274269104,0.22098368406295776,0.8489479422569275,0.3063461591596967,0.032835186906958684,0.037194321946804776,0.12016902198180313,0.0691398839238106,0.01184279032933288,0.053660063821882785,0.03688319869575663,0.0,0.0,0.0
A_confirmed_bad,softimpute,19_tdm,False,ok,4002.0,0.35471448205311606,0.066464804358773,0.013257633872057546,0.014584244345055161,0.6452855179468839,0.933535195641227,0.9867423661279424,0.9854157556549449,-0.2223109039753105,-0.14529592092678542,0.066464804358773,0.07216169864238368,0.38884454801234475,0.4273520395366073,0.5332324021793865,0.5360808493211918,2204.7068542613533,2405.265703306184,2443.5479347906526,2326.3906752846924,2092.139962453267,2238.474847310518,2320.1374617464135,622.291628304959,1748.9956370939458,1719.5301184954264,1767.8941284640243,2176.6239560241474,1495.0746835427294,2069.244994821288,0.5744566838941112,0.0,1.378715238241829,1.054683824540798,1.0370044404796865,1.0071220470043518,0.6151447661469933,0.17363344051446947,0.8179059180576631,0.5827123695976155,0.13766071041821393,0.03419130082336861,0.18640279759474113,0.12749218305145793,0.2822559503102041,0.7271527776286191,0.7037022249546108,0.7599300269064558,1.0403816164726445,0.6678988085745218,0.8918631024834737,85.36442944251205,0.7684504110705092,0.05177443426483252,1.3512023526450387,0.001,0.001,0.001,0.001,,,,,,,,,154.685534147474,8.99436664377745,0.0928935099484018,0.0928935099484018,0.0928935099484018,1.34937597838696,25.107074608124,53.48659132425108,76.24443522445112,18.333173680196982,0.6904761904761905,0.5476190476190477,0.23990163833587708,0.7388888888888889,0.5601851851851852,0.7770833333333333,0.09401709401709402,1.4449495029127082,1.0370044404796865,1.032156136372626,1.1396901541931557,0.00536083738449046,0.0024669626986457693,0.03215613637262593,0.005587606167726227,0.0,0.0,0.03125,0.0,0.6980512820512821,0.5374854817851661,0.7312240390131957,0.831125,0.8557666666666667,0.6983597387842044,0.7161045420851381,0.7218368693084917,26.0,84.0,58.0,46.0,15.0,14764.0,5444.0,1039.0,44.0,2.0,332.81118694215513,0.04155909493529253,0.7273678584080997,0.72594253890196,0.5639134053285049,0.950359046110145,0.42171675327704294,0.8921907373238361,0.9299393677608696,1.4028490874349693,1.0389726465818936,1.0597593647898769,0.9546274186226184,0.15986528924412588,0.4750455796069006,0.06510578287583707,0.6603384758532089,0.0626865460988824,0.9727059433416883,0.29918950977579645,0.03885204046882482,0.48446205791747593,0.9926161297585154,0.3702953453839638,0.05894873639884171,0.5219701663711837,0.9688083762038683,0.734864973295806,0.00376805265234744,0.8211470424621669,0.9927954780046954,0.7874226654918162,0.05850825623108963,0.8365498643895826,0.9800507240523677,0.7024826675231324,0.02267701008653188,0.8935976757605613,0.9220493166369207,0.40862742442179345,0.11151561454312514,0.6456419584381414,0.9658603068111633,0.5573732302069124,0.08886597440203266,0.8881335414272823,0.911664529787477,0.26845972395353485,0.10064613846226647,0.4649375842587035,0.938738202864942,0.23580929329008973,0.09707827338089696,0.4693427495403853,0.9009851787645452,0.3859309627261604,0.07019773213241402,0.5776021179666063,1.0373996496200562,0.9599934816360474,0.16907159984111786,1.0487234592437744,0.2919415634966615,0.03121131301662035,0.03760892686131192,0.12270414528514109,0.06588888161046837,0.011257101627177832,0.054258212275970434,0.03766129820071404,0.8141452074050903,0.81695955991745,0.41858333349227905,0.8038420677185059,0.3223892855741491,0.03618198839209582,0.0411570859387246,0.14035188809802024,0.07276068955464608,0.01304989380569467,0.05937712378123887,0.04307787889650765,0.0,0.0,0.0
A_confirmed_bad,softimpute,21_harmonizr,False,ok,3673.0,0.21168452133376825,-0.22264859970282858,0.021064185374533872,-0.20373790274998563,0.7883154786662318,0.7773514002971714,0.9789358146254661,0.7962620972500144,-0.046048482148882866,0.0879749413295051,-0.22264859970282858,0.21053737427707234,0.47697575892555855,0.5439874706647525,0.3886757001485857,0.6052686871385362,,,,,,,,,,,,,,,0.08479481032294457,0.0,1.4184158042382118,1.0853811065751728,1.124679919558261,1.0174774826733288,0.5486645540968764,0.42355889724310775,0.7527950310559006,0.5284090909090909,0.11819658534130763,0.08953803615551122,0.1661658957115988,0.11267949167763405,,,,,,,,5.61860950686837,0.003955364362931463,6.618468847689928e-06,0.008828980206968217,0.001,0.071,0.963,0.002,,,,,,,"Traceback (most recent call last):
  File ""/app/harmonization-metrics/compute_batch_metrics.py"", line 1140, in _run_group
    group_result = fn(*args)  # type: ignore[operator]
                   ^^^^^^^^^
  File ""/app/harmonization-metrics/compute_batch_metrics.py"", line 1073, in compute_group_h
    D = pairwise_distances(X, metric=""euclidean"")
        ^^^^^^^^^^^^^^^^^^^^^^^^^^^^^^^^^^^^^^^^^
  File ""/usr/local/lib/python3.12/dist-packages/sklearn/utils/_param_validation.py"", line 218, in wrapper
    return func(*args, **kwargs)
           ^^^^^^^^^^^^^^^^^^^^^
  File ""/usr/local/lib/python3.12/dist-packages/sklearn/metrics/pairwise.py"", line 2473, in pairwise_distances
    return _parallel_pairwise(X, Y, func, n_jobs, **kwds)
           ^^^^^^^^^^^^^^^^^^^^^^^^^^^^^^^^^^^^^^^^^^^^^^
  File ""/usr/local/lib/python3.12/dist-packages/sklearn/metrics/pairwise.py"", line 1969, in _parallel_pairwise
    return func(X, Y, **kwds)
           ^^^^^^^^^^^^^^^^^^
  File ""/usr/local/lib/python3.12/dist-packages/sklearn/utils/_param_validation.py"", line 191, in wrapper
    return func(*args, **kwargs)
           ^^^^^^^^^^^^^^^^^^^^^
  File ""/usr/local/lib/python3.12/dist-packages/sklearn/metrics/pairwise.py"", line 343, in euclidean_distances
    X, Y = check_pairwise_arrays(X, Y)
           ^^^^^^^^^^^^^^^^^^^^^^^^^^^
  File ""/usr/local/lib/python3.12/dist-packages/sklearn/metrics/pairwise.py"", line 173, in check_pairwise_arrays
    X = Y = check_array(
            ^^^^^^^^^^^^
  File ""/usr/local/lib/python3.12/dist-packages/sklearn/utils/validation.py"", line 1074, in check_array
    _assert_all_finite(
  File ""/usr/local/lib/python3.12/dist-packages/sklearn/utils/validation.py"", line 133, in _assert_all_finite
    _assert_all_finite_element_wise(
  File ""/usr/local/lib/python3.12/dist-packages/sklearn/utils/validation.py"", line 182, in _assert_all_finite_element_wise
    raise ValueError(msg_err)
ValueError: Input contains NaN.
",,43.8831264429366,3.81908925760049,-35.5143660485226,0.0,0.809009260759427,1.97184034708915,6.35750447047363,9.875670500774886,12.601974247178493,2.979194722763161,0.05952380952380952,0.011904761904761904,0.06598578025226308,0.8777777777777778,0.6666666666666666,0.8402777777777777,0.26666666666666666,1.4899328040507533,1.124679919558261,1.0487354064634788,1.207760699394828,0.005902804868081366,0.008311994637217405,0.04873540646347885,0.00831042797579312,0.0018382352941176405,0.016544117647058876,0.02573529411764708,0.0,0.8328974358974359,0.6491324619713886,0.8852162937464142,0.48433333333333334,0.5537733333333333,0.7942788370915331,0.3900991465599048,0.391880053257218,26.0,84.0,5.0,1.0,15.0,15195.0,5444.0,1039.0,44.0,2.0,332.81118694215513,0.2667679688246485,0.7421482572817202,0.7468538116563035,0.960184254122145,0.9994113028592343,0.9554574338906411,0.8926327853248976,,0.5318730584004714,0.044947578300775795,,0.6701833018881873,0.13330154121548038,0.09513132236525623,0.0006210462876596987,0.09943917008580103,0.03537399681511856,0.3400666454602185,0.0008276417866756158,0.000129804519492019,0.0011378679167222145,0.8897534558731471,0.0006478052912294067,1.3900155589258722e-07,0.006067110565968739,0.5881026954232025,0.024961320393974806,4.799401942611615e-05,0.025894742889973173,0.7944638188962059,0.002612678145009894,6.547481849150601e-06,0.0028319579104255518,0.6405397644166456,0.017085375399055035,0.0001483830113873025,0.017993546044867793,0.8656211691553909,0.6913064873897249,0.004089132309969145,0.7136240423057344,0.5861503524918062,0.14919481756679873,0.00145514129015463,0.15356263585377006,0.8097021456893541,0.06063616065809137,0.00018937052929233016,0.06773292639175935,0.5140526584620184,0.0026507774883193155,4.8132506644204996e-05,0.003981552283432831,0.6733803130138829,0.00139015953368322,9.581820682619659e-05,0.001565318695356083,1.0490550994873047,0.39074259996414185,0.13006651401519775,0.5994948148727417,0.3244402481297668,0.08319716123345686,0.048361186339647096,0.14909459967591052,0.07322357543973913,0.030007032981886932,0.06977044370371595,0.04576125904680835,1.0025944709777832,0.37576472759246826,0.17964783310890198,0.4958709478378296,0.36508793720323673,0.11693199612722414,0.06214194914507145,0.1885846393358684,0.08239743455395059,0.04217430273349844,0.08965188186276875,0.05788184516177309,0.020813751712073527,0.0,0.006457359736117226
A_confirmed_bad,softimpute,25_angel,False,ok,1560.9,0.06942257292588688,-0.04444095375460228,0.05827565680897323,-0.041803350361601474,0.9305774270741132,0.9555590462453977,0.9417243431910267,0.9581966496383986,-0.020204139742812835,0.11033637013890188,-0.04444095375460228,0.09362644164953539,0.48989793012859356,0.555168185069451,0.47777952312269883,0.5468132208247677,4.412343615950099,4.403309178993799,4.452880202568422,4.405042897070593,4.533145602560309,4.4217083070903485,4.391158422965807,3.897467441891496,4.372594971021878,4.305562952644623,4.362771596266869,4.274246495163508,4.191900166363618,4.390701846611121,1.0,1.0,1.290952746459609,1.0828158832685528,1.19140052521958,1.0057899522866365,0.7262187088274045,0.7075060532687651,0.8767772511848341,0.7340168878166465,0.1575891357051671,0.1516941789156174,0.19542203719391177,0.15959684378381317,0.8833100458909441,0.9930247441813889,0.966916412923297,0.9904038844135128,0.9428875376845218,0.948027295161414,0.9998960237115795,3.6095857554635304,0.15295601550937318,0.007264786557857763,0.19840410590570215,0.001,0.001,0.001,0.001,,,,,,,,,0.9999322722654927,0.4107009820521503,6.772773450728073e-05,0.0314595326786319,0.0665763630206569,0.2004063664070436,0.7529969522519472,0.9868608195055876,0.998103623433796,0.31107357716369005,0.9761904761904762,0.9761904761904762,1.0,0.9222222222222222,0.888888888888889,0.9270833333333333,0.6666666666666666,2.2083732831849185,1.19140052521958,1.1303382147632395,1.5337944405145238,0.014558714255239982,0.012760035014638672,0.13033821476323948,0.021351777620580954,0.009191176470588203,0.11213235294117652,0.07720588235294112,0.022058823529411797,0.8000579822187862,0.5503658464942227,0.8683592950408958,0.9293341708542714,0.9180988274706867,0.7351177030947494,0.7280073239854749,0.6574483454860272,26.0,84.0,82.0,82.0,15.0,398.0,5444.0,1039.0,44.0,2.0,332.81118694215513,0.4934886601531402,0.8327811992969747,0.8368546021149983,0.8600481126422526,0.9748521174126417,0.777450007640663,0.9396685232402923,0.1330821464554208,0.2834792986086879,0.3002438544467699,0.30007485119927385,0.5645157027741621,0.18439190401388655,0.14467973437177944,0.04140139250773966,0.2677495732118703,0.06839074497148745,0.5795890888086277,0.1817407625266866,0.11528028847924086,0.4059309117789247,0.7985180469761072,0.07561014182334608,0.010110635117767643,0.10397900374406457,0.7640013305749692,0.20301415731041572,0.0036387397004999217,0.2414849429112709,0.46704620553422393,0.08007492421481761,0.06318227774399966,0.2759009857136732,0.629604981582537,0.09983424209326479,0.10076796002833203,0.3527882379456773,0.3995231209313074,0.10691318974162882,0.0056553885109290455,0.15680332657498805,0.45537748522523747,0.14811583691549507,0.0003777548659170624,0.1722083594752294,0.41012597617448865,0.10027824922079014,0.0636878233047079,0.2652273753276851,0.6950588699637869,0.36504080667013383,0.0010177702386212687,0.45409408558503767,0.4463119219703365,0.08617503320121536,0.05029528708738117,0.24907850306215223,1.031477928161621,1.041762113571167,0.1695554256439209,1.043074369430542,0.596437920694139,0.1226388243691877,0.10992288757617423,0.3394433539884683,0.13461127999014585,0.04423260593446991,0.1585852047863416,0.10418455991933233,1.1227000951766968,1.4045978784561157,0.2827984392642975,1.2776561975479126,0.6347426733763788,0.11009905616549924,0.11995301205606503,0.35479497856489195,0.14325635705409476,0.0397098405841303,0.17305561563297905,0.10889639838000179,0.0,0.0,0.0
A_confirmed_bad,strict,01_raw,False,ok,3672.3,0.30187186246654346,0.13670906903123986,0.06066950501662984,0.06934789264577933,0.6981281375334565,0.8632909309687602,0.9393304949833702,0.9306521073542207,-0.24249642852704262,-0.1199979465362168,0.13670906903123986,0.044167972511971236,0.3787517857364787,0.4400010267318916,0.5683545345156199,0.5220839862559856,196.94581319450904,210.1228575559104,211.5976338883533,212.906727095587,194.30186470731672,202.64057852662953,191.76697120015666,62.185280388190286,163.68986908093942,163.2109277196294,148.24758265355933,188.89565597444758,116.70177233521902,191.14452838768838,0.4194692174913694,0.0,1.4004966248701392,1.101247973928252,1.038679826848253,1.020876973585469,0.6251074806534824,0.3285302593659942,0.7808564231738035,0.6223146223146223,0.13760099921444233,0.055762654068543825,0.17263993560845625,0.13230321312304563,0.3157481714362438,0.7790198124322771,0.7713268089082013,0.6963029523581086,0.9721762385501925,0.575905246539172,0.9967541709160197,57.98333152140049,1.4272851553120438,0.09632485456526291,3.5914458704636885,0.001,0.001,0.001,0.001,,,,,,,,,23.505416247727144,4.247454717804713,0.0,0.0,0.026918448289698783,2.3530083200485303,6.955165642862567,11.668817859817453,15.503052570046014,3.54623513969212,0.38095238095238093,0.0,0.12015213788324093,0.7288888888888889,0.562962962962963,0.8411458333333333,0.09126984126984126,1.4635368298624551,1.038679826848253,1.0419739322258397,1.1514775745791963,0.005584781082680183,0.0025786551232168738,0.04197393222583967,0.006059102983167852,0.0,0.003676470588235281,0.03125,0.0,0.7799871794871794,0.5785497245677494,0.9086265060240963,0.952,0.9549833333333333,0.8486437213135968,0.813683009642818,0.8122193422514441,26.0,84.0,32.0,0.0,15.0,3520.0,5444.0,1039.0,44.0,2.0,332.81118694215513,0.05353409654677499,0.7757267411936328,0.7737988142501014,0.47273564996806816,0.9159267677921357,0.27901805865761886,0.980867948789981,0.3515203019863235,0.5369309419899684,0.3427461875149327,0.46859194564475476,0.876522842058239,0.16991493857853399,0.33460291763962635,0.06805592737344354,0.5290345505635023,0.07715475218393039,0.7758896341844291,0.4103691298093752,0.03565391427985517,0.4547163922580727,0.9876003570288551,0.6020975992181501,0.09409314861370616,0.782521952741452,0.9606020560242207,0.5186270631487284,0.05715195436320628,0.7806352211235607,0.9193368076071632,0.4756003504923229,0.10304456352607842,0.6676203918731702,0.9357223936242106,0.2690240097225417,0.2251840577619998,0.8346927618927704,0.8102923645837059,0.07434501594372182,0.040698777973306795,0.2960262330225242,0.957197629633482,0.3876284500004994,0.05313222148299478,0.6290984425913413,0.7755999935690546,0.2119758679297144,0.03007479297958787,0.2838137071963446,0.8029807956591705,0.2747213890727262,0.041344841529835356,0.37023866003480027,0.8400063886680994,0.12164030105848381,0.00018100122386470002,0.19098174290098807,1.0751538276672363,0.7952500581741333,0.22339877486228943,1.0378063917160034,0.30820328794162055,0.02580778156715901,0.04937555188311165,0.11734172730427934,0.06955902307269363,0.009308189620821476,0.0712338638429209,0.03601542370980097,0.8996497392654419,0.7773066759109497,0.18412554264068604,0.7788254022598267,0.3242996499447802,0.032134581139020235,0.04770751961471634,0.13109234845136683,0.07319184355115749,0.011590100212577129,0.06882740196126422,0.040235869907947606,0.31293949106449104,0.0,0.04583392475452541
A_confirmed_bad,strict,02_median_scaling,False,ok,3447.8,0.0507310396670284,-0.3509363074802571,0.004479524220140821,-0.3256585840607626,0.9492689603329716,0.6490636925197428,0.9955204757798591,0.6743414159392374,-0.22790716970096384,-0.014482954202491507,-0.3509363074802571,0.08947730271250665,0.3860464151495181,0.49275852289875427,0.3245318462598714,0.5447386513562533,118.4793497965355,127.20277729898326,127.1313109051772,114.01556524412888,114.53309389404598,116.0454592931954,129.45906985669203,62.305350945725564,99.87184017037849,100.89171078610416,120.35320564682365,117.42649819783502,116.70177233521903,111.12745272391308,0.05483954865556978,0.0,1.5618377843951368,1.272522514048567,1.564287636722398,1.1066389524521558,0.6153592617007251,0.6824552924117931,0.7918367346938775,0.6418778562525966,0.13076022680961844,0.1459190972666855,0.17453252151602366,0.13683730503482153,0.5258751930418465,0.7851388333733871,0.7936023790500811,1.0555857473418184,1.02526260494164,1.0056556546548316,0.8583983559199708,8.910072868483077,0.0523438498773126,0.009955203701986135,0.08663742185657435,0.001,0.001,0.001,0.001,,,,,,,,,24.11966935275449,4.3831046818682875,-7.350685015540211,0.5824094630242811,1.8520084147153224,2.387913578644391,6.497631744688125,9.758956393082425,12.561511247985903,2.6992278085977173,0.03571428571428571,0.0,0.014846254842695878,0.8777777777777778,0.6666666666666666,0.8395833333333333,0.23809523809523808,2.0327278532293,1.564287636722398,1.144939889800641,1.7216847855311808,0.0124425042557747,0.037619175781493194,0.1449398898006411,0.02886739142124723,0.016544117647058876,0.06433823529411764,0.11029411764705888,0.0018382352941176405,0.7799871794871794,0.5785496997938118,0.8140223752151463,0.37985,0.5125833333333333,0.7180403922239054,0.2979534161521692,0.32443415532521,26.0,84.0,3.0,0.0,15.0,3520.0,5444.0,1039.0,44.0,2.0,332.81118694215513,0.2024285970406171,0.7860958197453731,0.805464039491395,0.9558066730260208,0.9876419046157362,0.9193694617003902,0.9386874597283074,0.05279881485053933,0.3230199396478822,0.046369628662642624,0.06461672759170804,0.6992208451509494,0.09722061257885548,0.0427199837314063,0.021885044179764775,0.09690424602952231,0.030829484003602615,0.2750606874101282,0.01714798131372968,0.004283246614113721,0.022973956032549293,0.9528335209920915,0.0467092232462272,0.010645982222288951,0.0567586489500328,0.6289144069026068,0.06497850564919333,0.005890906760344873,0.19521555622195935,0.7713346343274055,0.0095735842274126,0.00465029155502523,0.030783056107179796,0.6821957006017952,0.05703499098272884,0.002953076731877743,0.10500835177950626,0.7390377369568474,0.0051247190572380795,0.038186772875327984,0.0692128027999331,0.6701090512106821,0.025616369947523542,0.0743028230277591,0.11667300371510773,0.7868367096460028,0.10783340596745669,0.0004085067216850798,0.11133017571622823,0.8690683966837062,0.0640479104227849,0.0017381798903318927,0.10034591769108493,0.6168176067782299,0.029133146499768187,0.07579065539889318,0.16074099128164168,1.0214028358459473,0.2696056365966797,0.0879996120929718,0.33751600980758667,0.5103294561852113,0.2481012423119467,0.09594237805857107,0.33084212687809306,0.11517728657127854,0.08948360798045914,0.13841559303619458,0.10154460526789696,1.07913076877594,0.28438520431518555,0.10507901757955551,0.37834206223487854,0.6174934974109421,0.3263227326606707,0.12873559450622085,0.4249104514674109,0.13936335566213023,0.11769604703472114,0.1857262037800173,0.13041677755977202,0.0,0.0,0.0
A_confirmed_bad,strict,03_limma,False,ok,3434.5,0.13024382086423092,-0.31025199197250664,-0.0004567684972546091,-0.281011651618976,0.8697561791357691,0.6897480080274934,0.9995432315027454,0.718988348381024,-0.22261454542668183,-0.013172290543446546,-0.31025199197250664,0.0813592417717374,0.3886927272866591,0.4934138547282767,0.3448740040137467,0.5406796208858687,116.58964444490476,125.29478489786246,125.12721761021272,112.22028160131144,112.0270800741712,113.9574668000064,126.52239287614852,62.255782284850845,98.19882823210096,99.34393513561842,118.50543870309184,116.17495046948042,116.70177233521903,109.73666947898637,0.03792042024876532,0.0,1.5677540362341844,1.2548261447098872,1.4644201297077801,1.112544992542508,0.5978434504792333,0.6446331109763493,0.8308011049723757,0.6143589743589744,0.12524230392897526,0.13277351185952263,0.18216143153161748,0.12636591471700936,0.5339735152402,0.7837423426054843,0.7939434523757052,1.0560073189275168,1.0370256048141484,1.0240818404644678,0.8673300194883801,7.978399956055962,2.601831077870656e-27,1.1897020261417074e-27,5.704710409471355e-27,0.001,1.0,1.0,1.0,,,,,,,,,23.28416403795285,4.998766319978326,-6.906753591999182,1.2891488160752995,2.372356763044286,3.335335413210613,7.0295853667650325,9.917848402710785,12.23108837371183,2.4903823915918117,0.03571428571428571,0.0,0.007873085882706566,0.8166666666666667,0.6805555555555555,0.829861111111111,0.25,1.902342918815011,1.4644201297077801,1.0918317612153978,1.577442984175223,0.010871601431506155,0.030961341980518677,0.09183176121539782,0.023097719367008926,0.0018382352941176405,0.011029411764705843,0.06066176470588236,0.0,0.7799871794871794,0.5785496997938118,0.8420567986230637,0.41385,0.5708066666666667,0.7438576981517766,0.31486281169827346,0.3653598114400711,26.0,84.0,3.0,0.0,15.0,3520.0,5444.0,1039.0,44.0,2.0,332.81118694215513,0.21862574101697607,0.7655947408436761,0.7874193202467452,1.0,1.0,1.0,0.9501219372232146,0.036636965198453456,0.26325196643845195,1.5569474868614857e-14,1.9092359438530127e-14,0.6651434303144319,0.09430480155274124,2.2169744599086324e-27,1.0358646624675584e-27,4.604024719979523e-27,0.033668433352343555,0.23459184910454917,1.7424880336040664e-28,1.0186312547457613e-28,3.2921611908643293e-28,0.9504984108592999,6.386806847699866e-28,7.093012574547713e-30,1.8347673457318693e-27,0.5305031151372496,1.397518776919113e-26,8.0318126319337e-27,2.8051577007859364e-26,0.7750848384214689,6.10563629142214e-28,1.1568637418888064e-28,1.1435567981146616e-27,0.626469965521183,9.574811763565602e-28,3.3854199014900012e-28,1.8497313873364978e-27,0.7236219210386251,2.4948260810460673e-27,4.583398129785713e-28,5.4218580586691814e-27,0.6915082644821576,2.0586613736558474e-27,8.074058545038574e-28,4.45344066935047e-27,0.7699620021114592,6.789408859158394e-28,3.0414587212050223e-28,1.5907915776318237e-27,0.8073176899099636,3.1057539091079316e-28,4.4330018449553424e-32,6.562117558362917e-28,0.5418762465583625,2.7057880473748394e-28,1.9371362073349855e-28,7.090964801786332e-28,0.8869044184684753,0.16687160730361938,0.09893302619457245,0.2511388063430786,0.4352722523035179,0.18512113462845378,0.07533230071978383,0.25360255987297725,0.09823747450292865,0.0667683357230521,0.10868153666718823,0.07783764443854706,0.8642877340316772,0.2298336625099182,0.32418587803840637,0.3212231397628784,0.4954869257731106,0.22037398854435628,0.07971401813369755,0.2959426575801073,0.11182744587915706,0.079483115103466,0.11500301865081836,0.09083299224762137,0.0,0.0,0.0
A_confirmed_bad,strict,04_sva,False,ok,3569.6,0.30011444295406237,0.12197560226019823,0.059992044960843045,0.05176855617111774,0.6998855570459377,0.8780243977398018,0.9400079550391569,0.9482314438288822,-0.23289570989769157,-0.11495193484209477,0.12197560226019823,0.04871234454108617,0.3835521450511542,0.4425240325789526,0.5609878011300992,0.5243561722705431,196.70434702044562,210.84278863468012,212.33596574677043,211.90723284587153,194.32275198641202,202.2999632744099,192.41352410925373,64.03110691727242,162.40698211259505,162.06288963264592,150.21103428557583,188.56957052701668,119.39898517776173,190.68157402950885,0.42052287111622555,0.0,1.4006182684475945,1.1017446735642455,1.0393505208040668,1.021039563977139,0.6143286143286143,0.29815303430079154,0.7518427518427518,0.6096730245231607,0.1355713129621243,0.05233698386157669,0.1669929365807339,0.12970774672181706,0.32551953165842834,0.7702752518322641,0.7632380556100438,0.7088527950097401,0.9703936806133868,0.5902076463345814,0.9909988131667842,45.6884773601742,1.397420046761084,0.09919039458025135,3.478387435510631,0.001,0.001,0.001,0.001,,,,,,,,,23.50389983731522,4.250950865461495,-0.0341014105565761,-0.0104209496310421,0.019854784414619863,2.3497771297464016,6.955727139521471,11.658202021404684,15.489323931315198,3.542105504976356,0.38095238095238093,0.0,0.11876158489746844,0.7273015873015874,0.558994708994709,0.8098958333333333,0.08888888888888888,1.4642035150296264,1.0393505208040668,1.0422647036240231,1.1518331561870698,0.005592813434091884,0.0026233680536044504,0.042264703624023126,0.006073326247482793,0.0,0.003676470588235281,0.03308823529411764,0.0,0.7779230769230769,0.5776784426824427,0.908495123350545,0.9519083333333334,0.9548,0.8483435616359757,0.8132588458202964,0.8115481291611504,26.0,84.0,32.0,0.0,15.0,3520.0,5444.0,1039.0,44.0,2.0,332.81118694215513,0.05737382560413806,0.7771927313108893,0.7752486075324387,0.4768550999594575,0.9141525663679437,0.2837998177003582,0.9807184924409136,0.35161096071276693,0.5381262241763725,0.3428350101432502,0.46896745709357696,0.8751829637971487,0.1696070447468933,0.3343538781566261,0.0678196420119537,0.5275365613199977,0.07706377185132779,0.7784852288433677,0.41471296302680805,0.035683790068587164,0.458267355114022,0.9824795282135306,0.5957764651085097,0.09731052140568013,0.7759872311679549,0.959469278721075,0.5196783745934503,0.055570608346676396,0.7802261957691999,0.9155718721788317,0.5018051645019276,0.08136788575765845,0.6664803520826658,0.9316548851457414,0.24601606877275622,0.24356498523098677,0.8277048025756868,0.8070938537366777,0.07276498899092822,0.04025164800993056,0.29632321252562493,0.9532797222160588,0.38065608647956467,0.051409473157820636,0.620996554951919,0.7789751457654809,0.2175487822727933,0.03138107717673719,0.28987074774297955,0.8058672970709325,0.27429456294299054,0.041439401426124796,0.36940761074379136,0.8389528260797906,0.12028532487653204,0.00021702953933503517,0.19010155052613226,1.068983554840088,0.7632507085800171,0.22874292731285095,1.0258994102478027,0.30736959358032223,0.03199028559495562,0.04624811136061098,0.12031244867424792,0.0693708649070218,0.01153805659611603,0.066721920910434,0.03692722031720677,0.8494377136230469,0.9424960613250732,0.17280671000480652,0.8396683931350708,0.31976132127015866,0.03136227053420415,0.04804187261560122,0.13050491138252204,0.07216757897858335,0.011311548042678598,0.06930977137754718,0.04005556921335815,0.0,0.0,0.0
A_confirmed_bad,strict,05_combat,False,ok,3405.7,0.20897125150955506,-0.094060434799066,-0.006546897506896863,-0.1664095193365937,0.7910287484904449,0.905939565200934,0.9934531024931031,0.8335904806634062,0.020518627607657776,0.08584525330812348,-0.094060434799066,0.16547380901904674,0.5102593138038289,0.5429226266540618,0.452969782600467,0.5827369045095234,134.70435223848,152.441606759455,153.0698191804079,138.1965424455085,128.38873958914886,134.59615073861963,155.74021448885554,67.08824841212582,101.67750210620228,102.51745082593642,119.27779850744184,134.7046079326883,113.97794483242801,122.91855345851349,0.14632479861910241,4.396645021645022e-05,1.3854273346840935,1.0985008991676475,1.1082218337326692,1.0220611297297917,0.5854353132628153,0.41040462427745666,0.7786016949152542,0.5841961852861035,0.12574992939836435,0.08015939442591959,0.17155166718856693,0.1261118121180803,0.49804068908889504,0.6669931147251954,0.6697430713307989,0.8631026246873984,1.0491933199418468,0.8468142974888535,0.7892537830510648,16.25829663963037,0.37073901654087144,0.008794485046213137,0.5198960102045249,0.001,0.001,0.001,0.001,,,,,,,,,27.657970424303056,4.641195235433,-7.946655699496335,0.0,1.0280404687808509,2.350209693610505,6.983824066265511,10.201060110018139,12.704469597690204,2.986659654617842,0.047619047619047616,0.0,0.04934889745174003,0.9133333333333333,0.6722222222222222,0.8422619047619047,0.26666666666666666,1.5103467244666942,1.1082218337326692,1.0507513952983787,1.219217699441939,0.006148755716466195,0.007214788915511283,0.05075139529837869,0.008768707977677561,0.005514705882352922,0.007352941176470562,0.03308823529411764,0.0,0.7914615384615384,0.5814432309549171,0.8466491681009753,0.7248666666666667,0.8001633333333333,0.7535862692565103,0.5606381932603574,0.5632920837232537,26.0,84.0,4.0,0.0,15.0,3520.0,5444.0,1039.0,44.0,2.0,332.81118694215513,0.17669183136270494,0.5931881832527675,0.6063401814380083,0.8003170433748278,0.9910296675855984,0.7376265267372508,0.8853453468805501,0.21532483166661387,0.3792599391811965,0.2719770523400222,0.27512766006041006,0.6505808062795928,0.1876632188921769,0.1349481242166761,0.010991847980578229,0.17595723728843846,0.08319356713414815,0.20688071201668007,0.007926882720288471,0.003320078768365491,0.022253945427247915,0.9424420773833592,0.14534375180653294,0.0019519211618442265,0.22909229621965052,0.9403071468469516,0.8387816743202144,0.03944891895269712,0.8551674903359096,0.8057186778230487,0.1751595038163968,0.006001609818974002,0.27168635006748887,0.6441236590652294,0.08010983367971251,0.043063045940016385,0.21243352542403096,0.6930985886703289,0.012225992876314951,0.00021402661191715597,0.01921822578658378,0.6273435740870955,0.014969636960078041,0.0011274249762472553,0.02575436024055158,0.5751630556975738,0.027339519310864768,0.007840529757252131,0.049488824048081255,0.48014239967483563,0.01921499498469945,0.006682033085207665,0.033391188947154836,0.5905881715308251,0.02840945169165861,0.000268890733260856,0.04108616638768514,1.0823067426681519,0.7280043363571167,0.2610816955566406,0.9281744360923767,0.3065485897212357,0.05539456516836521,0.03573305299031401,0.1355801062588514,0.06918557088644733,0.01997936611515025,0.051551898344948575,0.04161328698418004,0.8621059656143188,0.7866407036781311,0.11965226382017136,0.7399117350578308,0.3389758503217621,0.0631279853667238,0.043470238559761516,0.16385933938818026,0.07650414488142535,0.022768607857470872,0.06271429759642813,0.05029296629979104,0.09611742424242424,0.0,0.021235899822991115
A_confirmed_bad,strict,06_combat_seq,False,ok,3453.1,0.28631131203370735,0.043461284869034264,0.051037657670815376,-0.05701193350453941,0.7136886879662927,0.9565387151309658,0.9489623423291846,0.9429880664954606,-0.21687267904224236,-0.09048466434768512,0.043461284869034264,0.058198519984955566,0.3915636604788788,0.45475766782615745,0.5217306424345172,0.5290992599924778,191.79538999240862,206.70710307741365,208.19390796360682,204.8469629463571,188.02632435412474,196.03152425747282,191.44391687412147,70.93714620104224,157.58337259394398,157.27228968766025,151.01640965589036,185.69534529414005,126.92192858214926,184.95046255493824,0.36586593785960875,0.0,1.397674101562076,1.0992856330124487,1.0460641366108467,1.0163330470785932,0.6094480823199252,0.3171355498721228,0.8071895424836601,0.5887509130752374,0.13489869480273214,0.06661509036906899,0.1798214390923001,0.12554500767601107,0.3698584528223018,0.7623510283288504,0.7554125441324254,0.7372157608967663,0.987602911092414,0.6474567244370694,0.9660816889603611,48.55373120173316,1.3634892946522386,0.09442761518884418,3.3188618737043525,0.001,0.001,0.001,0.001,,,,,,,,,27.0,5.0,0.0,0.0,0.0,2.0,7.0,12.0,16.0,3.697634794494785,0.2976190476190476,0.16666666666666666,0.09678393853116024,0.7777777777777779,0.5888888888888889,0.8402777777777777,0.13333333333333333,1.4529099916070984,1.0460641366108467,1.0268395554993925,1.1531197224675438,0.005456746886832511,0.003070942440723116,0.026839555499392542,0.006124788898701752,0.0,0.003676470588235281,0.022058823529411797,0.0,0.5882692307692308,0.4390628842776852,0.7871537578886977,0.8559833333333333,0.8805566666666667,0.7378210302132131,0.7015180215409167,0.7196583888653344,26.0,84.0,25.0,14.0,15.0,3520.0,5444.0,1039.0,44.0,2.0,332.81118694215513,0.06945095627854192,0.7436189227095444,0.7403679554183848,0.502320539232624,0.9222693121233321,0.3258922231147603,0.9748173846092614,0.2985383954815047,0.5039347167440243,0.30017964164558786,0.4228063135754579,0.7953165034618871,0.1800160562352231,0.2143973380364883,0.04755362036697168,0.3519923185257891,0.07972691440601103,0.5136124009505162,0.08849956356405685,0.009819629312357643,0.14273494177697585,0.9854063388066259,0.5853240371903807,0.09372611599578298,0.7760694657937611,0.9340953037065517,0.5079202326441771,0.025337627474128425,0.706154461779852,0.8962744154834957,0.13513407899732277,0.037385861839079604,0.3203284859708612,0.7586747983541932,0.12514639136025488,0.11333302627226435,0.2608791853920776,0.8276227843478335,0.0938623214637069,0.047404095770654416,0.22449491807785482,0.7440983793165673,0.31155791041310094,0.0007100922523799528,0.34212992966025296,0.8006964273548479,0.027844511047379016,0.0007266079015441523,0.0657341924226414,0.6572324761576633,0.1782571796090391,0.027508387618629004,0.23528410247312295,0.8354517101405758,0.09042715407546473,0.1195847592328963,0.44611350191049154,1.0487830638885498,0.720305323600769,0.1351885199546814,0.9781101942062378,0.2918582433759105,0.03334776997331505,0.0288165093832808,0.11624150980727206,0.06587007692398872,0.012027665591301877,0.04157343518298949,0.03567773650987675,0.9800961017608643,1.0175762176513672,0.2321927547454834,0.9820582866668701,0.3084275297971202,0.03616006994011737,0.03442355655257683,0.1289655492742009,0.06960963267035476,0.013041988395201352,0.04966269432816338,0.03958309637826654,0.36586593785960875,0.0,0.09678393853116024
A_confirmed_bad,strict,07_pycombat,False,ok,3426.3,0.12343016991835011,-0.2835717102062475,-0.00027600780767422697,-0.26519651935274235,0.8765698300816499,0.7164282897937525,0.9997239921923258,0.7348034806472576,-0.24404729780678747,-0.008696456051579851,-0.2835717102062475,0.042877139134986336,0.37797635109660627,0.49565177197421006,0.35821414489687625,0.5214385695674931,95.20100606463649,98.78949758267107,98.90096272240993,93.04294367360139,93.66755770625372,93.71793258303904,99.3452130753336,63.50289733868,86.66037691856346,86.91459683433763,95.53879700111005,94.04550810036312,94.92039705653048,91.82280189624746,0.005640947960490214,0.0,1.6030915351622748,1.2536302807019324,1.4761115523244204,1.1184271480099615,0.5324271844660194,0.5480349344978166,0.7554426705370102,0.5221858944418496,0.11134102898488141,0.113210130216857,0.16208722389862756,0.10745041109028537,0.6670401917345796,0.8772225695959485,0.8788043558108225,1.0268247459610074,1.0040350192037106,1.0128306764815367,0.9242800841004599,7.38092707090519,0.0010601019496516665,1.4967035007281881e-05,0.0013776718010135097,0.001,0.997,0.891,1.0,,,,,,,,,31.202792952076152,4.691973439144887,-16.75833883891959,1.400944536724161,1.6412652253112954,2.2968729293966317,6.92813075502257,9.695833464575172,11.991307396421984,2.7437995879177204,0.20238095238095238,0.0,0.0024770285051098793,0.8833333333333333,0.6805555555555555,0.8828125,0.25,1.8993230561970278,1.4761115523244204,1.0946931862802853,1.5968736372977752,0.010835217544542504,0.03174077015496136,0.09469318628028534,0.023874945491911007,0.005514705882352922,0.020220588235294157,0.05698529411764708,0.0,0.7799871794871794,0.5785496874068428,0.85329718875502,0.5640833333333334,0.6467933333333333,0.745932760106629,0.38878611337855074,0.41256980114732483,26.0,84.0,17.0,0.0,15.0,3520.0,5444.0,1039.0,44.0,2.0,332.81118694215513,0.2642846785880052,0.8020338607485811,0.8203785046929277,0.9991146958074609,0.9999840697052096,0.9987921463777851,0.9632359612908881,0.02547505017129061,0.20333894862413318,0.010072958577339449,0.01770889209963042,0.6444275591230698,0.09790394953587007,0.0008275440261532598,1.5983231147298085e-05,0.001181738933246547,0.031578772658208576,0.5532594872083276,0.0005071297169308086,1.7017864471715928e-06,0.0007842000426786635,0.9113274149300788,0.00016772707784709837,8.316963492125741e-06,0.00020352647629778674,0.7411213807568333,0.00511769518561706,4.524986687016474e-05,0.006714141092676557,0.7118117174090497,0.00014945542638510094,1.0424851961933441e-07,0.0006468865123779733,0.491997846104045,0.000725653233580248,3.6812852042632554e-05,0.0011136892812420752,0.682193401124421,0.00017345770349137677,2.8491339241532166e-06,0.00024255514578955505,0.6023942132039977,2.8826595718966583e-05,2.4615089647193694e-07,4.822397787744774e-05,0.8791273893730162,0.00021616670938441281,8.472943982502407e-06,0.0003906017153374695,0.3637263168665934,0.0010082588475584101,5.435749897128429e-05,0.0014318939905057805,0.5073164242543348,0.0001810697650191154,1.7208663268550043e-06,0.00024167109768216235,0.8968730568885803,0.1827768236398697,0.13547120988368988,0.2657972574234009,0.4446319278104266,0.2110006910012278,0.07166142149639795,0.275433106540409,0.10034987858818717,0.07610241263290397,0.10338557741590709,0.08453804340238151,0.8488024473190308,0.1810501217842102,0.457298219203949,0.37613505125045776,0.4943876335416609,0.2437936015517803,0.08233918002981008,0.3188016958765441,0.11157934439327828,0.08792995498980333,0.11879032669987058,0.09784906375737419,0.0,0.0,0.0
A_confirmed_bad,strict,08_inmoose_combatseq,False,ok,3387.4,0.28631131203370735,0.043461284869034264,0.051037657670815376,-0.05701193350453941,0.7136886879662927,0.9565387151309658,0.9489623423291846,0.9429880664954606,-0.21687267904224236,-0.09048466434768512,0.043461284869034264,0.058198519984955566,0.3915636604788788,0.45475766782615745,0.5217306424345172,0.5290992599924778,191.79538999240862,206.70710307741365,208.19390796360682,204.8469629463571,188.02632435412474,196.03152425747282,191.44391687412147,70.93714620104224,157.58337259394398,157.27228968766025,151.01640965589036,185.69534529414005,126.92192858214926,184.95046255493824,0.36586593785960875,0.0,1.397674101562076,1.0992856330124487,1.0460641366108467,1.0163330470785932,0.6094480823199252,0.3171355498721228,0.8071895424836601,0.5887509130752374,0.13489869480273214,0.06661509036906899,0.1798214390923001,0.12554500767601107,0.3698584528223018,0.7623510283288504,0.7554125441324254,0.7372157608967663,0.987602911092414,0.6474567244370694,0.9660816889603611,48.55373120173316,1.3634892946522386,0.09442761518884418,3.3188618737043525,0.001,0.001,0.001,0.001,,,,,,,,,27.0,5.0,0.0,0.0,0.0,2.0,7.0,12.0,16.0,3.697634794494785,0.2976190476190476,0.16666666666666666,0.09678393853116024,0.7777777777777779,0.5888888888888889,0.8402777777777777,0.13333333333333333,1.4529099916070984,1.0460641366108467,1.0268395554993925,1.1531197224675438,0.005456746886832511,0.003070942440723116,0.026839555499392542,0.006124788898701752,0.0,0.003676470588235281,0.022058823529411797,0.0,0.5882692307692308,0.4390628842776852,0.7871537578886977,0.8559833333333333,0.8805566666666667,0.7378210302132131,0.7015180215409167,0.7196583888653344,26.0,84.0,25.0,14.0,15.0,3520.0,5444.0,1039.0,44.0,2.0,332.81118694215513,0.06945095627854192,0.7436189227095444,0.7403679554183848,0.502320539232624,0.9222693121233321,0.3258922231147603,0.9748173846092614,0.2985383954815047,0.5039347167440243,0.30017964164558786,0.4228063135754579,0.7953165034618871,0.1800160562352231,0.2143973380364883,0.04755362036697168,0.3519923185257891,0.07972691440601103,0.5136124009505162,0.08849956356405685,0.009819629312357643,0.14273494177697585,0.9854063388066259,0.5853240371903807,0.09372611599578298,0.7760694657937611,0.9340953037065517,0.5079202326441771,0.025337627474128425,0.706154461779852,0.8962744154834957,0.13513407899732277,0.037385861839079604,0.3203284859708612,0.7586747983541932,0.12514639136025488,0.11333302627226435,0.2608791853920776,0.8276227843478335,0.0938623214637069,0.047404095770654416,0.22449491807785482,0.7440983793165673,0.31155791041310094,0.0007100922523799528,0.34212992966025296,0.8006964273548479,0.027844511047379016,0.0007266079015441523,0.0657341924226414,0.6572324761576633,0.1782571796090391,0.027508387618629004,0.23528410247312295,0.8354517101405758,0.09042715407546473,0.1195847592328963,0.44611350191049154,1.0487830638885498,0.720305323600769,0.1351885199546814,0.9781101942062378,0.2918582433759105,0.03334776997331505,0.0288165093832808,0.11624150980727206,0.06587007692398872,0.012027665591301877,0.04157343518298949,0.03567773650987675,0.9800961017608643,1.0175762176513672,0.2321927547454834,0.9820582866668701,0.3084275297971202,0.03616006994011737,0.03442355655257683,0.1289655492742009,0.06960963267035476,0.013041988395201352,0.04966269432816338,0.03958309637826654,0.36586593785960875,0.0,0.09678393853116024
A_confirmed_bad,strict,09_ruv,False,ok,3432.4,0.19166117497025492,0.06310850788340139,0.06975070228499612,0.035081781945479666,0.8083388250297451,0.9368914921165986,0.9302492977150039,0.9649182180545204,-0.06660465637386474,-0.028895642796948777,0.06310850788340139,0.14303076055754882,0.46669767181306765,0.4855521786015256,0.5315542539417006,0.5715153802787745,141.25642255611385,147.34975415400845,147.22987766775518,146.7064697860466,144.00048063781978,143.6623517024478,154.61328504811374,85.94985821333579,126.66762513374195,127.56151903698132,123.62672042133879,134.80423413132596,108.55833288983492,132.96169436696212,0.28096590909090907,0.0,1.4391247589196339,1.1235721904236398,1.0529893099746837,1.0277597375741154,0.6069670579326013,0.37203791469194314,0.7778915046059366,0.6376903553299492,0.1337723117549121,0.0743518914292856,0.1710884398139587,0.13816446155477607,0.6084669047822754,0.8596392023929015,0.8664105483048878,0.8426807665785511,0.9361373901964702,0.7556491426137864,0.8599629347865294,3.5212043874073675,0.6323026273911871,0.0404425580775775,1.4203222453185498,0.001,0.001,0.001,0.001,,,,,,,,,483.0,5.0,0.0,0.0,0.0,2.0,7.0,10.0,12.0,3.0267424636215066,0.2619047619047619,0.047619047619047616,0.07906864730144947,0.8688888888888889,0.6444444444444444,0.9583333333333333,0.25,1.5587444707218536,1.0529893099746837,1.0596023531296537,1.1926911070942061,0.006731861093034381,0.0035326206649789102,0.059602353129653673,0.007707644283768245,0.0,0.009191176470588203,0.045955882352941124,0.0,0.5056282051282052,0.38310266393867864,0.7078677567412507,0.7855083333333334,0.8115466666666666,0.6346910928993887,0.6174780975511579,0.607251126498856,26.0,84.0,22.0,4.0,15.0,3520.0,5444.0,1039.0,44.0,2.0,332.81118694215513,0.27115476657415094,0.8550174254586698,0.8731791230712185,0.6852844812772615,0.9455914161384519,0.513724687507051,0.9614505458697079,0.14966629547095767,0.4375930654451718,0.2608775535469502,0.34971372415438046,0.7094536700271125,0.1312912362590642,0.2515022592642576,0.051947523755933665,0.387109928526839,0.0669150907428802,0.4185128265725986,0.11529891890193536,0.0186996851346791,0.15187807356327723,0.8118449852376721,0.4590812824546128,0.05353376746499528,0.6571016081544644,0.6964036186473999,0.20840379402876297,0.002277316752266809,0.41146839930084916,0.9226693527124731,0.2650786080709347,0.3291451640828309,0.7288913348895596,0.8962112472399387,0.6655857386609476,0.0008603084218527574,0.714248736513916,0.7233583024601257,0.0835049857316547,0.06031463647865098,0.32219040175549446,0.7924765491057555,0.1762057566250782,0.0014335976515333939,0.18091235489744453,0.6577207606689104,0.10193571637169342,0.04063438305685909,0.18966654725950718,0.6605771244357879,0.38411213970975566,0.01122875409768026,0.43711212998748333,0.5147619331904622,0.0558156520872006,0.0013476244179880315,0.07762969894639427,0.9464554190635681,0.6764986515045166,0.2828068733215332,0.92914879322052,0.34681896447695043,0.026089619427503142,0.044873436967243545,0.12197462566087938,0.07827427316956305,0.009409841141684786,0.06473868498028575,0.03743738843752921,0.8853750824928284,0.807989239692688,0.3225659132003784,0.9029848575592041,0.3633318602696272,0.03408525544715488,0.049156636489226586,0.13855273167153104,0.08200110200098473,0.012293657250260968,0.07091803568978866,0.042525667994990975,0.28096590909090907,0.0,0.07906864730144947
A_confirmed_bad,strict,10_mnn,False,ok,3380.3,0.011907675434249362,-0.17842383685945148,0.08056486874356553,-0.14028670876416346,0.9880923245657507,0.8215761631405485,0.9194351312564345,0.8597132912358365,-0.08845496091908242,-0.008480642130013408,-0.17842383685945148,0.1564583096828346,0.4557725195404588,0.4957596789349933,0.41078808157027424,0.5782291548414173,0.17724536747879405,0.17904912229633008,0.17974300122749728,0.1739513640492688,0.18602848848414538,0.17775518512857763,0.19312736656304386,0.11308742479387263,0.16797738264057402,0.16738900843321974,0.17578695780816891,0.1652822366122979,0.153544146138243,0.1675936855873327,0.0,0.0,1.3793496917165717,1.2075116446060032,1.6651659772888359,1.050374854081947,0.7497637051039697,0.7688774045363193,0.8615686274509804,0.7542985297782208,0.16399794868305323,0.16664703096185732,0.1945633144448297,0.1653645394082259,0.6380275343862096,0.9381636753436183,0.9312685739644386,1.010552338976659,0.8884780925712052,0.8637955963263643,0.8677883853018001,4.4030177655384195,0.2639339950433018,0.0033948775022287605,0.7233776293576965,0.001,0.001,0.001,0.001,,,,,,,,,13.76060790006625,4.9331532297462655,1.5670484559819056,1.6659270117788951,1.7857425746486872,2.4220910571100873,6.831898366629664,8.927399399984814,11.241736474805998,2.479280384969168,0.0,0.0,0.0,0.9555555555555555,0.888888888888889,0.96875,0.6666666666666666,2.529287753497311,1.6651659772888359,1.2244061307084921,2.11103248765042,0.018425153656594105,0.04434439848592239,0.22440613070849214,0.044441299506016795,0.012867647058823484,0.1470588235294118,0.1470588235294118,0.04227941176470584,0.7537692307692307,0.5219764202176415,0.7734056224899598,0.7553916666666667,0.82213,0.6676568373081547,0.5218316832208317,0.5342255995381359,26.0,84.0,0.0,0.0,15.0,3520.0,5444.0,1039.0,44.0,2.0,332.81118694215513,0.3988067040005505,0.811736147008379,0.8483962844215198,0.8902217125364531,0.9571775490436798,0.7372691556163198,0.91544010424792,0.00011961868676052893,0.00045548148307381715,0.0002086303837166137,0.00030027707010722824,0.552397355756548,0.12187016563305193,0.08357509536118887,0.0435713181703637,0.22053154397968017,0.04996923668493867,0.2524288834265601,0.02873649793685354,0.00011170466855177796,0.07007191388691286,0.8501124398760435,0.2457912464311479,0.0004044984257635047,0.4387246471806944,0.7401929744505752,0.13031990486056128,0.0097082580830218,0.37944415114009195,0.8581693403564553,0.06869540745242979,0.3330038074961745,0.4445589965657822,0.5449555654961846,0.0020809146294081112,0.0027513113682499125,0.1054395839445978,0.6021068665115863,0.09220562720543544,0.02982081638782002,0.20566580140849366,0.3157231777744692,0.02770580681592915,0.0027039874136337784,0.12789659711341705,0.3722571133088181,0.01406573706933948,0.04441752038153148,0.10924716135358863,0.5760162016414695,0.1770580418344731,0.012707835811146088,0.23647941747190396,0.4120109947233175,0.049091769376311024,8.34416677442091e-05,0.08778716973131917,0.8236186504364014,0.49980276823043823,0.17655104398727417,0.6188510656356812,0.8733426617168748,0.4474602442802497,0.19654368182307447,0.6832513482441981,0.19710647074030802,0.16138716885452012,0.2835525950842078,0.2097087487343486,0.6860315799713135,0.30378493666648865,0.33693328499794006,0.426228404045105,0.9287672443434019,0.46902736953380414,0.20977253930104933,0.7270018399137279,0.20961535683124186,0.16916586501690364,0.3026378021643091,0.22313698548515337,0.0,0.0,0.0
A_confirmed_bad,strict,11_harmony,False,ok,3470.9,0.13226871674255322,0.12528481477777956,0.059847147273238845,-0.11733461567402469,0.8677312832574468,0.8747151852222205,0.9401528527267612,0.8826653843259753,-0.2733636471162711,-0.14517449985509093,0.12528481477777956,0.07248748960783838,0.3633181764418645,0.42741275007245455,0.5626424073888898,0.5362437448039192,150.77915505461996,160.01395496960393,161.02526478889806,168.46920265906516,149.8685578285338,155.05365072757283,149.65991383018354,42.28861525690689,126.02342757945584,125.7674274600025,101.9194009783599,143.3121564284968,88.22086169535145,144.9634311635643,0.321875,0.0,1.47772008815814,1.222917788780508,1.1822942779882641,1.0746131138332504,0.6183111660995979,0.436,0.7048977061376317,0.5654368932038835,0.13425844942698528,0.09164466256753921,0.15064699740334364,0.1216445265150566,0.28046725186639876,0.7875777309759959,0.7810415814243926,0.6049734869619846,0.9562523220678599,0.5689699099723509,0.9686189671875112,39.22269748617626,1.8664816325744296,0.10657892131313237,2.892553675896891,0.001,0.001,0.001,0.001,,,,,,,,,28.056370387628604,4.24959654671833,-4.238780057710221,0.2555130340752266,0.5427365994528505,2.3808611360214282,6.565495284666032,10.63337173414069,13.506711253908776,3.113402070162039,0.23809523809523808,0.0,0.09834487300447532,0.7777777777777779,0.6527777777777778,0.85625,0.225,1.66518465027881,1.1822942779882641,1.130549122114767,1.3682569205608992,0.008014272894925421,0.012152951865884276,0.130549122114767,0.014730276822435969,0.003676470588235281,0.018382352941176516,0.07352941176470584,0.0,0.827076923076923,0.608702074964043,0.9087808376362593,0.9548916666666667,0.95921,0.852103210063784,0.7719374244247166,0.7995411409258291,26.0,84.0,20.0,0.0,15.0,3520.0,5444.0,1039.0,44.0,2.0,332.81118694215513,0.08534785894097974,0.7916269027672607,0.7873530186193319,0.4316908888046591,0.9169710007870899,0.35052201440481945,0.9838938375082749,0.281747789567843,0.43208568873171604,0.21633210010808365,0.35917162917342316,0.7058118616596445,0.11446362530794249,0.18971622687847445,0.016077383018382067,0.2201508813797377,0.040085920134697556,0.6825208021454582,0.01292600970871952,0.001150989870445313,0.021718423336766948,0.9802114476247688,0.6414001989889803,0.11042304925957143,0.7378484270658593,0.9411269975885754,0.7164412019983015,0.0017210605155912758,0.7783025577997649,0.7703157055281404,0.22720414231135552,0.000383097495250171,0.24118255549636614,0.554647488652609,0.0264140828151019,0.009388668003793598,0.06311130907983409,0.6533573045918836,0.032831857259154974,3.4014115984854076e-06,0.04167584933172486,0.6044381092330334,0.1302093790625632,0.007245967968936326,0.15529716001281393,0.820386099740913,0.03869304987350311,0.0020561982685197563,0.04648955251521839,0.673627835322472,0.054235491849192775,0.022715147296360382,0.08463806392105161,0.37748682616859164,0.016806854917871757,0.0056862500937539485,0.03124491523797715,0.9912890791893005,0.6585397720336914,0.2209273874759674,1.0009605884552002,0.4235521514701418,0.1262736489974168,0.10014824052758535,0.24510226820116537,0.09559234125426089,0.045543591800881716,0.14448336996290248,0.07522866966673941,0.9211596846580505,0.845234751701355,0.2976463735103607,0.9183733463287354,0.47372445620387643,0.150093345979901,0.11304382479642734,0.28137253724718486,0.10691583013035984,0.054134731478908654,0.16308776543692657,0.08636101906853003,0.0,0.0,0.0
A_confirmed_bad,strict,12_scanorama,False,ok,3460.8,0.17133171870015423,0.08136926231144637,0.11440938762804659,-0.01335170924523093,0.8286682812998458,0.9186307376885536,0.8855906123719535,0.9866482907547691,-0.2037244612726115,-0.11229551937664423,0.08136926231144637,0.11896067287464109,0.39813776936369427,0.4438522403116779,0.5406846311557232,0.5594803364373205,0.4155347050878013,0.4137324038941485,0.414472726257839,0.4746604799185133,0.42747540986679095,0.4327369120935169,0.4467081754056748,0.14245020384771914,0.3900095141259095,0.389783039715306,0.2634326924504103,0.38521553925025653,0.21562480701629505,0.38813182246788586,0.0,0.0,1.4250088240301992,1.1600998460044132,1.1492828274283853,1.0365122433328424,0.690268247036806,0.6625698324022347,0.8268238761974944,0.7181971356360572,0.1517617865052053,0.13970436223850077,0.1854623176127023,0.15660556027025163,0.3428118087456012,0.9426612720082994,0.9404310947901218,0.5549918385782502,0.9011408150244166,0.49828152161352324,0.8688710971439166,39.477062221581626,3.0054041184786078,0.057346103114373166,10.437792380471754,0.001,0.001,0.001,0.001,,,,,,,,,13.765151174100287,4.932950340179902,1.5659853463165685,1.66520924236292,1.7843635215115614,2.4215469655953283,6.831781091096731,8.926600902206962,11.242478816007726,2.479454270552192,0.0,0.0,0.0,0.7216666666666666,0.5819444444444445,0.90625,0.14583333333333331,1.6758831020141576,1.1492828274283853,1.0841697870729659,1.3533758989039124,0.008143169903785032,0.009952188495225686,0.08416978707296585,0.014135035956156497,0.0,0.0,0.03308823529411764,0.0,0.7866025641025641,0.5613736632515849,0.8953608720596672,0.890425,0.92061,0.8272766236051438,0.7603940292443796,0.7721980959236834,26.0,84.0,0.0,0.0,15.0,3520.0,5444.0,1039.0,44.0,2.0,332.81118694215513,0.12048726366581974,0.88944191085054,0.8941530788165115,0.4332934201380153,0.9528295804736694,0.2905527586736981,0.9594719651548911,0.0008972262752531815,0.0010895182964319066,0.0007912731557490945,0.0010271827451587704,0.7206566111528587,0.14901626321706624,0.23364529190471037,0.05799107366983075,0.3999651349782666,0.07033920749857622,0.14364927363172086,0.011778955963675439,0.0001665274945956804,0.034566208958070645,0.9847116094568011,0.8958627383193438,0.0037943179605635195,0.9396854809568157,0.9299212765317287,0.04915771307610775,0.2972765466029745,0.7819236734298906,0.9503464813132029,0.6615724722054618,0.004507688929509043,0.7327238762350287,0.9172964020025123,0.288497764807586,0.10542504779309886,0.5083768113387018,0.8525988699453522,0.07926344356698525,0.14693718638754913,0.4705841328690526,0.7195934824741885,0.08940216912331986,0.0161254148950502,0.10548243781011915,0.6333786715498588,0.17862741658778714,0.001240417400565101,0.29112479998678614,0.5845196029557967,0.012607163998233478,0.003419621302981108,0.03524166145899123,0.49055044166742634,0.06968308139860319,0.0010179679314203424,0.09994226673920875,1.1227049827575684,0.9689159989356995,0.22359418869018555,1.1164301633834839,0.4235182481792191,0.08692661245683422,0.07296161546784288,0.22941115966267547,0.09558468955199878,0.031352148178187884,0.10526136081070442,0.07041263418240766,0.9300587177276611,0.9945151805877686,0.33024701476097107,0.9356505870819092,0.4486928745214328,0.0947585768909871,0.07520163757430881,0.25034142810355137,0.10126640186038978,0.03417693224058065,0.10849302959518446,0.07683671284202467,0.0,0.0,0.0
A_confirmed_bad,strict,13_fsmvn,False,ok,3394.8,0.12251514737671175,-0.24901278114146214,0.012312326376196102,-0.23905254834147982,0.8774848526232882,0.7509872188585378,0.9876876736238039,0.7609474516585202,-0.11649250062590717,0.026962926082316225,-0.24901278114146214,0.07723814468456536,0.4417537496870464,0.5134814630411582,0.3754936094292689,0.5386190723422827,78.59383995588462,82.43447544763411,82.34877958665982,78.16140465138358,77.79005311563394,77.84428598194718,85.1567217748642,55.06753927860698,70.52590841535043,71.04587536020563,76.51236799012261,77.46553021680894,76.0721071314656,74.77710581965964,0.321584145021645,0.2994318181818182,1.543067288001089,1.2766481708748865,1.4559901206205659,1.1077767854463167,0.6,0.6570073761854583,0.8032573289902281,0.6110116383169203,0.1262620661417243,0.13912030741563533,0.17474935570796973,0.12797196475950448,0.7006597375763399,0.8555389966683477,0.8627435126156354,0.9789021618967056,0.9958282211436134,0.9772343104169192,0.8781116071771058,3.916303037347615,2.0058555865901882e-26,1.5561769937413544e-27,5.306958259827746e-26,0.001,1.0,1.0,1.0,,,,,,,,,28.581754405972625,2.883760302194587,-11.391151501615743,-0.2612746805903845,-0.0398103128718265,0.5430069127059216,4.975219858315466,7.451152788083478,10.198786924729761,2.613916731210919,0.0,0.0,0.3135970167323492,0.9333333333333333,0.75,0.8839285714285714,0.5,1.9936337712984633,1.4559901206205659,1.1132987832323322,1.6460944759386875,0.011971491220463414,0.030399341374704392,0.11329878323233222,0.0258437790375475,0.005514705882352922,0.03860294117647056,0.08272058823529416,0.003676470588235281,0.7799871794871794,0.5785497245677494,0.7944750430292599,0.12291666666666666,0.2912133333333333,0.6878616393508791,0.20886047931711427,0.2525920177366094,26.0,84.0,0.0,0.0,15.0,3520.0,5444.0,1039.0,44.0,2.0,332.81118694215513,0.35106405314848044,0.8162903546863268,0.8393145757566388,1.0,1.0,1.0,0.9654827405589722,0.009674314622232448,4.23026303012359,9.209742634923432e-14,1.8432976752068455e-13,0.563057982711004,0.09266774290157896,2.1548601103911905e-25,1.6783595301502975e-26,5.708387834896944e-25,0.026481476383209683,0.44984031405182395,2.5417876930004455e-25,1.9779363380317767e-26,6.732987152169842e-25,0.8591861302422467,1.8563430572547234e-26,1.4479502462761392e-27,4.9147906141082866e-26,0.5759063247435495,2.5301346723249398e-26,1.9702825436208157e-27,6.688575177252088e-26,0.6531189552647367,8.218776982905771e-26,6.4017741589778685e-27,2.1770350730094345e-25,0.5868041547302701,5.50287387640544e-26,4.28769655978871e-27,1.4588532905673713e-25,0.47999924491940854,3.7699487192181054e-25,2.935230444897486e-26,9.987414826612946e-25,0.6532382973531191,1.8186741958898265e-28,1.3551656155892985e-29,4.807041655739487e-28,0.36878430514158417,3.144135165772288e-25,2.4483026131746192e-26,8.329468156815895e-25,0.6762893578714849,9.761890892757577e-25,7.606026783425373e-26,2.5859097745454527e-24,0.3274127427918172,5.182071000785138e-26,4.039736054917748e-27,1.3738784835476487e-25,0.8895403742790222,0.12499892711639404,0.24726824462413788,0.22045567631721497,0.4754909299550238,0.22920432765216678,0.0762761228690532,0.31022968371307896,0.10731450916209243,0.08266798671351754,0.11004318420142031,0.09521807598171098,0.8157378435134888,0.31273502111434937,0.09292804449796677,0.34375447034835815,0.5338786125525099,0.2695138697700825,0.08587812537199467,0.3537562322424711,0.12049214327522671,0.097206580842023,0.12389594559501738,0.1085775783848608,0.09971126082771896,0.0,0.01903012490815577
A_confirmed_bad,strict,14_qsmooth,False,ok,3647.2,0.2811596758901084,0.21226712821835356,0.12278014130215516,0.1936559860147466,0.7188403241098916,0.7877328717816464,0.8772198586978448,0.8063440139852533,-0.2089901560481328,-0.1302113761513813,0.21226712821835356,0.12899323490600229,0.39550492197593357,0.4348943119243094,0.6061335641091767,0.5644966174530012,157.8108962613008,162.18638909618244,162.34353457793716,173.46025718178421,160.8622697991577,164.38399503098793,168.20263668623272,62.229237591650374,141.5239323487902,142.0023695922199,114.63675924253076,148.11222885541076,84.20323210495488,148.4146491430892,0.35316627816627816,0.0,1.3802552045154486,1.0954540791565692,1.0213823102050184,1.0142017873897424,0.6131907308377896,0.3279569892473118,0.6372093023255814,0.5039473684210526,0.13406741961719068,0.06499695817505473,0.1328851216308518,0.10478637084481993,0.39432788904900573,0.8726005501291564,0.8747029560579639,0.6608819859086963,0.9207393942677433,0.512234978162453,0.8823562583025599,173.2957804837234,2.7555624082230397,0.1342419593638688,64.14985305697724,0.001,0.001,0.001,0.001,,,,,,,,,17.507339768108903,4.633450506861454,0.0662277807154936,0.0717733872202629,0.1975513082420428,2.4968462238287668,6.974644754045468,10.56572782141801,12.957580869133633,3.113914627092683,0.42857142857142855,0.0,0.10784005326965466,0.7317460317460319,0.5667388167388167,0.8735119047619047,0.08712121212121213,1.4470122655596782,1.0213823102050184,1.0143836334956233,1.0844445757997874,0.005385689946502147,0.0014254873470012233,0.014383633495623327,0.0033777830319914946,0.0,0.0,0.012867647058823484,0.0,0.7328333333333333,0.5154666786175526,0.906619621342513,0.9440916666666667,0.9473366666666667,0.8344246430472956,0.8074576109069429,0.8085352926211321,26.0,84.0,36.0,0.0,15.0,3520.0,5444.0,1039.0,44.0,2.0,332.81118694215513,0.06981417823110236,0.852193064794358,0.8581779991223581,0.4255900476776324,0.8956185763553952,0.18618715346085857,0.9629537123381064,0.2365180811880845,0.44626898190136616,0.3078756662040366,0.4069456758266372,0.8655649228211232,0.17027540743677222,0.3277650573528725,0.07178078242858418,0.5507315844747626,0.07977659910348166,0.8009048974369609,0.36898865982889734,4.9398104325504375e-05,0.41993987671396193,0.9993527246664047,0.8042369177508988,0.10818097299587169,0.9990380003318804,0.972280127165473,0.4292242080123721,0.16228750396120264,0.9225169496788719,0.9290087245764258,0.24066831923243887,0.36912106333818634,0.7476783728309878,0.9699620807084017,0.4077815026459237,0.001915233427490104,0.8711426922654004,0.866074267614069,0.09712607188287439,0.02542904775610666,0.30010720708274063,0.7283568295467376,0.13643848932174746,0.0006970531786727325,0.16407542907524333,0.8911403244259399,0.2661558879193612,0.04259677920912045,0.43551553033349777,0.9015961072120988,0.4818900716141715,6.965258981847564e-05,0.5585159415197163,0.5969731448587196,0.045140445320039836,0.007461119725047127,0.08878584491532499,1.1459341049194336,0.7779328227043152,0.4110719561576843,1.0742744207382202,0.29942309295467273,0.016880970608839672,0.019711115534594353,0.07254632793351966,0.06757740311737524,0.006088523145691335,0.028437128632148683,0.022266475866173776,1.0512300729751587,0.9425668716430664,0.43426084518432617,0.9771758317947388,0.30906340882140354,0.01922316426198134,0.022225304865482135,0.07864866366832535,0.06975314549274213,0.006933290937738608,0.03206433711167643,0.024139451594054263,0.0,0.0,0.0
A_confirmed_bad,strict,15_fsqn_py,False,ok,3433.5,0.247516168252984,0.1821342829383737,0.1187606306681105,0.10297406787864992,0.7524838317470159,0.8178657170616264,0.8812393693318895,0.8970259321213501,-0.03232762455287112,-0.006185580655723164,0.1821342829383737,0.15397646161569567,0.48383618772356446,0.4969072096721384,0.5910671414691868,0.5769882308078478,104.81353340748801,107.36864340300038,107.41738001786894,110.36298349895604,109.68996725187898,107.06154037615835,113.884900614942,59.73626206204207,96.41043079083313,96.71211381901915,88.10408970374927,97.45642551644114,75.71166254191596,98.81608517157748,0.3159090909090909,0.3159090909090909,1.40850787656564,1.0995360241255296,1.0298146767323344,1.0163347052619098,0.6646034816247582,0.44537815126050423,0.8539325842696629,0.6876640419947506,0.14530221797317933,0.08132800644618057,0.18787937538100832,0.14571259085948532,0.5699289024996694,0.8979384272274318,0.9003395335366683,0.7983119603194007,0.8884716438346071,0.7071789017410427,0.8676838161863624,22.517222846661095,1.0942153434979633,0.13465320573442174,2.759505545059496,0.001,0.001,0.001,0.001,,,,,,,,,13.602778451355062,2.934770653545665,0.0,6.4435113524653e-05,0.0004423751205615351,0.5007939497002702,4.957447096348604,7.374314699293791,10.038596294299312,2.5832194615808772,0.0,0.0,0.3159090909090909,0.7933333333333333,0.5851851851851851,0.90625,0.1111111111111111,1.5046489873922095,1.0298146767323344,1.0443104185162089,1.1632941526824851,0.0060801082818338495,0.00198764511548896,0.04431041851620887,0.006531766107299406,0.0,0.0,0.02573529411764708,0.0,0.7052692307692308,0.4937501761477087,0.8098356282271945,0.8856583333333333,0.8822566666666667,0.7055189831222133,0.6886788778684512,0.6477139158964721,26.0,84.0,0.0,0.0,15.0,3520.0,5444.0,1039.0,44.0,2.0,332.81118694215513,0.17258902444902346,0.8490685297697327,0.8736680724457145,0.6120767042917569,0.9227748259616362,0.42179028388345274,0.9329151165264985,0.0,0.6445000855560629,0.6629999569812658,0.6391733785782714,0.859819119665714,0.16858591095097086,0.4456110049089933,0.0640197658967325,0.6182758390770486,0.08136232149735141,0.8965054505891397,0.641229975654846,0.0008075222337810892,0.7088902835899318,0.9750875026654819,0.6901470318112307,0.08490477886431808,0.8454275862849326,0.9367619435847508,0.32526569242710285,0.15839924565034513,0.6029319499160283,0.9462100215161003,0.2703591129929906,0.23145779933919908,0.8419311052743289,0.929252839553536,0.287227821540278,0.13442476382603163,0.6454016443204583,0.8490479110164921,0.433505558632807,0.0024529659097977533,0.4867302879036569,0.7573789382257905,0.3285486484552765,0.005313831652380236,0.4443715139541452,0.790156551048273,0.58152470373261,0.005437541627632113,0.597520156699926,0.9117741499279373,0.6063291107735597,0.0005864096543693908,0.6737979420393475,0.6060158885296383,0.2919723930692314,0.016412800209470578,0.3357559207877303,1.0231105089187622,0.9923213720321655,0.26523053646087646,1.0013902187347412,0.33219242466760596,0.021292655289753073,0.04724477355122849,0.12067567281055949,0.07497317983319157,0.007679702048471228,0.06815980051027941,0.03703870385738822,0.8980779051780701,1.158358097076416,0.45112961530685425,1.0254786014556885,0.34191859353646187,0.029122731170340428,0.050685263861405684,0.1333242163456066,0.0771682985461555,0.010503804959148143,0.07312337881899858,0.040920891934825634,0.005397727272727273,0.005397727272727273,0.005397727272727273
A_confirmed_bad,strict,16_fsqn_r,False,failed,0.0,,,,,,,,,,,,,,,,,,,,,,,,,,,,,,,,,,,,,,,,,,,,,,,,,,,,,,,,,,,,"Traceback (most recent call last):
  File ""/app/harmonization-metrics/run_metrics_job.py"", line 212, in main
    metrics = compute_all_metrics(
              ^^^^^^^^^^^^^^^^^^^^
  File ""/app/harmonization-metrics/compute_batch_metrics.py"", line 1151, in compute_all_metrics
    pca_coords, eigenvalues = compute_pca(exp_df)
                              ^^^^^^^^^^^^^^^^^^^
  File ""/app/harmonization-metrics/compute_batch_metrics.py"", line 129, in compute_pca
    X_scaled = scaler.fit_transform(X)
               ^^^^^^^^^^^^^^^^^^^^^^^
  File ""/usr/local/lib/python3.12/dist-packages/sklearn/utils/_set_output.py"", line 316, in wrapped
    data_to_wrap = f(self, X, *args, **kwargs)
                   ^^^^^^^^^^^^^^^^^^^^^^^^^^^
  File ""/usr/local/lib/python3.12/dist-packages/sklearn/base.py"", line 907, in fit_transform
    return self.fit(X, **fit_params).transform(X)
           ^^^^^^^^^^^^^^^^^^^^^^^^^
  File ""/usr/local/lib/python3.12/dist-packages/sklearn/preprocessing/_data.py"", line 924, in fit
    return self.partial_fit(X, y, sample_weight)
           ^^^^^^^^^^^^^^^^^^^^^^^^^^^^^^^^^^^^^
  File ""/usr/local/lib/python3.12/dist-packages/sklearn/base.py"", line 1336, in wrapper
    return fit_method(estimator, *args, **kwargs)
           ^^^^^^^^^^^^^^^^^^^^^^^^^^^^^^^^^^^^^^
  File ""/usr/local/lib/python3.12/dist-packages/sklearn/preprocessing/_data.py"", line 961, in partial_fit
    X = validate_data(
        ^^^^^^^^^^^^^^
  File ""/usr/local/lib/python3.12/dist-packages/sklearn/utils/validation.py"", line 2902, in validate_data
    out = check_array(X, input_name=""X"", **check_params)
          ^^^^^^^^^^^^^^^^^^^^^^^^^^^^^^^^^^^^^^^^^^^^^^
  File ""/usr/local/lib/python3.12/dist-packages/sklearn/utils/validation.py"", line 1106, in check_array
    raise ValueError(
ValueError: Found array with 0 feature(s) (shape=(5444, 0)) while a minimum of 1 is required by StandardScaler.
",,,,,,,,,,,,,,,,,,,,,,,,,,,,,,,,,,,,,,,,,,,,,,,,,,,,,,,,,,,,,,,,,,,,,,,,,,,,,,,,,,,,,,,,,,,,,,,,,,,,,,,,,,,,,,,,,,,,,,,,,,,,,,,,,,,,,,,,,,,
A_confirmed_bad,strict,17_quantile,False,ok,3516.7,0.24690522486533625,0.1807705988195537,0.1186783349154835,0.10229074748922548,0.7530947751346637,0.8192294011804463,0.8813216650845165,0.8977092525107745,-0.034362656331097204,-0.007981926587472783,0.1807705988195537,0.1522052119544096,0.4828186718344514,0.4960090367062636,0.5903852994097769,0.5761026059772048,113.30628627307061,115.93660946177116,116.01098597195731,119.22389977107687,118.53021358429574,115.7232289773532,122.81770032405034,64.73408337158428,104.4321666608914,104.71672802467434,95.42518061211665,105.4035315951032,81.98337737884398,106.94270680246103,0.0,0.0,1.4065547001973,1.0995911448125342,1.030061104031143,1.0161979322579928,0.6573751451800233,0.4385245901639344,0.8353863381858903,0.6762589928057554,0.14373072419356767,0.07901761561366548,0.18616309499121156,0.1447382786461063,0.5713194342595761,0.9007695424742154,0.9026449275242513,0.8003863386061317,0.8892545487580923,0.7084435692240143,0.8707434394252321,21.890222713625782,1.0831460993094686,0.13983465419460064,2.771577261747022,0.001,0.001,0.001,0.001,,,,,,,,,14.798272703313618,4.716194162479469,1.4550482616714906,1.5304137307111587,1.5990192393446263,2.131062162696397,7.051903442438277,9.634135901428484,11.917647392104618,2.781258655329782,0.0,0.0,0.0,0.7933333333333333,0.5851851851851851,0.90625,0.1111111111111111,1.5097273992319558,1.030061104031143,1.0448853046469802,1.1639874267085084,0.006141293966650069,0.002004073602076195,0.04488530464698015,0.006559497068340336,0.0,0.0,0.02757352941176472,0.0,0.7053846153846154,0.4937839964540289,0.8098674698795181,0.8857333333333334,0.8823,0.7055305393241331,0.6887358964010196,0.6477410567970462,26.0,84.0,0.0,0.0,15.0,3520.0,5444.0,1039.0,44.0,2.0,332.81118694215513,0.1736211828072174,0.8499537772938451,0.8745192898443757,0.6118007093584477,0.9228842976109927,0.4218266051377525,0.9334935246930023,0.0,0.2654365664808964,0.2971397167808258,0.2815177754799661,0.8591915618737118,0.1682394864230441,0.44475432414160493,0.06398664962096941,0.6168024702246346,0.08130838336715568,0.8934113971976582,0.6272991012916654,0.0005627166201701408,0.6913937204992114,0.9740191112655988,0.693060117268713,0.08361422098488544,0.8474823060270343,0.9354702511473183,0.3161835574024439,0.16866686561789268,0.6022812192524208,0.9465925737793573,0.27501599133954174,0.22038132595720322,0.8403368965935918,0.9302876578303976,0.2925505679229629,0.136320755794671,0.6479145939289579,0.8446117973882278,0.43952030919708535,0.002384338357233101,0.4907070428849391,0.7544999060636908,0.32885469205223034,0.005694372901178767,0.446251038893417,0.7876598540698908,0.5600054051407317,0.004844353535072071,0.5758121470866503,0.9165132938606319,0.6156552971171433,0.0008197006322868531,0.6834466571656421,0.6088497761343473,0.29939820268353196,0.016577845809100752,0.34239907991448126,0.9952567219734192,0.9804267883300781,0.2876349687576294,0.9926397800445557,0.32858268287880865,0.020500871817064458,0.04600063793945732,0.12000021035728366,0.07415848991196991,0.007394126526094801,0.06636489223298378,0.036831385736088476,1.0206787586212158,1.2084264755249023,0.3969283699989319,1.0579724311828613,0.34731807412621657,0.035597521346846614,0.05246025958545768,0.13868013177392768,0.0783869182352305,0.012839091878758657,0.0756841563476875,0.04256477061239654,0.0,0.0,0.0
A_confirmed_bad,strict,18_rank,False,ok,4443.7,0.28081633573225884,0.2050526410076078,0.1142341230391338,0.11559551229963203,0.7191836642677412,0.7949473589923922,0.8857658769608662,0.884404487700368,-0.03740624083642493,-0.009743896713915182,0.2050526410076078,0.15212921187956455,0.4812968795817875,0.4951280516430424,0.602526320503804,0.5760646059397823,11.726206622070109,12.012485591600225,12.018348225928252,12.36053277011582,12.223994097322292,11.97377117417872,12.850388039902894,6.822811114767694,10.799887872868576,10.832620396261847,9.847420250154084,10.952361277735447,8.540603410652194,11.022215762541444,1.0,1.0,1.3948793588454693,1.0923781214248975,1.028495908926615,1.0145041311074192,0.6262886597938144,0.40625,0.8221649484536082,0.6620437956204379,0.13765999684395616,0.0755969976144333,0.1845949332104067,0.14244006916450738,0.5818429893539788,0.899055219714098,0.9013402002191675,0.7966825082137469,0.8959723958092061,0.713275983515527,0.857734079960494,28.251534788878853,1.389218298152383,0.06740257672767874,2.965836153355784,0.001,0.001,0.001,0.001,,,,,,,,,0.999715989775632,0.4998579948878159,0.000284010224368,0.0356432831581936,0.0761147401306447,0.2445328031809145,0.749786992331724,0.9498721953990344,0.9897756319227492,0.2876931985149627,0.9880952380952381,0.9880952380952381,1.0,0.8067460317460318,0.5613095238095238,0.9047619047619047,0.09166666666666667,1.465708483040773,1.028495908926615,1.0367493466979827,1.1407994488246511,0.005610945578804493,0.0018997272617743348,0.03674934669798269,0.005631977952986045,0.0,0.0,0.022058823529411797,0.0,0.7392435897435897,0.5178443536820304,0.834671256454389,0.8902916666666667,0.8901533333333334,0.7287619600130595,0.6990396765824163,0.6634996532458483,26.0,84.0,83.0,83.0,15.0,3520.0,5444.0,1039.0,44.0,2.0,332.81118694215513,0.151718778138909,0.8457587944070808,0.8688905402257823,0.5952963008112682,0.9227159634128732,0.40466626816797724,0.9282417855208123,0.001721838907798148,0.32280537958701855,0.3645275533159591,0.3439329589743004,0.8717399106511176,0.16935917193097755,0.4352682370256299,0.06525150862080467,0.6059896808589248,0.08309506607606848,0.9301692670134076,0.5173303771378763,0.01466223674293286,0.5578358729145424,0.9830875295466257,0.8092030804306755,0.028761238377631743,0.8895329201858596,0.9447492858839385,0.30372363457804524,0.10507722462289242,0.5750669015396822,0.9454058594022994,0.2517920592740475,0.3578243171644788,0.8477106112355155,0.9376210159823694,0.26001659462722193,0.11409281760353919,0.6673143212711455,0.884276527786684,0.4315108415873893,0.013307122695526861,0.5686666453730589,0.7836606038483357,0.2661330290338715,0.0012165373043947537,0.3141329183239147,0.9139925408548436,0.7215534436636272,0.0056746131297180195,0.7779318909686372,0.7941202812287174,0.530209696755418,0.001969326754725823,0.5702479074742257,0.6003161949639543,0.26120961316812635,0.009929651812206333,0.29145681930266587,1.0773792266845703,0.9045984745025635,0.1985701024532318,0.9629868268966675,0.30980169833624344,0.021086790414596646,0.04420015782026821,0.11035219572850563,0.06991977154576075,0.0076054519898508775,0.06376734849381048,0.03387014302391368,0.9125263094902039,1.026873230934143,0.40726685523986816,0.9519526958465576,0.32527861605106395,0.02353151153568605,0.04617744182220109,0.116300579666431,0.07341278839061446,0.008487198749288926,0.06661996631782814,0.03569586668449545,0.0,0.0,0.0
A_confirmed_bad,strict,19_tdm,False,ok,4597.4,0.29987506447282936,0.13155413687434334,0.04491458147144255,0.045257337667665175,0.7001249355271706,0.8684458631256566,0.9550854185285574,0.9547426623323348,-0.2640513650891394,-0.20501751734041948,0.13155413687434334,0.045415866262536395,0.3679743174554303,0.39749124132979025,0.5657770684371717,0.5227079331312682,1210.7938482980453,1297.5401949192403,1307.0790553856505,1300.1176527633897,1192.1015359733249,1243.7258452367143,1151.899016056686,363.2386211965278,995.9497492172784,992.8944624535134,926.5734124160252,1161.8344806345613,725.112576047036,1184.192325317817,0.0,0.0,1.4111115929102107,1.1056979294477844,1.0435454786218548,1.0210759778220098,0.6239530988274706,0.315028901734104,0.762962962962963,0.6248246844319776,0.1386195814457933,0.0610191411140756,0.16943780289588412,0.1336384172348249,0.3000003854554719,0.767567550598513,0.7596284695729918,0.7126842793393358,0.9746103377729052,0.5830164089812153,1.0280348440366598,93.30518682219785,1.2882589677734166,0.11003928486443679,3.280418574633006,0.001,0.001,0.001,0.001,,,,,,,,,143.063107328259,14.0419957475685,1.0,1.0,1.0,1.3499161788789176,32.18264229768925,63.76234234493285,89.45027528665736,21.643879775552268,0.5952380952380952,0.0,0.0,0.8083333333333335,0.5652777777777778,0.8715277777777777,0.10555555555555556,1.4947218863458585,1.0435454786218548,1.0429872593800673,1.15854405483519,0.005960504654769379,0.002903031908123651,0.04298725938006731,0.006341762193407599,0.0,0.003676470588235281,0.03125,0.0,0.6866666666666666,0.5108227968263953,0.8229827882960413,0.9462,0.92656,0.7745178798797254,0.8036770918350358,0.7803862416969815,26.0,84.0,50.0,0.0,15.0,3520.0,5444.0,1039.0,44.0,2.0,332.81118694215513,0.04801106364167829,0.7845921656932697,0.790371334403471,0.49025258646494274,0.909453660777285,0.2944659475525744,0.980158466080362,0.6011891392754158,0.9208816116266916,0.5524938333008143,0.7241201781010842,0.9086040212700286,0.15037455263071847,0.3903127345845698,0.06453519112826042,0.5810383980916075,0.06387439935375563,0.9376104906294165,0.2723614526101734,0.00015705749781962642,0.3407013698441781,0.9923629517058615,0.48670321298692637,0.12702782398966866,0.7223188791270372,0.9800246899953428,0.803946168983499,0.011011934307668562,0.9055495397099985,0.9236275570935293,0.27383180807401003,0.21326451816752817,0.657202636902429,0.9349714877789361,0.44464393922626577,0.008074921507610994,0.7434810111465692,0.8342102886390214,0.2008368692610547,0.002481883809661111,0.3148437384834124,0.7957398533812856,0.21293658435987015,0.15298139978039568,0.5129229051118773,0.9184491143948337,0.3457831141093924,0.05984817732673424,0.5536464857550587,0.8814461807658095,0.3609992846952326,0.005543876785209474,0.5085246460345961,0.8875975983162504,0.5010849115392735,0.06496031811030772,0.5511927688009184,1.1402955055236816,0.8571815490722656,0.25216948986053467,1.0599822998046875,0.3231784299493331,0.02929349026572984,0.050585817952422674,0.12444295477415587,0.07293879314389627,0.010565393284174392,0.0729799086992721,0.03819498695693202,0.869260311126709,0.9762959480285645,0.3349090814590454,0.8530325293540955,0.34772116934555586,0.033441075202489436,0.057040429255283624,0.14501493478639776,0.07847789361011952,0.0120613183391566,0.08229194441677544,0.0445090969816566,0.0,0.0,0.0
A_confirmed_bad,strict,21_harmonizr,False,ok,4464.9,0.16577203705903445,-0.15893660693927353,0.012627096551610194,-0.15041528074462443,0.8342279629409656,0.8410633930607265,0.9873729034483898,0.8495847192553756,-0.04096662076464155,0.02938016992367455,-0.15893660693927353,0.08622039894039858,0.47951668961767924,0.5146900849618373,0.42053169653036326,0.5431101994701993,126.10222199844343,132.3775696334121,132.30618653581476,127.00099539895429,124.56586476922331,125.25366628996112,135.75293694158032,80.95724935181384,112.29248014012502,113.09869057940004,118.7182832837107,123.9288731671821,117.52928377896971,119.80966229474954,0.06130293551491819,0.0,1.5078158667866697,1.2189278994381403,1.2449828262090006,1.100430901750658,0.5830757341576507,0.48443983402489627,0.7517543859649123,0.5766460905349794,0.12426850511898291,0.09754475161400039,0.16392475791038255,0.120107430085839,0.6419970090044342,0.848274223881675,0.8548254132378358,0.9347823055305614,0.994886306909029,0.9383300885332209,0.8825566871257321,3.9790810040587625,0.02980720565261928,0.0005310873172220125,0.04277107803470037,0.001,0.001,0.074,0.001,,,,,,,,,31.3056603425969,4.608268215305856,-18.5281916896219,0.0,1.457726193233551,2.32792834473261,6.983846916870576,10.07690725755018,12.400434324473148,2.9112083124849586,0.17857142857142858,0.0,0.027200139018769623,0.9222222222222222,0.7222222222222222,0.8828125,0.375,1.692331499015401,1.2449828262090006,1.0675542053889324,1.3847469160711317,0.008341343361631337,0.01633218841393337,0.06755420538893242,0.015389876642845267,0.005514705882352922,0.020220588235294157,0.03125,0.0018382352941176405,0.7799871794871794,0.5785492143341144,0.8023975903614458,0.19450833333333334,0.34056333333333333,0.7007604112679997,0.26807504167578444,0.30171703356395047,26.0,84.0,15.0,0.0,15.0,3520.0,5444.0,1039.0,44.0,2.0,332.81118694215513,0.32835235131006035,0.81565496375243,0.8361912992084837,0.9303762893040435,0.9985553647952283,0.9224697415736852,0.9655037954704613,0.0470646461139084,0.2934177497174021,0.03479630145877101,,0.6089162680220277,0.09491785691985341,0.09724981079161185,0.0020207436299009935,0.10159043950582536,0.02442309185602392,0.2983729885596446,0.00025796702277710204,6.701005789798681e-06,0.0005303694560398763,0.8505654396653091,0.0010222650278109628,1.166227685252723e-05,0.015264506966217738,0.5834189105527081,0.14612899950089725,0.0027095585489382993,0.14909440654232317,0.8726287112479206,0.7696352435117709,0.0162752929269164,0.7846365310373818,0.6673363849233863,0.008344743544341612,0.0002000244209996013,0.008461197614894786,0.6537165450080809,0.03829695005738944,0.0008216205141062868,0.04265482062453215,0.4779570847506088,0.008188750887926257,0.00017837564522828618,0.012321471700602318,0.6335688678735579,6.0261464003187026e-05,2.8393051656041836e-06,0.0009959530086599713,0.3519421396921495,0.00017248837279105434,9.433577287722818e-07,0.0012831009005228504,0.6996556079469124,0.0003904385264106863,4.182972843600476e-07,0.0006620372070787848,1.0171329975128174,0.30449607968330383,0.2103029489517212,0.5828351378440857,0.36245684494783015,0.10456348979894646,0.04294005646751747,0.1869831403228171,0.08180361802420974,0.03771330704774595,0.06194940652117952,0.05739030079089211,0.837722897529602,0.268271267414093,0.17352333664894104,0.37230533361434937,0.4049429674033572,0.12747732303663337,0.0530001173037038,0.22003073882095556,0.09139239688471651,0.04597772544268784,0.07646300640058681,0.06753352340952176,0.049135586635586634,0.0,0.011233854201456148
A_confirmed_bad,strict,25_angel,False,ok,841.8,0.055347828854823825,-0.028569920790857562,0.055537707326807045,-0.034496223075012225,0.9446521711451762,0.9714300792091425,0.9444622926731929,0.9655037769249878,0.005884480847606374,0.016647768109773517,-0.028569920790857562,0.11680366200700101,0.5029422404238032,0.5083238840548867,0.48571503960457124,0.5584018310035005,2.605250096107909,2.629527214723423,2.6283759703193215,2.6143082607440844,2.685403746181825,2.6117480264941006,2.706762086632972,2.293526645953369,2.53772929862904,2.542547653683585,2.5486349556660826,2.5158941351108863,2.46645079877251,2.548481878784972,1.0,1.0,1.3784654735088233,1.1315417292822183,1.1692199030156216,1.0313546484997194,0.7200429876410532,0.6718124642652945,0.8599262769878884,0.7255689424364123,0.1582986017897077,0.1456927860433121,0.18811347325498065,0.1575014487969359,0.8803479747989505,0.9650895736768259,0.9673454948588237,0.9748792802807004,0.9368774206441203,0.9443678232939525,0.9415241521855031,1.6781361145734106,0.08382762042839852,0.05193249501166674,0.24433578324438215,0.001,0.001,0.001,0.001,,,,,,,,,0.999715989775632,0.2036353308719113,0.000284010224368,0.0210167566032377,0.0450156205623402,0.0975575120704345,0.4632206759443339,0.9281454132348764,0.992899744390798,0.2766739123803168,1.0,1.0,1.0,0.9666666666666667,0.875,0.9583333333333333,0.375,2.0433221611705714,1.1692199030156216,1.130123739905088,1.482541857670685,0.012570146520127367,0.011281326867708108,0.13012373990508808,0.0193016743068274,0.023897058823529438,0.10661764705882348,0.06617647058823528,0.03125,0.7398556136420215,0.5141591439259869,0.8212127288627464,0.8707119741100323,0.8668770226537217,0.6929450493112446,0.653598873260768,0.6061596512340935,26.0,84.0,84.0,84.0,15.0,206.0,5444.0,1039.0,44.0,2.0,332.81118694215513,0.5353969365740898,0.8777393518405107,0.9116348115457462,0.8558049189531803,0.9765037067431284,0.7827079742538587,0.9586924489717754,0.1606293605853915,0.38110819202141333,0.44346274230487503,0.3949545691031254,0.5317363592280165,0.1150260181123085,0.18248746376791924,0.03065572038655771,0.2814990012788227,0.05135531633004968,0.4650846866598328,0.3239396477545931,0.01606807710352701,0.39305773246029013,0.5538451702928117,0.06458992771565562,0.07207985299779,0.2001768764366747,0.7659003379139754,0.10176073370963906,0.005890016026603274,0.18904825294153893,0.4716088209956948,0.0827584907417752,0.006063714516602339,0.19436503966689503,0.42179823530923677,0.19670832367397714,0.012271096685863762,0.30448281737440086,0.39375838758636716,0.09202056328136762,0.009231322632018915,0.14615143354591184,0.6400434567464014,0.4899433726125523,0.002394727188632863,0.526064663428043,0.377896782930293,0.1535636565973522,0.0013016087950609495,0.22448199500967592,0.7310212332203468,0.17629718759460372,0.13205515298640155,0.3637002327597691,0.49640648062520565,0.14329273399767634,0.04920163493307646,0.27346096916502777,0.9027382135391235,0.9911420345306396,0.3410145342350006,0.9391977190971375,0.5212057504514515,0.10069508180980637,0.09523283346027822,0.2782582393788069,0.11763197941009766,0.03631807379222903,0.13739193656294793,0.08540515486007745,0.9502687454223633,1.1894795894622803,0.028795413672924042,1.039299726486206,0.5245292671918987,0.09083360934093285,0.09772848527199511,0.27442258434787437,0.11838207062156794,0.03276129943555231,0.14099240105549746,0.08422788617384577,0.0,0.0,0.0
B_extended_bad,knn,01_raw,False,ok,3740.8,0.311742505800852,0.11024893541951344,0.05505926059069506,0.08123214132413605,0.688257494199148,0.8897510645804866,0.9449407394093049,0.918767858675864,-0.1764940732046905,-0.08569296802240885,0.11024893541951344,0.01279660392244635,0.41175296339765477,0.45715351598879556,0.5551244677097568,0.5063983019612232,392.3557944786419,425.50536349645233,428.89932838427694,428.007323291319,382.9543413080667,404.23879528633864,366.597718465831,123.99181770271068,316.19324998218434,314.42609897738316,297.03981808212507,375.6602324502451,232.30290993389184,383.0106933064557,0.39227223823502066,0.0,1.3426014936886894,1.0972761894115957,1.0133420440925356,1.0134785510524456,0.6433365292425696,0.4438202247191011,0.8645669291338582,0.6890971039182283,0.14207479105176418,0.08490533442633452,0.1966619544250784,0.14652801586049113,0.3160188264008428,0.7431005037961657,0.733100003121641,0.6940063917550023,0.9809530587043171,0.5746675297934785,1.0447710774341725,45.49653090686408,1.029426919336141,0.09260309119167405,2.4819938957413004,0.001,0.001,0.001,0.001,,,,,,,,,23.961079934831595,3.8429245359108064,0.0,0.0,0.030339303434497682,2.331035841819812,6.424850582135497,11.43455130784385,15.257411133746068,3.457839761062388,0.16216216216216217,0.0,0.13324010142722031,0.8133333333333334,0.5944444444444444,0.7148148148148148,0.14545454545454545,1.4664388191949385,1.0133420440925356,1.0297319270474072,1.1204052718768713,0.006389572865684088,0.0016677555115669485,0.029731927047407236,0.007082663051580666,0.0,0.0019607843137254832,0.02352941176470591,0.0,0.7801081081081082,0.5789635032663657,0.8921936319881525,0.94275,0.9495661764705883,0.8254943177687369,0.7616973173689559,0.7515987575170845,18.0,74.0,12.0,0.0,15.0,15248.0,5108.0,1039.0,81.5,2.0,378.3679434804101,0.060651852357266556,0.7123171652639708,0.7100113773546728,0.5547276337034053,0.9215426438209775,0.35094627489136454,0.9583454900042518,0.29983206120188627,0.5535397712529111,0.39370658022347216,0.5047433482999608,0.8780875579502849,0.17566817205207713,0.2972305166392557,0.06587506599512696,0.5112666560241445,0.07002253197977462,0.8552852272610051,0.1407341415002899,0.004965891522885453,0.2975605287807522,0.9855248077882207,0.5334776638901666,0.07490907500131781,0.7099272726265659,0.9279047731726973,0.3185628353748108,0.15558513824339468,0.733534452438839,0.9596715521661633,0.3127346198103889,0.04935992457190664,0.640143360368628,0.9289803283238605,0.200181031178685,0.20763836190954513,0.5672355334672085,0.8751668768373397,0.1596636597216107,0.10669417371859856,0.5546467780397305,0.8746652658875126,0.2535844578798811,0.04008703713422439,0.3661826195338877,0.8689656240810908,0.46578180906919175,0.012466509371520407,0.5414364066714674,0.6402346916402204,0.2328781922224505,0.0002633907455452855,0.2981500543845913,0.8644764323447389,0.3547067557450819,0.0067811577323314606,0.40384955392977406,1.1651368141174316,0.8442522883415222,0.2665650248527527,1.0426545143127441,0.3026957006671858,0.015504817193082202,0.036241141039322036,0.10042008340301534,0.07032786310437592,0.007056546405410817,0.0522849144535874,0.03474296450921207,0.7798599004745483,0.5444738864898682,0.2672075629234314,0.7412202954292297,0.3114395043230796,0.016678315862443383,0.0414519611713444,0.11131467578942435,0.07235938527389413,0.007590628666034289,0.05980253881702043,0.03851223479655356,0.1777792351638102,0.0,0.043374906839137174
B_extended_bad,knn,02_median_scaling,False,ok,3459.0,0.08585299452424576,-0.35512739765317425,-0.007139619720205458,-0.3180551570112672,0.9141470054757542,0.6448726023468258,0.9928603802797945,0.6819448429887328,-0.09757472234824106,-0.005102269874743637,-0.35512739765317425,0.1913771099229647,0.4512126388258795,0.4974488650626282,0.3224363011734129,0.5956885549614823,252.64389105014845,278.7734853434504,278.66443198604003,249.518540168665,241.15465428439117,248.64008816535113,290.4039988044547,124.20580013681902,202.34393310726227,204.31741543578894,240.76013820453647,250.47299715531537,232.3029099339033,231.83512321598428,0.11778347363687287,0.0373278462749213,1.4283921749809603,1.1950399212744103,1.255659989428463,1.052997632815878,0.5990712074303406,0.624246483590087,0.7566213314244811,0.6235038084874864,0.1278777151988223,0.13359305370855631,0.16396513792828646,0.13291021554138202,0.49162399937928775,0.7258363644518542,0.7332023465629243,0.9648987928584057,1.038640526754815,0.934293868893003,0.7983193212573214,11.999777802022574,0.05099279613707088,0.01153594453233488,0.07675937345432157,0.001,0.001,0.001,0.001,,,,,,,,,25.76794162708853,4.057922519924164,-14.684536944934315,-0.35966482006696204,0.8756252262259987,2.2787078041441964,6.076905591580266,9.369543537098759,12.2449464344683,2.7137217776693903,0.0,0.0,0.05723090325567942,0.7666666666666667,0.6166666666666667,0.7116402116402116,0.15555555555555556,1.6998916665329873,1.255659989428463,1.1090884618283938,1.3728819509946304,0.009587557075794347,0.03195749867855788,0.10908846182839382,0.021934232411448845,0.007843137254901933,0.03529411764705881,0.05882352941176472,0.0,0.7801081081081082,0.5788897725568284,0.8519888930025916,0.6464166666666666,0.6995882352941176,0.7623751641145593,0.34663567918890564,0.3506544311683513,18.0,74.0,0.0,0.0,15.0,15248.0,5108.0,1039.0,81.5,2.0,378.3679434804101,0.16303517887377106,0.7193055704772195,0.7402912183607968,0.9570243111750748,0.9857776524467933,0.9205193708255098,0.8948368361592753,0.07229354640462542,1.3452454157485703,0.09681859258046165,0.11694839574614858,0.7485253536196947,0.12966697532443072,0.046849942117836545,0.025001020252758143,0.1133811753387293,0.04510462859898563,0.6404055220013518,0.03233812501270102,0.053404824057738734,0.13980405275282512,0.9586420223381309,0.037596090977265365,0.013022980420569175,0.051960725578964334,0.6797656205368026,0.12324025413075367,0.00033156058174766285,0.203501241049071,0.8988462070088112,0.008778014383376392,0.0016579871449734892,0.07752143293154193,0.8305527916555269,0.03132464678658631,2.0834638832846927e-05,0.054392111504468904,0.8375946162519394,0.05098091386809029,0.09829204714535554,0.17605328881527685,0.4975838224303721,0.024320031745603023,0.0008820399564196689,0.04485347176990523,0.6212214632465032,0.016710520265368577,0.07742568785971761,0.12076199705069465,0.9508942562808375,0.04491766917332418,0.000535174404376336,0.08919973553312167,0.5697472144466724,0.09829315483529669,0.0044370663178503736,0.17576369640142323,1.050877571105957,0.2872549295425415,0.061629459261894226,0.3657677173614502,0.3984384739038254,0.12415824650469232,0.06661086286351475,0.19992865102315918,0.09257259480878507,0.05650685313888768,0.09609916152252755,0.06917056620034326,1.0281274318695068,0.4019404649734497,0.20826922357082367,0.4370705485343933,0.4854455474797788,0.18762216055194472,0.09619408303337652,0.27391069193468714,0.11278768721371447,0.08539052515942923,0.1387787265551135,0.09476659574547618,0.0006558237145855194,6.558237145855194e-06,0.00038600900507074475
B_extended_bad,knn,03_limma,False,ok,3474.1,0.19357775984504713,-0.3107496777078046,-0.0067166591423148255,-0.2599601288107738,0.8064222401549529,0.6892503222921954,0.9932833408576852,0.7400398711892262,-0.048412025247413705,0.012688772382919863,-0.3107496777078046,0.1762656092705074,0.47579398737629314,0.5063443861914599,0.3446251611460977,0.5881328046352537,247.3839295891865,274.71968358243095,274.4482750179611,243.2767557507208,235.49662330481783,242.77585275957622,282.92375461822104,124.10851413022348,196.06136031315663,198.29818810335556,237.82839675094044,246.0162270120978,232.30290993390304,227.6407037559845,0.09151729632780946,0.0050498426023085,1.4052473193667907,1.1715125308176233,1.1451164526473379,1.0500065933943081,0.5573141486810551,0.5691220988900101,0.77491961414791,0.5668934240362812,0.11987641708554334,0.11740870923823811,0.16665942088585756,0.11895834888524433,0.5016838172807828,0.7136778761407079,0.722533920427731,0.9776042763190942,1.0446698706743824,0.9568616783480329,0.8046008864231432,12.479850667939237,2.7387833572928653e-30,7.185258256200376e-30,1.9062617104631417e-29,0.001,1.0,1.0,1.0,,,,,,,,,23.9375100835786,4.286098840701151,-8.402247909518291,-0.114462471428764,1.0509219723533887,2.2515589113392216,6.43723592687142,9.533303269714665,12.093957527768314,2.775682459806208,0.013513513513513514,0.0,0.04325190779478069,0.8333333333333334,0.6111111111111112,0.6925925925925926,0.17142857142857143,1.5459597843488402,1.1451164526473379,1.062861286002468,1.2159890460365117,0.007478901155463564,0.018139556580917232,0.06286128600246799,0.012705238002147748,0.0019607843137254832,0.0039215686274509665,0.04117647058823526,0.0,0.7801081081081082,0.5788685205950712,0.8788108108108108,0.7200555555555556,0.7638088235294118,0.7887348627032842,0.4456034124756824,0.43333710313291507,18.0,74.0,1.0,0.0,15.0,15248.0,5108.0,1039.0,81.5,2.0,378.3679434804101,0.1763630043182436,0.6909303365599853,0.7148541372064896,1.0,1.0,1.0,0.9081068001431398,0.0539966721942658,0.44520794389007284,1.0918829754393002e-15,1.7806263924227667e-15,0.7149611050467124,0.12109167060850994,1.348009501545302e-30,3.9848464621051265e-30,9.605181273972872e-30,0.043569045729612274,0.5241244656941196,8.796764553249246e-31,3.1470804328630117e-30,5.527123215857055e-30,0.9570108518181484,3.279497474567097e-30,6.480804558352782e-30,2.0122503560391313e-29,0.6796551215232371,1.0831458205931735e-30,3.457382397642304e-30,1.0509155974171792e-29,0.7943184179900531,1.6226356203984325e-30,6.310302962711306e-30,1.2446908950107328e-29,0.8333326784421164,1.3080457401316678e-31,2.959640410731652e-32,2.240890014840978e-30,0.7221285725476774,4.529365915124083e-30,1.4064756461975604e-29,2.638241800514174e-29,0.5190000096647817,5.2768627469047225e-31,1.849206948581143e-30,6.756832296776516e-30,0.6248527767393586,2.515510734198791e-31,2.2645733344330595e-31,3.7834870685054525e-30,0.8698354953723341,3.962252868219297e-32,7.77220046303507e-34,2.366373307175321e-31,0.6253526606752976,1.1361092786395947e-30,4.2820999013281846e-30,8.045856323219014e-30,0.9446663856506348,0.3493517339229584,0.08313219249248505,0.3539115786552429,0.33846600249929953,0.07258320511776972,0.05187752728436492,0.13717791839384788,0.0786386811467407,0.033034040246247905,0.07484345134673516,0.04746030264760701,0.9094815254211426,0.24288210272789001,0.1536257266998291,0.2852732241153717,0.38211758265100204,0.09345691779799208,0.06644696262329415,0.16673994148346266,0.0887806235213171,0.042534076289686105,0.09586270345876079,0.0576880607236589,0.0,0.0,0.0
B_extended_bad,knn,04_sva,False,ok,3781.8,0.2996858104370349,0.10032489443332906,0.05557065984340778,0.06696666441036875,0.7003141895629651,0.899675105566671,0.9444293401565922,0.9330333355896312,-0.17329143991226773,-0.08369539534035025,0.10032489443332906,0.016322910736829555,0.41335428004386615,0.45815230232982485,0.5501624472166645,0.5081614553684147,390.4433719498905,423.54392316786857,426.90151397818596,424.7891467276818,382.1304979391067,401.884248381763,366.0610215763515,129.57777930237796,315.2253337469271,313.4813896658461,298.30798757063735,373.5266769251969,235.50171520174604,381.1454221795121,0.3940612257096179,0.0,1.3428180305412596,1.0972983354838732,1.0133697524216903,1.0133294153149897,0.6360527601367856,0.4350282485875706,0.861904761904762,0.6908625106746371,0.14073507861803944,0.08338779413473742,0.1955792327401867,0.14631015918509638,0.3318734254733564,0.7442565375256012,0.7343178213274375,0.7022495510269539,0.9774845999983994,0.5859938928933469,1.0412073389791772,33.026286225044984,0.9921452447628409,0.09666741218958846,2.363382052560883,0.001,0.001,0.001,0.001,,,,,,,,,23.958380368772143,3.847673290998928,-0.066049184826842,-0.0147016364259965,0.0205020722013066,2.320396816471157,6.427923293081565,11.41693384070788,15.23529611841318,3.4516086390293257,0.16216216216216217,0.0,0.13100602536111902,0.8095238095238096,0.584920634920635,0.6592592592592593,0.14166666666666666,1.4664938621429398,1.0133697524216903,1.029917457204504,1.1204826665847651,0.006390326878670407,0.0016712190527112813,0.029917457204504005,0.007087215681456773,0.0,0.0019607843137254832,0.02352941176470591,0.0,0.7782432432432432,0.5771163915265025,0.8919477971121806,0.9420555555555555,0.9487573529411765,0.8248460371416904,0.7600732778496889,0.7497413565730345,18.0,74.0,12.0,0.0,15.0,15248.0,5108.0,1039.0,81.5,2.0,378.3679434804101,0.06729835727030653,0.7140917749607191,0.7117561016949008,0.5618148251006317,0.9190643453368659,0.35951915685326286,0.9571683978705668,0.29945933789802814,0.5564814072790937,0.393693757012457,0.5055357382988811,0.8753054651323537,0.17551478282690253,0.2962899507194664,0.06539213276249875,0.5084698967610006,0.07010452033037887,0.8546861091702801,0.14208663631105434,0.0050897066557161925,0.2993467565023052,0.9772561803687366,0.5232226781394832,0.07971942293353534,0.6989126353969664,0.9230786525394322,0.31781882237060616,0.14842427316076617,0.7296292254171984,0.9518108225567431,0.320200644715822,0.04573366526510912,0.6309624842892302,0.9241729506435526,0.19700615330057192,0.2084517309687796,0.5660185362028486,0.8772229425437742,0.1578602036057284,0.10351717961287302,0.5520874124712479,0.8730568978186142,0.24871844819469394,0.04586383314400508,0.35613459008776677,0.8637559487098003,0.47292354326391156,0.009898698047530515,0.5529451292198432,0.6425683050231024,0.23061971146522486,0.00030307498853979106,0.2964238829688997,0.865445841949501,0.35244266582756745,0.00691974284813254,0.40223831505370006,1.129471778869629,0.8137073516845703,0.2744334042072296,1.0043290853500366,0.30533245459951586,0.01506852694108306,0.040685851311188855,0.10336074678500352,0.0709404825409391,0.006857982154628553,0.05869727592099789,0.03576036421703672,1.0785938501358032,0.9116839170455933,0.04992644861340523,0.8357332944869995,0.31807970285018955,0.01719453068132694,0.041771051169030744,0.11357998563405589,0.07390215899671593,0.00782556815479123,0.060262888374279795,0.0392959782158708,0.0,0.0,0.0
B_extended_bad,knn,05_combat,False,ok,3705.9,0.297722966200669,0.03724906335877598,0.030767047340861185,-0.0015054581290479163,0.7022770337993309,0.962750936641224,0.9692329526591388,0.9984945418709521,-0.0799622027300076,0.022006791481780353,0.03724906335877598,0.06252383059215974,0.4600188986349962,0.5110033957408902,0.518624531679388,0.5312619152960799,341.2296000163961,373.4962032059194,376.67080677208304,363.6233211072571,330.30327391203133,347.5478070052367,332.91205391381357,130.98723289624905,273.0668114696017,271.3702977537257,275.8083705715437,331.1147699785499,233.20565706040648,330.0396557082384,0.2957507604234463,4.8406036076550246e-05,1.3198958463572583,1.0998774452549402,1.022946007866313,1.0180286519009767,0.6107594936708861,0.33014354066985646,0.8922764227642277,0.6385104450499546,0.13556302530748346,0.06854964433182784,0.20555555219098093,0.13995712012375988,0.38386831883856243,0.7311100062750892,0.720444199218038,0.7585002241651855,1.0024568211416962,0.6710031033425357,0.9913719008614846,27.60975735127584,0.6739500042917353,0.02587849246104329,1.0465059207337692,0.001,0.001,0.001,0.001,,,,,,,,,31.26326319460081,4.085727987976389,-9.307101779713625,0.0,0.08867574529320263,2.322083945254146,6.530742134765655,10.53989592014232,14.197565518552848,3.210722634000183,0.08108108108108109,0.0,0.10602875835777223,0.8561904761904761,0.6126984126984126,0.6952861952861953,0.2121212121212121,1.4204039129652921,1.022946007866313,1.0181214746802596,1.103638524309255,0.005758957711853317,0.0028682509832891334,0.018121474680259597,0.006096383782897354,0.0019607843137254832,0.0,0.013725490196078383,0.0,0.7855945945945946,0.5801491030868224,0.8702143650499815,0.8762222222222222,0.9028308823529412,0.7914651704210512,0.6663655502324605,0.6499077472688862,18.0,74.0,6.0,0.0,15.0,15248.0,5108.0,1039.0,81.5,2.0,378.3679434804101,0.10461264954833172,0.6527855538547146,0.6571643937147588,0.6850763916821816,0.9568690463407926,0.5467440043242904,0.9251802618118272,0.20513830228879654,0.4944063832513412,0.35527671684937373,0.4026800987370098,0.8116576540891763,0.1883768627796702,0.1774460496520685,0.07425344905334474,0.3595929582720768,0.07757192618113429,0.8147506627156339,0.2857566318377406,0.020026894141630665,0.3668586271421369,0.9710243532010694,0.3624242972286382,0.029719446372910824,0.4885126417176977,0.9392348444716491,0.5761441535436231,0.005820626673975828,0.6100321780929092,0.9490616878958864,0.1840759174805185,0.14154774807512815,0.5843788300563219,0.8465454987127515,0.12557885104028566,0.2145171796423069,0.4668080620780173,0.8667729973676862,0.06338612036774308,0.17471837457755512,0.46391412869978105,0.5948418998043563,0.05805155855773455,0.008115523238947823,0.22076737634501245,0.8073250194487903,0.04726903367359119,0.04934133172283967,0.18081540815045097,0.8325030299739724,0.03021038439829311,0.09872733709651293,0.15362081514602244,0.4945165472999667,0.04156354839251686,2.8991639517193176e-08,0.060221515292418516,1.0689057111740112,0.9506009817123413,0.1614360362291336,1.0026655197143555,0.2768585936512671,0.017143494633027116,0.020652184512871118,0.07886566006151449,0.06432490858198409,0.007802340648223969,0.029794804180243016,0.027285645815650718,0.8059252500534058,0.7116522789001465,0.2815672755241394,0.7385936975479126,0.3000540104081842,0.019140833404752484,0.02361158757922196,0.09478256910702158,0.06971409676911006,0.008711368697667518,0.03406432030805896,0.03279251841846519,0.09968437446039821,0.0,0.03365816208305635
B_extended_bad,knn,06_combat_seq,False,ok,3618.1,0.2962474026278612,0.07532026321753023,0.036924624267190884,-0.02485724197823042,0.7037525973721388,0.9246797367824697,0.9630753757328091,0.9751427580217695,-0.1539825217711807,-0.05666087925001329,0.07532026321753023,0.035415109015108484,0.4230087391144096,0.47166956037499336,0.5376601316087651,0.5177075545075542,382.12685490071755,418.41125678356,421.67303335209175,411.48621319908654,368.0768829743905,390.5847047787045,366.5708874150138,143.18688927379543,305.1815007221132,303.67918526112686,301.2439460832009,371.99034168894764,251.94312691048114,371.40004411795877,0.3306729581468248,0.0,1.3357097241690892,1.0975313354556016,1.0115589172763328,1.0141752504067474,0.6312997347480106,0.38571428571428573,0.8872651356993737,0.6487046632124353,0.14026842298695671,0.09042626330740192,0.20572116251419317,0.14532772827046408,0.3747103545261104,0.7293816688110295,0.7201769172835829,0.7320875801431824,1.010632177394388,0.6450409445839047,1.0131738685987839,37.022949867108665,1.0267864353392377,0.08800938650207756,2.406854221127602,0.001,0.001,0.001,0.001,,,,,,,,,30.0,4.0,0.0,0.0,0.0,2.0,7.0,12.0,16.0,3.5861222506567128,0.08108108108108109,0.06756756756756757,0.1042686266260525,0.8466666666666668,0.5944444444444444,0.7148148148148148,0.15000000000000002,1.430303707551586,1.0115589172763328,1.0203469782720402,1.09504028987816,0.005894571336323097,0.001444864659541606,0.02034697827204024,0.005590605286950584,0.0019607843137254832,0.0,0.015686274509803977,0.0,0.6022162162162162,0.44436256586083994,0.737850425768234,0.8400277777777778,0.871610294117647,0.6954201117709914,0.6364066139453259,0.6572303149514792,18.0,74.0,6.0,5.0,15.0,15248.0,5108.0,1039.0,81.5,2.0,378.3679434804101,0.07061597621726923,0.6833248905735734,0.680102853538655,0.5673429234082441,0.9300802295485386,0.38679964960132307,0.9530722013308102,0.26146533710705805,0.5363919447626468,0.3434883866259825,0.4624391661480963,0.8205852150744768,0.20104009687147667,0.16331908350166366,0.05208159019242722,0.32792595211884856,0.07994939368524762,0.5895131946296717,0.029383437419817107,0.004453815014275163,0.06844295128879328,0.983188035698903,0.5262186102453258,0.07693138309678522,0.7136330344645714,0.8666174396117396,0.2852803330284587,0.12557114848443351,0.6256768724833143,0.9510782692250492,0.24452721909708225,0.019105611396860428,0.3596346344314314,0.9512103794543874,0.17897357037578357,0.0006582225084240086,0.18871503577882803,0.699565951829325,0.030749099959460593,0.005902719107631354,0.17041991460781547,0.7516736385073939,0.04269334525071733,0.11946440661060036,0.36105776515368837,0.841832225399824,0.06485075038096066,0.010345034102078234,0.11566805927312332,0.7075050153326963,0.14364187566709752,0.030325177381058662,0.33156214758493485,0.8636680010557792,0.08687259359193325,0.12805838422212526,0.3444491061219852,1.1271666288375854,0.9388139843940735,0.26383665204048157,1.034674882888794,0.2807034304299059,0.011325788977731208,0.021822389571455582,0.08095191701890345,0.0652182121671714,0.0051545887000144066,0.031483053215086,0.02800744118736702,0.8779001235961914,0.9263700246810913,0.16870875656604767,0.8344659805297852,0.2949588272716667,0.014187144126539205,0.024803171959462394,0.09596338710501823,0.06853028959468734,0.0064568475488922614,0.03578341318423259,0.033201053408737906,0.3306729581468248,0.0,0.1042686266260525
B_extended_bad,knn,07_pycombat,False,ok,3338.6,0.17721837244995414,-0.2913600498297667,0.0004866430715453769,-0.2569113589875087,0.8227816275500459,0.7086399501702333,0.9995133569284547,0.7430886410124913,-0.020345254279975286,0.07418102345546572,-0.2913600498297667,0.15594208309053,0.4898273728600124,0.5370905117277328,0.35431997508511665,0.577971041545265,199.9613796852696,214.39450087493773,214.4450398511391,196.59481471612594,195.52486507899317,196.5999764203293,219.56859053576545,129.8271102059889,172.27231447772542,173.21690162056862,196.2459680413921,197.24629292272277,195.67602859423928,188.92867542321042,0.03837452838753402,0.0,1.4171742512054515,1.170751998848487,1.1796287208122003,1.0469042474793846,0.5207835642618251,0.5036429872495446,0.7581632653061224,0.515084621044886,0.11383961954251218,0.10991413430374926,0.16752625079046005,0.11288864521705069,0.6492609243361446,0.8035295391191803,0.8077449669193107,0.9982255550573013,1.0088041377398937,0.9953003665467658,0.8604540155866961,6.6104871330822075,8.718395860607096e-05,2.8337369926625754e-06,0.00019526617604170515,0.001,1.0,0.983,1.0,,,,,,,,,43.79674719582462,4.39174797021432,-17.896724583573558,0.92828328473395,1.273180450391484,2.080635966790364,6.55154655864528,9.360631973491312,11.71366967779648,2.716524129561924,0.013513513513513514,0.0,0.011667948698459548,0.8466666666666666,0.6583333333333333,0.7703703703703704,0.26666666666666666,1.582900362146172,1.1796287208122003,1.0696148130081546,1.26489312203485,0.00798493646775578,0.022453590101525034,0.06961481300815464,0.015581948354991179,0.0019607843137254832,0.009803921568627416,0.039215686274509776,0.0019607843137254832,0.7801081081081082,0.5788850740860797,0.8787649018881896,0.7833888888888889,0.7852058823529412,0.7769003161138426,0.48271302373917946,0.437990578141537,18.0,74.0,1.0,0.0,15.0,15248.0,5108.0,1039.0,81.5,2.0,378.3679434804101,0.2618599559855015,0.7364486506221288,0.7617157110859845,0.999617728433688,0.9999907474398624,0.9993952611338575,0.9297765348438786,0.03023151312083533,0.2614782038269417,0.012983652101432548,0.022941562213519975,0.6798645377481672,0.1226415629369465,0.0006387425486730486,1.6793646835187812e-05,0.0009265578927416731,0.04120022821484706,0.6552259330959845,0.00021497153558882142,1.5560070772726926e-05,0.00029224170439616693,0.8986233068103225,2.4573899982505492e-05,3.279345209945417e-06,2.819392104532297e-05,0.6807687906069756,0.00047886440711691886,4.5618665260157754e-08,0.0012403191853412909,0.7260909282105346,0.0010386317230115126,6.745067052204723e-06,0.001172546259417064,0.5752320674125676,4.03168960646748e-05,2.3643172824883896e-06,0.0003566949947872036,0.6425082685858206,0.00027070530813868866,1.4785380157134064e-05,0.00031892444415980995,0.891094682333429,0.0034145593529680486,4.1480219584372084e-05,0.004509245125593205,0.49051600039544463,0.00037916818198556565,2.224306319519705e-05,0.0005226665564094112,0.3774998949296893,0.0004983109659261448,6.131194240463017e-05,0.0007619448779126844,0.8610855051009044,2.732321594760561e-05,1.2144402791914354e-07,6.280185835457023e-05,0.9208611845970154,0.2868141233921051,0.0169711634516716,0.2832116484642029,0.33729124085308804,0.08470479271340771,0.051308592881391155,0.14427035716263062,0.07836573879555127,0.0385508125055194,0.0740226525049738,0.04991411806059222,1.0122225284576416,0.44537079334259033,0.10165975242853165,0.40606623888015747,0.369552326033859,0.09771474175179722,0.06269103186715229,0.16536726318626804,0.08586123072751788,0.04447189548109851,0.09044404078295258,0.05721314662534452,0.0,0.0,0.0
B_extended_bad,knn,08_inmoose_combatseq,False,ok,2822.3,0.29624897315912296,0.07532248615450005,0.03692529932277404,-0.024855652662605098,0.7037510268408771,0.9246775138454999,0.963074700677226,0.9751443473373949,-0.1539831114550414,-0.05666084641196504,0.07532248615450005,0.03541674672805765,0.4230084442724793,0.4716695767940175,0.53766124307725,0.5177083733640289,382.1270555526252,418.411572921384,421.67332406994,411.4865098333899,368.07720798339454,390.5849282441289,366.5714983855051,143.18717738935297,305.1815558038049,303.67927946727826,301.2439979978889,371.99044679544454,251.9432248013515,371.40011672747346,0.3306729581468248,0.0,1.3357097241690892,1.0975313354556016,1.0115589172763328,1.0141752504067474,0.6312997347480106,0.38571428571428573,0.8872651356993737,0.6487046632124353,0.1402780386686705,0.09042067669780354,0.20572116251419317,0.14530861521091457,0.3747109117470844,0.7293812493593381,0.7201766441761185,0.7320871785562595,1.010631570570451,0.6450408261628529,1.0131723780032957,37.023036317242855,1.0267876782745442,0.08801009592228726,2.4068565865142117,0.001,0.001,0.001,0.001,,,,,,,,,30.0,4.0,0.0,0.0,0.0,2.0,7.0,12.0,16.0,3.5861229954430183,0.08108108108108109,0.06756756756756757,0.1042686266260525,0.8466666666666668,0.5944444444444444,0.7148148148148148,0.15000000000000002,1.430303707551586,1.0115589172763328,1.0203469782720402,1.09504028987816,0.005894571336323097,0.001444864659541606,0.02034697827204024,0.005590605286950584,0.0019607843137254832,0.0,0.015686274509803977,0.0,0.6022162162162162,0.44436256586083994,0.7378467234357645,0.8399166666666666,0.8715882352941177,0.6954149940936044,0.6362831275635991,0.6571765093103039,18.0,74.0,6.0,5.0,15.0,15248.0,5108.0,1039.0,81.5,2.0,378.3679434804101,0.0706158768040116,0.6833251168412827,0.680103053332757,0.5673423309779322,0.9300797352476553,0.38679923760942236,0.9530724525462708,0.26146533710705805,0.5363916492993417,0.3434820921449946,0.46243751919491716,0.8205821022751472,0.201040195669513,0.1633182692036882,0.05208206445488671,0.3279261628056926,0.07994877205399341,0.5894717996489842,0.029391025948070623,0.004451062978184624,0.06845012794137453,0.9831880693678685,0.526218990420546,0.07693197839593946,0.7136332366792391,0.8666176805021515,0.2852795246110435,0.12557184030835042,0.6256770082691238,0.951076902908704,0.2445419451627077,0.019105835438725363,0.3596430597751947,0.9512129354848268,0.17896199881733255,0.000658473652946337,0.18870258820200447,0.6995761867886958,0.030746213302578814,0.0058997763802212345,0.17040700676808848,0.7516600447545616,0.04268982101298089,0.11947595903159579,0.3610920535104698,0.8418410789477652,0.06483994839256589,0.010339270975828476,0.11563834745982288,0.707505448637103,0.14363985984743013,0.030320787048102232,0.3315552556102871,0.8636708757108109,0.08687336452162588,0.12806566033897313,0.3444629438413213,1.123380184173584,0.9378332495689392,0.26612013578414917,1.0309112071990967,0.28002203130433506,0.011487099893628675,0.02161836055013628,0.08120106077928864,0.06505989692081354,0.005228004461680895,0.031188701557831214,0.02809363901285592,0.9476152658462524,0.8615685105323792,0.037989020347595215,0.8077014684677124,0.29502753780224106,0.017837426101526156,0.025115942555499364,0.09685176712329861,0.06854625369585365,0.008118162469833264,0.036234645772071014,0.0335084118015998,0.3306729581468248,0.0,0.1042686266260525
B_extended_bad,knn,09_ruv,False,ok,2828.0,0.2399833144550501,0.03230575073264725,0.1170348203319782,0.09375825530892325,0.7600166855449499,0.9676942492673527,0.8829651796680218,0.9062417446910768,-0.09527250535386286,0.012307812357989004,0.03230575073264725,0.06441416176466948,0.45236374732306855,0.5061539061789945,0.5161528753663236,0.5322070808823347,280.27451621963695,289.3885540441247,290.18491936621297,292.13916490742184,291.56075611988115,286.4742220456032,284.14274137625847,166.20919889959345,254.61592026146056,254.42001889337354,245.25679371154084,260.4544888811478,205.57554824128155,271.4700747711248,0.25062303252885626,0.0,1.3359024758274598,1.0983919192826836,1.018208996438481,1.0137645426226412,0.6501865671641791,0.47,0.8254716981132075,0.7158703071672355,0.14407246059524495,0.08746782188416553,0.18732634071654172,0.15569262243918178,0.5930228732224221,0.8798410189458904,0.8767513468620188,0.8395204175696952,0.8933111998586554,0.717605747467765,0.9554003507400787,5.7001850965389345,0.49281117295061433,0.07929786342324463,1.7055475729763276,0.001,0.001,0.001,0.001,,,,,,,,,301.0,4.0,0.0,0.0,0.0,2.0,6.0,9.0,12.0,2.9208805503975945,0.06756756756756757,0.0,0.09280335672865887,0.8633333333333333,0.6444444444444444,0.7814814814814814,0.19642857142857142,1.4808802705498925,1.018208996438481,1.036453729387368,1.1249596754589772,0.006587400966436883,0.0022761245548101328,0.036453729387367906,0.00735056914464572,0.0,0.0039215686274509665,0.02941176470588236,0.0,0.5332837837837838,0.3944640577072586,0.66973454276194,0.8220833333333334,0.8247573529411765,0.6057922893431884,0.6142914564985088,0.5614637339593684,18.0,74.0,5.0,0.0,15.0,15248.0,5108.0,1039.0,81.5,2.0,378.3679434804101,0.2271570148314287,0.8460491931769079,0.8540970439133767,0.7427069758305702,0.9257342992091169,0.499742763062094,0.9644483031631724,0.17576974321296265,0.4543178378287328,0.36165218507965274,0.420248597949796,0.7256980484958526,0.12677762560219194,0.2289164926779092,0.05521499890795052,0.4044853477744915,0.05026072713409128,0.3170060904787166,0.0491645162776525,0.0006638452362706636,0.07151831092074776,0.8241591559959948,0.3764276272335069,0.09743025957700174,0.6217296576881107,0.9095032426119712,0.22781349131903286,0.020535742940358127,0.6495218297320866,0.9506036437912011,0.1407429298487381,0.2811636731975234,0.6454570052084346,0.7865915356191862,0.31070183511190524,0.0001167262084238784,0.431307251832702,0.8080327698389015,0.25331339177594037,0.07491567955245101,0.36062395700499866,0.698178054115323,0.10184291323863744,9.86606734811136e-05,0.19450350057492732,0.6760539030674612,0.3247759404594355,0.05129808991540287,0.43106826348805066,0.811121674160132,0.43293456886813775,0.01537829492379074,0.4893632282344392,0.4757304152796388,0.07144771264610568,0.010549016854801746,0.14976047306041773,1.0025184154510498,1.0930678844451904,0.3206137418746948,1.0949956178665161,0.312255708488401,0.013232531734583093,0.03302647127469971,0.09934097060557934,0.07254902092011382,0.006022384726200998,0.04764712632607107,0.03436961710347162,0.8379377126693726,0.7887988090515137,0.43122929334640503,0.815237283706665,0.33439207144022415,0.014487190994578517,0.039801357594298356,0.10918469905789945,0.07769215014155031,0.006593404763450216,0.05742122122194252,0.03777531342105712,0.25062303252885626,0.0,0.09280335672865887
B_extended_bad,knn,10_mnn,False,ok,2740.7,0.056617737919291485,-0.24843628700062614,0.15626622685570607,-0.12201986103374057,0.9433822620807085,0.7515637129993739,0.843733773144294,0.8779801389662594,-0.08919206253402899,-0.0811746439369185,-0.24843628700062614,0.08172351806619833,0.4554039687329855,0.45941267803154073,0.37578185649968693,0.5408617590330992,0.2147104631301494,0.2069977719761336,0.2071061484402333,0.21035128723375865,0.24014269578289504,0.21638471579643861,0.22062268016235373,0.11664337352601038,0.213628867294402,0.21332975975121,0.2089334297215978,0.18457461335013192,0.1717123804585745,0.20629728723936158,0.0,0.0,1.4541862662101708,1.2650809661903242,1.3949784757682504,1.0757722917097536,0.7174751929437707,0.7354056103108415,0.8597265108072343,0.7366929133858268,0.1567611152755141,0.15838493105855547,0.19092750435817832,0.1606426446464361,0.5432589163356495,1.032034621701305,1.030050345476695,0.9932595729229591,0.7686039033933376,0.7935513366854936,0.9350683578295294,14.67954430253817,0.24609760023397867,0.24329316560117015,1.2269577815065535,0.001,0.001,0.001,0.001,,,,,,,,,14.279286187506289,4.636785304077926,1.1931019274146262,1.2680751216033443,1.4138677408948186,2.237128871659969,6.444326008545283,8.612624287601879,10.829992749949497,2.442038049778326,0.0,0.0,0.0,0.9555555555555555,0.888888888888889,0.8611111111111112,0.6666666666666666,2.212953026645649,1.3949784757682504,1.2005495847170844,1.7986919948166165,0.016615794885556836,0.0493723094710313,0.2005495847170844,0.046981882048036265,0.00588235294117645,0.0980392156862745,0.13921568627450975,0.02352941176470591,0.7617567567567568,0.5379092575228465,0.7952695298037764,0.7428055555555556,0.8219705882352941,0.6857945105616944,0.44817036862065857,0.4595608434867404,18.0,74.0,0.0,0.0,15.0,15248.0,5108.0,1039.0,81.5,2.0,378.3679434804101,0.31559772616587667,0.8776695501973643,0.9008950534276008,0.8917072182789685,0.9085995399779148,0.6724646527672238,0.96246414635522,5.927273942079817e-05,0.0002548451969973239,8.932581866683913e-05,0.00015008648002923767,0.5796637770344796,0.11090029825535166,0.06889454133243468,0.04987229784623705,0.21979028257148622,0.04415185732014883,0.3258072069766939,0.022463761333027587,0.0016461935881154465,0.04835410939178402,0.9244690726924546,0.2551703541668974,0.09786310817299128,0.6140508852169523,0.9555656620664688,0.10257681044430739,0.3566706378957822,0.44712215962035073,0.7410867176111458,0.03820183400564257,0.01278478232501704,0.46331912306736744,0.4507487234088022,0.040658936798429586,0.0037739198116713214,0.0851179734072944,0.640659671893697,0.03809129938596105,0.013089106887762764,0.11426942387495986,0.6474420701236322,0.011137150875901558,0.007664579437382931,0.08912068601399659,0.4700178612591851,0.03328446615358571,0.0034388558460701395,0.10358476556976187,0.3058789491674075,0.05901656802199292,0.0010324148061910646,0.10690518028984872,0.3349618351453096,0.08834423213860101,0.0007593796913863013,0.12605851926254685,0.8910826444625854,0.4234549403190613,0.4558805823326111,0.574705183506012,0.7299590465701307,0.2969896995426383,0.2177346877426955,0.5265931114063647,0.16959758525090315,0.13516583721391395,0.31412475423589376,0.18218871325730768,0.9216659069061279,0.3590407967567444,0.45019418001174927,0.4751351475715637,0.8099767198522579,0.3380192799753548,0.2362817663459123,0.5869542933144156,0.1881887709205785,0.15383920399486367,0.34088253255973244,0.20307224899735604,0.0,0.0,0.0
B_extended_bad,knn,11_harmony,False,ok,2873.5,0.13572793385053944,0.10516111336841491,0.020746193881855626,-0.12152482135692247,0.8642720661494605,0.8948388866315851,0.9792538061181444,0.8784751786430776,-0.17124685119479124,-0.06736641820796781,0.10516111336841491,0.064801266281329,0.4143765744026044,0.4663167908960161,0.5525805566842075,0.5324006331406645,297.1239221524481,319.18272572215653,321.6179991795329,344.6996576636336,286.2882584377614,306.00361177804285,294.041278194752,82.0259736285393,242.16490426891528,240.8629462214716,188.97695406557082,286.4899055205159,172.5818792322698,283.90551976962064,0.3194226758935806,0.0,1.3238876016441228,1.1175431520730803,1.1269568331605657,1.0236574612894282,0.639083856667898,0.5397727272727273,0.7769784172661871,0.6348814229249012,0.13967759114065492,0.11377748575634061,0.1655113777283835,0.13448500623866064,0.2760665416447131,0.7587030398371746,0.7489100325103932,0.5482365585926376,1.000704349818099,0.5639864125442109,0.9655294709390491,28.64559360973505,1.9244303812311971,0.039799414233775775,2.3367154521054463,0.001,0.001,0.001,0.001,,,,,,,,,24.131251255830847,4.002931270777603,-5.120707445625046,-0.056823008983287474,0.1743019448446693,2.525891004273486,6.1816437081420474,10.196699767757217,12.982154160787015,3.00244380768128,0.02702702702702703,0.0,0.12437465642438132,0.8388888888888889,0.6666666666666666,0.8287037037037037,0.25,1.606414234223725,1.1269568331605657,1.057965186156643,1.2714304691564278,0.00830704430443459,0.015869604145070715,0.057965186156643034,0.015966498185672223,0.0019607843137254832,0.0019607843137254832,0.01764705882352946,0.0,0.8330945945945946,0.6118592112298056,0.8950710847834136,0.9456388888888889,0.9396323529411764,0.8370927141941535,0.7619563337740561,0.7367191777102222,18.0,74.0,2.0,0.0,15.0,15248.0,5108.0,1039.0,81.5,2.0,378.3679434804101,0.09626501833453616,0.7543398580255615,0.7514409414394435,0.4462236466681222,0.9680578874047164,0.4067849493649236,0.9540728182706716,0.26632004926860736,0.4733814951624614,0.3254508998475535,0.42838774098984295,0.7353420113131246,0.1561035620164419,0.14089467777148384,0.017178624868199485,0.17613879781803987,0.06296921038341108,0.5000520427675772,0.006913037568457546,0.0004345217925233357,0.011303272937177422,0.9739761745073133,0.7002596627090177,0.036679761773704356,0.7347492898546074,0.8798175577293126,0.18467656547954067,0.056179537682589334,0.31397697883293807,0.9191987527442339,0.32557938578375245,0.00043358271152548074,0.3813895537585016,0.7389994668139618,0.023844636715215112,0.006054657225905777,0.037475748688684585,0.5794736870703341,0.029646399024654657,0.017951521783496103,0.07672789866768619,0.45409260047624556,0.032972332242381296,0.012563085591587456,0.04371784764669294,0.852444633016247,0.046664699387540635,0.03558814146659828,0.08830998780071976,0.7336594309717096,0.043736512361558635,0.002238384841819249,0.050623253281326004,0.7217057670343104,0.014653546442719562,0.0036630538122454535,0.023114146712064704,1.0170032978057861,0.9255683422088623,0.16630913317203522,1.0008563995361328,0.38577498821482814,0.07128296410695696,0.04999499385147727,0.1850454958373015,0.08963037962040606,0.03244227506019255,0.07212752969880049,0.06402134788778586,0.985504150390625,0.7993057370185852,0.2423034906387329,0.8188947439193726,0.4499701712742097,0.10214733047906664,0.06750557372229803,0.24842712590673516,0.10454539174713746,0.046489253548630795,0.09738995644152369,0.08594988697494041,0.0,0.0,0.0
B_extended_bad,knn,12_scanorama,False,ok,2936.5,0.16403295974275614,-0.0028956681146461217,0.05333235408589197,-0.021625842092190473,0.8359670402572439,0.9971043318853539,0.946667645914108,0.9783741579078096,-0.06827045679218545,-0.027427590268156343,-0.0028956681146461217,0.31321559688180317,0.46586477160390727,0.48628620486592183,0.49855216594267693,0.6566077984409016,0.42478833131180616,0.4525786486587111,0.4494739732798478,0.4986004169660054,0.418212952108462,0.44370612452642255,0.5606736806143136,0.1396159805115902,0.3538876374373086,0.36026788595353065,0.2634675769374004,0.40420387576642697,0.2181919649043034,0.36161145839880016,0.0,0.0,1.3548815154236886,1.1310557720182894,1.0441064153511443,1.0089829415628468,0.7112700034048348,0.7058823529411765,0.8626943005181347,0.7624129930394432,0.15806391500458833,0.15080264735069826,0.19456961179552393,0.1689292786005645,0.3286718824889478,0.7819362192319743,0.8015322518557123,0.5284142731781223,0.9665025287442512,0.4917488239252603,0.6449588609235112,54.89664122681568,6.697362875280775,0.010020691804160582,13.238878623160316,0.001,0.001,0.001,0.001,,,,,,,,,14.289617637593397,4.633636931669025,1.1928180936472008,1.2676568100884438,1.4123114371225662,2.23674567581954,6.440730302289717,8.608762567586158,10.82128395842174,2.4419144150124663,0.0,0.0,0.0,0.7744444444444445,0.6027777777777777,0.837037037037037,0.15476190476190477,1.5581493599191474,1.0441064153511443,1.085619249907194,1.2212410504272502,0.007645881642728046,0.005513301918893043,0.08561924990719394,0.01301417943689707,0.0,0.0019607843137254832,0.03725490196078429,0.0,0.8184594594594594,0.5887572003490182,0.9021740096260644,0.9428055555555556,0.9546691176470589,0.8322748516636035,0.8056334270568791,0.7496860948520249,18.0,74.0,0.0,0.0,15.0,15248.0,5108.0,1039.0,81.5,2.0,378.3679434804101,0.13456685275947067,0.8154211076075091,0.8351729971753343,0.4754914384976704,0.9693229355174368,0.3487708034924333,0.9199328599557592,0.0004829009491616839,0.0007776930234157646,0.0009541477034404893,0.0009087538459212796,0.8077436315464978,0.18449546710465686,0.24563271948532628,0.05966013071840613,0.4284213958854126,0.0859365481623144,0.7240849998157443,0.17000186777996765,0.012043626076901005,0.3090292031568972,0.9832130124309412,0.8634621632888596,0.013221772159374215,0.9414831305423501,0.9793848053048786,0.8864458525352854,0.0017684749569362181,0.9008356862158446,0.8583873348178924,0.024424885366940086,0.060240958699232086,0.4288845853151786,0.8881706937149345,0.06952593139127772,0.15035123272417672,0.3672184159875458,0.8852610083832211,0.03424761348931465,0.032935378476510145,0.4170153647485027,0.7022866331836877,0.03312541962541853,0.16283296717773946,0.22175233335947844,0.8659229741697128,0.05701371231008608,0.06506870751521845,0.16290464460263634,0.6310441984694768,0.23552535692886023,0.03468586629337439,0.34957791481984907,0.5596806551744868,0.08255439213725313,0.06345232310459858,0.18551268010584301,1.0811066627502441,0.9220535755157471,0.3075009286403656,1.0569511651992798,0.37715928109454666,0.04374197327658855,0.07469237471433995,0.17871326920665748,0.08762861920700406,0.019907829963206874,0.10775831859259846,0.061830547824318204,1.011937141418457,1.0143568515777588,0.24753040075302124,1.1104819774627686,0.41080235710895163,0.05757071115313624,0.08363542162476147,0.20766969279564532,0.09544520080739043,0.026201559798193885,0.12066040802070094,0.07184878285234954,0.0,0.0,0.0
B_extended_bad,knn,13_fsmvn,False,ok,2791.1,0.17935847908979768,-0.27245677719556843,0.015825741413463528,-0.24417420856186525,0.8206415209102023,0.7275432228044316,0.9841742585865365,0.7558257914381348,-0.046066559688478025,0.07221640753180221,-0.27245677719556843,0.12397179776774624,0.47696672015576097,0.5361082037659011,0.3637716114022158,0.5619858988838731,152.84815492950645,161.19215055624517,161.3095558226993,151.0207021723799,151.10641883378142,150.9759055354667,164.2100915713742,108.13859322058454,136.35293874942334,136.7966953399477,149.94711733181657,150.21274337211253,148.5453955117842,146.18592427118722,0.31405680809398817,0.2892510493179433,1.4331240184347127,1.184537659529311,1.1813637988427828,1.062050969420257,0.5627340823970037,0.592436974789916,0.8149253731343283,0.5829351535836177,0.12010079751995387,0.12480911941965904,0.18112446365170531,0.12320226979920894,0.7074903407925208,0.8459030931648585,0.8480383858368904,0.9928911412467284,0.9940857875623937,0.9839013383290386,0.8902371521280545,4.52244630730355,1.8850706627964828e-07,9.396620336486242e-10,1.8850706627968216e-07,0.001,1.0,1.0,1.0,,,,,,,,,34.716238898216744,2.7570259022317076,-14.1682922411256,-0.2625360893317833,-0.0251534366683621,0.586075419151065,4.685698643784878,7.1759312965151345,9.692269869103571,2.478517409988028,0.0,0.0,0.30708849141851846,0.9222222222222222,0.7777777777777777,0.825925925925926,0.3333333333333333,1.6038412880531938,1.1813637988427828,1.058667352886818,1.2866261348321881,0.008271798466482107,0.022670474855347844,0.058667352886818014,0.016860360872481654,0.0039215686274509665,0.013725490196078383,0.04117647058823526,0.0019607843137254832,0.7801081081081082,0.5789494510697931,0.8568811551277304,0.5018611111111111,0.5917867647058823,0.7509770193216659,0.3341581405279602,0.33780031785940273,18.0,74.0,0.0,0.0,15.0,15248.0,5108.0,1039.0,81.5,2.0,378.3679434804101,0.3105108708833876,0.7689357167727965,0.7908295613729726,0.9999955218170749,0.9999999835474974,0.9999955218170749,0.9456571292167287,0.010740613740173764,4.384862892992174,0.06402263134521988,0.024780320942055196,0.6123067235772239,0.11140082915627716,1.7323268290755097e-06,5.006590567061161e-09,1.7323268290755108e-06,0.038228629863474264,0.20162038111143646,7.999897659307598e-06,1.3962481161203574e-08,7.999897659307605e-06,0.8639734114079676,1.9260477944829083e-07,1.0256721505564226e-09,1.9260477944829154e-07,0.6124707147245251,1.6972940159082956e-07,5.455270546363376e-10,1.6972940159082993e-07,0.7857590831035659,3.50022364100045e-07,3.332532275750223e-09,3.500223641000492e-07,0.5217774729463575,7.548141812432508e-08,6.818263353333595e-10,7.54814181243267e-08,0.5744750703877071,1.3352052014124276e-06,2.9772040467764685e-09,1.3352052014124276e-06,0.8123877899417227,3.4526515284901613e-07,3.2062263691462985e-09,3.4526515284901756e-07,0.6191135588605565,2.1436518535761625e-06,1.0403844602678138e-08,2.1436518535761616e-06,0.7710725701226999,1.3150088652999615e-06,9.235777652084394e-09,1.3150088652999598e-06,0.3604171831656998,3.3964015950464417e-06,4.694814022446399e-09,3.3964015950464396e-06,0.9499983787536621,0.3092248737812042,0.11693022400140762,0.3049013018608093,0.36583241969605507,0.09980961580662057,0.059520366613564225,0.17439984504328213,0.0849969532927557,0.04542531375087003,0.08586973774528213,0.060338205480607025,0.9729478359222412,0.25449123978614807,0.2050330489873886,0.31419283151626587,0.39715028756869386,0.12161644179927446,0.07029734726411746,0.20247715945773223,0.09227329953623785,0.05535002796423968,0.1014176342855916,0.07005228960758693,0.09420475283462285,0.0,0.019161851643534285
B_extended_bad,knn,14_qsmooth,False,ok,3110.6,0.3045738613578125,0.17934577796677156,0.11955069741981998,0.21177496325469278,0.6954261386421875,0.8206542220332285,0.8804493025801801,0.7882250367453072,-0.14050174258475712,-0.09841675613107104,0.17934577796677156,0.14203038366496568,0.42974912870762144,0.4507916219344645,0.5896728889833858,0.5710151918324828,300.81336321429444,311.04256761549624,311.2869903323896,331.36665087577325,305.5474719878303,313.16759429359837,321.8008362461785,124.3294909530372,266.338371788551,267.0941945062483,226.25370281982293,280.7447403844463,169.2036967155316,282.29788905143465,0.29577649527806926,0.0,1.3274275064380057,1.0881269283240012,1.0037422294438034,1.00814665897081,0.6232032854209446,0.5783132530120482,0.8383838383838383,0.5788712011577424,0.13865326625979799,0.11392570161910168,0.1893671039813081,0.12384012849152556,0.41331106312742805,0.8562762770071795,0.8580319859209258,0.6827895994417486,0.9188252763407845,0.5402975908066053,0.8772441126768111,127.36598533180084,2.1089552084455074,0.15752906817929305,46.229183384961686,0.001,0.001,0.001,0.001,,,,,,,,,17.71171228193981,4.2430491616977655,0.1700349913112028,0.2191914983646453,0.2844019548333549,2.2860430109101704,6.573601555270425,10.091297707496048,12.59973178714544,2.9861646275394524,0.0945945945945946,0.0,0.10988049012268886,0.7777777777777779,0.5793650793650794,0.7566137566137566,0.11688311688311688,1.4362009660487167,1.0037422294438034,1.0100747202477078,1.0723675822795056,0.00597535569929749,0.00046777868047542803,0.010074720247707836,0.0042569166046767986,0.0,0.0,0.007843137254901933,0.0,0.7632837837837838,0.5383032252125581,0.9077027027027027,0.9416666666666667,0.949375,0.833852213420809,0.7791184694822667,0.7613051183963445,18.0,74.0,7.0,0.0,15.0,15248.0,5108.0,1039.0,81.5,2.0,378.3679434804101,0.08194473774299149,0.838887373854708,0.8453350553728963,0.5048509067083353,0.8960520134830399,0.24514945419932077,0.9562905993148382,0.194524055026761,0.4206596324091329,0.3468204313871844,0.4145759280644964,0.8808831515763684,0.16812774058470153,0.3306551937247091,0.07523351606373722,0.5591855363205297,0.07114780696206857,0.8250769961923906,0.2492600967402572,0.004709413556787069,0.3057201365814919,0.9990266390183528,0.7993081943534589,0.08758188682078337,0.9987676792752456,0.9624423762337095,0.15015052921855007,0.3479161097225074,0.8917495909946572,0.9707011172460603,0.2034502719794569,0.12759728535833245,0.6530207212243972,0.9268218682477906,0.17450274370624305,0.1482115194400399,0.4533765664701764,0.8957525086769119,0.186502836224504,0.0035848564239486036,0.37552125157859845,0.920948672920257,0.6103357985206614,0.007519140790592478,0.7478214871296484,0.7515869728424576,0.2228721310662922,0.0027384610414582893,0.27259673151372343,0.7052413640052111,0.09933032852047134,0.01981104662116258,0.25009242894263073,0.8512330003805414,0.6108390069171957,0.0026654408617601552,0.6431887694947273,1.1572729349136353,0.989423930644989,0.41920334100723267,1.123975396156311,0.2917492942312145,0.0046182046974140595,0.016750762081390154,0.0652937623017347,0.06778459152299231,0.0021018355360893004,0.024166241385932468,0.022590091438362426,0.9680912494659424,1.1635849475860596,0.12365776300430298,0.9848499894142151,0.30000439743880414,0.007822417532669743,0.021291032711617818,0.08156751526304852,0.06970256976654254,0.00356013564264476,0.030716467308455727,0.028220423563237295,0.0,0.0,0.0
B_extended_bad,knn,15_fsqn_py,False,ok,3212.9,0.2625845490608436,0.16252235255067013,0.1321658289793793,0.128043115430462,0.7374154509391564,0.8374776474493298,0.8678341710206207,0.871956884569538,-0.04661479714033874,-1.3594224273469901e-05,0.16252235255067013,0.15751344213603807,0.4766926014298306,0.49999320288786325,0.581261176275335,0.578756721068019,207.68564923964172,211.20644640051006,211.5476960100942,217.45071744730856,218.5462199535071,212.07928386947626,223.71748577527953,117.30931804134408,192.34852014676886,192.35946141765538,179.3313667059905,190.38472440460646,151.5103157202307,196.48050984176632,0.30876180482686255,0.30876180482686255,1.3356310573202699,1.0998718860572114,1.00805553901656,1.0093419265690948,0.6739894551845342,0.45112781954887216,0.8870523415977961,0.7162055335968379,0.1480949357844394,0.0914783350476581,0.19854678702554981,0.15611877748574757,0.5648407507732259,0.9107133017238452,0.9092959415094588,0.8246988964267045,0.8711416946269231,0.7144041273426659,0.8782528069313621,34.97022010694024,0.9511814748346517,0.2152052514860915,3.4647808968079987,0.001,0.001,0.001,0.001,,,,,,,,,14.158722524388846,2.814936152847462,0.0,3.8906640328844855e-05,0.0003331885787733,0.5377679695253657,4.658061672547568,7.112764575868523,9.586390347082464,2.450442986240239,0.0,0.0,0.30876180482686255,0.8466666666666668,0.5888888888888889,0.7814814814814814,0.13333333333333333,1.481508437703209,1.00805553901656,1.0345767548499618,1.1200814456325592,0.006596005995934371,0.001006942377069997,0.03457675484996181,0.007063614448974069,0.0,0.0019607843137254832,0.021568627450980427,0.0,0.7470945945945946,0.5208221382579709,0.8450796001480932,0.9208333333333333,0.9120808823529412,0.7421633891871012,0.7203188999256486,0.6402318047310364,18.0,74.0,0.0,0.0,15.0,15248.0,5108.0,1039.0,81.5,2.0,378.3679434804101,0.17302731678513839,0.8425588873203191,0.855948114139374,0.6932061093325383,0.9160240888118858,0.47252141763166167,0.9312202946459706,1.6233548549078048e-16,0.6297391464228808,0.6109276604899567,0.5824654545543749,0.8299862494561033,0.17919840849309926,0.3034390064873732,0.06947995518550452,0.4981033691986297,0.0779179452452503,0.7416018989847598,0.11178727425705379,0.03390293347731459,0.21993929555533387,0.9878581809665147,0.7636456095854652,0.034444203121941866,0.857397212052684,0.9544120056135206,0.17380114023046306,0.3391312868244493,0.683592873326376,0.9421986556344448,0.05017782097670456,0.01582859035058217,0.6708997966256781,0.9465011327045261,0.24694288614050758,0.19300408337866462,0.4138043449370636,0.9042653834725259,0.44935292728989346,0.010818403632057296,0.5628713274355764,0.8652032859805877,0.6762688084916233,0.0006871959022431534,0.7150085060504944,0.5734842950575416,0.014403879847684637,0.04196224365595935,0.22176376613544174,0.548196572714662,0.19564258252656205,0.006148177947541821,0.2544786444197907,0.8361410834319508,0.35236713552777443,0.018872433564291136,0.3812779254478578,1.0676600933074951,1.1143789291381836,0.23178422451019287,1.0639268159866333,0.31881915469905925,0.011373738681819139,0.03956613070847361,0.10204347414949154,0.07407396212535292,0.005176411550797399,0.05708186056027941,0.03530461916212697,0.9782556891441345,0.9953303337097168,0.23233269155025482,0.9497857093811035,0.33404647127443715,0.01804504780240044,0.04712231706326348,0.12065979002801708,0.0776118539196524,0.008212655178050643,0.0679831331423676,0.04174542243515505,0.009050367261280168,0.009050367261280168,0.009050367261280168
B_extended_bad,knn,16_fsqn_r,False,ok,1.5,,,,,,,,,,,,,,,,,,,,,,,,,,,,,,,,,,,,,,,,,,,,,,,,,,,,,,,,,,,,,skipped: PCA failed,skipped: PCA failed,skipped: PCA failed,"Traceback (most recent call last):
  File ""/app/harmonization-metrics/compute_batch_metrics.py"", line 1170, in _run_group
    group_result = fn(*args)  # type: ignore[operator]
                   ^^^^^^^^^
  File ""/app/harmonization-metrics/compute_batch_metrics.py"", line 260, in compute_group_e
    result[""exp_min""]    = float(np.nanmin(flat))
                                 ^^^^^^^^^^^^^^^
  File ""/usr/local/lib/python3.12/dist-packages/numpy/lib/_nanfunctions_impl.py"", line 356, in nanmin
    res = np.fmin.reduce(a, axis=axis, out=out, **kwargs)
          ^^^^^^^^^^^^^^^^^^^^^^^^^^^^^^^^^^^^^^^^^^^^^^^
ValueError: zero-size array to reduction operation fmin which has no identity
",skipped: PCA failed,"Traceback (most recent call last):
  File ""/app/harmonization-metrics/compute_batch_metrics.py"", line 1170, in _run_group
    group_result = fn(*args)  # type: ignore[operator]
                   ^^^^^^^^^
  File ""/app/harmonization-metrics/compute_batch_metrics.py"", line 1087, in compute_group_h
    D = pairwise_distances(X, metric=""euclidean"")
        ^^^^^^^^^^^^^^^^^^^^^^^^^^^^^^^^^^^^^^^^^
  File ""/usr/local/lib/python3.12/dist-packages/sklearn/utils/_param_validation.py"", line 218, in wrapper
    return func(*args, **kwargs)
           ^^^^^^^^^^^^^^^^^^^^^
  File ""/usr/local/lib/python3.12/dist-packages/sklearn/metrics/pairwise.py"", line 2473, in pairwise_distances
    return _parallel_pairwise(X, Y, func, n_jobs, **kwds)
           ^^^^^^^^^^^^^^^^^^^^^^^^^^^^^^^^^^^^^^^^^^^^^^
  File ""/usr/local/lib/python3.12/dist-packages/sklearn/metrics/pairwise.py"", line 1969, in _parallel_pairwise
    return func(X, Y, **kwds)
           ^^^^^^^^^^^^^^^^^^
  File ""/usr/local/lib/python3.12/dist-packages/sklearn/utils/_param_validation.py"", line 191, in wrapper
    return func(*args, **kwargs)
           ^^^^^^^^^^^^^^^^^^^^^
  File ""/usr/local/lib/python3.12/dist-packages/sklearn/metrics/pairwise.py"", line 343, in euclidean_distances
    X, Y = check_pairwise_arrays(X, Y)
           ^^^^^^^^^^^^^^^^^^^^^^^^^^^
  File ""/usr/local/lib/python3.12/dist-packages/sklearn/metrics/pairwise.py"", line 173, in check_pairwise_arrays
    X = Y = check_array(
            ^^^^^^^^^^^^
  File ""/usr/local/lib/python3.12/dist-packages/sklearn/utils/validation.py"", line 1106, in check_array
    raise ValueError(
ValueError: Found array with 0 feature(s) (shape=(2000, 0)) while a minimum of 1 is required by check_pairwise_arrays.
","Traceback (most recent call last):
  File ""/app/harmonization-metrics/compute_batch_metrics.py"", line 1190, in compute_all_metrics
    pca_coords, eigenvalues = compute_pca(exp_df)
                              ^^^^^^^^^^^^^^^^^^^
  File ""/app/harmonization-metrics/compute_batch_metrics.py"", line 132, in compute_pca
    raise ValueError(
ValueError: Expression matrix has 0 usable gene columns after dropping all-NaN genes (original shape: (5108, 0)).
",,,,,,,,,,,,,,,,,,,,,,,,,,,,,,,,,,,,,,,,,,,,,,,,,,,,,,,,,,,,,,,,,,,,,,,,,,,,,,,,,,,,,,,,,,,,,,,,,,,,,,,,,,,,,,,,,,,,,,,,,,,,,,,,,,,,
B_extended_bad,knn,17_quantile,False,ok,3185.7,0.26422838800389936,0.16205178968159697,0.13147492499228056,0.12680419572699675,0.7357716119961006,0.837948210318403,0.8685250750077195,0.8731958042730033,-0.047470971475089864,-0.0007666685845815762,0.16205178968159697,0.15587918774501913,0.4762645142624551,0.4996166657077092,0.5810258948407985,0.5779395938725096,233.76864092846427,237.31587148289245,237.7459738649555,244.71900604392874,245.86763280864142,238.73486371794428,250.61423586877495,132.47288938429477,217.11673219649376,217.04495340386964,201.97941439198235,214.43881008083676,170.56378173811774,221.57602279148546,0.0,0.0,1.3362733924432917,1.0987609854699403,1.00781872099524,1.0091048614052156,0.6703539823008849,0.43609022556390975,0.8934993084370678,0.7186009538950715,0.14821784799455978,0.0934935464874983,0.20042371568810544,0.1577362744216675,0.5666837470507129,0.9148850046978219,0.9129279872775282,0.8253523813173941,0.8721717764604433,0.7144485689347495,0.88413182923697,35.290606449888465,0.9612213598352146,0.2118005066138445,3.468451557951115,0.001,0.001,0.001,0.001,,,,,,,,,15.318665626559682,4.443738598423197,1.1501477156244344,1.172518705369489,1.2230865802860558,1.9099541430607436,6.659763898616375,9.32203539087389,11.633101771034063,2.750166792479346,0.0,0.0,0.0,0.8466666666666668,0.5888888888888889,0.7814814814814814,0.13333333333333333,1.4787391991763306,1.00781872099524,1.0344243504238548,1.1190375877846404,0.006558071221593569,0.0009773401244050073,0.03442435042385483,0.007002211046155315,0.0,0.0019607843137254832,0.02352941176470591,0.0,0.7471081081081081,0.5208591813989907,0.845162902628656,0.92125,0.9121985294117647,0.742272243718672,0.7207033938180463,0.640348433480531,18.0,74.0,0.0,0.0,15.0,15248.0,5108.0,1039.0,81.5,2.0,378.3679434804101,0.17234548464386124,0.8427386314359137,0.8557858368491221,0.6928363248833487,0.9161436553333782,0.4721488427263679,0.9310850464461867,0.0,0.26656823189885137,0.2876558905916153,0.27002450095366576,0.8310115894758159,0.17719051277377268,0.30638721433740296,0.06954433934109835,0.5010834425534217,0.07668486940087478,0.7554761405672509,0.13787701894848323,0.03394969764304002,0.24977028041037716,0.9881005394079441,0.7742044599460118,0.029132906570113044,0.858783447008597,0.9546148022159876,0.16657393771815976,0.3406552310016539,0.6821678872721542,0.9428438963370162,0.046561344814714786,0.0177377997441433,0.6674523542744749,0.946913906000493,0.25001435247360015,0.19458559760095434,0.41735814620389855,0.9036953617403042,0.4474421583442901,0.00934836998737482,0.5634975268388348,0.8672135967443213,0.6632355247966149,0.0007377667479631989,0.704560547484672,0.5679851159685017,0.014939179555264241,0.042281263884943424,0.21983134592072434,0.5432354784186967,0.20129059342662584,0.006319372258478709,0.2613867755987562,0.8400370573576441,0.36173357335026485,0.020695387972318867,0.38602611452172864,1.0779552459716797,1.1139239072799683,0.23157459497451782,1.0651915073394775,0.3166882597745338,0.010937159472801716,0.04145003537975972,0.10275269579296223,0.07357887320862394,0.004977715790008711,0.059799760487051434,0.03554999301119437,0.9749675989151001,1.0593979358673096,0.30019479990005493,1.021665334701538,0.33100275497815584,0.015847326577614295,0.04358597650334259,0.11455440037766143,0.07690468146050741,0.00721242914405528,0.06288127215367524,0.039633102580909164,0.0,0.0,0.0
B_extended_bad,knn,18_rank,False,ok,3380.7,0.29251464807152844,0.18259707633237088,0.1228618766772771,0.13200177776525435,0.7074853519284716,0.8174029236676291,0.8771381233227229,0.8679982222347457,-0.05376944959238116,-0.001076143918422642,0.18259707633237088,0.15741479182728213,0.4731152752038094,0.4994619280407887,0.5912985381661855,0.5787073959136411,24.510750488917886,24.76715537129969,24.8291195138551,25.70702257032479,25.652012102801834,25.037250934763644,26.081578646513076,14.233795550166318,22.948309071304777,22.912389858278484,21.159010809128265,22.61307468343319,18.001719607677423,23.313606779441987,1.0,1.0,1.3292251435505071,1.0825997874823903,1.0067047995308545,1.0079794741426054,0.6468842729970327,0.37719298245614036,0.8530884808013356,0.6722376973073352,0.14301531929734343,0.07625063758766694,0.19386346070872132,0.14671603221769108,0.580716431208497,0.9265621637718394,0.9228031564104782,0.8230829047294425,0.8815322007805885,0.7189974512210704,0.8938725333851236,41.64575194870485,1.033927107017255,0.184586433097756,3.3568950193720557,0.001,0.001,0.001,0.001,,,,,,,,,0.9999344219293068,0.4999672109646534,6.55780706931602e-05,0.0344612761492556,0.0702996917830677,0.2483441537149977,0.7500163945176733,0.9499639320611188,0.9899665551839464,0.28818933203528374,1.0,1.0,1.0,0.7746031746031746,0.5753968253968255,0.7814814814814814,0.11309523809523808,1.4374766826138972,1.0067047995308545,1.0283269917988465,1.1106625678391628,0.005992831268683523,0.0008380999413568069,0.028326991798846457,0.006509562814068402,0.0,0.0019607843137254832,0.01764705882352946,0.0,0.7708648648648648,0.5414019699024953,0.8630285079600148,0.9235833333333333,0.9203308823529411,0.7602913149088195,0.731825069290339,0.6545976710841435,18.0,74.0,74.0,74.0,15.0,15248.0,5108.0,1039.0,81.5,2.0,378.3679434804101,0.15332770823571484,0.8404566467961592,0.8510443375919222,0.6823075264765549,0.9185026063731399,0.4617719811276638,0.9274106843847739,0.00011302515655806666,0.3168312743539088,0.33924208346038615,0.31590172744755274,0.8627113904450138,0.16848299745676948,0.3334954434377154,0.06939864787595516,0.5353041059701761,0.07294714700841098,0.8325134720243357,0.2012906804991022,0.03158390430664995,0.3506953534416372,0.9914742728301521,0.8046927642389041,0.0029800959577518044,0.8510093437961069,0.9588561933546645,0.1569493310085648,0.3370529911457403,0.6749920326992416,0.9496399069523511,0.046042748959621495,0.023715949516527873,0.6672187664080111,0.9571981510614601,0.26920625638316903,0.21764504101158913,0.4560738412018194,0.9221408804641678,0.5520075281357792,0.0016938263671984022,0.6807769928546679,0.8957261335235422,0.44156084233956544,0.00010405937045276139,0.5337252451885222,0.6458525741084742,0.034907292042330236,0.048831017573402,0.23774652697818605,0.5701537418016646,0.3225348147678561,0.004586333840641023,0.37702373685136203,0.9035585783293254,0.5057621760022619,0.025793259669598417,0.5237792202822066,1.1216821670532227,1.1373690366744995,0.19263988733291626,1.058485746383667,0.2895126744265583,0.01077971500860173,0.030622446671752037,0.09348484787738684,0.06726493864688045,0.004906059726343674,0.04417885195322341,0.03234353768576549,1.0335664749145508,0.8783271312713623,0.20098963379859924,0.9023864269256592,0.30113074326358524,0.018107127356710894,0.034798894334019774,0.10547905217047378,0.06996426325871569,0.008240908800803087,0.05020419228410938,0.03649324758391964,0.0,0.0,0.0
B_extended_bad,knn,19_tdm,False,ok,3665.0,0.3016980249092679,0.11667150637033222,0.03266316902261736,0.06974623091754398,0.6983019750907321,0.8833284936296678,0.9673368309773827,0.930253769082456,-0.2043739378721978,-0.1469014959834313,0.11667150637033222,-0.024218226256327927,0.3978130310639011,0.42654925200828436,0.5583357531851662,0.487890886871836,2169.3543258781187,2371.844445237556,2391.769344273813,2354.872343633431,2109.5097519676474,2232.4736355559116,1968.971917105528,646.9772831034605,1717.817517392071,1707.7377958848194,1656.5946397511188,2080.065371124933,1286.3141365615668,2134.0389552804645,0.0,0.0,1.3473946131740477,1.1063742510452519,1.0142275160242096,1.019321250279957,0.6482530689329556,0.31794871794871793,0.8417721518987342,0.6624685138539043,0.1435832604504983,0.06306605827549841,0.1931736815807096,0.14483312765561754,0.2982349519327945,0.7242538695323336,0.7140060557985457,0.7034753472857428,0.986042074081312,0.5761833493013501,1.0838341251802066,53.020810788736505,0.6326573097487339,0.11498119460174451,1.6462324317139512,0.001,0.001,0.001,0.001,,,,,,,,,132.394195132648,10.557690281500001,1.0,1.0,1.0,1.40162052463281,26.193957077263676,56.5329426685225,79.68436338718229,18.97857504858358,0.4864864864864865,0.0,0.0,0.8150793650793651,0.5932539682539683,0.7138047138047138,0.15476190476190477,1.4997491142660557,1.0142275160242096,1.0314445701823654,1.1283737802166192,0.0068458782776172015,0.0017784395030261968,0.03144457018236535,0.007551398836271715,0.0,0.0019607843137254832,0.02352941176470591,0.0,0.6874729729729729,0.5120703019616087,0.7866508700481303,0.9029444444444444,0.88525,0.7351968377780456,0.7133789059833671,0.6868427620557433,18.0,74.0,36.0,0.0,15.0,15248.0,5108.0,1039.0,81.5,2.0,378.3679434804101,0.06362454475472257,0.7037900659579939,0.7072414671293445,0.6377897442571518,0.9123383634800328,0.4215817225386971,0.9690749987912031,0.5830068522411844,0.8706768499756984,0.647355350870157,0.7765531829417386,0.9239139938531287,0.145412062388955,0.381180485807848,0.061666964363060114,0.5744819686099161,0.055062560250483575,0.7623513174097281,0.19005807086993481,0.003176821099549978,0.24650985313323287,0.9911001217943547,0.3708781873990069,0.11438655232661825,0.6233680500420867,0.9111600159981411,0.5091371479553938,0.02071354855783661,0.612856833134089,0.9699280935676571,0.5133973113475626,1.0043997659592782e-05,0.7180653698731477,0.9241112855311255,0.2746381236274783,0.1981154153130841,0.6322979059430538,0.9479194284219591,0.5068957082316848,0.012920385100074221,0.6918052759926301,0.948498708731898,0.458297596267684,0.019167236090275534,0.569271044042716,0.9390920500284287,0.3094414747971895,0.046052360488794415,0.5727371181255879,0.8921245862239968,0.16149099735992165,0.17614005670308197,0.5238052611888308,0.9528543308239974,0.517570240222624,0.025987223953626525,0.5541029746237869,1.0780099630355835,0.8459192514419556,0.21585208177566528,1.03721022605896,0.31440766237922946,0.015438632897616641,0.03509528287830407,0.1060400854104853,0.07304900264534987,0.0070264246344511104,0.05063179056712463,0.03668735176393692,0.9561315178871155,0.9634146094322205,0.12143715471029282,0.9337547421455383,0.33898001023048174,0.016354095322413165,0.041767153629769384,0.12059444132684935,0.07875810492868902,0.007443069539227468,0.06025726541371576,0.0417228133361735,0.0,0.0,0.0
B_extended_bad,knn,21_harmonizr,False,ok,3430.5,0.2876567576027585,-0.0262543183796728,0.03556927887469662,-0.037324043323419424,0.7123432423972416,0.9737456816203272,0.9644307211253034,0.9626759566765806,-0.09962933071023411,0.013004637380864945,-0.0262543183796728,0.02364540404405573,0.450185334644883,0.5065023186904325,0.4868728408101636,0.5118227020220278,339.8840104469607,363.734259273763,366.64287100547205,359.70845184827,332.2208438504836,345.2134438865867,321.90767737148485,147.6207016792664,285.1828197204743,283.3056557558226,281.1506019363722,328.6952476507929,243.7013496490061,333.0331998722992,0.25466640874776775,0.0,1.3408468312353445,1.1118966855983323,1.0295548762943105,1.0260218041382172,0.6027327935222672,0.30837004405286345,0.8715846994535519,0.5487077534791253,0.13299954274779724,0.0681845574997446,0.19326191833307246,0.11610639160834349,0.43432670305713833,0.7840416800162691,0.7727019346616297,0.7816068832738059,0.9893877934965531,0.7059439716637153,1.0345612213776914,16.97933698425539,0.6764303650826156,0.03432624548657855,0.9637708534424122,0.001,0.001,0.001,0.001,,,,,,,,,35.9597212013983,4.07577766920697,-22.0887881698352,0.0,0.1342887984062347,2.30035881715949,6.5341225984534,10.471165595227527,14.146857912743018,3.189848248174352,0.08108108108108109,0.0,0.09731445686916136,0.853968253968254,0.5932539682539683,0.75,0.17045454545454547,1.4324531793509676,1.0295548762943105,1.0124484069953128,1.1095815676245702,0.005924016155492707,0.003694359536788816,0.0124484069953128,0.006445974566151186,0.0,0.0,0.00588235294117645,0.0,0.7796351351351352,0.5769540707897548,0.8616134764901888,0.6785,0.7528602941176471,0.7762711911578511,0.5376329254981639,0.5498708517176321,18.0,74.0,6.0,0.0,15.0,15247.0,5108.0,1039.0,81.5,2.0,378.3679434804101,0.15268540094615635,0.7306011476908706,0.7360777128930789,0.7116931933373749,0.9574576362502989,0.5916811815753478,0.9487942452605557,0.15882778860301394,0.46296660915572224,0.2555252656781316,,0.782831972856149,0.13826775147024847,0.14075015926023665,0.06191756204620028,0.3040198276416667,0.045083084826761724,0.928102559990641,0.23815360123151347,0.031850686818748856,0.30974501288839956,0.9634137069475984,0.4044154603665536,0.04244767535042183,0.510010436504046,0.8767630883049933,0.40022249142197636,0.00028755714668973607,0.42244151531236535,0.8030705142559984,0.04386936595860902,0.18657982172883758,0.5088031995829074,0.9070555748876062,0.0890176692414583,0.004006163332185528,0.38383821403240515,0.6624553023058973,0.007666628099276602,0.13218644317580913,0.18375752734273554,0.6442658907591857,0.0864274315046531,0.020939650769828757,0.2293647684536598,0.8248376335731377,0.05879939084920524,0.13516749869941547,0.30936079729949756,0.7201994539427354,0.048843291529299844,0.050845662135692596,0.13665523302330115,0.49815600359369655,0.030086262399820807,0.014864461304373312,0.04622157197734896,1.0307331085205078,0.7254881262779236,0.02609017863869667,0.786813497543335,0.2932678684545808,0.028523031165293134,0.02132643184404397,0.09595357363739289,0.06813741477042973,0.0129813909144748,0.030767537461258706,0.033197658181947955,0.9316772222518921,0.7206209897994995,0.15416759252548218,0.8147812485694885,0.31377535095318165,0.03325599438773024,0.023113982760517925,0.10795548020244605,0.07290209236115222,0.015135455306097008,0.033346428303792204,0.037350032883321685,0.08439925513464779,0.0,0.029839766160142726
B_extended_bad,knn,25_angel,False,ok,3167.6,0.13495071435698783,0.02318963137596686,0.06834517286404843,0.01620191937513418,0.8650492856430122,0.9768103686240331,0.9316548271359516,0.9837980806248658,0.025363059766599406,0.07554106236790924,0.02318963137596686,0.1613728192054188,0.5126815298832997,0.5377705311839546,0.5115948156879835,0.5806864096027093,6.958132630674311,7.038808866640204,7.0521245899668825,6.951833997988875,7.14989055357243,6.975139731866817,7.269680151665938,5.992040619377335,6.7361134164187595,6.726155075331001,6.839987346068303,6.710196521550874,6.531563092869203,6.7926359680822745,1.0,1.0,1.294735027970373,1.0915609518325142,1.0488817823302288,1.010256201030984,0.6906392694063926,0.6696269982238011,0.8613678373382625,0.7182291666666667,0.152203127260146,0.1452383370553266,0.19182150532375755,0.1563611869119578,0.8611564247801133,0.9569962111549807,0.9537771191536178,0.9839112021442213,0.9385033898453364,0.9364060569322966,0.9343789308977586,2.4146336248235407,0.06105705227671182,0.09249388075544443,0.25831387419368085,0.001,0.001,0.001,0.001,,,,,,,,,0.9999344219293068,0.3036920453800249,6.55780706931602e-05,0.0259033379237982,0.0479703587120466,0.1021050560692504,0.6394517673290052,0.9434061249918028,0.9914748508098892,0.300333751169487,1.0,1.0,1.0,0.9222222222222223,0.8888888888888888,0.8518518518518517,0.29166666666666663,1.6966923219915468,1.0488817823302288,1.0672915982613267,1.2523425777796338,0.009543730438240368,0.006110222791278597,0.06729159826132669,0.01484368104586081,0.013725490196078383,0.021568627450980427,0.04117647058823526,0.009803921568627416,0.7579864864864865,0.5201459524108852,0.8396049611255091,0.9182777777777777,0.9048529411764706,0.7137107359684826,0.6982913407294737,0.5915209278806227,18.0,74.0,74.0,74.0,15.0,1449.0,5108.0,1039.0,81.5,2.0,378.3679434804101,0.41907545476835373,0.8355670382192355,0.8578071422003085,0.8637212386227249,0.9638779745507384,0.7576139543975271,0.9366345393058695,0.0862135841455087,0.35091998394099194,0.36494084469737653,0.32416873173274097,0.6300231470252824,0.15768574057397514,0.18833618096458657,0.04647592702650997,0.3216393321809587,0.06380011352524939,0.29927010251276276,0.13271453411184916,0.013904733475344462,0.16439462314301834,0.7173164872992659,0.0796005890348527,0.06570743889491228,0.1472830670088784,0.6937768019867391,0.028565503690759123,0.1095666623621376,0.2814886809289753,0.9039724809730253,0.3144937443966723,0.0005350693178038053,0.3968493569581999,0.3141794916397538,0.02307641590377254,0.0017480507072811038,0.06168854296198644,0.781136482424205,0.0777125326405051,0.007486924016318886,0.4874990965352413,0.9245287217560203,0.4919985921936516,0.073619061273986,0.6276434174177339,0.44649046765378614,0.17524364735670125,0.062422366955703454,0.29669404044542413,0.721859322290223,0.3737760129525338,0.00017301679851677485,0.42333376936674855,0.49770111171704307,0.18618023736456807,0.12959594646309522,0.3295187270433807,0.9856336712837219,1.016984462738037,0.33234989643096924,0.9350870847702026,0.40402612481046946,0.041438838144592725,0.053280417348601394,0.17660154109972748,0.0938708212030528,0.018859627992524386,0.07686739388532153,0.061099940039641025,1.0377334356307983,1.3670446872711182,0.36240440607070923,1.1336500644683838,0.4075203893936898,0.04417780416997601,0.05290065135103989,0.18108818270527857,0.09468267337246761,0.020106185150875415,0.0763195073639413,0.06265221150551531,0.0,0.0,0.0
B_extended_bad,softimpute,01_raw,False,ok,3552.8,0.3237561699841558,0.13909043613952332,0.04276160903992634,0.06653263676710326,0.6762438300158442,0.8609095638604767,0.9572383909600737,0.9334673632328967,-0.1357293203876244,-0.03827198813060862,0.13909043613952332,0.1907679833528919,0.4321353398061878,0.4808640059346957,0.5695452180697617,0.595383991676446,423.6906290218355,476.48300990698823,481.986389332551,456.9351536264607,402.79667944811524,432.60101795418257,486.3264082305416,123.60122057712059,317.30926587625834,314.0103564221554,328.17135204764935,413.66447861636055,270.1290887835811,383.41780742134637,0.5432105849947534,0.0,1.313706958092191,1.058120677005215,1.0124108286890887,1.0063349181666754,0.654037886340977,0.1510791366906475,0.8815165876777251,0.6333907056798623,0.14550065141538782,0.037225771646225835,0.19760692053272025,0.13915972195102894,0.29172516952398925,0.6659403573239655,0.6514921652808353,0.7182011483317077,1.02698085590759,0.6244300812352478,0.7883960256577066,53.959094434514434,0.6648891059332611,0.02522548942830976,1.050994784590662,0.001,0.001,0.001,0.001,,,,,,,,,28.59546854030922,3.4283275892178597,-11.19895823997476,0.0,3.284300399164926e-05,2.211014,6.148078872557676,11.357520589841265,15.256998147863655,3.5305925521422723,0.6081081081081081,0.4594594594594595,0.17735583998435472,0.78,0.5819444444444445,0.7148148148148148,0.10416666666666666,1.432116767819047,1.0124108286890887,1.0301200580230787,1.1273862049561056,0.005919407778343109,0.0015513535861360894,0.03012005802307871,0.0074933061738885675,0.0,0.0039215686274509665,0.025490196078431393,0.0,0.830760705017301,0.6390321016752883,0.9329086084748425,0.9660833333333333,0.9636397058823529,0.882501276498196,0.8271604347626533,0.7759663251762631,18.0,74.0,45.0,34.0,15.0,15248.0,5108.0,1039.0,81.5,2.0,378.3679434804101,0.05295135073169066,0.622692494209427,0.61559316588085,0.6299586611833313,0.9588263568637923,0.4894637152461516,0.8217118832539522,0.6726316950818437,0.8983629938710709,0.7744516355044605,0.7009503850230892,0.9060121899929179,0.19282175659286954,0.3885038812412224,0.07164603230597617,0.5964534471050997,0.07887848815580173,0.9614841169830787,0.4489457314355809,0.045151633756691505,0.5669113310975521,0.9877428846990178,0.3788285162228953,0.022855826415513397,0.48202649689725774,0.9372518931353331,0.5533962698575688,0.037726988158489475,0.7405527649316805,0.9768067115926821,0.4141143677040128,0.28153654088703,0.7715400309364271,0.9475319740976954,0.16419212079785767,0.24147572862142624,0.8579246827070902,0.8577259044233707,0.20424292226054835,6.397408272080608e-05,0.29157081446014943,0.9639003823546096,0.4360876488617466,0.05188974044049951,0.6379111758249811,0.8693422196548721,0.47038668468319644,0.007818724693387506,0.5902865566439238,0.9244878806079474,0.5443130939431022,0.0073260885954072414,0.6809647241914869,0.6338479323805724,0.2705314566457152,0.020615077408595982,0.34484589336044835,1.0487029552459717,0.8660743236541748,0.11519644409418106,1.0029600858688354,0.29196355119616313,0.011939137675984944,0.04120052967988706,0.11427473060006173,0.06783437166346623,0.0054337357223899355,0.05943979985117162,0.03953634347826582,0.8865172863006592,0.9279242753982544,0.1234704926609993,0.8908054232597351,0.305460056598298,0.018895288739464347,0.0445652527027186,0.13083663072301582,0.0709701293971132,0.008599616504550408,0.0642940690701756,0.04526636767937728,0.15333382660245198,0.0,0.041115987020339674
B_extended_bad,softimpute,02_median_scaling,False,ok,3125.9,0.07911815344770216,-0.3889254804607428,-0.033333387629732654,-0.34221779712009237,0.9208818465522979,0.6110745195392572,0.9666666123702673,0.6577822028799076,0.009438661590818598,0.06105942130168146,-0.3889254804607428,0.3818736742767844,0.5047193307954093,0.5305297106508408,0.3055372597696286,0.6909368371383922,297.78704865626264,351.4370155889956,349.84338374800694,294.58252720317375,276.2442231527039,292.38545000330475,440.28112734851265,124.00722510632535,205.04468404430006,210.61500841054487,279.99668940425875,299.8432977201151,270.17439952788834,239.82079642913033,0.24310659339035262,0.060466946484784886,1.4356776525862371,1.13984596825224,1.2410343315240036,1.0402741721253963,0.5707692307692308,0.5843621399176955,0.6971935007385525,0.5697190426638917,0.1229100590838892,0.12434382726499456,0.1505805487526545,0.12090224371599223,0.4164292089461138,0.5834464639436249,0.6020265587250648,0.9504864122886177,1.0854283007191283,0.9240350350020312,0.5446992422168841,20.184226740585906,0.023088136350754324,0.020240978932878056,0.07181024716991141,0.001,0.001,0.001,0.001,,,,,,,,,25.776855564782,3.6826950044422953,-12.28677491504132,-3.231982944909363,0.07662594878122513,2.1609558207682467,5.773434015218276,9.162856229764934,12.11427719021119,2.9283280221513834,0.0,0.0,0.10821776901200594,0.7555555555555556,0.6166666666666667,0.6582491582491582,0.15000000000000002,1.68606342664601,1.2410343315240036,1.107209877321735,1.3576637240339402,0.009398129132137122,0.030129291440500444,0.10720987732173493,0.021039042590231778,0.013725490196078383,0.03529411764705881,0.05882352941176472,0.0039215686274509665,0.830760705017301,0.6390320886159301,0.902137970269013,0.6843611111111111,0.745764705882353,0.8204446803248912,0.3740029115772865,0.3732760831716976,18.0,74.0,0.0,0.0,15.0,15248.0,5108.0,1039.0,81.5,2.0,378.3679434804101,0.11429720284770095,0.61241944379847,0.6277575398567565,0.9719832603713425,0.9805696505072239,0.9222760710860088,0.7826399630815803,0.09546985467409745,4.6524391190549395,0.39382288742669774,0.2322462143120758,0.7807171129998715,0.13393477600167586,0.06549648969377833,0.025123052543112222,0.14424493116774284,0.0406770595129559,0.7353152383363122,0.11123731645774704,0.06706838420487059,0.2160680627984084,0.976998287705323,0.016908769000237307,0.02105920984441746,0.05455820848984607,0.6518434080340588,0.09292490193967098,0.004671972527660675,0.22169273914032167,0.8695004864523109,0.052598537582763304,0.0014755369106494143,0.14011745428306632,0.8711493467034311,0.12975805947578795,0.03052189048154268,0.21808243242210335,0.816606024038162,0.019693293629381013,0.016468778502618107,0.07652552959627953,0.43005260403272094,0.006331264079526012,0.0055442813473445835,0.03521682362995747,0.707237021289743,0.012522976197425073,0.0972141947181559,0.12065312284575441,0.8910472508621706,0.08564046860494363,0.006581892289320585,0.17210631903669713,0.8574214625444818,0.12734930997030097,0.0006243846045422378,0.18742861943499414,1.039881944656372,0.3160315752029419,0.14234831929206848,0.39311397075653076,0.3727305342052105,0.10945956339652389,0.06501879219116537,0.18535163525310025,0.08659965082631464,0.04981719416648159,0.09380228905878434,0.06412726485675789,1.1574339866638184,0.417563259601593,0.14155596494674683,0.4290313124656677,0.4106204915423021,0.14279212948832726,0.07834286311783263,0.2176876226869666,0.09540294643560208,0.06498749875692711,0.11302486010914002,0.07531474873163597,3.6288032497186686e-06,0.0,7.061531774119728e-07
B_extended_bad,softimpute,03_limma,False,ok,3098.8,0.19812460617578,-0.337960787759182,-0.027479269675394442,-0.2678174227663175,0.80187539382422,0.6620392122408181,0.9725207303246055,0.7321825772336825,-0.009596913896043672,0.04857864284628466,-0.337960787759182,0.3388784180797363,0.49520154305197817,0.5242893214231423,0.33101960612040904,0.6694392090398682,295.5666361318465,351.5943173026193,350.8104295797209,291.7651449926103,273.5796590722884,289.9039625734837,414.3018977676609,123.78216561554379,199.8499519473174,204.5016842888996,279.0395645423346,298.1750141618894,270.1467367158938,245.48131006676155,0.2284859471625134,0.05528593913955929,1.434837879223853,1.1201516341458946,1.1548994065194476,1.0379775267534266,0.5362745098039216,0.5079185520361991,0.7470023980815348,0.5026415094339622,0.11506981219960945,0.1060905938512179,0.16122917042837653,0.1074683702167904,0.4187961376003447,0.5684106429265903,0.5829407196755735,0.9563841649056537,1.0899019874979161,0.9318490658692465,0.5925179473940683,18.24232376073082,7.869156081552899e-08,1.6147741736641443e-08,2.3805151681658594e-07,0.001,1.0,1.0,1.0,,,,,,,,,25.70774272156649,3.338249669041608,-12.117825302870363,-3.049450043096757,0.2749933697601433,1.6868223550373298,5.605778532357821,9.041070865589138,11.93695232595488,2.9188001630009373,0.0945945945945946,0.0,0.1287064439584513,0.7666666666666667,0.6071428571428571,0.6397306397306397,0.1625,1.5537077378128532,1.1548994065194476,1.0608022332907991,1.2243436333799265,0.00758503750428566,0.019362425814930945,0.060802233290799146,0.013196684316466263,0.0019607843137254832,0.0039215686274509665,0.033333333333333326,0.0,0.830760705017301,0.6390321016752883,0.9185842373026996,0.7243333333333334,0.7990073529411764,0.8415189317610205,0.44629151696111474,0.4614839243153272,18.0,74.0,7.0,0.0,15.0,15248.0,5108.0,1039.0,81.5,2.0,378.3679434804101,0.12269365551613975,0.5792422865090827,0.5930296372071802,0.9999988821971478,0.9999997959520507,0.9999966872364787,0.7973001802532951,0.061773006557344565,1.145012953667631,1.2890806614444117e-15,2.082369432830904e-15,0.7304552579720103,0.12865242138013028,2.749696519002456e-06,4.065569149875698e-07,6.721182282833342e-06,0.044019957719582774,0.6590212194858326,4.460735296777142e-06,4.5132756051916777e-07,8.800243866871337e-06,0.9759980331217499,7.909380675662521e-08,1.7236048282369168e-08,2.4422726871059283e-07,0.5330765701871117,7.272317980940426e-08,1.0074999888440557e-13,1.464185334092914e-07,0.8490534855571265,5.288957782041866e-08,9.394895411276805e-10,1.35998922932846e-07,0.8111395912259899,1.0380701029701394e-07,2.000351188988817e-08,2.8369344581309977e-07,0.8528571606947699,3.532394633448263e-06,6.29839761570053e-07,9.362846953251936e-06,0.418562988591589,9.076130896089235e-07,2.244673544730593e-07,3.1200933316155774e-06,0.6965854392473261,3.2721612683788125e-06,1.0712980539534432e-06,1.4326679857446039e-05,0.9117948040517091,7.34211119904508e-06,6.681017419415105e-07,1.3830722964219549e-05,0.5964632875568996,7.673436128082878e-06,9.8235552695508e-07,1.6960897684063165e-05,0.939005970954895,0.17128527164459229,0.06445073336362839,0.2658945322036743,0.3320381925453808,0.07599600509482865,0.04934176497997778,0.14069936006710562,0.07714525346506651,0.03458727245212301,0.07118511964532268,0.04867863785436288,1.0813775062561035,0.45478639006614685,0.19349166750907898,0.5052405595779419,0.36761494053840754,0.09097451167383887,0.0659933089054628,0.16573038533317086,0.08541110150003234,0.04140428457437464,0.09520821948976466,0.05733877826629548,0.0,0.0,0.0
B_extended_bad,softimpute,04_sva,False,ok,3310.7,0.3133355135639488,0.13279506371294814,0.04158738587129219,0.05672963655155782,0.6866644864360512,0.8672049362870519,0.9584126141287078,0.9432703634484422,-0.13247285009358967,-0.03674244705130934,0.13279506371294814,0.19478795694523016,0.43376357495320517,0.4816287764743453,0.566397531856474,0.5973939784726151,416.31037116857976,468.38784072680204,473.7574281781984,448.4239887232249,396.2640884867389,424.7960285598009,479.2361144342926,125.52620737288527,311.98360869384766,308.7912757884328,323.92016679331635,406.4287783656936,268.3722325106744,376.5583065007427,0.5349939795304034,0.0,1.3130156325610143,1.0580002159932396,1.0123919377941386,1.0062606721693435,0.6477157360406092,0.16546762589928057,0.8815165876777251,0.6448275862068965,0.14468732267153717,0.03848669674215844,0.19584450693485658,0.14101836459578915,0.30152073084447606,0.666079649313141,0.6517919454600816,0.7223524497777158,1.025651302185297,0.6317672823367607,0.7857469317504286,41.96590563841541,0.6511426893523691,0.02724691159843972,1.0266797688718883,0.001,0.001,0.001,0.001,,,,,,,,,28.5923646522422,3.4197910469833115,-7.730702393944584,-0.0135165984128036,-0.0099017432018314,2.199340684857733,6.1380969039782585,11.330952939262007,15.22249769930204,3.5207409841349495,0.6081081081081081,0.4594594594594595,0.1749082484728945,0.78,0.5819444444444445,0.6592592592592593,0.10096153846153846,1.4330157767208715,1.0123919377941386,1.030601428222031,1.126972959247125,0.0059317229687790626,0.001548992224267326,0.030601428222031046,0.007468997602772054,0.0,0.0039215686274509665,0.025490196078431393,0.0,0.8286351351351351,0.6378542928341906,0.9325968159940763,0.9648333333333333,0.9636691176470589,0.8805932553946977,0.8254782484855614,0.7736892420657538,18.0,74.0,45.0,34.0,15.0,14949.0,5108.0,1039.0,81.5,2.0,378.3679434804101,0.057220757520225485,0.623962168915742,0.6170075472753163,0.6334922187479095,0.9575208590203438,0.4942970913817013,0.8206490432356973,0.6707694835979556,0.8998099247287128,0.7711718758749039,0.7003434273221966,0.9033982002298323,0.19239405125947048,0.3871788925534686,0.07108590175052046,0.5940584196709923,0.07887524200736053,0.967052361338621,0.4435113522074075,0.044318652341196106,0.5646385262129408,0.9831522004669313,0.3740878473197546,0.025193828030690608,0.476114890552588,0.9289960209499877,0.5449124102142487,0.036405015359280694,0.732863944414883,0.9771916981433374,0.4194938419314525,0.26868841573445196,0.7717212524656918,0.9345280082240228,0.163531727380812,0.25466600907850717,0.8509008885097463,0.8599993074402487,0.20581377274292978,0.00011880349881744611,0.2951055670532084,0.9631674386370939,0.43446618495408795,0.045523537217492034,0.6261930956817024,0.863139758230969,0.47064803523477233,0.009417668285122513,0.5908101050054806,0.9238486611636713,0.547218890288691,0.008443868541887185,0.686129386794435,0.6329065477034401,0.26810486326052985,0.018083219417758766,0.34610654001924496,1.0365307331085205,0.8874638080596924,0.14213024079799652,1.008798599243164,0.28967851366855973,0.011805041364464844,0.03838180381274662,0.11133244360122198,0.06730346948654253,0.005372705860944152,0.055373238021022654,0.038518382037561257,0.959038257598877,0.8638573884963989,0.27104905247688293,0.8042675256729126,0.3022530569945838,0.016061093564009515,0.04222923575023305,0.12499049557144933,0.07022501994029344,0.0073097186922426475,0.060923908997392154,0.04324374372604133,0.0,0.0,0.0
B_extended_bad,softimpute,05_combat,False,ok,2914.4,0.24049717495969353,-0.021849344691013278,-0.011285144097676688,-0.13316717086363025,0.7595028250403064,0.9781506553089867,0.9887148559023233,0.8668328291363697,0.08431910668140832,0.1750903570066702,-0.021849344691013278,0.47353300286318634,0.5421595533407042,0.5875451785033351,0.48907532765449335,0.7367665014315932,340.3750522014677,421.89995294789,425.02179223194486,348.29618181640217,316.43618484044373,341.0289206130262,541.153469636766,131.89460881169458,205.95841404086582,207.09965776772995,299.37212717194274,341.2552706918449,265.832668882194,261.1046096102117,0.6269838667366212,0.011056265575813221,1.2517783763349823,1.0464807689267628,1.0240612991502418,1.004092143265885,0.5984084880636604,0.17575757575757575,0.8223938223938224,0.5421836228287841,0.13396574888571686,0.03808876793092244,0.18361810808152948,0.11962546473898426,0.38749787318027723,0.4881688480925342,0.48726832730193415,0.8595331869866755,1.0784331471570348,0.7795018334642675,0.48249641600832904,28.736381081953752,0.22944762283670683,0.023898466776851875,0.37544125284496804,0.001,0.001,0.001,0.001,,,,,,,,,31.913834605814063,3.88173355353112,-12.140051139581708,-1.7787953574813313,0.0,1.8281574199374502,6.428436083186471,10.080676622645056,12.887512163711651,3.1943405095445976,0.16216216216216217,0.12162162162162163,0.11120080397721904,0.7777777777777779,0.5416666666666666,0.7195767195767195,0.17142857142857143,1.3877450755063028,1.0240612991502418,1.0163155994736675,1.0826896158010126,0.005311576376798668,0.003007662393780225,0.016315599473667453,0.0048640950471183905,0.0039215686274509665,0.0,0.007843137254901933,0.0,0.8394652897923875,0.6343237709480304,0.9302215157055109,0.9240833333333334,0.9473235294117647,0.8645500889302945,0.7271773183748976,0.689605072077811,18.0,74.0,12.0,9.0,15.0,15248.0,5108.0,1039.0,81.5,2.0,378.3679434804101,0.09488496748982611,0.3871520662232312,0.3850042472781817,0.8372594276258905,0.9785806557262545,0.7560275352733854,0.6108585198110982,0.572840095916095,0.9609956879870625,0.7610213547281953,0.578326817231882,0.756020219636237,0.2121704514182023,0.1230568867473795,0.011596393892931687,0.16610987767119004,0.08626693260759959,0.5113308243296456,0.005646054297392501,0.005863144937973916,0.016381623507345986,0.9702418365728075,0.13531716342971983,0.02313712534496026,0.22715157514748782,0.9203599282311188,0.7965484286986273,0.025760112672431616,0.8174982389006725,0.9075238841556472,0.12348774783318535,0.01943718988565931,0.3097719101106536,0.7920538270237554,0.10886906949960617,0.023797235686072005,0.15199913538254406,0.7908001765624065,0.03162498484696409,0.008591993227282258,0.06383643235496708,0.4053042658568475,0.0012471147511756695,0.0010150976978714947,0.025219950108960026,0.8315069073657564,0.022364399440167517,0.0004979496023483515,0.026077122166245532,0.5411849007107369,0.001984103064924056,0.007858016428938587,0.018347562798249457,0.8898956455536493,0.0034798016120324462,6.073445779075847e-06,0.004815226234774203,1.1027122735977173,0.8865078687667847,0.16309195756912231,0.8962566256523132,0.26825293019600865,0.018552776501952657,0.018351340987131,0.0785135534564003,0.06232548169858351,0.008443732467458973,0.02647538863579627,0.027163825290608474,0.9253346920013428,0.847318172454834,0.40207594633102417,0.8848055005073547,0.29316593230459165,0.019557795861672868,0.02568114737117635,0.08708191994486124,0.0681137310789005,0.008901136489827335,0.03705006395673476,0.030128276650560056,0.06771379853095488,0.0,0.01723518331428346
B_extended_bad,softimpute,06_combat_seq,False,ok,2933.2,0.3219632677623965,0.1126599557422072,0.032118658705572505,0.029714572764901425,0.6780367322376035,0.8873400442577928,0.9678813412944275,0.9702854272350986,-0.12234345993028557,-0.019912110328876912,0.1126599557422072,0.19691472255875533,0.4388282700348572,0.4900439448355615,0.5563299778711036,0.5984573612793777,420.07581782502683,474.2362026594655,479.65217312563584,449.52911358794046,396.5236053238799,427.16152751417866,487.38158882766396,137.85184712648092,313.9414981741695,310.7824755752047,333.2711010261709,413.8954383748568,283.1697572294216,379.46126063625144,0.5370362779818119,0.0,1.3120537800266632,1.058572523043371,1.0101941307115017,1.0064588293356993,0.6397790055248619,0.2807017543859649,0.9094736842105263,0.6200204290091931,0.14030043449892804,0.057301543464885044,0.21153953819877283,0.1358233672417278,0.3281594447407587,0.66199395240941,0.6479330085174057,0.7413782354743388,1.0438103376891965,0.6629102552313128,0.7785711839238706,49.27463487791657,0.6592152187514301,0.023841453282730674,1.024594565136812,0.001,0.001,0.001,0.001,,,,,,,,,30.0,4.0,0.0,0.0,0.0,2.0,6.0,11.0,16.0,3.622934765619195,0.527027027027027,0.5,0.149443068544209,0.803968253968254,0.5753968253968255,0.7148148148148148,0.10989010989010989,1.4093800535137608,1.0101941307115017,1.018495164304954,1.111103096367189,0.005607945938544669,0.0012742663389377074,0.018495164304954015,0.0065354762568934745,0.0,0.0039215686274509665,0.015686274509803977,0.0,0.6520135135135136,0.4841585614968954,0.7333276564235468,0.8283611111111111,0.8668088235294118,0.6974777322110637,0.6502196837067366,0.6589429941304284,18.0,74.0,39.0,37.0,15.0,15248.0,5108.0,1039.0,81.5,2.0,378.3679434804101,0.05973966636847827,0.6089570944088423,0.6015882336604674,0.6429352458616728,0.9623983695828648,0.511870674519233,0.8205305455080366,0.6963073585529813,0.8923537206597444,0.7627787365818635,0.6907099897248125,0.8811899980492945,0.19989655848896226,0.3263249500317252,0.06278045686190573,0.5118724309648592,0.08021094668076446,0.7196507886209559,0.019970687250639788,0.019770292062707445,0.14029732002349746,0.9866008433654604,0.37291373529675975,0.025346143047980163,0.48346757843748245,0.9232527985460847,0.6109396106664946,0.005244959027633957,0.7040713802964625,0.956770951654358,0.33348855193568167,0.26573721896850083,0.7446181690870776,0.8896495825667353,0.09968825883480553,0.12320413273864844,0.46541502545642494,0.9151417148312324,0.04260926187122816,0.13613566372379987,0.39054353357872856,0.8286266103396215,0.23795775075134282,0.014300323459260925,0.44960932005050575,0.8479187933161239,0.41250951399958447,0.004062055340173455,0.5085742332178662,0.8885474122749998,0.4393755816700937,0.007970448621214783,0.5017625851809548,0.8557404849773736,0.6937965480406213,0.026033331629137377,0.7303651643195908,1.053478479385376,0.891769289970398,0.1203944981098175,1.013239860534668,0.27055565322302655,0.011733390355339768,0.021730163905040043,0.09345183080046017,0.06286049289779928,0.005340096081377631,0.031349999703505625,0.03233211456109771,0.8651523590087891,0.8839482665061951,0.4596185088157654,0.8606253266334534,0.2872485536514496,0.015088309045898038,0.023148886821711734,0.10579849642130709,0.06673889623672183,0.006866985378522472,0.0333967842197834,0.036603767709907115,0.5370362779818119,0.0,0.149443068544209
B_extended_bad,softimpute,07_pycombat,False,ok,2867.0,0.2098231738730251,-0.33099270550212756,-0.018012459323294,-0.2709108982157838,0.7901768261269749,0.6690072944978724,0.981987540676706,0.7290891017842163,0.008608463837237783,0.058986093334700555,-0.33099270550212756,0.28094430206708576,0.5043042319186188,0.5294930466673503,0.3345036472489362,0.6404721510335429,186.93219142482437,214.4903125392473,214.54657490847308,181.5917668806649,176.94734303609994,184.09952270038454,237.600173923528,88.29490036369992,138.19574229580257,139.95225256565558,182.71887737542582,186.23196026117722,169.9050258418386,163.88413961918758,0.08445502098146442,1.5051173991571343e-05,1.3755840990352273,1.0933350830732251,1.0768355993362355,1.0206000986461428,0.5585079202861523,0.43051359516616317,0.7090643274853801,0.5017182130584192,0.11978084371629014,0.08731288845612689,0.15664269708217549,0.10578922905132628,0.4723365178073575,0.6442982932877941,0.6523164148640457,1.0062068369845292,1.052471074534208,0.9228976987536954,0.6897475574741538,13.391044189106935,0.00010728418326930153,3.2728012606197786e-07,0.00019336815942726425,0.001,1.0,0.997,1.0,,,,,,,,,36.36867803129602,4.0399827512039055,-9.5608688856565,0.3812837035255065,1.1015869039912252,1.952319241377611,6.148811802425124,8.908287773943089,11.521205167209452,2.627584468451109,0.0,0.0,0.03341371102887903,0.7888888888888889,0.6722222222222222,0.7546296296296295,0.225,1.4405198883145602,1.0768355993362355,1.0472504046688211,1.1401057746901038,0.006034519018007675,0.00960444991702944,0.04725040466882113,0.008241516158241398,0.0039215686274509665,0.007843137254901933,0.01764705882352946,0.0,0.8303108108108108,0.6391755807521533,0.925666790077749,0.8683333333333333,0.877360294117647,0.8456228378668251,0.5692880809613422,0.5185861120532032,18.0,74.0,0.0,0.0,15.0,14949.0,5108.0,1039.0,81.5,2.0,378.3679434804101,0.15531415169854534,0.6207581687256872,0.6306183379312176,0.9997234643828348,0.999991747579432,0.9995052016686186,0.8429928026611475,0.0551090905007207,0.37495233419228186,0.024216479324944987,0.030945505774329283,0.6965831611399522,0.13423463992044998,0.0008478526248408416,3.872516452578473e-05,0.0014245511385092354,0.03989214296734074,0.6106969734290107,0.0007101228557564902,7.099366014365605e-05,0.001191609061288633,0.9651897099902935,5.3484849924129894e-05,1.541821829299308e-09,8.752575600093233e-05,0.5174960508864516,0.000747899315687872,4.206904605350776e-06,0.001453495405463516,0.891772557310664,0.00015155364407952243,2.485486827781008e-06,0.0004514869891097966,0.8309050666888539,0.0003516728505619929,2.6823503143909203e-05,0.0008591314499932675,0.41761507998695413,4.730093422696812e-05,2.1010333733888246e-05,0.0011692539994901932,0.7634628566147631,0.003351795193282988,5.340210003618215e-05,0.0041881309837715815,0.5410739714912861,0.0019139753921454028,0.00018663014234380078,0.0034515691349640823,0.8176281929661902,0.0006687365210952339,3.073263436693808e-06,0.0007514019366362269,0.6099911520350556,0.00048198469164781544,1.8624709164756043e-05,0.0006419066683741237,1.0025749206542969,0.35517531633377075,0.0688018947839737,0.37242239713668823,0.2850161433787229,0.03223830969362965,0.034629729273162844,0.09902513843157375,0.06622022139691712,0.014672287041642964,0.04996013868971941,0.03426034667030233,1.1083991527557373,0.5762779712677002,0.22325722873210907,0.6391146183013916,0.3162049046903485,0.040790914500875575,0.04213702926966939,0.12020061829001077,0.07346657121650293,0.018564745234339212,0.06079088316514513,0.04158655991625868,0.0,0.0,0.0
B_extended_bad,softimpute,08_inmoose_combatseq,False,ok,3109.8,0.3219632677623965,0.1126599557422072,0.032118658705572505,0.029714572764901425,0.6780367322376035,0.8873400442577928,0.9678813412944275,0.9702854272350986,-0.12234345993028557,-0.019912110328876912,0.1126599557422072,0.19691472255875533,0.4388282700348572,0.4900439448355615,0.5563299778711036,0.5984573612793777,420.07581782502683,474.2362026594655,479.65217312563584,449.52911358794046,396.5236053238799,427.16152751417866,487.38158882766396,137.85184712648092,313.9414981741695,310.7824755752047,333.2711010261709,413.8954383748568,283.1697572294216,379.46126063625144,0.5370362779818119,0.0,1.3120537800266632,1.058572523043371,1.0101941307115017,1.0064588293356993,0.6397790055248619,0.2807017543859649,0.9094736842105263,0.6200204290091931,0.14030043449892804,0.057301543464885044,0.21153953819877283,0.1358233672417278,0.3281594447407587,0.66199395240941,0.6479330085174057,0.7413782354743388,1.0438103376891965,0.6629102552313128,0.7785711839238706,49.27463487791657,0.6592152187514301,0.023841453282730674,1.024594565136812,0.001,0.001,0.001,0.001,,,,,,,,,30.0,4.0,0.0,0.0,0.0,2.0,6.0,11.0,16.0,3.622934765619195,0.527027027027027,0.5,0.149443068544209,0.803968253968254,0.5753968253968255,0.7148148148148148,0.10989010989010989,1.4093800535137608,1.0101941307115017,1.018495164304954,1.111103096367189,0.005607945938544669,0.0012742663389377074,0.018495164304954015,0.0065354762568934745,0.0,0.0039215686274509665,0.015686274509803977,0.0,0.6520135135135136,0.4841585614968954,0.7333276564235468,0.8283611111111111,0.8668088235294118,0.6974777322110637,0.6502196837067366,0.6589429941304284,18.0,74.0,39.0,37.0,15.0,15248.0,5108.0,1039.0,81.5,2.0,378.3679434804101,0.05973966636847827,0.6089570944088423,0.6015882336604674,0.6429352458616728,0.9623983695828648,0.511870674519233,0.8205305455080366,0.6963073585529813,0.8923537206597444,0.7627787365818635,0.6907099897248125,0.8811899980492945,0.19989655848896226,0.3263249500317252,0.06278045686190573,0.5118724309648592,0.08021094668076446,0.7196507886209559,0.019970687250639788,0.019770292062707445,0.14029732002349746,0.9866008433654604,0.37291373529675975,0.025346143047980163,0.48346757843748245,0.9232527985460847,0.6109396106664946,0.005244959027633957,0.7040713802964625,0.956770951654358,0.33348855193568167,0.26573721896850083,0.7446181690870776,0.8896495825667353,0.09968825883480553,0.12320413273864844,0.46541502545642494,0.9151417148312324,0.04260926187122816,0.13613566372379987,0.39054353357872856,0.8286266103396215,0.23795775075134282,0.014300323459260925,0.44960932005050575,0.8479187933161239,0.41250951399958447,0.004062055340173455,0.5085742332178662,0.8885474122749998,0.4393755816700937,0.007970448621214783,0.5017625851809548,0.8557404849773736,0.6937965480406213,0.026033331629137377,0.7303651643195908,1.053478479385376,0.891769289970398,0.1203944981098175,1.013239860534668,0.27055565322302655,0.011733390355339768,0.021730163905040043,0.09345183080046017,0.06286049289779928,0.005340096081377631,0.031349999703505625,0.03233211456109771,1.0258522033691406,0.8436651825904846,0.2056311070919037,0.8191988468170166,0.2846279263984276,0.011226745521649149,0.02239277607438863,0.09966235110384056,0.06613002364853543,0.005109512080581116,0.032305946994257505,0.03448080712509539,0.5370362779818119,0.0,0.149443068544209
B_extended_bad,softimpute,09_ruv,False,ok,3031.6,0.238025464538161,-0.051438919842108105,0.13020211410526225,0.062367858442248965,0.761974535461839,0.9485610801578919,0.8697978858947377,0.937632141557751,-0.1872024027851817,-0.002068828850180351,-0.051438919842108105,0.042923091992698954,0.40639879860740913,0.49896558557490983,0.47428054007894593,0.5214615459963495,261.29523369798636,268.06982350022327,268.90079134598034,270.17036921464575,275.7608370535715,266.62220264480567,261.7130929943621,150.7752214924322,239.20836774663766,238.82600157767246,231.74516154180944,239.15208622327953,192.8659140430003,253.85057591322246,0.35253943910816943,0.0,1.3325972353631264,1.0597642446659168,1.018797514549899,1.0074151802035543,0.6335053965274519,0.28662420382165604,0.8394698085419735,0.6628003314001657,0.1369600088523408,0.05741770478833143,0.18689032881562423,0.141505201926511,0.5770301254966754,0.8923360511946561,0.8881565590872054,0.8577741601178028,0.8672445615503406,0.7233677920662009,0.9699574943263957,7.729761848430101,0.44561585507198326,0.1133526327161899,1.6414090304084439,0.001,0.001,0.001,0.001,,,,,,,,,662.0,4.0,0.0,0.0,0.0,2.0,6.0,8.0,11.0,2.6656150394866955,0.16216216216216217,0.12162162162162163,0.10319451628661418,0.8188888888888889,0.6111111111111112,0.7314814814814814,0.1875,1.4753844023671872,1.018797514549899,1.0348260299579188,1.1431119526720215,0.006512115100920372,0.0023496893187373857,0.034826029957918836,0.008418350157177734,0.0,0.00588235294117645,0.025490196078431393,0.0,0.5269594594594594,0.39103364354066733,0.7031192151055164,0.8393888888888889,0.8273529411764706,0.63240058019159,0.6337676149391861,0.5722260398434611,18.0,74.0,12.0,9.0,15.0,15248.0,5108.0,1039.0,81.5,2.0,378.3679434804101,0.20824641572234825,0.8557771693658025,0.8588741160718283,0.7530715990848942,0.9218148523737046,0.5115229740146541,0.9664656113058205,0.25077145148816976,0.4744161995157279,0.4824239735630255,0.5084245806526759,0.7748794798000649,0.1297912353631425,0.2489247329755559,0.054542453694769163,0.4398330531124383,0.03043539815710186,0.6353471152705352,0.15062859210155347,0.024318023292627413,0.19358552154916667,0.8750151658672983,0.3695799760163092,0.13761249846335702,0.6300824277784308,0.9135750318170074,0.14294498469259137,0.005310356446940048,0.5980486048865239,0.870122358763623,0.05993485515883871,0.08759397605177001,0.4308415372762557,0.8362360530230258,0.41127251118413904,0.1831537118027512,0.6098510025868292,0.7377905916332274,0.15752435297603615,0.0007772933459752865,0.34089818656736776,0.8005408282894864,0.11219228384682575,0.003552562893764763,0.24487431899477632,0.6831820043714009,0.25540996852730985,0.006639936126005442,0.3610325215485849,0.7759364651697424,0.5224148740448827,0.017719701840306495,0.5889907630874321,0.621049183795302,0.30734493120707274,0.07874647668419395,0.4001256468490149,1.138351559638977,1.1343755722045898,0.13825413584709167,1.0290019512176514,0.3016122807534562,0.015196545264222467,0.03768465706108033,0.11324925889157558,0.07007614295371177,0.006916245804352793,0.054367467859621856,0.03918155461566201,0.8485298156738281,0.7517940998077393,0.3640176057815552,0.880966305732727,0.3229699144197023,0.02465259583788312,0.03687563786516774,0.12603625502204777,0.07503834338603524,0.01121987988490936,0.05320029987769478,0.04360555166570915,0.35253943910816943,0.0,0.10319451628661418
B_extended_bad,softimpute,10_mnn,False,ok,3053.4,0.09879823989723277,-0.25027801862094257,0.122461444709031,-0.08617637227486946,0.9012017601027672,0.7497219813790574,0.877538555290969,0.9138236277251306,-0.09537571569829321,-0.04953469069279116,-0.25027801862094257,0.2495230608459429,0.4523121421508534,0.4752326546536044,0.3748609906895287,0.6247615304229714,0.26470671936125106,0.2711493396450243,0.27087788033529014,0.260467985764015,0.281151177786743,0.2678053262722421,0.3203326472855126,0.12207497416841084,0.23930614263308705,0.2404205886291246,0.25279302332837544,0.23798164078265677,0.19831699887707033,0.23713239769969074,0.0,0.0,1.4072491820327249,1.1923115878880375,1.312393175347349,1.0500538455096182,0.7066152477009789,0.7130094919039642,0.8428686543110395,0.7042880258899676,0.15614041713428062,0.15175029340335672,0.1870723966974407,0.1525228890166827,0.4611706664000941,0.8825621443385228,0.8875608016850036,0.9705339509839298,0.8464543618706414,0.7405267163188076,0.7402692161075126,9.972638165840348,0.17369948929477,0.23264440866091166,1.3341394170357752,0.001,0.001,0.001,0.001,,,,,,,,,14.01771631380172,4.284539647640117,1.1003936446142235,1.1961268281962085,1.32080144850059,2.044344626399195,6.047562400832464,8.153196405322818,10.378285783726614,2.3323649225506045,0.0,0.0,0.0,0.8111111111111112,0.7916666666666666,0.8,0.41666666666666663,1.9732790738737291,1.312393175347349,1.140766208394178,1.6487149050629821,0.013332590053064784,0.039049146918418626,0.14076620839417808,0.03815970029782248,0.0,0.02941176470588236,0.0862745098039216,0.0,0.8286081081081081,0.600472511491682,0.8792221399481673,0.7782777777777777,0.8639632352941177,0.7809007944649421,0.4865031002978932,0.5215164211669199,18.0,74.0,0.0,0.0,15.0,14949.0,5108.0,1039.0,81.5,2.0,378.3679434804101,0.22656276883277848,0.8247424910703738,0.8410810139714594,0.897332677743778,0.9075190511842907,0.6365174824526008,0.9190083225816783,0.0001206281379656376,0.0004957558652334925,0.00012855860221809085,0.00026596174665993917,0.7214586066296704,0.14508490744897187,0.10282627453961155,0.056012685523140995,0.3101429943257298,0.0645872591677664,0.5896826882911678,0.1825242522266025,0.0003347961076516903,0.25398695934771726,0.8995744882774186,0.22631593549827364,0.16679722344674386,0.5341117524059388,0.92473742253816,0.014164254383260222,0.22622251470446045,0.6355921296594927,0.967512007192779,0.06297272192603683,0.01402907945767941,0.2996992838014354,0.8991999977479174,0.15664301930315286,0.13594465890916457,0.3256074392363162,0.9135940702304508,0.023326428240933682,0.006268324537842876,0.4172294088212695,0.691773575154596,0.05625518801109051,0.004683517066745502,0.15959613568137693,0.26932750109751247,0.027378948613435924,0.0016668371824108273,0.040032116649211656,0.4786987899003706,0.07050810271631398,0.004167203137733561,0.15813469289696763,0.5804855258663316,0.2081738944770154,1.2700680977224937e-05,0.27744002475757124,1.0150485038757324,0.4051721692085266,0.4686058759689331,0.6483612060546875,0.6037336250917129,0.23022982101594988,0.13723924844944968,0.41644859475128,0.14027056097384952,0.1047821071139967,0.1979943831533494,0.1440813257372828,1.1383322477340698,0.22360095381736755,0.3073248565196991,0.569280743598938,0.6445081417055993,0.2568973027443159,0.1523054614275099,0.4499625331589385,0.14974405074013272,0.11691900108625329,0.21973033390177382,0.15567635268013275,0.0,0.0,0.0
B_extended_bad,softimpute,11_harmony,False,ok,3145.7,0.09883693608586219,-0.031842526014125086,-0.0026614759808446416,-0.06647669006977844,0.9011630639141378,0.9681574739858749,0.9973385240191553,0.9335233099302216,-0.189745893720755,-0.0798106583123059,-0.031842526014125086,0.0641222893993145,0.4051270531396225,0.46009467084384703,0.48407873699293746,0.5320611446996573,351.3245690449047,372.7875021853081,377.7772215203998,410.35410284429867,332.550625044558,361.09693383044333,365.9146856912235,86.74160474847521,291.3727714843313,286.87360678433595,217.44762273295862,342.77790896094814,204.80779888218615,329.0698627639039,0.5344963273871983,5.0826337880377756e-06,1.3822110503220113,1.0995474207168552,1.0459594245177322,1.0244723481476419,0.577613104524181,0.47509578544061304,0.6297608503100088,0.49206349206349204,0.124448952687194,0.09567158129322247,0.13045507835197606,0.09895612723718289,0.24689877222161566,0.7816055253362368,0.7593724302110811,0.5299023970413795,1.0307540661366064,0.5671823261128982,0.8993076135828804,28.09083130653102,1.445421381128966,0.0018926713937324334,1.6591961717040165,0.001,0.001,0.001,0.001,,,,,,,,,29.202127121082505,3.402739855259788,-5.578143973048527,-0.18473936180345596,0.07899940059184338,1.905969287268182,5.815887275624925,10.2377014597444,13.191246042219364,3.1189457822740083,0.22972972972972974,0.21621621621621623,0.1510049894986035,0.8577777777777779,0.5888888888888889,0.6419753086419753,0.1388888888888889,1.5148551644369093,1.0459594245177322,1.1020706710681538,1.2110530262521226,0.007052810471738483,0.00574492806471652,0.10207067106815382,0.012414883897183685,0.0,0.019607843137254943,0.039215686274509776,0.0,0.8612027027027027,0.6610535491600067,0.9346949278045168,0.9762777777777778,0.9664558823529412,0.8722411060680892,0.8125200388033352,0.7566165370795574,18.0,74.0,17.0,16.0,15.0,15248.0,5108.0,1039.0,81.5,2.0,378.3679434804101,0.08841133733805673,0.7304371374169112,0.72577423073409,0.4767463219069329,0.997038631054336,0.4438277333231554,0.8692227811612223,0.5183276513779048,0.759850813498995,0.6392204186513438,0.5968749706128307,0.7517132247512512,0.13010225342868026,0.19302605070938078,0.009243227579320508,0.23310509816896144,0.03291668090077836,0.5533154702262703,0.10583811620392033,0.03251012046742456,0.16976765906220595,0.9722776027886436,0.6170167810162634,0.0014436830114486455,0.647447811084792,0.8541892325259781,0.15649431649270867,0.009349966262757936,0.23028898663345615,0.8331614514279753,0.3109299164054013,0.03785350851750162,0.39297273234088775,0.783130022512458,0.28720018948951376,1.559471521110645e-05,0.3226384091228613,0.8245511280300609,0.13197042473789003,0.0010721414736347334,0.15597221024944877,0.3757392421778269,0.02534313736885679,0.0003483659720404596,0.05480355707883282,0.804655083889513,0.22828688626923474,0.0009913192264192757,0.25761221632705,0.6600278857144937,0.005408912361992764,0.0014909414256014974,0.01924575901033982,0.8560851282192933,0.06177182674802586,0.007356634721165249,0.08030164077974003,1.0325231552124023,0.9751554727554321,0.15652355551719666,1.014693260192871,0.33658234064784576,0.04595336994237449,0.06981252120379505,0.14589352594309635,0.0782010339897709,0.020914279958621954,0.10071817813267073,0.050475695918537795,0.8801320791244507,0.8325792551040649,0.17457304894924164,0.8113164305686951,0.37929711870614186,0.07822367509781757,0.09915725055960319,0.19129929161154904,0.08812532117718817,0.035601128762473226,0.1430536736505239,0.0661850127371821,0.0,0.0,0.0
B_extended_bad,softimpute,12_scanorama,False,ok,2997.3,0.10027007950612656,0.03796711430138144,0.0514611835977708,-0.16822626988733544,0.8997299204938735,0.9620328856986186,0.9485388164022293,0.8317737301126645,-0.10176927533092227,-0.010101641967538506,0.03796711430138144,0.45375768477324185,0.44911536233453886,0.49494917901623076,0.5189835571506907,0.7268788423866209,0.41902842889221587,0.467823013388509,0.4688692253899839,0.46794900892345626,0.4140383096322758,0.429961355256824,0.6418898074360613,0.13849592061391222,0.320331890513113,0.3225155214781817,0.2999192406913184,0.39754809827580134,0.2603617829746661,0.32779099349646734,0.0,0.0,1.3615015429424788,1.1278104360954508,1.070174824799336,1.0046505627351776,0.721194417396949,0.7235649546827795,0.851341551849166,0.7444807849550286,0.15937984657172477,0.1542569620036805,0.1896605448033009,0.16348022713039628,0.3305167646502015,0.6847287998786192,0.6878581574850174,0.6409229103429452,0.9601722570765974,0.6055469399549807,0.5106655218685937,59.658336406116945,1.059408756043349,0.054444854863368364,1.4647042535702153,0.001,0.001,0.001,0.001,,,,,,,,,14.029840949807804,4.2808310494064195,1.099251048517537,1.1952563210111549,1.3200276446743167,2.0424563189661766,6.042003596723155,8.14825480144796,10.37340709756855,2.3308591584684524,0.0,0.0,0.0,0.7595238095238095,0.5932539682539683,0.787037037037037,0.15476190476190477,1.5805564071001508,1.070174824799336,1.1110597809297555,1.2755289703562362,0.007952827494522613,0.008771853099916987,0.11105978092975555,0.01620758649154331,0.0019607843137254832,0.0019607843137254832,0.050980392156862786,0.0,0.8492432432432433,0.6314075660962913,0.9230895964457608,0.9573333333333334,0.9625514705882353,0.861027591126086,0.8200320978369522,0.7465869922936071,18.0,74.0,0.0,0.0,15.0,14949.0,5108.0,1039.0,81.5,2.0,378.3679434804101,0.11816904129904027,0.6169062975060834,0.5994382203218662,0.635783016301053,0.9438342363430349,0.5147020415604784,0.7154597650728134,0.00046003222134150516,0.0008169437112796018,0.0008295409612194523,0.0007699488919941724,0.7726455411511919,0.19935144981766798,0.2168611435271946,0.047684843303341315,0.372552086182728,0.08736697026350827,0.3844214899588617,0.005557392318472186,0.0001509191624126284,0.03509968600495044,0.9872787824196098,0.29678088711637357,0.08034172608185658,0.40666151562084984,0.976786985182055,0.9033492814510115,0.00033266167033105124,0.9295294713292308,0.941916854154681,0.2426342068827625,0.2344450825247719,0.5793644366839673,0.8584712646415769,0.05497634641917969,0.014146908143483287,0.4043576726406878,0.7671176034008692,0.029626101695144104,0.011005409014403828,0.22375847567820797,0.7769562730678723,0.06090240976020049,0.02699775324849564,0.315082740440729,0.4696919174494384,0.00953834649026359,0.009228960566039935,0.08048483457746808,0.808184162458465,0.3928220712138663,0.09383742306870779,0.5331842268747261,0.7556300787784899,0.17242439192467207,0.0063615895529105715,0.21799780197646296,0.9847463369369507,0.8366480469703674,0.21285322308540344,0.9587501287460327,0.38679505347148607,0.056949616252100786,0.0853181993072552,0.20386500233181168,0.08986738004548525,0.025918887327003693,0.12308814303815328,0.0705324502894397,1.0756628513336182,0.9579020738601685,0.23843088746070862,0.8901329040527344,0.4171618564893206,0.06563005962487418,0.08700236663445113,0.2194435062356065,0.09692275731331089,0.02986952735820935,0.12551788288912605,0.07592224274822502,0.0,0.0,0.0
B_extended_bad,softimpute,13_fsmvn,False,ok,3194.5,0.1858770138997482,-0.1107087837783511,0.022987357708869467,-0.08397304630097835,0.8141229861002518,0.8892912162216489,0.9770126422911305,0.9160269536990217,0.022128518638851645,0.12294317147202703,-0.1107087837783511,0.24421128555048582,0.5110642593194258,0.5614715857360135,0.44464560811082443,0.6221056427752429,157.25528711385422,169.45769141865333,169.77364635199172,155.02421546883212,156.13969916178786,155.39289327851253,186.80295910052376,106.71301878997119,134.87098075187996,135.29174135852412,154.2518580663537,153.56556207105297,150.9160229207787,144.27604729369978,0.32092200103618884,0.29784233997901366,1.400660078816422,1.1174173318979685,1.177321284821123,1.0318614637374763,0.5096805421103582,0.5140597539543058,0.759020618556701,0.5117891816920943,0.1091225176447574,0.1056932405764274,0.16798668375014475,0.10639405416797912,0.6785973352534088,0.7958976640291573,0.796894831828161,0.995017827375274,0.9835138846523097,0.9711899929058538,0.7723434788635275,5.6918064314646,1.7074177310004818e-07,4.7114939946983304e-08,6.417182749242465e-07,0.001,1.0,1.0,1.0,,,,,,,,,28.51028550626912,2.6814649294094677,-15.101759493095024,-0.36561206678162317,-0.0345928063608544,0.5650279595389958,4.642826731361863,7.178656286599853,9.69725886215921,2.4823622063244466,0.06756756756756757,0.06756756756756757,0.3112955594623088,0.8888888888888888,0.7222222222222222,0.8271604938271605,0.41666666666666663,1.5529056615513983,1.177321284821123,1.0446340245608747,1.2607439427781497,0.007574050158238333,0.02216516060264037,0.04463402456087473,0.015337878986949983,0.00588235294117645,0.03137254901960784,0.027450980392156876,0.0019607843137254832,0.830760705017301,0.6390321016752883,0.8888436204602762,0.3343611111111111,0.5245882352941177,0.7979486093182243,0.24943692356267755,0.29153738188144407,18.0,74.0,5.0,5.0,15.0,15248.0,5108.0,1039.0,81.5,2.0,378.3679434804101,0.28636520176286484,0.7125176785241127,0.7195774322563226,0.999998045650971,0.9999995548784605,0.9999934261463446,0.8864427152228285,0.010689477200923178,12.553051996842369,3.502561950319249e-14,6.071383460988502e-14,0.5875992857049976,0.1359314625143781,3.525000248284938e-06,9.158472552015044e-07,1.2366176160746463e-05,0.03652979573272704,0.21272038780746663,8.500255310860403e-06,2.343722493688397e-06,3.1029513164668335e-05,0.8894103840163956,1.9141034009707247e-07,5.23949266123353e-08,6.968498171975129e-07,0.6213796911031771,4.880376825734419e-08,1.5964725508547576e-08,3.16457316781916e-07,0.7870248534333718,8.926887893983631e-07,1.6072452473590993e-07,2.3889787317953203e-06,0.6184094507631239,3.295815815636532e-08,1.045550423237481e-08,2.3565560257817713e-07,0.5037250779532536,3.999568011862758e-06,1.0269460122192379e-06,1.3864705558860024e-05,0.7501004191828448,1.9701668781848083e-06,2.293836698330872e-07,3.979344536105528e-06,0.5440284042026858,1.2297627550376715e-05,3.6293838794286495e-06,4.7231187774151204e-05,0.540314748318578,7.135818284218636e-07,1.1446033094637952e-08,1.1770918440783855e-06,0.4088794402690788,6.602941847233686e-06,1.678050782661866e-06,2.274197726124822e-05,1.0006210803985596,0.33120954036712646,0.06506127864122391,0.31843337416648865,0.33116681881553295,0.09300069745323158,0.04551799248294074,0.15746435784373208,0.0769427998053336,0.042326441462793,0.06566858202635972,0.05447892902134734,1.133201241493225,0.24356746673583984,0.18833710253238678,0.33115240931510925,0.37603712900286945,0.12026764574689723,0.05311520318325675,0.18789713941895478,0.08736790008046273,0.054736164426443086,0.0766290402282942,0.06500794885835752,0.09193304008313749,0.0,0.018699770682533253
B_extended_bad,softimpute,14_qsmooth,False,ok,3236.7,0.2981041268569598,0.20293074310378864,0.10340671143024195,0.17964048692401963,0.7018958731430402,0.7970692568962113,0.8965932885697581,0.8203595130759804,-0.10152036196497356,-0.02258372469565431,0.20293074310378864,0.28665383281513857,0.4492398190175132,0.48870813765217286,0.6014653715518943,0.6433269164075692,268.5975027509811,283.01794744420096,283.99241170068893,289.92257400034754,271.7432599805413,276.572722248046,325.5054313192647,123.35656772437699,232.12744778168425,232.087728058064,213.61928656556518,252.7062932673287,173.01176079186894,240.4325161076736,0.29874908020603386,0.0,1.3158297888653985,1.061477575077421,1.0014951576315845,1.0059447845960818,0.6349948078920041,0.23809523809523808,0.8653846153846154,0.5410852713178295,0.14163583425125312,0.044976086843298305,0.19554480693239823,0.11722874400931463,0.45926178188909617,0.8201863163729214,0.8172321459865999,0.7368149489639572,0.9299450271017732,0.6255561263800349,0.7386436383970834,175.48953059138194,1.8855425474360203,0.01941004914998823,2.717249303358464,0.001,0.001,0.001,0.001,,,,,,,,,20.035191764628017,3.9663557538327954,-0.0490943740714961,0.2782438054897342,0.3642073663946127,2.0948956590138943,6.320372316819631,9.196183151603485,11.408728345333136,2.7764670774207487,0.10810810810810811,0.0945945945945946,0.11098214220702254,0.7972222222222224,0.5902777777777778,0.7685185185185185,0.16666666666666666,1.4215803571692125,1.0014951576315845,1.010918742153489,1.080476837826808,0.005775073385879623,0.00018689470394805952,0.010918742153489092,0.004733931636871054,0.0,0.0,0.0117647058823529,0.0,0.8178918918918919,0.5847941453848573,0.9254157719363199,0.9516944444444444,0.9566397058823529,0.8509539279699673,0.8153633926930545,0.7612372587468684,18.0,74.0,8.0,7.0,15.0,14949.0,5108.0,1039.0,81.5,2.0,378.3679434804101,0.09531191920805848,0.7516589300563495,0.7434266031223982,0.5813473340938127,0.9223369949818674,0.36990785479785104,0.8504553556976584,0.23682893082502002,0.4452993165751381,0.5213890184622337,0.4788107008993528,0.886630530416603,0.18837459438127474,0.3616922257826541,0.07447551980524661,0.5957888332607179,0.07886335812983755,0.9573733941232699,0.7480123219705442,0.00858054955339479,0.783417046543273,0.9954851693020549,0.8992580771145833,0.026631594644702765,0.9832749023524067,0.9927311154152848,0.3112048337005043,0.008471540192101685,0.3797252853080851,0.9608752752864875,0.06044705268842082,0.5244349749601661,0.8054962726303961,0.9562963893826507,0.07906807893702222,0.13387809189160577,0.8806473006518885,0.902332955735691,0.10079664250998195,0.011909847066149384,0.2658847144417951,0.8259724406842976,0.11603514019364401,0.001865644755798181,0.2988780728305587,0.933088695891426,0.6577642452132596,0.010666215687262682,0.7795397340984773,0.7241340208222522,0.3829790751413889,0.0001369755969384732,0.4364922408435107,0.6180158475226152,0.26135679035719145,0.018179763704346104,0.3445327629067874,1.0787577629089355,1.0332746505737305,0.19127780199050903,1.0733940601348877,0.2819670252696437,0.0017097268358777285,0.018600970663734763,0.07127763592113638,0.06551179388872409,0.0007781302164162466,0.026835528132291234,0.02466036963114314,1.072474479675293,1.083443284034729,0.3223569393157959,1.1015270948410034,0.30170239257085996,0.016386854770732075,0.02623621600731712,0.09186023195885837,0.07009707939762058,0.007457979006678731,0.03785085872544805,0.031781459152410665,0.0,0.0,0.0
B_extended_bad,softimpute,15_fsqn_py,False,ok,3257.4,0.2603782075622482,0.15922825414604203,0.12255365968430727,0.07056157137842083,0.7396217924377517,0.840771745853958,0.8774463403156927,0.9294384286215792,-0.05357921622974467,0.049739263004196926,0.15922825414604203,0.29952289079170635,0.47321039188512765,0.5248696315020984,0.5796141270730211,0.6497614453958531,227.54055200235737,236.69451298736809,237.78826336474415,236.77894866202723,237.02444908809258,231.5604312541053,268.26499064801783,132.88521304274948,204.10180122464024,203.46914632939428,199.49642998978112,210.99480948005822,172.0829598303883,207.99891928162316,0.3128934942287513,0.3128934942287513,1.330892887725797,1.0669953762376376,1.0110025480731846,1.0051822723077584,0.6720142602495544,0.358695652173913,0.8686730506155951,0.6843774781919112,0.1479693111035507,0.0764937271248243,0.19887894858767308,0.15324744957858027,0.5840067270355078,0.8623005182867621,0.855673629346846,0.8425429334705666,0.8901816259538687,0.7431449272157867,0.775348728058713,97.24553893468186,0.8481093882043113,0.03649935090440651,1.2516512590514544,0.001,0.001,0.001,0.001,,,,,,,,,9.77113170993032,2.6908120710295917,-0.2048107981484955,-0.0011167484153477,0.0003592301218418,0.5060366661335957,4.559620608388822,6.874543115716523,8.483237862115915,2.3181075266131965,0.0,0.0,0.3128934942287513,0.768888888888889,0.6027777777777777,0.787037037037037,0.175,1.4720278741175699,1.0110025480731846,1.035334417599587,1.138416486663837,0.006466135261884519,0.0013753185091480713,0.03533441759958711,0.008142146274343358,0.0,0.0019607843137254832,0.021568627450980427,0.0,0.8025536538983972,0.5679274522613111,0.8870290827740492,0.9437185929648241,0.9375996810207337,0.7949722871176033,0.771278622096988,0.6799675694603815,18.0,74.0,0.0,0.0,15.0,15248.0,5108.0,1039.0,81.5,2.0,378.3679434804101,0.14332669964277,0.7321543363931171,0.7182412814702709,0.7159463808610861,0.9139546134060961,0.5107243161632167,0.8278675827856329,0.0,0.6633477859578583,0.649924132572927,0.6150747270019312,0.8482915699964853,0.1972346008633596,0.3449399133550257,0.07269106561551195,0.5464898499180293,0.08456627558314687,0.6894478973164726,0.24509526341350918,0.016476517826965593,0.39366204373206604,0.9922147291524106,0.3119045925541326,0.034751318214869355,0.40033848183355564,0.9854892451125676,0.7249975793990605,0.03605167977708802,0.8374330252278387,0.9589458757293428,0.16472708604448275,0.5528373562426887,0.745217448099644,0.9409835178472356,0.013474312697334043,0.0012657529124133382,0.6576229476030586,0.8663770855545138,0.05072274156737838,0.00579054210078806,0.11432432322251936,0.8153823643362305,0.6326730859965984,0.00023106830596025698,0.684433631072398,0.5123179163490689,0.007546328004889681,0.029079703010766043,0.2226538058506611,0.7592471920478608,0.5404480753309642,0.004996508847118175,0.6100562247107834,0.9625098765191483,0.7578100685419071,0.04543020891646203,0.7991565678277682,0.9924622774124146,0.9551231861114502,0.20897135138511658,0.9632753133773804,0.3118274783720136,0.011832693788353782,0.03925221793022977,0.11351397427108435,0.0724495265799693,0.005385291021411664,0.05662898015183534,0.039273139851639216,0.9494286775588989,1.165254831314087,0.410256564617157,1.0283770561218262,0.3246180686368085,0.01793325875955912,0.04417048022813166,0.12601527152130426,0.07542127305401553,0.008161777792100025,0.06372453277880956,0.043598291872678656,0.0,0.0,0.0
B_extended_bad,softimpute,16_fsqn_r,False,ok,1.5,,,,,,,,,,,,,,,,,,,,,,,,,,,,,,,,,,,,,,,,,,,,,,,,,,,,,,,,,,,,,skipped: PCA failed,skipped: PCA failed,skipped: PCA failed,"Traceback (most recent call last):
  File ""/app/harmonization-metrics/compute_batch_metrics.py"", line 1170, in _run_group
    group_result = fn(*args)  # type: ignore[operator]
                   ^^^^^^^^^
  File ""/app/harmonization-metrics/compute_batch_metrics.py"", line 260, in compute_group_e
    result[""exp_min""]    = float(np.nanmin(flat))
                                 ^^^^^^^^^^^^^^^
  File ""/usr/local/lib/python3.12/dist-packages/numpy/lib/_nanfunctions_impl.py"", line 356, in nanmin
    res = np.fmin.reduce(a, axis=axis, out=out, **kwargs)
          ^^^^^^^^^^^^^^^^^^^^^^^^^^^^^^^^^^^^^^^^^^^^^^^
ValueError: zero-size array to reduction operation fmin which has no identity
",skipped: PCA failed,"Traceback (most recent call last):
  File ""/app/harmonization-metrics/compute_batch_metrics.py"", line 1170, in _run_group
    group_result = fn(*args)  # type: ignore[operator]
                   ^^^^^^^^^
  File ""/app/harmonization-metrics/compute_batch_metrics.py"", line 1087, in compute_group_h
    D = pairwise_distances(X, metric=""euclidean"")
        ^^^^^^^^^^^^^^^^^^^^^^^^^^^^^^^^^^^^^^^^^
  File ""/usr/local/lib/python3.12/dist-packages/sklearn/utils/_param_validation.py"", line 218, in wrapper
    return func(*args, **kwargs)
           ^^^^^^^^^^^^^^^^^^^^^
  File ""/usr/local/lib/python3.12/dist-packages/sklearn/metrics/pairwise.py"", line 2473, in pairwise_distances
    return _parallel_pairwise(X, Y, func, n_jobs, **kwds)
           ^^^^^^^^^^^^^^^^^^^^^^^^^^^^^^^^^^^^^^^^^^^^^^
  File ""/usr/local/lib/python3.12/dist-packages/sklearn/metrics/pairwise.py"", line 1969, in _parallel_pairwise
    return func(X, Y, **kwds)
           ^^^^^^^^^^^^^^^^^^
  File ""/usr/local/lib/python3.12/dist-packages/sklearn/utils/_param_validation.py"", line 191, in wrapper
    return func(*args, **kwargs)
           ^^^^^^^^^^^^^^^^^^^^^
  File ""/usr/local/lib/python3.12/dist-packages/sklearn/metrics/pairwise.py"", line 343, in euclidean_distances
    X, Y = check_pairwise_arrays(X, Y)
           ^^^^^^^^^^^^^^^^^^^^^^^^^^^
  File ""/usr/local/lib/python3.12/dist-packages/sklearn/metrics/pairwise.py"", line 173, in check_pairwise_arrays
    X = Y = check_array(
            ^^^^^^^^^^^^
  File ""/usr/local/lib/python3.12/dist-packages/sklearn/utils/validation.py"", line 1106, in check_array
    raise ValueError(
ValueError: Found array with 0 feature(s) (shape=(2000, 0)) while a minimum of 1 is required by check_pairwise_arrays.
","Traceback (most recent call last):
  File ""/app/harmonization-metrics/compute_batch_metrics.py"", line 1190, in compute_all_metrics
    pca_coords, eigenvalues = compute_pca(exp_df)
                              ^^^^^^^^^^^^^^^^^^^
  File ""/app/harmonization-metrics/compute_batch_metrics.py"", line 132, in compute_pca
    raise ValueError(
ValueError: Expression matrix has 0 usable gene columns after dropping all-NaN genes (original shape: (5108, 0)).
",,,,,,,,,,,,,,,,,,,,,,,,,,,,,,,,,,,,,,,,,,,,,,,,,,,,,,,,,,,,,,,,,,,,,,,,,,,,,,,,,,,,,,,,,,,,,,,,,,,,,,,,,,,,,,,,,,,,,,,,,,,,,,,,,,,,
B_extended_bad,softimpute,17_quantile,False,ok,3680.4,0.26102448227439706,0.15850389279174731,0.12109342698451328,0.06714286073976618,0.738975517725603,0.8414961072082527,0.8789065730154867,0.9328571392602338,-0.05660244827703031,0.04883193496312234,0.15850389279174731,0.30268896029239534,0.47169877586148484,0.5244159674815612,0.5792519463958736,0.6513444801461976,260.3453534747065,270.56399589125033,271.73715320295014,270.3720088377,270.6341702030867,264.69712752432974,305.7443546030281,156.01288600319032,234.33652250265501,233.68835052100417,229.69519297039497,242.2451522057491,199.6771164334166,238.63918330911088,0.0009181532004197271,0.0009181532004197271,1.3347466523170815,1.066788244241475,1.0108448999311799,1.0052680237659315,0.6712818222420723,0.2777777777777778,0.8739837398373984,0.6798107255520505,0.14823752911759389,0.06914163674617788,0.20105165101547395,0.15214336317151897,0.5992535834458346,0.8661038647464518,0.8599793873106164,0.8495524146816446,0.8951018713711052,0.754360722766299,0.7805186905869607,96.6256315168565,0.8432990075911994,0.03454578710387334,1.2262305565004024,0.001,0.001,0.001,0.001,,,,,,,,,10.88596114093015,3.960723416701293,0.6410519114859986,1.079779649160949,1.1063822986955516,1.665782852235839,6.266963008984156,8.64866577280198,10.02507810102594,2.5527128820394043,1.0,0.0,0.0009181532004197271,0.768888888888889,0.6027777777777777,0.7814814814814814,0.175,1.4678298864618549,1.0108448999311799,1.035243682887033,1.138627312949981,0.0064086285816692444,0.0013556124913974843,0.035243682887033057,0.008154547820587124,0.0,0.0019607843137254832,0.021568627450980427,0.0,0.8019211929900947,0.5678323316374034,0.8865444211401244,0.9433270860723377,0.937423685164766,0.7947957441890278,0.7709447429962243,0.6797057776884035,18.0,74.0,74.0,0.0,15.0,15248.0,5108.0,1039.0,81.5,2.0,378.3679434804101,0.14301342581197807,0.7297208000794837,0.7155339495301511,0.7164804293486984,0.9150948051910606,0.513117241250876,0.8253218291238578,2.3074775939726043e-16,0.3324299519752016,0.3357462324140287,0.32348525314092935,0.8465912174183737,0.1958185844002522,0.34425047400928366,0.07239268158285544,0.5463340786518617,0.08477111969180051,0.6848983868577495,0.24978375145531445,0.015540153663047618,0.39931862612364705,0.9922855093280755,0.30840340146845036,0.03398782391434016,0.3947375626677954,0.9850535733888928,0.7347915716947914,0.03228446340349034,0.8410926736074943,0.9593310993789832,0.16120291153412727,0.5547053545115614,0.7348815448012763,0.9416543248102058,0.009171328541200473,0.002908918951096664,0.6666297546421412,0.8674629722047872,0.04958524001031689,0.004874414696423525,0.11304893596461453,0.8126215946893331,0.6215362580271799,0.00014425908840656312,0.6747682568906758,0.5143816284358528,0.01005052054909679,0.0303127965455891,0.22990782144577757,0.7463845916310226,0.5346648784235244,0.007370062093792557,0.6057683558437491,0.9618384934588358,0.7633148783888349,0.041798568960806505,0.8031872545314462,0.9865393042564392,0.9746888875961304,0.2106386125087738,0.9723736047744751,0.30976001610870724,0.010814109133340417,0.04018511811924967,0.11363253548181602,0.07196917551219137,0.004921713167095,0.05797487062817873,0.03931415921546595,0.9955930709838867,1.0229268074035645,0.2419176697731018,0.9970417618751526,0.3212670687475225,0.01583494127605048,0.042797189738810956,0.12274260280655405,0.07464270678777178,0.007206792350396786,0.0617432934001666,0.042466026202766245,0.0,0.0,0.0
B_extended_bad,softimpute,18_rank,False,ok,3332.1,0.2827261770572121,0.18566567846937831,0.11721202720687027,0.0683176144260183,0.717273822942788,0.8143343215306217,0.8827879727931297,0.9316823855739818,-0.05975282417420024,0.048587936471597246,0.18566567846937831,0.29806820815480484,0.4701235879128999,0.5242939682357987,0.5928328392346891,0.6490341040774024,26.093270462841883,27.348706370745564,27.495319546867808,27.40990320229329,27.02819876216571,26.62376441085427,31.81288133823655,14.200796576451923,23.00631219790574,22.92087088404664,22.309267376728506,24.22813048037127,18.97791874524634,23.441394229266205,1.0,0.9984284885876812,1.3231104267169453,1.0585766760298816,1.0081785389308733,1.0043806145189256,0.6501472031403337,0.27631578947368424,0.8566775244299675,0.6809090909090909,0.1445078515136619,0.054397763634296235,0.19399373981431672,0.1487218217197135,0.5442321458582421,0.8412212221677582,0.8336280960465405,0.8139126655092298,0.896401964983549,0.712818760427027,0.7368522825718247,115.72116439264936,0.9797909099882245,0.024301208208742594,1.3496350584152585,0.001,0.001,0.001,0.001,,,,,,,,,0.9999344219293068,0.4999672109646534,6.55780706931602e-05,0.0321332546396485,0.0696767001114827,0.2465079677355892,0.749987704111745,0.9499639320611188,0.9899665551839464,0.28820355918898677,0.8648648648648649,0.8648648648648649,0.9998869127784247,0.7539682539682541,0.5892857142857143,0.7814814814814814,0.14166666666666666,1.4221759326755987,1.0081785389308733,1.028013713264594,1.1159177049438334,0.005783231954460256,0.00102231736635916,0.028013713264593898,0.006818688526107845,0.0,0.0019607843137254832,0.019607843137254943,0.0,0.8172172361591695,0.5851260498390318,0.8988834583235801,0.9461111111111111,0.9432279411764706,0.80839176313875,0.779060742367604,0.6919150430196098,18.0,74.0,64.0,64.0,15.0,15248.0,5108.0,1039.0,81.5,2.0,378.3679434804101,0.12941554101656172,0.7412424241156944,0.7288771189836505,0.6992152668687261,0.9169458918810833,0.4961104435810869,0.834770438444373,0.00013681715061256204,0.35560257739768986,0.3681417406185385,0.3494229385065075,0.876532616140922,0.1962496521445686,0.36209213961071307,0.07020384486419765,0.5713199411211318,0.08803474254213775,0.6482080046855507,0.20802794647672349,0.0005216563309670686,0.33065294367901676,0.9925566616590165,0.3218131657889112,0.03348540030106509,0.40747450589852224,0.9894714283605617,0.7968661110376031,0.006695571581120169,0.8656327231790708,0.95894259501277,0.10262773360838742,0.5778074645388047,0.7265153003599113,0.9434017762773476,0.014315625239955963,0.0008165669947090331,0.655633424015214,0.885525727270394,0.10329396340704304,0.013004253159761319,0.17766039715490808,0.8804468217177275,0.5985869375015662,0.000522838734290426,0.6880997740129348,0.9857434236705535,0.7381539426542653,0.014084428172500085,0.7882698962549465,0.6876075102742174,0.08566843005835229,0.038190538651580765,0.36367347967251,0.7934222124810815,0.6515675403343224,0.01690973017717769,0.7095869669842845,0.9564238786697388,0.8966540098190308,0.1733831763267517,0.9516839385032654,0.28541029609592145,0.008660085595439166,0.03241024758296723,0.0957590713465552,0.06631179824546918,0.0039413748074573806,0.04675810346193034,0.0331303650075297,0.8686105012893677,0.8493223786354065,0.12981560826301575,0.8736127614974976,0.30545198870921786,0.011337637061895427,0.040056563484406844,0.10896286481033693,0.07096825491591799,0.005159980995497731,0.05778940549400769,0.037698564038574925,0.0,0.0,0.0
B_extended_bad,softimpute,19_tdm,False,ok,3393.1,0.3103107563295052,0.07951824798923252,0.023826031947798747,0.06049800200683708,0.6896892436704948,0.9204817520107675,0.9761739680522012,0.9395019979931629,-0.1672273362413212,-0.08812870586189592,0.07951824798923252,0.0523713128925723,0.4163863318793394,0.45593564706905204,0.5397591239946162,0.5261856564462861,2309.522104791429,2574.507833143078,2605.5710868131764,2477.5910361540296,2192.869707408073,2355.6849671153313,2399.185347874344,665.321165420183,1759.3944063859592,1738.7762104434955,1809.6944887689253,2256.3982271898876,1483.580496396089,2171.551978634699,0.5716838093399415,0.0,1.3093233218958544,1.0588666902632322,1.0139150868853575,1.0075551923622863,0.6700779727095516,0.15217391304347827,0.8580542264752791,0.6478149100257069,0.14843153886936777,0.03882969353217734,0.19604911726802768,0.14363147628701461,0.28807741828488265,0.6833905819731024,0.6673301754242902,0.730425022677721,1.028970494492764,0.6297873090444759,0.9051205570918787,51.68290126340317,0.49231670549803896,0.052598772455066965,0.9223811672662635,0.001,0.001,0.001,0.001,,,,,,,,,164.798328213788,8.84477195557737,0.0926435864376578,0.0926435864376578,0.0926435864376578,1.35706069845153,25.662889687171624,57.9313084213251,82.0581969074209,19.668468637428518,0.7162162162162162,0.5540540540540541,0.24081082152825217,0.819047619047619,0.5753968253968255,0.7148148148148148,0.1388888888888889,1.4510372543838292,1.0139150868853575,1.0314891081156898,1.1252834469671036,0.00617859252580588,0.0017393858606696844,0.031489108115689834,0.007369614527476681,0.0,0.0019607843137254832,0.025490196078431393,0.0,0.6961891891891892,0.5312534996803271,0.7194631617919289,0.8385,0.8584632352941176,0.684424730122218,0.679544300738151,0.6722771467646944,18.0,74.0,53.0,41.0,15.0,14949.0,5108.0,1039.0,81.5,2.0,378.3679434804101,0.06323612700435077,0.6595322982339953,0.6567687225020583,0.6797735525054496,0.9483883036011824,0.5241318970805315,0.8881720547907349,0.9945353211617501,1.3538554669636842,1.0076934790963543,1.0184703794533307,0.9403607318106623,0.15671204515090675,0.3942540002930371,0.06482911146353751,0.5820847400264366,0.05793190630552943,0.9330856328728522,0.25422209983920446,0.024303630104221565,0.3677436933209867,0.991035056866922,0.312544523801523,0.05331322074983736,0.46446208184599946,0.8976230138271437,0.4744066462418882,0.022138753274868514,0.6076100558617814,0.948747723445623,0.2708436839308529,0.14501418481631595,0.7530321780096974,0.9322523826444212,0.46457402593906466,0.06401343506475642,0.6709561257598446,0.9699904844478208,0.7315540698723947,0.10728275410017006,0.8316896078439774,0.9386273090351797,0.36735102018732935,0.021193540174046215,0.46689725361585366,0.9567670014471632,0.3868247549130092,0.1552266651731609,0.707666643620117,0.906537851260287,0.3405802322164162,0.04610786710928392,0.4765723161478386,0.9289408622592094,0.33963894598868843,0.009697064068714147,0.47421744423826995,1.0265352725982666,0.8939998745918274,0.17727473378181458,1.0252785682678223,0.29415236504906694,0.01374898515775496,0.0377370967986249,0.11274059577042028,0.06834291737676407,0.00625743280844937,0.05444312240892292,0.03900556925330657,0.8887885212898254,0.9697252511978149,0.3021341860294342,0.9058597087860107,0.3224830974720712,0.021278147889004957,0.042759287576051165,0.12923528649450713,0.07492523706977629,0.009684102439269671,0.06168861213791408,0.04471234059821237,0.0,0.0,0.0
B_extended_bad,softimpute,21_harmonizr,False,ok,3023.3,0.22587555174912466,-0.20094440019599702,0.022478295711425945,-0.15934574186593317,0.7741244482508753,0.799055599804003,0.9775217042885741,0.8406542581340668,0.02184662838641109,0.11655880219241196,-0.20094440019599702,0.22064618941793632,0.5109233141932056,0.558279401096206,0.3995277999020015,0.6103230947089682,326.9574939227983,353.1212451721278,353.9765458181559,321.92396456457567,325.1959683904277,322.63602517009434,385.96834785923096,207.6148837724257,277.67690728179656,278.37996045988547,319.4736933128796,317.5185994327458,311.54717504544675,299.81921668199584,0.10732892303121067,0.0,1.355808149122252,1.0792820774361986,1.0562472818746274,1.0153969604746154,0.569620253164557,0.41318681318681316,0.7756598240469208,0.5660051768766178,0.12646113868983858,0.09308261329998906,0.17473180010771944,0.12549073608060474,0.6349904425847113,0.7863500457086458,0.7864361742286006,0.9923886646493988,0.9763915616922271,0.9656304651075418,0.7767974196457811,5.850442528694165,0.004818445234442986,1.1506708213103442e-06,0.009532960968814152,0.001,0.002,0.996,0.001,,,,,,,,,44.2313495371173,3.70161137319602,-36.5707969217127,-0.0026132932588402297,0.71458378591082,1.81860259454688,6.3237384760109325,9.960325025518555,12.765047618517299,3.0477985322283963,0.05405405405405406,0.02702702702702703,0.08177829917270912,0.88,0.65,0.7716049382716049,0.26666666666666666,1.432068526625385,1.0562472818746274,1.0389688767534835,1.1387790990122046,0.005918746940073767,0.007030910234328419,0.03896887675348348,0.008163476412482626,0.0019607843137254832,0.00588235294117645,0.01764705882352946,0.0,0.829914322008703,0.6388235147149414,0.904128507454121,0.6071111111111112,0.6740808823529412,0.8152535126421162,0.42197438700600437,0.3989323175792119,18.0,74.0,4.0,2.0,15.0,15247.0,5108.0,1039.0,81.5,2.0,378.3679434804101,0.26403694709375947,0.7071050461879882,0.7117408625472177,0.9653451337722337,0.9992931451016471,0.9595323641344927,0.8815089432666912,0.057512855547174946,0.5618407064851179,0.041782536049558755,,0.6671300306441562,0.15229701056981376,0.09436392691511894,0.0001031858011704791,0.09815432098107926,0.0403415382089095,0.37989103817567915,0.0018624718477298068,0.00014929331838537286,0.0023796905669957354,0.891460616752115,0.0007489114810991537,1.219506459617961e-06,0.005919092847576201,0.6102038163758634,0.031149259603888584,7.023422378406202e-07,0.032393366627578725,0.8093891809949948,0.004372257402324693,1.1597018850670944e-05,0.004747968616466248,0.6288296732497188,0.006911138244669919,1.2506179178984101e-05,0.007331850696841403,0.590456846420079,0.16195659084517822,4.1500108656771554e-05,0.1670651674725518,0.8854754287089209,0.6753428644932673,0.0007300521329645285,0.6943900838953003,0.7311667251685772,0.04851456336078892,1.3744768650091743e-05,0.05211897843671418,0.5841726868115834,0.012380922048170302,3.066070841800356e-05,0.014615864307905409,0.5602542937840316,0.0004002898240723385,4.058192790290913e-05,0.0005811463428625101,1.026053547859192,0.3936563730239868,0.060737885534763336,0.6173512935638428,0.2874842969425614,0.04094158057614409,0.040174951985741614,0.10955101269574927,0.06679366847784896,0.01863331632025487,0.057960203997781644,0.03790204924209782,0.9749231338500977,0.5891610980033875,0.20561246573925018,0.5782938003540039,0.3263933039064179,0.05670788381687191,0.053936194882022184,0.1354406134910117,0.07583372854229621,0.025808870154557018,0.0778134808807141,0.04685923640133954,0.020720343472360264,0.0,0.0068324287217445085
B_extended_bad,softimpute,25_angel,False,ok,2956.1,0.12321705562320949,0.023284804086460408,0.05996733400495147,-0.006066931420201002,0.8767829443767905,0.9767151959135396,0.9400326659950485,0.993933068579799,0.02863134763370298,0.13383265327761204,0.023284804086460408,0.1982681287099143,0.5143156738168515,0.566916326638806,0.5116424020432302,0.5991340643549572,6.600041209822502,6.748055873265262,6.787315743214505,6.594421611859474,6.73164349133966,6.610910392075119,7.150741526375645,5.47823795839132,6.268927473897711,6.229656288156179,6.460022648499732,6.387960898650236,6.156265096542577,6.346247711466427,1.0,1.0,1.2855067686914188,1.0736593463822584,1.0513845238688257,1.0044416858536402,0.7066373303997067,0.627172195892575,0.8648881239242685,0.6981852913085005,0.15412510257197684,0.13615213175412613,0.19328773085924056,0.1546371026837391,0.83003087166158,0.9289975648740874,0.9178379972059153,0.9796192947205502,0.9489452177419117,0.9312280353886582,0.8874950504165439,8.118434338600174,0.15800725812009989,0.004729085913789571,0.18667500795350597,0.001,0.001,0.001,0.001,,,,,,,,,0.999933110367893,0.3923076923076923,6.688963210702341e-05,0.0326421404682274,0.0642809364548495,0.185685618729097,0.7052173913043478,0.97438127090301,0.9976588628762542,0.3008012295017611,0.972972972972973,0.972972972972973,1.0,0.8555555555555556,0.75,0.8148148148148148,0.41666666666666663,1.7287113432127441,1.0513845238688257,1.0756293209167138,1.2668294350375062,0.009982347167297864,0.006423065483603219,0.07562932091671382,0.015695849119853306,0.007843137254901933,0.01764705882352946,0.04313725490196074,0.007843137254901933,0.8018108108108108,0.5544169812158867,0.8703791188448723,0.9327222222222222,0.918625,0.7475160388883688,0.7202785388111942,0.6087874952170927,18.0,74.0,72.0,72.0,15.0,1110.0,5108.0,1039.0,81.5,2.0,378.3679434804101,0.38415777188354816,0.7946282522455081,0.7918063406348259,0.8669017527825507,0.9686441126468901,0.7702064342129196,0.9054248876940203,0.08456223464056185,0.2969665239030856,0.29513442177864535,0.2823819162047183,0.6900153696155978,0.19170920262964997,0.19043896828167922,0.06072943498252883,0.3421521040498714,0.07191472127655828,0.5867890670568285,0.30343801901836037,0.14491094071112118,0.474437491022098,0.9543820279393619,0.2041677797196578,3.242787400617182e-05,0.2192243249411738,0.795811039387704,0.03651021805884214,0.01160501702478131,0.0659389068257768,0.5808347175115529,0.07236065463210847,0.13823315436261485,0.3392311914000496,0.6276822930675467,0.076096842877053,0.03388614627687158,0.2836070505357661,0.5285480292079092,0.07948388286079894,0.04214935044082314,0.26932363413874194,0.9121731137662122,0.4015105609783943,0.0619202563685887,0.5729680641624721,0.5978106460680996,0.23050870120014344,0.047248816144654295,0.3400140001046271,0.7612309406518346,0.19059598741795344,0.11341501279347005,0.49660025893409787,0.5548918214989281,0.30971703605348033,0.013893227828357014,0.36017611843391034,1.026696801185608,0.9818291664123535,0.11279705911874771,0.9283407330513,0.41462045101595035,0.0373425435573742,0.057827885496402796,0.19019517708853992,0.09633229099406702,0.01699532398397164,0.08342800363075513,0.06580301532802778,1.1722232103347778,1.0762783288955688,0.3677484393119812,1.1108314990997314,0.4203417501664596,0.038574653209918194,0.05890966974931498,0.19597750200161318,0.09766156901998323,0.01755608125259719,0.08498868840774332,0.0678035624539387,0.0,0.0,0.0
B_extended_bad,strict,01_raw,False,ok,3088.5,0.2938404222835692,0.15058017855530936,0.06224539193716297,0.11420390831057858,0.7061595777164308,0.8494198214446906,0.9377546080628371,0.8857960916894214,-0.23436086655613775,-0.09751435175364973,0.15058017855530936,0.053414202599206186,0.3828195667219311,0.4512428241231751,0.5752900892776547,0.5267071012996031,247.38503715149665,270.1908731828783,271.3787044151008,270.3908345483255,242.40940591843002,255.37047693362396,241.0802268828143,78.07355222343287,196.2679086412509,196.5471492884281,186.6865006975928,236.03845732864795,144.1239684472895,238.23991128232518,0.38099744508727423,0.0,1.3415667585775586,1.1024362757655526,1.0127289282874448,1.0182330294599615,0.6576576576576577,0.3072289156626506,0.7994467496542186,0.6639411283728537,0.14687511222608873,0.06384306889663481,0.18015400103360515,0.14527255084913165,0.3155952887143342,0.7264046573046428,0.7242541367129147,0.6904320592428489,0.973718228607326,0.5643720847369146,0.9882183800919113,47.79050573857888,1.1158414137488373,0.10190559009735858,2.9694461912428167,0.001,0.001,0.001,0.001,,,,,,,,,23.71736546157422,4.1690562251596095,0.0,0.0,0.047735277868379895,2.3889826035425314,6.794519185393149,11.713408960551831,15.459542776100601,3.506313580477889,0.36486486486486486,0.0,0.11320517472989922,0.742857142857143,0.5793650793650794,0.7716049382716049,0.12878787878787878,1.4556968466468156,1.0127289282874448,1.0363646442224024,1.1271349428160733,0.006242422556805694,0.0015911160359305954,0.036364644222402376,0.0074785260480043116,0.0,0.0019607843137254832,0.02941176470588236,0.0,0.7768783783783784,0.5711067773878513,0.8950966308774528,0.938,0.9454779411764705,0.8322853736139582,0.7663401220025398,0.7530582264752944,18.0,74.0,27.0,0.0,15.0,5658.0,5108.0,1039.0,81.5,2.0,378.3679434804101,0.06223791000124779,0.7295768461477781,0.7329394228950997,0.5380159738435046,0.9117227309127176,0.32108157339389676,0.9807298349870727,0.3282262598113267,0.5202554297190956,0.3478716226893362,0.4885788340054073,0.8859337208766636,0.16652405438316328,0.30409660707866815,0.06877078430861033,0.5039506066752789,0.07157881140743617,0.8899041470942631,0.34799548932143665,0.024351965566733264,0.37964711655175776,0.9858924388886298,0.544870257586735,0.09195768817101453,0.7509788109083823,0.935486969960329,0.40682459147042843,0.0960886660824785,0.7280721108479096,0.9430371330769363,0.16792076534702882,0.3198375657456067,0.8245945275718133,0.8714954565350167,0.4069079094712369,0.002126033524869758,0.4649192185836089,0.8027423626191145,0.05723063325474352,0.05505111572081303,0.32634816678218004,0.9648377368014752,0.40841308410957505,0.04515048747358699,0.6497013981204476,0.7718230321002457,0.32512949253787204,0.01702166116529734,0.3629591345552226,0.8240551101454916,0.30056725068360396,0.035764672050001514,0.3841447124111253,0.870062821545134,0.07510659700402092,0.0003579875857017305,0.1681408704203421,1.0647151470184326,0.755051851272583,0.1974453330039978,1.0322222709655762,0.3020650416185449,0.013080975522904964,0.04355473068133418,0.10615886592599989,0.0701813367310558,0.0059534085217468015,0.06283619396121522,0.03672844700201143,0.9475455284118652,0.7699946761131287,0.0556335486471653,0.7791739106178284,0.31830865001724773,0.017999800740087692,0.04901318714649799,0.12531913702716013,0.07395535223661828,0.008192062352547297,0.07071108203441533,0.04335744586654039,0.2798035003761409,0.0,0.042174675645159636
B_extended_bad,strict,02_median_scaling,False,ok,2910.1,0.07572139100067495,-0.34637775151928235,-0.0032272904029962274,-0.31422149301876384,0.924278608999325,0.6536222484807177,0.9967727095970038,0.6857785069812361,-0.08693528428435814,-0.007843594422676256,-0.34637775151928235,0.12940774578944794,0.4565323578578209,0.4960782027886619,0.32681112424035885,0.564703872894724,155.1084854098834,169.41060877668534,169.20935986679842,152.59758849977473,148.34722178035182,152.5145330143101,174.55099470924625,78.23924709593291,126.50910187154953,127.83522387962381,149.07861143819645,153.7283327698092,144.1239684473549,143.62570484882937,0.05810312564677567,0.0,1.4454059031266355,1.2188935416904425,1.2774865616035578,1.075198574372091,0.6021994690936671,0.658125,0.77466581795035,0.6197890507282773,0.12799977963250475,0.13678027192831763,0.16811472022191418,0.13066790166244627,0.5044162921788646,0.7467602105031806,0.7554855356716418,0.9769394975623519,1.0362737564268298,0.9449851473094179,0.8228294836593176,10.189588246166508,0.04978112840029059,0.010049426982638221,0.08187960365376855,0.001,0.001,0.001,0.001,,,,,,,,,24.23925014507797,4.41030183658828,-8.47361304352403,0.3974505746458332,1.7856656867947933,2.4401070100613182,6.354169728962047,9.589643624880916,12.363848074935621,2.6268637914745985,0.013513513513513514,0.0,0.017257323121390965,0.9111111111111112,0.6527777777777778,0.7138047138047138,0.19642857142857142,1.7438937353195412,1.2774865616035578,1.1212548669647893,1.4209416032100541,0.010190325141363577,0.03468582020044472,0.12125486696478927,0.024761270777062007,0.015686274509803977,0.050980392156862786,0.07058823529411762,0.0019607843137254832,0.7768783783783784,0.5711067512747818,0.8286486486486486,0.5597222222222222,0.6453235294117647,0.737873562517945,0.31372918581306636,0.327277839905021,18.0,74.0,1.0,0.0,15.0,5658.0,5108.0,1039.0,81.5,2.0,378.3679434804101,0.18705571938350807,0.7580346003232185,0.7831081877709536,0.957449847393777,0.987199019758102,0.9216578998186356,0.9337851929814032,0.05973642686306792,0.356503722212703,0.06035075672109614,0.07642648441274892,0.7271434499504449,0.10603208299498965,0.04382396567600458,0.02300544451009873,0.10097304751306724,0.03487339524218283,0.4954757357449012,0.0517649641469947,0.016332223860177592,0.0766799569571941,0.9536185705218404,0.04467629531971632,0.010437199411797783,0.055015515701191314,0.653959683832199,0.06380564452950194,0.0070371025418335745,0.1990837799813806,0.7474216518169785,0.011360166849574516,0.006645151747529997,0.041059886081708824,0.7375022460161457,0.05966524522907437,0.00803848100734883,0.1079916733921498,0.7309080373067903,0.004169963394038163,0.03980477760896378,0.06907919489576897,0.6508649158602914,0.016975178162532214,0.06693559210899488,0.09149316638907065,0.7645087572885534,0.08455372556331427,6.812965503962665e-06,0.08884030295977247,0.9129260341868527,0.06699977606568558,0.0001817663604084095,0.09044484903954787,0.624248866929896,0.03426869749961368,0.07463533748842847,0.19004214973288788,1.028698205947876,0.3710126280784607,0.09115184098482132,0.41286611557006836,0.4191061824564571,0.13909700457079172,0.07945106436676806,0.22513302040239155,0.09737449907953243,0.06330577493331355,0.11462365655528611,0.07789067955959435,1.025660753250122,0.4453331232070923,0.09723737835884094,0.46618983149528503,0.4816468920456919,0.18149429657990723,0.10132624574399049,0.2808460956278814,0.11190511333255158,0.0826016140780383,0.14618287224675153,0.09716608075090756,1.0668464658577125e-06,0.0,2.0760481344216255e-07
B_extended_bad,strict,03_limma,False,ok,2717.4,0.1696418206353407,-0.30138896594637554,-0.004569935310521102,-0.2587145651236445,0.8303581793646593,0.6986110340536245,0.9954300646894789,0.7412854348763556,-0.056848002048323444,0.007670323661316628,-0.30138896594637554,0.12691600522351107,0.4715759989758383,0.5038351618306584,0.34930551702681223,0.5634580026117555,152.07174780944445,166.8385658713397,166.52790655126262,149.18557274138502,144.95849492407794,149.12552685189564,170.8167928079899,78.17444119267357,123.18832228231433,124.67600124964417,147.0598884987615,151.25876297687157,144.1239684472883,141.0150946721454,0.05173227416816203,0.0,1.4363005331129461,1.1939161669974003,1.1635106505835344,1.0766152918605618,0.5635593220338984,0.5886588658865887,0.797752808988764,0.5589430894308943,0.12124020262044369,0.12359574388202535,0.17253693230847456,0.11678571724900501,0.5140628835977549,0.738368384066026,0.7486793284779865,0.9857514087752411,1.0434625653094245,0.9664607494760125,0.8255341430666966,9.197797797547075,9.24930166735738e-28,1.2187038356352562e-29,2.6359280325343573e-27,0.001,1.0,1.0,1.0,,,,,,,,,23.937510083578616,4.760210512337274,-7.996475185071351,0.7262047998245305,1.7323002760056463,2.6458279015078423,6.819661987538807,9.791878088864241,12.238789073175075,2.6868275853137455,0.013513513513513514,0.0,0.013164082817158565,0.9166666666666666,0.6666666666666666,0.6975308641975309,0.225,1.5901461567661008,1.1635106505835344,1.0688643540925216,1.2589471952071913,0.00808419392830275,0.020438831322941803,0.06886435409252156,0.015232187953364196,0.0019607843137254832,0.009803921568627416,0.04313725490196074,0.0,0.7768783783783784,0.5711067512747818,0.8551525360977416,0.5795277777777778,0.6895441176470588,0.7617706786776723,0.33826497541357853,0.37691431427404454,18.0,74.0,1.0,0.0,15.0,5658.0,5108.0,1039.0,81.5,2.0,378.3679434804101,0.20178448266349247,0.7326338827030305,0.7609256410986809,1.0,1.0,1.0,0.9445245794998445,0.0431646156243976,0.3194814153583038,3.489075174572129e-14,2.875836781529149e-14,0.679995023665332,0.10273377377894158,8.62183632214359e-28,5.950826102368053e-29,1.9331714496984815e-27,0.03849502006459948,0.27203854334914296,3.6938468936614442e-28,4.6568471318512935e-29,5.172226198099723e-28,0.9514923769950808,4.097630153887028e-28,8.713911114087712e-32,2.0325211131093863e-27,0.5598425450976101,4.47354755470517e-27,9.264481047429041e-29,6.766265328370633e-27,0.7433499402217965,1.1475708393205986e-27,1.509708145304833e-28,2.061663642170009e-27,0.7131538954630113,2.8432859094225994e-28,9.174178237720977e-30,5.680793787489942e-28,0.6837660329854475,3.464919118631463e-29,1.0668890861545254e-29,1.378826822658276e-27,0.6748347166533061,4.962873817636737e-28,7.370269453314068e-30,1.0019097200284234e-27,0.7532336666746257,4.8768193451221e-28,4.96976073798337e-31,1.471106087194909e-27,0.8719311765118078,6.488798186086097e-28,4.6838487405487413e-29,1.4929081767180955e-27,0.576307342701492,2.697433063499084e-28,2.3026257277051174e-28,2.0412116081761177e-27,0.9195845723152161,0.15014278888702393,0.0733470693230629,0.2293265461921692,0.3451532907104032,0.08071822365326643,0.05757791146920203,0.1551195246236459,0.08019239561580448,0.03673644673642066,0.08306736734136154,0.05366767240230504,0.9013830423355103,0.41586506366729736,0.07907374948263168,0.4029516279697418,0.38565622707424724,0.10861429882345063,0.06658097865117511,0.18570461271340727,0.08960278683590835,0.049432497680836955,0.09605604771758429,0.0642493866770195,0.0,0.0,0.0
B_extended_bad,strict,04_sva,False,ok,2884.8,0.2891957648267361,0.14345822070272748,0.06159756338253576,0.08954705860474334,0.710804235173264,0.8565417792972725,0.9384024366174643,0.9104529413952567,-0.21708694504214504,-0.09366678142474197,0.14345822070272748,0.053201326502793134,0.39145652747892745,0.45316660928762903,0.5717291103513638,0.5266006632513965,246.1719491381969,269.61451758849336,270.81022295999094,268.7840812573887,241.56366214161676,254.09425888272727,239.75225907400855,80.77935404407216,195.1684792066286,195.40748976664182,186.35913343459555,234.8951827033022,144.0550393295597,237.32880293587672,0.3821943612941908,0.0,1.3421968095778938,1.1029982744801312,1.0127362523837238,1.0183127124541425,0.6524038461538462,0.30538922155688625,0.8,0.6614881439084219,0.14475828298312368,0.06534797864267591,0.17820984877181192,0.14315671842232242,0.32814199313474157,0.7238797114942821,0.7215661492790507,0.693341408325954,0.9723945258190151,0.5669354355465613,0.9898918318955913,37.32915464394854,1.0876952186030788,0.10537568719110132,2.863089212342769,0.001,0.001,0.001,0.001,,,,,,,,,23.70090417564469,4.173012598653266,-0.0415729557293304,-0.0111089210464029,0.04116332888109418,2.3857078479754,6.796811988236425,11.70007200311884,15.442147505490114,3.501547062451002,0.36486486486486486,0.0,0.11173526344912423,0.7412698412698412,0.5753968253968255,0.7160493827160495,0.125,1.457093702127736,1.0127362523837238,1.0366536464807157,1.1273235685683642,0.0062615575633936426,0.0015920315479654723,0.036653646480715674,0.007489621680492014,0.0,0.0019607843137254832,0.027450980392156876,0.0,0.7752567567567568,0.5700111948946692,0.8949370603480192,0.9376944444444445,0.9449485294117647,0.8319037458762389,0.7653845734624893,0.751846061904839,18.0,74.0,27.0,0.0,15.0,5658.0,5108.0,1039.0,81.5,2.0,378.3679434804101,0.06697729822394605,0.7313220145455662,0.7346999677214961,0.5430544824414694,0.9096165960303093,0.3270463703348443,0.98040459006003,0.32817670059174686,0.5216211286373456,0.34754526481037545,0.488900220493817,0.8840647948736235,0.16629573707511436,0.30343222155009103,0.06841035963777128,0.501852883711936,0.07151969507172633,0.8910182313437082,0.34905495669500736,0.024260271997929003,0.3801579126463153,0.9799950139114214,0.5376019854163855,0.09580351448245353,0.7433977339715737,0.932184074239276,0.40717584051058037,0.09208449724338974,0.7256562934257771,0.9339228952451563,0.1722245403647847,0.3170761310830157,0.8171995055782221,0.8737878440348703,0.4085258897737609,0.002160481618193097,0.4665922923576856,0.7999617067515351,0.05411381616337896,0.05499298320902851,0.32493549054123755,0.9607147634449957,0.4053796937897501,0.04410500109329194,0.645818310879068,0.7742632739067054,0.32684511963587987,0.01750465611069436,0.364937617851322,0.8263603042058676,0.2994887053247963,0.03571020701812625,0.3825035117461708,0.8684398416526994,0.07391166782658629,0.00040585252159073783,0.1673301681219883,1.092361569404602,0.7386778593063354,0.19080930948257446,1.0220826864242554,0.30519024032674347,0.013938362341693001,0.043591105740473785,0.10644643673892035,0.07090744069103842,0.006343622079173636,0.06288867207864796,0.03682793967527564,0.9246755838394165,0.7629361748695374,0.3857303261756897,0.7592282891273499,0.3246856100662921,0.018307282929437153,0.05221311247097935,0.12648765336402285,0.07543696552799559,0.008332003527664788,0.07532759843125961,0.04376172477414819,0.0,0.0,0.0
B_extended_bad,strict,05_combat,False,ok,2732.7,0.21188448905385762,-0.05599027168840094,-0.008028672863777658,-0.12298048111843508,0.7881155109461424,0.944009728311599,0.9919713271362224,0.8770195188815649,0.002394393387300674,0.10181773586207152,-0.05599027168840094,0.17779218329530605,0.5011971966936504,0.5509088679310358,0.4720048641557995,0.588896091647653,167.956179044756,192.37422766167475,192.837365675516,170.65756052901483,159.39865627801868,167.3442519853138,196.1421759305998,86.46021292127222,124.99612698514012,126.06039013872191,152.65128322744997,167.6567000979084,143.96956967447088,153.29321424375175,0.1537086504601975,0.00012203538184450168,1.318517016334559,1.1033888149889268,1.0362985172052597,1.0210224940454506,0.6026490066225165,0.37175792507204614,0.8324937027707808,0.632120796156486,0.13206797459357528,0.07468322633409248,0.18519033081122357,0.1382207245734622,0.5147783988240933,0.6497550555730816,0.6537135046266992,0.894488839253603,1.0518074870435938,0.8603197777423852,0.7815413157137141,14.130726335608866,0.2331914615136974,0.004682694192417014,0.3579117818624541,0.001,0.001,0.001,0.001,,,,,,,,,28.101720853434436,4.676990847819244,-8.505785492252935,0.0,1.0378645076442123,2.366764544157832,6.897599705216686,10.040730217242082,12.508706169677149,2.9418246983219984,0.013513513513513514,0.0,0.048549596651528124,0.8833333333333333,0.6666666666666666,0.7751322751322751,0.25,1.4528744079580054,1.0362985172052597,1.0398487811382404,1.1483547389675348,0.0062037590131233614,0.004537314650657459,0.03984878113824042,0.00872674935103146,0.0039215686274509665,0.00588235294117645,0.013725490196078383,0.0,0.7874054054054054,0.5732023123267643,0.8465949648278416,0.7955833333333333,0.8423455882352942,0.7574526471732899,0.5575966065028519,0.5295704009744538,18.0,74.0,1.0,0.0,15.0,5658.0,5108.0,1039.0,81.5,2.0,378.3679434804101,0.17491463658768902,0.5929897597373962,0.6129592356220781,0.8540964451292894,0.9928893028294683,0.788039960817245,0.9038799232863787,0.1704755586645906,0.38546152757105556,0.26119590184882446,0.25620968208189215,0.722861080042628,0.1828439578659072,0.1216283750290642,0.010275006551602095,0.16323696917498004,0.07815242110134367,0.7045052576397453,0.010677084829876107,0.0011077211863163466,0.01913397534875353,0.9385999031175611,0.10003735788198757,7.571569397997574e-05,0.18374372953241147,0.9064331795762028,0.7107762456137193,0.03151942576326897,0.731205404536767,0.8831089504948324,0.21389251719112248,0.01760924055967461,0.3731228158001791,0.6311399168196117,0.09536970700598073,0.028579034033083435,0.15827520592897745,0.7013229292068005,0.02040460371173759,0.0009661355148424598,0.03039955955248137,0.7042533242060643,0.024337764067315124,0.0012713589563741344,0.03558117120421245,0.5404195886673273,0.018970618387584626,0.009138850847899779,0.04176676850536436,0.5232442521520108,0.012434760349627873,0.011905611952229393,0.03496981189117923,0.6955834985461224,0.009383091251690795,0.0005769710083518371,0.024171249449474533,1.0598633289337158,0.9045746326446533,0.16295284032821655,0.9526095390319824,0.28628525247340064,0.020105030823652587,0.02698486880686591,0.10390855933629815,0.06651508429215576,0.009150193854115128,0.038930936406704725,0.03594989435266653,0.8856135606765747,0.653481662273407,0.03997272253036499,0.6796892881393433,0.30876326103083923,0.01730206320956886,0.02899868428976552,0.1116458974032157,0.07173759093893717,0.007874508317463308,0.04183625801714941,0.038626829610485885,0.082435278087452,0.0,0.01888494485877752
B_extended_bad,strict,06_combat_seq,False,ok,2753.0,0.28038671391091397,0.0919920885172102,0.041966026845306204,-0.007458931648293984,0.719613286089086,0.9080079114827898,0.9580339731546939,0.992541068351706,-0.2032975285573372,-0.07435452779646522,0.0919920885172102,0.06436251912301097,0.3983512357213314,0.4628227361017674,0.5459960442586052,0.5321812595615055,240.34062518537075,265.78376071735397,266.8691405154164,259.81500281034005,232.0751965976206,246.33992430662406,240.06713732608142,89.35213429546194,188.32526724574046,188.77914420918302,187.6894143397986,233.4249846466633,154.27546639409752,230.44538673667367,0.3296173000255044,0.0,1.341229968341859,1.1030546544086193,1.0160294303788697,1.017238870417755,0.6258467952058364,0.3370165745856354,0.826007326007326,0.6271493212669683,0.13931739021639514,0.06744934267959489,0.18913771143085187,0.13619060526675697,0.37177291282547886,0.7085657405759028,0.7073846899067661,0.7223963678371885,1.0058161667805587,0.6262706576221395,0.9599205843141346,40.25874612757836,1.0973354611182917,0.09655212995369683,2.805791840742157,0.001,0.001,0.001,0.001,,,,,,,,,29.0,5.0,0.0,0.0,0.0,2.0,7.0,12.0,16.0,3.632618923316613,0.20270270270270271,0.10810810810810811,0.08989063516831076,0.7522222222222222,0.6305555555555555,0.7716049382716049,0.19642857142857142,1.443005328588995,1.0160294303788697,1.0234059006954144,1.1251753287210204,0.006068566145054726,0.0020036787973587156,0.023405900695414372,0.0073632546306482615,0.0019607843137254832,0.0019607843137254832,0.015686274509803977,0.0,0.5993513513513513,0.4439691863128014,0.772231025546094,0.8544166666666667,0.8819705882352942,0.7232993893186077,0.6588416715571472,0.6715721255265108,18.0,74.0,15.0,8.0,15.0,5658.0,5108.0,1039.0,81.5,2.0,378.3679434804101,0.07368219718789615,0.7005069675760223,0.7033727219036123,0.5563053688063083,0.9209429075803356,0.360357795153578,0.9753594518422087,0.2757240464131841,0.49387986831809516,0.30326108361511106,0.44313219396471026,0.8107940360120184,0.17647554880530994,0.1448773012321185,0.04969459026027029,0.29426279885232487,0.07635325368570252,0.759060292483409,0.04107424749972066,0.0009040684728202961,0.07494445757683814,0.9837261954058331,0.5334356133593431,0.09192864521004716,0.7478056359683045,0.8920311748938026,0.41563067551759963,0.04727572463691815,0.6261780983249405,0.8820626294248559,0.06802640207924929,0.06984353606282041,0.28845369002472104,0.7846825790124449,0.08084578410360264,0.06101773511329842,0.17595687455006437,0.8085288739949839,0.014536892204759896,0.04951712970664605,0.16806239490430364,0.8522640910940587,0.021879003967888114,0.010701502442049296,0.10218115791181195,0.6428047707384171,0.14907338026576636,0.021053257381945887,0.24364588257329048,0.8452698919128309,0.03053458354511579,0.09010164518758498,0.3249177493266262,0.6575098611595477,0.09373642977813945,0.05460265838857221,0.19048204736234817,1.0767822265625,0.7349942922592163,0.09301383793354034,0.9738752245903015,0.284307808537369,0.014370350983976297,0.02289886299657742,0.09456318318681503,0.06605564794693089,0.006540228583005398,0.033036076087158035,0.03271661609911571,0.9371196031570435,0.8672458529472351,0.07115694135427475,0.829414963722229,0.3056372644740537,0.014668921726523823,0.03070727307335362,0.11139597465419947,0.07101130160801573,0.006676113983900328,0.044301230582150464,0.03854036227342674,0.3296173000255044,0.0,0.08989063516831076
B_extended_bad,strict,07_pycombat,False,ok,2719.5,0.16229603081855953,-0.2807282276011579,0.0013390204571914741,-0.25299087028010214,0.8377039691814405,0.7192717723988421,0.9986609795428085,0.7470091297198979,-0.13133013978084868,0.010913990004111742,-0.2807282276011579,0.06600943525443023,0.4343349301095757,0.5054569950020559,0.35963588619942105,0.5330047176272151,127.09823773048231,133.385245490256,133.5321224905134,125.12367171832344,124.4716473413936,125.10060320441204,133.714832527316,84.24088500438818,113.45683804699011,113.75868211823229,124.6912337933608,125.37127538353789,124.15660739343512,122.08421507239038,0.008251009283548213,0.0,1.457832820955774,1.2020292631677523,1.20099052316938,1.0733166850250122,0.5329744279946165,0.5241935483870968,0.7507507507507507,0.4897342995169082,0.11321748028889508,0.10998875692814278,0.16349746098986523,0.10222268126199015,0.6628013614399978,0.850595113649795,0.8519199724868758,0.996543915959115,1.0072275740006624,0.9924541066406015,0.9130192422553448,6.5609785956951505,0.0005858793770526267,1.0635905552411013e-05,0.0008203523881960685,0.001,0.971,0.94,1.0,,,,,,,,,31.93833504102079,4.766999045529949,-17.768662625994622,1.212578582768606,1.4390248771118304,2.28353056866726,6.854253468849249,9.562537470466024,11.801341674740213,2.731281071789707,0.06756756756756757,0.0,0.004192959816289117,0.9166666666666666,0.7083333333333334,0.845679012345679,0.35,1.6509241624657258,1.20099052316938,1.0682488789528286,1.335892549356537,0.00891676934884556,0.025123815396172505,0.0682488789528286,0.019758385256266883,0.007843137254901933,0.015686274509803977,0.0490196078431373,0.0,0.7768783783783784,0.5711067373862787,0.8602906330988522,0.6658888888888889,0.7225,0.7543771378854104,0.3898999605770471,0.3952038866246553,18.0,74.0,5.0,0.0,15.0,5658.0,5108.0,1039.0,81.5,2.0,378.3679434804101,0.2673433496707731,0.7789233741585952,0.8016463024609597,0.9994719051976402,0.9999870635693464,0.9991736855833283,0.9607906187691733,0.029035358353775485,0.22794688040646519,0.012331474436827593,0.021093066553551514,0.6361328928852028,0.10554190506169583,0.0005811167261243406,1.483187829473508e-05,0.0009450199070105879,0.036185500652016624,0.37686951618138226,0.0006108202666591685,9.686116667654834e-06,0.0010062073903677616,0.9028618694984339,6.317620493230881e-05,5.975046465971743e-06,8.955227473566716e-05,0.6797892708685759,0.003381075443977814,3.557892498687926e-05,0.0047271385138618754,0.7132159366855243,0.00010559764240686478,3.7716773006475524e-10,0.0006434959154479292,0.5477452015005326,0.0006626882562179431,3.376618037368663e-05,0.001257524700427855,0.6623423647997262,0.0002488269627872817,7.180552195654746e-06,0.00037466620481851773,0.6091272842896956,4.025770272497369e-05,1.9517328837672387e-07,5.646616796832629e-05,0.8438942855722353,0.0002625665490227326,2.044629114497156e-05,0.000532274182171528,0.42694596916082456,0.0003913183409782308,3.317045859461583e-05,0.0006125399676498544,0.5985372302950978,4.483989153608761e-05,2.319662061809414e-06,0.00015033375265656503,0.918155312538147,0.207129567861557,0.14175286889076233,0.28982800245285034,0.35079932104322215,0.09208941031491825,0.05394022377249635,0.16554276705748613,0.0815041857980054,0.04191169681278634,0.07781929334102146,0.0572738667976679,0.8299723267555237,0.36851197481155396,0.08986993134021759,0.42117375135421753,0.39267526666898916,0.11627658097597782,0.0612926854767576,0.19420216963252707,0.09123357992168776,0.05291975257119343,0.08842665338008518,0.06718933960726298,0.0,0.0,0.0
B_extended_bad,strict,08_inmoose_combatseq,False,ok,2811.8,0.28038664099663935,0.09199194591534485,0.04196601536889533,-0.007459015468749795,0.7196133590033607,0.9080080540846551,0.9580339846311047,0.9925409845312502,-0.20329757133529175,-0.07435455691822404,0.09199194591534485,0.06436259435648604,0.3983512143323541,0.462822721540888,0.5459959729576724,0.532181297178243,240.34062718783443,265.78376143899095,266.8691407523196,259.8150059289316,232.07519779856506,246.33992659370927,240.06715351791556,89.3521375777826,188.32527112624427,188.77914864065872,187.68941464767659,233.42498743341278,154.2754671785346,230.4453841958829,0.3296173000255044,0.0,1.341229968341859,1.1030546544086193,1.0160294303788697,1.017238870417755,0.6258467952058364,0.3370165745856354,0.826007326007326,0.6271493212669683,0.13931739021639514,0.06744934267959489,0.18913771143085187,0.13619060526675697,0.37177292338490425,0.7085657532522851,0.7073847058842373,0.7223963603511652,1.0058161735836129,0.626270654992045,0.9599205089866047,40.2587467915268,1.097335488701175,0.09655213146521952,2.805791984447997,0.001,0.001,0.001,0.001,,,,,,,,,29.0,5.0,0.0,0.0,0.0,2.0,7.0,12.0,16.0,3.6326189328416425,0.20270270270270271,0.10810810810810811,0.08989063516831076,0.7522222222222222,0.6305555555555555,0.7716049382716049,0.19642857142857142,1.443005328588995,1.0160294303788697,1.0234059006954144,1.1251753287210204,0.006068566145054726,0.0020036787973587156,0.023405900695414372,0.0073632546306482615,0.0019607843137254832,0.0019607843137254832,0.015686274509803977,0.0,0.5993513513513513,0.4439691863128014,0.772231025546094,0.8544166666666667,0.8819705882352942,0.7232993893186077,0.6588416715571472,0.6715721255265108,18.0,74.0,15.0,8.0,15.0,5658.0,5108.0,1039.0,81.5,2.0,378.3679434804101,0.07368219115851027,0.7005070001066596,0.7033727521433055,0.5563053630370046,0.9209429075964318,0.3603577890434475,0.9753594549766287,0.2757240464131841,0.4938798694932246,0.3032610807792301,0.4431322044099682,0.8107942326995898,0.17647560233580953,0.144877369243614,0.0496946034467597,0.29426278525101096,0.07635322616269793,0.7590604127574307,0.04107448602299632,0.0009043669395146212,0.07494425270414554,0.9837261959512743,0.5334356289797412,0.09192864385374216,0.7478056472414908,0.8920311557492862,0.4156305604817629,0.04727574465499136,0.6261780702921549,0.8820626236232879,0.06802646731265617,0.06984356506199164,0.28845381362294575,0.7846826107126372,0.0808458578983019,0.06101765364699459,0.1759568660857319,0.8085288122362925,0.014536856872774648,0.04951719316816715,0.1680623968695353,0.852264509311874,0.021878956457912217,0.010701549628916346,0.10218136162904197,0.6428045362954681,0.14907358706094562,0.021053005764678997,0.24364542981539825,0.8452702976263018,0.030534907231403775,0.09010177787377402,0.3249181730672294,0.6575111727320462,0.09373638411764533,0.0546025338748261,0.19048184118243552,1.0702893733978271,0.7226796746253967,0.09390638023614883,0.9691598415374756,0.28348116753219565,0.014276934311918177,0.02340063734653476,0.09361997220552867,0.06586358742106233,0.00649771282334128,0.03375998345348677,0.03239028749494581,0.8713356256484985,0.8196011185646057,0.14887025952339172,0.725008487701416,0.30015727209576465,0.017593011974373737,0.029593943930381957,0.11016982826555241,0.06973808843404641,0.008006924806795318,0.042695036148708086,0.03811614473625445,0.3296173000255044,0.0,0.08989063516831076
B_extended_bad,strict,09_ruv,False,ok,2777.0,0.19471482665617726,0.06238819594423882,0.09771973746543819,0.06590180315389146,0.8052851733438228,0.9376118040557612,0.9022802625345618,0.9340981968461085,-0.01549434052191872,0.027617190896570113,0.06238819594423882,0.15355858493939814,0.49225282973904066,0.513808595448285,0.5311940979721194,0.5767792924696991,172.812329865678,181.72431020030555,181.60143428974834,178.56939366793725,177.82075957350997,175.65406654912164,190.35797754301535,105.7705003058448,152.9347466852607,153.7838756648635,154.2632432589619,162.5161127720799,133.5647654812692,162.6565021950001,0.2495581477553906,0.0,1.3606520280332488,1.1189911389781313,1.0228474298022745,1.022238279644014,0.624421052631579,0.42016806722689076,0.7896592244418331,0.6810089020771514,0.13719729243197462,0.08129140486255494,0.17404680355674265,0.14770734411377814,0.612054130559186,0.8415756071198643,0.8468208209165274,0.863884006605441,0.9139321705849355,0.7603852737671624,0.8544769402072706,3.642636683511961,0.4046015498552304,0.08010683989015877,1.1286357145184234,0.001,0.001,0.001,0.001,,,,,,,,,297.0,5.0,0.0,0.0,0.0,2.0,7.0,9.0,12.0,2.921919080432826,0.1891891891891892,0.013513513513513514,0.07670260859600186,0.9055555555555554,0.6666666666666666,0.8703703703703703,0.29166666666666663,1.5091744522566564,1.0228474298022745,1.0517468208850664,1.1585106128672917,0.006974992496666526,0.0028559287252843124,0.051746820885066436,0.009324153698075984,0.0,0.00588235294117645,0.02941176470588236,0.0,0.515972972972973,0.386582736812236,0.6752084413180304,0.8037222222222222,0.8205,0.6070624593576933,0.5879976663865845,0.5466770213485017,18.0,74.0,14.0,1.0,15.0,5658.0,5108.0,1039.0,81.5,2.0,378.3679434804101,0.2780361904354218,0.850154716904503,0.8690470439363928,0.7600703346714175,0.9262610390197716,0.5673471501143191,0.9609133494611733,0.09759993860381862,0.4171306833891841,0.28063080621996367,0.37099804494607197,0.7017825909218357,0.13276452634312533,0.22769270449355114,0.054268763254758046,0.3658699902593449,0.06810094155942502,0.25806295779366467,0.035356072963232135,0.0017234161990390324,0.04976986556586266,0.8004820947101019,0.34034346670168614,0.10230267993840655,0.5859925379056817,0.7457878827249688,0.16021342567779512,0.0053739152204852845,0.3938472069521561,0.9283704535775646,0.2803347734097316,0.30203443064546676,0.7006261458293631,0.797512062076403,0.23795865443864722,0.03534421782101753,0.41466805197729056,0.6993754723301714,0.3319683818297496,0.024506437097211328,0.42225192775217524,0.8641659315942822,0.2874484988647151,0.008117924954459347,0.31272971767775565,0.5954961831109991,0.14820547233168538,0.02441087073838597,0.2097669097092306,0.6972726162171308,0.3554324302285346,0.029981215899143925,0.4335647980504936,0.6313002550830709,0.09966586848973456,0.00889252403396467,0.13548274117344003,0.9489801526069641,0.7665343284606934,0.3326056897640228,1.009202241897583,0.33004006568126304,0.008355470471011657,0.03990790185311111,0.10669985078400294,0.0766810116794874,0.0038027384898185134,0.057574932095766876,0.03691561491787732,0.8712713718414307,0.943433403968811,0.38672947883605957,0.9042094945907593,0.3507480474857006,0.009147200322116607,0.04440335208900593,0.11325597441980319,0.08149227297689067,0.004163070273502089,0.06406049585765544,0.039183878028977014,0.2495581477553906,0.0,0.07670260859600186
B_extended_bad,strict,10_mnn,False,ok,2762.5,0.021149117962378016,-0.18747881369225408,0.09156197072503942,-0.10334706153548666,0.9788508820376219,0.812521186307746,0.9084380292749605,0.8966529384645133,-0.057821876168398886,-0.003545746184540112,-0.18747881369225408,0.18826428725083605,0.4710890619158006,0.49822712690772997,0.406260593153873,0.594132143625418,0.1983226367344066,0.20211885075060937,0.20228018387498695,0.19429420031937392,0.20843274342503226,0.19944740899192312,0.22251051355052276,0.1223664296794979,0.18417843524542057,0.18441212297467732,0.19493555394659048,0.18289389076280638,0.16618278972338693,0.1853407242539723,0.0,0.0,1.3529765115251298,1.1924025737233772,1.5083091049415613,1.0441441134425709,0.7519917758930866,0.7692307692307693,0.8681269557443004,0.7475835404584369,0.16521976767150046,0.16979452065095346,0.1943275531288079,0.16489154103155004,0.6170068717035608,0.9112382865894822,0.9116667754694526,1.0033009406671034,0.877471973728487,0.8332160872048066,0.8329526605127773,3.128028623687445,0.18841496913170921,0.007650875444860689,0.5232309612488235,0.001,0.001,0.001,0.001,,,,,,,,,14.289579198457874,5.002508377507463,1.4156727341648827,1.485167653217219,1.573952237334681,2.4920361506002173,6.724406614506378,8.732301129857253,10.830243599754803,2.4340002884174505,0.0,0.0,0.0,0.9555555555555555,0.888888888888889,0.9259259259259258,0.6666666666666666,2.372221455827633,1.5083091049415613,1.2165987962818985,1.965479980342123,0.01879755418941963,0.06353863811769517,0.2165987962818985,0.05679294002012488,0.00588235294117645,0.15490196078431373,0.14509803921568631,0.03529411764705881,0.761527027027027,0.5307937071616337,0.7774116993706035,0.7815277777777778,0.8524779411764706,0.6733840806104064,0.5125639025056741,0.5021555254434346,18.0,74.0,0.0,0.0,15.0,5658.0,5108.0,1039.0,81.5,2.0,378.3679434804101,0.39954140502174484,0.8163575886784672,0.8519637164232549,0.9164675845169961,0.9545791615532218,0.7509226408006144,0.9203919264691801,0.00012044076975162986,0.0003787302020970001,0.0001743939584470994,0.00026175842317907334,0.5757592240547479,0.12870222720511665,0.06563034305806092,0.050028171971639425,0.21614312948604958,0.05625261256113875,0.3568887776538961,0.024385320847470176,0.02324902729140259,0.08293637695559909,0.8164903625714242,0.1916561803083805,0.007146726622812421,0.385783141507276,0.6384960528399903,0.09131109807667245,0.008498447342111831,0.25765164524518225,0.8604893523108517,0.0252096990146378,0.25095347302161986,0.5282955485549966,0.6428144354545213,0.01294350480577475,0.08516561026697682,0.207886858892154,0.6371403880616967,0.10404626764207864,0.05282980316852616,0.1902223916327632,0.5187239510243002,0.023989972496746198,0.013151597049424953,0.12348204409036947,0.5121286146541651,0.116810707958156,0.023413489641567694,0.2359748654875262,0.29172618962728014,0.0022940269518639824,0.02163152377374341,0.05003869115771349,0.48269411634935266,0.06365665247882875,0.014242021538208484,0.09915973133691519,0.8190308809280396,0.5698180198669434,0.31156909465789795,0.6768046617507935,0.8099187707195868,0.38168494017315957,0.19102048706995423,0.6203934129745114,0.18817530710638977,0.1737123023791637,0.27558430940401735,0.21464139043002609,0.7371562719345093,0.4285963177680969,0.4269371032714844,0.5491260290145874,0.8936645090394345,0.4376720401896247,0.22149401080011494,0.6920973037632834,0.20763266579087541,0.19919312968919703,0.31954831096793235,0.23944923412448688,0.0,0.0,0.0
B_extended_bad,strict,11_harmony,False,ok,2766.6,0.11499812666872612,0.12290962643481317,0.028871359678905976,-0.09715945580768226,0.8850018733312739,0.8770903735651868,0.971128640321094,0.9028405441923177,-0.29030272617300135,-0.11706947260433412,0.12290962643481317,0.03524933891364611,0.3548486369134993,0.44146526369783295,0.5614548132174065,0.5176246694568231,182.60195670496384,197.1854218165262,197.75091381556808,210.15430160523255,176.5578088396415,187.94523745493416,181.042168327017,53.17066261924422,147.41808317607604,147.9121782016937,119.64157192340046,175.804731126104,108.05705891909031,174.53947706224858,0.29911719040140317,0.0,1.3825970632371127,1.2058036817694646,1.09102137639817,1.054852800014771,0.6389556853315012,0.5109961190168176,0.7222222222222222,0.6185701830863121,0.13948316953612208,0.10902207386220031,0.15386526325752467,0.1346403479044127,0.2911834220109364,0.7476114705540613,0.747972160268466,0.5693034642143225,0.9957346677641346,0.5749390640717907,0.9640818969146315,29.552058871637236,1.688583466303873,0.07012417142274129,2.292054229328918,0.001,0.001,0.001,0.001,,,,,,,,,30.87584180539239,4.261255020015172,-4.123538900998765,-0.07775880127262054,0.21648316420386868,2.6490854697495254,6.428278490691317,10.081905016013483,12.582535837561007,2.9311310447600043,0.14864864864864866,0.0,0.10713003507414122,0.853968253968254,0.6001984126984127,0.7962962962962963,0.1625,1.6041066776707238,1.09102137639817,1.1283291570124763,1.2793241646691307,0.008275433940694847,0.011377672049771248,0.12832915701247627,0.016430833215831216,0.0,0.0019607843137254832,0.056862745098039236,0.0019607843137254832,0.830972972972973,0.6076418840261022,0.8922373195112921,0.9506944444444444,0.940139705882353,0.8340435747118666,0.76020266584509,0.7362393566374923,18.0,74.0,11.0,0.0,15.0,5658.0,5108.0,1039.0,81.5,2.0,378.3679434804101,0.09632240702404649,0.769535171628095,0.7711497091205138,0.45793671821875026,0.9440798421293044,0.3975973909879319,0.9910041114194477,0.29303787435278633,0.4388692780970624,0.25846849435099783,0.40143801466861984,0.695811924608212,0.10893033574965123,0.16035409510504145,0.014979955704353582,0.19420910081827158,0.032545390934211584,0.5978898251344887,0.05468335670351543,0.002037697514663382,0.06916578957594856,0.9763656503704369,0.6568779313732895,0.06824618333525242,0.7212261971076256,0.8511107920916688,0.2600325489928018,0.03083250082932331,0.37716003252759156,0.6344946155831808,0.13318951596418746,0.008376004415836105,0.174218486940899,0.710645962042946,0.0746756288120713,0.0011427427150365805,0.09738871640680048,0.6570884153469708,0.06339000618372395,0.0001566139727583536,0.07476843376168185,0.5831751695535915,0.1692355726057097,4.823924477754963e-05,0.1778148624997766,0.8020769947963985,0.06509038344834095,0.015593789703428427,0.09014746387124842,0.8268052042775121,0.09493493104373932,0.006781125578041509,0.10571373334481639,0.31846661688492617,0.03143107592303478,0.016584659734418174,0.05448729214632733,0.9744696021080017,0.6344397068023682,0.1921411007642746,0.8925113081932068,0.41375405866556875,0.09448276152989203,0.106326508347722,0.22473304143093614,0.09613099470053522,0.04300095789226841,0.1533967263082975,0.077752296332467,0.8849665522575378,0.908486008644104,0.09646562486886978,0.8519116044044495,0.4739924466376992,0.1363141852868174,0.12882143829748038,0.27747631616743934,0.11012669101731325,0.06203925929687004,0.18585005019195855,0.09600021706875797,0.0,0.0,0.0
B_extended_bad,strict,12_scanorama,False,ok,2906.4,0.18530079903468788,0.08302966136451416,0.10876348328497781,-0.0066913245875498675,0.8146992009653121,0.9169703386354858,0.8912365167150222,0.9933086754124502,-0.18415892563841155,-0.09159026540736727,0.08302966136451416,0.11212431758334944,0.40792053718079424,0.4542048672963164,0.541514830682257,0.5560621587916748,0.4207569234002806,0.4219180237166444,0.42206826835731254,0.4942800638620664,0.42607370403149386,0.43993291254444733,0.4509649623372687,0.1413443142493346,0.3862114628469731,0.3868998815596465,0.2615038061203806,0.39070011233966023,0.21572901969313044,0.39231695417388157,0.0,0.0,1.3397105744063729,1.1339554429870269,1.066548086142568,1.0378623980201946,0.6990084985835694,0.3026634382566586,0.832005792903693,0.6952380952380952,0.15304256753036707,0.061840209842055946,0.1853886968854314,0.15374117845717297,0.33592867137415794,0.9153708567481075,0.9166760701188431,0.5290599909636569,0.9169777638067546,0.49036799371389356,0.8699499671561506,33.132032944477714,2.8687420680728692,0.11492526338709412,8.815709832243108,0.001,0.001,0.001,0.001,,,,,,,,,14.28616063914913,4.9998798212462825,1.4186040064953984,1.4883462526227242,1.577118751885157,2.493712416113329,6.7219156198106,8.730340622633804,10.825996047657382,2.4317996091295906,0.0,0.0,0.0,0.8006349206349206,0.584920634920635,0.837037037037037,0.1388888888888889,1.5709377350748528,1.066548086142568,1.0980353779080505,1.2506477974169543,0.007821064864039079,0.008318510767821002,0.0980353779080505,0.014743988083350253,0.0,0.0019607843137254832,0.02941176470588236,0.0019607843137254832,0.790445945945946,0.5618253264411894,0.8776790077748982,0.9002222222222223,0.931139705882353,0.8025307659214869,0.7396216325615366,0.7181373842626985,18.0,74.0,0.0,0.0,15.0,5658.0,5108.0,1039.0,81.5,2.0,378.3679434804101,0.15164950491823492,0.8701767296933238,0.881135776035782,0.5266775862558568,0.9278331012756569,0.36487412175860534,0.9684318736853111,0.0003576518346035514,0.0007984106877383756,0.0006568579623185463,0.0007773275720592644,0.7454278277304415,0.1429739789716559,0.25982067614259624,0.05591995484770235,0.42101660375362593,0.06079311245671924,0.7369220614833403,0.5483043711656286,0.01077638332542966,0.5874668368676852,0.9854177755790373,0.9623671040578345,0.014866470929236134,0.964830949978836,0.9230040891969556,0.0256844338374628,0.38900005294120404,0.6819017297305898,0.9597366768428333,0.14329991740922787,0.10610714889979633,0.6282557451501858,0.8235091285966544,0.07508763663927767,0.02601854427208181,0.22636865394323122,0.6959042316374119,0.10013400267791794,0.0030834741189578858,0.22080929363608712,0.7860567880384145,0.26724082695613716,0.00518122700841468,0.3280851306284727,0.5172901995401189,0.01770439345466682,1.4814286147223118e-05,0.05433741510618335,0.689893811649235,0.3879991841257784,0.0014757701015788536,0.41742996877054683,0.33654351474041366,0.07038489110203046,0.002675662594176887,0.100680313724441,1.1252622604370117,0.9453301429748535,0.3070538640022278,1.1160697937011719,0.3785045666601248,0.05208791545024997,0.0829612177454934,0.1882599718827892,0.08794118082873748,0.023706231938019812,0.11968773742753282,0.06513348027584498,0.9326238632202148,0.9756597280502319,0.2237691879272461,1.0078352689743042,0.40343942062881805,0.06142169892226591,0.08397016448571579,0.20292478174497822,0.09373450723731427,0.027954219862554888,0.12114333988617272,0.07020715629074736,0.0,0.0,0.0
B_extended_bad,strict,13_fsmvn,False,ok,2663.6,0.165441030362321,-0.21313732192633142,0.013059147951059518,-0.1864329635943437,0.834558969637679,0.7868626780736686,0.9869408520489404,0.8135670364056563,-0.09734588838629607,0.0394137882040183,-0.21313732192633142,0.0877461414818342,0.45132705580685195,0.5197068941020091,0.3934313390368343,0.5438730707409171,99.15494953741644,104.79794302281886,104.76212352698664,98.10272518232063,97.85187162750167,97.94052599865518,108.05124405766558,69.6302633636427,87.96578800683217,88.42969945949021,96.98485356367915,97.54105375359259,96.19480785055806,94.27499605952701,0.28323417811740154,0.26033934252386004,1.4586130550362764,1.2209572883096798,1.2053111948146629,1.082654704597934,0.5728753852928226,0.62,0.7993019197207679,0.58584686774942,0.12391129738564771,0.13442526601602794,0.174226334460096,0.12540519683116796,0.7022368897214505,0.839384681316487,0.844099913999078,0.9886050910760741,0.9968235878502939,0.9821757323610751,0.8725026433681192,4.395605816697429,7.909162674333363e-27,6.068779376898953e-28,2.0961363620404122e-26,0.001,1.0,1.0,1.0,,,,,,,,,28.581754405972625,3.070107904053197,-11.695186616698134,-0.2086197775188338,-0.02266812322250079,0.7778936388882759,4.90548771639272,7.232573738768716,9.63541102126824,2.477197837909149,0.0,0.0,0.2765474309181143,0.9222222222222222,0.7222222222222222,0.7731481481481481,0.41666666666666663,1.695642614034444,1.2053111948146629,1.0740079639323055,1.3649112498135012,0.009529350877184165,0.02566389935183286,0.07400796393230546,0.021465367636088306,0.007843137254901933,0.025490196078431393,0.045098039215686225,0.0039215686274509665,0.7768783783783784,0.5711067773878513,0.82572121436505,0.25916666666666666,0.4563235294117647,0.7194247942066073,0.2271248195278576,0.2727228308673935,18.0,74.0,0.0,0.0,15.0,5658.0,5108.0,1039.0,81.5,2.0,378.3679434804101,0.32577812941775575,0.7875342312355631,0.8145784507188566,1.0,1.0,1.0,0.9635585761214915,0.011509389492323331,3.0324647138209526,7.777704924906784e-14,1.4069613070006427e-13,0.5912918401646734,0.10268302164789503,9.001626424425163e-26,6.98561938729669e-27,2.3886884400922215e-25,0.03175384601561474,0.5599675168457843,1.5752809226105062e-25,1.2212062379850643e-26,4.179348677405811e-25,0.857477021520912,6.057845104159493e-27,4.716904639829946e-28,1.6064366138299357e-26,0.6179647549983033,1.6435929645919197e-26,1.274987313746634e-27,4.348571558362215e-26,0.6689701510911573,3.875786192823569e-26,3.007882488459045e-27,1.0284270739765719e-25,0.6231223768667288,9.979684342299087e-27,7.754713240468468e-28,2.65274378994939e-26,0.5400111660792448,1.596893371259595e-25,1.2386900652381455e-26,4.2385369718454455e-25,0.6297137293780093,1.3018661879871328e-26,1.0124012930274584e-27,3.455887357878767e-26,0.7388474492660722,3.296858186808301e-25,2.5596964054229977e-26,8.748127231483812e-25,0.442035145751118,5.790905659511329e-27,4.510329101419175e-28,1.5365280342107974e-26,0.23480908984940355,1.6321850581467986e-25,1.266680099309993e-26,4.332427710787468e-25,0.9272180795669556,0.19132304191589355,0.3071337938308716,0.27684342861175537,0.37596994002147893,0.10798621280163222,0.05922275025201499,0.19024647227973074,0.08735228949374167,0.049146643413459395,0.08544036809638764,0.06582076224624019,0.8598966002464294,0.3479675352573395,0.18850229680538177,0.3768700361251831,0.4121289042642667,0.13286235776389085,0.06929386010936572,0.2227919162219409,0.09575340877511136,0.060468264889411094,0.0999699083438355,0.0770807130997246,0.08615497880299973,0.0,0.017524475915488787
B_extended_bad,strict,14_qsmooth,False,ok,2934.1,0.2762608289685962,0.2061472718169054,0.12414424063417234,0.21365617316246652,0.7237391710314038,0.7938527281830946,0.8758557593658276,0.7863438268375335,-0.17551159462979518,-0.10867570155614699,0.2061472718169054,0.15447306704409336,0.4122442026851024,0.4456621492219265,0.6030736359084528,0.5772365335220466,193.25632041319852,201.0483509323333,200.956997314566,213.5881858464592,196.48325710741085,201.6925830044207,209.52741082785994,78.06872222590988,169.02742518978067,169.94029346144768,144.18424222542143,179.99837944209344,105.66906530104505,180.27718490810165,0.30619831839344036,0.0,1.3263542060114795,1.090586245958895,1.0028008022949604,1.008497165089734,0.6349771225216065,0.46511627906976744,0.7784090909090909,0.5693069306930693,0.1413119812241692,0.09716890404105881,0.16695723785901542,0.1216937015316976,0.40396465201755,0.8407302243760761,0.845655019394191,0.6750571978221223,0.9161003440801794,0.5239115079344737,0.8603990484863615,135.52474406562524,2.0361558498020975,0.17179247447916893,44.38648720880499,0.001,0.001,0.001,0.001,,,,,,,,,17.622253123083915,4.537807297662542,0.0744732080636575,0.0820776112955746,0.2615945232318737,2.489464259587157,6.854121229425955,10.464121609168345,12.7990350211026,3.040908761723876,0.12162162162162163,0.0,0.09804130394645678,0.7761904761904763,0.5724206349206349,0.7731481481481481,0.10795454545454546,1.4328220065404647,1.0028008022949604,1.0105643627630678,1.0690374013371542,0.005929068582746091,0.00035010028687004757,0.010564362763067825,0.004061023608067893,0.0,0.0,0.009803921568627416,0.0,0.738945945945946,0.5142698129589756,0.8933024805627545,0.9283055555555556,0.940889705882353,0.8173335363844643,0.7587706467977461,0.7526249360145486,18.0,74.0,9.0,0.0,15.0,5658.0,5108.0,1039.0,81.5,2.0,378.3679434804101,0.08232024851621478,0.8344172257451253,0.845383551969586,0.49660920689555854,0.8862247100353445,0.22572598396183097,0.9638159026767814,0.2154370843453462,0.42356480247880646,0.3058861206091487,0.40718178899008767,0.8721488639219424,0.1726876935265599,0.30355847732790314,0.07648720739042354,0.5319414363367185,0.08001649629241697,0.8773439707759547,0.3362847689443581,0.010345823507384075,0.35562937685129137,0.9992578423018234,0.7614289623216081,0.11344925350928023,0.9988755563029719,0.9591340393921591,0.20800076888507021,0.31555987774580635,0.8714273845973994,0.9443152282245075,0.14912711473934329,0.23721731030023058,0.8205313762155005,0.879349692984191,0.24859022650201792,0.01637118525277834,0.34597235020622796,0.9094105666326212,0.23872339742852886,0.02766923541364494,0.5274230596436928,0.8250008248955781,0.46345370224886184,0.01673518939953179,0.546396181006102,0.8072125246253995,0.28714773197515264,0.000311360660565859,0.3718006327179703,0.864509016212803,0.2976179900062417,0.015243970619493206,0.36669459368123175,0.6559549331743865,0.04521011022784918,0.011968867495519958,0.11466385214479637,1.1526864767074585,0.7596514225006104,0.4465749263763428,1.1185036897659302,0.28645872591658333,0.0024567959035337573,0.014316745896668622,0.05710575435244239,0.06655538885061994,0.0011181360016062746,0.020654698306791237,0.01975723510182938,0.8984190225601196,0.9960370063781738,0.4441935420036316,0.8954421281814575,0.3030430892270953,0.011851570054115588,0.023168850167656192,0.0791055002274053,0.07040857483907015,0.005393881980185978,0.03342558523997702,0.027368624818346683,0.0,0.0,0.0
B_extended_bad,strict,15_fsqn_py,False,ok,2875.5,0.23950502074961172,0.1624846062932145,0.13790093014679627,0.1440066825314404,0.7604949792503883,0.8375153937067855,0.8620990698532037,0.8559933174685597,-0.03261765808894947,0.0027451112814410187,0.1624846062932145,0.1424862044515682,0.4836911709555253,0.5013725556407205,0.5812423031466073,0.5712431022257841,127.08027089269903,129.09303926122007,129.20576206216518,132.52707233279813,133.97367011483618,129.7128801695663,136.46566080113723,73.54966639399495,118.0169931600052,118.14412012625598,110.92502546974585,116.40090090248361,93.80992233924506,120.44912263238467,0.2780134323082361,0.2780134323082361,1.3390775871930682,1.0985549320770978,1.0099944765501552,1.0129592094511832,0.6839400428265524,0.4205607476635514,0.8539603960396039,0.6899166034874905,0.15212406237445897,0.09046397822833897,0.19552280248697587,0.152900610252494,0.5787654202916914,0.9142010586736403,0.9143873944988067,0.8369989883364672,0.8688341582544541,0.7232120836158497,0.8826331981633647,29.52534938954435,1.0258257638545403,0.30995935955451837,4.267224400155054,0.001,0.001,0.001,0.001,,,,,,,,,13.73036936481406,3.1277675403592413,0.0,7.766662171430868e-05,0.0010382611510718,0.7567523354845604,4.874813125092088,7.15789240354983,9.506576127987188,2.443423676205618,0.0,0.0,0.2780134323082361,0.8333333333333334,0.6071428571428571,0.8333333333333334,0.14285714285714285,1.4796930159983177,1.0099944765501552,1.0400849059953918,1.1398298426600126,0.0065711372054564066,0.0012493095687693967,0.04008490599539183,0.008225284862353684,0.0,0.0019607843137254832,0.01764705882352946,0.0,0.7115810810810811,0.49498941177597433,0.7968482043687524,0.8771666666666667,0.8809779411764705,0.6945443426320065,0.6325605814854245,0.5814602027166867,18.0,74.0,0.0,0.0,15.0,5658.0,5108.0,1039.0,81.5,2.0,378.3679434804101,0.18721025674165703,0.8500716800406551,0.8713705877350666,0.7042259341048942,0.9066651632470477,0.482580774615302,0.9398675447251805,1.4609910138832048e-16,0.5475638743136283,0.5091861991848181,0.49598920540194297,0.831216642941358,0.17105536258861223,0.33513824397667824,0.06960145082063254,0.5171665761015571,0.08038240254996139,0.8675600292056326,0.308092099008604,0.03746343353244469,0.3831798995895559,0.9774084855094591,0.6733677294565116,0.08385775737672307,0.8392762896173271,0.9551834522990584,0.3083612452743064,0.4177526597173058,0.77560622173755,0.9372482509368439,0.042777877217247816,0.0001567590198606087,0.6115685991818288,0.8912849311600329,0.131858043645974,0.11659672075042779,0.3852588314930037,0.808256349916934,0.16524166257738898,0.012222942076084016,0.1914620668803426,0.814390189937092,0.537631450203547,0.01787549078723962,0.6717028219328355,0.5613647157757671,0.32277305541656565,0.006153037500590076,0.37360892967472853,0.8346943641115007,0.5330497930029247,0.0014740371741803872,0.601404445010188,0.6647756605612605,0.3282294839637122,0.002461670271469367,0.3385976558982114,0.9230096340179443,1.0068684816360474,0.34953027963638306,0.9865673780441284,0.3145958579645046,0.007712231550880612,0.04300821301847289,0.10650811331272189,0.07309272772413,0.0035099878412203312,0.062047735639247,0.03684927830537851,0.9038403034210205,1.0104854106903076,0.2791413962841034,0.9020575284957886,0.3376034639920667,0.016325052848683613,0.047528113018489554,0.1214322458757137,0.07843828024932055,0.00742985173981401,0.06856857295458506,0.04201267381746819,0.005125486037469071,0.005125486037469071,0.005125486037469071
B_extended_bad,strict,16_fsqn_r,False,ok,1.6,,,,,,,,,,,,,,,,,,,,,,,,,,,,,,,,,,,,,,,,,,,,,,,,,,,,,,,,,,,,,skipped: PCA failed,skipped: PCA failed,skipped: PCA failed,"Traceback (most recent call last):
  File ""/app/harmonization-metrics/compute_batch_metrics.py"", line 1170, in _run_group
    group_result = fn(*args)  # type: ignore[operator]
                   ^^^^^^^^^
  File ""/app/harmonization-metrics/compute_batch_metrics.py"", line 260, in compute_group_e
    result[""exp_min""]    = float(np.nanmin(flat))
                                 ^^^^^^^^^^^^^^^
  File ""/usr/local/lib/python3.12/dist-packages/numpy/lib/_nanfunctions_impl.py"", line 356, in nanmin
    res = np.fmin.reduce(a, axis=axis, out=out, **kwargs)
          ^^^^^^^^^^^^^^^^^^^^^^^^^^^^^^^^^^^^^^^^^^^^^^^
ValueError: zero-size array to reduction operation fmin which has no identity
",skipped: PCA failed,"Traceback (most recent call last):
  File ""/app/harmonization-metrics/compute_batch_metrics.py"", line 1170, in _run_group
    group_result = fn(*args)  # type: ignore[operator]
                   ^^^^^^^^^
  File ""/app/harmonization-metrics/compute_batch_metrics.py"", line 1087, in compute_group_h
    D = pairwise_distances(X, metric=""euclidean"")
        ^^^^^^^^^^^^^^^^^^^^^^^^^^^^^^^^^^^^^^^^^
  File ""/usr/local/lib/python3.12/dist-packages/sklearn/utils/_param_validation.py"", line 218, in wrapper
    return func(*args, **kwargs)
           ^^^^^^^^^^^^^^^^^^^^^
  File ""/usr/local/lib/python3.12/dist-packages/sklearn/metrics/pairwise.py"", line 2473, in pairwise_distances
    return _parallel_pairwise(X, Y, func, n_jobs, **kwds)
           ^^^^^^^^^^^^^^^^^^^^^^^^^^^^^^^^^^^^^^^^^^^^^^
  File ""/usr/local/lib/python3.12/dist-packages/sklearn/metrics/pairwise.py"", line 1969, in _parallel_pairwise
    return func(X, Y, **kwds)
           ^^^^^^^^^^^^^^^^^^
  File ""/usr/local/lib/python3.12/dist-packages/sklearn/utils/_param_validation.py"", line 191, in wrapper
    return func(*args, **kwargs)
           ^^^^^^^^^^^^^^^^^^^^^
  File ""/usr/local/lib/python3.12/dist-packages/sklearn/metrics/pairwise.py"", line 343, in euclidean_distances
    X, Y = check_pairwise_arrays(X, Y)
           ^^^^^^^^^^^^^^^^^^^^^^^^^^^
  File ""/usr/local/lib/python3.12/dist-packages/sklearn/metrics/pairwise.py"", line 173, in check_pairwise_arrays
    X = Y = check_array(
            ^^^^^^^^^^^^
  File ""/usr/local/lib/python3.12/dist-packages/sklearn/utils/validation.py"", line 1106, in check_array
    raise ValueError(
ValueError: Found array with 0 feature(s) (shape=(2000, 0)) while a minimum of 1 is required by check_pairwise_arrays.
","Traceback (most recent call last):
  File ""/app/harmonization-metrics/compute_batch_metrics.py"", line 1190, in compute_all_metrics
    pca_coords, eigenvalues = compute_pca(exp_df)
                              ^^^^^^^^^^^^^^^^^^^
  File ""/app/harmonization-metrics/compute_batch_metrics.py"", line 132, in compute_pca
    raise ValueError(
ValueError: Expression matrix has 0 usable gene columns after dropping all-NaN genes (original shape: (5108, 0)).
",,,,,,,,,,,,,,,,,,,,,,,,,,,,,,,,,,,,,,,,,,,,,,,,,,,,,,,,,,,,,,,,,,,,,,,,,,,,,,,,,,,,,,,,,,,,,,,,,,,,,,,,,,,,,,,,,,,,,,,,,,,,,,,,,,,,
B_extended_bad,strict,17_quantile,False,ok,2958.3,0.2366339938623778,0.16029289609276015,0.1379163208822621,0.1438779779149323,0.7633660061376222,0.8397071039072399,0.8620836791177379,0.8561220220850677,-0.03680863202801761,0.0010669988890737688,0.16029289609276015,0.13929339572329308,0.4815956839859912,0.5005334994445368,0.58014644804638,0.5696466978616466,143.92903737514027,145.9821077375284,146.13736291365208,150.06094393263425,151.64360744458628,146.91933174929088,153.85808976692593,83.29597129447144,133.97290733326867,134.06756605501613,125.69275004494094,131.91100090001444,106.19594384865557,136.64865334698337,0.0,0.0,1.3375791096915532,1.0996682695994187,1.0103082123962122,1.013034473717056,0.6859083191850595,0.45454545454545453,0.8643031784841075,0.7064150943396227,0.1531074522594864,0.09912907296939073,0.19629078122681942,0.15531586091794528,0.5787294406573895,0.9177351211707949,0.9174078646419286,0.8376113514344362,0.8698751178694919,0.7228180429643708,0.8881473411894525,28.22021179707991,1.0199761909982514,0.31128524636873833,4.261307085000203,0.001,0.001,0.001,0.001,,,,,,,,,14.979881153305142,4.809957221282556,1.3611568806007623,1.3970764845120924,1.4341193008071993,2.1276019207477246,6.975845087460944,9.459494693977277,11.597199409864114,2.7464441522093233,0.0,0.0,0.0,0.8355555555555555,0.6166666666666667,0.8306878306878307,0.15476190476190477,1.4867883204952521,1.0103082123962122,1.040887988204462,1.1399832945213781,0.006668333157469207,0.0012885265495265197,0.040887988204461934,0.008234311442434009,0.0,0.0019607843137254832,0.01764705882352946,0.0,0.7116081081081082,0.4950205514518554,0.7968763420955202,0.8771944444444445,0.880985294117647,0.6945620263134981,0.6325796081753619,0.5814662755428506,18.0,74.0,0.0,0.0,15.0,5658.0,5108.0,1039.0,81.5,2.0,378.3679434804101,0.1910732314658452,0.8516645965875245,0.8730106881640766,0.7056953817844878,0.9067954681201861,0.4845954556282861,0.9410723706708148,0.0,0.25286599709052837,0.2605046152933367,0.24256435468646853,0.8265277730526772,0.17015085697915572,0.3316257871686751,0.06958605070118459,0.5126310976080538,0.08017545076046725,0.8654575643946353,0.2915318894204553,0.03761999220527837,0.3681546833250758,0.9752664477453289,0.6580156185697096,0.09180451114840182,0.8363429711106614,0.9545433819544161,0.32373511274527994,0.4097367826330156,0.7786685151395001,0.93760570978569,0.03931975620175971,2.6934896847259682e-05,0.6100484063121477,0.8896590555973817,0.12954796501621063,0.11513258013440773,0.37552350112404637,0.7912502348760531,0.15074052284900702,0.016125106792640932,0.18160086404039713,0.8179711186479228,0.5545522387965762,0.01551088909847058,0.6844845364000026,0.5590408883718607,0.32812057618815826,0.006479961765009106,0.37750855595173954,0.8287442649553487,0.5391262495200466,0.0008237270131385891,0.6023336960756167,0.6457390641981353,0.3015679423795473,0.0026000213246359337,0.31164524660135035,0.9102864265441895,0.9776175022125244,0.3531525135040283,0.974235475063324,0.3176255547047068,0.006894410197075908,0.042765018144722326,0.10437822136263464,0.073796642900735,0.0031377813029172777,0.061696879600917444,0.03611238626224647,0.8847270011901855,0.9555848836898804,0.5398139357566833,0.88979172706604,0.3456341883782304,0.01730591088585399,0.04795201648477879,0.12652104459013527,0.08030412665551076,0.007876259470406351,0.06918013638321618,0.04377327734555054,0.0,0.0,0.0
B_extended_bad,strict,18_rank,False,ok,3015.1,0.2702737464572863,0.1831778042032584,0.13436921931117815,0.1476433251695015,0.7297262535427137,0.8168221957967416,0.8656307806888218,0.8523566748304985,-0.040785056981778006,0.0006032734370721611,0.1831778042032584,0.13795827140173017,0.479607471509111,0.5003016367185361,0.5915889021016292,0.5689791357008651,15.054611377074549,15.262108241322291,15.278739526473272,15.728351373940255,15.81041122884932,15.367067096516958,16.186085580187715,8.816789594255658,14.035421829715466,14.0440809019528,13.107209391430201,13.84993167245351,11.144880539676086,14.269468576044176,1.0,1.0,1.3282547048899496,1.093718637601603,1.0077069984177298,1.0103513007570937,0.6635026103464642,0.4782608695652174,0.8766328011611031,0.7118205349439172,0.14805986406844515,0.0879434329700008,0.2004049900798142,0.15689838993936184,0.5856537491018887,0.9196253628784022,0.9191910679293147,0.8333492226748616,0.8760007233196746,0.7252444770155355,0.8815886030845197,31.674473916955044,1.1040860882127315,0.2963726766463178,4.527106613576726,0.001,0.001,0.001,0.001,,,,,,,,,0.9998232903339812,0.4999116451669906,0.0001767096660187,0.0334864817105495,0.0682982859162396,0.2468634034281675,0.7499558225834954,0.9499911645166992,0.9899275490369324,0.2879437253704727,0.9864864864864865,0.9864864864864865,1.0,0.8206349206349207,0.5724206349206349,0.8333333333333334,0.11805555555555555,1.448366897712744,1.0077069984177298,1.03219814551133,1.1161191473667038,0.006142012297434849,0.000963374802216227,0.032198145511330045,0.006830538080394342,0.0,0.0,0.019607843137254943,0.0,0.7412297297297298,0.5171857255946923,0.8238589411329137,0.8855555555555555,0.8928235294117647,0.7182644847839899,0.649749989242257,0.6022793681817856,18.0,74.0,73.0,73.0,15.0,5658.0,5108.0,1039.0,81.5,2.0,378.3679434804101,0.16960697099671773,0.8485225697344034,0.8688858935707713,0.6880170060252147,0.9077750703375949,0.466290933811786,0.936850933475043,0.0020350306955804727,0.3034259930354749,0.31701852818110166,0.29521638509728004,0.8477076173773612,0.17044632938146925,0.3500581092536546,0.06998843827567414,0.5341485163891554,0.08150960493111947,0.7731931327027416,0.3049701080828977,0.04058202387622029,0.4054828214709461,0.9826995071280928,0.7951700513033638,0.030168562801585835,0.8847105622975047,0.9533469393891645,0.1985281846105057,0.4679899785473359,0.7399005300827299,0.9400614117444384,0.04760310096392791,0.0004160542536813298,0.6063599339630716,0.901281540450808,0.16009451280186485,0.12520274325692526,0.43584982313823983,0.862247407111012,0.25636035091417264,0.0012813108531224014,0.27614569326850213,0.8134639755791977,0.45229561805444785,0.025195052605752593,0.5924439053488446,0.6477721580670873,0.4496081014885017,0.0018418653282183566,0.4885570438097442,0.8691756088562417,0.4946334508193027,0.007108458391251238,0.5208702918570217,0.7338344927448298,0.3413176134975608,9.833284264801235e-05,0.39116455865494887,0.9892861843109131,1.087334156036377,0.2999056577682495,1.0252628326416016,0.29955774993604684,0.007229494501320212,0.040041986144929605,0.09492360355169668,0.06959879635859327,0.0032902847418923415,0.05776837483863453,0.03284131298763776,0.8860446214675903,0.7464344501495361,0.10656632483005524,0.797405481338501,0.31832606858169843,0.011826643073091185,0.04375045910177915,0.10757312569328407,0.07395939923964298,0.0053825372222210816,0.0631185703827522,0.03721774730167724,0.0,0.0,0.0
B_extended_bad,strict,19_tdm,False,ok,3594.6,0.2922994691680142,0.13662739201851326,0.03925570861110603,0.07896156933020787,0.7077005308319858,0.8633726079814867,0.960744291388894,0.9210384306697921,-0.211749090083524,-0.1569724443779962,0.13662739201851326,0.06120744545648354,0.39412545495823803,0.4215137778110019,0.5683136960092566,0.5306037227282417,1494.5945532455376,1646.7952810948914,1655.02823800493,1629.2531664413866,1459.159008999698,1542.2294296384553,1410.628220312195,446.22733708433486,1166.4352919262442,1167.3081440335072,1129.9523618676656,1428.2979742767698,862.2994740931771,1452.6547925458258,0.0,0.0,1.3499733722850542,1.111714579369582,1.014779417647579,1.0234863860998782,0.66421681212678,0.31216931216931215,0.8079019073569482,0.6392914653784219,0.14788146959940363,0.06946380926414986,0.18170096479622713,0.14021496030591554,0.2985607943741964,0.7083061904031726,0.7053101072406174,0.6935400741529363,0.9788501222056091,0.5591252880547909,1.0297928055234353,64.85961047385845,0.8436727743301118,0.12317106035484005,2.2879025966720588,0.001,0.001,0.001,0.001,,,,,,,,,141.619100235747,13.29629143582795,1.0,1.0,1.0,1.61118638484797,30.530865402446402,62.820397171759275,87.41149646008543,21.0632832531777,0.5,0.0,0.0,0.8611111111111112,0.5972222222222222,0.7160493827160495,0.18333333333333335,1.4917033175500576,1.014779417647579,1.0375378163068625,1.1331983073778122,0.006735661884247364,0.0018474272059473829,0.03753781630686248,0.007835194551636015,0.0,0.0039215686274509665,0.02352941176470591,0.0,0.6911621621621622,0.5106264528855424,0.8113320992225102,0.93125,0.901875,0.7604566361729179,0.749250445093357,0.7050082249842385,18.0,74.0,37.0,0.0,15.0,5658.0,5108.0,1039.0,81.5,2.0,378.3679434804101,0.061706505953390445,0.7216693516744059,0.7360297900315242,0.5948726609006041,0.9025656356961747,0.3714978086058136,0.9823699382785119,0.5971168692666322,0.9126110995321932,0.5841446795238436,0.7738955839852545,0.9048822410205279,0.1513709009856691,0.3046778361348477,0.0640299871424293,0.5046009882704385,0.06015758245761869,0.8806209810345977,0.1772330717730033,5.754681044972009e-05,0.20429404060598316,0.9912870785177704,0.4040169785615311,0.12920534309242426,0.6742837460387301,0.9514488302911946,0.7339296426059394,0.008896411208003302,0.8070862369134347,0.9363359307972587,0.3076878866194214,0.20163719238029987,0.6915672950859576,0.9209567491412527,0.3874453223239573,0.005596388622453739,0.6460466773056784,0.8663506027689164,0.24116039028011454,0.0043689380136043,0.364582011339568,0.8330350525568193,0.1944498866567456,0.2551468669207794,0.6092011145402852,0.8826782794969243,0.2373886515716261,3.490469197859994e-05,0.4103880851766073,0.8168506579843867,0.2031627737104915,0.03526841333867899,0.3371346661653162,0.9692582476161564,0.16030375724564677,8.786634562088872e-05,0.3014260095328252,1.1180497407913208,0.7949243187904358,0.281353235244751,1.0013720989227295,0.3173810833692004,0.009410236608241447,0.04629892933114325,0.1078942165172204,0.07373984279892137,0.0042827832463306235,0.06679523574450894,0.037328837102862555,0.9470323324203491,1.0060771703720093,0.30112165212631226,0.8487749695777893,0.346991538324397,0.014593704145276038,0.050687186160350096,0.12753405953463104,0.08061949129725601,0.006641880987408466,0.07312615211015279,0.044123756463583824,0.0,0.0,0.0
B_extended_bad,strict,21_harmonizr,False,ok,3379.9,0.19594169432568515,-0.10847925154343688,0.012095398866999871,-0.11418620828104935,0.8040583056743149,0.8915207484565632,0.9879046011330002,0.8858137917189507,-0.0901292661042035,0.04965081584031055,-0.10847925154343688,0.09507684714936313,0.45493536694789827,0.5248254079201553,0.4457603742282816,0.5475384235746815,160.50988873386893,170.52721367697742,170.46107489667037,160.6384100140609,158.16173081261246,158.8784291805511,173.61916351995893,105.54573829792383,140.55574846642557,141.3598598273511,152.97465535250117,157.4423116452216,151.32942653168777,152.5996541068371,0.05735999596020805,0.0,1.3876860060295022,1.1684096357518792,1.0857406397081029,1.0726831249294202,0.5823016964695094,0.391713747645951,0.7344913151364765,0.559254327563249,0.12605382410920826,0.08299517722937184,0.158459780410569,0.11901919315355745,0.6575653321455004,0.8242423331485053,0.8292794112265234,0.952291891703305,0.9954513701658765,0.9524856666332937,0.8789332410836925,4.341547558289297,0.024510620578927108,0.00023069716382403862,0.03643607053209982,0.001,0.001,0.261,0.001,,,,,,,,,35.9561084828566,4.659381281384075,-22.0658117467837,0.0,1.2817870545913126,2.3224648225655224,6.908465888586237,9.952480595425921,12.240066293948033,2.888886884825645,0.08108108108108109,0.0,0.028026926621109866,0.9166666666666666,0.7083333333333334,0.8287037037037037,0.35,1.5309336095257906,1.0857406397081029,1.0509153585032995,1.2197716101663842,0.007273063144188912,0.010717579963512858,0.050915358503299535,0.012927741774493191,0.0019607843137254832,0.007843137254901933,0.021568627450980427,0.0,0.7768783783783784,0.5711061604028428,0.8287786005183265,0.3063611111111111,0.48425,0.7249855706353759,0.27059133610907815,0.30354500978994103,18.0,74.0,6.0,0.0,15.0,5658.0,5108.0,1039.0,81.5,2.0,378.3679434804101,0.3083917409864323,0.7856059370753992,0.8107329804311563,0.944729798154588,0.9988906788747285,0.9348631931722838,0.9639425395185245,0.03193851001090119,0.312322316717614,0.03451596410071572,,0.6356151158019017,0.10630101226303401,0.09638068744196968,0.0012307403433275733,0.1009407913540229,0.02647449451511872,0.30605013047102375,9.456344835509975e-05,1.585005296519397e-05,0.0006641930404612328,0.849310047991157,0.0008534501951058801,5.0854936252267566e-06,0.013490464797573964,0.6191216441296138,0.1462635163501258,0.0014267314445091897,0.1500382967291786,0.6707132302519103,0.002157545311505322,6.49226245409091e-05,0.002418716371034983,0.7617200487588568,0.49088168425714324,0.006352407662615454,0.5024281559561752,0.7549341546917971,0.24424083786590797,0.003254582501889118,0.2507656352551161,0.6066529667955873,0.07763911304460043,0.0011028395660293694,0.08631313342576273,0.6002287414442766,0.0008415467141626837,3.794232292997389e-05,0.0011889578044105907,0.4161826948984834,0.0005237333560095106,3.182091130973904e-05,0.0013639056779551758,0.7712374985863099,0.0003108838767808089,1.5220852861557017e-05,0.0007364544825604819,1.0091602802276611,0.41777125000953674,0.1458318829536438,0.6166263818740845,0.31028662172415244,0.040159812503887886,0.028152592128987068,0.1272855932953789,0.07209152626759158,0.01827751833750885,0.04061560505265931,0.044037793044320074,0.8315109014511108,0.4307273030281067,0.17855952680110931,0.5471739768981934,0.3367382384450667,0.04495319325989954,0.034629741103888716,0.1379867778087785,0.07823725504912873,0.020459079933648858,0.04996015575784895,0.047740148799826326,0.0417954458251383,0.0,0.009828807686803503
B_extended_bad,strict,25_angel,False,ok,2702.6,0.11510171959991292,0.01932865117786951,0.061098167982020675,0.001231766179748444,0.8848982804000871,0.9806713488221305,0.9389018320179793,0.9987682338202516,0.05049129383214902,0.0627576187478088,0.01932865117786951,0.18028065863681206,0.5252456469160746,0.5313788093739044,0.5096643255889347,0.590140329318406,4.797750648833302,4.912835984015248,4.911909887669144,4.792911779515339,4.906373920456623,4.805083670819868,5.195790675066487,4.067343585318936,4.556914458626061,4.56664543783772,4.708556124846941,4.640568050453714,4.507320949523582,4.61962947783003,1.0,1.0,1.2983982721534744,1.1054901082467423,1.0804043028015775,1.0142201585243347,0.6855631141345427,0.577304964539007,0.8566581849024597,0.6820208023774146,0.15012906627298672,0.12406836815274404,0.1890992607117217,0.14814434672508753,0.8477605200903919,0.9275527360271666,0.9297087166240212,0.9823999150101346,0.9458243757381274,0.9380317302059634,0.8891100059127991,2.307591072284975,0.04617081764845131,0.0298641002713306,0.19243301542725247,0.001,0.001,0.001,0.001,,,,,,,,,0.9998232903339812,0.2295458561583318,0.0001767096660187,0.0250044177416504,0.0439123520056547,0.0915356069977027,0.5423219650114861,0.9408022618837252,0.9915179360311008,0.2921890864899673,1.0,1.0,1.0,0.9,0.7833333333333333,0.8611111111111112,0.29166666666666663,1.7154096457947818,1.0804043028015775,1.0752173778974776,1.3132918872658113,0.009800132134175094,0.010050537850197189,0.07521737789747762,0.01842893454504772,0.0117647058823529,0.04313725490196074,0.02941176470588236,0.009803921568627416,0.7413203717551544,0.5127538681585893,0.8110590963479588,0.8676987263943786,0.8709118034565605,0.6835299365181375,0.601904845682508,0.5368093322674863,18.0,74.0,74.0,74.0,15.0,759.0,5108.0,1039.0,81.5,2.0,378.3679434804101,0.4390398764671879,0.8249794690749348,0.862058138578061,0.8757482579637801,0.9693590891211761,0.7756736361105382,0.932411589631874,0.12215600221741237,0.35967772919412544,0.36145910589321784,0.32014016048026395,0.630019680505064,0.15600836638956675,0.1661381069493228,0.05618342776528773,0.30959902485068935,0.06936712788382263,0.6798385135481172,0.14620890298336653,0.04949076741203605,0.32931755211356395,0.6472523071646366,0.04550984513766467,0.042886288822537255,0.21948675586777708,0.7644790354237715,0.042308578211390994,0.010591608217614311,0.08436558831642793,0.5056077381103974,0.03142398025624389,0.019909074740344306,0.17726827267312797,0.6495031731997365,0.10749917075704521,0.028206375975273805,0.3770627694897304,0.855235322385403,0.37021799464396415,0.13248606119801096,0.5679929981664376,0.7595585468818424,0.382618793915972,0.23452380200327075,0.6007550188631402,0.25219620417401256,0.0596131095849974,0.002482358505858658,0.14525553595292795,0.7152335443043734,0.40373832652082237,0.011482171056416524,0.4437017459562662,0.47129241985835035,0.07224236748176117,0.029775769721514658,0.15078401110749437,0.9120510816574097,1.0754495859146118,0.27387508749961853,0.9304252862930298,0.41487371256124395,0.05785067765269706,0.06097358940511355,0.19950561988409815,0.0963911333999808,0.026328978043214716,0.08796629505995716,0.06902420747056902,0.9696677327156067,1.0568861961364746,0.5381472110748291,0.9081553816795349,0.433638911623619,0.051487854846756144,0.06096145092663158,0.20667008590103456,0.10075101148175146,0.023433132588193083,0.08794878293724728,0.07150294260121923,0.0,0.0,0.0
C_rnaseq_only,knn,01_raw,False,ok,825.9,0.05905560455954674,,0.26961402943365886,0.022207483162877815,0.9409443954404533,,0.7303859705663411,0.9777925168371222,-0.033012278041865815,0.08566270010997959,,0.09878401297812454,0.4834938609790671,0.5428313500549898,,0.5493920064890623,218.4361799003017,229.062648622042,229.75199014725854,,237.96666668561494,230.39242830636246,220.5850509032257,140.09033119513938,184.85219260434556,184.59456768597903,206.8029383544226,176.84177124773294,170.28120604783112,202.34244269249058,0.40842447496443984,0.25249156695001984,1.3935529561683693,1.1972199811115487,,1.0273478404421967,0.717983651226158,,0.926829268292683,0.6983695652173914,0.15863787501792467,,0.2151205266804702,0.15594452249267343,0.6413330028893528,0.8069940416578149,0.8034514415638531,,0.7431367330171668,0.73909202355123,0.9172989822472674,4.255967104440496,,0.8083043927305021,0.935065642384915,0.001,,0.001,0.001,,,,,,,,,17.6471698394478,2.984211175932627,0.0,0.0,0.0,0.5744536009751728,4.989375333400906,7.265615400761404,9.324655306734613,2.517242759787567,0.0,0.0,0.3003537883957799,1.0,1.0,,1.0,1.7497112266368324,,1.0364492255516449,1.1733220645491198,0.02585211126333905,,0.03644922555164487,0.028887010758186633,0.0,,0.022321428571428603,0.0,0.5773529411764706,0.4371301598289341,0.6097034482758621,,0.7632,0.5744826618956621,,0.39245799635874296,7.0,30.0,0.0,0.0,13.0,15885.0,2243.0,1039.0,79.0,2.0,459.1121348657128,0.43762827729594445,0.7152061433013757,0.7416761955333446,,0.7597407046693125,0.7054488012989137,0.9383496312127603,0.16902516293028344,0.5218103885781598,,0.4153061619921492,0.40613882669908286,0.19588182776594498,,0.08974257489541304,0.14939151210684917,0.0796959846903878,0.12398846401382792,,6.343741289504072e-05,0.015704778250181923,0.7795655837009223,,0.5626463122018951,0.6050484585295117,0.8672936440803445,,0.22640850641727986,0.2508541021823461,0.177915298514583,,0.019983631705041915,0.0661948955776418,0.6495707993606195,,0.020203999054154965,0.29205589683110383,0.36783428979822974,,0.05227952297694049,0.07340251548036845,0.3194456709240282,,0.0027684018383070754,0.012179782634856338,0.2302072500267442,,0.010535679467824407,0.1055969309047167,0.42740925883899145,,0.0010898454394459643,0.01501547628541017,0.11815800773253736,,0.0014464124403456527,0.057862284392354676,0.8546738624572754,,0.6514067053794861,0.7006770372390747,0.4956951186076001,,0.047615502204387636,0.14325405518891443,0.14574135605307192,,0.06869464889970756,0.07361802149932792,0.7612468004226685,,0.6164841055870056,0.6337710618972778,0.5245157424803991,,0.050900604223540154,0.15972207194311103,0.15421502595185163,,0.07343404929155321,0.08208090801142683,0.1822043587860396,0.08166734115742615,0.10487519595465121
C_rnaseq_only,knn,02_median_scaling,False,ok,805.7,-0.0343818049344271,,0.061130376729267355,-0.2712999044053289,0.9656181950655729,,0.9388696232707326,0.7287000955946711,-0.015424735987617535,0.10946481681061637,,0.08855037500676724,0.49228763200619124,0.5547324084053082,,0.5442751875033837,180.86961129738367,198.7025436600051,198.84895599471966,,180.27508764359408,177.84699941837277,185.48799797043594,140.51784776915855,151.38404085209578,151.68060815949966,174.87794971372267,169.68907918782745,170.28120604783098,171.44407308164796,0.3261057521824187,0.27337804366648866,1.3991196657798033,1.2425724511764997,,1.0676109162092473,0.7306520414381474,,0.8768606224627875,0.7245632065775951,0.16318509007657658,,0.19421757560254282,0.1637856310284311,0.7769013642547214,0.7618626217041549,0.7627930828237663,,0.9412785837791671,0.9574589765625239,0.9242866113039487,0.9909059191737665,,0.03842936029684108,0.04475584358773015,0.001,,0.001,0.001,,,,,,,,,20.64708681300747,3.085516382031817,-5.486097202787568,-0.28522122648711656,0.0,0.6719314659378087,4.974809355514965,7.1995831056634465,9.380881788110356,2.494977778053815,0.0,0.0,0.288662703439554,1.0,1.0,,1.0,1.7790116733144508,,1.080140092559975,1.2072371484138016,0.02686247149360175,,0.0801400925599749,0.0345395247356336,0.022321428571428603,,0.03125,0.022321428571428603,0.5773529411764706,0.4371301014722581,0.580032183908046,,0.45066666666666666,0.5434913298844902,,0.24086943347961032,7.0,30.0,0.0,0.0,13.0,15885.0,2243.0,1039.0,79.0,2.0,459.1121348657128,0.6053305090497527,0.7336462782741068,0.776608192231611,,0.9722907877222836,0.9649014805153195,0.9790803923882195,0.06118010140768467,0.4551313249859991,,0.2187199388846913,0.32148726781187814,0.14288510814008845,,0.021916283400685,0.02754615257562366,0.02486192332912771,0.11725253134556261,,1.5765343426490634e-05,0.0009834704798916357,0.6634472074840669,,0.04629548730817621,0.05266669276788698,0.09026130582486416,,0.014171664850829218,0.01867583355212308,0.4823041088605021,,0.0006871380539655496,0.007993063749837723,0.5072804697199467,,0.0001123635861241077,0.0036409097705004836,0.2762199821439332,,0.05477306572046132,0.05766943520129325,0.18404533895484484,,0.0036716432715699,0.00697576810865874,0.40450663155883815,,0.01777171655109999,0.019384745931783968,0.33342265152283873,,0.07850622434068064,0.09464760635821877,0.15613245070338352,,0.003157764980516617,0.012823999836041995,0.8381210565567017,,0.5819821953773499,0.4355596899986267,0.518149740882551,,0.060505953408402834,0.16093497393576597,0.15234333169730144,,0.08729163892656144,0.08270421633490917,0.8578917980194092,,0.10993322730064392,0.15072643756866455,0.5540790526312565,,0.07269662549536866,0.17188918741427778,0.16290705609107567,,0.10487906109153056,0.08833356848348077,0.06396231576632212,0.03701605288007554,0.053262954547782765
C_rnaseq_only,knn,03_limma,False,ok,618.9,-0.007727920632530142,,0.05422592982969955,-0.26915204811050647,0.9922720793674699,,0.9457740701703005,0.7308479518894935,0.015778687571854168,0.11129344539002117,,0.08859961611888843,0.5078893437859271,0.5556467226950106,,0.5442998080594442,178.57894300100796,191.4692469193659,191.55582188398475,,176.79256441681943,174.58760987878293,182.6559360105101,140.31736887032812,154.583816186679,154.8416606572609,172.89764474278346,169.1530241383187,170.28120604783103,169.73943400307041,0.3124386910667256,0.2676739062008184,1.4056903922079358,1.244109537523694,,1.0637499842771851,0.7179656538969617,,0.8898450946643718,0.6931540342298288,0.15953441888102335,,0.2006224327275784,0.1569592323751883,0.785744200924832,0.8073558478651113,0.808337011813926,,0.956788113212221,0.9753338519615347,0.9292850684759763,0.953442049060038,,3.621056541749305e-32,8.049315997472701e-32,0.001,,1.0,1.0,,,,,,,,,17.64294453663057,3.003223809973812,-3.682194727862496,-0.42641959217036135,-0.0855751340182525,0.6740480436971586,4.915712683676695,7.091847580368107,9.196589787507579,2.46442074896236,0.0,0.0,0.2916480201896966,1.0,1.0,,1.0,1.735615174417583,,1.0510274967770818,1.161213373566466,0.025366040497158033,,0.05102749677708185,0.026868895594411007,0.0,,0.022321428571428603,0.004464285714285698,0.5773529411764706,0.4371286602771843,0.633648275862069,,0.5727333333333333,0.5743130537363703,,0.31443371729143377,7.0,30.0,0.0,0.0,13.0,15885.0,2243.0,1039.0,79.0,2.0,459.1121348657128,0.6172282101925928,0.7615607934066679,0.8048329931262269,,1.0,1.0,0.9790732580003477,0.05268977870371812,0.380202486528131,,5.6704559132042e-16,0.31306532959657013,0.13467463936427135,,5.5230837050283e-33,3.224823955112766e-32,0.02799347201008996,0.11800934552639025,,6.0377482347456026e-33,1.713020977553748e-32,0.6632965630278894,,2.801911472382995e-33,2.0939893142723146e-32,0.06686890176591827,,9.648793447760533e-34,8.02692863489283e-33,0.49265805203846713,,1.5541799365567996e-33,4.795583109609971e-32,0.5154600297526755,,3.0670350790553578e-34,6.295031195835116e-32,0.2611773791415157,,1.1070753426229332e-33,2.1119848094078507e-32,0.16691731207024338,,1.4284183980188602e-33,2.0904146428898045e-32,0.3673298675295365,,1.4904884485513034e-32,4.604455827667875e-32,0.2874617787991985,,4.3070976517692144e-33,5.16037253962344e-32,0.19147406631386688,,2.1817938675991978e-32,2.580694270778258e-32,0.7887492179870605,,0.27472057938575745,0.2942683696746826,0.5168356604454374,,0.05217197198546129,0.14366447137219615,0.15195697351526868,,0.07526824525682294,0.0738289336955981,0.7953982353210449,,0.44456425309181213,0.3473658561706543,0.5420173554775105,,0.058639480334587005,0.16600509165239827,0.15936074701216787,,0.08459888747901456,0.08530974142510601,0.0,0.0,0.0
C_rnaseq_only,knn,04_sva,False,ok,527.9,-0.04996267318813799,,0.05179385318477039,-0.08790402234118776,0.950037326811862,,0.9482061468152296,0.9120959776588122,0.06977494175834184,0.17648857450643585,,0.16815480957536255,0.5348874708791709,0.5882442872532179,,0.5840774047876813,161.23058875710606,177.7678578743767,177.9696711971052,,160.6296123164906,162.16536633448987,176.10241116260156,130.5838419123939,135.8848091412987,136.07742147789602,156.67998378527614,152.8827654558306,148.18740198423737,150.39403504164375,0.3560209257200687,0.2538255023208276,1.3924331761797804,1.2237366244886303,,1.0383413131319978,0.7793979303857008,,0.8673790069138906,0.8099722991689751,0.17091042167771214,,0.19288077759832545,0.17959319022794532,0.8099197734067602,0.7643947042289528,0.7646101752201777,,0.9517719880603565,0.9138042563205456,0.8540146273339758,1.0625771278697247,,0.11896284077558371,0.19109423955340563,0.001,,0.001,0.001,,,,,,,,,17.574148234167566,3.010863302027377,-10.79335308569885,-0.17638058602148088,0.06527865481403078,0.7857257639321897,4.861821230676528,7.037896746490151,9.133020449264814,2.3906564304957003,0.0,0.0,0.2799101488897505,1.0,1.0,,1.0,2.2594038916669876,,1.3920944814193357,1.565861690382541,0.04342772040230992,,0.39209448141933567,0.09431028173042351,0.2946428571428571,,0.2901785714285714,0.3794642857142857,0.5206764705882353,0.40613557221335395,0.5260574712643679,,0.6709333333333334,0.5151380138382157,,0.30143275605512604,7.0,30.0,0.0,0.0,13.0,15885.0,2243.0,1039.0,79.0,2.0,459.1121348657128,0.6254030186984103,0.6870695940885626,0.737997584599906,,0.9422726018495385,0.8937120348523332,0.9377826648468933,0.12660689287275606,0.2641314253114187,,0.2351292654454167,0.3060723470271786,0.1645430430024717,,0.022113228861815173,0.07369452334144799,0.06676935077329761,0.17854309486638278,,0.0002382799121737591,0.0268782944469813,0.5021614091015945,,0.1287604789895378,0.14527267845131328,0.5634620780318097,,0.022988562916761768,0.21672846238292814,0.4036491980874768,,0.03214695134192063,0.0999625572615852,0.21709713521558482,,0.026673256589603723,0.051943200309302405,0.22004818723379735,,0.0010396275990120487,0.03115047594579197,0.20321639444125708,,0.0066808294681526895,0.09228449212596958,0.2683648517871952,,0.0006772480149670203,0.040853122673251786,0.32415182605061843,,0.00046837602327690287,0.022468082804623552,0.1800292954560696,,0.0014586777627453966,0.009403867012732645,0.9022637605667114,,0.35145696997642517,0.6915995478630066,0.8959187871201688,,0.3103073308946484,0.4550668126909733,0.26341275926842445,,0.4476788474331999,0.23385808070937703,0.9801018238067627,,0.2720229923725128,0.9249220490455627,1.018350792171192,,0.39087058647542583,0.5583178806963075,0.29940949550935114,,0.5639070567374576,0.28691863340522467,0.0,0.0,0.0
C_rnaseq_only,knn,05_combat,False,ok,553.9,-0.02084246772138103,,0.054165014129805976,-0.1118155806904005,0.979157532278619,,0.945834985870194,0.8881844193095995,0.11443264701377283,0.1982699780163475,,0.17483286781392174,0.5572163235068864,0.5991349890081737,,0.5874164339069609,185.75711346085131,208.94598766101285,209.3440227455148,,184.28919418658182,184.2374205886479,201.38029613417973,139.86789377984022,149.35688759543848,149.52360101507935,178.9432185867259,173.80353611377706,170.74662643127255,171.68159692223432,0.3507289338321719,0.26158669054703954,1.3684188282231176,1.197342780232888,,1.0300194675332965,0.7179757511860833,,0.8053753475440223,0.7282377919320594,0.15773384271862237,,0.17360971779729598,0.1570059871793149,0.7529611715748246,0.7148109866447889,0.7142482458018157,,0.9431021546375168,0.9267749509612565,0.8525243046014931,1.93044066593844,,0.07593572564291678,0.1396835249572923,0.001,,0.001,0.001,,,,,,,,,32.70173602492681,3.011327454454402,-7.499759663152066,-0.1187563154133415,0.0,0.7266700764581071,4.898219797097937,7.13912307645788,9.264636054581274,2.444183677045846,0.0,0.0,0.2841017786809479,1.0,1.0,,1.0,1.8738453033389453,,1.1774180396104958,1.327993150506891,0.030132596666860183,,0.17741803961049585,0.054665525084481824,0.0892857142857143,,0.09375,0.0758928571428571,0.6061176470588235,0.45191785831507664,0.6174344827586207,,0.6517333333333334,0.5723878632173732,,0.3259379606239224,7.0,30.0,0.0,0.0,13.0,15885.0,2243.0,1039.0,79.0,2.0,459.1121348657128,0.5560893598363918,0.6575236054218686,0.6964502803759183,,0.9606967413608588,0.922263016510232,0.9241119851059686,0.07575028683527327,0.4357890942657094,,0.23555632677222313,0.3349844217018477,0.19366723472547254,,0.02114931642264798,0.054159545098350984,0.07690174769203033,0.14904781324207805,,0.008230780632458292,0.014529253757968201,0.7225138087884942,,0.07214541195629695,0.10352671994820666,0.4778444167010702,,0.0661247076439458,0.17657790717583974,0.3778174566237242,,0.019706864381551382,0.11254965345641317,0.4098803484383397,,0.0072008238403428486,0.04329384217493755,0.24480176278110605,,0.027960226102855323,0.03458221158949479,0.14823094845151494,,0.0017381229636314781,0.004255218465965129,0.4083205498756465,,0.00020832404572284467,0.008522013884836114,0.19407235450063834,,0.0022083345315064016,0.011971207140937246,0.2173147576158652,,0.005969568128168465,0.031787423388911225,0.8404302597045898,,0.3918529450893402,0.5988181233406067,0.5680322385560373,,0.11834178869771252,0.2545573282193977,0.167009489545838,,0.17073111168411942,0.13081658901002105,0.8918569684028625,,0.3895268440246582,0.6410872340202332,0.653181182897314,,0.16305095888889645,0.3011919173969385,0.19204448010544634,,0.23523280980120118,0.15478202708545358,0.0670758577274158,0.030296326273663386,0.03592556901750502
C_rnaseq_only,knn,06_combat_seq,False,ok,571.4,0.011031179864614153,,0.15363049502373116,-0.050092506884284814,0.9889688201353859,,0.8463695049762688,0.9499074931157152,0.06109924780875533,0.17257122074357278,,0.1730069477490302,0.5305496239043777,0.5862856103717864,,0.5865034738745151,228.18360274752598,255.6283509515791,256.3352379445417,,232.76362184221264,229.75401406089492,240.58330618929688,160.786431996116,181.24365363979803,181.24851711266334,218.17608378106985,204.15145678906669,200.25089458852523,210.92412454812035,0.3454767852802779,0.19229881439513166,1.3729892036109583,1.199188231288302,,1.0274740903826132,0.7138945927446955,,0.8809523809523809,0.6363636363636364,0.1591833601114621,,0.1927132037062846,0.1363278686535981,0.7046362230243964,0.7090123335894344,0.707076087415951,,0.8770763024449681,0.8715882305997489,0.876719702164871,1.9425899616763203,,0.3100316012327959,0.37744972879680316,0.001,,0.001,0.001,,,,,,,,,22.0,3.0,0.0,0.0,0.0,1.0,5.0,8.0,10.0,2.731177373130835,0.03333333333333333,0.03333333333333333,0.23937964732302547,1.0,1.0,,1.0,1.6987221400501447,,1.0335068187111245,1.1491277451856903,0.02409386689828085,,0.033506818711124486,0.024854624197615045,0.0,,0.013392857142857095,0.004464285714285698,0.3503529411764706,0.3077365192759656,0.4049195402298851,,0.572,0.4260756071014851,,0.297853317937097,7.0,30.0,1.0,1.0,13.0,15885.0,2243.0,1039.0,79.0,2.0,459.1121348657128,0.49490944518471525,0.6591303727197559,0.6936910859100829,,0.865772939963922,0.8154348243105033,0.918551262660958,0.14966629547095767,0.5961718095661762,,0.43408650916188934,0.4201427556921491,0.1954646567494092,,0.09173857694170615,0.1436438136549618,0.0794991903066745,0.1597019876971033,,0.0004001340359954561,0.03479575830011816,0.727712570896309,,0.27418775544598806,0.29997963074223916,0.477032297047661,,0.13491812014648807,0.2036440870674516,0.6339389310053325,,0.026033033898812945,0.04516262044253733,0.4969028406023877,,0.04744753470733524,0.2515665739775554,0.5535442399367213,,0.3197459675689725,0.4052189334993567,0.2462900814825847,,0.0874775231444069,0.10368950664667911,0.2294070583409608,,0.027170872745468446,0.04892642175510049,0.32089630338888003,,4.764821016744995e-06,0.028766514870168673,0.35600124652355175,,6.290257709600452e-08,0.014688089248411263,0.8147239685058594,,0.6768622398376465,0.6963182687759399,0.4842837704602645,,0.04139330485616575,0.13736273401493487,0.14238625875443794,,0.05971791564199538,0.070590481313652,0.7303783297538757,,0.7646431922912598,0.6050072908401489,0.5165162544048324,,0.04447748856718454,0.15928056698589702,0.15186306363449345,,0.0641674521870727,0.08185401934576651,0.3454767852802779,0.19229881439513166,0.23937964732302547
C_rnaseq_only,knn,07_pycombat,False,ok,534.9,-0.0002543908629217022,,0.026537500757145966,-0.11465015516049705,0.9997456091370783,,0.973462499242854,0.885349844839503,0.013145683581922512,0.09319009463147168,,0.11014200146067255,0.5065728417909613,0.5465950473157358,,0.5550710007303363,130.7857644281349,137.40256562986684,137.35204807259416,,127.6038740930068,127.45792931670155,136.78673702435034,106.79420652000593,117.18544188214412,117.42157580064585,127.22336012950329,126.85752962534163,126.86019530145134,124.12823222354302,0.276030770973882,0.2563739376770538,1.4016502658054413,1.241599853383966,,1.0578511054434097,0.7105775470473719,,0.8448753462603878,0.7293233082706767,0.1571610209879294,,0.19152410785925073,0.16145733293356587,0.8165583386461602,0.8528621088329359,0.8548949757093208,,0.9941510830061384,0.9953103426483182,0.9074580980862648,0.7930986736871111,,1.6439457556488957e-05,0.0002326295759143214,0.001,,0.961,1.0,,,,,,,,,30.6087070787354,3.0553639127371324,-7.602455382972783,-0.0182158260420944,0.0629829344880332,0.8438641202194659,4.819153801860814,6.893091750249922,8.939626422211154,2.3290063673413237,0.0,0.0,0.2703792065434645,1.0,1.0,,1.0,1.7687765330122298,,1.0797443141905776,1.2040746326487228,0.02650953562111137,,0.07974431419057759,0.034012438774787136,0.004464285714285698,,0.0401785714285714,0.008928571428571397,0.5773529411764706,0.43712809582066026,0.6185931034482759,,0.5348,0.5653223283853737,,0.29393886427551336,7.0,30.0,0.0,0.0,13.0,15885.0,2243.0,1039.0,79.0,2.0,459.1121348657128,0.6359792019902999,0.7877355684886258,0.8266034886099841,,0.9999550016509722,0.9993724658882036,0.9734432671373758,0.0153827124316559,0.24741578378819098,,0.04921522514023336,0.32003134332926414,0.1320417712010799,,0.0001026331030450864,0.0008337536348503588,0.029999009640083542,0.17390653901599973,,7.124673300463868e-05,0.0002958210938228355,0.5793086060637176,,2.0128905324704022e-05,0.0002516141089776735,0.09625684326713908,,7.1194630832293835e-06,0.00018448647292136232,0.5675973398558062,,8.121117752842872e-07,0.0023005559646518516,0.4984806347200657,,4.88882757627559e-06,0.00031102396749569826,0.2776861856333237,,0.00017382448093612404,0.0004987048159164549,0.18978294809082952,,6.959064504407672e-05,0.0002990111395669443,0.3708951521731002,,0.00028727904774071187,0.0015665327696958399,0.27188454667745393,,0.00020635380837821787,0.0010295644422424685,0.17451463779520593,,0.0001850870075876016,0.001600221573212461,0.8422480225563049,,0.37196534872055054,0.46452754735946655,0.5105844743560536,,0.06256855188266151,0.15531031607101506,0.15011903663954146,,0.09026733951671959,0.07981371398181669,0.8503926992416382,,0.40960708260536194,0.49988001585006714,0.5505117901479065,,0.07293901177171015,0.16960407858485615,0.1618582306090313,,0.10522875057038797,0.08715925484390652,0.0,0.0,0.0
C_rnaseq_only,knn,08_inmoose_combatseq,False,ok,552.8,0.011031179864614153,,0.15363049502373116,-0.050092506884284814,0.9889688201353859,,0.8463695049762688,0.9499074931157152,0.06109924780875533,0.17257122074357278,,0.1730069477490302,0.5305496239043777,0.5862856103717864,,0.5865034738745151,228.18360274752598,255.6283509515791,256.3352379445417,,232.76362184221264,229.75401406089492,240.58330618929688,160.786431996116,181.24365363979803,181.24851711266334,218.17608378106985,204.15145678906669,200.25089458852523,210.92412454812035,0.3454767852802779,0.19229881439513166,1.3729892036109583,1.199188231288302,,1.0274740903826132,0.7138945927446955,,0.8809523809523809,0.6363636363636364,0.1591833601114621,,0.1927132037062846,0.1363278686535981,0.7046362230243964,0.7090123335894344,0.707076087415951,,0.8770763024449681,0.8715882305997489,0.876719702164871,1.9425899616763203,,0.3100316012327959,0.37744972879680316,0.001,,0.001,0.001,,,,,,,,,22.0,3.0,0.0,0.0,0.0,1.0,5.0,8.0,10.0,2.731177373130835,0.03333333333333333,0.03333333333333333,0.23937964732302547,1.0,1.0,,1.0,1.6987221400501447,,1.0335068187111245,1.1491277451856903,0.02409386689828085,,0.033506818711124486,0.024854624197615045,0.0,,0.013392857142857095,0.004464285714285698,0.3503529411764706,0.3077365192759656,0.4049195402298851,,0.572,0.4260756071014851,,0.297853317937097,7.0,30.0,1.0,1.0,13.0,15885.0,2243.0,1039.0,79.0,2.0,459.1121348657128,0.49490944518471525,0.6591303727197559,0.6936910859100829,,0.865772939963922,0.8154348243105033,0.918551262660958,0.14966629547095767,0.5961718095661762,,0.43408650916188934,0.4201427556921491,0.1954646567494092,,0.09173857694170615,0.1436438136549618,0.0794991903066745,0.1597019876971033,,0.0004001340359954561,0.03479575830011816,0.727712570896309,,0.27418775544598806,0.29997963074223916,0.477032297047661,,0.13491812014648807,0.2036440870674516,0.6339389310053325,,0.026033033898812945,0.04516262044253733,0.4969028406023877,,0.04744753470733524,0.2515665739775554,0.5535442399367213,,0.3197459675689725,0.4052189334993567,0.2462900814825847,,0.0874775231444069,0.10368950664667911,0.2294070583409608,,0.027170872745468446,0.04892642175510049,0.32089630338888003,,4.764821016744995e-06,0.028766514870168673,0.35600124652355175,,6.290257709600452e-08,0.014688089248411263,0.8147239685058594,,0.6768622398376465,0.6963182687759399,0.4842837704602645,,0.04139330485616575,0.13736273401493487,0.14238625875443794,,0.05971791564199538,0.070590481313652,0.7303783297538757,,0.7646431922912598,0.6050072908401489,0.5165162544048324,,0.04447748856718454,0.15928056698589702,0.15186306363449345,,0.0641674521870727,0.08185401934576651,0.3454767852802779,0.19229881439513166,0.23937964732302547
C_rnaseq_only,knn,09_ruv,False,ok,555.6,-0.02665863194926939,,0.11892208003577441,-0.04798813227124967,0.9733413680507306,,0.8810779199642256,0.9520118677287503,-0.0028877717295555613,0.07012871791906343,,0.13898763443564055,0.4985561141352222,0.5350643589595317,,0.5694938172178203,199.8649708630823,207.4485143037889,207.6246668003307,,202.79520052348084,203.74904405713272,215.25890788429305,166.67289053115098,182.59799373136374,182.6576869393173,194.9364201575471,187.3808982605462,181.29253503603485,188.3591724370815,0.3500292848519621,0.1951104232598318,1.4163931017808695,1.2289727362852376,,1.0408328546657206,0.7411167512690355,,0.8194640338504936,0.7173219978746015,0.1610222157332037,,0.18238847413343412,0.15571205842896008,0.8339274751918905,0.8802087320035761,0.8797494524818492,,0.9239907935535688,0.8897834876967525,0.8750354365744956,1.0138655865051056,,0.2980242648423604,0.36950626242524964,0.001,,0.001,0.001,,,,,,,,,68.0,3.0,0.0,0.0,0.0,1.0,5.0,7.0,9.0,2.498824725560413,0.0,0.0,0.23971105292989303,1.0,1.0,,1.0,1.8500623125334548,,1.0922333550799195,1.2383926056308883,0.02931249353563637,,0.09223335507991948,0.039732100938481375,0.017857142857142905,,0.0669642857142857,0.0401785714285714,0.3210588235294118,0.28902681204062664,0.33232183908045976,,0.5011333333333333,0.3775242908915079,,0.2616882125347759,7.0,30.0,0.0,0.0,13.0,15885.0,2243.0,1039.0,79.0,2.0,459.1121348657128,0.6309013617779506,0.804595742597406,0.8413145411898911,,0.8897260635022252,0.8400895924757508,0.9379713401922072,0.13228756555322954,0.5611274316710344,,0.42579829385511286,0.3418436772023978,0.14431426508207765,,0.061236734199347866,0.1142667356554444,0.06789918390320557,0.3161567241685025,,0.11695443037568604,0.14858819718191915,0.4989360075047532,,0.29186697163160474,0.31993594543281767,0.5128700073631725,,0.09933480672801186,0.16494789516666006,0.13376476626297312,,0.01399715400177945,0.02858436033681551,0.5841151823364219,,0.038197801586851945,0.2553626055069977,0.3306974790391404,,0.006554859832301335,0.026607018355100372,0.247760656238559,,2.4180462289968142e-05,0.005967799810505873,0.2738263933640734,,4.854304626170146e-07,0.07236244968313195,0.15201788532061142,,0.000648046102872298,0.036620820164150664,0.36829167042577093,,0.04478860584161839,0.08369026491634526,0.9509621858596802,,0.4724152684211731,0.7954806089401245,0.5455451570913834,,0.08653463172359764,0.18923816517058956,0.160397970442038,,0.12484308405278709,0.09724917939425906,0.8682554364204407,,0.44967594742774963,0.6905672550201416,0.5778704058349062,,0.09422399239829897,0.20753300700773586,0.16990204948132195,,0.1359364865657853,0.10665086828828532,0.3500292848519621,0.1951104232598318,0.23971105292989303
C_rnaseq_only,knn,10_mnn,False,ok,552.6,0.05515882649962885,,0.16335269682605438,-0.16818796018923193,0.9448411735003711,,0.8366473031739456,0.831812039810768,-0.07853580786948382,-0.035509056271133814,,0.13040117712832092,0.4607320960652581,0.4822454718644331,,0.5652005885641604,0.2655809005751442,0.26453746549468893,0.26478650735510456,,0.27991903109786626,0.2722966211613312,0.27667336350567245,0.16983140930517165,0.23837232192931343,0.23837365404524366,0.2513634662343603,0.2239098175050113,0.21895432631091022,0.2431720741975541,0.25034541732493565,0.2500504426850036,1.4282853594562714,1.2436794216438067,,1.0425964336764417,0.7872483221476511,,0.921505376344086,0.7799530148786218,0.17472441028955416,,0.20610781014872012,0.17219946498649177,0.639471471545519,0.9010909720615705,0.9002484923658187,,0.7999092331336599,0.8041022520848081,0.8789139334425611,4.163666020172639,,0.36789542678661197,0.40914566441050837,0.001,,0.001,0.001,,,,,,,,,12.615023655067496,3.103538601441323,0.000758638410434,0.06762470470645705,0.15151939851084506,0.9989894990471421,4.721092260465317,6.649470680015703,8.720366029511444,2.209764181339936,0.0,0.0,0.25023935551039705,1.0,1.0,,1.0,2.026972095492735,,1.1570088104510166,1.346858616296986,0.035412830879059824,,0.15700881045101656,0.057809769382831,0.017857142857142905,,0.0848214285714286,0.1071428571428571,0.6162058823529412,0.4687791542015721,0.5890413793103448,,0.7169333333333333,0.559301329000215,,0.35692906283108816,7.0,30.0,0.0,0.0,13.0,15885.0,2243.0,1039.0,79.0,2.0,459.1121348657128,0.4787908182710877,0.7734215401977004,0.8063436782658444,,0.8611055653381181,0.8252489200391248,0.9222594336449126,0.00010945854124490346,0.0007509769076742346,,0.0006206809975681023,0.3481296997628591,0.15348691380430624,,0.06509959980976923,0.11005685883108791,0.07762784992132496,0.13627884732606324,,0.015993220805447902,0.07654885360954018,0.9468919763578132,,0.2885545347565657,0.31449535736591666,0.384806742467958,,0.21015384467622755,0.2179362185934841,0.5301588170758917,,0.026241120793504803,0.20960534815733156,0.2034585852162424,,0.011958445348480314,0.050667559153948674,0.2504381729754291,,0.006364211119576153,0.06200780747192707,0.23669891061499582,,0.0067018160888612476,0.025775050576102396,0.30636435186902744,,0.04870871186746222,0.07321443018011602,0.25538542450191404,,0.0015311331047617182,0.009266962062305324,0.230815169223256,,0.034788959536804664,0.06105100114020728,0.7621559500694275,,0.5401390194892883,0.583907961845398,0.7053316844727134,,0.18682368001331964,0.3715451167662119,0.20737746308860788,,0.2695295966758428,0.19093641962173175,0.7359650135040283,,0.40818560123443604,0.6081393361091614,0.7409383459716499,,0.19582594202589734,0.39361114804398456,0.21784632375835694,,0.28251711543817176,0.2022761165180582,0.0,0.0,0.0
C_rnaseq_only,knn,11_harmony,False,ok,575.3,0.011769538974534548,,0.22805228785826148,-0.03415717436170335,0.9882304610254654,,0.7719477121417385,0.9658428256382966,-0.09397784438102176,0.03440760416758469,,0.06873115096111292,0.4530110778094891,0.5172038020837924,,0.5343655754805564,177.76105355090712,182.22709061601185,182.86007158669298,,194.2571845877833,186.62501976050882,180.237231495266,110.11815659491357,153.40840410174368,153.0627653158569,167.71704774642043,142.20105471478507,138.4433375574355,163.6649675518521,0.3584465880159214,0.24156270961111262,1.4539706718616368,1.2608560001664757,,1.074973955841076,0.7673716012084593,,0.9040404040404041,0.7507716049382716,0.16776360038978588,,0.2042193607814007,0.16673007381207627,0.6194729070019716,0.8418528967518074,0.8370485912409296,,0.7320246868425374,0.7418262446005168,0.9080530487184654,2.4344045596254777,,0.6677786024414512,0.7591025254487214,0.001,,0.001,0.001,,,,,,,,,23.036291039507837,2.9284829628470352,-4.669270015527846,-0.10397275021090166,0.012717315974364384,0.7428812630207565,4.844686565816929,7.035419038166693,9.123384777844807,2.404076177014823,0.0,0.0,0.2854122453642017,1.0,1.0,,1.0,1.9122486344663572,,1.0778961153736368,1.3421722579828341,0.031456849464357145,,0.07789611537363683,0.05702870966380569,0.0,,0.0267857142857143,0.0,0.6415294117647059,0.46932634120989536,0.6492068965517241,,0.7668666666666667,0.6021480093805871,,0.3931429122317293,7.0,30.0,0.0,0.0,13.0,15885.0,2243.0,1039.0,79.0,2.0,459.1121348657128,0.5284905805361608,0.7755113930535202,0.7983120895657837,,0.8010410691139659,0.76432685734747,0.9432505385233189,0.12416193955202473,0.43873104773055804,,0.3253193941526549,0.3691111848486206,0.17176899870885712,,0.08369923461335944,0.11946403415985911,0.06943104820656944,0.22174467990899827,,0.00037947996357202637,0.006467236669748703,0.6324249407306236,,0.4415509398134159,0.4721500860126632,0.843184681927061,,0.32803618801743584,0.360094926699656,0.06865898553746255,,0.009364573021416536,0.010770960021384439,0.6658208265151023,,0.001931750233115953,0.22607041150453133,0.3917636197143385,,0.032920079914178696,0.0384191669144536,0.36811807138313096,,0.006007236511246838,0.028013886442329695,0.13854141978278606,,0.010833849629804642,0.02204646926449432,0.21680491084738043,,0.003566515025273047,0.010780618318651201,0.14404971213932286,,0.002401734004134988,0.01982657975067863,0.7896226048469543,,0.6055120825767517,0.7156435251235962,0.5975470962840446,,0.08381496133776402,0.2834116154846779,0.17568727398938105,,0.12091942907429234,0.14564475940590915,0.7333020567893982,,0.5766371488571167,0.661932110786438,0.6269360263208504,,0.08434153992590494,0.2897783913025445,0.18432803391565256,,0.12167912139204158,0.1489166349449506,0.0,0.0,0.0
C_rnaseq_only,knn,12_scanorama,False,ok,567.6,0.06384266173345703,,0.17932702166162404,-0.030268053382017355,0.936157338266543,,0.8206729783383759,0.9697319466179827,0.00044324039670153335,0.05995470030529468,,0.15302308741416948,0.5002216201983508,0.5299773501526474,,0.5765115437070847,0.3184321576121183,0.32243557469150325,0.3231049913972582,,0.33718067252143696,0.33242506335866423,0.34667856219457627,0.19274938774939276,0.2774191387380074,0.2771882603845164,0.2997700581629118,0.26380306292897515,0.24921290916734617,0.2845884103567394,0.2504321237465713,0.2502162943654857,1.3627779514000855,1.1982551617197068,,1.0275553745253716,0.744750656167979,,0.8871527777777778,0.7250755287009063,0.16651714222053624,,0.19949706152497937,0.16051804365536143,0.605307545553174,0.8603862616692769,0.8578891312877086,,0.7823789571218775,0.7496814670031732,0.8208999384190699,6.375069376000504,,0.6561709187374887,0.9530550419271043,0.001,,0.001,0.001,,,,,,,,,12.61577314725239,3.1043312402742957,0.0009644907189168,0.06683046859142969,0.15056471654293083,0.998223750112157,4.721336870301368,6.648711259616312,8.719820395376795,2.2100179631180294,0.0,0.0,0.25031044717724965,1.0,1.0,,1.0,1.7406611004898391,,1.059964834063998,1.2035146748504604,0.025540037947925486,,0.059964834063997996,0.03391911247507673,0.0,,0.0267857142857143,0.0,0.6570882352941176,0.4800355909101792,0.673751724137931,,0.8167333333333333,0.6162797148504382,,0.41272733977155945,7.0,30.0,0.0,0.0,13.0,15885.0,2243.0,1039.0,79.0,2.0,459.1121348657128,0.4821852019806242,0.7829780984453478,0.804564824635065,,0.8268874683897933,0.7578862380257212,0.9146349760660255,0.00021332593227628248,0.0008517364916371153,,0.0006718075032232697,0.40845362703560956,0.16185105487219248,,0.07926806485553249,0.1617495515226847,0.07719853983039908,0.3649793223998979,,0.026633179781235028,0.1915839297740597,0.896691624718957,,0.6890309863566543,0.7460101832015104,0.8207609234433005,,0.00028913376625133925,0.13912912989852091,0.2794608368587099,,0.062367921926017054,0.11195296890758938,0.5362632452000095,,0.009281962619183352,0.1265632487586902,0.45040847933283634,,6.354415944244438e-05,0.11649454661721997,0.13130193970319018,,0.0016817448430419908,0.004256608596721156,0.2151235368518263,,0.000693034390543272,0.08260770148145681,0.09422643903096667,,0.002601034997526435,0.008193294255667878,0.2953199228164017,,3.810571542972053e-05,0.09070390373541039,0.7875199317932129,,0.45476818084716797,0.7731478214263916,0.4972737910662116,,0.05830420498798328,0.1719230914410205,0.14620550802117674,,0.08411518739913704,0.08835099170662351,0.8018218874931335,,0.43269428610801697,0.7885442972183228,0.5394451661817287,,0.054662640823925204,0.1622843738970932,0.15860448708157696,,0.0788615208385715,0.08339767073822903,0.0,0.0,0.0
C_rnaseq_only,knn,13_fsmvn,False,ok,562.4,-0.001975190000503633,,0.02297619133299094,-0.19055394345515256,0.9980248099994964,,0.9770238086670091,0.8094460565448475,-0.03405092051254567,0.08637497133224319,,0.09118915990034122,0.48297453974372717,0.5431874856661216,,0.5455945799501706,159.08922629838622,166.99834961549814,166.94688413834785,,155.54257386640433,155.29852293919066,166.67559270313612,131.24842839852965,143.07933774156473,143.35067510757062,154.95526474009253,154.39061898623066,154.4238253539487,151.16205293381424,0.3331564120484607,0.31318854265029905,1.404671474874454,1.2423330642195975,,1.0622032460640718,0.691468890314304,,0.8245341614906833,0.6851464435146444,0.15422229248587835,,0.18488959983021358,0.14975715198533424,0.824998847831225,0.8567709685215139,0.8586603807997806,,0.9925939577085623,0.9943676374463364,0.906923746196284,0.9388416420251634,,3.1612263387840446e-32,3.72502028165464e-32,0.001,,1.0,1.0,,,,,,,,,27.921237258977477,2.632083101073247,-13.226852838138193,-0.14480315523731946,-0.008506883888462895,0.4210989204041241,4.622928705426071,7.096325988748645,9.561388506781663,2.481562733267106,0.0,0.0,0.32818470249344267,1.0,1.0,,1.0,1.7805321909253868,,1.0790056898722458,1.2207719986316954,0.026914903135358166,,0.07900568987224577,0.03679533310528257,0.022321428571428603,,0.0401785714285714,0.017857142857142905,0.5773529411764706,0.4371292721696326,0.5970206896551724,,0.3851333333333333,0.5523821047694067,,0.2477836794672255,7.0,30.0,0.0,0.0,13.0,15885.0,2243.0,1039.0,79.0,2.0,459.1121348657128,0.6400187765182055,0.7988408235390214,0.8303203193962458,,1.0,1.0,0.9746963177096304,0.004456808833218714,0.4405436568244758,,6.366303395432254e-16,0.32388410110699783,0.1312112510384032,,1.9211295288779034e-33,4.3523166092119784e-33,0.028617217898429432,0.21921651418764507,,4.661428476215267e-34,1.414051536991553e-33,0.5702412872248542,,3.450053510215609e-34,2.162818798482216e-33,0.24240339323367552,,1.8400678018063833e-33,9.901373094650228e-34,0.40050922513576703,,9.841723094369449e-34,4.501335058953795e-33,0.49058999631810973,,1.4853618956431779e-33,8.043890114374199e-33,0.25637346999318805,,2.604091916512974e-33,1.0413640191369433e-32,0.22809097761139735,,2.1896257944516873e-33,3.0653820983347623e-33,0.38510227234819633,,1.1090475055739258e-33,2.7860419339941308e-33,0.15736121045368723,,7.769292303035833e-33,8.599873942369908e-33,0.2889526645634581,,4.184875636750221e-34,1.5459951077847645e-33,0.8493490219116211,,0.38388967514038086,0.38208356499671936,0.54127544854339,,0.06752692974074193,0.18576006468307737,0.159142615909833,,0.09742076666342583,0.09546178931913113,0.9297040104866028,,0.38073962926864624,0.3365519046783447,0.5830933808291122,,0.08200885931541495,0.2148001258565914,0.1714376777933882,,0.11831377464330982,0.11038542861851615,0.10409642452383484,0.0,0.048219431600652875
C_rnaseq_only,knn,14_qsmooth,False,ok,564.5,0.09177479418162221,,0.27518177185627896,0.031862229606978244,0.9082252058183777,,0.724818228143721,0.9681377703930217,-0.01607488221247839,0.09379196070145349,,0.11477769166296861,0.4919625588937608,0.5468959803507267,,0.5573888458314843,196.28527933622027,200.78453903961935,201.437106817864,,213.59506239611744,207.088388434048,197.34389811445547,128.78866242698734,171.94300790110861,171.57862605446246,186.26299403314414,159.9856289216387,154.0206911669707,182.6767278196044,0.3158325464274473,0.2694224295161945,1.3700372864644932,1.1716841085337375,,1.01786096024427,0.7194244604316546,,0.9153846153846154,0.695898161244696,0.15869144469942076,,0.21151338210519077,0.15538414238530593,0.6561300106789115,0.8563558166556856,0.8517726885821535,,0.7490137043755314,0.7437437334446305,0.9256771025859416,11.521393923047302,,1.0389654115794345,1.4961635007767298,0.001,,0.001,0.001,,,,,,,,,14.035480565398112,2.984418501684764,0.0,0.0146064731262299,0.0302211327501713,0.7081151568955201,4.895385947688023,7.188641058075494,9.340002934594091,2.4497248627662223,0.0,0.0,0.28832450581398206,1.0,1.0,,1.0,1.7016059162612918,,1.0325298310759146,1.170072095570319,0.02419330745728592,,0.03252983107591456,0.028345349261719832,0.0,,0.013392857142857095,0.0,0.6035,0.44780682364993907,0.642016091954023,,0.7858,0.5910111541766981,,0.4071090119631134,7.0,30.0,0.0,0.0,13.0,15885.0,2243.0,1039.0,79.0,2.0,459.1121348657128,0.4163551793409259,0.7700728781684865,0.7815872774841504,,0.7491763479636866,0.677024619362282,0.9252721624496377,0.031404071031919896,0.37900151833264545,,0.3204548484154798,0.42245437290789295,0.19457030893746724,,0.09053796785638102,0.1494442047230348,0.08023420784573662,0.2022099090380774,,0.0008459406312045029,0.032761986645339525,0.9307223337609352,,0.7744431159519894,0.8587166762723919,0.8997853495699522,,0.00029734744852511364,0.10080990190712733,0.7047604901334001,,0.12042321606059454,0.3191807645837657,0.1210999389930946,,0.0006236025381940201,0.0075472188222405305,0.3005099580055084,,2.7619152000275455e-05,0.010285005709627069,0.2920091785495914,,0.003670304674626377,0.06715076676596711,0.42824903000178227,,0.0007900240293264822,0.023965807343551453,0.210774974771892,,2.936330899751441e-05,0.060127931023861915,0.13442256625469534,,0.004229144768351854,0.013895988156475511,0.7479575276374817,,0.4655180275440216,0.7395923137664795,0.47762653965189217,,0.04697582907298039,0.14622907902775636,0.14042893900455652,,0.0677717956452364,0.07514688131861927,0.6872497797012329,,0.4483407735824585,0.5183376669883728,0.5049633294752216,,0.048311094876449946,0.1652987658153042,0.14846634076510062,,0.06969817699817055,0.08494676174825044,0.0001908246773685867,0.0,2.722420720372169e-06
C_rnaseq_only,knn,15_fsqn_py,False,ok,569.1,0.08815494090722788,,0.27078504866154623,0.02958838183213011,0.9118450590927721,,0.7292149513384538,0.9704116181678699,-0.013427453765316516,0.09689350314630196,,0.11854887767530299,0.49328627311734174,0.548446751573151,,0.5592744388376515,198.14307973944872,202.98429520916332,203.6513642751193,,215.5195143614132,208.8407194248883,197.95851385927173,129.2596197871348,173.05460429734134,172.6862675029845,187.9148680168746,161.37544329656723,155.51703555131346,184.6643040303046,0.32798237330815233,0.32798237330815233,1.3747519143191849,1.1744482305228832,,1.0181223237424102,0.7086894586894587,,0.8943488943488943,0.6826923076923077,0.15713091771320706,,0.20465309252296882,0.15071093648656975,0.6523549545969847,0.8525516918391091,0.8479504574774022,,0.748774159846845,0.744668166148732,0.9328434550765624,11.630466834072767,,1.0183301403704854,1.4854098608596362,0.001,,0.001,0.001,,,,,,,,,14.158722524388846,2.665239366480965,0.0,0.0,0.0002615034522338,0.4277794378130957,4.583452628189621,7.056879768963417,9.508977576134129,2.4533555735284125,0.0,0.0,0.32798237330815233,1.0,1.0,,1.0,1.7131957302266707,,1.0351284246654169,1.1719903211325868,0.02459295621471278,,0.03512842466541688,0.028665053522097805,0.0,,0.013392857142857095,0.0,0.5729705882352941,0.4336938101173031,0.6120850574712644,,0.7707333333333334,0.5754348976502329,,0.39891782293887673,7.0,30.0,0.0,0.0,13.0,15885.0,2243.0,1039.0,79.0,2.0,459.1121348657128,0.428730064068398,0.7711679272735279,0.783068946850358,,0.7587290930784603,0.6865667824361801,0.9242407670726205,0.0,0.46418692921192584,,0.37540775065851634,0.42205938557423084,0.1941360731159194,,0.08989737905828334,0.1493293379405934,0.08014780652254823,0.2038507262992491,,0.0007729455119846582,0.02686923853816834,0.9314844521543246,,0.7739069364113794,0.8600445159116149,0.900863122290479,,2.216923696956066e-06,0.1061747270519907,0.6974991081392908,,0.11638129452194923,0.31153956548331835,0.12494745351717393,,0.00016473553854901623,0.0070053805442865415,0.3124344480322743,,1.5574902992319976e-08,0.01145336149643045,0.2830001731494448,,0.003833004218591256,0.06829771022130285,0.38495791812387675,,0.0005413782181593949,0.023372934795356317,0.23838368632986606,,4.306855053111119e-05,0.058056478389487735,0.14317276770632872,,0.0033281951130892506,0.02047946697397754,0.7518264055252075,,0.4749603271484375,0.751462996006012,0.47522992802258873,,0.04659791807774915,0.14381344186846265,0.1397243013842217,,0.06722658532651887,0.07390548938669146,0.7388436198234558,,0.8184267282485962,0.6837539672851562,0.5073005598937267,,0.048951264645957324,0.1606077452574273,0.1491535194719603,,0.07062174674996587,0.08253605405953508,0.010324205225055083,0.010324205225055083,0.010324205225055083
C_rnaseq_only,knn,16_fsqn_r,False,ok,0.2,,,,,,,,,,,,,,,,,,,,,,,,,,,,,,,,,,,,,,,,,,,,,,,,,,,,,,,,,,,,,skipped: PCA failed,skipped: PCA failed,skipped: PCA failed,"Traceback (most recent call last):
  File ""/app/harmonization-metrics/compute_batch_metrics.py"", line 1170, in _run_group
    group_result = fn(*args)  # type: ignore[operator]
                   ^^^^^^^^^
  File ""/app/harmonization-metrics/compute_batch_metrics.py"", line 260, in compute_group_e
    result[""exp_min""]    = float(np.nanmin(flat))
                                 ^^^^^^^^^^^^^^^
  File ""/usr/local/lib/python3.12/dist-packages/numpy/lib/_nanfunctions_impl.py"", line 356, in nanmin
    res = np.fmin.reduce(a, axis=axis, out=out, **kwargs)
          ^^^^^^^^^^^^^^^^^^^^^^^^^^^^^^^^^^^^^^^^^^^^^^^
ValueError: zero-size array to reduction operation fmin which has no identity
",skipped: PCA failed,"Traceback (most recent call last):
  File ""/app/harmonization-metrics/compute_batch_metrics.py"", line 1170, in _run_group
    group_result = fn(*args)  # type: ignore[operator]
                   ^^^^^^^^^
  File ""/app/harmonization-metrics/compute_batch_metrics.py"", line 1087, in compute_group_h
    D = pairwise_distances(X, metric=""euclidean"")
        ^^^^^^^^^^^^^^^^^^^^^^^^^^^^^^^^^^^^^^^^^
  File ""/usr/local/lib/python3.12/dist-packages/sklearn/utils/_param_validation.py"", line 218, in wrapper
    return func(*args, **kwargs)
           ^^^^^^^^^^^^^^^^^^^^^
  File ""/usr/local/lib/python3.12/dist-packages/sklearn/metrics/pairwise.py"", line 2473, in pairwise_distances
    return _parallel_pairwise(X, Y, func, n_jobs, **kwds)
           ^^^^^^^^^^^^^^^^^^^^^^^^^^^^^^^^^^^^^^^^^^^^^^
  File ""/usr/local/lib/python3.12/dist-packages/sklearn/metrics/pairwise.py"", line 1969, in _parallel_pairwise
    return func(X, Y, **kwds)
           ^^^^^^^^^^^^^^^^^^
  File ""/usr/local/lib/python3.12/dist-packages/sklearn/utils/_param_validation.py"", line 191, in wrapper
    return func(*args, **kwargs)
           ^^^^^^^^^^^^^^^^^^^^^
  File ""/usr/local/lib/python3.12/dist-packages/sklearn/metrics/pairwise.py"", line 343, in euclidean_distances
    X, Y = check_pairwise_arrays(X, Y)
           ^^^^^^^^^^^^^^^^^^^^^^^^^^^
  File ""/usr/local/lib/python3.12/dist-packages/sklearn/metrics/pairwise.py"", line 173, in check_pairwise_arrays
    X = Y = check_array(
            ^^^^^^^^^^^^
  File ""/usr/local/lib/python3.12/dist-packages/sklearn/utils/validation.py"", line 1106, in check_array
    raise ValueError(
ValueError: Found array with 0 feature(s) (shape=(2000, 0)) while a minimum of 1 is required by check_pairwise_arrays.
","Traceback (most recent call last):
  File ""/app/harmonization-metrics/compute_batch_metrics.py"", line 1190, in compute_all_metrics
    pca_coords, eigenvalues = compute_pca(exp_df)
                              ^^^^^^^^^^^^^^^^^^^
  File ""/app/harmonization-metrics/compute_batch_metrics.py"", line 132, in compute_pca
    raise ValueError(
ValueError: Expression matrix has 0 usable gene columns after dropping all-NaN genes (original shape: (2243, 0)).
",,,,,,,,,,,,,,,,,,,,,,,,,,,,,,,,,,,,,,,,,,,,,,,,,,,,,,,,,,,,,,,,,,,,,,,,,,,,,,,,,,,,,,,,,,,,,,,,,,,,,,,,,,,,,,,,,,,,,,,,,,,,,,,,,,,,
C_rnaseq_only,knn,17_quantile,False,ok,642.9,0.09278575093763644,,0.2699789682675651,0.02884693125499813,0.9072142490623636,,0.7300210317324349,0.9711530687450018,-0.00018718242817260134,0.1015851118554902,,0.1266940450118177,0.4999064087859137,0.5507925559277451,,0.5633470225059088,195.86807176032602,200.5087878928043,201.15194162159116,,212.63647603942258,206.36785621285975,197.05444139174304,128.66208837454857,171.47201818899276,171.11855481235153,185.88894139188346,160.17355372227766,154.18306531974403,182.27529623143957,0.28794460182562165,0.28794460182562165,1.3690197886568556,1.1685237674366649,,1.0174343905585177,0.707881417208966,,0.9152119700748129,0.6791666666666667,0.15644690741470987,,0.20876454785870327,0.15185261101531633,0.6568813753983648,0.8551845532110287,0.8506930305165102,,0.7532741169609191,0.7471273295619774,0.9249996850823442,11.66128646518278,,1.0121628676472938,1.4904682358094163,0.001,,0.001,0.001,,,,,,,,,13.851578472038632,2.9846139813729,0.0,0.0014270863614555,0.0213796780031162,0.7148043929388164,4.895508282043168,7.1844052118304536,9.3403672248601,2.448136454880411,0.0,0.0,0.28794460182562165,1.0,1.0,,1.0,1.6958284795879608,,1.0342954082828386,1.1714167321411364,0.02399408550303313,,0.03429540828283861,0.028569455356856066,0.0,,0.013392857142857095,0.0,0.5729705882352941,0.4337044058945599,0.6120850574712644,,0.7707333333333334,0.5754480814150083,,0.39891836035644507,7.0,30.0,0.0,0.0,13.0,15885.0,2243.0,1039.0,79.0,2.0,459.1121348657128,0.41741396568242073,0.7663933310151736,0.7779306727173413,,0.7558458958343355,0.680966683625713,0.9203560742722989,1.607146426059884e-16,0.3716141278192594,,0.3142751084878742,0.42641181009936646,0.19613018287830958,,0.08991072042390433,0.15056467428872228,0.08126972255626588,0.21964246191863573,,0.000496791299025936,0.03021733043288907,0.9315745863084482,,0.771742189980494,0.8575213398640303,0.9012602767898344,,6.583839220976771e-06,0.11355006347870257,0.7246732652267854,,0.11967305412694937,0.3180057873144719,0.12438291858680511,,0.00042207294688069907,0.006258377842265479,0.29409564946910755,,6.320815834678034e-05,0.011499701533399324,0.28950206757085234,,0.0033083082055101473,0.06472867222308654,0.4213252089918036,,0.0006359760019957035,0.02224887646905152,0.22525882380656534,,1.3310527931673212e-06,0.06706873303772819,0.1324028423248265,,0.0027576886278264773,0.01454786069159813,0.7582743167877197,,0.48669636249542236,0.7467018365859985,0.47026996131204224,,0.04606632661841797,0.14600231141454822,0.1382660012169663,,0.06645966096436286,0.07503034581808847,0.8145527243614197,,0.5540384650230408,0.7448813915252686,0.4934010482083735,,0.047809801108850615,0.16513158892109842,0.14506686700060017,,0.06897496296562645,0.08486084981943556,0.006106389675794775,0.006106389675794775,0.006106389675794775
C_rnaseq_only,knn,18_rank,False,ok,691.1,0.09762796915178684,,0.26723393987299354,0.02456989543398578,0.9023720308482132,,0.7327660601270065,0.9754301045660142,0.03006534148092819,0.10629658580952789,,0.1452716960821303,0.5150326707404641,0.553148292904764,,0.5726358480410652,23.099459399987417,23.542023887472656,23.611843128814343,,24.90437533230441,24.299053281837868,23.662456436018044,15.612767064784368,20.45165465411462,20.412662265756786,21.98779232694491,19.18375585623025,18.409450698649717,21.445797624226955,1.0,1.0,1.3654628187688655,1.153770792460281,,1.0165980960001595,0.7161144578313253,,0.896640826873385,0.6633663366336634,0.15976037924689768,,0.2089222155332711,0.1484887417324713,0.6758931797682188,0.8687296704765258,0.8645094817204894,,0.7702966085379491,0.7576200803020468,0.9063216949692096,11.68065600278323,,0.9911677353300349,1.5027818175648402,0.001,,0.001,0.001,,,,,,,,,0.9999370514918796,0.4999370514918796,0.0030844768978975,0.0350937932770993,0.0541357169835074,0.2495908346972176,0.7499685257459399,0.9499559360443156,0.9899911872088633,0.288347767427472,1.0,1.0,1.0,1.0,1.0,,1.0,1.647174800692894,,1.03342404935781,1.1769839543429719,0.022316372437685996,,0.03342404935780996,0.029497325723828644,0.0,,0.013392857142857095,0.0,0.6074117647058823,0.4484435231578376,0.6446574712643678,,0.7888666666666667,0.5915392410177954,,0.409716062959408,7.0,30.0,30.0,30.0,13.0,15885.0,2243.0,1039.0,79.0,2.0,459.1121348657128,0.3991742704254766,0.7598882384345533,0.7697028193349355,,0.7540290892199715,0.673223348516222,0.9126577345003855,9.517262220776018e-05,0.2114081808978086,,0.18630847558761018,0.44348689372464223,0.20847175704950976,,0.08996257212785182,0.1566941334086011,0.0841803012077829,0.33235228411884643,,0.00013672077024863007,0.06175998410652119,0.9317046079380898,,0.7615030093109184,0.8485591075265824,0.9011982446117986,,2.300410940537421e-06,0.13212215487171017,0.7811059825637593,,0.13103496109595802,0.3330214149058208,0.1293938020245935,,0.0011699306079883478,0.007470741966368816,0.2561875135209172,,0.00023466019880519337,0.013156475071546395,0.2911284708839463,,0.002423688893050264,0.05952363982099089,0.45802967320100313,,0.0006531573596464966,0.024818779942274733,0.22747078712268037,,0.00026358408624851167,0.0778087570435839,0.12629757126078806,,0.002203708544713787,0.008700278830611594,0.8150755167007446,,0.46972426772117615,0.7569298148155212,0.43338448704257587,,0.04221401334598567,0.1491947205724757,0.12742115155656802,,0.060901947710274046,0.07667091959251342,0.6917157173156738,,0.38888218998908997,0.5403528809547424,0.456037887678332,,0.04657480920408149,0.1647413596119864,0.1340815708424036,,0.06719324626907802,0.08466031162433882,0.0,0.0,0.0
C_rnaseq_only,knn,19_tdm,False,ok,634.1,0.057214291741229245,,0.26926160757741485,0.017683061801064277,0.9427857082587707,,0.7307383924225852,0.9823169381989357,-0.04372276987292722,0.0784080943056868,,0.08472612910597908,0.4781386150635364,0.5392040471528434,,0.5423630645529895,1128.9115135994393,1181.1938535562902,1184.8220890252326,,1230.9415547049023,1190.0660200423092,1127.3313993276195,721.7601764132851,957.2816452955108,955.8443397386272,1068.4553448362549,912.2392324805828,880.1752025123586,1049.4004731886416,0.0,0.0,1.3933597413215315,1.200090366218188,,1.0284970644514044,0.7153482082488167,,0.9215686274509803,0.7004048582995951,0.15790797624678088,,0.21461887100294497,0.1560122612310497,0.6393416735666142,0.8104356811655989,0.806740816695114,,0.741090613923808,0.7396019949221528,0.9308713248070101,4.455955780746993,,0.7936283490366337,0.9243466243664201,0.001,,0.001,0.001,,,,,,,,,92.366175632367,14.1571573169823,1.0,1.0,1.0,1.30403683561389,24.8522648948955,36.99323215830132,47.975701209316256,12.821195173800294,0.0,0.0,0.0,1.0,1.0,,1.0,1.7604547647305089,,1.0364344046291722,1.1739332997153262,0.02622257809415548,,0.036434404629172246,0.028988883285887706,0.0,,0.017857142857142905,0.0,0.49,0.3870143150512916,0.5277149425287356,,0.6782,0.5137463594397969,,0.3558939812953613,7.0,30.0,0.0,0.0,13.0,15885.0,2243.0,1039.0,79.0,2.0,459.1121348657128,0.4503115452616363,0.722875351383581,0.7483407343383761,,0.7669945237127958,0.7154312194749926,0.944570617215945,0.19015290868883084,0.3973548420585894,,0.32673340607084006,0.4014919641333715,0.19524356362470635,,0.08981398943214523,0.14791391146830252,0.078733344289635,0.11392707335233282,,1.1056556884667355e-06,0.016367228460279482,0.7886660473627578,,0.5581385380811594,0.6033752012411393,0.8692156656061097,,0.2259586710050298,0.2500457192920491,0.12282374550221217,,0.03145984224683101,0.04928230995215996,0.6609036724441921,,0.012505831717194972,0.2858324886158091,0.3702190056950879,,0.05136137987858723,0.08301827381019113,0.3279345160191628,,0.004120559487260196,0.01686314582569833,0.22918641792417155,,0.0115432000238415,0.1043871340469473,0.406167964365527,,0.0010761294562349202,0.01409052490404583,0.1258755330621613,,0.001974636769624871,0.05587708853470559,0.8501386642456055,,0.6565558910369873,0.699434757232666,0.5039012756878286,,0.048804917803285254,0.14555217624653488,0.14815408197261798,,0.07041061288579312,0.07479902210140409,0.7064121961593628,,0.5630494356155396,0.5761038064956665,0.5133704081759917,,0.050312608628709295,0.1535537638442371,0.1509381404748433,,0.07258575096282617,0.0789110247041896,0.0,0.0,0.0
C_rnaseq_only,knn,21_harmonizr,False,ok,621.8,-0.00869452841600495,,0.023135215033469214,-0.04984648416058124,0.9913054715839951,,0.9768647849665308,0.9501535158394188,-0.05052711372757405,0.08772730965341165,,0.0987175605608334,0.474736443136213,0.5438636548267058,,0.5493587802804167,178.60679679765573,187.82595912233862,187.80393617175926,,174.4120343006088,174.23347699758398,185.903239503011,145.0527107763071,159.6201438720807,159.90269245543874,173.62449340840374,172.86734253017931,172.68165252170112,169.6505530204538,0.28704879958689206,0.0,1.4074127802735892,1.2421056191439719,,1.0601123263390957,0.7108974358974359,,0.8203125,0.6842650103519669,0.1550592063949959,,0.17981291645078157,0.15026929569252415,0.8121343273438683,0.8498300480825105,0.8514341909702948,,0.9911434335559258,0.9910934195734131,0.9125744848448756,0.7947903025664051,,1.1725921144464838e-05,0.02708612531269631,0.001,,0.97,0.001,,,,,,,,,39.3649393227563,3.0254711332309503,-11.1518634035223,-0.11100709497718196,-0.0065076117560856,0.7508039459299984,4.893453779062835,7.075426335289582,9.201359654809291,2.4249806962422373,0.0,0.0,0.2808875583820248,1.0,1.0,,1.0,1.7812985627061768,,1.0775547843063233,1.219273004111928,0.026941329748488854,,0.07755478430632334,0.03654550068532133,0.0267857142857143,,0.049107142857142905,0.013392857142857095,0.5732058823529412,0.43400142910868617,0.5899931034482758,,0.3851333333333333,0.5474400620026318,,0.24833768002768516,7.0,30.0,0.0,0.0,13.0,15880.0,2243.0,1039.0,79.0,2.0,459.1121348657128,0.6464087416479705,0.8032718943681412,0.8317186452117109,,0.9999764737605985,0.9792524559035223,0.9744217035387774,0.009448426125396153,0.3523338962741633,,,0.32065835685453087,0.13204898595109354,,2.1032368091718243e-05,0.014592174655853152,0.03001949717920212,0.20967689351287525,,3.8194991088898405e-07,0.008017831291081681,0.547504296641535,,1.5879584160531638e-05,0.0313096402231238,0.15054882223899974,,1.2688285343497557e-07,0.01258363611786101,0.4898308357759907,,2.2290602793036937e-05,0.02266446513054046,0.500094395022126,,0.00010190712206403928,0.05008650320885486,0.26686941659569535,,4.41730402405705e-05,0.00479247661528757,0.22331143390863065,,1.544795609310597e-07,0.0006486035967746197,0.36678073366160185,,1.3915206220022563e-05,0.012580912246573681,0.1853409722608889,,7.765970862613125e-07,0.002842479740584652,0.26662576892696505,,1.0718216027465196e-05,0.00039519838784918347,0.8339742422103882,,0.3368801474571228,0.5112894773483276,0.5398989340533842,,0.063763441790341,0.18890580179231606,0.1587379012356928,,0.09199120126093706,0.0970783784050999,0.8397759199142456,,0.40857115387916565,0.5630850791931152,0.5745979483664658,,0.07723584408178998,0.2082939028476726,0.16893990083153052,,0.11142776923567159,0.10704189139914484,0.0030202786723208877,0.0,0.002679789684335593
C_rnaseq_only,knn,22_tmm,False,ok,758.7,0.050583679621007134,,0.26328512231815504,0.011524286471204466,0.9494163203789928,,0.736714877681845,0.9884757135287955,-0.04088807920504228,0.06828918905004155,,0.15188587286269364,0.47955596039747883,0.5341445945250207,,0.5759429364313469,66.67133726590346,67.91608058034704,68.05058982324816,,71.24400375960808,70.03355922802598,70.79684390750228,48.453140534923975,60.07113336915937,60.01362369251841,63.96619479052602,56.96922548133781,54.57257669007684,61.75549736322209,0.0,0.0,1.3733049964582684,1.1810648232042704,,1.0212485509363727,0.7223001402524544,,0.8865248226950354,0.7002688172043011,0.15912158199571574,,0.20170510326152516,0.15259462687844172,0.7267461929206497,0.8844905780169863,0.8818971863196977,,0.7996353724527288,0.779234659663535,0.8722916722658863,5.335345585979656,,1.0296308277122634,1.2524740521269022,0.001,,0.001,0.001,,,,,,,,,10.033339623635484,6.697768495180147,5.3626753669041936,5.3626753669041936,5.3626753669041936,5.866554443900024,7.154583436092275,7.578242059342093,7.925310213850934,0.789215349974313,0.9666666666666667,0.0,0.0,1.0,1.0,,1.0,1.714404738699606,,1.041583150371157,1.170909290974298,0.02463464616205538,,0.04158315037115701,0.028484881829049662,0.0,,0.022321428571428603,0.0,0.487,0.3900960696661324,0.5080275862068966,,0.661,0.5085071229013022,,0.35245706579603914,7.0,30.0,29.0,0.0,13.0,15885.0,2243.0,1039.0,79.0,2.0,459.1121348657128,0.45472687902952447,0.7571199741618365,0.7850770767756057,,0.7609112374993149,0.6935551522422124,0.9219758901486136,0.013141187872531919,0.03308958185208034,,0.03004893151431728,0.3986866035100525,0.18691292195301093,,0.08841823629249461,0.1504663790058725,0.08068548238955545,0.07942176797928778,,0.0009506161909580517,0.03786394716485054,0.8583914956041392,,0.7524474155547421,0.8181212533045903,0.8100853874725195,,0.023075686596010836,0.03837980482493506,0.6299928213310977,,0.007904150077444532,0.25611414556530654,0.21855090668201096,,0.03699946153488323,0.13774065378151273,0.1984488842225277,,0.04345578189026592,0.049837211858424116,0.35999068323136874,,0.0006367345662255549,0.014826833789056651,0.18778348581283957,,0.004962556324296476,0.06314304297700968,0.17583916186780876,,0.006488549537123274,0.03829290853260242,0.4683614408969252,,0.007261410652996177,0.05034398826043704,0.8153021335601807,,0.5594107508659363,0.7406594753265381,0.48601266876243676,,0.050038322689379106,0.14565415304955823,0.14289457923930418,,0.07219003999836894,0.07485142781143794,0.7097628116607666,,0.6779276132583618,0.5144684910774231,0.507598053994876,,0.05156767769356703,0.15426178729887102,0.14924098693349408,,0.07439643287866958,0.07927487678388488,0.0,0.0,0.0
C_rnaseq_only,knn,23_vst,False,ok,741.6,0.056235330080753175,,0.268460127087847,0.008944681238172911,0.9437646699192468,,0.7315398729121529,0.9910553187618271,-0.023779126605729572,0.09510236201405,,0.15864913115340273,0.4881104366971352,0.547551181007025,,0.5793245655767014,81.34830732951173,85.02024606055576,85.23399750959001,,86.88735503019815,85.07094212560554,85.85189925019354,58.67841354431537,71.04174523206814,70.96435859747926,77.98215131000032,69.42058595605947,67.00713993534072,75.43515596197736,0.3454767852802779,0.19229881439513166,1.3772304182757806,1.1844779456402845,,1.0204013043517508,0.7107670654468684,,0.9002433090024331,0.6963562753036437,0.15763631822476587,,0.2032583652700539,0.15311553015837354,0.721323103953853,0.8355862106240974,0.8325827800050652,,0.798972254730645,0.7876619003044073,0.8786661287730021,3.758441414746614,,0.8340145144526115,0.9687908176180732,0.001,,0.001,0.001,,,,,,,,,6.2175295533548764,1.9009423831527952,0.2508322284472405,0.2508322284472405,0.2508322284472405,1.1665411806313304,2.393459603651451,2.7864207923517585,3.1765931819528097,0.9162060824008935,1.0,1.0,0.23937964732302547,1.0,1.0,,1.0,1.709121711999496,,1.0395346920691655,1.1727166418517085,0.024452472827568825,,0.03953469206916549,0.028786106975284758,0.0,,0.0267857142857143,0.0,0.4958529411764706,0.383417495145093,0.5297218390804598,,0.6948,0.5087779599546877,,0.35918399344811863,7.0,30.0,30.0,30.0,13.0,15885.0,2243.0,1039.0,79.0,2.0,459.1121348657128,0.4422576686819977,0.719041075161318,0.7502459968064296,,0.7633061943145125,0.7002902609575608,0.921010711733542,0.05189742206673941,0.23780679619683634,,0.20968618034320166,0.4044393266694331,0.19111748357219735,,0.08866075753432924,0.15294645156319828,0.08025020730096896,0.09138988386135397,,0.0024918349189456254,0.04391623992366117,0.7652802707424626,,0.6115507243228758,0.6533637877276045,0.8336111601408394,,0.17541619680856022,0.20474877926591728,0.7550537562400259,,0.00917608861644311,0.3144326905568878,0.15568447668125956,,0.03853596381365606,0.0964990250562958,0.28820977890973126,,0.029699194729109875,0.03359122877573327,0.2891146929879521,,0.0005643919207607475,0.006890592526433602,0.22828915500393648,,0.009158000755963574,0.08268208284115382,0.4630034791793506,,0.0012194704625144613,0.027505498705147555,0.17475661294741873,,0.008795708994462775,0.06583459025314785,0.821640133857727,,0.6441574692726135,0.6932997703552246,0.48199124275776584,,0.04701081411018353,0.1439403714859622,0.1417122232765621,,0.06782226838491469,0.07397071830672211,0.7559463381767273,,0.5440381169319153,0.5465517044067383,0.49459515596173587,,0.04916655543048741,0.16453597270713688,0.14541795152153994,,0.07093234569715652,0.08455476363439218,0.0,0.0,0.0
C_rnaseq_only,knn,25_angel,False,ok,627.3,0.03956469725638097,,0.11344259850232791,-0.047886250207257876,0.960435302743619,,0.886557401497672,0.9521137497927421,0.08626040465915893,0.16152369445195672,,0.16240039477848886,0.5431302023295794,0.5807618472259783,,0.5812001973892444,15.01796940730586,15.691922082251557,15.724374049959946,,15.178662541760186,15.113659215234838,15.586115253515404,12.270847152004825,13.543215974955704,13.53171226649559,14.61006091846883,14.063400773330946,13.830379703571218,14.294166957229688,1.0,1.0,1.3671264968146284,1.153540647546141,,1.019603233238774,0.7301013024602026,,0.8900634249471459,0.6825980392156863,0.16090877767517328,,0.20056531256099455,0.15132679890954026,0.8170776500606913,0.8630692852008129,0.8605564980521472,,0.9265243716064651,0.9150914088118348,0.9171090245855638,3.1218474357991104,,0.04564826899352721,0.20321245670143132,0.001,,0.001,0.001,,,,,,,,,0.9999370514918796,0.3899030592974946,0.0030844768978975,0.0313168827898778,0.0462356792144026,0.1658693188971421,0.6888455243610726,0.947878635276344,0.9933904066473624,0.2970722575333396,1.0,1.0,1.0,1.0,1.0,,1.0,1.6835402369470975,,1.0453368788392068,1.19860115919693,0.023570352998175777,,0.045336878839206785,0.03310019319948835,0.0,,0.022321428571428603,0.004464285714285698,0.595,0.438693157958894,0.6028045977011495,,0.7441333333333333,0.5567967646448649,,0.3512022842504209,7.0,30.0,30.0,30.0,13.0,8739.0,2243.0,1039.0,79.0,2.0,459.1121348657128,0.5423347549986872,0.7525078686578008,0.7661110916860097,,0.9273090803122929,0.8618638273911021,0.9182611724418869,0.010711284935211878,0.21841164042979364,,0.1821243682698937,0.4357066077682445,0.20840294893115646,,0.0868763173133132,0.14888605299519858,0.08253521643215551,0.35120924118214997,,0.0002090968396426347,0.05559024082303477,0.8529827894918603,,0.02460456668931953,0.04293781186493531,0.6228919332049513,,0.07046006315175815,0.34610831969995726,0.40372081948554306,,0.09794230971405882,0.14798277058944354,0.7456492776337764,,0.6649666174734791,0.6993096212005534,0.2765279627579043,,0.0037842664430632455,0.013956862050458086,0.30654774759033143,,0.0012616310262261005,0.06308204162646147,0.20212040727732752,,0.00018919337723113778,0.04435571684769574,0.36656787254584056,,0.0010123185921420829,0.031215457828019304,0.22884802651276046,,0.00433310982621128,0.04432168742142694,0.8717098832130432,,0.13331802189350128,0.649174690246582,0.4400441881698951,,0.04455220557851864,0.1586852223019693,0.12937919761506073,,0.06427524604879445,0.08154807269955743,0.7697283029556274,,0.7534558773040771,0.6378831267356873,0.4805504912756716,,0.05031878183211692,0.17845511613008566,0.14128862202076256,,0.07259465701276875,0.09170778836665239,0.0,0.0,0.0
C_rnaseq_only,softimpute,01_raw,False,ok,564.1,0.0589466653161852,,0.2708908462815386,0.022759815786694008,0.9410533346838148,,0.7291091537184614,0.9772401842133059,-0.07958714704870756,0.08355921503532311,,0.08276021369400732,0.46020642647564625,0.5417796075176615,,0.5413801068470037,218.0638367035948,228.29150061718502,229.06211515826487,,237.73772345343255,229.43504515902637,218.3271162603256,140.0541913808017,184.9722687191297,184.6277395398117,206.48051656670268,176.4294781007974,170.9418444639637,202.64643769418333,0.38459895690146345,0.25249156695001984,1.3506569988319654,1.1388753145244712,,1.0264196248893078,0.7456268221574344,,0.9246231155778895,0.6728232189973615,0.16328495081689726,,0.2138303268253367,0.15229075274433954,0.6422623461916411,0.810245971571688,0.8060160424706097,,0.7421181440536337,0.7450555094819111,0.928178053030091,4.267164898568418,,0.8127159939775056,0.9311287779717544,0.001,,0.001,0.001,,,,,,,,,17.6471698394478,2.9848208997818286,-14.031223284599545,0.0,0.0,0.6000935282668618,4.979687480356231,7.263793577781393,9.326172961425234,2.510244358250189,0.0,0.0,0.29682564340694956,1.0,1.0,,1.0,1.701142663165757,,1.0350337782305443,1.2024603496177957,0.02417733321261231,,0.03503377823054432,0.033743391602965946,0.0,,0.022321428571428603,0.0,0.6095209759000297,0.4588060061459626,0.6513394226911186,,0.7753333333333333,0.5975800234720852,,0.38305096896438645,7.0,30.0,0.0,0.0,13.0,15885.0,2243.0,1039.0,79.0,2.0,459.1121348657128,0.4271034067770454,0.7238039243812051,0.7451456564553885,,0.7582356751664288,0.7121801829898713,0.9469234322314019,0.15794235209097052,1.30121457776945,,0.3926836220962584,0.48268974374524853,0.21058395828659626,,0.08907188101375073,0.14346366086202506,0.0773562340905515,0.2839391800384721,,0.004581635725877781,0.07257320887620945,0.7812351741866436,,0.5715362819141699,0.6052777014773782,0.8660773451493284,,0.20998898636969862,0.24398021702953226,0.09609132784423445,,0.02824247647265765,0.035944927527714464,0.6834093669738182,,0.0002302996529985005,0.22634464488240738,0.39949347161469845,,0.056123859315590226,0.09607594105714432,0.3493973826039786,,0.0026663004237159746,0.02103335658131779,0.2565518415831662,,0.013578701191985568,0.09535612184449314,0.6785961444064804,,1.2195059986183344e-06,0.007605282081419391,0.4321062030516652,,0.003769049564814398,0.03044520726263442,0.9280136823654175,,0.6068233847618103,0.723209798336029,0.48478719314014185,,0.05034194838994317,0.17249607154969246,0.14253427212249226,,0.07262807929085915,0.08864544523468088,0.7307450771331787,,0.7825667858123779,0.5619565844535828,0.4913076131035982,,0.05204265075174477,0.1782409254453184,0.14445136755441626,,0.07508167415425847,0.09159771612879944,0.15323922746019064,0.08166734115742615,0.10131898477282732
C_rnaseq_only,softimpute,02_median_scaling,False,ok,554.1,-0.023591236984832606,,0.059934977232803645,-0.27336388584907295,0.9764087630151674,,0.9400650227671964,0.726636114150927,0.0055288997926342546,0.13011361551858097,,0.10174361903075939,0.5027644498963171,0.5650568077592905,,0.5508718095153797,182.10222877341442,200.8396739133766,201.0201238293896,,181.101874753287,178.96774901280264,188.72031362930807,140.42801274255407,151.33469504164728,151.6185740202339,175.91420184748742,170.92671340664077,171.1866374794404,171.76958280982126,0.3165106800062156,0.26998605190461394,1.3975477739743118,1.1794671559554462,,1.0666881241204635,0.7216300940438871,,0.8472400513478819,0.7166186359269933,0.16120775479239255,,0.18975678865674975,0.15890737899671808,0.7711493356695013,0.753509961915786,0.7542457497882952,,0.9438152622080377,0.9565222696475575,0.9101806769313551,0.9994117454084182,,0.04164609569300385,0.046642913969066,0.001,,0.001,0.001,,,,,,,,,20.64708681300747,3.0901011994562446,-14.585859337978876,-0.2685568436323718,0.0,0.7057087350803557,4.964636800558364,7.195911768219497,9.385753497769906,2.4845266342385206,0.0,0.0,0.2839506141654847,1.0,1.0,,1.0,1.7514715427500236,,1.085377895801583,1.2253680956491693,0.02591281181896633,,0.08537789580158295,0.037561349274861544,0.0267857142857143,,0.03125,0.022321428571428603,0.6095209759000297,0.4588060061459626,0.6302980953055299,,0.4590666666666667,0.5711953353504019,,0.24158274788334255,7.0,30.0,0.0,0.0,13.0,15885.0,2243.0,1039.0,79.0,2.0,459.1121348657128,0.579363331188152,0.737018398067636,0.7736144391373402,,0.9722417236628706,0.9637617366559118,0.9816894571245756,0.054944708105967084,1.123945945471088,,0.22212105460971415,0.4033681716528399,0.17074796169558928,,0.019281871706494858,0.025783397286524984,0.02469472321680124,0.24102231556514686,,0.0013345764640899187,0.011700341771895094,0.6629107682142197,,0.050481285046517436,0.05507373017136249,0.08325633711869859,,0.013153969558140527,0.017713774967761768,0.567974504479118,,0.0011302998898387933,0.006361101462088031,0.5030326302995182,,1.686398301634314e-05,0.001915002414269554,0.3198820256097484,,0.055899032124592005,0.06061041815903852,0.20633539384492447,,0.0007260059776604963,0.0045622948411332374,0.7787330159287357,,0.0005109897996073416,0.010342563161412535,0.33328323835374424,,0.002466457798894687,0.009461279840259363,0.3372514871145447,,0.06709923642259104,0.08009346607602923,0.8574413657188416,,0.6084685325622559,0.4511811137199402,0.49699219525089977,,0.062273446475191445,0.16372234255282067,0.14612271487990536,,0.089841592408823,0.08413664044678704,0.916861891746521,,0.10211107134819031,0.2072955071926117,0.5375535896005049,,0.07288329002327491,0.18042429698881918,0.15804833688828845,,0.10514836108025079,0.09271974714578178,0.06073095755918911,0.031147483649844366,0.04938078260053205
C_rnaseq_only,softimpute,03_limma,False,ok,550.9,0.003008224225539454,,0.053987428656539015,-0.2723317970921599,0.9969917757744605,,0.946012571343461,0.7276682029078401,0.01320152738345502,0.12497557326386532,,0.09754606983424248,0.5066007636917275,0.5624877866319327,,0.5487730349171213,179.57015327076542,193.1555545921575,193.30268859759323,,177.49441885763375,175.39231897323896,185.23266684909316,140.22171963265453,154.56905071060166,154.78404567215637,173.72747187118313,170.1058856815063,171.14992143170502,170.00388652772241,0.3109310192323783,0.26361347182876926,1.3907442895651492,1.1683981283444727,,1.058007066299379,0.7106703146374829,,0.8683760683760684,0.6579247434435576,0.15770943277734858,,0.19310387475425173,0.144963832137214,0.7808743105610695,0.8002309384111156,0.8007340549431113,,0.9583731521042714,0.9758119536455799,0.9177856661007993,0.95913448365006,,4.21418505423268e-05,5.9813765568616054e-05,0.001,,0.909,1.0,,,,,,,,,17.67001426814809,2.996233083280253,-13.596451424207416,-0.3944698471110404,-0.07519809712824185,0.6970833357182392,4.886638356760021,7.063435689440739,9.175467953341842,2.445796939081443,0.0,0.0,0.2881998357847048,1.0,1.0,,1.0,1.7041276861613088,,1.050959330831089,1.1798559068929415,0.024280265040045133,,0.050959330831088945,0.02997598448215692,0.0,,0.022321428571428603,0.004464285714285698,0.6095209759000297,0.4588060061459626,0.6645377516580518,,0.5663333333333334,0.5911899865446268,,0.2996915711295266,7.0,30.0,0.0,0.0,13.0,15885.0,2243.0,1039.0,79.0,2.0,459.1121348657128,0.5926060986799682,0.767265574147941,0.8033629795434345,,0.9998644524781728,0.9997773641090236,0.984985347538634,0.04529125649392808,1.1413004670042999,,6.145235468270875e-16,0.39455366870708664,0.16298300207451938,,0.00020337466800599574,0.00027737535583142645,0.02381370893210557,0.2704337580056603,,1.8718440001864043e-07,3.5672264002289844e-05,0.659880276219453,,5.8667161467159175e-05,8.234030577942165e-05,0.06710866938094102,,1.1438117623969127e-06,3.923107684809324e-06,0.5627584414723282,,0.0005704577238032339,0.0006992535398520669,0.5087332308116383,,1.546806723057669e-05,3.670203143705508e-05,0.2996912801868728,,6.169677105691184e-05,0.00012239646243870556,0.1883294995680292,,5.358316325990209e-05,6.581858037591802e-05,0.7895378798819674,,0.0012091376840362674,0.0015686965994024516,0.3304038526826833,,3.4843121709275487e-06,2.3587492076800463e-05,0.2686597988612927,,5.9920800872563155e-05,0.0001353631752647464,0.9203944206237793,,0.18885529041290283,0.1727089285850525,0.49856725335345964,,0.05323430248205148,0.15888728841016414,0.14658580417635486,,0.07680086419603871,0.08165191413760786,0.7282763719558716,,0.7339896559715271,0.5409178137779236,0.5204967440337512,,0.05675612053215997,0.1737468840692935,0.15303338372540612,,0.08188177363184347,0.08928823571511918,0.0,0.0,0.0
C_rnaseq_only,softimpute,04_sva,False,ok,540.3,-0.028989237059779065,,0.06532175898655079,-0.07724118732839401,0.9710107629402209,,0.9346782410134492,0.922758812671606,0.04090299283978546,0.1864740288994086,,0.17844635339956472,0.5204514964198927,0.5932370144497043,,0.5892231766997824,135.1086396211019,151.0118730882891,151.18777000276987,,134.85443296749776,136.36553957931807,149.48266072379704,104.61821625079654,110.43419668282718,110.63979888669044,130.58124645649752,126.47295576118998,121.62588517293837,124.46392039018333,0.3197307739594696,0.20178446730185895,1.3483957055622942,1.155741699576048,,1.03693699288737,0.7805128205128206,,0.8466711499663753,0.7667450058754407,0.1714325866669968,,0.1834948014084764,0.16652228383288975,0.7743266200014108,0.7312947944050852,0.7318038944860649,,0.9378479667158746,0.8919107096129204,0.8326311545936322,1.3935512724880952,,0.18393448350161173,0.2716921073058249,0.001,,0.001,0.001,,,,,,,,,18.18807966546569,3.3923285977236923,-7.883678382852874,-0.14513822870386262,0.07445750287460658,1.1656190196943013,5.072868524652626,7.259075973317236,9.527645553836589,2.3990009395117737,0.0,0.0,0.23207117604151953,1.0,1.0,,1.0,2.101440248863566,,1.322492797168792,1.5006051252530435,0.03798069823667469,,0.3224927971687921,0.08343418754217391,0.2232142857142857,,0.2276785714285714,0.2633928571428571,0.5610882352941177,0.424427974421157,0.5744574712643679,,0.6748666666666666,0.5431296932691148,,0.30561125887064905,7.0,30.0,0.0,0.0,13.0,9678.0,2243.0,1039.0,79.0,2.0,459.1121348657128,0.5787068593292684,0.6683659933173411,0.7179809412630761,,0.9182127831912195,0.8712194181560521,0.9389313245816576,0.10637297814747744,0.3249663789422468,,0.2462570896505334,0.3653601432774599,0.18421249466119766,,0.029439204990510105,0.0784671573721379,0.06874153953042493,0.1685790266778027,,2.661186673314699e-05,0.02020904832821958,0.5759509209665704,,0.18968969662865137,0.20100195243396013,0.6065891273436861,,0.021659261496651216,0.26288789129382256,0.3742648650847037,,0.02026363702783663,0.06630130521059126,0.2988745971457676,,0.053711605456646404,0.06723219286813195,0.2553081273811841,,6.556748828439606e-05,0.015613757280812912,0.22845275367575382,,0.008244765535819458,0.08018532664529662,0.38027286644756697,,0.0003475020882422924,0.005999915840132037,0.4201506604028397,,5.922121002059063e-06,0.04112994881552265,0.34515848764872376,,0.0003774801952340748,0.024110235004889347,0.9393326044082642,,0.3735519051551819,0.6953335404396057,0.8107986117686967,,0.26861086664269135,0.42627736180668757,0.23838622719757058,,0.3875235652342975,0.21906322962220723,0.9974691867828369,,0.4136868715286255,0.6836265325546265,0.8833509638938196,,0.29067629873908574,0.4812141648848105,0.25971764198587277,,0.41935725469483787,0.24729516165914803,0.0,0.0,0.0
C_rnaseq_only,softimpute,05_combat,False,ok,582.3,-0.010559456073284752,,0.0529132819546881,-0.1072593210512769,0.9894405439267152,,0.9470867180453119,0.8927406789487231,0.06451268466658346,0.2141342121776014,,0.17076381565108364,0.5322563423332918,0.6070671060888007,,0.5853819078255418,185.95392096594048,209.5543612536301,209.94835694948918,,184.22342063232696,184.07343559334993,201.31868647374418,139.5665640330356,149.0009356367682,149.1804894573989,179.0660598119156,174.107713758848,171.3135378955605,171.86413453810854,0.33287991616962104,0.26189179884841896,1.3489416837158192,1.1303134733452889,,1.0301046623154466,0.7377139701822197,,0.8056312443233424,0.7070285316631872,0.15989390894516034,,0.1736660223925536,0.1504101369040212,0.7505438084233715,0.711037149240849,0.7105580230536872,,0.9450900062611046,0.9306803958069308,0.8536919127997734,1.674050431378033,,0.06342759657710322,0.09702038842326031,0.001,,0.001,0.001,,,,,,,,,26.453647978722035,3.013478925415998,-21.52387602022619,-0.12968336032491812,0.0,0.747790119138058,4.889176847021643,7.132606570272916,9.263658700802498,2.4380086795179277,0.0,0.0,0.28071452598094504,1.0,1.0,,1.0,1.8467325293222838,,1.179815303710537,1.3691422340443167,0.02919767342490634,,0.179815303710537,0.06152370567405278,0.09375,,0.0803571428571429,0.0714285714285714,0.6328473668551027,0.4698289135756676,0.6515636432297198,,0.6466666666666666,0.5886380673590095,,0.3113046036183602,7.0,30.0,0.0,0.0,13.0,15885.0,2243.0,1039.0,79.0,2.0,459.1121348657128,0.5352119450583483,0.6724860430946684,0.7064948172319576,,0.9616329018661378,0.9282008759860536,0.9425446724799194,0.06541928335528202,1.3149611686455902,,0.2300665999847619,0.425974863130645,0.2260433181532202,,0.020807114391024836,0.05164447842383717,0.07069475784063739,0.27562619527819515,,0.005186644318975147,0.008955389476492619,0.7131126734338181,,0.07822102908404717,0.10690548911166556,0.34809089209459526,,0.00034942185620797793,0.02949903423458603,0.3527776007389965,,0.02822127160482771,0.030118858092596693,0.6726637850584664,,0.05074653371569099,0.24651113950929124,0.28203447299943646,,0.03276701191158972,0.05648227110359354,0.16210813825147824,,0.001743167167767072,0.0030479583153939934,0.7710751185806838,,0.007142232601780188,0.012805372933923961,0.400724396709317,,0.00014173576627791586,0.01435443958562067,0.2815353581614631,,0.0035520958830845112,0.007764831875207398,0.8555926084518433,,0.36256375908851624,0.6319921612739563,0.529553527398399,,0.09965516275447102,0.25630049017490397,0.15569620576963036,,0.14377200910485788,0.13171239704943774,0.8228663206100464,,0.336828351020813,0.508715033531189,0.5527848218607156,,0.10801174495474611,0.26066632979841703,0.16252653399097094,,0.15582800880397574,0.13395599479501327,0.06704438149197356,0.030253158865056883,0.03428953449552632
C_rnaseq_only,softimpute,06_combat_seq,False,ok,585.4,0.023357297868035903,,0.15140019309597608,-0.04863520635807281,0.9766427021319641,,0.8485998069040239,0.9513647936419272,0.0600804158847049,0.18847679045840227,,0.16773865194598378,0.5300402079423524,0.5942383952292012,,0.5838693259729919,228.69733364267285,256.39150556950443,257.07757237472913,,232.97148562614416,229.6121844495273,240.5004292388623,160.8842493758103,181.38876554548094,181.41950141779517,218.6280574489045,204.83812050894804,201.6222066757147,211.54919931740972,0.3145113414055932,0.19229881439513166,1.3574394556000895,1.1330189490457692,,1.0243908694730879,0.7241630276564774,,0.8746268656716418,0.5803030303030303,0.15988237486009452,,0.19548946275364973,0.12561905295281853,0.703481089233787,0.7074679215388779,0.7056994499440388,,0.879241165322942,0.8780989003657805,0.8796208804571465,2.101992001060345,,0.3226535983412958,0.35727214320317513,0.001,,0.001,0.001,,,,,,,,,22.0,3.0,0.0,0.0,0.0,1.0,5.0,8.0,10.0,2.7252290450721253,0.06666666666666667,0.06666666666666667,0.23733471643532406,1.0,1.0,,1.0,1.6884436821722884,,1.0328378058498169,1.1873311955933095,0.023739437316285805,,0.03283780584981688,0.031221865932218245,0.0,,0.022321428571428603,0.004464285714285698,0.37420588235294117,0.3252548576100665,0.4291287356321839,,0.5654,0.4439157603181834,,0.2917005408825051,7.0,30.0,2.0,2.0,13.0,15885.0,2243.0,1039.0,79.0,2.0,459.1121348657128,0.4806481652553082,0.6684060426667322,0.6983820720755797,,0.8662469726331026,0.8226077713364492,0.9300181972319754,0.14966629547095767,0.5941006902907652,,0.42632515955751477,0.5034000478734171,0.22277426860917632,,0.09153452618259719,0.14109872985448677,0.07367777093147078,0.38174234700635823,,0.0013848553550922312,0.010730326224883414,0.7264275657627631,,0.2879627345971745,0.3051689826959445,0.5372041649997851,,0.11728308844682267,0.14254546881113955,0.35957347634784936,,0.011683784205932983,0.031052317241055224,0.7411350226822876,,0.029951934105509045,0.28306737573646573,0.6098891714695476,,0.3810213065687756,0.49345450325435586,0.24769524401074203,,0.05324197515511305,0.06349005232175663,0.2840210690338179,,0.03188132953435804,0.04573664704615946,0.7820115345783286,,0.00017967928148321166,0.0059749951215256215,0.364300882842691,,0.0007545745757107365,0.029766630091581495,0.931044340133667,,0.6655267477035522,0.7106121778488159,0.47423074007148236,,0.04339701390356296,0.16706179568803636,0.13943052603425418,,0.06260865674805968,0.08585277987739585,1.038574457168579,,0.7952420711517334,0.6976011395454407,0.5116651683077349,,0.049061960781125305,0.1795582997087717,0.15043677590322194,,0.0707814475152183,0.09227471257906868,0.3145113414055932,0.19229881439513166,0.23733471643532406
C_rnaseq_only,softimpute,07_pycombat,False,ok,558.4,0.017638733649140193,,0.028206776019306098,-0.0971231100772996,0.9823612663508599,,0.9717932239806939,0.9028768899227004,-0.02454856041460311,0.09702225125441137,,0.10534053216083475,0.48772571979269846,0.5485111256272057,,0.5526702660804174,126.14459598810376,133.1195912170189,133.17884261599772,,123.07791426931796,122.46656878763233,129.5888016056534,100.23801125098308,111.62628961388747,111.768017066692,122.2978375081506,121.54786273141673,122.03660427955872,119.93816197850639,0.23016412406336786,0.21688365364744783,1.41179708029676,1.1861407919065747,,1.0580585806005152,0.7111864406779661,,0.7898894154818326,0.6469248291571754,0.15543513688966973,,0.17460941027532512,0.14246249548542947,0.7946278670584997,0.8385414092198356,0.8392325302672827,,0.9875684313714223,0.9964891275036928,0.9255287531980233,1.3555631549097078,,3.1281924673517557e-06,0.0002932476721325093,0.001,,0.994,1.0,,,,,,,,,38.928063040030665,3.436247229876524,-12.4451662770334,-0.076118743423721,0.023313968311119156,1.2271714032764047,5.055657385137073,7.162352168889654,9.484824379574865,2.37098560542338,0.0,0.0,0.22634630924968102,1.0,1.0,,1.0,1.7374896582592876,,1.0783189951599073,1.2241277131815826,0.025430677871009916,,0.07831899515990726,0.03735461886359711,0.022321428571428603,,0.0357142857142857,0.0267857142857143,0.5857941176470588,0.4474767959456544,0.6211333333333333,,0.4461333333333333,0.5684919005661848,,0.26319929101317385,7.0,30.0,0.0,0.0,13.0,9678.0,2243.0,1039.0,79.0,2.0,459.1121348657128,0.6000985085657831,0.7700387012650141,0.8043893117968651,,0.9999777800991309,0.9995877334112162,0.9757359725829875,0.006129489194488705,0.4099875060181192,,0.05012888561426373,0.3656396680203836,0.15465677649124676,,5.243459331839347e-05,0.000557446937752675,0.03139740880507509,0.1453774259387137,,6.23924543393486e-05,0.000715002312635113,0.6159888418124002,,1.171979567070273e-06,5.267512427570449e-05,0.4355161023397667,,9.885655728674895e-06,0.0011238942393621294,0.3463041949438222,,4.286657267891943e-06,0.0008904045599733747,0.326032000967446,,5.7277023417866896e-05,0.00042416919446799234,0.30524857987834525,,7.575516997277939e-05,0.00030439925902196724,0.1747347732981987,,5.047755141920789e-05,0.00024870372809800064,0.36775829431425666,,0.0001586037025538859,0.0010605869382916081,0.625635140913004,,2.6109914200427934e-09,4.9337769693637695e-05,0.3138013257978835,,0.00010449312792578892,0.0007052962517072222,0.8055697679519653,,0.1804850697517395,0.24897897243499756,0.5075665641278809,,0.06244959004591279,0.17538502270944817,0.14923172846847088,,0.09009571386478715,0.0901300724468665,0.8297198414802551,,0.2496047466993332,0.2170630693435669,0.5381141149630939,,0.06949481807359968,0.19132754608356223,0.15821313925042454,,0.10025982940226297,0.09832290878201472,0.0,0.0,0.0
C_rnaseq_only,softimpute,08_inmoose_combatseq,False,ok,583.6,0.023357297868035903,,0.15140019309597608,-0.04863520635807281,0.9766427021319641,,0.8485998069040239,0.9513647936419272,0.0600804158847049,0.18847679045840227,,0.16773865194598378,0.5300402079423524,0.5942383952292012,,0.5838693259729919,228.69733364267285,256.39150556950443,257.07757237472913,,232.97148562614416,229.6121844495273,240.5004292388623,160.8842493758103,181.38876554548094,181.41950141779517,218.6280574489045,204.83812050894804,201.6222066757147,211.54919931740972,0.3145113414055932,0.19229881439513166,1.3574394556000895,1.1330189490457692,,1.0243908694730879,0.7241630276564774,,0.8746268656716418,0.5803030303030303,0.15988237486009452,,0.19548946275364973,0.12561905295281853,0.703481089233787,0.7074679215388779,0.7056994499440388,,0.879241165322942,0.8780989003657805,0.8796208804571465,2.101992001060345,,0.3226535983412958,0.35727214320317513,0.001,,0.001,0.001,,,,,,,,,22.0,3.0,0.0,0.0,0.0,1.0,5.0,8.0,10.0,2.7252290450721253,0.06666666666666667,0.06666666666666667,0.23733471643532406,1.0,1.0,,1.0,1.6884436821722884,,1.0328378058498169,1.1873311955933095,0.023739437316285805,,0.03283780584981688,0.031221865932218245,0.0,,0.022321428571428603,0.004464285714285698,0.37420588235294117,0.3252548576100665,0.4291287356321839,,0.5654,0.4439157603181834,,0.2917005408825051,7.0,30.0,2.0,2.0,13.0,15885.0,2243.0,1039.0,79.0,2.0,459.1121348657128,0.4806481652553082,0.6684060426667322,0.6983820720755797,,0.8662469726331026,0.8226077713364492,0.9300181972319754,0.14966629547095767,0.5941006902907652,,0.42632515955751477,0.5034000478734171,0.22277426860917632,,0.09153452618259719,0.14109872985448677,0.07367777093147078,0.38174234700635823,,0.0013848553550922312,0.010730326224883414,0.7264275657627631,,0.2879627345971745,0.3051689826959445,0.5372041649997851,,0.11728308844682267,0.14254546881113955,0.35957347634784936,,0.011683784205932983,0.031052317241055224,0.7411350226822876,,0.029951934105509045,0.28306737573646573,0.6098891714695476,,0.3810213065687756,0.49345450325435586,0.24769524401074203,,0.05324197515511305,0.06349005232175663,0.2840210690338179,,0.03188132953435804,0.04573664704615946,0.7820115345783286,,0.00017967928148321166,0.0059749951215256215,0.364300882842691,,0.0007545745757107365,0.029766630091581495,0.931044340133667,,0.6655267477035522,0.7106121778488159,0.47423074007148236,,0.04339701390356296,0.16706179568803636,0.13943052603425418,,0.06260865674805968,0.08585277987739585,1.038574457168579,,0.7952420711517334,0.6976011395454407,0.5116651683077349,,0.049061960781125305,0.1795582997087717,0.15043677590322194,,0.0707814475152183,0.09227471257906868,0.3145113414055932,0.19229881439513166,0.23733471643532406
C_rnaseq_only,softimpute,09_ruv,False,ok,701.2,0.018677503716187132,,0.093899159266205,-0.03685426673566367,0.9813224962838129,,0.906100840733795,0.9631457332643363,-0.03242280149088143,0.047177736900464354,,0.11786868742024018,0.4837885992545593,0.5235888684502322,,0.5589343437101201,207.69076294383868,217.86684108198867,218.0999995571566,,206.32605325041357,207.84827553173034,219.428164717798,160.3021973074756,183.68054281023697,183.7715359498268,200.65423657171152,195.20128673518602,189.51627786059532,194.57817060167164,0.3113095309244052,0.20243664276282908,1.3486424972755642,1.1462938822332953,,1.0304093995405499,0.7388809182209469,,0.7852112676056338,0.6423611111111112,0.1623609317657449,,0.1772325016170226,0.1436446607316548,0.7718311350747104,0.843086271862332,0.8426021839659222,,0.9460816201348763,0.9118010595746491,0.8867511189911038,1.4009285689546562,,0.12933676081798431,0.18996298613886886,0.001,,0.001,0.001,,,,,,,,,92.0,3.0,0.0,0.0,0.0,1.0,5.0,7.0,9.0,2.5044197448564343,0.0,0.0,0.23808843404816524,1.0,1.0,,1.0,1.7608029482306906,,1.0704172013876752,1.232727577154748,0.02623458442174795,,0.07041720138767515,0.03878792952579132,0.004464285714285698,,0.0357142857142857,0.03125,0.3512647058823529,0.3142456906227084,0.34423908045977014,,0.5032,0.38995282339513926,,0.25279170466144224,7.0,30.0,0.0,0.0,13.0,15885.0,2243.0,1039.0,79.0,2.0,459.1121348657128,0.5786762221098973,0.798728192984495,0.8244775487513216,,0.9412970298982638,0.8921406286533204,0.965117977379592,0.19245008972987523,0.5446406046079247,,0.41714430252495754,0.4095086087513888,0.19605700989197472,,0.03415927051833471,0.09161869597658183,0.06202327759619235,0.376849874508678,,0.0020964148872358855,0.04596698982625529,0.4944017411236756,,0.05542178088173207,0.09165395268039857,0.7275238903944695,,0.21007141619253267,0.26954188826103137,0.2001520358656781,,0.007105519792851883,0.060426502561419314,0.5063874970658885,,0.021673599158053447,0.15811807686256607,0.5584838752391266,,0.0025232548350522977,0.04032774566861862,0.3508945217976927,,0.003068011323784963,0.025343108710662223,0.22392139697935562,,0.030577149248525372,0.043827590698367724,0.20108945380422033,,0.0063331609281468155,0.0565147030099924,0.45538180073510304,,0.00272239793543164,0.1244664014865068,0.8942613005638123,,0.11415663361549377,0.6165149807929993,0.49075040474410014,,0.05803570552266896,0.16603478917200276,0.14428754043797123,,0.08372782455204673,0.08532500293120325,0.8693556785583496,,0.4669992923736572,0.614802360534668,0.502961095435749,,0.06944806939954677,0.1793212789893161,0.14787765571839684,,0.1001923853220387,0.09215290802423315,0.3113095309244052,0.20243664276282908,0.23808843404816524
C_rnaseq_only,softimpute,10_mnn,False,ok,782.6,0.042980465284864565,,0.15384370426109556,-0.17226455361012802,0.9570195347151355,,0.8461562957389044,0.827735446389872,-0.05460332797398598,-0.028599355666919422,,0.16066136826903335,0.47269833601300704,0.4857003221665403,,0.5803306841345167,0.26858261142299555,0.26741358868357945,0.26767708088732806,,0.2836118847847809,0.27582306613211377,0.2825604302454421,0.16285341406358614,0.23855475711458515,0.23856705365317504,0.25288333300988297,0.2233405496532212,0.2173675675574865,0.24327852365941513,0.19621822690638563,0.19610076956636163,1.3619117438231885,1.2007681880356815,,1.0272015718848098,0.7822064056939502,,0.9118852459016393,0.7854406130268199,0.17364281565255707,,0.20646303166521776,0.1756490982550447,0.6063438478044485,0.8920816563172417,0.8912494594693889,,0.7874865675065181,0.7880688537244082,0.8609787416026183,3.2947448352973603,,0.4116623850585904,0.45571760740519973,0.001,,0.001,0.001,,,,,,,,,12.489285323940353,3.4486518094149496,0.0005663903140921,0.06330730676158955,0.1870147805898464,1.430676783248216,4.887051925912495,6.849518091788268,9.233741145743425,2.1906541679590066,0.0,0.0,0.19614221720036076,1.0,1.0,,1.0,2.0243189701646283,,1.1762354112358546,1.3829554096047918,0.03532134379878028,,0.17623541123585462,0.06382590160079864,0.017857142857142905,,0.1116071428571429,0.1294642857142857,0.6207941176470588,0.4706544947591745,0.6011218390804598,,0.7032666666666667,0.5677191970922562,,0.3477217597094048,7.0,30.0,0.0,0.0,13.0,9678.0,2243.0,1039.0,79.0,2.0,459.1121348657128,0.5005040600989197,0.7991121244368673,0.835975583436382,,0.8579217801696881,0.8165213351724375,0.9317421744011117,8.16815806869336e-05,0.0008433448132133069,,0.0005793315407596505,0.37921198195130146,0.1662133408968069,,0.06370724985100121,0.11570484048056431,0.07689986500257565,0.38116486053212567,,0.06629481606610747,0.09416407322938766,0.9688134281937717,,0.40503195273889026,0.4237703500683382,0.3170501712944551,,0.038463428466466686,0.06592790619963318,0.5120310639237791,,0.040660781451686924,0.23958668459750448,0.3180098897017271,,0.045761056468308886,0.09476103894079116,0.1257947608291536,,0.0019009957224997232,0.04425798510141579,0.3459317431116743,,0.0028425326297440733,0.08869000526063181,0.33215924827408866,,0.01830424641294764,0.0344057790197656,0.2531782877392893,,0.010308250909314351,0.03534140880659416,0.23798636591295008,,0.007504437644046225,0.03614317358158114,0.7440009117126465,,0.5298261642456055,0.5245376229286194,0.7063706944602411,,0.19043089004125138,0.3951202891879194,0.20768294667892512,,0.27473370069458486,0.2030516616503283,0.7689604163169861,,0.46528688073158264,0.7071473598480225,0.7251943554764685,,0.19583875166985562,0.4067803603006298,0.21321736850275597,,0.28253559584798593,0.20904375286706361,0.0,0.0,0.0
C_rnaseq_only,softimpute,11_harmony,False,ok,848.6,0.02365856012476944,,0.23454080603901875,-0.02576356146297996,0.9763414398752306,,0.7654591939609813,0.97423643853702,-0.09226268172055609,0.03168503297211981,,0.04491488231736935,0.45386865913972196,0.5158425164860599,,0.5224574411586846,176.0730480060058,179.3611156616959,180.13966895767393,,193.74789180422525,185.1838329584351,175.1283260842942,109.12115565334564,153.08580228144865,152.5757333244501,166.13164653337265,139.5810704718054,136.63466063460862,163.21992672506482,0.34017682472518057,0.23988002157412686,1.3530675750338281,1.1703593138770694,,1.0466495041940447,0.7899543378995434,,0.9081779053084649,0.8006354249404289,0.1730033422369848,,0.20639708611013488,0.17606118926610378,0.6197493420436702,0.8535060774833341,0.8469857539279685,,0.7204262672073184,0.7378325550982443,0.9320018661430161,2.306243220833838,,0.6633639336404434,0.7440924260822767,0.001,,0.001,0.001,,,,,,,,,24.568637677169317,2.937364596013047,-4.747957571009833,-0.10770153640493282,0.012700250635748393,0.7634965430420209,4.83893749881433,7.027378788088629,9.115350250785552,2.396393327232963,0.0,0.0,0.2823531706588721,1.0,1.0,,1.0,1.8404380611380748,,1.0702729231306236,1.3420343674642998,0.02898062279786465,,0.07027292313062361,0.05700572791071664,0.0,,0.03125,0.004464285714285698,0.6706470588235294,0.48418711796218483,0.666503448275862,,0.749,0.6133782757108135,,0.37822679478544097,7.0,30.0,0.0,0.0,13.0,15885.0,2243.0,1039.0,79.0,2.0,459.1121348657128,0.525506190684407,0.7867167480646653,0.8027646643416833,,0.7947196856965928,0.7647749733157485,0.9541632081687322,0.12395147661054133,0.4464616704193182,,0.31930244047016654,0.4147249808976238,0.23294949044146315,,0.08405011201130774,0.11980990505831454,0.06958471109395889,0.3952462485166717,,5.4183187056665065e-05,0.014789492823467837,0.619721336189571,,0.4649421552240108,0.48891183662871907,0.8376240688901536,,0.27976400616038133,0.3145350931292992,0.08120817247166932,,0.02459723365981223,0.025809017470383222,0.6193046620754917,,0.0007794590703760669,0.16224434096508125,0.35230379701600417,,0.035801375977579396,0.047189631703556376,0.3708312018672785,,0.005036568410835592,0.025479871221490567,0.17449562434413338,,0.018636398761268994,0.03620458604270262,0.26604079056362107,,0.010864187918960882,0.06969608116921741,0.4304739070416431,,2.5551742795511287e-05,0.013239099429228294,0.8702054023742676,,0.5909554362297058,0.7352452278137207,0.56213123560222,,0.07416672221969121,0.2757387860403547,0.16527451145087854,,0.1069999623453378,0.14170170507318564,0.9982630610466003,,0.5221080780029297,0.6273821592330933,0.58515983828344,,0.07654193575180374,0.2865896598352258,0.1720452454298533,,0.1104266711291689,0.14727795112963324,0.0,0.0,0.0
C_rnaseq_only,softimpute,12_scanorama,False,ok,817.3,0.08708147632343492,,0.19124334442745566,-0.017241741025774863,0.9129185236765651,,0.8087566555725443,0.9827582589742251,0.0035562071843737017,0.05275198307897347,,0.14610072813596514,0.5017781035921869,0.5263759915394868,,0.5730503640679826,0.317592843453633,0.3187737883655226,0.31961600829111414,,0.3407257306647544,0.3325471166063336,0.34171474420287895,0.18612083346295957,0.2776558131345664,0.2772216020522875,0.298071124383367,0.25706249495735756,0.24469468591281973,0.2839461362012869,0.1962210114682179,0.19611489977268032,1.3121015559164366,1.1232943157615192,,1.015974659034032,0.7537050105857446,,0.8895238095238095,0.703205791106515,0.16679916294794286,,0.20279403241737462,0.15719576078901273,0.5860359806568888,0.8710120570396201,0.8673583139170778,,0.7544557743139321,0.7358195987682767,0.8309449358518334,7.074329080329216,,0.6342788016862709,0.8518214003407959,0.001,,0.001,0.001,,,,,,,,,12.48054374176674,3.4452615170195817,0.0008489251447504,0.06225326680015872,0.18718154372100496,1.4290576664769534,4.884582349500934,6.847288598249461,9.231914412016401,2.190223923988076,0.0,0.0,0.19617828726085618,1.0,1.0,,1.0,1.6963981867513247,,1.0532325746437643,1.2329979059500091,0.024013730577631887,,0.0532325746437643,0.03883298432500152,0.0,,0.03125,0.017857142857142905,0.6740588235294117,0.4962975013580924,0.6735149425287357,,0.7948,0.6180158257178519,,0.3964294283873702,7.0,30.0,0.0,0.0,13.0,9678.0,2243.0,1039.0,79.0,2.0,459.1121348657128,0.44640576366006135,0.7829149051048025,0.8013703137227419,,0.8174816649027246,0.7605760686658817,0.9172865030954467,0.0001740618189644562,0.0008823878982758934,,0.0006821149127820841,0.4400716958714879,0.20702177904929792,,0.08037161795095096,0.1294942440171236,0.08019605223754961,0.6222393205274832,,0.008230417366675303,0.023286206715893237,0.9737660316209166,,0.5579068716969545,0.5964576168085468,0.7140729567766008,,0.10618219868734563,0.23340599636976758,0.4543777532023778,,0.09066039794503572,0.12941933014483797,0.59380016078953,,0.01801892191276634,0.23986232105903657,0.3015800065279404,,0.012525103743972555,0.023864397822145816,0.14929642439382618,,1.8356748680399267e-07,0.007788388309809984,0.15660146562160526,,0.008466511985067468,0.015639361716685094,0.32214916927946863,,0.0015011221027604437,0.0071927243229273075,0.11283366997512968,,0.00022445050144480067,0.018026096901585482,0.8657413721084595,,0.5896573066711426,0.7946308851242065,0.4721483965104942,,0.04902091757727429,0.19115702613200672,0.13881828765837653,,0.07072223468856023,0.09823527886156937,0.707464337348938,,0.6255710124969482,0.6002717018127441,0.5223427512517451,,0.0523348632997547,0.2006389366097356,0.15357613588320407,,0.07550324774815792,0.10310801693857262,0.0,0.0,0.0
C_rnaseq_only,softimpute,13_fsmvn,False,ok,878.2,0.011300192725691313,,0.020345572241931925,-0.19504444193432868,0.9886998072743087,,0.9796544277580681,0.8049555580656713,-0.0018527750037726019,0.10098387479498815,,0.11623851077229574,0.4990736124981137,0.550491937397494,,0.5581192553861478,159.14034236675136,167.353341320876,167.38825235616312,,155.3695604352588,155.1571382284326,167.6158313122125,130.80792442693965,142.68581204876168,142.8804933193119,154.9333822416144,154.51403550590967,154.58695863223494,150.82878587717758,0.328343910742,0.31054453887315075,1.3855824073611114,1.1628422600978898,,1.0554320710468914,0.706312292358804,,0.8054755043227666,0.6517412935323383,0.15594193676456616,,0.1802035212845379,0.14485402126240254,0.8219658351964744,0.8526021107351667,0.8535873414539007,,0.9944936129898777,0.9963251475071795,0.8998480912953488,0.9059095208513117,,5.651784396731332e-05,7.764126821110527e-05,0.001,,0.86,1.0,,,,,,,,,27.921237258977477,2.645865590977499,-13.226852838138193,-0.1679833828203051,-0.0104214218343759,0.44536046062631973,4.626781052177449,7.107533023739026,9.570548827261346,2.480325502776644,0.0,0.0,0.32408190220306987,1.0,1.0,,1.0,1.7401143211335077,,1.0884230238825134,1.2385234146847144,0.025521183487362334,,0.08842302388251344,0.039753902447452395,0.03125,,0.049107142857142905,0.022321428571428603,0.6095209759000297,0.4588060061459626,0.6384644433430102,,0.4078,0.5739663512477493,,0.2415152172024933,7.0,30.0,0.0,0.0,13.0,15885.0,2243.0,1039.0,79.0,2.0,459.1121348657128,0.6076172848482626,0.7981992140849674,0.8249245329906874,,0.9998798476207911,0.9998223589050835,0.9807764972796293,0.0030798725415473365,1.1248420027198403,,6.865850240254998e-16,0.41558304210440367,0.1781050378763255,,0.00015068677649127715,0.00021765142026149305,0.02644298175606382,0.09875072227274725,,1.334257409933719e-05,1.6713483647639333e-05,0.5571457119797344,,6.59896892300684e-05,9.176628361218407e-05,0.23446430757229342,,2.8626444765363993e-05,3.6042861425839126e-05,0.5645096820620028,,0.000559469432495877,0.0006953374774845943,0.49772474580740866,,3.0267910159075308e-05,6.440917281427514e-05,0.29889063678780814,,0.00011889706205888818,0.00016289665976656578,0.266561672362326,,2.5958081928439738e-05,3.2456398690477804e-05,0.6866237827948828,,0.0006100734937685187,0.000970000445331103,0.4259099267088617,,6.042908210482265e-06,1.6658013423101154e-05,0.5252492326959717,,4.820016819672066e-05,9.02334064191504e-05,0.9309691190719604,,0.07648815214633942,0.18537695705890656,0.487126674870106,,0.0579393622838442,0.17413933236316578,0.14322211274667293,,0.08358883063917108,0.08948991424280597,0.94615638256073,,0.3465863764286041,0.3355678617954254,0.5336831613258439,,0.07299798730208153,0.19229287371759396,0.15691037638781036,,0.10531383427558855,0.09881898905298733,0.10052782526478361,0.0,0.046566388965720094
C_rnaseq_only,softimpute,14_qsmooth,False,ok,901.4,0.11230608008357283,,0.2760664060576246,0.0359796743323753,0.8876939199164272,,0.7239335939423754,0.9640203256676247,0.03088342802088653,0.11544595374491826,,0.13233219078075853,0.5154417140104433,0.5577229768724591,,0.5661660953903793,157.4286572247712,161.4705439304418,161.99495821954216,,171.15692789497632,166.21915648812768,159.37127032748793,100.63501300902105,136.6938295415665,136.4158175359681,148.9956107730195,127.68946541907286,122.32976393787875,145.63759259775736,0.25005166356685266,0.2296962182269064,1.355643940914706,1.1237497678146808,,1.0159228877720576,0.7319347319347319,,0.8740359897172236,0.6376404494382022,0.16093344482216493,,0.20238987512205872,0.1434161856407922,0.6392420210085249,0.8465558250701836,0.8420991556483618,,0.7460373762809324,0.7359546668534336,0.913825887805816,12.579491323682442,,1.0793078855696203,1.5156460214816962,0.001,,0.001,0.001,,,,,,,,,13.716778809068565,3.3592079582475285,-0.0116294777626799,0.0081790616389472,0.0323232995569511,1.1132065401585478,5.103601715819206,7.392893254802867,9.728465691681684,2.4432705878266012,0.0,0.0,0.23738655781708232,1.0,1.0,,1.0,1.6478049303976114,,1.0331703692955645,1.1902566185858918,0.022338101048193497,,0.033170369295564495,0.03170943643098197,0.0,,0.008928571428571397,0.0,0.6003529411764705,0.45200283095312715,0.6497057471264368,,0.7817333333333333,0.5982016232437606,,0.4028964994586998,7.0,30.0,0.0,0.0,13.0,9678.0,2243.0,1039.0,79.0,2.0,459.1121348657128,0.3867295858681916,0.7623555380935768,0.771563379167479,,0.7414099332245495,0.6667674751218419,0.9252715678274728,0.006002637608242,0.3594016987635681,,0.29889199913569464,0.472694499396712,0.23817754536430127,,0.0886603590878714,0.1596753220939182,0.08151810010954565,0.34264504760397063,,0.00016894968274592262,0.041088306303198444,0.9350197255358692,,0.7809080723838965,0.8587294044979805,0.9093183801383131,,0.0038380028204451303,0.09826608390746873,0.734012120872349,,0.09455768223808583,0.3397501869428376,0.15087468488425565,,2.0311365167721933e-05,0.006356479790830831,0.30491458336167593,,3.843622065591328e-05,0.024252767319550665,0.30519431388057155,,0.0015009625396390346,0.06392311817405144,0.4308771464651727,,2.0601177942258693e-06,0.05693087739238812,0.3233800538730803,,1.6418653063652246e-06,0.06142496020274746,0.29070893735186104,,0.005567471644977281,0.046031036408128286,0.903759241104126,,0.5123578310012817,0.7008250951766968,0.4270081079564977,,0.04486690837977433,0.16317098453835896,0.12554640617411625,,0.0647292662195199,0.08385329847710289,0.6824938058853149,,0.7583027482032776,0.5961231589317322,0.47017117728748115,,0.04795155305807223,0.17691255717009982,0.1382369573205157,,0.06917946779980481,0.09091506987410805,0.0,0.0,0.0
C_rnaseq_only,softimpute,15_fsqn_py,False,ok,1139.7,0.07961077630980783,,0.2288470769225527,-0.014778358182048009,0.9203892236901922,,0.7711529230774473,0.985221641817952,0.0012549613996099256,0.10597754100198913,,0.17544782480888682,0.500627480699805,0.5529887705009946,,0.5877239124044434,166.6189660224844,167.5005683166101,167.86027382374846,,173.11345773889576,170.53376415140366,165.24582761264415,138.72667829458265,157.52387168803014,157.26817778323056,162.47735895882303,152.251691172018,150.0042671541117,161.5813611662614,0.3215612212779352,0.3215612212779352,1.3737139191240482,1.1289169460766493,,1.025414865889738,0.782962962962963,,0.8946135831381733,0.7177835051546392,0.17494779574351035,,0.20413239134974723,0.15741319855719973,0.8325983626369533,0.9404378341587356,0.936899328237487,,0.8794907869130358,0.879616232600921,0.977824151451662,16.861083785417183,,1.03531412510491,1.4375835427310413,0.001,,0.001,0.001,,,,,,,,,3.610466332261,0.857208150686891,-0.1484258475077025,-0.0250076137152653,-0.0003447317636908,0.08786428409175787,2.3220283618163577,3.357828947638803,3.5540354691659166,1.197114219110252,1.0,1.0,0.3215612212779352,1.0,1.0,,1.0,1.6797365933270154,,1.0490655062299776,1.2160959572580567,0.02343919287334536,,0.04906550622997763,0.036015992876342794,0.0,,0.03125,0.008928571428571397,0.5096728067961982,0.4375418691913182,0.5627214715796145,,0.6188272903171532,0.5698652086267662,,0.37956453805452733,7.0,30.0,30.0,30.0,13.0,15885.0,2243.0,1039.0,79.0,2.0,459.1121348657128,0.4448349715324985,0.8050306558617822,0.8146582006727423,,0.8215623458964688,0.7623067462095254,0.9445832345254208,1.398934345610268e-16,0.6800260024724503,,0.4740527933893382,0.5573612039798528,0.2594815674449346,,0.09037271240596563,0.1563538328126098,0.08209830815012828,0.2977513449234362,,0.0013299017002262707,0.02737346649558276,0.9568821179645288,,0.759745603767217,0.8445173419265382,0.9185274234767099,,0.011501547668795228,0.08527795716338439,0.5729962182796376,,0.04513573532052728,0.051268573252892705,0.8036931212795215,,0.03841238756212191,0.19025071574402685,0.5048198681658083,,0.03696062719920499,0.09485906712436028,0.8023947101981431,,0.007122915901298081,0.15313027638508592,0.31649154375991095,,1.0098965347896008e-05,0.030180272671902344,0.142631177609193,,0.003019612098727168,0.056679264338831546,0.25742451414163836,,0.0004886938761904761,0.030001393023493205,0.7571771740913391,,0.4906868040561676,0.7101309299468994,0.46303562239839263,,0.05425827966813216,0.16959914696401557,0.13613900354471883,,0.07827815100438074,0.08715672049213134,0.9542688131332397,,0.5534030199050903,0.7238523960113525,0.479558672401345,,0.05846269824428489,0.1884553434129027,0.14099701328330025,,0.08434384483401772,0.09684688859061281,0.0,0.0,0.0
C_rnaseq_only,softimpute,16_fsqn_r,False,ok,0.2,,,,,,,,,,,,,,,,,,,,,,,,,,,,,,,,,,,,,,,,,,,,,,,,,,,,,,,,,,,,,skipped: PCA failed,skipped: PCA failed,skipped: PCA failed,"Traceback (most recent call last):
  File ""/app/harmonization-metrics/compute_batch_metrics.py"", line 1170, in _run_group
    group_result = fn(*args)  # type: ignore[operator]
                   ^^^^^^^^^
  File ""/app/harmonization-metrics/compute_batch_metrics.py"", line 260, in compute_group_e
    result[""exp_min""]    = float(np.nanmin(flat))
                                 ^^^^^^^^^^^^^^^
  File ""/usr/local/lib/python3.12/dist-packages/numpy/lib/_nanfunctions_impl.py"", line 356, in nanmin
    res = np.fmin.reduce(a, axis=axis, out=out, **kwargs)
          ^^^^^^^^^^^^^^^^^^^^^^^^^^^^^^^^^^^^^^^^^^^^^^^
ValueError: zero-size array to reduction operation fmin which has no identity
",skipped: PCA failed,"Traceback (most recent call last):
  File ""/app/harmonization-metrics/compute_batch_metrics.py"", line 1170, in _run_group
    group_result = fn(*args)  # type: ignore[operator]
                   ^^^^^^^^^
  File ""/app/harmonization-metrics/compute_batch_metrics.py"", line 1087, in compute_group_h
    D = pairwise_distances(X, metric=""euclidean"")
        ^^^^^^^^^^^^^^^^^^^^^^^^^^^^^^^^^^^^^^^^^
  File ""/usr/local/lib/python3.12/dist-packages/sklearn/utils/_param_validation.py"", line 218, in wrapper
    return func(*args, **kwargs)
           ^^^^^^^^^^^^^^^^^^^^^
  File ""/usr/local/lib/python3.12/dist-packages/sklearn/metrics/pairwise.py"", line 2473, in pairwise_distances
    return _parallel_pairwise(X, Y, func, n_jobs, **kwds)
           ^^^^^^^^^^^^^^^^^^^^^^^^^^^^^^^^^^^^^^^^^^^^^^
  File ""/usr/local/lib/python3.12/dist-packages/sklearn/metrics/pairwise.py"", line 1969, in _parallel_pairwise
    return func(X, Y, **kwds)
           ^^^^^^^^^^^^^^^^^^
  File ""/usr/local/lib/python3.12/dist-packages/sklearn/utils/_param_validation.py"", line 191, in wrapper
    return func(*args, **kwargs)
           ^^^^^^^^^^^^^^^^^^^^^
  File ""/usr/local/lib/python3.12/dist-packages/sklearn/metrics/pairwise.py"", line 343, in euclidean_distances
    X, Y = check_pairwise_arrays(X, Y)
           ^^^^^^^^^^^^^^^^^^^^^^^^^^^
  File ""/usr/local/lib/python3.12/dist-packages/sklearn/metrics/pairwise.py"", line 173, in check_pairwise_arrays
    X = Y = check_array(
            ^^^^^^^^^^^^
  File ""/usr/local/lib/python3.12/dist-packages/sklearn/utils/validation.py"", line 1106, in check_array
    raise ValueError(
ValueError: Found array with 0 feature(s) (shape=(2000, 0)) while a minimum of 1 is required by check_pairwise_arrays.
","Traceback (most recent call last):
  File ""/app/harmonization-metrics/compute_batch_metrics.py"", line 1190, in compute_all_metrics
    pca_coords, eigenvalues = compute_pca(exp_df)
                              ^^^^^^^^^^^^^^^^^^^
  File ""/app/harmonization-metrics/compute_batch_metrics.py"", line 132, in compute_pca
    raise ValueError(
ValueError: Expression matrix has 0 usable gene columns after dropping all-NaN genes (original shape: (2243, 0)).
",,,,,,,,,,,,,,,,,,,,,,,,,,,,,,,,,,,,,,,,,,,,,,,,,,,,,,,,,,,,,,,,,,,,,,,,,,,,,,,,,,,,,,,,,,,,,,,,,,,,,,,,,,,,,,,,,,,,,,,,,,,,,,,,,,,,
C_rnaseq_only,softimpute,17_quantile,False,ok,1063.0,0.0838995272057964,,0.22919298690759096,-0.013118892207454309,0.9161004727942036,,0.7708070130924091,0.9868811077925457,0.018663462457429423,0.1073394340364976,,0.18178071254237682,0.5093317312287147,0.5536697170182487,,0.5908903562711885,181.8215933119371,182.9068692422472,183.29712390351696,,189.06804078068012,186.24682720244866,180.55103637840594,150.4779918911234,171.50782366360457,171.23574008089534,177.16751537070135,165.72621326857458,163.11073852123522,176.07245967996602,0.2835379288637079,0.2835379288637079,1.3762539772747435,1.1284969749471347,,1.0243378974742012,0.7725577926920209,,0.8488372093023255,0.6787096774193548,0.173975836623178,,0.19349814956207495,0.14856786187629287,0.827613426711975,0.9376784172958238,0.9341976373346129,,0.8765427122652517,0.875777273477713,0.9751949543559886,16.766982071952203,,1.033144284704296,1.4427545173581053,0.001,,0.001,0.001,,,,,,,,,3.881920636053439,1.17955306240544,-0.1642346710477137,-0.0213458983763089,0.0103859823433038,0.22412020292369209,2.6217251474793635,3.6419161239633167,3.83155110440316,1.2729323850839853,1.0,1.0,0.2835379288637079,1.0,1.0,,1.0,1.6627118849814124,,1.0476652766716392,1.2140468676797571,0.02285213396487629,,0.04766527667163922,0.03567447794662618,0.0,,0.0267857142857143,0.008928571428571397,0.5096728067961982,0.4375418691913182,0.5627214715796145,,0.6188272903171532,0.5698652086267662,,0.37956453805452733,7.0,30.0,30.0,30.0,13.0,15885.0,2243.0,1039.0,79.0,2.0,459.1121348657128,0.4308479264341254,0.7994378864522437,0.809054838485623,,0.8178831043653956,0.7554578713914828,0.9414130997917354,0.0,0.527797442804146,,0.39131886843139113,0.5614991368149252,0.2595692601424564,,0.09033128126414532,0.1578075213661267,0.08268471625158515,0.28397124901320653,,0.0015835178222045351,0.030445548967203924,0.9566633640924026,,0.7584343731099782,0.844286804922001,0.9180055630766648,,0.011157067179314238,0.08692567104481609,0.6299058321483173,,0.04984285161318391,0.061257904800564596,0.8267099062575276,,0.045400194293183614,0.22157923263309864,0.4307746891414034,,0.0274588469216391,0.06608740967944392,0.8481990527275319,,0.0062214303174398826,0.1696283877311169,0.2992412765402407,,0.00010053068775351043,0.01589751325608392,0.15825073577046758,,0.0029334892780134535,0.04862343334896133,0.26326969938148914,,0.00018051141874264462,0.03334330727797676,0.7517099380493164,,0.5019798278808594,0.7208561897277832,0.461005575751742,,0.05456418316174396,0.17019599297627486,0.1355421411992414,,0.07871947645760509,0.08746343866848139,0.9361889958381653,,0.6772411465644836,0.7189621925354004,0.47268931853268104,,0.05633723970820413,0.1788455941555424,0.1389773263619529,,0.0812774563443989,0.09190845437666642,0.0,0.0,0.0
C_rnaseq_only,softimpute,18_rank,False,ok,949.7,0.10947896298678776,,0.264956455756682,0.021302530980106368,0.8905210370132123,,0.7350435442433181,0.9786974690198936,0.03616741694694312,0.12009582443633153,,0.1564224668953135,0.5180837084734715,0.5600479122181657,,0.5782112334476568,23.30763457602274,23.885863432712803,23.94705033189262,,25.06013327682699,24.448862283537682,24.158201352970885,15.612727066259879,20.46812246658437,20.440564785414114,22.165050518108607,19.381684631978825,18.629206288090167,21.519979552318873,1.0,0.995661429614866,1.348022767903843,1.1036232988224222,,1.0118650743213993,0.7492163009404389,,0.8900523560209425,0.6366197183098592,0.16460976473462155,,0.20576380501280894,0.1408779753117703,0.6698546356274677,0.8569136520538052,0.8535733838664641,,0.7734070851850176,0.7619661836221269,0.8907939476906639,11.750494384360374,,1.0567141781446727,1.4409140199804982,0.001,,0.001,0.001,,,,,,,,,0.9999370514918796,0.4999370514918796,6.295643414756988e-05,0.0337089260984514,0.0535062319023039,0.2495278861890973,0.7499685257459399,0.9499559360443156,0.9899911872088633,0.2883799404770995,1.0,1.0,0.9978369946383748,1.0,1.0,,1.0,1.6111141251661738,,1.0329282298910998,1.194814613117532,0.021072900867799095,,0.03292822989109978,0.032469102186255316,0.0,,0.013392857142857095,0.0,0.621927997619756,0.46066583547558804,0.6600722226155916,,0.7786666666666666,0.5985711941923644,,0.39348105747448947,7.0,30.0,30.0,30.0,13.0,15885.0,2243.0,1039.0,79.0,2.0,459.1121348657128,0.37363152981449255,0.7761970682628501,0.7862696705737646,,0.7625297174174291,0.6954795717498112,0.9342710293451285,9.517262220776018e-05,0.22594829359699828,,0.18376859045435517,0.5653755044677637,0.2644347319950361,,0.089555023870482,0.15781471135691352,0.08654337754246456,0.24706792748903356,,0.0001701679024539439,0.0594712090627348,0.9288339807654808,,0.7569187257120529,0.8367739347792141,0.9066898051006449,,0.01556543991878544,0.08528093874101254,0.6914304426368589,,0.09587213093119651,0.2941194173697126,0.7418227382231763,,0.01601266177777285,0.04467910803239449,0.3701695953469881,,0.0022748118641222905,0.005328839300553512,0.2906475243743559,,0.000907117905817103,0.017018593555093844,0.3887444314968282,,0.0065552348572525615,0.15471427538653137,0.669771204429845,,0.0008086228060483835,0.06113933589044296,0.41857739481442685,,0.0004653250293181539,0.019621461451445044,0.9528683423995972,,0.5195576548576355,0.7572384476661682,0.4162446011179116,,0.04411455340273031,0.15759505200737675,0.1223817833572758,,0.06364384742515036,0.08098783599226557,0.9029189944267273,,0.6924170255661011,0.7149844169616699,0.43523698018815327,,0.05135633469576347,0.15821577075499002,0.12796581066855173,,0.07409152938381178,0.08130682232774185,0.0,0.0,0.0
C_rnaseq_only,softimpute,19_tdm,False,ok,874.2,0.08217117805343273,,0.25722642392091505,0.02147494024534097,0.9178288219465672,,0.742773576079085,0.978525059754659,-0.059993535961774,0.08289784063320159,,0.0814091289320624,0.470003232019113,0.5414489203166007,,0.5407045644660312,1210.4321082413876,1262.4207487425253,1266.0961319800933,,1304.6622270894757,1265.8301435259687,1209.5340648681986,754.2373628818194,1024.6284465585506,1023.2740694858412,1142.6936925826267,986.9752792781411,952.0513129593807,1121.0612186374328,0.3333686476701693,0.19709503144097068,1.3496147656382225,1.152531746641558,,1.023913673917687,0.720682302771855,,0.9150943396226415,0.6826666666666666,0.15713558240899603,,0.21171269712187632,0.15226621532609302,0.6231141406002817,0.8116378375269613,0.8082119861510879,,0.7564987004183826,0.752116164896692,0.9268537788223381,4.8682970310611005,,0.6472634642608031,0.7672277813716116,0.001,,0.001,0.001,,,,,,,,,122.990423112493,19.18745375837105,0.0037336350657316,0.0037336350657316,0.0037336350657316,1.8496030797233949,32.395420775819474,48.766539822102644,64.86583957858353,17.130025613071307,0.0,0.0,0.23818521252820535,1.0,1.0,,1.0,1.7327889419053157,,1.035573578346312,1.1923501801128698,0.025268584203631577,,0.03557357834631203,0.03205836335214496,0.0,,0.017857142857142905,0.0,0.4969705882352941,0.39335592355532717,0.5346137931034483,,0.6782,0.5178666549152314,,0.3491068478171092,7.0,30.0,0.0,0.0,13.0,9678.0,2243.0,1039.0,79.0,2.0,459.1121348657128,0.4253895616564968,0.7217025125252281,0.7486807841196297,,0.7886899533102077,0.7358412055526888,0.9495546726217187,0.1462803093162721,0.6599268300784237,,0.49252545144861,0.4158376131246726,0.20581320871737843,,0.08904586603449545,0.1476683606498467,0.0797162062568454,0.17773196747599157,,0.0007862460847642231,0.015860506638118377,0.7631089810332204,,0.29746456410758637,0.3199137295607242,0.912519885112597,,0.5120123846853033,0.5766219733967409,0.11449044326639779,,0.0014317734971665216,0.016851546880241524,0.6662353997372494,,0.021151242912295948,0.2880233781702493,0.33322780826450094,,0.04032759916721733,0.06896956957357402,0.3382354266845426,,0.001878664590372694,0.017641919365612418,0.28032921728507026,,0.011171575505295952,0.10344151333557544,0.40958392385334225,,0.002474697116331889,0.018615219451783984,0.16291307853381357,,0.0017599126786203134,0.050744250125846796,0.8792871236801147,,0.6554818153381348,0.7094188332557678,0.48755977643697324,,0.04945031394637527,0.16012202256095825,0.1433494507157077,,0.07134172270083795,0.08228644197096828,0.8032699823379517,,0.7439433336257935,0.5834282636642456,0.4911211180243947,,0.04806050097036587,0.16000655528935648,0.14439653537084202,,0.06933664641258605,0.08222710353149416,0.0,0.0,0.0
C_rnaseq_only,softimpute,21_harmonizr,False,ok,803.3,0.004838338054414027,,0.020602094997929227,-0.049609899243122285,0.995161661945586,,0.9793979050020708,0.9503901007568777,-0.022337085397146746,0.10078851352167896,,0.12207592158996869,0.48883145730142663,0.5503942567608395,,0.5610379607949844,179.75108142249766,189.91873590905485,189.9503778521998,,175.17047797997043,175.15843889849205,189.48930437083212,144.81591017046196,159.42180485179034,159.67364041746976,174.56370656679826,173.9803495463414,173.64292976931569,169.73312895970886,0.28328615967203497,0.0,1.3868490197150771,1.1629168109954442,,1.0553121659196452,0.703187250996016,,0.7914893617021277,0.6413793103448275,0.15396020919450565,,0.17712005960064411,0.1410738652508158,0.8056469481264372,0.8394211560471402,0.8406071218332172,,0.9932058846481818,0.9913477812504675,0.8957398916169946,0.7964794382292627,,0.00015394677223387832,0.025512110592764307,0.001,,0.695,0.001,,,,,,,,,39.1926148369836,3.02881446797107,-18.5219447964854,-0.12251776870721702,-0.0092866429715175,0.7706098727597057,4.885618155295893,7.0727874669364645,9.208077114100314,2.420682253157521,0.0,0.0,0.27784720108796357,1.0,1.0,,1.0,1.7459391509384228,,1.0877421946271943,1.2435032112444449,0.02572203968753182,,0.08774219462719435,0.04058386854074081,0.0267857142857143,,0.049107142857142905,0.013392857142857095,0.6038735013238925,0.45442244867408704,0.632504831550556,,0.40586666666666665,0.5693775274891727,,0.24114483169761497,7.0,30.0,0.0,0.0,13.0,15880.0,2243.0,1039.0,79.0,2.0,459.1121348657128,0.6135992281738949,0.8040328477651575,0.8277195709835252,,0.9997717077150027,0.9804983460058279,0.9804490603131704,0.007430861474360167,1.7127837595790114,,,0.413496550223375,0.17892661008146546,,0.00023306923968596235,0.014016465268091943,0.027244811486440423,0.24225313087588912,,3.9051003345153415e-06,0.004475259124695158,0.5378207169444589,,0.00019480389698339895,0.03184745335131652,0.1647895029335627,,3.3370318614423894e-05,0.004323665220056764,0.6142463395150124,,0.0011859301463576885,0.05300327508391291,0.5071481539909327,,2.0369384081243915e-05,0.007633473776080906,0.32909287572227036,,0.0003496356338970964,0.0010549912197834748,0.24286108027039113,,1.8680151992207494e-06,0.0002992692569440368,0.6935617145840006,,0.0004355814195821122,0.022592470812814475,0.39045731998492367,,4.456043061794423e-06,0.012992431341213797,0.4127346674123078,,0.00010077243874812941,0.0019423634941013984,0.9364211559295654,,0.08911976218223572,0.440721333026886,0.4943936625386199,,0.0631434926314119,0.1782536537744714,0.14535870961332187,,0.09109680368374676,0.09160425719605231,0.9539540410041809,,0.058508649468421936,0.3357030749320984,0.5411346102735162,,0.07505780288742618,0.1866542723293565,0.15910120747213596,,0.10828552000571107,0.09592132114628833,0.002204030226700252,0.0,0.0020051186394615885
C_rnaseq_only,softimpute,22_tmm,False,ok,824.6,0.06232194947355048,,0.25913132508721315,0.009149642832369619,0.9376780505264495,,0.7408686749127869,0.9908503571676304,-0.027307691231044644,0.09346967584769897,,0.1543907495161239,0.4863461543844777,0.5467348379238495,,0.5771953747580619,66.65343504800617,67.99359965033355,68.13908904742841,,71.01615767365618,69.75389214535679,70.38403399348567,48.245831506104516,59.903276251405295,59.83741342874878,63.920168361604034,57.09800256339696,54.88827751466806,61.828178145429,0.0,0.0,1.3383274334496247,1.1129925267256382,,1.0162862699261244,0.7475728155339806,,0.8959810874704491,0.680628272251309,0.16655624630155633,,0.20216743836397413,0.1454437332017296,0.7238311344547532,0.8810134565527659,0.87816573812865,,0.8040142473742672,0.7868848006400706,0.8784403882157628,5.195723041572103,,1.0298562289956432,1.2291238232295452,0.001,,0.001,0.001,,,,,,,,,9.85866210072732,6.6889793867712495,5.365087938323387,5.365087938323387,5.365087938323387,5.880498087716092,7.145414232456228,7.577069798640077,7.921192256663603,0.7867715550624087,0.9666666666666667,0.0,0.0,1.0,1.0,,1.0,1.6736000517093033,,1.0413024364533428,1.2030064027048541,0.023227587989975974,,0.04130243645334275,0.03383440045080902,0.0,,0.0267857142857143,0.0,0.5272941176470588,0.40552463205920597,0.541383908045977,,0.6638,0.5267800020531406,,0.33610575809750676,7.0,30.0,29.0,0.0,13.0,15885.0,2243.0,1039.0,79.0,2.0,459.1121348657128,0.43061402965555107,0.7698457479473768,0.7940042481535028,,0.768683931639683,0.7133799402505312,0.9380338706350895,0.007134049054085625,0.03750026363499725,,0.0290657658878058,0.5133131769432884,0.2489638516933344,,0.08796289651912334,0.1528069635632768,0.08520264149448992,0.22021934749556932,,0.00883117419071669,0.028870471919889083,0.8603127506087855,,0.7580223786585044,0.8192819560676856,0.7957842010112949,,0.01311395316860155,0.02319920392414538,0.35946488664610504,,0.0019728888456785726,0.021712187089127692,0.6169787990624871,,0.00015492987743241182,0.2076273406300372,0.3867471935031676,,0.0724893289352652,0.12042538914945741,0.2878453285135764,,0.0018782740878790772,0.012608055841450177,0.6110915074454644,,0.0018945460007110248,0.06650145558304234,0.3676888191670478,,0.01466839960998913,0.11553489052273405,0.6269989359793846,,0.006603091816455376,0.11230868490519912,0.9428335428237915,,0.5225971341133118,0.774118959903717,0.4757453013578876,,0.05142225906573569,0.16929436496562114,0.13987582841351956,,0.07418663814544443,0.0870000935283723,0.8727267384529114,,0.477031946182251,0.523700475692749,0.4733236187605855,,0.050592022867157714,0.17668461795495763,0.13916381957499732,,0.07298886049898948,0.09079793228928541,0.0,0.0,0.0
C_rnaseq_only,softimpute,23_vst,False,ok,755.7,0.060521012887507726,,0.2739942476489305,0.0075554956767453,0.9394789871124922,,0.7260057523510695,0.9924445043232547,-0.021351951044578377,0.12698175131956052,,0.164970989309912,0.48932402447771084,0.5634908756597803,,0.582485494654956,117.96500616066585,123.44318811039811,123.80277686384024,,126.51415537738318,123.33598064772688,123.38143622177235,84.74807970062683,102.76684074291332,102.61035777455163,113.03276615934112,100.07160339667537,97.08111810722735,109.68348296659511,0.419916089934378,0.30283463780372977,1.3426183336879465,1.1237991629605366,,1.0197368979842676,0.749812734082397,,0.9064748201438849,0.6888020833333334,0.16833336941525096,,0.20509217968806254,0.1518269148213036,0.7184171175746962,0.8325031321372431,0.8288211328846341,,0.7909913566443892,0.7871273054090447,0.8889788150094492,3.805577772307479,,0.8469279620273459,0.9598898865995394,0.001,,0.001,0.001,,,,,,,,,6.562524363499878,1.5803119635479723,-0.7992605550601609,-0.7992605550601609,-0.7992605550601609,0.5271749467420372,2.2987693687598107,2.8475342186433545,3.22229019365046,1.3066806654561607,1.0,1.0,0.34937383621776613,1.0,1.0,,1.0,1.689651015875591,,1.0384970162905163,1.2031293073944531,0.023781069512951416,,0.03849701629051627,0.033854884565742184,0.0,,0.022321428571428603,0.0,0.5281470588235294,0.402394462007821,0.5668758620689656,,0.7004,0.5386544080119039,,0.3685212355539331,7.0,30.0,30.0,30.0,13.0,15885.0,2243.0,1039.0,79.0,2.0,459.1121348657128,0.41258345569113075,0.7264721572079041,0.7537047869040561,,0.7588174844136315,0.7091576802771924,0.9313625218247932,0.11187916011447725,3.815893725372591,,1.6955604499489125,0.5515919364377173,0.2634323006660947,,0.08800632083088503,0.15296519436436953,0.08805763835783925,0.4430019138463454,,1.5427569614011015e-05,0.02893190837420404,0.7634034264421686,,0.5957813797812959,0.6270106644935048,0.853010937938704,,0.16441804026347837,0.19557691770589875,0.6113049430920187,,1.1712605715848636e-05,0.14061070304904047,0.3648932354140878,,0.005222823515549715,0.12295549746359569,0.5489491018773374,,0.08847522820215359,0.12663381360228185,0.5200458289171437,,1.593603936788133e-05,0.0437229497330385,0.3367768486521147,,0.0020990641188492177,0.020704766989543096,0.5906363863794418,,0.0240168598118562,0.19475341214659617,0.4838967418178112,,6.736400969616622e-06,0.028751310085991983,1.0052490234375,,0.5595217943191528,0.7225683927536011,0.47597783687215767,,0.04995827177841713,0.16987400357283017,0.13994419713434822,,0.07207455094610545,0.08729796884779054,0.7656070590019226,,0.3298377990722656,0.41768205165863037,0.48705558239701263,,0.054662963454506074,0.17958826977091027,0.1432012105569098,,0.07886198629611056,0.09229011414432241,0.0,0.0,0.0
C_rnaseq_only,softimpute,25_angel,False,ok,640.8,0.06715009067988788,,0.11652393677593181,-0.0436755942618106,0.9328499093201121,,0.8834760632240681,0.9563244057381894,0.07665129150827173,0.17981441632092654,,0.16010828165408722,0.5383256457541359,0.5899072081604633,,0.5800541408270437,11.876833041428906,12.524292093072749,12.553261029713576,,11.968158918931548,11.917144480367787,12.362983975792392,9.33059469851254,10.487448277322384,10.47827913963398,11.498752949553237,11.047460647812036,10.850990597807371,11.219049912025687,1.0,1.0,1.3362793033953646,1.1174641914399601,,1.0158324552549098,0.7441860465116279,,0.8852097130242825,0.6649937264742786,0.1675881206065559,,0.20444941770238767,0.1505079127542041,0.7856130220880813,0.8373685474105995,0.834705748158338,,0.9230710189130988,0.9105361284897746,0.9074710388683985,3.7307982289351997,,0.07926463490671351,0.20313389409884258,0.001,,0.001,0.001,,,,,,,,,0.999896683541688,0.4054137824155387,0.0001033164583118,0.0250025829114577,0.0396218617625787,0.1783242070461824,0.6940799669387333,0.9530943279264388,0.9940076454179152,0.29600769600067084,1.0,1.0,1.0,1.0,1.0,,1.0,1.6649526495582447,,1.041988213442723,1.2075754393561233,0.022929401708904992,,0.041988213442722966,0.034595906559353885,0.0,,0.017857142857142905,0.004464285714285698,0.6026470588235294,0.45120394657331064,0.6204735632183908,,0.7470666666666667,0.5704725051155163,,0.35078641919264253,7.0,30.0,30.0,30.0,13.0,4978.0,2243.0,1039.0,79.0,2.0,459.1121348657128,0.518842199065852,0.7435362240379049,0.7558151370397996,,0.924568902242785,0.8661564668810797,0.9255698914554437,0.010458547923320483,0.22943683269718326,,0.18434769689042416,0.4590636258131413,0.23640506006431766,,0.08389273642873633,0.14897758565652378,0.08372010401439946,0.39744987673447846,,0.006335809111777963,0.08133064714579305,0.8871184485211685,,0.03235324671148265,0.05440973776249216,0.6136618360909447,,0.1464283701782544,0.37208699784926463,0.6917226388120367,,0.3907224145258159,0.469961891222124,0.4178120650615377,,0.2532513733156294,0.2770930512561354,0.30633678100688044,,0.005409442078252476,0.024679058891483866,0.309600394099765,,0.0010180993378186315,0.0735416017372187,0.4133247766843125,,0.0017894129906548633,0.06393402933234195,0.2560217626200981,,0.00010016943837421667,0.05224076152708535,0.2975876785001902,,0.0015190265993028048,0.020498079841298606,0.9632660150527954,,0.14038853347301483,0.6353399753570557,0.4439912681294141,,0.04579855399064065,0.1675657221736175,0.1305396947919667,,0.06607334672218272,0.08611174686301222,0.8770803213119507,,0.839191734790802,0.7691038250923157,0.4851176972165785,,0.04909455269209492,0.190964441749485,0.14263144498232644,,0.07082846770354725,0.09813631006662515,0.0,0.0,0.0
C_rnaseq_only,strict,01_raw,False,ok,574.2,0.07026309238419098,,0.26438063087954194,0.021237981345809738,0.9297369076158091,,0.735619369120458,0.9787620186541902,0.012267347201000367,0.11928371646846467,,0.1415925935704792,0.5061336736005002,0.5596418582342323,,0.5707962967852396,148.60408557130577,156.94766031531086,157.29748688369838,,160.7489272104624,157.09793309276327,156.3343640674046,93.6032874413246,124.11905121461622,124.0848907777209,140.43725120245367,120.90937210450349,114.64284168860459,135.29224874218025,0.3618200881624991,0.196259766924047,1.3904403813338606,1.1966746655012568,,1.025008040820542,0.7165408373369938,,0.9215189873417722,0.6795580110497238,0.1588472039275732,,0.21185438515477803,0.1505710354996131,0.629883674338215,0.7908308474637893,0.7888548840546067,,0.752162855470889,0.7297539785002151,0.8654031348082121,4.112503660654861,,0.842821097845703,0.9772776689355583,0.001,,0.001,0.001,,,,,,,,,17.6471698394478,3.5217396535259526,0.0,0.0,0.0,1.0920283156780322,5.271636991229036,7.356563359179574,9.208724644251213,2.473125663786302,0.0,0.0,0.24132529161884708,1.0,1.0,,1.0,1.7253953781200122,,1.0346536822628682,1.18390435522888,0.025013633728276283,,0.034653682262868246,0.03065072587147999,0.0,,0.013392857142857095,0.0,0.5713823529411765,0.43838277776135853,0.6123793103448276,,0.7834666666666666,0.5793076851548692,,0.40539173950538954,7.0,30.0,0.0,0.0,13.0,6797.0,2243.0,1039.0,79.0,2.0,459.1121348657128,0.42286336224072774,0.7062854070681555,0.7384836053534461,,0.7563123234548044,0.695002739479271,0.9252103741268751,0.13833920536623015,0.4989055398650925,,0.3929725233575882,0.43041855689257513,0.20146128750826495,,0.08902046943109368,0.15395430676250238,0.08248318465225232,0.23533839668114898,,0.004018052518809889,0.025720051773261376,0.783396804080417,,0.5804695388534191,0.6144963502797857,0.8453871458081298,,0.21711602765920632,0.2596237336636089,0.6226590669883707,,0.011675966788190936,0.2786476792912046,0.3198463766117288,,0.006371922287483116,0.08605493379651168,0.27449038739088466,,0.05074710352409013,0.05964580427392892,0.3311776240339939,,0.0001799897813311401,0.02526057009861753,0.2996321594848427,,0.017718305605290086,0.12399905360543788,0.485135831392745,,0.0003800753481473055,0.013114587706526475,0.10712177645348948,,0.001527711944968785,0.05298030313614077,0.8598061203956604,,0.5838688611984253,0.7171338796615601,0.508150770958541,,0.05144243722500191,0.15585027160372197,0.14940349351621846,,0.07421574907575205,0.08009119623502815,0.7160041332244873,,0.375404953956604,0.5513418316841125,0.5363061296401828,,0.05197036266842481,0.1735847230064954,0.15768156606603392,,0.07497738449493739,0.08920490141375033,0.2637739877698683,0.05637781374135648,0.0884767223430179
C_rnaseq_only,strict,02_median_scaling,False,ok,541.9,-0.03367740937760838,,0.048093375531558194,-0.2724128030359794,0.9663225906223916,,0.9519066244684418,0.7275871969640206,0.03751379474458591,0.14903597001058203,,0.13046556751879768,0.5187568973722929,0.574517985005291,,0.5652327837593989,122.3205445094953,134.95771732531566,134.90035711333954,,120.92594565402669,120.34701374422292,130.14642145004441,93.95402928633274,101.45547869953114,101.82250060085073,118.1085214239101,115.3998173410142,114.64284168859636,114.21252937949698,0.2603698951324393,0.21624493547316104,1.3973369176620658,1.2461315170702043,,1.0805747186683967,0.7224242424242424,,0.8507653061224489,0.7163461538461539,0.15906296993250124,,0.1870935118987916,0.1573481877614152,0.768096885630193,0.7517575186528433,0.7547978580612822,,0.9543015497367047,0.9526022966573163,0.877569495242222,1.199309977167781,,0.03252965374621212,0.03907745545042052,0.001,,0.001,0.001,,,,,,,,,20.64708681300747,3.6277655547094616,-5.443278055395023,-0.25901911741374833,0.0,1.232570124997642,5.243210273716304,7.2806639352733304,9.254079530228465,2.4376286983478463,0.0,0.0,0.22862227579225605,1.0,1.0,,1.0,1.7910344018807045,,1.0918012946311964,1.235614554219211,0.02727704834071395,,0.09180129463119635,0.039269092369868495,0.0401785714285714,,0.0401785714285714,0.0357142857142857,0.5713823529411765,0.43838277776135853,0.5773379310344827,,0.39813333333333334,0.5441504307987993,,0.23284177267978373,7.0,30.0,0.0,0.0,13.0,6797.0,2243.0,1039.0,79.0,2.0,459.1121348657128,0.598661946030313,0.7331768752506735,0.7852898619992772,,0.9758085749996271,0.9676070868882245,0.9757227622153936,0.04271541642269676,0.4174628632454152,,0.18220757208896526,0.3373404386354885,0.1429785496346069,,0.017052142308302605,0.022992774142055392,0.024427599817304836,0.1728244689062639,,0.0009001818379444483,0.002521599477061523,0.6179201763629407,,0.038898412615352464,0.04457011087661719,0.3528505956793164,,0.011906734204375902,0.019153064692867677,0.327926056992546,,0.00023609224256621153,0.0024038110862918314,0.4754232099049711,,6.2095965760819e-05,0.0026144609614094047,0.23332959265728248,,0.051517757433797995,0.054592816545245997,0.27280024883991755,,0.0002665805099931889,0.004806863883869604,0.391026657428811,,0.040879459430690886,0.06098603277645224,0.4211030933706268,,0.023805081982436135,0.027197254761334916,0.1082002862122097,,0.0020490268601080328,0.011081726359403585,0.850056529045105,,0.5868998765945435,0.4341726303100586,0.5224823341604348,,0.06143206440674772,0.16385988491824618,0.1536171752270076,,0.08862773467118634,0.08420732324038482,0.9100133180618286,,0.4071425795555115,0.31872987747192383,0.565506227862256,,0.06739921119782799,0.19457005058204604,0.16626680677552877,,0.09723650775493434,0.09998922646891201,0.05778315973990536,0.027806385169927908,0.039746233537375955
C_rnaseq_only,strict,03_limma,False,ok,569.6,-0.005740347889167353,,0.042119701847467925,-0.27054536476425817,0.9942596521108327,,0.9578802981525321,0.7294546352357418,0.05140485617277381,0.1239950531579711,,0.12787227461578865,0.5257024280863869,0.5619975265789856,,0.5639361373078944,120.87353518263093,130.2470484247714,130.16015296063367,,118.75859998753138,118.28406660266704,128.1244375575774,93.8110239942928,103.61913230236361,103.9509057743521,116.85513810486401,115.02512794235307,114.64284168860631,113.2078988921639,0.259580269031572,0.21252022951302044,1.393872892746351,1.244350023929913,,1.0784724210558472,0.7195523370638578,,0.8472440944881889,0.6785304247990815,0.15959501565163678,,0.1924406709489115,0.15159047580808088,0.7761088798515846,0.7955583911923528,0.7986384727574157,,0.9685625121416865,0.9692162687786842,0.8835777237366585,1.1975825367906392,,2.075412051886736e-29,8.459203465323067e-29,0.001,,1.0,1.0,,,,,,,,,17.642944536630594,3.526878117073156,-3.682194727862365,-0.4305125427122314,-0.05745496530105135,1.1207328951147697,5.172934558869958,7.170927896542203,9.055417601835547,2.425730439793353,0.0,0.0,0.2379279337721508,1.0,1.0,,1.0,1.744580128585626,,1.057030197784452,1.1914631675794163,0.025675176847780205,,0.057030197784452064,0.03191052792990271,0.004464285714285698,,0.022321428571428603,0.008928571428571397,0.5713823529411765,0.43838277776135853,0.6245747126436781,,0.5222,0.5708968065156363,,0.2940278338091953,7.0,30.0,0.0,0.0,13.0,6797.0,2243.0,1039.0,79.0,2.0,459.1121348657128,0.6083526978837714,0.7592152291175918,0.8117271459906976,,1.0,1.0,0.9758008323977047,0.031309351492490325,0.3677146756172936,,3.355990989537419e-14,0.33361701161173285,0.13727871502359607,,1.6352401313626683e-28,2.942415825830355e-28,0.029684086655358006,0.17315298360161566,,2.7092164047208268e-30,4.3459836434275726e-30,0.6146556440577557,,3.7503666340962026e-30,5.485523018717371e-29,0.3617839640793953,,6.63472873746079e-29,1.6649137485514742e-28,0.29169485720876975,,2.308565386289175e-30,1.0974491528525189e-28,0.513710505333994,,6.7417901621788715e-28,1.0604550090805394e-27,0.2088335559446812,,3.270381891139441e-29,1.2477499778554508e-28,0.2692087730158169,,7.761868400521116e-29,1.399919409819153e-28,0.3317185194100283,,4.0036810174281067e-28,6.861140144975379e-28,0.4520997230252942,,7.13067807206545e-29,1.2451258233581342e-28,0.11931159043997756,,3.0394829396499614e-28,4.711297771780029e-28,0.8123966455459595,,0.2064751535654068,0.27457395195961,0.5355119545634274,,0.05457208401395892,0.16672700615924269,0.1574480673925852,,0.07873087497791441,0.08568073209350603,0.7833110094070435,,0.23264841735363007,0.2689495384693146,0.5676664016140599,,0.055393685477398764,0.1785578122304267,0.16690192832520734,,0.07991619533480619,0.09176056372238547,0.0,0.0,0.0
C_rnaseq_only,strict,04_sva,False,ok,566.2,0.07193745848130174,,0.2641884398842442,0.021335797456362555,0.9280625415186983,,0.7358115601157558,0.9786642025436374,0.012335444087035309,0.11983806181403198,,0.14165575450506224,0.5061677220435177,0.559919030907016,,0.5708278772525311,148.62297477159748,157.03397846899827,157.3824390936602,,160.75190153602756,157.10975107540608,156.3699671373743,93.60382042498784,124.1029890933713,124.07077505151891,140.45341476628298,120.93821595380582,114.665733170381,135.30212082982968,0.3618200881624991,0.196259766924047,1.3905428241297972,1.1967132861508174,,1.0249017307874593,0.7202749140893471,,0.9166666666666666,0.6740331491712708,0.16041458964240113,,0.21135193290206325,0.1505476384688496,0.6298072055739524,0.790293860623749,0.7883393837712915,,0.7523283693580525,0.729844789298573,0.8652692285275211,4.11250366065486,,0.8428210978457035,0.9772776689355593,0.001,,0.001,0.001,,,,,,,,,17.6471698394478,3.5217396535259526,0.0,0.0,0.0,1.0920283156780322,5.271636991229036,7.356563359179574,9.208724644251213,2.473125663786302,0.0,0.0,0.24132529161884708,1.0,1.0,,1.0,1.7244240087327483,,1.0346887409260483,1.1838879595476408,0.02498013823216373,,0.034688740926048345,0.030647993257940136,0.0,,0.017857142857142905,0.0,0.5713823529411765,0.4383827777613586,0.6123793103448276,,0.7834666666666666,0.5793076851548692,,0.40539173950538954,7.0,30.0,0.0,0.0,13.0,6797.0,2243.0,1039.0,79.0,2.0,459.1121348657128,0.422877755742631,0.7062963444591386,0.7384835616308494,,0.7563161791829403,0.6950014543714537,0.9252111663036059,0.13833920536623015,0.4989055398650925,,0.3929725233575882,0.430418556919718,0.20146128750087514,,0.08902046943024329,0.1539543067486605,0.08248318465161794,0.2353383968935067,,0.004018052513035994,0.025720051678281387,0.7833968040804171,,0.5804695388534193,0.6144963502797859,0.8453871458081292,,0.21711602765920612,0.25962373366360864,0.6226590669883681,,0.011675966788190842,0.27864767929120327,0.3198463766117314,,0.006371922287483254,0.08605493379651333,0.27449038739088594,,0.050747103524090294,0.059645804273931416,0.3311776240334041,,0.00017998978133293469,0.025260570098530763,0.29963215948546784,,0.01771830560514416,0.12399905360542114,0.48513583143615463,,0.00038007534873350806,0.013114587711595837,0.10712177646911385,,0.0015277119417964914,0.05298030308773366,0.8631019592285156,,0.5862643718719482,0.726703405380249,0.5092452018571133,,0.051297789567969446,0.1547751083491189,0.14972527163602797,,0.07400706661827512,0.07953867162071077,0.8140407204627991,,0.6755348443984985,0.598892331123352,0.5394420671201523,,0.05275833195261049,0.17169002167477454,0.15860357591376498,,0.0761141838736049,0.08823121754009321,0.2637739877698683,0.05637781374135648,0.0884767223430179
C_rnaseq_only,strict,05_combat,False,ok,561.7,-0.019143538934268706,,0.04970397016395439,-0.11166336242505383,0.9808564610657313,,0.9502960298360457,0.8883366375749462,0.1274940651864913,0.20969812605481894,,0.20011759824540598,0.5637470325932457,0.6048490630274095,,0.600058799122703,126.08352287969959,142.39252415079983,142.57891863588532,,124.77217082661058,125.20592927081961,140.9134607844369,94.30909945523668,100.58321435179539,100.79103490818108,121.36547401320666,118.09023648631361,115.4196023924238,115.03888874670128,0.3050526758826958,0.20322033322036612,1.3642863136515415,1.2061457543389338,,1.028686138749978,0.7400926402470407,,0.8334786399302528,0.7344594594594595,0.16145329565557986,,0.17819988110281496,0.15725417204261183,0.7479890893056667,0.7063798816100305,0.7069140085539493,,0.9464469176417352,0.9218381514726187,0.816379699329666,2.2089189314828452,,0.08302601284997072,0.16317692060231934,0.001,,0.001,0.001,,,,,,,,,26.08530390613205,3.538286494311974,-7.530454747004706,-0.0989416930750513,0.0,1.242774092091817,5.166174909452431,7.227941603243454,9.12948409045245,2.3929562906454542,0.0,0.0,0.2262063768790498,1.0,1.0,,1.0,1.9023205269591634,,1.2027311818870918,1.3842796585799622,0.031114500929626324,,0.20273118188709183,0.06404660976332703,0.1205357142857143,,0.1160714285714286,0.1160714285714286,0.5979705882352941,0.4510177458892215,0.6129379310344828,,0.6278,0.5723933293764437,,0.31926457255791824,7.0,30.0,0.0,0.0,13.0,6797.0,2243.0,1039.0,79.0,2.0,459.1121348657128,0.5502570583526416,0.6486136040113955,0.6966009172720458,,0.9601404647502981,0.9189231823297466,0.9113896770730701,0.05272501332740794,0.40884641869643323,,0.22477378596631237,0.3511500146380052,0.1977566938006392,,0.021041275140787855,0.0555488334850117,0.07964949295079994,0.19185526969878733,,0.011228770038965528,0.013827296947176554,0.6812550822257988,,0.07238195821380028,0.09417260144541291,0.7063170575593153,,0.08745822844321598,0.2566360780565949,0.4083949272123793,,0.0007316222641684518,0.09313813808505911,0.22983541079101324,,0.0038114396000057294,0.0050744821448777105,0.24054785444991816,,0.028191973039054106,0.03465589554516038,0.21123807766990482,,0.0024642727814477663,0.01027886349464267,0.35001261161395186,,9.647726355984392e-07,0.005712876702992151,0.3125414623747077,,0.00013985885425797656,0.013322295908041275,0.17950239278427543,,0.004003663400327133,0.02866980652015943,0.8857342004776001,,0.3088451623916626,0.6267609596252441,0.6251852626825585,,0.15773531778385555,0.3064073389977568,0.1838132847135829,,0.22756396073981314,0.1574622236008735,1.009352207183838,,0.4143611192703247,0.7738245725631714,0.6696837257007247,,0.17104438478498427,0.3275673151025298,0.19689646043813316,,0.24676488570120048,0.16833630024569987,0.05642195086067383,0.020979844048845078,0.028122081343615508
C_rnaseq_only,strict,06_combat_seq,False,ok,550.9,0.01604590929757737,,0.14687672912504984,-0.059241036931844474,0.9839540907024227,,0.8531232708749501,0.9407589630681555,0.09969136093774189,0.2020691345793151,,0.2119513776869088,0.549845680468871,0.6010345672896575,,0.6059756888434544,153.94508351550868,173.81129464818594,174.1728917709371,,156.35673430750845,155.46566173009734,168.83851717845562,107.21608338943815,120.57374211770366,120.7168907442335,147.0064932181497,138.01706381519494,133.9098349792846,139.94069341269122,0.31110709676458154,0.14575041955332357,1.3842692124154845,1.1983536313587406,,1.0262675240889458,0.7111567419575633,,0.8640776699029126,0.6208530805687204,0.1591098767419876,,0.19511277015844716,0.13228111145173396,0.6964566905356028,0.6937048732175822,0.6930865619604796,,0.8827062321713328,0.8613467018315875,0.8288434164864138,2.3644876064741776,,0.3061823233119833,0.42021005655402627,0.001,,0.001,0.001,,,,,,,,,18.0,4.0,0.0,0.0,0.0,1.0,6.0,8.0,10.0,2.6754128135502855,0.0,0.0,0.1904154300588016,1.0,1.0,,1.0,1.7021386931246336,,1.032506674608341,1.1814273491146912,0.02421167907326323,,0.03250667460834089,0.030237891519115195,0.0,,0.022321428571428603,0.004464285714285698,0.37620588235294117,0.32286462315944536,0.4351931034482759,,0.5990666666666666,0.44897748686204497,,0.3088139608226526,7.0,30.0,0.0,0.0,13.0,6797.0,2243.0,1039.0,79.0,2.0,459.1121348657128,0.4844710557679721,0.6468193620353895,0.6887387985044289,,0.8637910888841662,0.8119620468201567,0.9041119636450038,0.09799078929868854,0.5418243855482103,,0.39374932975334653,0.4398198138075376,0.20116972110118173,,0.09244553105348978,0.14617324952866254,0.08224465570231895,0.1195086491196933,,0.0018907630895011393,0.028815236161851412,0.7004600564995895,,0.28531103146588177,0.3002472566481177,0.7091611315269233,,0.09423308216810224,0.2838484522539541,0.6974949070543244,,0.06985928692940413,0.11650055582165733,0.26464074465538123,,0.021825203520739626,0.10642803543535484,0.22682333047291178,,0.0004335794079430486,0.0052205084763756425,0.5088875715694283,,0.3744022689209362,0.4526826126503405,0.3919952957044767,,0.07577854569021235,0.1300905325977306,0.3613895076440929,,0.0007159292524460984,0.027893351685647303,0.41783694382855396,,5.620089731335596e-06,0.010005953555595762,0.8401795029640198,,0.665958046913147,0.7284106016159058,0.5051959975927686,,0.04013599785371433,0.15383643548982157,0.14853474847316292,,0.05790400506468374,0.07905628919429039,0.7509462237358093,,0.7218188047409058,0.5865238308906555,0.5434012543404003,,0.05030790030472956,0.1765033325473197,0.1597676327960836,,0.0725789582871697,0.09070477001880446,0.31110709676458154,0.14575041955332357,0.1904154300588016
C_rnaseq_only,strict,07_pycombat,False,ok,556.2,-0.015031539691952265,,0.023542476341685267,-0.1131127092908404,0.9849684603080477,,0.9764575236583147,0.8868872907091596,-0.004481326433593912,0.09178907877756089,,0.10306097937021456,0.49775933678320305,0.5458945393887804,,0.5515304896851073,106.32330596385532,111.51236686289158,111.47117619476006,,104.00195166559435,103.28531142745487,109.88285503999691,86.88769033643555,95.45642777434239,95.64561102132787,103.43739413925421,102.89462203547205,103.67285171379744,101.35136050071657,0.22177063410328085,0.20813804409508396,1.4382024277630816,1.262878614555858,,1.0796647468492397,0.7142857142857143,,0.8208955223880597,0.6648992576882291,0.15756366908733396,,0.18266797911159535,0.1464294588517413,0.8172026777080567,0.8560165160130576,0.8580299794649865,,0.9893527995158901,1.0037521335898258,0.922358273852869,1.151190570293872,,2.1037370558164776e-06,0.0003657235513867731,0.001,,0.995,1.0,,,,,,,,,38.84971427411964,3.5823891686416265,-4.453296600291766,-0.0825972304493246,0.0283002803327047,1.3381184263004964,5.117664995142461,7.048195900058917,8.908465335160642,2.321532454694544,0.0,0.0,0.21679032690656908,1.0,1.0,,1.0,1.7882979510831576,,1.0772383874061628,1.2397188501569756,0.027182687968384744,,0.07723838740616285,0.039953141692829264,0.022321428571428603,,0.03125,0.03125,0.5713823529411765,0.43838277776135853,0.6061448275862069,,0.41986666666666667,0.5595313961827503,,0.26309497241767327,7.0,30.0,0.0,0.0,13.0,6797.0,2243.0,1039.0,79.0,2.0,459.1121348657128,0.6268500603458638,0.7888952544852046,0.8280966196750192,,0.9999794191043174,0.999600676766379,0.9712390246522804,0.007036471864180484,0.30471821124719023,,0.047748824040041826,0.33241316484071104,0.13580763286006986,,4.4653927397188376e-05,0.0004541644735527579,0.032135244589770365,0.22382310903895825,,2.6691437036200703e-06,8.583824651631717e-05,0.5525972832544064,,5.811858953580083e-07,7.437444504169657e-05,0.4889525050124534,,6.132362804730492e-06,0.001136140350620384,0.3758087774726397,,3.995262024990242e-06,0.0005916499063068744,0.3505629626917951,,4.8871996185873274e-05,0.00033142375160652405,0.14748965107478734,,9.563658885241825e-05,0.00035681619503519604,0.3451318112914613,,1.3059838991241693e-06,8.661140311053294e-05,0.3394128706314703,,0.00013515858247856958,0.00044619352563104065,0.26738774335854076,,4.1315686068082465e-05,0.0005189144242693706,0.2329649345805982,,0.00011087248205911722,0.0009136824873896424,0.8082797527313232,,0.14241905510425568,0.26659929752349854,0.5260266017612979,,0.06457908414629931,0.1825153337243851,0.15465923988928576,,0.09316792444301711,0.09379432745802337,0.7723092436790466,,0.30314648151397705,0.3043364882469177,0.5540582860718974,,0.07150817576847468,0.19139821504430454,0.16290095042973682,,0.10316449056419476,0.09835922544379719,0.0,0.0,0.0
C_rnaseq_only,strict,08_inmoose_combatseq,False,ok,580.6,0.01604590929757737,,0.14687672912504984,-0.059241036931844474,0.9839540907024227,,0.8531232708749501,0.9407589630681555,0.09969136093774189,0.2020691345793151,,0.2119513776869088,0.549845680468871,0.6010345672896575,,0.6059756888434544,153.94508351550868,173.81129464818594,174.1728917709371,,156.35673430750845,155.46566173009734,168.83851717845562,107.21608338943815,120.57374211770366,120.7168907442335,147.0064932181497,138.01706381519494,133.9098349792846,139.94069341269122,0.31110709676458154,0.14575041955332357,1.3842692124154845,1.1983536313587406,,1.0262675240889458,0.7111567419575633,,0.8640776699029126,0.6208530805687204,0.1591098767419876,,0.19511277015844716,0.13228111145173396,0.6964566905356028,0.6937048732175822,0.6930865619604796,,0.8827062321713328,0.8613467018315875,0.8288434164864138,2.3644876064741776,,0.3061823233119833,0.42021005655402627,0.001,,0.001,0.001,,,,,,,,,18.0,4.0,0.0,0.0,0.0,1.0,6.0,8.0,10.0,2.6754128135502855,0.0,0.0,0.1904154300588016,1.0,1.0,,1.0,1.7021386931246336,,1.032506674608341,1.1814273491146912,0.02421167907326323,,0.03250667460834089,0.030237891519115195,0.0,,0.022321428571428603,0.004464285714285698,0.37620588235294117,0.32286462315944536,0.4351931034482759,,0.5990666666666666,0.44897748686204497,,0.3088139608226526,7.0,30.0,0.0,0.0,13.0,6797.0,2243.0,1039.0,79.0,2.0,459.1121348657128,0.4844710557679721,0.6468193620353895,0.6887387985044289,,0.8637910888841662,0.8119620468201567,0.9041119636450038,0.09799078929868854,0.5418243855482103,,0.39374932975334653,0.4398198138075376,0.20116972110118173,,0.09244553105348978,0.14617324952866254,0.08224465570231895,0.1195086491196933,,0.0018907630895011393,0.028815236161851412,0.7004600564995895,,0.28531103146588177,0.3002472566481177,0.7091611315269233,,0.09423308216810224,0.2838484522539541,0.6974949070543244,,0.06985928692940413,0.11650055582165733,0.26464074465538123,,0.021825203520739626,0.10642803543535484,0.22682333047291178,,0.0004335794079430486,0.0052205084763756425,0.5088875715694283,,0.3744022689209362,0.4526826126503405,0.3919952957044767,,0.07577854569021235,0.1300905325977306,0.3613895076440929,,0.0007159292524460984,0.027893351685647303,0.41783694382855396,,5.620089731335596e-06,0.010005953555595762,0.8401795029640198,,0.665958046913147,0.7284106016159058,0.5051959975927686,,0.04013599785371433,0.15383643548982157,0.14853474847316292,,0.05790400506468374,0.07905628919429039,0.7509462237358093,,0.7218188047409058,0.5865238308906555,0.5434012543404003,,0.05030790030472956,0.1765033325473197,0.1597676327960836,,0.0725789582871697,0.09070477001880446,0.31110709676458154,0.14575041955332357,0.1904154300588016
C_rnaseq_only,strict,09_ruv,False,ok,578.6,-0.012845032451261076,,0.16284108900116076,-0.026086831786232858,0.9871549675487389,,0.8371589109988392,0.9739131682137672,0.01085250172808741,0.12110561125952804,,0.11795484594571118,0.5054262508640437,0.5605528056297641,,0.5589774229728556,145.15894902922344,157.67313784568722,157.85943448072194,,150.07254116131932,149.1630660780084,153.73750689427985,109.7161113699467,122.3659918408778,122.51271541349149,139.89619294991405,130.11253465147482,125.54902985342767,135.41653712170472,0.3013652709777024,0.1441427128393893,1.3974089311253195,1.2196696000385394,,1.051346613394658,0.7375796178343949,,0.8064046579330422,0.6939704209328783,0.1612091528153195,,0.1753457460662325,0.14952318659326788,0.7558342913316259,0.7760738037739561,0.7760873831614603,,0.8669976109194509,0.8416897906065353,0.8808295376796123,2.071076856725965,,0.4441026171558611,0.5231434580320575,0.001,,0.001,0.001,,,,,,,,,87.0,3.0,0.0,-0.0,0.0,1.0,5.0,7.0,9.0,2.48383704622607,0.0,0.0,0.18846950062086476,1.0,1.0,,1.0,1.8064772675929912,,1.088666659514122,1.2310237209180381,0.027809560951482456,,0.08866665951412189,0.03850395348633969,0.03125,,0.0714285714285714,0.044642857142857095,0.3605294117647059,0.3124491120916508,0.395232183908046,,0.5532666666666667,0.4227434905859163,,0.28206132516471594,7.0,30.0,0.0,0.0,13.0,6797.0,2243.0,1039.0,79.0,2.0,459.1121348657128,0.5344332050327179,0.7126368177163667,0.7455484254692597,,0.8399516971962226,0.7954820741062001,0.948644821426297,0.14966629547095767,0.5327861467711938,,0.4063557441708405,0.3706803959866312,0.17026009215293852,,0.06279680103335003,0.11470278854493932,0.0553534241588618,0.3917381155553534,,0.07432585399212345,0.1094132045160548,0.7341321506355236,,0.3765851010378465,0.4016178851341104,0.4988672112387237,,0.10467906051711336,0.17263697950008042,0.3362213153328911,,0.048556838969187256,0.1264191738796281,0.2668188396704337,,0.0030013861451505482,0.12150949523058094,0.2905525101009419,,0.0023360022745070267,0.019076171482586637,0.36346167219366016,,7.985399165324863e-05,0.009037044327761472,0.3405286433963245,,2.766113960635796e-06,0.08249047078447845,0.37577275203011723,,0.01699392986421013,0.0531934622465352,0.10871074971234254,,0.0014072174277482547,0.051633998347576725,0.9276003837585449,,0.5561498403549194,0.760994017124176,0.5434223696454429,,0.08298458789114474,0.19090035668160962,0.15977384099357206,,0.11972145342076884,0.09810337685647336,0.9091846942901611,,0.5332151651382446,0.5825798511505127,0.5738731894266281,,0.08885418524392805,0.20465911301377004,0.1687268114813666,,0.1281894924136443,0.1051739789286399,0.3013652709777024,0.1441427128393893,0.18846950062086476
C_rnaseq_only,strict,10_mnn,False,ok,578.7,-0.0029932746853305594,,0.09235049670396282,-0.0329535915095783,0.9970067253146695,,0.9076495032960372,0.9670464084904217,-0.04702473724197672,-0.021758397552665745,,0.3084439815422209,0.4764876313790116,0.48912080122366713,,0.6542219907711104,0.2749508006733058,0.2930037638279059,0.2932733017640946,,0.2772467944813803,0.28328581650822804,0.3395081361449729,0.1866742654568676,0.2310449878384073,0.23135945044890277,0.26184299376357656,0.24703360245841863,0.2286447756684264,0.23670714978836294,0.1893398348010677,0.18911731348342437,1.3825599772634725,1.2259751171193587,,1.0269588767670583,0.7778457772337821,,0.8808463251670379,0.7575503355704698,0.17161956112846116,,0.19869087995014817,0.16651303253181018,0.6789369770873022,0.7885393171062139,0.7888868473783046,,0.8910241971256019,0.8071169198892293,0.6972061184633495,1.8019307467809897,,0.0318907835174772,0.322834638524196,0.001,,0.001,0.001,,,,,,,,,12.492020643220895,3.610497472191693,0.0201398791985191,0.07487667438583438,0.20455426870752014,1.5284319828000843,4.961566540734278,6.706755630292226,8.555756519193014,2.1341544728362347,0.0,0.0,0.18926139754688395,1.0,1.0,,1.0,1.932911424813314,,1.1352464169984962,1.3632586626753682,0.03216935947632117,,0.13524641699849616,0.0605431104458947,0.0,,0.0714285714285714,0.0892857142857143,0.6343235294117647,0.4727245915640736,0.6567264367816092,,0.7696,0.6053068989532241,,0.4116231183031586,7.0,30.0,0.0,0.0,13.0,6797.0,2243.0,1039.0,79.0,2.0,459.1121348657128,0.5428546746899869,0.6998458076989744,0.7426354321933246,,0.9216773951434339,0.8195632912401701,0.8239412296740942,0.000196434112434981,0.0012634921299789306,,0.0010707618856775007,0.3459256527745408,0.15613710851289547,,0.06907461451618664,0.1225675969896443,0.0795622549077283,0.1020070896189165,,0.0119351720753967,0.02585135103475963,0.8184485419659259,,0.00396555131026394,0.32810190175180315,0.323474582326411,,0.08001219166558136,0.09082902853726069,0.8847826573806573,,0.5347956273200647,0.5722541927864291,0.27407157317555086,,0.007907530601537595,0.030384029240858344,0.18030001036397494,,0.001484302393911081,0.06406903047366025,0.21549454190382625,,0.017031333398852884,0.032668863468758975,0.21747218048335124,,4.332924337538838e-05,0.0030053059577256212,0.3030084430597674,,0.031905225531638465,0.043117001204452735,0.14019690746702657,,0.0016658816212442055,0.03539526544073456,0.7612890601158142,,0.2706267237663269,0.6468636393547058,0.6276735148232697,,0.123415498138361,0.3108608638438848,0.18454486593675062,,0.1780509271330545,0.15975088263700116,0.7649132013320923,,0.38422891497612,0.8054039478302002,0.6730293001954879,,0.13471838503775466,0.32789905211171577,0.19788010652489108,,0.1943575460105386,0.16850677934482325,0.0,0.0,0.0
C_rnaseq_only,strict,11_harmony,False,ok,576.5,0.028041127283217903,,0.23156843110084066,-0.025706920752255953,0.971958872716782,,0.7684315688991593,0.974293079247744,-0.025891668220113614,0.07455764383302318,,0.10798731621256444,0.4870541658899432,0.5372788219165116,,0.5539936581062822,124.97200739432978,129.36542883274555,129.74349170866375,,136.2002579793111,131.9470873250763,130.9879623536509,75.34624810503671,105.9780817096295,105.8287828702514,117.60328966070006,99.7239502713235,95.39592783873827,113.27142295507869,0.31356536670124385,0.18394618436405336,1.4276515939777132,1.2222051948164891,,1.0472841912595576,0.7671990171990172,,0.9122807017543859,0.7648514851485149,0.16669558211041438,,0.20560359306779136,0.16945517515433184,0.6029049998956432,0.8192148603058924,0.8156770060411791,,0.7321862069194586,0.7229862346541427,0.8647468127587191,2.536019217843768,,0.7187928424200344,0.8181691986994541,0.001,,0.001,0.001,,,,,,,,,22.95600246283404,3.472207277473218,-4.120954020804665,-0.11883717303429411,0.0254704217066201,1.205195212066263,5.152780774077288,7.159479225280808,9.01011254048021,2.3738579806935625,0.0,0.0,0.22824380770121563,1.0,1.0,,1.0,1.843454710682815,,1.0619821476709885,1.309886527045676,0.029084645195959137,,0.06198214767098853,0.051647754507612685,0.0,,0.017857142857142905,0.0,0.6413235294117647,0.47103577431709037,0.6591448275862068,,0.7835333333333333,0.6114393814152326,,0.40749300937413996,7.0,30.0,0.0,0.0,13.0,6797.0,2243.0,1039.0,79.0,2.0,459.1121348657128,0.5024982852836476,0.7608709306468303,0.7885464434230594,,0.787770452250485,0.7438942950181168,0.9328234962395687,0.11403637922477101,0.43267617515799645,,0.32108906435300544,0.37766539344767924,0.18146249162425548,,0.08437808072639,0.1274613416260723,0.07236576815839126,0.22074580327428692,,0.005105087728349836,0.02740483459241332,0.6662746808824671,,0.500283303783381,0.5251262194833114,0.8131120910057611,,0.26357665763854565,0.3084806765352258,0.22744492054176269,,0.0005155656697527184,0.06489367595368281,0.5831991850840709,,0.010926684832925864,0.20803008252195962,0.3245905669603036,,0.03335886974650186,0.037587103388081945,0.3437193905138512,,0.0004974836380245154,0.016220156754347254,0.24227945922411803,,0.025203744551483356,0.050285212687754176,0.14411292725940045,,0.002759233712392291,0.020864154828793176,0.21117490973076983,,0.0015541759625429194,0.01572129951515367,0.805496335029602,,0.5755094289779663,0.6888245344161987,0.5765915329693153,,0.06501027023303188,0.2545877826796623,0.16952604282187725,,0.09378999447204649,0.13083223950666878,0.8254091143608093,,0.6165546178817749,0.7663432955741882,0.597459200056517,,0.07065193289354624,0.25893090877492203,0.17566143125881756,,0.10192919321473899,0.13306416480772557,0.0,0.0,0.0
C_rnaseq_only,strict,12_scanorama,False,ok,583.7,0.07168106288612335,,0.19796639695783438,-0.016989771551316132,0.9283189371138767,,0.8020336030421656,0.9830102284486839,-0.011827841422555982,0.01765022555679069,,0.2097034742859683,0.494086079288722,0.5088251127783954,,0.6048517371429841,0.32387913737932533,0.32886717705872603,0.329412187708776,,0.34237244077234497,0.3395024283568921,0.3628502662063477,0.1924854965482068,0.2801561325971473,0.28008028824939646,0.3043690550119341,0.2678321625295289,0.24997484560145997,0.28544197196036925,0.18964621398494869,0.18932411295279522,1.3517665824931906,1.1774075245008322,,1.017459941580182,0.758,,0.8945454545454545,0.7241014799154334,0.16908673479365957,,0.2015773639279548,0.15926151734268232,0.594312736861371,0.8518823164499618,0.8502426403755514,,0.7822830655567268,0.7362976660027927,0.7866660122499194,7.600860585532539,,0.7428195918776681,1.1843891906925295,0.001,,0.001,0.001,,,,,,,,,12.478315861223704,3.609590356726915,0.0206791345732248,0.0747621755945662,0.2058120556412268,1.5288920575114984,4.959973560330559,6.7024849014983925,8.552365070004011,2.1333452948449856,0.0,0.0,0.18940996431052462,1.0,1.0,,1.0,1.7174644059542536,,1.0582438258114726,1.224849496593467,0.024740151929457024,,0.05824382581147258,0.03747491609891118,0.0,,0.017857142857142905,0.008928571428571397,0.6624117647058824,0.4900554097641082,0.6745954022988506,,0.8098,0.6213809925204583,,0.42785704187652673,7.0,30.0,0.0,0.0,13.0,6797.0,2243.0,1039.0,79.0,2.0,459.1121348657128,0.444634819543375,0.7855794318161772,0.8094079323452843,,0.8009715909306611,0.7265991501113753,0.8887703869593591,0.00032294569140132654,0.001222211381292988,,0.0009102955282172111,0.4268755797439452,0.1688868480099582,,0.07866603430300127,0.14107668118508226,0.0824872072803631,0.29034099257508705,,0.0204574565830493,0.046404746215763855,0.9294284266186452,,0.6747315975612228,0.7166369782601251,0.8057962313531195,,0.002364646135177393,0.24470650267507962,0.4209176034588851,,0.011663767871640064,0.09162529651356062,0.5301865891261527,,0.02456498984744263,0.08755905850404712,0.34255543988372766,,0.040252394452042706,0.11044714613564979,0.15187462945083888,,0.0020872982880830865,0.019824559350122565,0.25693048274000313,,0.0060574960990695545,0.025268449613222166,0.2996536381044133,,0.004480512275371724,0.012918571011540527,0.24107176412857956,,1.8391691351202715e-07,0.05537550357171127,0.8760600686073303,,0.42602717876434326,0.8247774839401245,0.5196215074520777,,0.05533526195925672,0.17300932309267875,0.1527760518262366,,0.07983190801491137,0.08890920435184024,0.6965596675872803,,0.7050961256027222,0.6377672553062439,0.5570480579560138,,0.05731212274461436,0.18927823276868283,0.16377998553079737,,0.08268391526647471,0.09726977006650193,0.0,0.0,0.0
C_rnaseq_only,strict,13_fsmvn,False,ok,628.7,-0.030199606092650193,,0.022741739388008494,-0.18244317213979072,0.9698003939073498,,0.9772582606119915,0.8175568278602092,-0.013629293558094151,0.08864424323507797,,0.09402248782551914,0.4931853532209529,0.544322121617539,,0.5470112439127596,110.44054426885721,116.35392965972997,116.26250221000205,,107.93944415773295,107.72164467637401,117.08543061789759,90.58707765124822,98.734406429863,98.98684606427341,107.49258752956828,107.06297442400887,107.1379565555373,104.3879230719556,0.2665948559369806,0.24393114609386493,1.4344699833433432,1.262570540342792,,1.0884630483695497,0.7152956298200515,,0.8190184049079755,0.6680080482897385,0.1563766921684787,,0.17967798307591,0.1466813048850517,0.8202338937294842,0.8485695903748657,0.8514081856373256,,0.9918799865928225,0.994581514953747,0.8915534795496489,1.1580953415779407,,3.829151460510546e-32,3.324275389926794e-32,0.001,,1.0,1.0,,,,,,,,,27.921237258977477,3.1864345620333703,-13.22685283813819,-0.13780828581498808,0.0,0.8854135491834605,4.919983078835392,7.151560424326963,9.352951905086748,2.428189459169189,0.0,0.0,0.26189329416855445,1.0,1.0,,1.0,1.8036263695818773,,1.081911861208666,1.2648978441017038,0.02771125412351301,,0.081911861208666,0.0441496406836173,0.03125,,0.0401785714285714,0.03125,0.5713823529411765,0.43838277776135853,0.5960390804597702,,0.34273333333333333,0.5547448530835658,,0.23565459697070432,7.0,30.0,0.0,0.0,13.0,6797.0,2243.0,1039.0,79.0,2.0,459.1121348657128,0.6290586957335131,0.7953699962356139,0.8305815325734853,,1.0,1.0,0.972428663635031,0.0035754580748243747,0.41254764858902165,,4.909268277800411e-16,0.33411836924931426,0.13414439831162048,,2.145634570408946e-33,4.566222500581754e-33,0.030091370011287134,0.26002754301152287,,5.349007302979712e-33,1.0392851745524839e-32,0.5527239255438106,,1.9329647319884447e-34,7.993685051192797e-34,0.49345790969167425,,3.629234120085154e-33,2.6255750128306617e-33,0.3547986500180482,,3.698644614610226e-34,2.388289925172815e-33,0.3566690723334714,,3.996641036264019e-33,6.34750045251784e-33,0.12598545194923116,,4.789349153900485e-34,1.987108828142941e-33,0.3804174927267441,,3.020254729246658e-34,1.4358338764496417e-33,0.3684769712079049,,6.862675756178013e-34,2.6282862986856982e-33,0.17687325534904366,,6.190111939813522e-33,1.596209413464228e-32,0.2717534206616914,,2.6096240635467226e-34,1.095316226731544e-33,0.8169475793838501,,0.14897708594799042,0.1963222771883011,0.5372100083845343,,0.07034427885037535,0.202266882509549,0.15794731916499397,,0.10148534225234691,0.10394461563795435,0.7704075574874878,,0.11931124329566956,0.2240849882364273,0.5746154882763397,,0.07078925949030598,0.20422973744323866,0.16894505781241273,,0.10212731361486643,0.10495332353468975,0.08035476218560444,0.0,0.037221844810897464
C_rnaseq_only,strict,14_qsmooth,False,ok,613.5,0.09860853036853987,,0.2688770092144436,0.03145401322484162,0.9013914696314601,,0.7311229907855564,0.9685459867751584,0.029445428190269032,0.09479336812830232,,0.13420356409684261,0.5147227140951345,0.5473966840641512,,0.5671017820484213,132.72901692759652,136.1023276832095,136.47473738923276,,143.52313089738422,140.23173809256642,136.27486653438459,85.7921986401517,115.53721674196248,115.36716925912322,125.75956859616367,108.68147534426434,103.35345887017638,122.35635731986117,0.2888265184866627,0.20817945272165583,1.3690078100870882,1.1673469795190514,,1.019018603547975,0.7197026022304833,,0.8910614525139665,0.6272189349112426,0.16023583822807447,,0.20579827885761032,0.14197959131275625,0.646371084681138,0.8488996382992495,0.8453371771662788,,0.7572401372846941,0.7370190249082784,0.8978644443507011,12.854628818268393,,1.0061411501676973,1.5281795094597999,0.001,,0.001,0.001,,,,,,,,,13.379311790058726,3.5122182913806586,0.0,0.0165492031943812,0.0440626323825834,1.179143542650683,5.175806920918127,7.266266123860126,9.199382620946304,2.39512869174462,0.0,0.0,0.23124420040285534,1.0,1.0,,1.0,1.6497290120015942,,1.0325714333995002,1.1726517459031958,0.022404448689710144,,0.032571433399500194,0.02877529098386596,0.0,,0.013392857142857095,0.0,0.6024705882352941,0.4516023353176956,0.6459172413793104,,0.7880666666666667,0.5960887000968876,,0.4140036165614084,7.0,30.0,0.0,0.0,13.0,6797.0,2243.0,1039.0,79.0,2.0,459.1121348657128,0.3981122527532265,0.7658246340746708,0.7788087130577994,,0.7484699830394599,0.668158440361013,0.9233620905826895,0.03088844165749665,0.3440453065858546,,0.2887077340303791,0.4445544733248082,0.20350101032474205,,0.08973177816331405,0.15461789962777436,0.08259722310839597,0.26810645196898525,,3.116597907941447e-05,0.0401463899383957,0.9383980425146397,,0.7464368773514981,0.848536647106841,0.9063371631058312,,0.0040156179373403225,0.1086257591412725,0.7235766286964422,,0.13688192941859534,0.3416226987922019,0.14560412758920344,,0.0034846666111906705,0.017360388475874993,0.2888762339260552,,7.124611154318372e-05,0.030541803957815267,0.3655743025499894,,0.0039814269069366505,0.0544829014300639,0.39998106421042395,,0.0002747488956149367,0.02977751747279296,0.26431621330382793,,0.0013741234506448128,0.0516699944974832,0.14477450538268352,,0.0007659789706972349,0.023414895465002347,0.850692629814148,,0.46142756938934326,0.7375670671463013,0.46752003373539447,,0.04400834262609918,0.15232138388290323,0.1374574837250165,,0.06349061766441566,0.07827770668489042,0.7454914450645447,,0.7121022343635559,0.5965660810470581,0.4817525624194183,,0.05077785275715337,0.16774815790911585,0.14164204789078932,,0.07325695635973516,0.08620550028507382,2.3502193459715596e-06,0.0,9.838858519247857e-07
C_rnaseq_only,strict,15_fsqn_py,False,ok,643.9,0.0961221478622654,,0.263225295392115,0.02508217607816904,0.9038778521377346,,0.736774704607885,0.974917823921831,0.048226648002053014,0.10152327089369043,,0.1479309785860734,0.5241133240010265,0.5507616354468452,,0.5739654892930367,133.72937060260998,137.35000066590595,137.70922766449158,,144.37635674988434,141.1142412528132,136.69928678843183,86.15613562567908,116.1052328412175,115.95428809877234,126.66542346626302,109.63792835763442,104.29546733655417,123.4180255319863,0.2614388700897455,0.2614388700897455,1.3712612647770128,1.1612956270228965,,1.0204531687173926,0.7300295857988166,,0.9053708439897699,0.6554621848739496,0.1600969465523075,,0.2073172299658648,0.1480500668905049,0.6442573926538587,0.8453238607812982,0.8420226448533865,,0.759389770082436,0.7390853425608804,0.9028432293359305,12.928595719207436,,0.97234314402814,1.5154080530134422,0.001,,0.001,0.001,,,,,,,,,13.73039143274776,3.2108728816776684,0.0,8.536426719294883e-05,0.0016915174976202,0.8948409341801319,4.875023695583406,7.105611500796847,9.309088094273031,2.393247393457509,0.0,0.0,0.2614388700897455,1.0,1.0,,1.0,1.6468660575321639,,1.034983798895828,1.180069113172725,0.022305726121798753,,0.03498379889582792,0.030011518862120834,0.0,,0.008928571428571397,0.0,0.5726764705882353,0.4381321328420023,0.6153563218390805,,0.7796666666666666,0.5787693877596772,,0.40504598185505936,7.0,30.0,0.0,0.0,13.0,6797.0,2243.0,1039.0,79.0,2.0,459.1121348657128,0.4047247824489686,0.7639767530550815,0.776285821460611,,0.758695503807311,0.6757410966301789,0.9210707679569481,1.493896479273123e-16,0.40711770599235314,,0.3312856802329906,0.45024225477350716,0.20690611421588773,,0.08904822064935865,0.15693358264863203,0.08365659176084415,0.30541832862349244,,0.0005288169162594822,0.04033854649594211,0.938292967197155,,0.7395980087672797,0.8481847116850261,0.9083283292344622,,0.00706783995625234,0.1182526170362358,0.7291137281968805,,0.13459721533709032,0.33980991115361603,0.1645055211246896,,0.003328820378648277,0.03239135978382109,0.29512975335184716,,0.00011837343833166675,0.03197008322392543,0.3430191172902134,,0.0036462638881138883,0.045368492395903806,0.3725245494407128,,0.000297708218005313,0.032460983164153016,0.28978443506457535,,0.0007224664759905627,0.053338078085695455,0.15630581821104292,,0.0005766931176148827,0.02722104346200149,0.8560830950737,,0.5078010559082031,0.7789035439491272,0.4512853987672369,,0.04666626914238896,0.15442265028716687,0.13268427207441133,,0.06732519506851421,0.07935754400691876,0.7166934013366699,,0.6082141995429993,0.5062971115112305,0.4916773784548285,,0.055053984139311854,0.1651953387590799,0.14456008378277274,,0.07942610989896486,0.0848936107555006,0.004413711931734589,0.004413711931734589,0.004413711931734589
C_rnaseq_only,strict,16_fsqn_r,False,ok,0.2,,,,,,,,,,,,,,,,,,,,,,,,,,,,,,,,,,,,,,,,,,,,,,,,,,,,,,,,,,,,,skipped: PCA failed,skipped: PCA failed,skipped: PCA failed,"Traceback (most recent call last):
  File ""/app/harmonization-metrics/compute_batch_metrics.py"", line 1170, in _run_group
    group_result = fn(*args)  # type: ignore[operator]
                   ^^^^^^^^^
  File ""/app/harmonization-metrics/compute_batch_metrics.py"", line 260, in compute_group_e
    result[""exp_min""]    = float(np.nanmin(flat))
                                 ^^^^^^^^^^^^^^^
  File ""/usr/local/lib/python3.12/dist-packages/numpy/lib/_nanfunctions_impl.py"", line 356, in nanmin
    res = np.fmin.reduce(a, axis=axis, out=out, **kwargs)
          ^^^^^^^^^^^^^^^^^^^^^^^^^^^^^^^^^^^^^^^^^^^^^^^
ValueError: zero-size array to reduction operation fmin which has no identity
",skipped: PCA failed,"Traceback (most recent call last):
  File ""/app/harmonization-metrics/compute_batch_metrics.py"", line 1170, in _run_group
    group_result = fn(*args)  # type: ignore[operator]
                   ^^^^^^^^^
  File ""/app/harmonization-metrics/compute_batch_metrics.py"", line 1087, in compute_group_h
    D = pairwise_distances(X, metric=""euclidean"")
        ^^^^^^^^^^^^^^^^^^^^^^^^^^^^^^^^^^^^^^^^^
  File ""/usr/local/lib/python3.12/dist-packages/sklearn/utils/_param_validation.py"", line 218, in wrapper
    return func(*args, **kwargs)
           ^^^^^^^^^^^^^^^^^^^^^
  File ""/usr/local/lib/python3.12/dist-packages/sklearn/metrics/pairwise.py"", line 2473, in pairwise_distances
    return _parallel_pairwise(X, Y, func, n_jobs, **kwds)
           ^^^^^^^^^^^^^^^^^^^^^^^^^^^^^^^^^^^^^^^^^^^^^^
  File ""/usr/local/lib/python3.12/dist-packages/sklearn/metrics/pairwise.py"", line 1969, in _parallel_pairwise
    return func(X, Y, **kwds)
           ^^^^^^^^^^^^^^^^^^
  File ""/usr/local/lib/python3.12/dist-packages/sklearn/utils/_param_validation.py"", line 191, in wrapper
    return func(*args, **kwargs)
           ^^^^^^^^^^^^^^^^^^^^^
  File ""/usr/local/lib/python3.12/dist-packages/sklearn/metrics/pairwise.py"", line 343, in euclidean_distances
    X, Y = check_pairwise_arrays(X, Y)
           ^^^^^^^^^^^^^^^^^^^^^^^^^^^
  File ""/usr/local/lib/python3.12/dist-packages/sklearn/metrics/pairwise.py"", line 173, in check_pairwise_arrays
    X = Y = check_array(
            ^^^^^^^^^^^^
  File ""/usr/local/lib/python3.12/dist-packages/sklearn/utils/validation.py"", line 1106, in check_array
    raise ValueError(
ValueError: Found array with 0 feature(s) (shape=(2000, 0)) while a minimum of 1 is required by check_pairwise_arrays.
","Traceback (most recent call last):
  File ""/app/harmonization-metrics/compute_batch_metrics.py"", line 1190, in compute_all_metrics
    pca_coords, eigenvalues = compute_pca(exp_df)
                              ^^^^^^^^^^^^^^^^^^^
  File ""/app/harmonization-metrics/compute_batch_metrics.py"", line 132, in compute_pca
    raise ValueError(
ValueError: Expression matrix has 0 usable gene columns after dropping all-NaN genes (original shape: (2243, 0)).
",,,,,,,,,,,,,,,,,,,,,,,,,,,,,,,,,,,,,,,,,,,,,,,,,,,,,,,,,,,,,,,,,,,,,,,,,,,,,,,,,,,,,,,,,,,,,,,,,,,,,,,,,,,,,,,,,,,,,,,,,,,,,,,,,,,,
C_rnaseq_only,strict,17_quantile,False,ok,639.6,0.09779482563275502,,0.2628962860015744,0.02458684280807546,0.902205174367245,,0.7371037139984256,0.9754131571919246,0.055832823892558885,0.10397951825605053,,0.15309191167380623,0.5279164119462795,0.5519897591280253,,0.5765459558369032,132.65831959998357,136.21799024933924,136.56465824358594,,143.02776820144442,139.95828583047683,136.37340139255068,85.83036256897525,115.31446957411609,115.17253377337742,125.70503561308263,109.0507611209989,103.63786120621381,122.25228487470955,0.2278946594085626,0.2278946594085626,1.3765550948385226,1.1586213239305854,,1.020267405015415,0.7259865971705137,,0.884020618556701,0.6516220028208745,0.16167471170007947,,0.20421041541164983,0.14809419071236166,0.6470032398102672,0.8465436126538025,0.8433553399148697,,0.7624446811433754,0.7404910726882166,0.8964525605899238,12.958195205725332,,0.9670619716311961,1.5205429018970311,0.001,,0.001,0.001,,,,,,,,,13.29006575597951,3.5149731608922594,0.0,0.0050365321191998,0.0345026813565232,1.2023771303154789,5.174916140972222,7.262899531027241,9.205146720433236,2.3943110231491658,0.0,0.0,0.2278946594085626,1.0,1.0,,1.0,1.634110981538025,,1.0347496544194055,1.1824381837260711,0.02186589591510431,,0.034749654419405474,0.03040636395434519,0.0,,0.008928571428571397,0.0,0.5726764705882353,0.4381325969518278,0.6153586206896552,,0.7796666666666666,0.5787710125506507,,0.4050459955215685,7.0,30.0,0.0,0.0,13.0,6797.0,2243.0,1039.0,79.0,2.0,459.1121348657128,0.3979842084974142,0.7608265211532842,0.7727854182536285,,0.7572118501587095,0.6723455819026333,0.9182099188512577,1.3646510154615783e-16,0.34806592874452624,,0.2877039618888308,0.45639581239609167,0.20961038915048075,,0.0891318781115489,0.1582659945488353,0.08419920949087428,0.32314874741185634,,0.0007333360082491715,0.04061137486681926,0.9381806064633542,,0.7378623007340845,0.8466535829505306,0.9090486665783638,,0.007615275676237123,0.12483253292487217,0.744432835594284,,0.13732912137739095,0.3426522930994851,0.17877185466031062,,0.0031184862380556674,0.034697283681693676,0.2927419731510827,,5.438984733348949e-05,0.033057035078509704,0.32760071419793557,,0.0029995520680247217,0.03948324341677969,0.3838454241066455,,0.0002004817603665668,0.032717412828413256,0.28616255448988737,,0.000712616339737873,0.05550459369695981,0.18002474730719595,,0.0006932210660090239,0.03245059294428945,0.8556016683578491,,0.5005301237106323,0.7719422578811646,0.4531534949392699,,0.04669322086903565,0.15474791147775765,0.13323351869623487,,0.06736407819089078,0.07952469519360057,0.7059206962585449,,0.7109791040420532,0.598006010055542,0.4708843192197028,,0.05448247201314663,0.16352409909434165,0.13844663110659663,,0.07860159218873838,0.08403476346208903,0.0022068559658672943,0.0022068559658672943,0.0022068559658672943
C_rnaseq_only,strict,18_rank,False,ok,687.2,0.10086910493543448,,0.2613593483446364,0.025650230431141424,0.8991308950645656,,0.7386406516553636,0.9743497695688585,0.046487253094003735,0.10141724385088335,,0.1479151006804595,0.5232436265470018,0.5507086219254417,,0.5739575503402298,16.116117628363934,16.43372442362091,16.477435506515555,,17.3782071441189,17.00076282036714,16.475654379202197,10.51734777713045,14.149211489572565,14.12805070937866,15.284780127837333,13.272135299404162,12.6280605180874,14.899361026570396,1.0,1.0,1.3711308225400918,1.1634210338355715,,1.0180717744066126,0.7242152466367713,,0.8992042440318302,0.6518624641833811,0.1596011396549901,,0.20851465385257456,0.1472471855110109,0.6525981020776492,0.8609862940889581,0.8574180553637796,,0.7637229312170843,0.7427937588164465,0.9043259031567443,12.902172442484718,,0.9540113275561282,1.5293013143107328,0.001,,0.001,0.001,,,,,,,,,0.9998528979111504,0.4997057958223007,0.0011768167107972,0.0271403353927625,0.0486172403648131,0.2465431009120329,0.7499264489555751,0.9499852897911152,0.989997057958223,0.28819510757808803,1.0,1.0,1.0,1.0,1.0,,1.0,1.633359420680362,,1.0336866319870543,1.17667573858821,0.021839980023460763,,0.03368663198705435,0.029445956431368343,0.0,,0.004464285714285698,0.0,0.6035588235294118,0.45167765598773313,0.6459080459770115,,0.7918,0.5942826569176478,,0.41311131021366126,7.0,30.0,30.0,30.0,13.0,6797.0,2243.0,1039.0,79.0,2.0,459.1121348657128,0.39329675788380125,0.7600835382542128,0.7721372025203335,,0.75571724265924,0.6686101876754901,0.9150242378190082,0.003212154276382015,0.22993198546149135,,0.19696925165644158,0.4505287932436336,0.20623745091210952,,0.08917345528141843,0.15659471419003265,0.08439965413722288,0.27578188871394443,,0.00047647497477963554,0.03627461131843186,0.9376426170970157,,0.728249784760753,0.840904690386952,0.9089866235857711,,0.009838479874589356,0.13370802243892618,0.7579410984065418,,0.14575982834368725,0.3433505927398215,0.17825938972829533,,0.0016799871435555361,0.029174207332434792,0.28735274632614966,,0.00011222945373482116,0.027211269677293943,0.31238133474038676,,0.0039309473581123485,0.04173620979483982,0.3421221430229994,,0.0005469193567376233,0.03737860811695395,0.3367751522021008,,0.0006621920620722172,0.0530659697016686,0.16804493861313163,,0.000477709486162456,0.023142960393003755,0.8786514401435852,,0.4990590214729309,0.7576942443847656,0.4513265121677756,,0.044369143972230976,0.15405918531457638,0.13269635999402468,,0.06401114397722607,0.07917075995999505,0.8528449535369873,,0.5659151673316956,0.8013859987258911,0.48675437863564486,,0.05463162331550997,0.1722114260644927,0.1431126524029515,,0.07881677203300011,0.08849916639167367,0.0,0.0,0.0
C_rnaseq_only,strict,19_tdm,False,ok,643.1,0.06857436387484327,,0.2630210854357903,0.018885400464943487,0.9314256361251567,,0.7369789145642097,0.9811145995350565,-0.01462467984528391,0.10681745671692541,,0.1081706393401109,0.49268766007735804,0.5534087283584627,,0.5540853196700555,959.156539127343,1006.6084532985193,1008.9771184639297,,1039.8923915249754,1012.6902886893764,980.7035029966312,602.6991227695268,807.0155384550043,806.5733578711208,906.2276948574199,777.7209170238715,741.4001228955964,882.1240592248205,0.0,0.0,1.3949020098859644,1.201721649814378,,1.0269435835130698,0.7296195652173914,,0.9139240506329114,0.6817558299039781,0.16183895934007947,,0.2101059206285861,0.14937815099712293,0.6283636697278556,0.8017174262847921,0.7993970756235295,,0.7478859575877498,0.7321094427153205,0.8994808895139133,4.642238524730483,,0.823431711229164,0.9684393645266609,0.001,,0.001,0.001,,,,,,,,,115.820765354555,18.5190945819477,1.0,1.0,1.0,1.78226111521387,30.57309452375095,44.9349098008275,57.69334513382179,15.497707284169898,0.0,0.0,0.0,1.0,1.0,,1.0,1.744374523659394,,1.0343959701625818,1.1778287051631307,0.02566808702273772,,0.03439597016258178,0.02963811752718844,0.0,,0.013392857142857095,0.0,0.4955,0.3889308282050939,0.5326965517241379,,0.6884,0.5165923865969533,,0.3603624100860503,7.0,30.0,0.0,0.0,13.0,6797.0,2243.0,1039.0,79.0,2.0,459.1121348657128,0.43959725008461026,0.7204786547377505,0.7498431279689501,,0.7658511814445305,0.7092027274407411,0.9399849175240776,0.18128926236578813,0.43576712556347663,,0.34605618872610294,0.4165446697108924,0.19960606128076183,,0.08881304437819042,0.1504789092672054,0.08060725602105137,0.16504296868872426,,0.00034834444823467415,0.017289083815904813,0.8037868798692954,,0.5767427457112116,0.6192935611840562,0.8587349480316451,,0.21437177098783913,0.2506948391374154,0.15512989746135042,,5.1370066094019564e-05,0.03639755665630603,0.6760765543511025,,0.019594866714459334,0.29442781151423114,0.3102164329432504,,0.05361259596976588,0.07310942980947215,0.33611327909996136,,0.000773179524679168,0.02977629424437788,0.30332431302463003,,0.020767370063340614,0.12667679572210414,0.44946094458034336,,5.236395482853502e-05,0.007543868643860452,0.10756047905862053,,0.0018158363414511843,0.0495798519443257,0.8654932975769043,,0.6490974426269531,0.7449651956558228,0.5098463419071988,,0.05025344044963817,0.15348712582208118,0.14990201528910926,,0.07250038932430183,0.07887677953506488,0.7812077403068542,,0.7609869241714478,0.533990204334259,0.5330882361997765,,0.049762643621345526,0.16581922973742555,0.1567354600100444,,0.07179231917404,0.08521422729509186,0.0,0.0,0.0
C_rnaseq_only,strict,21_harmonizr,False,ok,704.9,-0.03292257861224946,,0.02274338905475993,-0.04698306885701845,0.9670774213877505,,0.9772566109452401,0.9530169311429816,-0.027443645858721825,0.09048816502841027,,0.1030553638573676,0.4862781770706391,0.5452440825142051,,0.5515276819286838,120.5395964705948,127.23979178114027,127.16021943883472,,117.6950169311145,117.4713791398132,126.8885310889512,97.49627590023998,107.13668247753932,107.39987745909472,117.11799189748105,116.56323338868829,116.57087051879445,113.95581719284378,0.2280368270947821,0.0,1.442985153398816,1.2672002635999093,,1.0864939416637795,0.704865556978233,,0.8258164852255054,0.6700100300902708,0.15454715769669813,,0.18126476133817027,0.14541636413193587,0.8088319419919731,0.842006112850456,0.844602800569679,,0.9903837598911377,0.992334229600327,0.8980781494976773,1.0359001248729331,,1.4821249762275194e-05,0.030248500755516255,0.001,,0.962,0.001,,,,,,,,,38.9200386523596,3.55273019701184,-8.86756125973772,-0.100563519597378,0.012982876465418569,1.27313385990915,5.15883518203443,7.158344593213863,9.042334067715228,2.3700778367341666,0.0,0.0,0.22263487123656284,1.0,1.0,,1.0,1.8085997166930323,,1.0805683530539398,1.26632094475558,0.027882748851483872,,0.08056835305393983,0.044386824125930015,0.022321428571428603,,0.044642857142857095,0.022321428571428603,0.5713823529411765,0.43838263386478415,0.5955402298850575,,0.35333333333333333,0.5536417085372655,,0.24119815659731372,7.0,30.0,0.0,0.0,13.0,6797.0,2243.0,1039.0,79.0,2.0,459.1121348657128,0.6364943362635564,0.8002215643544142,0.8323059762923795,,0.9999733643182425,0.9778139959220771,0.972080055995056,0.004684552233775577,0.3375271875717942,,,0.32939653258852103,0.1349924283085882,,2.0264657403180387e-05,0.013603568847489011,0.03138027673375172,0.23035013524363612,,2.7759980295126207e-06,0.003633096621891972,0.5240215355148021,,1.9587527390193722e-05,0.03879440810262241,0.4669984352330566,,1.7115235335172173e-06,0.0034136070790843163,0.39952570658203407,,4.0814039592929554e-05,0.05836012696934078,0.3453953867122467,,0.0001049918094281008,0.010411877905139299,0.13992425006003986,,8.74866490376727e-06,0.004759117960126519,0.37457149413712226,,9.702189289152259e-06,0.002134007305286338,0.34071294270989166,,7.3575456941432835e-06,0.012031207516566207,0.21556569840534048,,6.808634257594584e-06,0.00023231481129633018,0.25689974128704035,,1.4864191289256236e-07,0.002265924203535911,0.8091331720352173,,0.15274783968925476,0.47558796405792236,0.5388857829756826,,0.06636675563332775,0.20005053660171793,0.1584400205295732,,0.09574698923209163,0.10280563914980198,0.6983948945999146,,0.3127763271331787,0.33005958795547485,0.5729436054290387,,0.07195599024406295,0.20547098533605562,0.16845350067541295,,0.10381055028736424,0.10559119876927835,0.0037648585537359996,0.0,0.003141941079536611
C_rnaseq_only,strict,22_tmm,False,ok,822.9,0.05252907998776538,,0.2561486043567322,0.0036797627252258803,0.9474709200122347,,0.7438513956432677,0.9963202372747741,0.007415781156181089,0.07629881356807386,,0.20459298597761735,0.5037078905780905,0.5381494067840369,,0.6022964929888087,43.83512845120229,45.28701383462141,45.340805562858726,,46.45474344967797,46.185697456875516,49.20190001366863,31.03389092240185,38.620671490381824,38.63046102331892,41.934327187064646,37.58834696298492,35.35226851404678,39.58222209787373,0.0,0.0,1.3793536047041997,1.1860171639578556,,1.0190522533748196,0.7346647646219686,,0.8866995073891626,0.6707317073170732,0.16061616675134058,,0.1976682890444797,0.1466283750658242,0.7079685179193462,0.8527979263860572,0.8520020882682191,,0.8091390495720301,0.7654375804772869,0.8044856415479386,5.2254337903251855,,1.0544618890644804,1.277675262630429,0.001,,0.001,0.001,,,,,,,,,10.911896671416851,7.887273253547998,6.437871410530034,6.437871410530037,6.437871410530037,7.038890249586635,8.267020992350417,8.661334124421597,8.977249376553067,0.7605271474700915,0.9333333333333333,0.0,0.0,1.0,1.0,,1.0,1.6884363115433916,,1.0413401463578842,1.1864228438784394,0.023739183156668675,,0.04134014635788419,0.031070473979739905,0.0,,0.022321428571428603,0.0,0.5236176470588235,0.40393962215246265,0.5517333333333333,,0.7238,0.5313156563251599,,0.3766962913389171,7.0,30.0,28.0,0.0,13.0,6797.0,2243.0,1039.0,79.0,2.0,459.1121348657128,0.44807070201386734,0.7509065632222448,0.7836679023580381,,0.7682820667840691,0.6914631839933834,0.9068178961700306,0.009829750708734052,0.030912813319351876,,0.02668349433625634,0.40966478239600396,0.18762497370811348,,0.08728007263921791,0.15277641995736357,0.08404306794521257,0.11433829007924957,,3.65637284885169e-05,0.03929868558884877,0.8798013561239115,,0.7542526880483525,0.8179821022766016,0.7538824621840188,,0.0037167156138836637,0.017530112104472174,0.8177426214789881,,0.04081511465717749,0.38352168077721704,0.119436585937966,,0.0005335087486550645,0.050412497409158895,0.15686584302589343,,0.04486512564261986,0.05070870325557561,0.31553788595301807,,0.0004510675598142244,0.02515782894903372,0.2838316004026813,,0.0026461697638493014,0.05157757429485774,0.22694492248920034,,0.0054382464062403355,0.033213288458253595,0.4282662562851125,,0.020045526223098235,0.05836172645961653,0.8558242321014404,,0.5427297353744507,0.7643096446990967,0.5003585750379028,,0.05097932599394677,0.1571749938054315,0.14711247801601535,,0.07354762079932883,0.0807719687785871,0.964533805847168,,0.6019776463508606,0.76011061668396,0.5168198442088048,,0.051444173934062046,0.17380135271202057,0.15195232331862973,,0.0742182546173006,0.08931622706032775,0.0,0.0,0.0
C_rnaseq_only,strict,23_vst,False,ok,779.9,0.05065873880115496,,0.259181127796838,-0.005702496849098193,0.949341261198845,,0.740818872203162,0.9942975031509018,0.03454738510413305,0.11167789294199508,,0.2299340127909394,0.5172736925520666,0.5558389464709975,,0.6149670063954698,50.18736007024743,53.082373593677154,53.16932433994342,,53.020047061986325,52.64220022984268,56.9116665962319,35.920867699114986,43.11396939453829,43.12229005461872,48.068989352350165,43.30898548449468,40.9886504476237,45.20711144019913,0.31110709676458154,0.14575041955332357,1.386070825034025,1.1864890123203151,,1.0199826790867028,0.7305516265912305,,0.89,0.6850605652759085,0.16113585233486058,,0.20372339034784268,0.15188635715201887,0.7157353494751749,0.8122087705526747,0.8110370141044492,,0.8168417020426568,0.77862722812994,0.7943382111953873,2.9027150043399845,,0.7989817440213772,0.9904401386782304,0.001,,0.001,0.001,,,,,,,,,6.32533493782932,2.243621695760659,0.3928016098857178,0.3928016098857178,0.3928016098857178,1.3567176262758591,2.4348174239581963,2.8033233389985583,3.129398595868462,0.8269901646141684,1.0,1.0,0.1904154300588016,1.0,1.0,,1.0,1.6890727987095582,,1.0395675487049596,1.1935789385501678,0.023761130989984766,,0.0395675487049596,0.03226315642502797,0.0,,0.017857142857142905,0.0,0.5283235294117647,0.4009550107289181,0.5638367816091954,,0.7223333333333334,0.5325296829713507,,0.374965717112099,7.0,30.0,30.0,30.0,13.0,6797.0,2243.0,1039.0,79.0,2.0,459.1121348657128,0.45553932847154355,0.7156759712810187,0.7576412003999746,,0.7766547927899439,0.7037003802745204,0.899283056699391,0.039694421214078526,0.19638283390320296,,0.16805582535448393,0.4243744783117811,0.18985268647209455,,0.08781040797849196,0.15664178527093858,0.0831955137514881,0.43671453883335165,,0.01988059256350161,0.05224960156086979,0.7339465685034192,,0.6040037717919866,0.6338871017186634,0.761233521976511,,0.15983075668289687,0.2552403115074513,0.8726260896301743,,0.03803596985224568,0.36181570013621617,0.19453886332137432,,1.6767552835489164e-07,0.015861252541925323,0.2207221241409263,,0.03987192093655063,0.043011691970915374,0.21254314937002255,,0.0006245168281236114,0.02050037827878595,0.3405802230244791,,0.0025374131488584846,0.07459390303714626,0.22509556216410015,,0.011618000806147007,0.08742884137746217,0.24574414215345247,,0.0017009694990807278,0.021829070579950097,0.9645167589187622,,0.5944352149963379,0.7909694910049438,0.48506135189773236,,0.049078100569235235,0.1577661345273914,0.14261487866390285,,0.07080473230748549,0.08107575501570954,0.7683502435684204,,0.42110779881477356,0.5567073822021484,0.5044922026819169,,0.052104552481448844,0.18267808667644075,0.14832782284319324,,0.07517097947272498,0.09387796593030055,0.0,0.0,0.0
C_rnaseq_only,strict,25_angel,False,ok,768.6,0.043280629423773566,,0.1053335136535593,-0.045416121802181755,0.9567193705762265,,0.8946664863464407,0.9545838781978182,0.1072302164998425,0.1597601813107285,,0.1699647432151191,0.5536151082499212,0.5798800906553643,,0.5849823716075595,10.039720722278462,10.568901130865903,10.587359619951046,,10.0973619403668,10.08501685895254,10.49334249528764,8.032607453432941,8.925966543102719,8.923320322301853,9.74169301752682,9.399748821421154,9.210152002584712,9.498426303300434,1.0,1.0,1.3681813284468392,1.157727903975311,,1.019663780701364,0.7417739628040058,,0.8872340425531915,0.6864197530864198,0.16510545782175018,,0.20274968370371294,0.15107036027048018,0.8000827588369394,0.8445501034194479,0.8428277344510484,,0.9309113486209939,0.913251026884382,0.9051859602949199,3.80162679413221,,0.033228724701183585,0.21542681363916774,0.001,,0.001,0.001,,,,,,,,,0.9998528979111504,0.3911444542512504,0.0011768167107972,0.0242718446601941,0.0376581347455133,0.1646072374227714,0.6949102677258017,0.9489555751691674,0.9933804060017652,0.2990869177574912,1.0,1.0,1.0,1.0,1.0,,1.0,1.6695039767909576,,1.0475838849692582,1.201502257209273,0.0230863440272744,,0.04758388496925825,0.033583709534878846,0.0,,0.008928571428571397,0.004464285714285698,0.5929117647058824,0.4424928291025008,0.6035287356321839,,0.7444,0.5604615272174636,,0.35649194158424663,7.0,30.0,30.0,30.0,13.0,3582.0,2243.0,1039.0,79.0,2.0,459.1121348657128,0.5407384481058838,0.7478903000123021,0.7649280227620654,,0.9310980083138983,0.862420784498794,0.9165790658083723,0.013756026057027805,0.23735948796875417,,0.19208589014599423,0.436031703897476,0.2026103715581681,,0.08649584338237962,0.14737314006329968,0.081888055813211,0.30918309289293344,,3.5988681200620112e-06,0.053185107423224506,0.8852970783511637,,0.007887938479818602,0.04353972877824072,0.6642918540537462,,0.06522313800969982,0.35937280688036244,0.21877137220168175,,0.0013721946290279328,0.01890487372623819,0.8496124969117744,,0.7559107465247924,0.8047472095567672,0.3071402711158269,,0.02899840061764089,0.055481052275450644,0.38107091880779,,0.0030754384690779672,0.048253303243034305,0.17461766305939744,,0.0002475728898360582,0.04609906697243452,0.3577672353103702,,7.816341326208071e-05,0.0180444534209297,0.2125650562700751,,0.002161241922520349,0.026103798356314798,0.8451704382896423,,0.1763048619031906,0.6681184768676758,0.46726276535894756,,0.05019390839744346,0.17027092661915266,0.1373818431938806,,0.07241450272782658,0.08750194694334401,0.8829421997070312,,0.6348053216934204,0.6686701774597168,0.5106539753352716,,0.05956261019825321,0.1922939218917292,0.1501394709076591,,0.0859306823554223,0.09881952770793795,0.0,0.0,0.0
D_malignant_only,knn,01_raw,False,ok,2228.9,0.40357724253951754,0.1388047440419662,0.10015332483306999,0.15374141330738647,0.5964227574604825,0.8611952559580338,0.8998466751669301,0.8462585866926136,-0.3043959994433592,-0.3265973647866247,0.1388047440419662,-0.23192006953908922,0.3478020002783204,0.33670131760668764,0.5694023720209831,0.38403996523045536,606.5302453236512,617.7221799737868,617.6682267809977,653.6934177106443,613.8292573662712,622.3566637467895,495.48362854472134,115.38133468835365,548.1135646808522,548.0518104852612,377.32936526803405,542.1826041618019,245.48532198303053,578.3512402553721,0.47733800648362906,0.0,1.0716992302605868,1.0754184001586917,1.0048617918389633,1.0037692955326751,0.8170103092783505,0.025,0.8205128205128205,0.7788697788697788,0.18163858252954707,0.0072250000000000005,0.18257134013610832,0.17201682256679596,0.19023179071108795,0.8873140425427358,0.8872915696853225,0.5772268085389501,0.8832791817192287,0.3944447553676521,1.1672459127540504,271.91827073532016,2.281550252539178,0.11423458985829531,5.018914791139103,0.001,0.001,0.001,0.001,,,,,,,,,23.961079934831595,4.56661307646586,-3.099381274430085,-0.2591078854569465,0.0,2.331035841819812,8.30124247111812,13.526,16.259795550052445,4.288368289561866,0.35555555555555557,0.022222222222222223,0.16341218472294183,0.5458333333333334,0.6366666666666667,0.8143939393939393,0.5263157894736842,1.2095826934414284,1.0048617918389633,1.0290544926793452,1.047179777798871,0.004763243032759737,0.0004861791838963292,0.029054492679345234,0.0026210987666039414,0.0,0.0,0.0079617834394905,0.0,0.7858055555555555,0.5858923218100147,0.9272767676767677,0.9908727272727272,0.9719590643274854,0.8328099759801724,0.8267885480424633,0.8219992853653122,19.0,45.0,16.0,1.0,4.0,15818.0,6285.0,982.0,125.0,11.0,380.9738368018011,0.017068392348223105,0.9477607998963639,0.9464296331274724,0.33173966778926156,0.9007292881709259,0.18577740647186802,0.9989027778774631,0.5341619434727755,0.6433636799757506,0.4797763324249698,0.6019172129276394,0.8870379332966414,0.08019816815667115,0.44847378734723975,0.07025635025723963,0.6637171964864865,0.002331734645528371,0.9529254055940463,0.8245838904794803,0.007818232869502376,0.8400492518304171,0.9973574651111624,0.7388400710614326,0.0981142405085241,0.8557895554533382,0.9866925189841301,0.28393508850034405,0.14414004918409623,0.6268189401673708,0.9874452336636971,0.5344745977273591,0.1155044661940624,0.7702092222512634,0.9668763364117294,0.5375901298907605,3.6719239790949485e-05,0.8318196042147118,0.9530351504570882,0.14197478061601226,0.28393594460804583,0.8552564253943857,0.9195554999420752,0.566632988544611,0.04458718188952037,0.7041604798204115,0.8876125862858677,0.3972512362318389,0.005057014436874984,0.45277671150845145,0.9695678117321734,0.4326411607153819,0.0031510061744178196,0.6389503615773462,0.24931132478444365,0.026813929705176896,0.0002186474675613247,0.061341412647168386,1.0005944967269897,0.9674370288848877,0.2727612555027008,1.0714805126190186,0.15998682348584434,0.0043664910070910345,0.03487690633953181,0.04718289465483101,0.04202810832738086,0.0018209681868196397,0.0503167398175914,0.01602440906015594,0.8510642051696777,0.891851544380188,0.1553187072277069,0.8152374029159546,0.16651436768413946,0.0043664910070910345,0.037445411312355306,0.050010820253295334,0.04374287663579714,0.0018209681868196397,0.054022309204382495,0.016984838404582325,0.11486913642685548,0.0,0.029999779713815053
D_malignant_only,knn,02_median_scaling,False,ok,1649.4,0.07076727589428644,-0.36378463275451034,0.023997606102652922,-0.30252295200707613,0.9292327241057136,0.6362153672454897,0.9760023938973471,0.6974770479929239,-0.39296200463152503,-0.4329770484938981,-0.36378463275451034,-0.40811415690560277,0.3035189976842375,0.2835114757530509,0.31810768362274483,0.2959429215471986,275.037279207795,267.0441680949962,266.9004668821166,254.56260677574127,269.2554372631,268.47393907993234,191.1510951423068,115.37848925581841,264.809284645503,264.91461114171875,295.4909595637013,262.280735068913,245.48532198303573,266.0687025031986,0.03188064230623341,6.638007333417625e-05,1.2122006954396667,1.2151274263137894,1.629300578858978,1.0044718987403365,0.7528809218950064,0.7255216693418941,0.7910122164048866,0.7359180687637161,0.1595972863467231,0.15299140756489782,0.17214712406376662,0.1563591129210114,0.41950127483863064,0.9916310344261171,0.9925595643814481,1.160779123479106,0.9740963366790926,0.9143730032952947,1.3919287373431877,34.23023121717973,0.08650487806952992,0.016433938637535665,0.31015341122829704,0.001,0.001,0.001,0.001,,,,,,,,,37.06150317942544,4.652790386654389,-7.44878180699776,1.226252010896767,1.9863596870077915,2.556810686068127,6.741468724581234,10.467263292307605,16.66293023519829,3.1278076357916826,0.022222222222222223,0.0,0.007095347606067547,0.65625,0.725,0.8264462809917354,0.55,1.8642912910126979,1.629300578858978,1.1744971296714688,1.6974764057462122,0.019642983886652223,0.06293005788589781,0.1744971296714688,0.0387486892081229,0.0015923566878981443,0.004777070063694322,0.08757961783439494,0.0,0.7858055555555555,0.5858923218100147,0.8271646464646465,0.7228909090909091,0.6545263157894737,0.6507348684919023,0.27604177598126395,0.32232490871008856,19.0,45.0,1.0,0.0,4.0,15818.0,6285.0,982.0,125.0,11.0,380.9738368018011,0.11248099888692076,0.9710817632283132,0.9707951504124415,0.9256213660199557,0.9846780535341505,0.786883489386068,0.9999056681364196,0.08232280821890957,0.3567479483727335,0.07673883044621758,0.11722074352995052,0.7123927580075073,0.04304530750777512,0.05582654343642712,0.021533009539453068,0.1499365832753096,5.677078722392512e-05,0.758314686141124,0.10861112598250927,0.03414512686156634,0.18195368356640154,0.9844083252886671,0.08497953222865179,0.014497876313101047,0.24233591978421662,0.7926486789798751,0.004607068526960616,0.039535447791630804,0.1583157726659368,0.8058470991179825,0.08405462973936467,0.010455849085831493,0.17424610372620689,0.7323320170529558,0.07735757091323205,0.014357026845733267,0.13923569072932432,0.8877590787051862,0.07316009585744798,0.0016258428336145192,0.188432925908124,0.21281869050164412,0.015035924637474309,0.004447573107046534,0.05416696743109574,0.8220327880939713,0.046171245202235235,0.010497638463946073,0.13724025125625863,0.8578680680712948,0.039175995874254216,0.0797576266114876,0.19564887629498268,0.2698981481223724,0.025112245402141114,0.006010087480573035,0.027789641390548653,0.9885917901992798,0.3133537769317627,0.15764662623405457,0.3647844195365906,0.3774884002784772,0.2322994697604827,0.09000125116506436,0.2750521880485467,0.09916518769208076,0.09687640340079849,0.1298443587296404,0.09341412404695612,1.0315008163452148,0.27516311407089233,0.038324322551488876,0.31563007831573486,0.48981346670565834,0.3300575888601693,0.11168635911987031,0.37797242020824356,0.1286726806019548,0.13764470559007708,0.16112935643718074,0.12836823003723655,1.346520073719281e-07,0.0,2.0117459812607872e-08
D_malignant_only,knn,03_limma,False,ok,1687.0,0.16433224484244036,-0.29856166650194255,0.05236537916057338,-0.23611100255749445,0.8356677551575596,0.7014383334980574,0.9476346208394266,0.7638889974425056,-0.1591683345023883,-0.39044808309528695,-0.29856166650194255,-0.33937225547249783,0.42041583274880584,0.3047759584523565,0.3507191667490287,0.3303138722637511,273.8865199133779,283.64055489833765,283.5120008799606,255.28812611122788,270.2085177271158,267.24544091680417,195.12785016705058,115.37826544553114,250.4070288485441,250.45524425121525,289.60807438441617,259.1580763765527,245.48532198303857,264.9644353573367,0.005652078005593192,0.0,1.2026403452596708,1.207878840828349,1.5267421295792498,1.0063184129131841,0.7701192250372578,0.7462756052141527,0.7810894141829393,0.7539445628997867,0.16576778349397983,0.1577521255566515,0.16661603916085385,0.16131853486004988,0.42126303069615045,0.8828322485065468,0.8834026195499863,1.134436132208653,0.9591040229097331,0.9185762763281724,1.3579016789786718,31.232291634975486,4.640770434596463e-29,7.659691159121629e-30,5.163462869603425e-29,0.001,1.0,1.0,1.0,,,,,,,,,30.17560968333229,5.426531913961898,-4.475524271271182,2.05805911082975,2.6761427537750313,3.684933714602448,7.543626574790691,10.729714562023368,14.379074685077695,2.7253480363521376,0.022222222222222223,0.0,0.000911662926327951,0.59375,0.675,0.8112947658402203,0.55,1.7520098302369864,1.5267421295792498,1.1525439493041254,1.577312388149488,0.017091132505386054,0.05267421295792498,0.1525439493041254,0.03207291045274933,0.0,0.0,0.06210191082802552,0.0,0.7858055555555555,0.5858923218100147,0.8482858585858586,0.7474181818181819,0.6905672514619883,0.6823854591411747,0.3081922969361995,0.3712691805132822,19.0,45.0,1.0,0.0,4.0,15818.0,6285.0,982.0,125.0,11.0,380.9738368018011,0.1360021920068024,0.9353959346769272,0.9351999760323279,1.0,1.0,1.0,0.9999944893569696,0.06782606817896786,0.22548307188915426,1.548540381291854e-15,1.5911081326811574e-15,0.6296627054959465,0.04799878070915939,2.992686122396548e-29,3.856562003063113e-30,3.1886751712975483e-29,1.3809350738672832e-05,0.26963611855543235,2.943604676229851e-29,3.48506636688783e-30,3.0342208092392066e-29,0.9805034957978548,4.9599834766481995e-29,8.168744872327213e-30,5.139276498688705e-29,0.8178468238126271,2.9846089644268133e-29,6.419318077069376e-30,3.262500940809786e-29,0.6717192410087477,1.2573017581044527e-28,1.598688734706747e-29,1.323575282927595e-28,0.7127331929982368,3.8477132827956144e-29,2.2060022618388217e-30,4.200450855099083e-29,0.3455682241976844,9.254624788333597e-30,4.041177807162556e-31,1.0301279996842126e-29,0.7041155415124721,7.49051115337389e-32,2.284437461988593e-34,1.0413336533480357e-31,0.7830711654905413,4.8032459055040904e-30,3.635242348117643e-32,7.427944165198093e-30,0.8240907904206904,1.6763384553787114e-30,3.569907231388264e-31,1.8641748602434355e-30,0.18734246116517708,1.0370218167454626e-29,1.5019117343579557e-30,1.0447965411009046e-29,0.9557943344116211,0.23861807584762573,0.1620272397994995,0.25608548521995544,0.34952266361211504,0.2023218662460642,0.07910594216387629,0.24529265493549432,0.09181866386930562,0.08437477171801266,0.11412575046467348,0.08330709404103044,0.9961364269256592,0.5063400268554688,0.19613546133041382,0.6521560549736023,0.38495536901735783,0.22732829762262893,0.08297001047863488,0.27471352494688633,0.10112674030120927,0.09480326359596775,0.11970042266003188,0.09329910617630008,0.0,0.0,0.0
D_malignant_only,knn,04_sva,False,ok,1923.9,0.29022838398895046,0.014003181674632131,0.0674022337116985,0.11706875184788124,0.7097716160110495,0.9859968183253679,0.9325977662883015,0.8829312481521188,-0.12034074707198286,-0.21701298105192865,0.014003181674632131,-0.20472327740480417,0.4398296264640086,0.39149350947403566,0.5070015908373161,0.3976383612975979,373.40335985336355,429.7425279519916,429.66947540182406,368.73278555247543,374.5955048808602,376.30843164191305,296.7039216324392,136.17588153226058,306.82062489107034,306.6947752264851,335.4992886318557,344.6582985832808,234.5618434127835,359.885238157109,0.9713789813676019,0.0,1.1094296572954614,1.1121254802182985,1.0148771527034768,1.0034763625223344,0.7865497076023392,0.39690721649484534,0.7893961708394698,0.7298728813559322,0.17330006570623988,0.08540480343257599,0.17913898331142408,0.161818554495093,0.3646884205480561,0.7139638386577059,0.7137923282534002,0.9098710550763048,0.9200812452164878,0.6233233796791124,1.2129439886640248,6.353001303612517,0.3072080751386998,0.03346699438129174,1.179566913868186,0.001,0.001,0.001,0.001,,,,,,,,,23.77623499238609,4.769582326969139,-13.07946928189619,0.9120154957896401,2.0714940432756226,2.9529354270654586,7.3906740795362715,11.260470383991146,14.738072098684409,3.0785093494179967,0.3111111111111111,0.0,0.011179674767062447,0.5714285714285714,0.6571428571428571,0.8311688311688311,0.5384615384615384,1.2412245416308518,1.0148771527034768,1.0289247636867356,1.0607296881837305,0.0054823759461557235,0.0014877152703476782,0.028924763686735577,0.0033738715657628043,0.0,0.0,0.006369426751592355,0.0,0.7931388888888888,0.5520559421268647,0.8991737373737374,0.9869454545454546,0.962812865497076,0.7293358175303034,0.7013362372056592,0.7115732609426701,19.0,45.0,14.0,0.0,4.0,15818.0,6285.0,982.0,125.0,11.0,380.9738368018011,0.15274488581730494,0.8689476664986664,0.8679628389980312,0.7043025193782997,0.9584942660713253,0.43758449491775286,0.9993998682437716,0.492584978484727,0.4129405765387765,0.38351052989173784,0.5582628796321686,0.8522323439769284,0.08219251147763038,0.41113359569575786,0.053641895968213595,0.6358414961027379,0.002524104328595615,0.3364268598119957,0.07644915705874884,0.0020875672958824295,0.1221418146828362,0.891071334937587,0.2064741650698672,0.03861850640160898,0.5402020818153107,0.7815559034782398,0.3219223053318919,0.013393020860402836,0.5442119794442406,0.9771103547859391,0.9282469149766509,0.11618264408826702,0.9388875777469186,0.9344583080626591,0.21888431830166813,0.011248520273052825,0.6721001424078036,0.9144012755505155,0.18313235790912982,0.27725714340327934,0.8192113987365003,0.948406486273627,0.6452474599337715,0.04373997095283147,0.6953257592043144,0.8892619795022906,0.26528116808363944,0.029282145598989527,0.4387233669034602,0.9476195554701056,0.5026513926949172,0.0010487257387772086,0.7636764322530618,0.9020113818963251,0.763046717597294,0.003560715069044373,0.8239344078329316,0.9875597357749939,1.0965380668640137,0.13354724645614624,1.0215092897415161,0.18077872851188476,0.005618853551198024,0.03420418392328238,0.05129696219262844,0.04749008586857731,0.0023432439335187307,0.0493462065237735,0.017421642138140157,0.9316632747650146,0.9312870502471924,0.15324333310127258,0.9211145043373108,0.2003748564756178,0.01022893121185771,0.03966759593214042,0.05998578788846149,0.05263793599093355,0.004265795644995135,0.0572282439352862,0.02037256954988527,0.0,0.0,0.0
D_malignant_only,knn,05_combat,False,ok,1701.9,0.16764808552920168,-0.11614076183968533,0.035800025494482336,-0.1425995776996653,0.8323519144707983,0.8838592381603146,0.9641999745055176,0.8574004223003346,-0.04698219553347522,-0.12438829418794273,-0.11614076183968533,-0.13443047663946311,0.47650890223326237,0.43780585290602864,0.4419296190801573,0.43278476168026847,329.6557328688041,346.10982372581924,345.94717877990985,333.30421471600073,328.62900644960393,328.0726487821234,293.89799088236526,212.60258113753403,305.3482522538571,305.4111467301326,295.16512567042275,317.0885495829636,283.7729686450016,322.9772296546553,0.04537472613118645,0.00019834998103426476,1.0294699161975625,1.0318965652435608,1.1744135941091396,1.002292845533222,0.7877094972067039,0.7564344005021971,0.7912011173184358,0.7850799289520426,0.17065917707439032,0.1627850042519307,0.1704340504160918,0.16986825984340462,0.6449230513523189,0.882229371494949,0.8828259499246672,0.8855727369722125,0.9648830242000865,0.8649699074227254,1.0989433057537612,5.804956381895639,0.05607467995567811,0.002599073423001166,0.09961905391251075,0.001,0.001,0.001,0.001,,,,,,,,,45.926662995796775,5.0109656285526025,-69.34444974738743,0.04315796477376649,2.1119367472011197,3.172482335950346,7.352863631266912,10.724197155023056,13.257383107519859,2.85640525736496,0.044444444444444446,0.0,0.01833095897013895,0.675,0.74,0.8112947658402203,0.6,1.3827734691467464,1.1744135941091396,1.0857834073468982,1.234879046259645,0.008699397026062417,0.01744135941091396,0.08578340734689816,0.013048835903313615,0.0,0.0031847133757961776,0.035031847133757954,0.0,0.79925,0.5859661363288106,0.8320919191919192,0.7145272727272727,0.7066549707602339,0.6313818489915666,0.3186255351003535,0.36851769176085325,19.0,45.0,2.0,0.0,4.0,15818.0,6285.0,982.0,125.0,11.0,380.9738368018011,0.3094088945338983,0.8382227151667605,0.8381279258574547,0.9093475561537036,0.9865638858822509,0.8801010704968181,0.9990706214670193,0.10436373258978722,0.24775532710673906,0.10298848745725252,0.11319235598347503,0.5795454311741108,0.08895536981775068,0.11711390025684039,0.020753130361760408,0.13693657090188213,0.0006006916541401914,0.4116234699750436,0.0027087385170343017,0.0003612226627696748,0.005073509921099007,0.9003998902217817,0.05800435228610323,0.002530288201908725,0.10175133199409497,0.6001542839753995,0.026889659561718654,0.0029237174181921013,0.031006214494285738,0.9199172953879566,0.3616404173549293,0.09980983254838456,0.4293733380536893,0.9378978750213091,0.6661095918496682,0.09886339598272247,0.7132929751308927,0.27773855932835273,0.006524504164392283,8.04918677375523e-06,0.010939002934785388,0.41409349870723694,0.01022041863288125,2.882705508424425e-05,0.015823469665512593,0.5700330375678883,0.01058005503199966,0.001196996596998238,0.016436014395215394,0.24958264622839482,0.005005437392062785,0.0007169315839499474,0.008065017934291253,0.5140137553277455,0.023455827777614336,0.0010920423808203786,0.03760483449495487,0.9075830578804016,0.5701954364776611,0.14121589064598083,0.5363523364067078,0.23437420337440854,0.10008832243455962,0.05735389304599427,0.13500298404490108,0.061569472997473396,0.04174007245852544,0.08274417707313193,0.04585015515693245,0.9259313344955444,0.5482638478279114,0.31391045451164246,0.5484716892242432,0.2645979872357268,0.1230466552849527,0.07209539446122092,0.16005711587417087,0.06950917974650589,0.0513144409102387,0.10401166806013706,0.05435912138328044,0.020825430943650695,0.0,0.005447003418861708
D_malignant_only,knn,06_combat_seq,False,ok,1819.7,0.3435574996311689,-0.018041274446501766,0.07177802984713219,-0.032267312564816845,0.6564425003688311,0.9819587255534983,0.9282219701528678,0.9677326874351831,-0.2694496338838874,-0.3103854578045625,-0.018041274446501766,-0.1828356514031908,0.3652751830580563,0.34480727109771875,0.49097936277674914,0.4085821742984046,611.0879964691975,612.8833693091703,612.8411650375939,653.5984579229747,611.7260063025512,623.6429479319863,508.7402323481044,130.97935684172666,560.8731771906395,560.8284653863271,396.56692718899086,554.6889250561024,280.02744507843136,583.5175391410244,0.44411410703060966,0.0,1.0627185923552982,1.0656430933946088,1.0210703369871703,1.0035857779484818,0.7936102236421725,0.6253968253968254,0.8396551724137931,0.7816826411075612,0.17567160281274574,0.13170559269994367,0.1871703051167267,0.17231538796919407,0.2143379637605577,0.9151385161957393,0.9151285804241364,0.6067439761856438,0.9067604112645179,0.4490188592799911,1.1469852432306822,163.4502638880844,2.0024566344749624,0.09305258067328726,3.731053696082588,0.001,0.001,0.001,0.001,,,,,,,,,37.0,4.0,0.0,0.0,0.0,2.0,8.0,15.0,19.0,4.632413648020923,0.1111111111111111,0.08888888888888889,0.13909322360466053,0.5625,0.65,0.8106060606060606,0.5294117647058824,1.2221769403057086,1.0210703369871703,1.0224671783339918,1.055586639221616,0.005049475916038831,0.002107033698717031,0.02246717833399181,0.003088146623423111,0.0,0.0015923566878981443,0.004777070063694322,0.0,0.6339722222222223,0.46423737612834387,0.850010101010101,0.9584,0.927625730994152,0.7577371580063278,0.7715327978893375,0.7585176691674028,19.0,45.0,5.0,4.0,4.0,15818.0,6285.0,982.0,125.0,11.0,380.9738368018011,0.03126966008942933,0.9368063236133608,0.9351797116057413,0.3725194933767577,0.9187991332122246,0.2502014548657677,0.9987619448890283,0.4752651014056857,0.5780010116970237,0.4174291194263295,0.5241232469808723,0.8107163093715636,0.08983260580479388,0.21479231217187214,0.05246452412842741,0.3768905176684605,0.0013959982955118707,0.8670762887414567,0.06069976143687929,0.15952170979054564,0.5747030273268421,0.9953185013421464,0.684333469777107,0.08800418942437196,0.809701144072685,0.9565145373784908,0.2020020725825298,0.008329658102570373,0.2254222142508403,0.9577440889715763,0.38081659686418096,0.09768279293036042,0.6136655969691293,0.7749351323615064,0.3555802947786176,0.006350193621213309,0.4112342719519094,0.8634576394450432,0.07175466657496435,0.00480144237248636,0.3465866655062436,0.8711530186484081,0.06176967631910822,0.014433640811686957,0.07988104398450666,0.2723931623234393,0.03526036030065133,0.004860050040309007,0.07283329347311739,0.8063924303452403,0.13148466941273732,0.1085603320233274,0.24605556638714762,0.7421782941583285,0.1642215536719454,0.03210123216740268,0.3888223527621837,1.056936502456665,0.8301533460617065,0.17063936591148376,0.9349968433380127,0.1530179975889711,0.005704582728658389,0.023182717223239505,0.03782358714660243,0.040197416503348495,0.0023789957774098605,0.0334455911722988,0.012845770421538893,1.0147725343704224,0.9195720553398132,0.04228711500763893,0.9062052965164185,0.16167987687678212,0.006214835894895287,0.025312649645339934,0.044060602933260876,0.04247286890058312,0.0025917878755574277,0.0365184341150917,0.014964006129865278,0.44411410703060966,0.0,0.13909322360466053
D_malignant_only,knn,07_pycombat,False,ok,1640.4,0.14970366964183832,-0.2947900434125952,0.0283233462841114,-0.24673252892364944,0.8502963303581617,0.7052099565874048,0.9716766537158886,0.7532674710763505,-0.0758161250768399,-0.3380377220166961,-0.2947900434125952,-0.3034665648415354,0.46209193746158006,0.33098113899165194,0.3526049782937024,0.34826671757923233,188.36244425219502,191.81349448275444,191.7221749674932,177.70711270192245,184.04136849070142,183.84693979459968,136.44816629834878,89.58631729226343,175.71002821790304,175.75533247090738,195.68124732072047,181.2149697349975,173.4918673432287,182.81391935391895,0.001027310658743204,0.0,1.1800516060751416,1.1837225060756127,1.428294146589989,1.0050262770255058,0.773591943304737,0.7635201573254671,0.8259281801582471,0.761604326273096,0.16692469632811163,0.16203457560163445,0.17844968630289454,0.16325306084430963,0.4756060458225842,0.9160462286124544,0.9167188537304408,1.1011447113484252,0.984642589984617,0.9436755789193988,1.339804882054551,16.694619907220034,7.454328356031016e-05,5.865155506903121e-06,0.00016963904613745442,0.001,1.0,0.956,1.0,,,,,,,,,34.046120331364776,5.252810756922317,-19.912044787299465,2.1348350617832117,2.476102312097683,3.296394611508439,7.148497194687588,9.77725680935487,12.060820523684312,2.4237608713409635,0.022222222222222223,0.0,0.0003099295858730369,0.6190476190476191,0.6952380952380952,0.813131313131313,0.5714285714285714,1.6410523693716994,1.428294146589989,1.1071445540535918,1.477213284314755,0.014569372031174987,0.0428294146589989,0.1071445540535918,0.026511849128597498,0.0015923566878981443,0.0,0.0366242038216561,0.0,0.7858055555555555,0.5858923218100147,0.8811969696969697,0.8522727272727273,0.8191812865497076,0.7005286220668733,0.3573809213626069,0.4202863416468251,19.0,45.0,1.0,0.0,4.0,15818.0,6285.0,982.0,125.0,11.0,380.9738368018011,0.17708620447674617,0.9307761483173208,0.9305614909156115,0.9999101637113397,0.9999951489966105,0.999805502788923,0.9999718031061549,0.040245178069002935,0.15327870925307716,0.00529070481565864,0.009025937158309917,0.6573623702294457,0.05657673394320747,0.00013066517175806136,5.68960223148349e-06,0.00026664326698876974,3.5013820365769665e-05,0.3589064087919702,0.0001887732874760198,5.329079888924252e-06,0.00028624338763315175,0.9704813109017112,1.6487400710173007e-05,4.205046218233381e-07,4.681150902051982e-05,0.7651874274456997,0.0004579426251713798,4.182517079500185e-05,0.000980659075363864,0.9063486017871994,6.762946476421867e-05,7.939226536936927e-07,0.0001327957385577769,0.8386854818365541,5.401110149436708e-05,9.854773056204133e-09,0.00023804687469827253,0.33908061903258835,2.8621896853343628e-05,2.561348774538443e-06,0.00015430567676841882,0.6757656039298773,0.00011065239098763522,4.2370388716177565e-07,0.00018730836658278178,0.6805082776688838,0.00024401203690346108,2.571905399533582e-06,0.00040793132590605924,0.668962848608544,7.83866080581516e-05,1.6967501154236746e-06,0.00013119548413039112,0.3696971222914292,6.013490516186373e-05,1.2637814056780817e-06,0.00010113523122646125,0.9158229827880859,0.16124874353408813,0.14917704463005066,0.23069506883621216,0.3046890945127007,0.16996474287336807,0.0635415645385011,0.20445039516371744,0.08004100582373526,0.07088080317828781,0.09167110005002155,0.0694361121457496,0.9503012299537659,0.4184495210647583,0.2423204630613327,0.46816229820251465,0.34761884486404,0.20472020786754674,0.06582538579508988,0.24127333780339488,0.09131853580352853,0.08537495785987183,0.09496595765117899,0.08194204040584277,0.0,0.0,0.0
D_malignant_only,knn,08_inmoose_combatseq,False,ok,1709.5,0.34355744818236866,-0.0180409407142484,0.0717780276061333,-0.03226704502093277,0.6564425518176313,0.9819590592857516,0.9282219723938667,0.9677329549790672,-0.2694496290363063,-0.3103855031528481,-0.0180409407142484,-0.1828357295003736,0.36527518548184684,0.34480724842357596,0.4909795296428758,0.4085821352498132,611.0879960229199,612.8833682764591,612.8411640068953,653.5984570633285,611.726004920222,623.642947382998,508.7402360992243,130.9793695890468,560.8731785288718,560.8284667265305,396.5669306359605,554.6889270789505,280.02745191249124,583.5175394468419,0.44411410703060966,0.0,1.0627440256790845,1.0656685267183952,1.0210703369871703,1.0035857779484818,0.7942492012779553,0.6253968253968254,0.8413793103448276,0.7827476038338658,0.1757924113533567,0.1316754223261791,0.18754579553861828,0.17253719923326358,0.21433798477712887,0.9151385199212543,0.9151285841501019,0.6067439822574984,0.90676041662033,0.4490188706335484,1.1469852353746854,163.45038359839617,2.002456764530215,0.09305257572496138,3.7310537607781398,0.001,0.001,0.001,0.001,,,,,,,,,37.0,4.0,0.0,0.0,0.0,2.0,8.0,15.0,19.0,4.632413641615683,0.1111111111111111,0.08888888888888889,0.13909322360466053,0.5625,0.65,0.8106060606060606,0.5294117647058824,1.22214784017785,1.0210703369871703,1.022455523859967,1.0555749847475915,0.005048814549496592,0.002107033698717031,0.022455523859967075,0.0030874991526439713,0.0,0.0015923566878981443,0.004777070063694322,0.0,0.6339722222222223,0.46423740651978573,0.850010101010101,0.9584,0.927625730994152,0.7577371683899299,0.771532779145195,0.7585176543622691,19.0,45.0,5.0,4.0,4.0,15818.0,6285.0,982.0,125.0,11.0,380.9738368018011,0.03126957027119748,0.9368063252944402,0.9351797133866973,0.3725194173386682,0.9187991318051045,0.25020138218358956,0.9987619450207521,0.4752651014056857,0.5780010540736835,0.4174291626775467,0.5241232753884792,0.8107166285420577,0.08983261763532988,0.21479271201312722,0.05246450807397762,0.3768907311485007,0.0013960011654394178,0.8670751979620847,0.060700264156655616,0.15952165728773854,0.574702592878646,0.9953185014482696,0.6843334780895249,0.0880041851454094,0.8097011429450692,0.956514648705598,0.20200214377441456,0.008329640009350268,0.2254221953201546,0.9577444304796875,0.38081700493366677,0.09768288693833614,0.6136659650241145,0.7749365001605601,0.355580969828008,0.006350117098825967,0.4112352622416074,0.8634581439827039,0.07175508926376083,0.0048015715213412784,0.3465878203116076,0.8711529428651352,0.06176998527126147,0.014433540786262297,0.07988084441771198,0.2723943635013628,0.03526070796813479,0.0048600338924985765,0.07283419442994192,0.8063933153359131,0.13148623934130713,0.10856042024518607,0.2460565601552428,0.7421782409792623,0.16422123750453826,0.03210102781482758,0.38882073376091064,1.050217628479004,0.8335883617401123,0.18305715918540955,0.9351510405540466,0.1553710349149122,0.007551248797630085,0.022522221256486456,0.03898656287462207,0.04081555308158847,0.003149115344315139,0.03249269691653701,0.013240744043423519,0.8825808167457581,0.8735871315002441,0.3888433575630188,0.821465015411377,0.16167671583723428,0.007094599030920552,0.023313073715665687,0.04326880770420925,0.04247203850399389,0.0029586776000609383,0.033633655837469724,0.01469509404350383,0.44411410703060966,0.0,0.13909322360466053
D_malignant_only,knn,09_ruv,False,ok,1660.8,0.3073186819900893,0.08401109503509567,0.09798040275561885,0.18843342372121924,0.6926813180099107,0.9159889049649044,0.9020195972443812,0.8115665762787807,-0.15574429934690115,-0.15820273211242147,0.08401109503509567,0.049002330556282885,0.4221278503265494,0.42089863394378924,0.5420055475175478,0.5245011652781414,287.7900785788901,291.97072832194283,291.99027295682396,293.2429123110673,290.6377669813512,290.9383442000616,294.21558858746295,142.87757471150854,269.8926024579131,269.8453076720261,242.6081804309854,268.1097504386836,192.67456288542743,279.31876871339034,0.20596325046418326,0.0,1.091038609622514,1.0948718996884839,1.0057919551154049,1.003554287041318,0.7949172576832151,0.2033898305084746,0.8136482939632546,0.7511261261261262,0.17663985713447816,0.036804880645286385,0.18361817632264593,0.16731769694660067,0.4964645599217293,0.924382399595602,0.9241585513772494,0.8273283692314125,0.9224876492251844,0.6622522150361048,0.9493676730536521,8.56906941654146,0.890400373730224,0.09759346270717825,2.246810054296934,0.001,0.001,0.001,0.001,,,,,,,,,117.0,5.0,0.0,0.0,0.0,3.0,6.0,9.0,11.0,2.553966899029285,0.022222222222222223,0.0,0.059083339896654596,0.59375,0.675,0.8409090909090909,0.55,1.2327944686427872,1.0057919551154049,1.0354649204672903,1.0594726919351136,0.005290783378245164,0.0005791955115404867,0.03546492046729033,0.0033040384408396456,0.0,0.0015923566878981443,0.014331210191082855,0.0,0.6318055555555555,0.3916424036701138,0.7923020202020202,0.912,0.8698713450292398,0.6031782325381078,0.5784510772400224,0.5849930337001003,19.0,45.0,1.0,0.0,4.0,15818.0,6285.0,982.0,125.0,11.0,380.9738368018011,0.18725170987367268,0.9244564780880633,0.9229518448641664,0.6297541726256723,0.9261157027599011,0.41697638556057226,0.99802803927638,0.12895488280719092,0.3883165034351481,0.25943163494398164,0.3121749764224802,0.7814051268691435,0.07510827590766364,0.3058283668732075,0.054305367976881735,0.4731893256427152,0.004726716289884908,0.8958923682944413,0.603304172109209,0.0011440161834785027,0.6236388883602102,0.8775325460965309,0.5357010602740977,0.027712602078767655,0.6917049828639192,0.9503438837697218,0.27350393653094757,0.2757792885848364,0.6929225770907905,0.9063951773938507,0.11871794680539526,0.2268387982162173,0.8648270743806162,0.7701127224625977,0.26426665804862254,0.0005325170092369788,0.32467131874358546,0.9183950496886472,0.6243881821275326,0.0007324487596157042,0.735843071354023,0.8064384671892045,0.23291271606718297,0.0020092283513126787,0.27492282456676786,0.3928611529941285,0.10023469890738346,0.0017055173788471662,0.15754528225246045,0.6305152877450597,0.08576897360484986,2.7893831755558114e-05,0.1252803682484651,0.6655646130572529,0.21948532425685444,0.006571369374749481,0.24053686856631434,1.0376497507095337,0.9711371660232544,0.38004544377326965,1.0123989582061768,0.18433988855792074,0.0031156539040770263,0.03869396893394224,0.05416612310437766,0.048425593036760965,0.0012993285984675316,0.05582359709331008,0.01839607595458198,0.9426065683364868,0.732796311378479,0.19361868500709534,0.8330910801887512,0.19761954264375625,0.0040260848217414805,0.04766089187230394,0.0613175078360383,0.05191412245630421,0.00167900778128771,0.068760132348518,0.02082485263572929,0.20596325046418326,0.0,0.059083339896654596
D_malignant_only,knn,10_mnn,False,ok,1543.1,0.08650690728549233,-0.2774749708202146,0.07182245085780824,-0.08020058205906107,0.9134930927145076,0.7225250291797853,0.9281775491421917,0.9197994179409389,-0.23825797281093045,-0.24613901539938035,-0.2774749708202146,-0.03594239723035098,0.3808710135945348,0.37693049230030984,0.36126251458989267,0.4820288013848245,0.31156691991684377,0.3323134739956282,0.3322091415634418,0.28592818944078663,0.3156011420890661,0.30993314099482544,0.28662082966664565,0.08725926841166654,0.27311032794687273,0.27310198114455037,0.33201090513782683,0.281478034211998,0.2131429054935838,0.2985942379428422,0.0,0.0,1.2286759567713936,1.2296563589149567,1.4960594535160008,1.0033913558429552,0.8442486306263396,0.8344505974934422,0.8559353178978317,0.8359719698935895,0.18610782085732808,0.18370735715764375,0.19032557271001696,0.18522342121791785,0.2800658954261119,0.8218454842142984,0.8220784649672148,1.1611688437826573,0.8918790101607486,0.68770608012243,1.0417743828671566,564.4072239853263,0.1906276805716908,0.0993847649864474,1.3008599339650517,0.001,0.001,0.001,0.001,,,,,,,,,13.195847787220496,5.517880657097533,2.4239057804902258,2.530132597407955,2.6329927947697644,3.3744554959587565,7.132586636271688,8.8945967660346,10.663985402992243,2.1370278478755598,0.0,0.0,0.0,0.7083333333333333,0.7666666666666667,0.9393939393939393,0.6666666666666666,1.925258155341971,1.4960594535160008,1.2051155942215013,1.7213988237442026,0.02102859443959025,0.04960594535160008,0.20511559422150127,0.040077712430233475,0.0,0.07802547770700641,0.12101910828025475,0.015923566878980888,0.7758888888888889,0.4936698653044736,0.8080939393939394,0.8864363636363637,0.8605730994152047,0.5586370343005967,0.4288815386831915,0.48734415888080906,19.0,45.0,0.0,0.0,4.0,15818.0,6285.0,982.0,125.0,11.0,380.9738368018011,0.06076103773966213,0.9107699612800044,0.9103327140030265,0.8486177494289888,0.9149276734908078,0.47227326059880814,0.9994155317363737,0.0001308351380326806,0.00026547411946805234,0.0001249010272497357,0.00023474061846305265,0.5542671850907697,0.062455956062801445,0.09893689928235286,0.040142742946345,0.26283455985752685,0.0022991955999913075,0.0928873262975701,0.03156157451145343,0.0006687899089289589,0.041405071235986926,0.9994839559570378,0.1538654351892674,0.09236062647864784,0.5638026084886584,0.9764200591700637,0.26878865533563273,0.05626615828728253,0.5928449567398173,0.6022105531653326,0.12559703291614785,0.09386760955859881,0.4778505706312701,0.7301775422323888,0.14376084311636814,0.08784085847572158,0.3595161410122765,0.5835139233322855,0.03313207755199985,0.00026580576732068874,0.06658480030878082,0.3416877201257878,0.07878820255523902,0.058985699973936725,0.1932173229626537,0.37151337490979647,0.06724025760534127,0.0036825270767749355,0.1711083709385035,0.3065569778531831,0.016760043763059156,0.0016212506873534104,0.03308872785097267,0.5382204178642508,0.06987487027901972,0.005868103248884485,0.12892702840634856,0.8419796228408813,0.5003923177719116,0.1637265384197235,0.7358750700950623,0.6168847294687864,0.3842268054007711,0.2093591771565995,0.5045936753878543,0.16205395963696456,0.16023502350558208,0.30204144664842003,0.1713717550128014,0.7238913774490356,0.3978709578514099,0.18709836900234222,0.5890121459960938,0.696911370410446,0.44428012171527437,0.24084658158210862,0.5753755914444091,0.18307674302181048,0.1852792016211761,0.34746816886356724,0.19541094093493347,0.0,0.0,0.0
D_malignant_only,knn,11_harmony,False,ok,2058.0,0.07416725968283501,-0.1994432308257088,0.030736345759969134,-0.24067645997613393,0.925832740317165,0.8005567691742912,0.9692636542400309,0.759323540023866,-0.38724416977731047,-0.38609516475703115,-0.1994432308257088,-0.2068503409900375,0.30637791511134477,0.3069524176214844,0.4002783845871456,0.39657482950498124,419.56787971968384,425.9374070043,426.0675651871832,452.77534630326784,405.9178774134138,428.9078471634766,369.83688037484563,73.83662747273682,379.5835105286436,379.41684807053264,258.206245496553,393.0750561675473,178.92501678566026,399.6179822712405,0.20940805833017237,0.0,1.1298936889893623,1.133056178935908,1.1194269931252785,1.00384972228427,0.6965641952983725,0.6251455180442375,0.7365558912386707,0.6391382405745063,0.1489628278550703,0.1301882462985886,0.1580628426931105,0.13361915729641444,0.17598255500890006,0.8911720461424784,0.890508640111679,0.5702745248934271,0.9683610356663682,0.41716424161729937,1.0805249651311424,126.85943982279906,1.8081910021871355,0.016492124373008853,3.9986072192957125,0.001,0.001,0.001,0.001,,,,,,,,,24.10742455036427,4.890923288771733,-5.073043881878462,0.7933173659486614,1.1329751517460442,2.551289395171343,7.630101815696355,12.134698811076369,14.264812672374136,3.4597158678949285,0.06666666666666667,0.0,0.02896831731430302,0.5773809523809523,0.6619047619047619,0.8143939393939393,0.55,1.4426577255643647,1.1194269931252785,1.1215399050892678,1.2901244235021812,0.010060402853735561,0.011942699312527848,0.12153990508926782,0.016118023527898952,0.0,0.027070063694267565,0.0573248407643312,0.0,0.8340555555555556,0.630383421468771,0.928849494949495,0.9854727272727273,0.9682573099415205,0.826348375170355,0.7881010529789391,0.7900163248911919,19.0,45.0,3.0,0.0,4.0,15818.0,6285.0,982.0,125.0,11.0,380.9738368018011,0.0331504224300786,0.9242528161950955,0.9215729907319686,0.3841135986645364,0.9844445449050863,0.23472734205599144,0.9982643594633314,0.4377457247734167,0.4994573918023422,0.35368707588903686,0.46251084419326177,0.560177875451455,0.03694947059809352,0.119898104132763,0.008092943887977821,0.15229938103668844,0.0018228113750025864,0.16827504521490466,0.030004843885774384,0.0005198304186254167,0.04140548438375094,0.9947982985954338,0.6534534063868943,0.015337459951046857,0.8131158514025378,0.9024041699094324,0.31643433472329896,0.04662785043377901,0.348512330693485,0.8596294052016605,0.01877576038416438,0.00231958786364058,0.026901617216468034,0.7540030366214514,0.004822912501536608,0.005072865229826092,0.0399662907078545,0.16270869214022526,0.006274180954500986,0.00017948022979964357,0.019211611268866703,0.6336790894575958,0.10807618094544862,0.0006746556185356918,0.13562342052376974,0.6558224729802556,0.016571439924393357,0.004923474002701692,0.04319745180285659,0.21898459769254217,0.019163735433729425,0.0031160703537189316,0.024056584463333884,0.2514739467010477,0.025404246187889095,0.0021581647781043056,0.031003167903961158,1.0650126934051514,0.9893757700920105,0.207773357629776,1.0101323127746582,0.24264258854748508,0.04195884553891182,0.0773928205043522,0.13101294180669978,0.0637415555488675,0.017498197696492964,0.11165423834203861,0.04449504395699484,0.9881938695907593,0.8809416890144348,0.19427677989006042,0.8894678950309753,0.29964762635136794,0.07034135677187883,0.10912688607105901,0.18768680435341348,0.07871662569419113,0.02933462423060273,0.15743681736237175,0.06374280658604341,0.0,0.0,0.0
D_malignant_only,knn,12_scanorama,False,ok,1964.4,0.22346123721493644,-0.010363323450606962,0.1167435158726505,0.044152143494734376,0.7765387627850635,0.989636676549393,0.8832564841273495,0.9558478565052656,-0.1444487897056263,-0.16265891624580295,-0.010363323450606962,-0.07934760769083893,0.4277756051471868,0.4186705418770985,0.4948183382746965,0.46032619615458054,0.5097544854646852,0.516620593095561,0.5165174509606584,0.5230964886845545,0.5247816881795645,0.5174258956833664,0.4507989831080011,0.10604840978324935,0.4634957434637873,0.46349545046148255,0.38878724734363546,0.4478282099182389,0.2530203365705989,0.48646278857574454,0.0,0.0,1.1123612352656982,1.1162194128853828,1.1010708963323141,1.0070812966694904,0.8332262210796915,0.8134263295553618,0.855787476280835,0.8349590323839251,0.18474752078658685,0.18254669928888415,0.19226941618544793,0.18694996618180745,0.20803820821032518,0.8971685404303135,0.8973471266061553,0.7432419367243885,0.853360968961641,0.4889982095628089,1.079112435484796,216.61959998046262,0.4703812658750363,0.09858446513075356,1.8827739771593284,0.001,0.001,0.001,0.001,,,,,,,,,13.200301786798292,5.521956205280888,2.427027303541489,2.5319974884657355,2.634199399703658,3.375585292927504,7.132598192881219,8.893822144702455,10.664256123670171,2.1363511302517737,0.0,0.0,0.0,0.5634920634920635,0.6507936507936508,0.8363636363636363,0.55,1.3710369125697608,1.1010708963323141,1.0867115002163505,1.2095595305142068,0.0084326571038582,0.010107089633231415,0.08671150021635055,0.011642196139678158,0.0,0.0,0.019108280254777066,0.0,0.8062777777777778,0.5498574331121965,0.9064747474747474,0.9540363636363637,0.941485380116959,0.7637769010519619,0.7231488928501674,0.7442407160330331,19.0,45.0,0.0,0.0,4.0,15818.0,6285.0,982.0,125.0,11.0,380.9738368018011,0.04947730554244234,0.9260566652622613,0.9251930381172956,0.6620613212880302,0.9019839469221014,0.36234054453345066,0.9990266263696069,0.00033995509919635395,0.000452248620275389,0.000351652263293977,0.00044505454861898657,0.7180183336932732,0.07309577066351093,0.2326765574461369,0.06352903395094685,0.4228180772813367,0.0027481242890142485,0.33958055827016664,0.05127668041326058,5.811931800759772e-08,0.08417056033384655,0.9994360401977485,0.14142670335685953,0.10589149765741884,0.5666609199803724,0.9818585326254939,0.9196514789631741,0.035455368062025365,0.9436174598654078,0.986019628350755,0.8561359499251165,0.21497150595379552,0.9186229061900792,0.9596813009655917,0.08848714335524299,0.27270794571377227,0.6591448991673569,0.9242210597805415,0.04584491262023324,0.0026222361947514563,0.6939289731296454,0.7956040058083546,0.05356707849706261,0.00046392674365596214,0.08910353899220208,0.26774542179423855,0.026162441010059434,8.69538433272719e-05,0.06701787292583129,0.6029276318879534,0.10533528797347803,0.0017637576079706017,0.14818305586092728,0.3231091572518886,0.03887789834688199,0.0013270896134331607,0.057730586367698504,0.9161434173583984,0.8615888357162476,0.22646670043468475,0.8951839208602905,0.27594781157803017,0.08182627760901807,0.08122070241156581,0.16568044884122857,0.07249074808170868,0.03412420823263307,0.11717670458668428,0.0562689361245082,1.01096773147583,0.8145701289176941,0.1528831124305725,0.877316415309906,0.30162550942526034,0.09140299558457916,0.08909379536613775,0.18422819947545638,0.07923621025920251,0.03811800983197688,0.12853517674870304,0.06256818388119922,0.0,0.0,0.0
D_malignant_only,knn,13_fsmvn,False,ok,1886.7,0.16248999813661885,-0.18912504333313426,0.024553403603198593,-0.16435331777071405,0.8375100018633812,0.8108749566668657,0.9754465963968014,0.835646682229286,-0.17594862596932512,-0.26093033760679896,-0.18912504333313426,-0.16523038487973113,0.4120256870153374,0.3695348311966005,0.40543747833343285,0.4173848075601344,145.74873254799434,145.26450764926676,145.23197993004783,145.04608192327038,144.29471128332062,144.24675562187005,132.4883266869874,108.2591391476957,142.29803805335985,142.31825488468834,139.66464858768268,142.8498194393533,138.5158639054105,143.61700238158872,0.32721447438353063,0.31128518718605963,1.2216168684260664,1.228834448307092,1.5171994400000879,1.0078742214978853,0.8042857142857143,0.8028867839422643,0.8149584487534626,0.8040733197556008,0.1733727909202235,0.173988356013764,0.17711989627591834,0.1733565705914779,0.742779283600607,0.9795788410816131,0.9799374418309046,0.9628984577574836,0.989986522505802,0.960270221040655,1.083997405453641,5.112054625894622,5.568233464536516e-28,2.459382117313842e-29,1.4205057343572091e-27,0.001,1.0,1.0,1.0,,,,,,,,,29.644385604110767,2.622165168019932,-20.16865276591224,-0.26774083525039616,-0.0593938788137473,0.521303397166496,4.599348885191288,7.147515408104167,9.618218504680865,2.475069658998562,0.0,0.0,0.31869807243552933,0.8125,0.85,0.8272727272727273,0.625,1.8075317520208798,1.5171994400000879,1.1358994575126105,1.6258286501977215,0.018352994364110906,0.05171994400000879,0.13589945751261046,0.03476825834431786,0.0015923566878981443,0.0031847133757961776,0.0652866242038217,0.0,0.7858055555555555,0.5858923218100147,0.7948525252525253,0.39696363636363635,0.4405438596491228,0.6062487218625383,0.1946561698272817,0.2523065494642863,19.0,45.0,0.0,0.0,4.0,15818.0,6285.0,982.0,125.0,11.0,380.9738368018011,0.3785785027115941,0.9362839779272767,0.936006040867933,1.0,1.0,1.0,0.9999542506428454,0.010092125331366802,0.5404146118751875,3.0129502666286014e-14,5.500706643365229e-14,0.46170100137345826,0.03991209975656404,1.5458108213178397e-26,5.82811353818977e-28,3.9249266469408865e-26,7.246652432993686e-05,0.4217113929739243,3.0523998512946036e-27,1.1516037445353288e-28,7.743225332661202e-27,0.8961196370548458,6.030272008747628e-28,2.2786496423502033e-29,1.5359368174095333e-27,0.592932385671461,3.685093729695687e-28,1.399483067832439e-29,9.490951350842022e-28,0.7023964719329063,2.247020027572472e-27,8.414962193701474e-29,5.6997600300316755e-27,0.286704888074577,1.9479135928087617e-26,7.33117624201039e-28,4.945574228979221e-26,0.42380297275331336,1.0689062000655082e-26,4.049849493043286e-28,2.7172287636487024e-26,0.14137301586866985,1.8152210689595416e-26,6.866588103133564e-28,4.609941125311737e-26,0.39961808998601256,1.9114836854227198e-26,7.163435380060799e-28,4.8532658035636065e-26,0.5378251626181768,7.918348738011393e-26,2.9867171485894883e-27,2.0099964876857706e-25,0.2145259968006952,1.6913928263932976e-27,6.420014428310271e-29,4.304899395292299e-27,0.9135801792144775,0.27803856134414673,0.06639456748962402,0.284850150346756,0.3554287755503916,0.21028067779287876,0.07776104812965569,0.2572287906332306,0.09337018359403775,0.08769385393027564,0.11218547851098226,0.08736088350047966,0.9053536653518677,0.40712499618530273,0.26112794876098633,0.455158531665802,0.3895416455713517,0.2376412481765646,0.07578105148600707,0.2850043120976862,0.10233154281950939,0.09910409802811554,0.10932894717221361,0.09679409697883086,0.09617177118386859,0.0,0.013985839118863308
D_malignant_only,knn,14_qsmooth,False,ok,2396.5,0.3601690240839525,0.1914847345512873,0.11227693652912443,0.3010992020419164,0.6398309759160474,0.8085152654487127,0.8877230634708756,0.6989007979580836,-0.2781169179801761,-0.29234180658412734,0.1914847345512873,-0.21688071319139288,0.36094154100991194,0.35382909670793633,0.5957423672756437,0.39155964340430355,497.81182108890613,491.66064415106496,491.55585839128435,543.5361908410548,510.4369541291335,516.0845923233852,416.2161856476722,131.47407951087416,465.16186520241484,465.2020355122263,298.8859649311686,442.6295540021146,180.0028714451497,476.7887489658658,0.3009232066175061,0.0,1.0765082111179893,1.0813085126118434,1.003622255081829,1.00418240018938,0.7892857142857143,0.02631578947368421,0.6031746031746031,0.5133928571428571,0.1766478086043136,0.00867056828533811,0.13448821957009258,0.11101704689609453,0.2641039725077033,0.9461035182215881,0.9463869213860938,0.5498915619007442,0.8671581287786924,0.34878559469250264,1.1455314939853598,1272.5689291972833,3.286410915367531,0.11318937511940673,19.41399352826137,0.001,0.001,0.001,0.001,,,,,,,,,20.88354543232288,4.95736859174274,-0.0862894586412623,0.1231558636834669,0.3520872689789479,2.5588186040286645,8.007485351167679,12.10189798305802,14.409722686585653,3.6353355326994863,0.3333333333333333,0.1111111111111111,0.11476594391674672,0.5458333333333334,0.6366666666666667,0.8160173160173159,0.525,1.201213023073519,1.003622255081829,1.0113928913291863,1.0192007430756174,0.004573023251670885,0.0003622255081829007,0.011392891329186305,0.0010667079486454093,0.0,0.0,0.006369426751592355,0.0,0.7650277777777778,0.48266898102920985,0.9259565656565657,0.9882,0.9706666666666667,0.8129040127889717,0.8265791967634417,0.8381850679120747,19.0,45.0,15.0,5.0,4.0,15818.0,6285.0,982.0,125.0,11.0,380.9738368018011,0.0258592227032185,0.9672623801919435,0.9661104421999516,0.28947503979917055,0.8966131122126322,0.09408432823628354,0.9987133369679142,0.41621530243256194,0.5866627254653503,0.4287848769425139,0.5291044745815108,0.8697987980123904,0.09195794756426759,0.38260436143908316,0.07496390393358636,0.6364266007215573,0.002563761754677633,0.7802810484792257,0.1147480947408529,0.00683568990387962,0.21269318368864507,0.9999711761829494,0.8724334124837775,0.1168679327160972,0.9995144415493683,0.9945843426214647,0.11943863166581674,0.00870211226136652,0.6540969667798141,0.9846675552110077,0.6392870000889599,0.23522773017784154,0.903629797149592,0.9806853494928938,0.34942335592898777,0.06368697062204848,0.8351050151323001,0.9520263457096875,0.11748251905587417,0.29494832320009656,0.8677874538665524,0.8548260033228298,0.1986849117037487,0.001764040000905373,0.22342679781497235,0.9045655846690028,0.5975239566983536,0.00030179501037540983,0.7736002848372605,0.9646682143988452,0.7480641610172885,0.019691270785578377,0.7930996664486742,0.28171236003599703,0.06895757100717226,0.0016131746576744804,0.10131239994839349,1.0563018321990967,1.0147626399993896,0.303803026676178,1.0695781707763672,0.15109660102459993,0.0031885763887544247,0.013250286848919152,0.01803233310247873,0.03969267079249691,0.001329739636641145,0.019116123127291912,0.006124199968166302,0.9764137864112854,0.9131076335906982,0.06318733096122742,1.0037257671356201,0.157853253426814,0.0031885763887544247,0.015506152037781816,0.02239448924242382,0.0414676252100139,0.001329739636641145,0.022370648648178122,0.0076056897089317906,0.0,0.0,0.0
D_malignant_only,knn,15_fsqn_py,False,ok,2116.9,0.30582899432072086,0.15899358515220502,0.1093083742663072,0.21081981020484755,0.6941710056792791,0.8410064148477949,0.8906916257336928,0.7891801897951525,-0.09145950875664312,-0.13535678171174548,0.15899358515220502,-0.12696368348286988,0.45427024562167845,0.43232160914412726,0.5794967925761025,0.43651815825856505,264.87501738793685,269.4366475262827,269.3681581743323,271.00399981852087,270.40172293206587,268.38393111384863,237.02107056073362,137.3083772548841,248.45590742265367,248.47677081960518,221.57713979978266,244.52810206945657,175.6133331216951,257.5520906461876,0.3210898975850297,0.3210898975850297,1.0912204742849723,1.0955161827897788,1.002485600555647,1.0039329244778599,0.8189973614775725,0.21875,0.8298136645962733,0.7683397683397684,0.1824318097331272,0.05602628632075782,0.18793190857859604,0.17270021819989206,0.5183893090747089,0.9221310824037684,0.9224429958747893,0.8176157545577293,0.9043141420030462,0.6543362428326598,1.0866210756574621,113.72836219602002,0.6097923403807469,0.09928304992746272,1.9212575605265922,0.001,0.001,0.001,0.001,,,,,,,,,14.109752961704212,2.6788853945456177,0.0,0.0,0.0003091946691992,0.465249285850026,4.569441146176472,7.081005889483058,9.550492714744244,2.44649074751191,0.0,0.0,0.3210898975850297,0.5590277777777778,0.6472222222222223,0.8363636363636363,0.5333333333333333,1.254757678571259,1.002485600555647,1.0325732142763056,1.0639495365547416,0.005789947240255888,0.00024856005556470604,0.03257321427630555,0.0035527520308189756,0.0,0.0,0.006369426751592355,0.0,0.7401666666666666,0.4566204969191187,0.8582979797979798,0.9735272727272727,0.9265087719298246,0.6499744025103404,0.6559243520700565,0.6446722489038074,19.0,45.0,0.0,0.0,4.0,15818.0,6285.0,982.0,125.0,11.0,380.9738368018011,0.13571961804018828,0.932148968421891,0.9313341194577843,0.6424757566076238,0.918654736758329,0.3965551168875959,0.9989676116409753,0.0,0.7176824532191731,0.6415197253537677,0.6695197786979651,0.8372134879063606,0.09659059837045761,0.44559108922508744,0.07155492853584286,0.6467080443122794,0.0020486687145835247,0.7577111571729737,0.6896085112851974,0.002366534968219681,0.7127128254873109,0.990803094569506,0.13314566845115292,0.05382041864367594,0.5213388231357453,0.9924277472290185,0.9634663107536435,0.17717650564603682,0.9821791545662925,0.986822851721253,0.7260319553182795,0.030024527292502018,0.8773254121777868,0.957448104696149,0.16150285002475318,0.434395810420184,0.7657613526356849,0.918470109631206,0.08711439989243608,0.0007031087155138587,0.7113773586838849,0.7657142263180213,0.18170592165296243,0.004412316244625811,0.2284188381478818,0.8190113550170675,0.5720830532100587,0.000490913389873523,0.636860747612917,0.23381523059278053,0.0951491848835693,8.673317401448714e-07,0.13843848164566558,0.949911002115631,0.846103036778822,0.012158282706056758,0.8926674490296231,0.9410686492919922,0.8356983661651611,0.19926312565803528,0.8992167711257935,0.18759886747784915,0.0024465970864304886,0.034480758429234246,0.056697182553722976,0.04928171803567702,0.0010203102338057,0.04974521919194657,0.019255682646129667,0.9220016002655029,1.0600125789642334,0.21294453740119934,0.9721584320068359,0.1947544026222893,0.0027488853438865455,0.03598454483719727,0.0577401435058908,0.051161457876986643,0.0011463742287120679,0.051914724385271054,0.019609896457163743,0.010051839676318118,0.010051839676318118,0.010051839676318118
D_malignant_only,knn,16_fsqn_r,False,ok,0.9,,,,,,,,,,,,,,,,,,,,,,,,,,,,,,,,,,,,,,,,,,,,,,,,,,,,,,,,,,,,,skipped: PCA failed,skipped: PCA failed,skipped: PCA failed,"Traceback (most recent call last):
  File ""/app/harmonization-metrics/compute_batch_metrics.py"", line 1170, in _run_group
    group_result = fn(*args)  # type: ignore[operator]
                   ^^^^^^^^^
  File ""/app/harmonization-metrics/compute_batch_metrics.py"", line 260, in compute_group_e
    result[""exp_min""]    = float(np.nanmin(flat))
                                 ^^^^^^^^^^^^^^^
  File ""/usr/local/lib/python3.12/dist-packages/numpy/lib/_nanfunctions_impl.py"", line 356, in nanmin
    res = np.fmin.reduce(a, axis=axis, out=out, **kwargs)
          ^^^^^^^^^^^^^^^^^^^^^^^^^^^^^^^^^^^^^^^^^^^^^^^
ValueError: zero-size array to reduction operation fmin which has no identity
",skipped: PCA failed,"Traceback (most recent call last):
  File ""/app/harmonization-metrics/compute_batch_metrics.py"", line 1170, in _run_group
    group_result = fn(*args)  # type: ignore[operator]
                   ^^^^^^^^^
  File ""/app/harmonization-metrics/compute_batch_metrics.py"", line 1087, in compute_group_h
    D = pairwise_distances(X, metric=""euclidean"")
        ^^^^^^^^^^^^^^^^^^^^^^^^^^^^^^^^^^^^^^^^^
  File ""/usr/local/lib/python3.12/dist-packages/sklearn/utils/_param_validation.py"", line 218, in wrapper
    return func(*args, **kwargs)
           ^^^^^^^^^^^^^^^^^^^^^
  File ""/usr/local/lib/python3.12/dist-packages/sklearn/metrics/pairwise.py"", line 2473, in pairwise_distances
    return _parallel_pairwise(X, Y, func, n_jobs, **kwds)
           ^^^^^^^^^^^^^^^^^^^^^^^^^^^^^^^^^^^^^^^^^^^^^^
  File ""/usr/local/lib/python3.12/dist-packages/sklearn/metrics/pairwise.py"", line 1969, in _parallel_pairwise
    return func(X, Y, **kwds)
           ^^^^^^^^^^^^^^^^^^
  File ""/usr/local/lib/python3.12/dist-packages/sklearn/utils/_param_validation.py"", line 191, in wrapper
    return func(*args, **kwargs)
           ^^^^^^^^^^^^^^^^^^^^^
  File ""/usr/local/lib/python3.12/dist-packages/sklearn/metrics/pairwise.py"", line 343, in euclidean_distances
    X, Y = check_pairwise_arrays(X, Y)
           ^^^^^^^^^^^^^^^^^^^^^^^^^^^
  File ""/usr/local/lib/python3.12/dist-packages/sklearn/metrics/pairwise.py"", line 173, in check_pairwise_arrays
    X = Y = check_array(
            ^^^^^^^^^^^^
  File ""/usr/local/lib/python3.12/dist-packages/sklearn/utils/validation.py"", line 1106, in check_array
    raise ValueError(
ValueError: Found array with 0 feature(s) (shape=(2000, 0)) while a minimum of 1 is required by check_pairwise_arrays.
","Traceback (most recent call last):
  File ""/app/harmonization-metrics/compute_batch_metrics.py"", line 1190, in compute_all_metrics
    pca_coords, eigenvalues = compute_pca(exp_df)
                              ^^^^^^^^^^^^^^^^^^^
  File ""/app/harmonization-metrics/compute_batch_metrics.py"", line 132, in compute_pca
    raise ValueError(
ValueError: Expression matrix has 0 usable gene columns after dropping all-NaN genes (original shape: (6285, 0)).
",,,,,,,,,,,,,,,,,,,,,,,,,,,,,,,,,,,,,,,,,,,,,,,,,,,,,,,,,,,,,,,,,,,,,,,,,,,,,,,,,,,,,,,,,,,,,,,,,,,,,,,,,,,,,,,,,,,,,,,,,,,,,,,,,,,,
D_malignant_only,knn,17_quantile,False,ok,2080.2,0.30564621676270803,0.15906770353160027,0.10911691371029515,0.21062683056343326,0.6943537832372919,0.8409322964683997,0.8908830862897048,0.7893731694365668,-0.09215985352535823,-0.13583148521536145,0.15906770353160027,-0.12710393747443655,0.45392007323732086,0.43208425739231926,0.5795338517658002,0.43644803126278175,281.3301197367491,286.2459512991185,286.1751712613045,287.5620128615196,287.1092970155173,285.0175796738856,252.62135775401106,145.6516811804929,263.8186293479957,263.8390933354386,236.03966316265857,259.7884138656725,186.72677013228702,273.53786280908895,0.0,0.0,1.0912378262384155,1.0955087208750687,1.0024612586086414,1.003909652588301,0.8191433104177683,0.21212121212121213,0.8314745972738538,0.7831558567279767,0.18149731305119532,0.05171859033411179,0.18728224928257772,0.17255001652496343,0.517725159740395,0.9216501688518665,0.921949630265195,0.8208304734475743,0.9048415239985482,0.6551412384665465,1.0827978490854493,114.00456055570243,0.60856496688109,0.09856205159187759,1.9192961681797769,0.001,0.001,0.001,0.001,,,,,,,,,15.162476340599431,5.216752065762167,2.0001421460366706,2.28600642047264,2.390162197363633,2.97547290034223,7.328568162666921,10.086245301735342,12.08638298885878,2.590351039688966,0.0,0.0,0.0,0.5590277777777778,0.6472222222222223,0.8363636363636363,0.5333333333333333,1.2547380382343671,1.0024612586086414,1.0330082209763398,1.0641760971620644,0.00578950086896289,0.0002461258608641437,0.03300822097633982,0.0035653387312258003,0.0,0.0,0.006369426751592355,0.0,0.7401944444444445,0.45662889659080813,0.8583171717171717,0.9735818181818182,0.9265555555555556,0.6499975477224202,0.6559898279268024,0.6447250008256576,19.0,45.0,0.0,0.0,4.0,15818.0,6285.0,982.0,125.0,11.0,380.9738368018011,0.1349313006505164,0.932087560293785,0.9312754497787031,0.6421950362148515,0.9188150959588124,0.39584169047437034,0.9989728073083683,0.0,0.22301512074580504,0.24139209409130846,0.24079391590437818,0.837225082905611,0.09653830209418572,0.4452242674944483,0.07154328667934243,0.6464210070611248,0.0020338037840739653,0.7619859451402964,0.6992067586646028,0.0034802183122078748,0.7188184094784549,0.9908806375844755,0.1332066030346666,0.0532652476265589,0.5213111127422138,0.99231563317778,0.962693077312687,0.17662466555010492,0.982008617011638,0.9864410134134309,0.7414291321554475,0.028551760474682455,0.8837836688497229,0.9573195875933262,0.15611602430646457,0.4371284041754216,0.7692554636579298,0.920658176786619,0.07894688187671146,0.00018532193537706423,0.7043053796913515,0.7667351215831468,0.18229047807543305,0.004796760642939898,0.22821010476370596,0.8224686006403874,0.5720335726444634,0.000570055602847646,0.6396488787205632,0.2334430719822977,0.09563199952951855,4.5722038305987334e-06,0.13853840078228036,0.9400030411543494,0.8306881473444888,0.010825860269453367,0.8783300349133871,0.9528764486312866,0.8098833560943604,0.21589592099189758,0.9262139797210693,0.1866891658666134,0.0024000912006680187,0.03435595305217934,0.05660306144122397,0.04904274186858041,0.0010009157730508744,0.04956516309339318,0.019223716925948348,0.9313398599624634,0.9755858182907104,0.3139321804046631,0.9428380727767944,0.19497159220691795,0.002655873572361605,0.037015786171262645,0.05832886414413874,0.051218512996848806,0.0011075853072024162,0.05340249114388689,0.01980983968655768,0.0,0.0,0.0
D_malignant_only,knn,18_rank,False,ok,2297.8,0.323024520723577,0.1951066022188617,0.1064679610075206,0.21907438736407414,0.676975479276423,0.8048933977811383,0.8935320389924795,0.7809256126359259,-0.09796261747934189,-0.12052497005133143,0.1951066022188617,-0.10154986122505605,0.45101869126032906,0.4397375149743343,0.5975533011094308,0.449225069387472,30.993120370449322,31.689624904862566,31.683485668698157,31.603795367319435,31.54428729879776,31.379888327117328,28.504059066133244,17.40483356545283,29.085527366399614,29.086331883322153,26.492929840545955,28.863347727423612,21.38752886914995,30.21117217388148,1.0,1.0,1.0818154057289544,1.085918238642665,1.0024208332234725,1.0037261058500593,0.8234943351222421,0.1111111111111111,0.8340248962655602,0.7903402854006586,0.1856364026737883,0.022330126682377077,0.1889657209923543,0.17746865978658322,0.5615708698388314,0.9178249175785174,0.9180281547133599,0.8382831724047145,0.9150102981887207,0.6815680363867849,1.0598901757741768,112.51512918985627,0.5907960879334986,0.09765924240469759,1.8863874304148194,0.001,0.001,0.001,0.001,,,,,,,,,0.999936784878943,0.4999683924394715,6.321512105695683e-05,0.026297490359694,0.0670396358809027,0.2492572223275807,0.7499841962197358,0.9499968392439472,0.9899487957519438,0.2882598630730541,1.0,1.0,1.0,0.55625,0.645,0.8363636363636363,0.5333333333333333,1.2228915934709377,1.0024208332234725,1.0276591577133152,1.0474029394533453,0.005065718033430402,0.00024208332234725293,0.027659157713315174,0.0026334966362969604,0.0,0.0,0.0079617834394905,0.0,0.7677222222222222,0.4837206155537949,0.8793131313131313,0.974690909090909,0.9338187134502924,0.6742150710143828,0.6669966999614528,0.657340841325133,19.0,45.0,45.0,45.0,4.0,15818.0,6285.0,982.0,125.0,11.0,380.9738368018011,0.13681986544310543,0.930040363769246,0.9291622810663651,0.6401690099329964,0.9209840082451881,0.3976315459590569,0.9988968929534258,7.764947997313223e-05,0.34749169556231346,0.36661534450932354,0.3636497077927763,0.8313654752980447,0.1025891405590478,0.44357187519410973,0.07146334530329537,0.6437642986842647,0.0021400425804068562,0.6911783051532145,0.6331425644832736,4.407875553022994e-06,0.6576747159182007,0.990899821930403,0.13131164069618423,0.05430643755316864,0.5200375638649886,0.9919007489543749,0.9576928365703166,0.17362755342340608,0.9796033078803135,0.9901611606834775,0.8122594393116968,0.004322744116754475,0.917242226129131,0.9580658038017421,0.12605574025995653,0.4497790784004018,0.7205990905743844,0.918142429341886,0.08856095482774869,0.00538877534488299,0.723764357652418,0.7111437326910293,0.2260033828306032,0.0004761076017755797,0.28436646416634903,0.8776326590049321,0.5694766112323509,0.00886724115952212,0.6798842269035086,0.24113066426349528,0.033476135758518606,0.0006668988579547117,0.06803919780257045,0.9433994271558941,0.8577394459704487,0.017194208699534388,0.8864318359507822,0.9602793455123901,0.8913646936416626,0.2162991315126419,0.9480209350585938,0.17106346650243368,0.0026307500522508957,0.031193844926139795,0.04477023259275909,0.044937912662899364,0.001097107985529652,0.045003205381201235,0.015205012876657875,0.9263103008270264,0.754481315612793,0.40454161167144775,0.8641588687896729,0.1754932489209644,0.00267912651524284,0.03489288737230981,0.049088405617359096,0.04610160459262388,0.001117282537579829,0.0503397955743285,0.016671564927881726,0.0,0.0,0.0
D_malignant_only,knn,19_tdm,False,ok,2623.2,0.4080303283773985,0.12498315520676614,0.10315284071319797,0.1334733387826096,0.5919696716226015,0.8750168447932338,0.896847159286802,0.8665266612173904,-0.33801453757380406,-0.374387701728005,0.12498315520676614,-0.3162331173618835,0.33099273121309797,0.31280614913599747,0.5624915776033831,0.34188344131905823,2129.837973026207,2170.372472625337,2170.0929861606623,2317.749388250584,2150.1776354677418,2189.5441991988746,1654.1375533569742,388.9034420027962,1922.1228726830266,1921.9684476944738,1262.4151672444925,1907.287228704663,823.0138899509448,2030.2833596902392,0.0,0.0,1.100492868881023,1.1043637383243854,1.0050828651476422,1.0041039473298918,0.8129359543436906,0.07142857142857142,0.8333333333333334,0.7806691449814126,0.17986192175747717,0.014276587379183105,0.18455593884473284,0.17392175718900865,0.18259766561031773,0.8856188958008568,0.8856617941956618,0.5446728510183544,0.8870370509131255,0.3758836611985612,1.2273969329635854,420.05833576998367,2.943945531624266,0.10783630450573865,6.5711299292275935,0.001,0.001,0.001,0.001,,,,,,,,,85.7994222026835,10.069052395237051,1.0,1.0,1.0,1.33970232084577,24.6518128916298,45.0531378007388,55.727901355485365,15.167232043853963,0.5555555555555556,0.0,0.0,0.5477272727272727,0.6381818181818182,0.8295454545454546,0.5277777777777778,1.2113703659333757,1.0050828651476422,1.0278625302394169,1.0470431107942675,0.004803871953031265,0.0005082865147642224,0.02786253023941687,0.0026135061552370826,0.0,0.0015923566878981443,0.006369426751592355,0.0,0.7128611111111111,0.54061255675633,0.8831737373737374,0.9895454545454545,0.9511695906432749,0.7972495689552137,0.8200694718215472,0.7990240560489835,19.0,45.0,25.0,0.0,4.0,15818.0,6285.0,982.0,125.0,11.0,380.9738368018011,0.01581573595468433,0.9505139479910761,0.9492701904028613,0.2821102293670438,0.9068342037826276,0.15589566571376012,0.9990903088292984,0.8189402383720917,0.9795201442047469,0.6600157975168013,0.8492359597114753,0.9536613182787764,0.08222780313631958,0.49249939755770356,0.0681004621608571,0.7109772646826868,0.000573048380522249,0.8575892199069711,0.18483642842854686,0.007711461908152055,0.3152297103573132,0.9985202376894706,0.8034359316843344,0.08941908989633797,0.8967853593932523,0.9913280464045144,0.3455782543569287,0.1530531655851235,0.6648720349162534,0.9689070409884014,0.4153738818762597,0.009269347982941729,0.6531045625406819,0.9711467139151165,0.34893117467741097,0.25037448410793395,0.8254754007143755,0.9609940824177761,0.6638049929053957,0.003444164573423785,0.8695104752795507,0.9728854077899817,0.4675052434227865,0.12241629717510447,0.802236943328372,0.8909374194503665,0.3263876908095932,0.01803775585117164,0.5330704373129193,0.9440004355581723,0.4383592905020178,0.025583524353320015,0.5889603639015153,0.980304578666993,0.9307810869137623,0.001695330175061876,0.9605273590826345,0.9685492515563965,0.9287073016166687,0.30653852224349976,0.9791461229324341,0.1586847616606687,0.0043664910070910345,0.03467148193547439,0.046824178727778956,0.04168606018713342,0.0018209681868196397,0.05002037504858018,0.015902580783329633,0.7960342168807983,0.709449291229248,0.3157200515270233,0.7593806385993958,0.16901526885331272,0.0043664910070910345,0.036520951810948984,0.04995875214540088,0.04439985664805038,0.0018209681868196397,0.05268859606620091,0.016967154863417825,0.0,0.0,0.0
D_malignant_only,knn,21_harmonizr,False,ok,2006.7,0.17399924374736433,-0.1497108303921585,0.03664722728606284,-0.1446175668359533,0.8260007562526357,0.8502891696078415,0.9633527727139372,0.8553824331640467,-0.17626688997950826,-0.24879992739450982,-0.1497108303921585,-0.16685340371530544,0.4118665550102459,0.3756000363027451,0.42514458480392076,0.4165732981423473,324.8619823547556,320.8319218362346,320.74610453913965,328.9610161633851,324.32256354155413,322.8055151515905,286.08822502795897,215.3217370030622,316.7494426551537,316.808295234855,290.7691679586845,312.67966168760086,286.23673478195246,318.63342780201606,0.04460565242544225,0.00016903211531167024,1.2031496429585906,1.2074261463910465,1.3166659398454998,1.0075276312530999,0.8027506333695259,0.8046324269889225,0.8082706766917294,0.8033135089209855,0.17284359747746894,0.1725565258614406,0.17575236549135898,0.17229550141187927,0.6628098968131232,0.9872753335836553,0.987722970759247,0.8839015982801686,0.9641008577176545,0.8867157509608681,1.1137593229182239,5.299252782644734,0.0064950278621751295,0.0012827860991960797,0.006793121044888369,0.001,0.001,0.002,0.001,,,,,,,,,49.6677646681636,5.027660039219355,-71.1043091960407,0.041041223053050795,2.13965174787672,3.18729311112194,7.346606831719855,10.666658058963112,13.158685404882153,2.8340033351821576,0.022222222222222223,0.0,0.018276511065156126,0.8125,0.85,0.8272727272727273,0.6,1.5676557917436245,1.3166659398454998,1.0917593387296827,1.4052829920078602,0.012901267994173283,0.03166659398454998,0.09175933872968267,0.022515721778214457,0.0,0.0031847133757961776,0.04140127388535031,0.0,0.7858055555555555,0.5858923218100147,0.8008171717171717,0.4387090909090909,0.47642105263157897,0.6166603049618133,0.22311653276084206,0.2808015078569106,19.0,45.0,1.0,0.0,4.0,15818.0,6285.0,982.0,125.0,11.0,380.9738368018011,0.35201811763308666,0.9371543991701874,0.9368248021238244,0.9430647404918857,0.9888704316089915,0.9405563016427688,0.9998735949339428,0.047269771998197846,0.23614663867221752,0.030930701426634864,0.0428874316274871,0.5103259060292193,0.04047151239994652,0.09519424002387265,0.018604823326576578,0.09935160399963205,0.00021197612899411005,0.17056057782560166,0.00010036466592281714,2.8644947481611576e-05,0.00011383113940030108,0.8982288008187789,0.0006891683124887637,0.00012293141141717963,0.0007320966794017202,0.5714235732450978,0.033749205808179174,0.006766037532415926,0.035233177747621,0.9504387276489568,0.8387906833087025,0.16361155009409717,0.8755498786398492,0.7627335823827489,0.07737509635515093,0.015300233270246337,0.08055974038490525,0.2681168537196853,2.8838476465264044e-05,5.161456582496162e-06,4.0585794197520904e-05,0.4272130242235822,0.001097906524441102,0.0002064235211403214,0.0011534945588641075,0.15690951382441276,3.408525088148089e-05,6.341552516070156e-06,4.1932673365245274e-05,0.3967344925000354,2.3394470642270138e-06,7.981808766381752e-07,6.10856069208558e-06,0.5008999141032936,7.471208943022871e-05,1.112989919885522e-07,8.519381802402232e-05,0.8866822123527527,0.4014086127281189,0.23641398549079895,0.3669337034225464,0.28395208889268064,0.1382125640097422,0.053653933002976294,0.1842759576085359,0.07459345020887662,0.0576391160938595,0.0774062630675826,0.0625844036546153,1.0179301500320435,0.4968133866786957,0.16243620216846466,0.533003568649292,0.3251792951506292,0.16715618092008677,0.0577632271361476,0.21571412289008432,0.08542372643345361,0.06970954187044776,0.08333472133506295,0.07326153620991398,0.020825430943650695,0.0,0.005447003418861708
D_malignant_only,knn,25_angel,False,ok,1300.8,0.038592413420088185,0.014273018122319833,0.03422749414583048,0.02031883645787731,0.9614075865799118,0.9857269818776802,0.9657725058541695,0.9796811635421226,-0.040936249417878955,-0.04593471262819884,0.014273018122319833,0.04071585319959361,0.4795318752910605,0.4770326436859006,0.5071365090611599,0.5203579265997968,5.45851132073896,5.582794990589194,5.582520570480038,5.438807475796465,5.479933672860883,5.467987459566985,5.725167214665207,4.973619804276239,5.315541605128357,5.315355357551294,5.407973343131057,5.380755773964365,5.148182730146828,5.4291824064796605,1.0,1.0,1.0974029842566728,1.1014496563003087,1.1022486506607754,1.0035176890982795,0.8152610441767069,0.7726657645466847,0.8200620475698035,0.8114478114478114,0.17697717537777466,0.16877690433265585,0.17980344223791186,0.1770831306842625,0.9111678096882506,0.9521291063147866,0.9521425475185,0.994330718121091,0.9819016242135025,0.9415132657518049,0.9483011068345093,2.1306723479616094,0.11245071311391376,0.011556424398743796,0.38150451566634497,0.001,0.001,0.001,0.001,,,,,,,,,0.999936784878943,0.2828244516088248,6.321512105695683e-05,0.0152980592957835,0.0494342246665402,0.1239648523926923,0.4723986977685062,0.7917693912383842,0.9548644035653328,0.2336066118397349,0.8222222222222222,0.8222222222222222,1.0,0.75,0.8,0.9545454545454546,0.6666666666666666,1.6303495541307527,1.1022486506607754,1.1077614972211487,1.2912848773022476,0.014326126230244379,0.010224865066077537,0.1077614972211487,0.0161824931834582,0.004777070063694322,0.03343949044585992,0.03821656050955413,0.014331210191082855,0.7438803746275011,0.44325946657229287,0.8424687487905879,0.965586903517938,0.9040913266563599,0.5753334780402206,0.5671446147951955,0.5442007926634215,19.0,45.0,37.0,37.0,4.0,522.0,6285.0,982.0,125.0,11.0,380.9738368018011,0.5572431278780061,0.9168031772201246,0.9154480745976075,0.8461697645937929,0.9770193508401169,0.7451014145530979,0.9981168864989007,0.1823616894984913,0.3654451792411584,0.40085702372587106,0.38492464682481153,0.5293019252040151,0.09027671868205671,0.21629101792289723,0.0528052591874544,0.34618867713341556,0.001861617687056081,0.7516795228205871,0.614992303799029,0.018736276712259557,0.6421726972033679,0.721612742759509,0.08884893471318756,0.0049070056352526785,0.34097404026796196,0.6048308701494797,0.12366990673550371,0.023455842231018046,0.15648570450059873,0.24989108748603495,0.04656908606810712,0.00033249649850219617,0.10740500328332472,0.3066629276750862,0.1296629400830336,0.036412822976523096,0.2116637609585724,0.6441345319473863,0.09546015026953829,0.024123840917829296,0.41075038293517313,0.25915284163015767,0.06896385175155484,0.07175474932913538,0.19592331790318052,0.6354120870025433,0.39144576293070354,0.00019956134306019666,0.5208753694924879,0.7486187631342454,0.4977777471091989,0.33580050949682955,0.651359138114701,0.37102387743512083,0.1055194957691154,0.012329486734134002,0.22427735667478735,0.9949125647544861,1.0650255680084229,0.249991312623024,1.0009828805923462,0.32370445137299486,0.042677748329579386,0.07872821618207665,0.1603954476229676,0.08503628893890354,0.017798003446486625,0.11358080706391623,0.05447402671879278,1.0756107568740845,1.4600433111190796,0.16522535681724548,1.2904834747314453,0.3414543214578917,0.039302781053582814,0.08774353213517606,0.17499821534810484,0.08969913208105135,0.0163905327723992,0.12658715868149992,0.05943346647232818,0.0,0.0,0.0
D_malignant_only,softimpute,01_raw,False,ok,2012.9,0.43942701966578,0.1794244305914194,0.09978518180549721,0.22169285074474007,0.56057298033422,0.8205755694085806,0.9002148181945028,0.7783071492552599,-0.31085053300729026,-0.3260628355457652,0.1794244305914194,-0.2085098871992668,0.34457473349635487,0.3369685822271174,0.5897122152957097,0.3957450564003666,618.5085540257886,632.5439782069219,632.5293770639669,664.3277028735394,626.3105376958299,634.2246568529155,519.807609025387,115.37090691047496,556.7297890872594,556.6291491164498,390.33058634150734,552.2651483306693,252.37554957369895,589.5813355536939,0.6053438437583932,0.0,1.0736604002085086,1.074493012338409,1.0041888110077524,1.001878538580597,0.823003194888179,0.025,0.8449848024316109,0.7878048780487805,0.18418987637664178,0.006767204387699018,0.19033681372364,0.17631743324887858,0.18653081862739215,0.8801440030548173,0.8800052128806637,0.5875572923620953,0.881775277743896,0.39792768516129756,1.1342299060591456,278.21852932871735,1.9507679714679895,0.1262431667122363,4.3929527544181,0.001,0.001,0.001,0.001,,,,,,,,,23.961079934831595,4.4406376,-13.936252119191748,-0.26085915048007396,0.0,2.256607174333275,8.285,13.526,16.261653438299145,4.358699598784655,0.24444444444444444,0.0,0.18848677774924452,0.5470085470085471,0.6376068376068377,0.8295454545454546,0.5277777777777778,1.213634180728617,1.0041888110077524,1.0276339355386157,1.0480611131330733,0.004855322289286751,0.00041888110077523686,0.027633935538615706,0.0026700618407262925,0.0,0.0,0.004777070063694322,0.0,0.785475885854147,0.5860959395239849,0.9289738601479492,0.9941272727272727,0.9759415204678362,0.835742124120714,0.8392845508177434,0.8263279540229358,19.0,45.0,11.0,0.0,4.0,15818.0,6285.0,982.0,125.0,11.0,380.9738368018011,0.016143059402310977,0.9486474309532138,0.9470491695982464,0.3546658471448939,0.8931238707684008,0.20026918105110303,0.998718820425911,0.5786340650509981,0.6686356406291056,0.5162755751707964,0.6451967097021295,0.9496762275964997,0.08388559045471201,0.5211344305519849,0.06911182649411694,0.7266071386249257,0.00071222343849281,0.8842892805030802,0.5592212215265123,0.013241929821525677,0.6483134001265188,0.9974959999331653,0.6951944112435404,0.10679254402324188,0.8307774680397725,0.9858448550298323,0.3265571821162086,0.1641033221284194,0.6555422475455899,0.9692951989260253,0.8808110216799879,0.0250884388075707,0.9057652415138162,0.9530271844303179,0.24112072294508832,0.1579554383711693,0.8730849542288293,0.9702416086569575,0.41061983376327615,0.12564544120849827,0.6897983749210285,0.9435740709633408,0.7247631480407343,0.015569994103692602,0.8404856049765043,0.8741314961399674,0.17619416931468684,0.00023268709119919178,0.22283955796698987,0.9470545489578163,0.48028060085479896,0.07217635292218348,0.7508860134809267,0.9718080324244921,0.7165819940350155,0.01031211646366894,0.848578523449281,0.9670662879943848,0.9771236181259155,0.412611722946167,1.024267315864563,0.1655345609106193,0.0034704474488921814,0.03499800624878693,0.048935630422299835,0.04348548403108022,0.0014472889989236813,0.050491450056125854,0.016619678916271287,0.9548225402832031,1.0081918239593506,0.21105587482452393,0.9994478225708008,0.1684079586116722,0.0053088656110251205,0.036411545282612985,0.05426401237784521,0.04424031788062023,0.0022139689215157484,0.052530755810329684,0.018429321429920462,0.10838127449740802,0.0,0.02884832672525072
D_malignant_only,softimpute,02_median_scaling,False,ok,1610.8,0.040235927605342316,-0.3858901312829361,0.028164342900417798,-0.315649215106789,0.9597640723946577,0.6141098687170639,0.9718356570995822,0.684350784893211,-0.40472888387380646,-0.4045650893240252,-0.3858901312829361,-0.2117874892623135,0.2976355580630968,0.29771745533798744,0.30705493435853193,0.39410625536884325,285.108814693793,276.181527832192,276.1439713210469,263.4444360942586,279.16880580295856,278.30659189547924,238.91623971257508,115.37405353549143,274.5590489573569,274.5850466067534,306.58164074922684,271.3403254629048,252.37686005711353,275.40185555239196,0.05484132001517259,6.954102920723227e-05,1.2022527605128521,1.202331507477199,1.6470440681440546,1.0012686176478902,0.7496012759170654,0.7209489344591877,0.8131914893617022,0.7273061374494671,0.15883929183302112,0.1499599898646282,0.17465084650792265,0.15224013928000296,0.40466673631049677,0.9941253171869593,0.9943546668542654,1.1637430848588277,0.9719578972387795,0.9068303353443246,1.1527130005214816,31.281538438294433,0.09438934795587987,0.01820376260592284,0.3437213978624466,0.001,0.001,0.001,0.001,,,,,,,,,37.06150317942544,4.602046177790834,-11.76291673959857,1.1725940447395349,1.9511279836465407,2.514030803001749,6.704521504519907,10.71594462286748,17.194192103616263,3.215783473535854,0.022222222222222223,0.0,0.007810895475412289,0.6145833333333333,0.6916666666666667,0.8121212121212121,0.55,1.8878554687003255,1.6470440681440546,1.1855040393237606,1.7221937974420791,0.020178533379552853,0.06470440681440545,0.18550403932376058,0.040121877635671065,0.0015923566878981443,0.009554140127388533,0.09235668789808915,0.0,0.785475885854147,0.5860959395239849,0.8383317087770529,0.7547090909090909,0.6934561403508772,0.6594717042447334,0.28386358352696356,0.3320163569775464,19.0,45.0,1.0,0.0,4.0,15818.0,6285.0,982.0,125.0,11.0,380.9738368018011,0.09600818252836829,0.9804150368845742,0.979438768767784,0.9192108195323703,0.9829568691218565,0.7668588491741216,0.999572175109624,0.08463196508315528,0.39070489137588504,0.08333380557387364,0.13055670554000628,0.7072545828180348,0.0445997013853252,0.042805269667739974,0.016242520152728625,0.13097065506661626,0.00036874196245324255,0.21000222697640702,0.04547192495310368,0.018175953817570225,0.06685496168441069,0.9861243483421896,0.08824680811931016,0.01837338515090821,0.2573957398323726,0.6446354713874435,0.0483429170576148,0.008487726148769442,0.22549432482575404,0.8667558002051939,0.026528193648516663,0.010282799242137484,0.04611436837948976,0.7549252326384435,0.10621929212654216,0.01640853373851229,0.17785787181416185,0.2990346612505066,0.014658594193425597,0.0016040965300088137,0.07742452030703084,0.8199831482015697,0.016006394186069247,0.005918295170399491,0.0576366282505343,0.9260596525745791,0.06882095540217138,0.013593431178933376,0.23290472569873258,0.9016742197291702,0.007116319330389524,0.011445040266775315,0.039726742164973204,0.6633510668748438,0.0066412976602565075,0.0581359402832716,0.12829666770870252,1.0105539560317993,0.4322594404220581,0.09934492409229279,0.5307619571685791,0.4052612746924831,0.258636887909703,0.11348157883492208,0.3020375225412279,0.10646104711976583,0.10785995987550819,0.16371931101739204,0.10257897164054444,1.119259238243103,0.43776726722717285,0.15253442525863647,0.5521801710128784,0.5061033787358915,0.34486217762272176,0.13827685687041472,0.39736543584761996,0.13295199668894941,0.14381869864577684,0.1994913356766603,0.13495454946059457,0.0,0.0,0.0
D_malignant_only,softimpute,03_limma,False,ok,1578.5,0.1531342278379116,-0.31440010951372416,0.0611945616958491,-0.24257218812460604,0.8468657721620884,0.6855998904862759,0.9388054383041509,0.757427811875394,-0.198620070670854,-0.3012482734131299,-0.31440010951372416,-0.24055335524933558,0.400689964664573,0.34937586329343506,0.34279994524313795,0.37972332237533224,284.84823615832283,295.286347824116,295.2056965447773,265.2832280676622,281.4227373937426,278.0270734102233,223.81600524631858,115.37941860651144,259.7379467374325,259.74654431799064,300.8097517284541,268.5941104776545,252.38955805399638,275.2162835016601,0.008047035023391073,0.0,1.1902660205644915,1.1904698836263723,1.5678640666982877,1.001216036404862,0.7617810760667904,0.7310885608856088,0.8115942028985508,0.734368262181975,0.1599408686503027,0.15322108699303066,0.17489529396275666,0.1537287790438184,0.40505575938473376,0.8796138008118902,0.8798832385627485,1.1339192225591082,0.9544151015127845,0.9077877019609552,1.2296541670412418,23.79111550556037,0.00037798717729398644,1.1861703246211055e-05,0.0006409057038779463,0.001,0.993,0.858,1.0,,,,,,,,,30.232648332623523,5.240381299918784,-11.097704221555654,1.6479644890853204,2.319728489993503,3.49558178812521,7.437151510508055,10.794714675307109,14.58984042673244,2.8319367164111213,0.022222222222222223,0.0,0.0015604711227443675,0.58125,0.665,0.8112947658402203,0.5416666666666666,1.8026263626939432,1.5678640666982877,1.1639682523978039,1.6257503372525366,0.01824150824304416,0.05678640666982877,0.16396825239780388,0.03476390762514092,0.0,0.0,0.06847133757961787,0.0,0.785475885854147,0.5860959395239849,0.8591004137562842,0.7784363636363636,0.7297894736842105,0.6924612402894599,0.31975187631530255,0.38538174165833744,19.0,45.0,1.0,0.0,4.0,15818.0,6285.0,982.0,125.0,11.0,380.9738368018011,0.11832707055948821,0.9469643990158105,0.9462904751473125,0.9965868110098516,0.9998927754436872,0.9942142561528539,0.9998785483245566,0.07525151232794441,0.25043306596246495,1.595176566507217e-15,1.6588488229076407e-15,0.6755604696550122,0.046848719213840644,0.01619372656388266,0.0005086885781067716,0.02745023767653182,0.00014753984974866466,0.09328717818158452,0.0004927504444564249,1.5470367581545926e-05,0.0008352748997571454,0.9825595248909095,0.00021337323165097666,6.6921320625373716e-06,0.0003616997396565407,0.5345727789259537,0.0034313630418775264,0.0001078355673860326,0.005816523319196893,0.8704704058697272,0.008376506472678602,0.00026310994609976394,0.014199160912731105,0.8361627846529165,0.0675571712658124,0.0021219191174147293,0.11451738814616307,0.5731951232284518,0.046913658613962475,0.0014741751233665482,0.079523725538664,0.5260581000740046,0.022154114012916788,0.0006955715456681062,0.03755403535226153,0.7836208306949478,0.01163383635601117,0.00036563820208904027,0.019720562978344257,0.6907054998761633,0.0002211900074501639,7.053228208297061e-06,0.0003748574173525121,0.8649724701554627,0.0009433021920101086,2.942055119111527e-05,0.0015991484611910718,0.9366191625595093,0.1953611522912979,0.07104060798883438,0.24245603382587433,0.3484076540603098,0.20116433315636886,0.08387341994031575,0.24190295032431816,0.09152575385829162,0.08389204292546432,0.12100376701029103,0.08215587147022486,0.9571777582168579,0.3231911063194275,0.24712276458740234,0.46489548683166504,0.38974050934486776,0.2292960780515314,0.08279275868532861,0.2764080590114577,0.10238378379807013,0.09562389177403077,0.11944470237684024,0.09387460937964753,0.0,0.0,0.0
D_malignant_only,softimpute,04_sva,False,ok,1818.1,0.4113479282063651,0.14342573160349162,0.09149136230382367,0.187085895694358,0.5886520717936349,0.8565742683965084,0.9085086376961763,0.812914104305642,-0.30771518957769695,-0.324150165040634,0.14342573160349162,-0.2040315652325257,0.3461424052111515,0.337924917479683,0.5717128658017459,0.3979842173837371,579.5013029430633,597.5561709613994,597.5594935983715,617.6381679590818,584.1634775902731,593.3834974702448,489.20270780465484,121.26076570252422,519.2641085375436,519.1462706530864,381.21524632286156,521.6146392962554,249.2762210876586,553.1570077509626,0.6044997145014229,0.0,1.073949990415312,1.074933630582854,1.0058308217785272,1.0018908875269832,0.7967479674796748,0.015151515151515152,0.826271186440678,0.7664739884393064,0.17590822266407966,0.0022825254437753503,0.18203538581937215,0.169328191373437,0.20925020372980638,0.8689795767686695,0.8687775463609523,0.6172145215418696,0.8929257978399517,0.42009294520388735,1.130731696546221,71.41535008722447,1.6106896732673754,0.1098392160845901,3.675734654438178,0.001,0.001,0.001,0.001,,,,,,,,,23.96414480248572,4.800833629257199,-7.419266276662251,-0.26136023954093185,0.02100273487934512,2.342937107852845,8.503238213195337,13.655250453118862,16.440314569618913,4.368817598008492,0.2,0.0,0.17439629166351603,0.5486111111111112,0.638888888888889,0.7840909090909091,0.5263157894736842,1.2171943632868703,1.0058308217785272,1.029051294677884,1.050805193205889,0.004936235529247051,0.0005830821778527228,0.029051294677884032,0.002822510733660503,0.0,0.0,0.004777070063694322,0.0,0.7909444444444444,0.5879767510218239,0.9299808080808081,0.9932,0.9752573099415205,0.8321214062295339,0.8274991817055672,0.8191821702591471,19.0,45.0,9.0,0.0,4.0,13793.0,6285.0,982.0,125.0,11.0,380.9738368018011,0.02638922436032798,0.9438069803932101,0.9421391000131064,0.3966272139942496,0.905240247735343,0.22763119682029131,0.9987381794597809,0.5428061113520621,0.6325272906515915,0.4814101722113129,0.6034753596522958,0.8858442844681523,0.08702379074484062,0.4688767518221038,0.06738155374719441,0.6704516045722753,0.001497355866193007,0.28520322301365114,0.09736862820002314,0.0019733799133966126,0.13013264092150162,0.9868975367803542,0.6427930032133733,0.09153887620746484,0.7976324538033656,0.979071341889543,0.35673076714279317,0.17381014461278468,0.6702610254680208,0.9689402482901829,0.8753757163227042,0.020243234422015872,0.9011308817897983,0.9510310722952904,0.22230293084190766,0.1595003322902646,0.8639343287585932,0.9664107659682768,0.30997508455665124,0.1475941844338655,0.635128354004902,0.8975414375205315,0.5776215301596724,0.012583582026251957,0.6562748653563217,0.9113242091720386,0.36884252968405734,0.004686809012331319,0.4115517707811103,0.9639564960653865,0.4769147786983127,0.05753239429927419,0.8016895395563521,0.9480665136862688,0.7608425494015435,0.004352600254294488,0.8367801852827876,0.9763737320899963,0.9119157791137695,0.3775204122066498,0.9971500635147095,0.16507119852003663,0.005300467666601116,0.03485767699387655,0.0493976861346453,0.04336375997704919,0.0022104667066695583,0.050288997735975005,0.016776603789095876,0.8734947443008423,1.0020722150802612,0.3475434482097626,0.9355218410491943,0.17274152638757811,0.006357473742432463,0.036419124600510125,0.054664039046311175,0.045378734482447045,0.002651272478223463,0.05254169045467321,0.018565179795910176,0.0,0.0,0.0
D_malignant_only,softimpute,05_combat,False,ok,1520.3,0.15337798656541954,-0.1389623814943523,0.03589286673050881,-0.14679736777442162,0.8466220134345804,0.8610376185056476,0.9641071332694912,0.8532026322255784,-0.0748020012311255,-0.15787748660125328,-0.1389623814943523,-0.14745468745689203,0.46259899938443727,0.42106125669937333,0.4305188092528238,0.426272656271554,342.8434149298636,358.3613277190793,358.23215211246946,345.98296795091613,341.5059719401235,340.9482094054167,312.1427436365859,224.01312338553748,319.06027364051135,319.1000212387292,309.3257824989048,330.3807972794905,298.424770106191,336.0410605638899,0.04404484213619196,0.0003227335946390188,1.0384667572581463,1.0405056128795178,1.179336274035242,1.0017740123042538,0.7722513089005235,0.7429766885833832,0.7748618784530387,0.7613737734165923,0.16897606223390813,0.16305795768970313,0.1673024935189745,0.16667652428793375,0.6533977717826793,0.8903312075309192,0.8907632085981649,0.8940491618153532,0.9674231914673995,0.8752788895023592,1.0765621415666409,5.416608195128966,0.04045900342174509,0.0016676586164392107,0.07468919654843442,0.001,0.001,0.001,0.001,,,,,,,,,45.998293031690736,4.83281668153038,-70.27134293989167,0.056912925249858526,1.9912062843754954,3.0324403962185995,7.259601964174506,10.764593192203172,13.328967670292904,2.901766115883153,0.022222222222222223,0.0,0.018311354505551564,0.675,0.74,0.8264462809917354,0.6,1.3919592184168772,1.179336274035242,1.0886752680685685,1.240990460746611,0.008908164054929028,0.0179336274035242,0.08867526806856851,0.013388358930367272,0.0,0.0031847133757961776,0.04140127388535031,0.0,0.7968515325137676,0.5854956212686906,0.8297754876702245,0.7014363636363636,0.7004035087719298,0.6281288504310839,0.306273921719807,0.35816350208533093,19.0,45.0,1.0,0.0,4.0,15818.0,6285.0,982.0,125.0,11.0,380.9738368018011,0.31866627507161915,0.8702364870576753,0.8697661525864998,0.9204581031875679,0.9882390462687581,0.8948266511573063,0.9995095402164577,0.10393738100754209,0.2607545028642609,0.1010914102022417,0.11090422394195838,0.5919220683855164,0.07457169848695758,0.12140986660038515,0.0209224667277403,0.14353729133345713,0.00043200490113566115,0.33940419297186614,0.010395158050188575,0.000969302791654124,0.015493096432915156,0.8901888163432456,0.04206320483443467,0.0012378027077021572,0.07757243718146041,0.60173970458704,0.022153285658151986,0.003913860386370851,0.026981037964231135,0.9161930562516496,0.5902431751646724,0.1436483972774609,0.6338179483261993,0.8498689867739418,0.3891265459078563,0.0539010521972978,0.43155218206756085,0.2332270639360909,0.0021550930590159114,8.470024338344069e-05,0.004289549420588211,0.5264307273586375,0.03241167075403651,0.00012505050738344603,0.04769668015931861,0.5174399723269197,0.03404888939625304,0.002601148958384678,0.04853087146639381,0.6871507710907697,0.08936508179629629,0.002343674646815177,0.14544617042004654,0.35757739221500284,0.0021365613829457185,0.0003996775609504006,0.00399293989585733,0.8919469714164734,0.5728311538696289,0.14578045904636383,0.525345504283905,0.23910032617271115,0.10445242574940213,0.06051599370060005,0.13845374476067937,0.06281101274810881,0.04356004490033669,0.08730612400632344,0.04702211380175218,0.971290111541748,0.6840223670005798,0.11879663169384003,0.7148114442825317,0.27832255002697304,0.1273324773780059,0.07777036371723521,0.1685617044403164,0.0731145854866072,0.05310176754692355,0.11219891806298621,0.05724747757823651,0.016729358958148945,0.0,0.004502579209228925
D_malignant_only,softimpute,06_combat_seq,False,ok,1661.5,0.41258443902065817,0.08312093727673352,0.07925749025803634,0.0822524778211999,0.5874155609793419,0.9168790627232665,0.9207425097419637,0.9177475221788001,-0.28698147296911125,-0.318365359023569,0.08312093727673352,-0.1657963328380484,0.3565092635154444,0.3408173204882155,0.5415604686383667,0.4171018335809758,610.7343994717428,616.492556162339,616.5137557220642,653.9375777011982,614.1789734189138,624.2342786974904,530.1621170242336,127.70806461737335,557.2375453725133,557.1342370853235,393.7576593692454,551.1876510909274,271.1469866234259,582.9065780406567,0.5870956648166169,0.0,1.077739740079847,1.0780607851499755,1.0043039247705876,1.001600791966251,0.8281368821292776,0.06976744186046512,0.8664122137404581,0.8020527859237536,0.18346380066873483,0.014560739436380383,0.19556856819017235,0.1807218844092704,0.20910573356901946,0.9038836556945834,0.9036850060755011,0.6021334035481349,0.8974381653325962,0.4343673455248141,1.099487419645286,199.32288945176649,1.919754124221667,0.11537655974359844,4.303122858504697,0.001,0.001,0.001,0.001,,,,,,,,,36.0,5.0,0.0,0.0,0.0,2.0,8.0,15.0,19.0,4.62717101913235,0.15555555555555556,0.1111111111111111,0.16617658522817172,0.5584415584415584,0.6467532467532467,0.813131313131313,0.5263157894736842,1.2077654037002712,1.0043039247705876,1.0191836068940447,1.0365745160882547,0.0047219409931879815,0.0004303924770587608,0.019183606894044747,0.0020319175604585934,0.0,0.0,0.0,0.0,0.6408055555555555,0.47053777995642637,0.8461939393939394,0.9647818181818182,0.9277017543859649,0.7514794835816208,0.7840609611252458,0.7614844474292669,19.0,45.0,7.0,5.0,4.0,15818.0,6285.0,982.0,125.0,11.0,380.9738368018011,0.02706526400797138,0.9405381834873955,0.9385457501737402,0.3723206844587388,0.9027601915209076,0.22459027544202015,0.998545412091714,0.5103789621762829,0.6094812859328597,0.46683660824112877,0.5829245670005103,0.8333786007131903,0.08918346466716899,0.30665050639710045,0.04988537238664611,0.4204462940671272,0.0010469213722730428,0.9187529620341577,0.6442824798567028,0.09029740584172384,0.7750336414147334,0.9960140890786496,0.6681157203957704,0.1029409373788494,0.8171773894877679,0.9697590840336264,0.39121158396534383,0.11601228678876498,0.6672326957729348,0.8157831097810122,0.41110363904980957,0.002866937987563121,0.4557770894000822,0.8840392553402586,0.35036363389708514,0.0019484298311922975,0.4025162504393418,0.7780685017736547,0.05990043095478223,0.015026230877014614,0.14188116803426126,0.8970751877191342,0.2962041033729035,0.1504406862159419,0.5791481570586867,0.5964421018634805,0.0692958541597618,0.005876354472026315,0.11052341773688348,0.6317134860625944,0.11550591859523171,0.004481147643308819,0.1309767611764587,0.8461382294453339,0.06052169972361388,0.008963306830075858,0.12419637015012176,1.0026756525039673,1.0069952011108398,0.2973875403404236,1.0662890672683716,0.1529969416658277,0.0036071293606166578,0.020165829082254588,0.0365314253491246,0.0401918851689578,0.0015042897834345774,0.029093141612383133,0.012406922204061607,0.9904946088790894,0.9556949734687805,0.0869942232966423,1.0072863101959229,0.16652369526528307,0.003653635246379128,0.02462162257753293,0.0452906739720916,0.043745326966281826,0.0015236842441894033,0.035521492791246494,0.015381766880736385,0.5870956648166169,0.0,0.16617658522817172
D_malignant_only,softimpute,07_pycombat,False,ok,1537.0,0.12898585745490293,-0.2983574328908039,0.029555994712281822,-0.2517247998787229,0.871014142545097,0.7016425671091961,0.9704440052877181,0.7482752001212771,-0.08052395840462051,-0.29673106458839116,-0.2983574328908039,-0.2509578257569061,0.4597380207976898,0.3516344677058044,0.3508212835545981,0.37452108712154697,201.39175964104535,205.24906347879815,205.18037501003164,190.2068731530505,196.83948777427423,196.60055821311724,157.61623643344046,95.61022920630873,187.7203550841657,187.74645392670217,208.62987929607544,193.66204809318117,185.13238089116055,195.40232124890483,0.0021466028939838987,0.0,1.181090315731466,1.181826434310734,1.4508031216328372,1.0010895413149015,0.762775083923909,0.7450697450697451,0.805978898007034,0.7435665914221219,0.16345397827995806,0.1601565812893791,0.17791413308008386,0.15992815383343964,0.4747474741604202,0.9145978641873651,0.9150312446671516,1.096857730941199,0.983857712103291,0.941667625838961,1.2397347232143878,18.426625226125164,6.173662813531701e-05,7.988142012547677e-06,0.0001476330714452028,0.001,1.0,0.927,1.0,,,,,,,,,33.745354416918794,5.375220395373047,-20.341791935232525,2.048142825291346,2.428369148356756,3.417948685336268,7.251262360469614,10.054430952882392,12.357195932695449,2.4895845640015013,0.022222222222222223,0.0,0.0006265615806756578,0.625,0.7,0.813131313131313,0.5714285714285714,1.6628222330220577,1.4508031216328372,1.1129790294785062,1.4939041526900543,0.015064141659592219,0.04508031216328372,0.11297902947850624,0.027439119593891906,0.0015923566878981443,0.0,0.03821656050955413,0.0,0.7909444444444444,0.5879767510218239,0.8833909090909091,0.8609636363636364,0.8212807017543859,0.7029109958055962,0.3653783108728797,0.4226739269495891,19.0,45.0,1.0,0.0,4.0,13793.0,6285.0,982.0,125.0,11.0,380.9738368018011,0.16796776769754218,0.9321033535306681,0.9314454514901196,0.999924932058615,0.9999932598414754,0.999839353586276,0.999900043470441,0.05173768754938076,0.17554360605695216,0.005841012276022603,0.009778581266000856,0.6420735963860825,0.05580154398860432,0.00011939758337161338,9.287458160286732e-06,0.00023431503501097336,0.00015817147467097874,0.5451942010484941,9.523027060073352e-05,1.7680592310220505e-06,0.0002698237565117162,0.9726019696249513,7.064147980377045e-06,5.542055888296621e-08,2.7313371244494674e-05,0.7608993284231916,0.00048773691743719686,6.980309486655238e-05,0.001085029420076766,0.9321264806769758,2.5840712670739937e-05,3.7448144260791564e-11,3.491996730018731e-05,0.8462950167885562,3.609781176809163e-05,1.2031617756127713e-07,0.0001618001188384656,0.23701529552309006,1.3715227550491286e-05,3.754059224403033e-07,9.788605252378875e-05,0.648783785773916,8.22524008458304e-05,2.629348042743383e-06,0.0001115289441644975,0.8675028465177673,0.00011610683997540083,6.951359058479921e-07,0.0001352296511777194,0.34177310471717065,0.00015924245976084594,2.6749222573604982e-06,0.0002136358884949249,0.2685439347667122,0.00017068904512642638,1.4752841192312218e-05,0.00020598317977717307,0.9266881942749023,0.21429011225700378,0.09876173734664917,0.2830456793308258,0.3309604683245608,0.19382037100650878,0.07307231532036565,0.22614958516655986,0.08694242508075092,0.08082937282757902,0.10542106693896615,0.07680566205198858,0.9671036005020142,0.5170089602470398,0.2031637579202652,0.5431507229804993,0.36921186074288787,0.22122710729448095,0.0727687663332067,0.2597654667716251,0.09699096301158151,0.0922588696028857,0.10498313832052507,0.08822239775033944,0.0,0.0,0.0
D_malignant_only,softimpute,08_inmoose_combatseq,False,ok,1680.7,0.4125849765841517,0.08312153138233566,0.07925748786297718,0.08225313176791278,0.5874150234158483,0.9168784686176643,0.9207425121370229,0.9177468682320872,-0.28698151476829376,-0.3183655735574513,0.08312153138233566,-0.16579656127470327,0.35650924261585315,0.34081721322127434,0.5415607656911678,0.4171017193626484,610.7343941813743,616.4925443020992,616.5137438387493,653.93757585884,614.178970422198,624.234273761761,530.1621095205559,127.70807434422879,557.2375465594623,557.1342383089329,393.7576481180539,551.1876452491928,271.1469860829607,582.9065736343717,0.5870956648166169,0.0,1.077739740079847,1.0780607851499755,1.0043039247705876,1.001600791966251,0.8281368821292776,0.06976744186046512,0.8664122137404581,0.8020527859237536,0.18346380066873483,0.014560739436380383,0.19556856819017235,0.1807218844092704,0.20910575130684775,0.9038836750090522,0.9036850254787715,0.6021333880392447,0.8974381601999434,0.43436734809348837,1.0994874268957366,199.32286046587703,1.919754179543584,0.11537655635991893,4.303122954190222,0.001,0.001,0.001,0.001,,,,,,,,,36.0,5.0,0.0,0.0,0.0,2.0,8.0,15.0,19.0,4.627170964706656,0.15555555555555556,0.1111111111111111,0.16617658522817172,0.5584415584415584,0.6467532467532467,0.813131313131313,0.5263157894736842,1.2077654037002712,1.0043039247705876,1.0191836068940447,1.0365745160882547,0.0047219409931879815,0.0004303924770587608,0.019183606894044747,0.0020319175604585934,0.0,0.0,0.0,0.0,0.6408055555555555,0.4705383207044886,0.8461939393939394,0.9647818181818182,0.9277017543859649,0.7514795794173227,0.7840609683231153,0.76148446204915,19.0,45.0,7.0,5.0,4.0,15818.0,6285.0,982.0,125.0,11.0,380.9738368018011,0.027065264834369884,0.9405381830322924,0.9385457506338873,0.3723206820917456,0.9027601941013639,0.22459027617565142,0.9985454125974312,0.5103789621762829,0.6094813084358736,0.4668366199931157,0.5829245812521661,0.8333785759249122,0.08918347306298892,0.3066503262278837,0.04988540680851284,0.42044621568379653,0.0010469203633452421,0.9187533083143155,0.6442816022710673,0.09029799529773425,0.7750342309844698,0.9960140894018236,0.6681157282725702,0.10294093602775291,0.8171773950503216,0.9697590577020708,0.39121156227897114,0.11601224940254432,0.6672326485581742,0.8157832078772896,0.411103310327315,0.002866934817520088,0.45577677536776906,0.8840391287004273,0.35036354471478176,0.001948420429961146,0.4025162205125255,0.7780689018199152,0.059900906266610085,0.015025860496694268,0.14188070141988662,0.8970746549559028,0.29620325967334155,0.15044065830964212,0.5791472102251117,0.5964415725942099,0.06929567066156062,0.005876513914273715,0.11052371601591689,0.6317137416954985,0.11550683230961507,0.004481347577032094,0.1309778627124914,0.8461380961876678,0.06052084550300485,0.008963151811973467,0.12419539599129809,0.9965970516204834,1.004009485244751,0.31683462858200073,1.0583429336547852,0.154020919998764,0.0036071293606166578,0.019997195935116136,0.03663288724008192,0.040460881523556626,0.0015042897834345774,0.028849855407276987,0.012441381023441198,0.959525465965271,1.0392141342163086,0.16662660241127014,0.98784339427948,0.1663928509993037,0.003583876417735423,0.0249980920149458,0.047270351016874886,0.04371095452944746,0.0014945925530571646,0.0360646233816483,0.016054111275981324,0.5870956648166169,0.0,0.16617658522817172
D_malignant_only,softimpute,09_ruv,False,ok,1588.6,0.3232097841600399,0.09689124525586205,0.0908087748634658,0.22501029190183772,0.6767902158399601,0.903108754744138,0.9091912251365342,0.7749897080981623,-0.1622755138433168,-0.16018491024585274,0.09689124525586205,0.17103632176148026,0.41886224307834163,0.4199075448770736,0.5484456226279311,0.5855181608807402,268.31891441093427,264.73147053884077,264.7956144120071,271.79576475954667,270.0578218014065,270.88568580706266,299.948235170577,139.73517617927016,257.9348345469584,257.8763388790052,231.8390724910875,251.64470288764255,185.62169585069813,260.69818221685216,0.20919157550617487,0.0,1.0977394116787336,1.0992222505865217,1.0058625047725644,1.0019489144330938,0.8051511758118701,0.14035087719298245,0.8045292014302742,0.7665647298674821,0.17960346115232076,0.031979164221697456,0.17993364044306084,0.17075171433264774,0.5207801935470853,0.9743263013722988,0.9738693726164364,0.8529900114381539,0.9318178648152452,0.6852399575771845,0.8691439110104989,7.5008754642945625,0.6502309428292427,0.07601469919890003,1.9303008343602432,0.001,0.001,0.001,0.001,,,,,,,,,115.0,4.0,0.0,0.0,0.0,2.0,6.0,8.0,10.0,2.4089411002032373,0.06666666666666667,0.0,0.06425598139859195,0.5833333333333334,0.6619047619047619,0.8484848484848484,0.5416666666666666,1.2436389710020852,1.0058625047725644,1.0432340162348017,1.0698758041843324,0.005537249340956482,0.0005862504772564447,0.04323401623480172,0.003881989121351798,0.0,0.0015923566878981443,0.01273885350318471,0.0,0.6261666666666666,0.38485465390211226,0.7910040404040404,0.9148181818181819,0.8800818713450292,0.5987188059654437,0.5928858084939902,0.5954869391180395,19.0,45.0,3.0,0.0,4.0,15818.0,6285.0,982.0,125.0,11.0,380.9738368018011,0.19374551727787948,0.9385231758831685,0.9354369325449055,0.6582670375805713,0.9278268853699082,0.42865200985150964,0.9972667184016166,0.13494465587559212,0.4044729355046899,0.30121897393352404,0.3523717926333592,0.7893836997716709,0.06884183656859069,0.32003799797194665,0.05901564585804302,0.49874800988713003,0.004677486332613289,0.8552955327615521,0.19314235543521674,0.0385549413971448,0.3313928636196651,0.8750075205857376,0.4365523193587109,0.06370837798434512,0.6672335799690948,0.9063480302526853,0.2553975758871868,0.09325451839137802,0.6310458766357345,0.9423456324948415,0.23415398759834669,0.32997793069515546,0.8632155769699107,0.7928534470695078,0.33738549779349686,0.00838711701873036,0.40093890223162054,0.9413120496779167,0.6184548282221362,0.013864804852457948,0.7242174235753917,0.3957636564276524,0.0369089340636111,0.008154380795300474,0.09204874731252977,0.8651195416494929,0.6054189349056839,0.013031962507234216,0.6323126801991084,0.4811017326743956,0.10513033243731688,0.0013223265685830704,0.20322194097319943,0.8386898541229268,0.37783521401776093,0.019900098370100747,0.44185250738504606,1.0279207229614258,1.0877413749694824,0.21520192921161652,1.034458875656128,0.19216324311153835,0.004281226311184297,0.04593430363530783,0.06166370404033786,0.05048076724110437,0.001785410046781592,0.06626919206134649,0.020942428923351172,1.0221903324127197,1.1618297100067139,0.2794991731643677,1.1316349506378174,0.20539978751359636,0.007965602587217523,0.049593702164097184,0.06733028675348801,0.05395797186264061,0.003321914296082487,0.07154858817146727,0.02286693228485549,0.20919157550617487,0.0,0.06425598139859195
D_malignant_only,softimpute,10_mnn,False,ok,1676.9,0.006630457273773613,-0.2884702107512202,0.06040472938844444,-0.12336212610725374,0.9933695427262264,0.7115297892487797,0.9395952706115556,0.8766378738927463,-0.13765582930114903,-0.13591219945384875,-0.2884702107512202,0.11037972120665784,0.43117208534942547,0.4320439002730756,0.35576489462438987,0.555189860603329,0.26382515198749423,0.2900814736552704,0.29005799977999924,0.24358362893360205,0.26645777582237257,0.2625488388064069,0.2734417695736235,0.16954952248268348,0.2344519867511716,0.23438778599496016,0.2975213360438781,0.2502411045514572,0.22688039963348808,0.25829217771925256,0.0,0.0,1.2180489624746196,1.2194055752852346,1.473992752907904,1.0012008021798124,0.8577524893314367,0.8411133661930994,0.8553929908132017,0.8545454545454545,0.1886975714144661,0.185219582652989,0.18938607166432272,0.18851507562232256,0.6426586745251659,0.8082280601959149,0.8080721309970303,1.221434040318772,0.939139808471096,0.8641455078031433,0.9445966434535821,4.343305745143956,0.14827361991649962,0.08305171864539253,0.8552674336277231,0.001,0.001,0.001,0.001,,,,,,,,,13.226694075641626,5.738420513550895,2.18682346944643,2.450268999815531,2.6210047359239232,3.606791339872491,7.182781069814617,8.93525610262363,10.76277519337147,2.1144886114465007,0.0,0.0,0.0,0.7083333333333333,0.7666666666666667,0.8939393939393938,0.625,2.0389004783303664,1.473992752907904,1.219016180220089,1.7650309325693658,0.023611374507508328,0.047399275290790396,0.21901618022008895,0.04250171847607588,0.0,0.08121019108280259,0.14490445859872614,0.019108280254777066,0.7806944444444445,0.46913359071412214,0.8153474747474747,0.926,0.8967836257309941,0.5563670036344647,0.47007838657472895,0.5027845581412587,19.0,45.0,0.0,0.0,4.0,13793.0,6285.0,982.0,125.0,11.0,380.9738368018011,0.4859065191895676,0.9115554226012643,0.9105640295206843,0.9156527077995593,0.9537535866579989,0.7121606970777198,0.9992085763137588,6.401670722762022e-05,0.00020713619998142749,9.553540712717582e-05,0.00017370866675463063,0.28761500373272814,0.09959790498840775,0.050879117263218906,0.023997598484408706,0.1565905019729503,0.0004190737346659379,0.39328400685445725,0.02779018809980678,0.017271543797076124,0.08406039575106047,0.9777494752789465,0.14780692671435722,0.08995170925102798,0.5511333022256074,0.0964899956109326,0.04797957090890358,0.0190411161230232,0.06940980066739072,0.13052116527570115,0.024119065041159137,0.0023555731827226718,0.037477112443388964,0.6663951131427652,0.14650172330151406,0.04158289505865178,0.49432841981426046,0.17812481484303455,0.013340620860649287,0.04582821334751289,0.10090194788459371,0.10069726509004515,0.042763287436996845,0.0009232119269222844,0.05894828334912073,0.17327342343532068,0.027067103820646116,0.00026128268262357664,0.06640842037551298,0.10489327038417567,0.02776667137550265,0.0066919459607188364,0.07000759846563495,0.05472150741190271,0.0036560150726534547,0.0160684935138077,0.03322973875293268,0.841076135635376,0.5184316635131836,0.1745249629020691,0.6923997402191162,0.6865062096752844,0.4083205372745611,0.21527910618453483,0.5567599095270019,0.18034333527601648,0.17028289012724332,0.310582098899437,0.18908862213358504,0.77715003490448,0.47684329748153687,0.39045965671539307,0.6536000370979309,0.7725673555340414,0.46712947654039444,0.24585242211342512,0.6225704592665247,0.2029513668758838,0.19480812270639705,0.35469007017357856,0.21143941636133753,0.0,0.0,0.0
D_malignant_only,softimpute,11_harmony,False,ok,1828.2,0.08288313791501069,-0.1647190226786699,0.024750340012982087,-0.19145816125016357,0.9171168620849893,0.8352809773213301,0.975249659987018,0.8085418387498364,-0.3899706069442361,-0.3881639875329445,-0.1647190226786699,-0.16242474970125398,0.30501469652788193,0.3059180062335277,0.41764048866066505,0.418787625149373,419.027819031739,422.1196682496643,422.27724948292314,448.40636473948354,404.39556641429067,426.64070131023203,384.95663534811854,75.03574157436293,381.6894650843259,381.51080030341956,268.1894662417801,393.72002271531926,192.196704156572,399.11648513919795,0.2439230623340498,0.0,1.1216275979588353,1.1222195925153915,1.0863727121745352,1.0017008326871404,0.6798418972332015,0.5676126878130217,0.714487632508834,0.599421965317919,0.14539290959139245,0.11736835051642,0.15498965848947968,0.12829235382663762,0.17907102623341434,0.9042209918031447,0.9034604652999375,0.5980946911794921,0.9736012345693359,0.45048844042850955,1.0367829736933216,65.54019774419875,1.5779287034426828,0.01054841893140794,3.0013311458435123,0.001,0.001,0.001,0.001,,,,,,,,,24.24814305108569,4.883964229520252,-3.2843714673914803,0.5757981167288794,1.0224912618895166,2.5091891429071946,7.671706930035716,12.05196360203749,14.289148801625316,3.493628751297772,0.022222222222222223,0.0,0.046985645085963416,0.5729166666666667,0.6583333333333333,0.813131313131313,0.5454545454545454,1.3661944777941788,1.0863727121745352,1.1164738040890938,1.2151316335707243,0.008322601768049519,0.008637271217453524,0.1164738040890938,0.011951757420595795,0.0,0.030254777070063743,0.07006369426751591,0.0,0.8336944444444444,0.6300263832884874,0.9341545454545455,0.9909818181818182,0.9726959064327485,0.8281560430376119,0.8017480985088772,0.7888971603834727,19.0,45.0,1.0,0.0,4.0,15818.0,6285.0,982.0,125.0,11.0,380.9738368018011,0.039793131715191055,0.939428835458428,0.9361355824463725,0.41452885703296416,0.990007261999801,0.28250322325599053,0.997789213858148,0.45203264128806747,0.5176017078073473,0.3746704802877905,0.4869830254413837,0.6455122303570004,0.040638002520457496,0.18842872042912504,0.007740834946354846,0.22094768294047262,0.0013122100813174283,0.1940357922551496,0.07641905631448781,9.438465828517254e-05,0.08129385926101687,0.9895572446252593,0.62186503478575,0.009088772692872121,0.762794150692275,0.8441667680012112,0.3120025628242116,0.05187563936375617,0.359794860190637,0.8762752002571079,0.01678151187917435,0.0002520686955141507,0.022620905039795667,0.678606714072576,0.008488342238820666,0.0035047715353826135,0.03233982040624865,0.22310843996930307,0.011306079529865974,0.00021185232688894007,0.02610274570902265,0.648946887531366,0.10455632067473569,0.0016272208018021364,0.15030702370997365,0.6129077064181472,0.026630936297452747,0.002073441784162351,0.042507555105409794,0.7773586169684583,0.6031842116874726,0.0018796154004229128,0.6157830893365018,0.6101589334714252,0.10305314805927922,0.0068005822044618835,0.11593281995384527,1.0633747577667236,1.1035884618759155,0.09591362625360489,1.077241063117981,0.2363933125506418,0.040415288655072254,0.08270694310633185,0.12517089813001156,0.06209988754871329,0.016854484477925993,0.1193208966665906,0.04251094996896386,0.9063078165054321,0.8291909694671631,0.18584798276424408,0.777712881565094,0.27644373050622634,0.06583501632133747,0.09891927091838167,0.16312910110568762,0.07262102465062668,0.02745533429594165,0.1427103416023011,0.05540243905882161,0.0,0.0,0.0
D_malignant_only,softimpute,12_scanorama,False,ok,1817.9,0.1525802606751205,-0.02818705907767145,0.1156334293765797,0.04238928574731793,0.8474197393248795,0.9718129409223285,0.8843665706234203,0.9576107142526821,-0.14264497510900667,-0.15440740907058595,-0.02818705907767145,-0.10852057883691861,0.4286775124454967,0.42279629546470704,0.48590647046116425,0.4457397105815407,0.5232559118517213,0.5478490275720124,0.5476955983894611,0.5323760322563806,0.5384820014579678,0.5308756222406585,0.47333313012281225,0.219977235066101,0.4738646096341351,0.47387160005563,0.43477542478216435,0.47279438165908916,0.31646237523251325,0.5057809320781538,0.0,0.0,1.1207363910454429,1.120770892486798,1.1161938632195003,1.001427711739775,0.8719712832784924,0.8772044415414761,0.866580310880829,0.8755005460502366,0.19431390794766956,0.1969971428499584,0.19536826813996602,0.19716071609262395,0.42040085947167954,0.8649547334860381,0.8652098016655311,0.8166697943546527,0.8780133419111019,0.5961139709087138,1.0685517237023374,48.43889941535232,0.630464556345925,0.16056414088491594,2.056976995881456,0.001,0.001,0.001,0.001,,,,,,,,,13.230531138228224,5.726891477135135,2.1859097548049937,2.4477563122271513,2.613305115198467,3.59624843688696,7.171540033075977,8.928108055738731,10.758961232383385,2.1140611455655347,0.0,0.0,0.0,0.5669642857142857,0.6535714285714286,0.8409090909090909,0.5454545454545454,1.5071036589777815,1.1161938632195003,1.1139888045600623,1.3008351198065562,0.011525083158585943,0.011619386321950032,0.11398880456006233,0.016713062211475345,0.0,0.0,0.0573248407643312,0.0,0.8025,0.5243629662405686,0.9050333333333334,0.9750181818181818,0.9559883040935673,0.7595513257837377,0.7902071166644746,0.7711771842313345,19.0,45.0,0.0,0.0,4.0,13793.0,6285.0,982.0,125.0,11.0,380.9738368018011,0.28996971515995096,0.9257284376102684,0.9250541298087033,0.7095317036462074,0.9082619166764778,0.5075127877481256,0.999075024490804,0.0002264333104101201,0.00046216109925503593,0.0004189805767747518,0.0004909929195451706,0.4804480944633146,0.09103879900154993,0.20761366738207063,0.05442108353646248,0.3500459320819323,0.0009359321273831198,0.11573440038317917,0.016368527334808612,0.006378708790482654,0.04134763822275254,0.9934727912333238,0.2066068160932957,0.13911800128547488,0.5883039898387818,0.9443478645844429,0.8523090080957472,0.13636437192901799,0.8915762762021808,0.2544449717685109,0.1912466136797946,0.00983308166890625,0.22441996197801753,0.7461897726737617,0.5968106157290718,0.036639416235026666,0.6861841892630651,0.08836002934242124,0.013871405387368472,6.491519928922393e-05,0.034784886092494416,0.8018312140573894,0.13109347799334664,0.18926294509793895,0.5292961693035089,0.4459479305912161,0.02925489659151789,0.022205881586623694,0.25843675192182086,0.22300064854877966,0.017386132774192348,7.87669184882427e-06,0.11129923895627335,0.19115132145012165,0.021189180141563273,0.004335636880015607,0.13481021904042734,0.950289249420166,0.8384691476821899,0.20958544313907623,0.9538538455963135,0.34055201266978097,0.09493334021617997,0.09625436986669504,0.21958096837003818,0.08946209798871049,0.039590277896245106,0.13886570207057303,0.07457480692372873,1.0208613872528076,1.1041786670684814,0.21370381116867065,1.0538960695266724,0.35343001012706177,0.09609013316057566,0.0952183114207462,0.22144707165676858,0.09284511329198152,0.040072698024229136,0.1373709856885315,0.07520857902766231,0.0,0.0,0.0
D_malignant_only,softimpute,13_fsmvn,False,ok,1727.5,0.13036841309239394,-0.20529265945522918,0.026835839135865427,-0.17014987360959127,0.8696315869076061,0.7947073405447709,0.9731641608641346,0.8298501263904088,-0.18218770102016696,-0.25265422732571524,-0.20529265945522918,-0.1589271558798633,0.40890614948991655,0.37367288633714235,0.39735367027238544,0.42053642206006836,146.18944406194802,145.61239456374847,145.5984153383125,145.67095700747842,144.78538699764772,144.74022594689848,137.9570243640191,108.04832215750186,142.74236416811098,142.74870292238026,139.47882433329426,143.1648572299669,138.23939313967395,143.9995803322955,0.32721447438353063,0.29539764824883047,1.213154893802811,1.216147740893731,1.5059862371630814,1.003072668395887,0.7899130434782609,0.7842605156037992,0.8112359550561797,0.7814029363784666,0.17110836748777725,0.17019794586765047,0.17606891714609949,0.1683967421423866,0.739097975581029,0.9802899306461099,0.9804275863215225,0.9574923320242464,0.9888073665354976,0.9550862052017971,1.0438002776308966,5.119266052031774,0.00015343934338867536,4.8089896517543284e-06,0.0002601323919408961,0.001,1.0,0.958,1.0,,,,,,,,,29.644385604110767,2.6247438368565223,-20.16865276591224,-0.269193827718815,-0.0599309277796718,0.5220377740152254,4.6016449858324044,7.146436070655227,9.617176169722066,2.4753304352452052,0.0,0.0,0.31834167151748916,0.8333333333333333,0.8666666666666668,0.8737373737373737,0.6666666666666666,1.8016558917720802,1.5059862371630814,1.129302613004591,1.609160974731036,0.018219452085729095,0.05059862371630815,0.1293026130045909,0.03384227637394645,0.0,0.0031847133757961776,0.05891719745222934,0.0,0.785475885854147,0.5860959395239849,0.7948043858975034,0.3942,0.4394327485380117,0.6076164865351353,0.19287551538887426,0.2518605640212712,19.0,45.0,0.0,0.0,4.0,15818.0,6285.0,982.0,125.0,11.0,380.9738368018011,0.37758275698434784,0.9423978915418731,0.9413504782519808,0.9980471004722163,0.9999386557693013,0.996689610653318,0.9998182079502996,0.010144834475018455,0.5421841157938633,2.984690453403393e-14,5.443212926614212e-14,0.4804605968146591,0.03505007149537758,0.0038540472977768928,0.00012124804679433875,0.0065329220744462305,0.00010568032789684812,0.316321844882382,0.011319018843246039,0.00035631666945829676,0.019186494212484802,0.8932241262431249,0.00018652997554178248,5.846731733566758e-06,0.0003161988118357265,0.5939516876847317,1.1569944688007585e-05,3.6365844774738163e-07,1.961223946574684e-05,0.6228430210502129,0.0010418687521614408,3.2728906097820346e-05,0.0017660873454344234,0.3278342394983528,0.00020845708449564564,6.4954094181356944e-06,0.00035339410428504396,0.4646691793603181,0.0011238442818519367,3.533882234010411e-05,0.0019050201289973658,0.14357576072532255,0.00018228674665885032,5.700008794759178e-06,0.0003090151153393328,0.4802020085714799,0.0007109557258767187,2.2253710879062737e-05,0.0012052073610063299,0.7268376035664358,0.009543971796499977,0.00030070509808591,0.016177471428374973,0.23514649656423017,0.014211969826748527,0.0004467314526879846,0.02409071999723856,0.9108031988143921,0.27903321385383606,0.0762510746717453,0.28880688548088074,0.3466689934826615,0.20111481203946907,0.06937998166618789,0.24236502886629227,0.0910690123997776,0.08387139101565759,0.10009415548677647,0.08231280409652263,0.9789419174194336,0.45517194271087646,0.16831272840499878,0.41456159949302673,0.40563661989102073,0.23961325934024133,0.07419996598104053,0.2872312999766826,0.10655964929412363,0.09992649055961897,0.10704792295497698,0.09755043388876639,0.09617177118386859,0.0,0.013985839118863308
D_malignant_only,softimpute,14_qsmooth,False,ok,1877.9,0.35374735929692713,0.2226586337483572,0.10879130499665034,0.36627406459940515,0.6462526407030729,0.7773413662516429,0.8912086950033496,0.6337259354005949,-0.251215983871871,-0.2773558697902408,0.2226586337483572,-0.20865435642372257,0.3743920080640645,0.36132206510487963,0.6113293168741786,0.39567282178813873,451.4410760992198,447.8883750816485,447.81508963437176,490.9078295763063,462.6893108465667,468.7166945513592,390.3672206622091,138.47094457989397,422.2651526429975,422.28280272686436,280.4244998631303,403.83500556075495,167.44366776239147,433.4459914342553,0.27086203146523596,0.0,1.0785032888510526,1.0803460453149696,1.0043212038273668,1.0020312415196415,0.8115358819584172,0.047619047619047616,0.6210526315789474,0.5109170305676856,0.18325222953586373,0.009392008152326612,0.13669303744717495,0.1159764078715864,0.3067309376815773,0.9427910527171419,0.9429847553186432,0.5712365600384895,0.8727995138289925,0.3572385402714603,1.1103544777631904,559.655190474384,2.9633125810649097,0.12261418737666399,52.09515459563958,0.001,0.001,0.001,0.001,,,,,,,,,19.81982169402165,5.181888383616784,-0.1149519850706534,0.126253823852411,0.4397709473435192,2.691295241807139,8.0590086684132,11.903807964559595,13.967661457186235,3.517295518999748,0.022222222222222223,0.0,0.1029799799870814,0.5470085470085471,0.6353846153846154,0.8181818181818182,0.5294117647058824,1.209490937099662,1.0043212038273668,1.011251668321785,1.0218186762178538,0.0047611576613559555,0.0004321203827366782,0.011251668321784924,0.0012121486787696571,0.0,0.0,0.004777070063694322,0.0,0.7669166666666667,0.47135084266902355,0.9251909090909091,0.9907272727272727,0.9706491228070175,0.8049695715177396,0.8322110362602456,0.8343421086023438,19.0,45.0,1.0,0.0,4.0,13793.0,6285.0,982.0,125.0,11.0,380.9738368018011,0.041339175819490204,0.9665126856215432,0.9652407234201038,0.3091581613015757,0.8974927555213835,0.08174361361210847,0.9986101425211843,0.38133489816716387,0.5584046970108656,0.4228757464742299,0.5174912039879951,0.8506120494787405,0.1047900242143139,0.4530649044997511,0.07010549083199236,0.6983945503237735,0.001570761810183409,0.9807191831913815,0.8717292533782627,0.00026170555880034095,0.8999621130571837,0.999979323182646,0.8212296250590184,0.11685752634317606,0.9998566410671494,0.9851634938751451,0.20316774440931637,0.052688751811462875,0.8427796510147538,0.9678912958416578,0.8707028883618931,0.01498476823285932,0.9222063985468523,0.9538862595305374,0.1634076143294811,0.2770927652659201,0.8890043450855863,0.947902091074655,0.04084031281617423,0.19507371518657393,0.6316284679740296,0.6164012345939289,0.1041057562921609,0.0012541503374914856,0.13831640585726201,0.8977615260041294,0.5804211635209657,0.01628858330278474,0.6847068099091393,0.25642068668160994,0.09351279298077617,0.003387755422020379,0.14897654556797144,0.8999954008117139,0.7815318938494624,0.023165186858834272,0.8265081251578075,1.058842658996582,0.9664685130119324,0.20980900526046753,1.0754859447479248,0.15850820031976479,0.0031885763887544247,0.013924971886074246,0.02000880622035771,0.041639677997648956,0.001329739636641145,0.020089487884557552,0.006795456235273087,0.9145656228065491,0.9767259359359741,0.39449363946914673,0.983217716217041,0.16736356035196287,0.0031885763887544247,0.014486912135550804,0.02480618190870758,0.04396595726616703,0.001329739636641145,0.02090019629575329,0.00842475666306052,0.0,0.0,0.0
D_malignant_only,softimpute,15_fsqn_py,False,ok,1836.9,0.26749304943000923,0.17378630162039146,0.10589025173312826,0.22073571884094348,0.7325069505699908,0.8262136983796086,0.8941097482668717,0.7792642811590565,-0.04875168017521092,-0.2118445681893401,0.17378630162039146,-0.21050074728207085,0.47562415991239454,0.3940777159053299,0.5868931508101958,0.3947496263589646,265.5364421272677,273.1201499573319,273.0372269460879,272.4050367852545,270.79429942356205,269.23097687471966,235.1116692542023,163.0621729606632,249.39459965720977,249.4223297514234,225.59648758070745,248.3728566184598,187.263618373209,259.68621521564734,0.3210898975850297,0.3210898975850297,1.0905903839574806,1.0930084696410476,1.0036876920075057,1.0027445367092924,0.8191808191808192,0.10526315789473684,0.8306997742663657,0.7916666666666666,0.18201054716632156,0.022964035223204764,0.18558344961702833,0.17429155921394662,0.6140858544851252,0.9131314540365161,0.9135103390156855,0.8281656251405964,0.9172012008641591,0.6955500460868133,1.1045228679605652,23.798817222424198,0.7864180849189442,0.07304061989666327,2.0266075042706486,0.001,0.001,0.001,0.001,,,,,,,,,14.109752961704212,2.6788853945456177,0.0,0.0,0.0003091946691992,0.465249285850026,4.569441146176472,7.081005889483058,9.550492714744244,2.44649074751191,0.0,0.0,0.3210898975850297,0.5607142857142857,0.645,0.8409090909090909,0.53125,1.2798025997876334,1.0036876920075057,1.0395667309115828,1.0866566794691155,0.006359149995173488,0.00036876920075057384,0.039566730911582804,0.004814259970506416,0.0,0.0,0.011146496815286677,0.0,0.7443055555555556,0.4523918527412111,0.8655292929292929,0.9776363636363636,0.9359941520467836,0.6559584658030412,0.6770828290898409,0.6580011928020003,19.0,45.0,0.0,0.0,4.0,15818.0,6285.0,982.0,125.0,11.0,380.9738368018011,0.22608723523250152,0.9293714309168372,0.9290093761921339,0.6464961019284813,0.9312216292345481,0.44109647422334286,0.9995079514274341,0.0,0.7226893467921334,0.6458203486985558,0.6668973677266193,0.7890947655974736,0.105049217347678,0.37322310206945214,0.07335644162754129,0.5776939097104965,0.000659958730336503,0.6298193693969377,0.5016696708650705,0.011409698470479854,0.5497547525281244,0.9522948174044464,0.11041224890906531,0.012649037499367109,0.4781698840519726,0.9709935396601626,0.9459716068004597,0.15305337512505135,0.963144751085134,0.979516395424846,0.7415940542028725,0.016793835915350077,0.8770102066567237,0.9531806020271252,0.12531133995607657,0.5123234420117282,0.8069712314081819,0.906220589605339,0.07709147710439264,0.010726708650993386,0.6610759062976945,0.3257041663150309,0.09445566199087775,0.006094005218735586,0.10652069038094707,0.4377414364808508,0.09312760981148636,0.009583858147057063,0.13435344322792556,0.9140445973748631,0.5613297125107268,0.0005765859901436297,0.6270762107768705,0.8214321422851356,0.4812676385434937,0.00035386924650658244,0.5728620206913909,0.9670681953430176,0.8089752197265625,0.20739921927452087,0.8588022589683533,0.20056625220963417,0.003541493287259793,0.04076956094513147,0.07163821357136682,0.05268821513559917,0.0014769174147988668,0.05881804339476153,0.024330004485828175,1.0012640953063965,1.1707401275634766,0.26927441358566284,1.0919407606124878,0.2093275912148748,0.002655873572361605,0.040002586898388925,0.0746401794350103,0.05498979533315675,0.0011075853072024162,0.05771153374103553,0.0253495419545562,0.010051839676318118,0.010051839676318118,0.010051839676318118
D_malignant_only,softimpute,16_fsqn_r,False,ok,4.6,,,,,,,,,,,,,,,,,,,,,,,,,,,,,,,,,,,,,,,,,,,,,,,,,,,,,,,,,,,,,skipped: PCA failed,skipped: PCA failed,skipped: PCA failed,"Traceback (most recent call last):
  File ""/app/harmonization-metrics/compute_batch_metrics.py"", line 1170, in _run_group
    group_result = fn(*args)  # type: ignore[operator]
                   ^^^^^^^^^
  File ""/app/harmonization-metrics/compute_batch_metrics.py"", line 260, in compute_group_e
    result[""exp_min""]    = float(np.nanmin(flat))
                                 ^^^^^^^^^^^^^^^
  File ""/usr/local/lib/python3.12/dist-packages/numpy/lib/_nanfunctions_impl.py"", line 356, in nanmin
    res = np.fmin.reduce(a, axis=axis, out=out, **kwargs)
          ^^^^^^^^^^^^^^^^^^^^^^^^^^^^^^^^^^^^^^^^^^^^^^^
ValueError: zero-size array to reduction operation fmin which has no identity
",skipped: PCA failed,"Traceback (most recent call last):
  File ""/app/harmonization-metrics/compute_batch_metrics.py"", line 1170, in _run_group
    group_result = fn(*args)  # type: ignore[operator]
                   ^^^^^^^^^
  File ""/app/harmonization-metrics/compute_batch_metrics.py"", line 1087, in compute_group_h
    D = pairwise_distances(X, metric=""euclidean"")
        ^^^^^^^^^^^^^^^^^^^^^^^^^^^^^^^^^^^^^^^^^
  File ""/usr/local/lib/python3.12/dist-packages/sklearn/utils/_param_validation.py"", line 218, in wrapper
    return func(*args, **kwargs)
           ^^^^^^^^^^^^^^^^^^^^^
  File ""/usr/local/lib/python3.12/dist-packages/sklearn/metrics/pairwise.py"", line 2473, in pairwise_distances
    return _parallel_pairwise(X, Y, func, n_jobs, **kwds)
           ^^^^^^^^^^^^^^^^^^^^^^^^^^^^^^^^^^^^^^^^^^^^^^
  File ""/usr/local/lib/python3.12/dist-packages/sklearn/metrics/pairwise.py"", line 1969, in _parallel_pairwise
    return func(X, Y, **kwds)
           ^^^^^^^^^^^^^^^^^^
  File ""/usr/local/lib/python3.12/dist-packages/sklearn/utils/_param_validation.py"", line 191, in wrapper
    return func(*args, **kwargs)
           ^^^^^^^^^^^^^^^^^^^^^
  File ""/usr/local/lib/python3.12/dist-packages/sklearn/metrics/pairwise.py"", line 343, in euclidean_distances
    X, Y = check_pairwise_arrays(X, Y)
           ^^^^^^^^^^^^^^^^^^^^^^^^^^^
  File ""/usr/local/lib/python3.12/dist-packages/sklearn/metrics/pairwise.py"", line 173, in check_pairwise_arrays
    X = Y = check_array(
            ^^^^^^^^^^^^
  File ""/usr/local/lib/python3.12/dist-packages/sklearn/utils/validation.py"", line 1106, in check_array
    raise ValueError(
ValueError: Found array with 0 feature(s) (shape=(2000, 0)) while a minimum of 1 is required by check_pairwise_arrays.
","Traceback (most recent call last):
  File ""/app/harmonization-metrics/compute_batch_metrics.py"", line 1190, in compute_all_metrics
    pca_coords, eigenvalues = compute_pca(exp_df)
                              ^^^^^^^^^^^^^^^^^^^
  File ""/app/harmonization-metrics/compute_batch_metrics.py"", line 132, in compute_pca
    raise ValueError(
ValueError: Expression matrix has 0 usable gene columns after dropping all-NaN genes (original shape: (6285, 0)).
",,,,,,,,,,,,,,,,,,,,,,,,,,,,,,,,,,,,,,,,,,,,,,,,,,,,,,,,,,,,,,,,,,,,,,,,,,,,,,,,,,,,,,,,,,,,,,,,,,,,,,,,,,,,,,,,,,,,,,,,,,,,,,,,,,,,
D_malignant_only,softimpute,17_quantile,False,ok,2300.6,0.36483915506809406,0.22368326306513117,0.1044623197073694,0.23928872224560263,0.6351608449319059,0.7763167369348688,0.8955376802926306,0.7607112777543974,-0.07071937925353512,-0.2275206197422645,0.22368326306513117,-0.20936920492481367,0.46464031037323245,0.3862396901288677,0.6118416315325655,0.39531539753759315,371.972572942617,374.11437427258835,374.0713068492173,377.2174026143057,376.44323913423744,374.75224490720524,357.15476730853464,276.04919154217004,360.5967236989992,360.6093649228461,337.7277140706243,356.35763896947617,303.7938036807873,366.4415495619002,0.0,0.0,1.1011746454158753,1.103844162083728,1.0030997210767758,1.0031208319239677,0.8226086956521739,0.275,0.8548601864181092,0.7706131078224101,0.1838077649541769,0.04983967640682656,0.19098955106871027,0.17204486116982476,0.7421224348838087,0.963867599046756,0.9640123642741797,0.8953131847311443,0.9466437484414513,0.8106523918382705,1.0260021231785574,35.69002362671602,0.7311194408886145,0.09050928304897854,1.9010096750056509,0.001,0.001,0.001,0.001,,,,,,,,,8.427328044863929,4.585594716108593,1.3022539334048733,2.000238573480747,2.2851155570241817,2.812851928627167,6.512884901172384,7.970498656704855,8.328811981303458,1.962655962530126,1.0,0.0,0.0,0.5584415584415584,0.6431818181818182,0.8311688311688311,0.5294117647058824,1.2294023337023223,1.0030997210767758,1.0301534227761662,1.057398137659227,0.005213689402325508,0.00030997210767758077,0.030153422776166172,0.003188785425512609,0.0,0.0015923566878981443,0.006369426751592355,0.0,0.7123271268634377,0.4480815636285262,0.8328751914498017,0.9597263533610946,0.9102713511516981,0.6402377946153357,0.6561094310450741,0.6411414682901628,19.0,45.0,45.0,0.0,4.0,15818.0,6285.0,982.0,125.0,11.0,380.9738368018011,0.13504038593615741,0.9374120224545518,0.9370418422506616,0.6175872174791618,0.9263952606041457,0.3923833093908897,0.9995102114275628,1.9899634349502524e-16,0.21545370409289996,0.2379410805261911,0.23372420151554932,0.9487213680228297,0.07556248458263688,0.5322281469641591,0.07461706473672838,0.7436122968370538,0.0003887682200112021,0.9077189516995761,0.7132637020425102,0.003090363456705865,0.7658610382192802,0.9665702200334013,0.11181772888995094,0.004131083688903669,0.47337594664454175,0.9837823470381672,0.9774436679559845,0.22398263952895922,0.9804960224598125,0.9896908306109147,0.8245826358060072,0.004096037467689295,0.9144494914455599,0.9891861622478078,0.09111315704638541,0.33203452974309355,0.635062046843501,0.9547528463904174,0.031090957771372996,0.16881940726934597,0.8728043696227691,0.8989233874231896,0.14999285212496277,5.90989699961834e-06,0.20973146215635166,0.9297979089432175,0.7126088979393189,0.0026660496289625138,0.8038731109138127,0.9054372224983582,0.8635269355604371,1.079887689477859e-06,0.8917136008529689,0.9613538033432493,0.846840934504661,0.007343546798934681,0.8887558792119399,0.9470489621162415,0.9531358480453491,0.22426973283290863,0.929416298866272,0.16758906257152253,0.002502861309294445,0.03473546676157297,0.04863893195734304,0.04402519609287301,0.0010437742372182825,0.050112685639884746,0.016518913212836404,0.9787261486053467,1.0384409427642822,0.30432751774787903,0.984613299369812,0.17746776593129526,0.0039483557083054574,0.03822187746819244,0.051553079110495115,0.04662030490178892,0.0016465922232281988,0.05514251307682684,0.017508625403773726,0.0,0.0,0.0
D_malignant_only,softimpute,18_rank,False,ok,2036.3,0.29241582013223594,0.21613290117186873,0.10513503031264736,0.23270894345292897,0.707584179867764,0.7838670988281313,0.8948649696873526,0.767291056547071,-0.06594185553543289,-0.19124687382542566,0.21613290117186873,-0.18600791938674757,0.46702907223228357,0.4043765630872872,0.6080664505859343,0.40699604030662623,30.837162448840633,31.707901473515665,31.700999634540835,31.520318009887546,31.387069508339014,31.238209772466277,28.369218655937367,19.720164651235315,29.04983393862887,29.051135380066697,26.66864627652466,28.995669963370553,22.343854337147892,30.19915702337033,1.0,0.9630228853205209,1.0869396181074744,1.089366751714632,1.0028602013470822,1.0026035165806748,0.8331466965285554,0.24324324324324326,0.8536269430051814,0.8079268292682927,0.18658973623469474,0.04798973131218294,0.19324518161265059,0.1764513585150776,0.6394934904906182,0.916170184359032,0.9164107036048512,0.8460779573403742,0.9238094036038278,0.7152732022704459,1.064504362620152,26.907847973070133,0.7670260416750071,0.07276918262675384,2.004955689730059,0.001,0.001,0.001,0.001,,,,,,,,,0.999936784878943,0.4999683924394715,6.321512105695683e-05,0.0227574435805044,0.065743725899235,0.2471079082116442,0.7499841962197358,0.9499968392439472,0.9899487957519438,0.28825856779463477,1.0,1.0,0.9992639725565661,0.5584415584415584,0.6431818181818182,0.8363636363636363,0.5294117647058824,1.2430077450468324,1.0028602013470822,1.030024968036512,1.064145530460497,0.005522903296518919,0.0002860201347082203,0.03002496803651189,0.003563640581138721,0.0,0.0,0.011146496815286677,0.0,0.7672859765255604,0.47584033391606717,0.8826598502711863,0.9786363636363636,0.9401637426900585,0.6785242397082252,0.6899231451767447,0.6712537611165303,19.0,45.0,45.0,45.0,4.0,15818.0,6285.0,982.0,125.0,11.0,380.9738368018011,0.21700428879122824,0.9290394093980259,0.9286185892439693,0.6343769018201524,0.932075804661073,0.430598079543683,0.9994306270386437,0.00011900257009888976,0.34379271453727733,0.3755299033182452,0.36627046988622153,0.805647929848211,0.10591470158800875,0.436476690034077,0.07396385172901342,0.6315665742697621,0.0007791968508601693,0.9328490003519726,0.833870970961757,0.00019214093946455643,0.8767484328733569,0.9603742891050653,0.11812676903786859,0.008754755549706898,0.485274459192141,0.9701943556292921,0.9360150406480283,0.16168823416252912,0.9562600021661949,0.983256740331953,0.8054498578382898,0.003229488844153357,0.9089171078186503,0.9595857095306705,0.10599747211686944,0.5430312890630611,0.7546195399092981,0.9042996112657079,0.07427960717527698,3.738677978880641e-06,0.6920255233550671,0.23255731379660938,0.056508115070500436,0.0011896388133606644,0.062298800994527455,0.5124749886523052,0.14076639045003153,0.005313194046597416,0.1921074566288989,0.8273957847913617,0.6107629036829937,0.009648407944465483,0.6651603809352783,0.7734915050271723,0.682989773359154,0.006587629248816819,0.722254038824209,0.9885278344154358,0.8333557844161987,0.23453137278556824,0.8805760145187378,0.18483281122322048,0.0023768382577867833,0.03436010948921661,0.059161515334396536,0.04855508249547299,0.0009912185426734614,0.04957115956449462,0.02009262740814039,0.9724833965301514,0.8722083568572998,0.21993809938430786,0.910513162612915,0.18911346119696615,0.0038164058465477734,0.03482665594769667,0.06117387140997714,0.04967959773296754,0.0015915648568312932,0.05024424382648811,0.02077607036274708,0.0,0.0,0.0
D_malignant_only,softimpute,19_tdm,False,ok,2241.0,0.4403327211277944,0.15130379517457915,0.09629836469509613,0.17122895494499626,0.5596672788722056,0.8486962048254209,0.9037016353049039,0.8287710450550038,-0.33404084519461297,-0.3707534643497715,0.15130379517457915,-0.29025827273284144,0.3329795774026935,0.31462326782511424,0.5756518975872895,0.3548708636335793,2255.1852328446776,2312.278383592716,2312.2009103640594,2434.204912449983,2267.4343690957107,2314.620152108758,1815.8529232540043,409.14356872396365,2024.2996782624393,2023.9340366880328,1389.061905817088,2028.5241899891241,898.5341025509003,2149.359108182795,0.0,0.0,1.1155216691808054,1.1168908865622773,1.0053997265478456,1.0022338567805755,0.8065326633165829,0.024390243902439025,0.8062130177514792,0.7678355501813785,0.17903544852149655,0.008251961938857152,0.18441005219884563,0.17290986846228715,0.1814234869779953,0.8754567324705824,0.8753279300324129,0.5706429638329101,0.8946341369951679,0.38819937765264934,1.1836636550559108,395.31773275064546,2.338068020510062,0.10009795290374383,5.336715482129847,0.001,0.001,0.001,0.001,,,,,,,,,94.7284317503263,12.2334229212395,1.0,1.0,1.0,1.56345471722597,28.3000037436029,50.3539723822365,62.2612691427115,17.025304102271583,0.3333333333333333,0.0,0.0,0.5458333333333334,0.6366666666666667,0.8295454545454546,0.5277777777777778,1.2166174095310374,1.0053997265478456,1.0280158689537497,1.0497054365596805,0.004923122943887213,0.0005399726547845596,0.028015868953749745,0.002761413142204473,0.0,0.0015923566878981443,0.006369426751592355,0.0,0.7277222222222223,0.550358748997538,0.8970515151515152,0.9879454545454546,0.9542456140350877,0.8074252641149797,0.8262459932110635,0.804907221443657,19.0,45.0,15.0,0.0,4.0,13793.0,6285.0,982.0,125.0,11.0,380.9738368018011,0.016488859912867748,0.947653501948771,0.9460694995843718,0.32204053484561623,0.9129671812017492,0.17894577749575902,0.9989096928025027,0.7667431812018848,0.9402350013974227,0.6450052459366054,0.8299549357335525,0.9543507803194675,0.0830358980518501,0.5112745997807824,0.0670588012685258,0.7151686746318717,0.00041535902026727426,0.9131032936768338,0.4307931829003005,0.0018759554283770857,0.5532579692350469,0.9983479688089202,0.7445566894545474,0.08125916459363997,0.8643619671487749,0.9912625021414815,0.3856367011453549,0.16040060309039317,0.6840330120806313,0.9486937488981668,0.5075720125088536,0.014193335872545324,0.7235132009377484,0.9695390002754737,0.5380396764950705,0.10886248754415942,0.9193713603314659,0.9381142202582332,0.5746062395608517,0.07416777978756439,0.733176215990813,0.9623915756382057,0.4664194621172365,0.0932313559752859,0.7496018083351302,0.9073795059966894,0.27105610279085995,0.11439362203937707,0.42749658757082665,0.9516696941281656,0.7169671430987897,0.022157453386149037,0.811058609075847,0.9630062933725041,0.47709878773595876,4.625496776662362e-05,0.6858160156124321,0.9557585716247559,0.9759875535964966,0.3442210555076599,0.9523508548736572,0.16373475112546054,0.005190939550526253,0.036150552124200375,0.05078508033221709,0.043012678840182575,0.0021647899344946655,0.052154222274981864,0.0172477951458835,0.6887198090553284,0.4259437322616577,0.17705316841602325,0.5841412544250488,0.17502417733552544,0.0044101583602588305,0.034258265077281864,0.054423455587549054,0.04597838074845605,0.0018391788875383728,0.049424229136454105,0.01848347205448154,0.0,0.0,0.0
D_malignant_only,softimpute,21_harmonizr,False,ok,1753.4,0.1491235033018426,-0.16849654989535423,0.037789712114724976,-0.13239593150490656,0.8508764966981575,0.8315034501046458,0.9622102878852751,0.8676040684950934,-0.18300652695341557,-0.2403692877310578,-0.16849654989535423,-0.15991557868543438,0.4084967365232922,0.3798153561344711,0.4157517250523229,0.4200422106572828,338.71015980022173,334.8366549976025,334.7843213803149,342.39051963192014,337.82551309182696,336.3900184045931,306.4037424226534,225.57593210370862,330.1139170032505,330.1465173626223,304.96579790803577,326.4559328604795,300.28919844380493,332.2462127787624,0.042910840570792544,0.0002693134403843722,1.197268198689831,1.1988641379100375,1.3244751444991743,1.0031463645614862,0.7901234567901234,0.7822132390096008,0.8083650190114069,0.7816631130063966,0.17055664024987413,0.16983795069682728,0.1749058688554483,0.16857036878006554,0.6659851367811287,0.985895397281442,0.9861468900378282,0.8906958003273074,0.9663448147320448,0.8926816552643132,1.08434123601683,5.340225510420481,0.0054454000649077905,0.0012322736826299904,0.006080652197665168,0.001,0.001,0.003,0.001,,,,,,,,,49.7335191134786,4.8448564618312,-71.8546987837655,0.05629369918841121,2.01959253335765,3.05224236710607,7.25030096855267,10.71402224649486,13.221762053399928,2.879729062908962,0.044444444444444446,0.0,0.018150414827050702,0.8333333333333333,0.8666666666666668,0.8272727272727273,0.6666666666666666,1.5734248620493083,1.3244751444991743,1.0899384201733644,1.4066767179956465,0.01303238322839337,0.032447514449917426,0.0899384201733644,0.02259315099975814,0.0,0.0031847133757961776,0.031847133757961776,0.0,0.785475885854147,0.5860959395239849,0.8047357500798796,0.4455272727272727,0.49118713450292395,0.6197557512452896,0.2241869073586722,0.2838247996038206,19.0,45.0,2.0,0.0,4.0,15818.0,6285.0,982.0,125.0,11.0,380.9738368018011,0.3501294147697688,0.9434567807412705,0.9423787048525899,0.9444506266356776,0.9894288476620072,0.9397479769806643,0.9997402990443051,0.04854164868555644,0.2504040123836098,0.029817674878652417,0.040992192343520646,0.575066988908633,0.037100064722982315,0.10677339297266486,0.019251391862043353,0.11939574904858592,0.00024374704538723322,0.5137673758972022,0.009374811483582692,0.0003124043640061038,0.015709729492347523,0.8982028120224161,0.0010123139768355614,0.0001912320987804392,0.001298926685930627,0.5678076231330069,0.02702756181613957,0.006332465253941154,0.029330957584782026,0.9562146736148489,0.8605769317955997,0.1684653393344867,0.902275821535476,0.6925348037741476,0.06346717865129459,0.014071392310758702,0.06698105260912138,0.29523693145827296,0.0005271020597161519,5.847889320588257e-06,0.000875720778281449,0.47034681798158634,0.001966651139143259,4.4703391005636535e-05,0.0028994623186625024,0.1762210985432695,0.0020677021001255045,2.6787728401595994e-05,0.003497299776644022,0.5399837397072954,0.05676286960634507,0.001780560804399749,0.09547608267656622,0.6403540129542835,0.044950807097866356,0.0012831854453328473,0.07561243702804725,0.8859851956367493,0.41546759009361267,0.2380395084619522,0.3910401463508606,0.28810906628542476,0.13675741986310677,0.05014026836398467,0.18061873772579698,0.07568547699189591,0.05703227385052114,0.07233711651756247,0.06134232667199966,0.9529832005500793,0.461872935295105,0.31742063164711,0.45361191034317017,0.32948484196306,0.16039824123635957,0.05299047388561303,0.2038705653582254,0.0865547820035235,0.0668912621230422,0.07644909388913004,0.0692391884500661,0.016729358958148945,0.0,0.004502579209228925
D_malignant_only,softimpute,25_angel,False,ok,1494.6,0.06870489062303446,-0.009657048065546093,0.04181592594243322,0.04356265991330451,0.9312951093769656,0.9903429519344539,0.9581840740575668,0.9564373400866955,-0.014349570092985792,-0.03243254333085302,-0.009657048065546093,0.015556167078169529,0.4928252149535071,0.4837837283345735,0.49517147596722694,0.5077780835390847,7.479836567683996,7.8174307222057715,7.8169267362804815,7.369040716290737,7.519674839898739,7.4856827816059806,7.916752684734527,6.677046323590729,7.143830376949824,7.143219089288839,7.603488858977954,7.346729111031638,7.039875922777235,7.431297676066661,1.0,1.0,1.0894150027857767,1.0935578310174021,1.0817410602627382,1.0036014493262557,0.8221331689272503,0.6920821114369502,0.8105726872246696,0.7917200170721298,0.17992457376609633,0.1477060324317144,0.17774748800219492,0.17339570710071603,0.8926727560383264,0.9138335382566865,0.9138142559447586,1.0318152866449661,0.9770009032904633,0.9404453979903886,0.9386800335945894,1.166090550102576,0.05758340546579276,0.0010060022520192063,0.2847105606921399,0.001,0.001,0.004,0.001,,,,,,,,,0.9999275047121936,0.401623894446861,7.24952878062926e-05,0.0215311004784689,0.0663694359866608,0.2216180948238364,0.6344787588806727,0.9100714078584824,0.9837610555313904,0.26202576724180077,0.17777777777777778,0.17777777777777778,1.0,0.875,0.9,0.9090909090909091,0.6666666666666666,1.628695598396834,1.0817410602627382,1.1153851851788004,1.2847158521319444,0.014288536327200774,0.00817410602627382,0.11538518517880036,0.01581754734066358,0.006369426751592355,0.039808917197452276,0.055732484076433164,0.011146496815286677,0.7383008008008008,0.428783399748505,0.8278471653471653,0.9628583128583128,0.9059124914388073,0.5624486593810692,0.5669467755995917,0.5473730028208205,19.0,45.0,8.0,8.0,4.0,888.0,6285.0,982.0,125.0,11.0,380.9738368018011,0.5674575957629008,0.8945554510253558,0.893642987657247,0.855057737063303,0.9745531420324304,0.7495333244414069,0.9984652400431394,0.08535699610249067,0.30320595558552044,0.3316512783334103,0.3177603901518382,0.541284076098826,0.09875778869058063,0.21184705822897082,0.06206307296867304,0.36071971019457144,0.0012414199800876702,0.4133318249532731,0.2683769288063566,0.06187288967828817,0.33855347673523134,0.8217938957084399,0.08050280314135097,1.3986497954126386e-05,0.3688025866285832,0.19348888193240504,0.022750091013336096,0.002210642026456988,0.04254642368304793,0.40636638310226697,0.05835915435245934,0.0030673471328816542,0.0847669868955897,0.29764214952602536,0.05680759591521336,0.02782378206043266,0.19407527750708903,0.7348913909128073,0.05392479334317122,0.16122172247387395,0.45655174140777904,0.8276826845107993,0.4399054222002663,0.0044055476589637006,0.6862439009378403,0.6221667833384837,0.4740079003280159,0.2617333418731103,0.5707395163197392,0.5597540831730081,0.25970110273623587,0.052361486649205057,0.45039311193978987,0.5357226838307517,0.40413479045330275,0.045919983635563724,0.4145240798910244,0.9410010576248169,1.0899884700775146,0.33966103196144104,1.006739854812622,0.3292205561790555,0.01984176398720711,0.07714097202138309,0.1462339908194962,0.08648535483872632,0.00827465828566047,0.11129089778460366,0.04966446642439658,1.0543831586837769,1.3272900581359863,0.09141416847705841,1.1591253280639648,0.35018697441001867,0.021734324933745046,0.08617100902315238,0.16164844700833275,0.09199317652959238,0.00906391750311132,0.12431848738610006,0.05489957446973305,0.0,0.0,0.0
D_malignant_only,strict,01_raw,False,ok,1812.2,0.36686856862158096,0.11530281559545125,0.09803181562847292,0.1386042153530455,0.6331314313784191,0.8846971844045488,0.901968184371527,0.8613957846469544,-0.313483079095028,-0.32230684354536593,0.11530281559545125,-0.22638541843008025,0.343258460452486,0.338846578227317,0.5576514077977256,0.3868072907849599,292.38836616218657,299.92541677818673,299.8700551226467,312.77483016453647,295.85747103629154,299.516545739004,238.75226380518015,56.75753214321597,262.70245156993894,262.6530870657826,188.33256051072502,261.55146936846876,122.47502123473069,278.95116987663357,0.6033957920846191,0.0,1.0760222957305137,1.0794015627469105,1.0049764632783709,1.0033104160583939,0.8222087378640777,0.024390243902439025,0.8367346938775511,0.796440489432703,0.183504156810635,0.007091563370244993,0.1869165713013078,0.17714563475670098,0.19411693046546458,0.8758925948720896,0.8758896814767236,0.6021346423932256,0.8840455116862179,0.4089090334977831,1.168370784975071,254.14986301894606,1.8415480756815514,0.12188151641362772,4.155497357703199,0.001,0.001,0.001,0.001,,,,,,,,,23.505416247727144,4.789527245876192,-3.0590771371934373,-0.32179853231137795,0.0,2.2894495888293034,8.562822653,13.788,16.630358722209486,4.440626197343088,0.3333333333333333,0.0,0.17876391193938257,0.5539772727272727,0.6431818181818182,0.8311688311688311,0.53125,1.2261251752662814,1.0049764632783709,1.0323417621135957,1.0532385564979616,0.005139208528779123,0.0004976463278370868,0.03234176211359574,0.0029576975832200894,0.0,0.0,0.004777070063694322,0.0,0.7793333333333333,0.5822222268577033,0.9244565656565656,0.9919818181818182,0.9723976608187135,0.8301701400395796,0.8324975985261752,0.823295827767877,19.0,45.0,15.0,0.0,4.0,3447.0,6285.0,982.0,125.0,11.0,380.9738368018011,0.01915177131218926,0.9458977902034511,0.9445535996988895,0.36957406734007636,0.8956396432663741,0.21091739814460875,0.9988737663539432,0.5560339252195663,0.6404861277439,0.4640792215386639,0.5945591047593666,0.8635030186620407,0.08896602248902624,0.40971910873354567,0.06976367500642784,0.6153806528080001,0.003243416313137403,0.7763941572648669,0.3640059664654753,0.005221098003160969,0.42330814201418643,0.997354608826784,0.6813086551334191,0.10337642490452385,0.8218317122756696,0.9838558486839414,0.3291882618265269,0.15915544480613125,0.6544112684368989,0.9646513449707536,0.857883825043701,0.01592835224710045,0.8973098387931712,0.9398841217559687,0.2077176810048019,0.16923447070063216,0.841381788872289,0.9558529052572297,0.4818610089808489,0.11051611883360633,0.7312630605006576,0.8896330229032756,0.48290576662543655,0.042110714353583836,0.6352518260780506,0.8815960023375196,0.2748614472601791,0.035702679160821475,0.2969950392109907,0.9515716984786511,0.3798179499042447,0.055610771096528316,0.7637298050762233,0.2942364761414162,0.03764052509082322,0.000780675958189735,0.08832404682186373,1.0111498832702637,1.0283069610595703,0.4041736125946045,1.0874459743499756,0.17424053148487442,0.004559404882396221,0.04053785967065901,0.05493828002295658,0.04577251909070286,0.0019014195215770805,0.058483769115112466,0.018658318413686197,1.0471365451812744,1.1586787700653076,0.2528432309627533,1.044769287109375,0.17963594580491637,0.005142020431728448,0.03878581580142336,0.05766956075366738,0.04718987992438357,0.00214438907739605,0.055956104113546276,0.01958592491191426,0.1922928150082197,0.0,0.027125797881731754
D_malignant_only,strict,02_median_scaling,False,ok,1600.8,0.01682266330250932,-0.3748697287802788,0.024537115798215155,-0.3140849268153033,0.9831773366974906,0.6251302712197212,0.9754628842017848,0.6859150731846967,-0.3779845859255164,-0.38225184846865523,-0.3748697287802788,-0.28663012283903294,0.3110077070372418,0.3088740757656724,0.3125651356098606,0.35668493858048356,137.33388607999655,132.4977643365983,132.40321319568486,126.7800673560053,134.39740650886114,134.012439717971,103.91951393195811,56.75634408884296,132.7763815730334,132.84881846555854,148.247852064677,130.9144715391993,122.47502123472997,132.82958586014732,0.03059150702964398,7.25268349289237e-06,1.216989004725635,1.217800214762002,1.6951975511029387,1.0012151035640817,0.7569360675512666,0.730940044411547,0.8178324365872406,0.7423832092078537,0.1592326170837811,0.15236965704839556,0.17814477680071567,0.15563956944704865,0.4132726867991092,1.002102807076256,1.0033655170378313,1.1693309142074282,0.9740848052046882,0.9139078543191846,1.2781967585714291,30.444165983401884,0.08848063883504959,0.016876504991608605,0.32047855949433457,0.001,0.001,0.001,0.001,,,,,,,,,37.06150317942544,4.918075734720502,-6.651398980487485,1.2323471112639222,1.9607587328386824,2.578225340837281,7.078796931524417,11.157576238591579,17.875324505967477,3.3526383094431207,0.044444444444444446,0.0,0.006926710854376501,0.6607142857142857,0.7285714285714285,0.8295454545454546,0.5625,1.9671448865594807,1.6951975511029387,1.2082603843036333,1.7889344596171874,0.02198056560362456,0.06951975511029387,0.20826038430363325,0.04382969220095486,0.011146496815286677,0.023885350318471388,0.10828025477707004,0.006369426751592355,0.7793333333333333,0.5822222268577033,0.8203727272727273,0.7029818181818182,0.643298245614035,0.6482037128912391,0.27289130713467297,0.31784539362682557,19.0,45.0,2.0,0.0,4.0,3447.0,6285.0,982.0,125.0,11.0,380.9738368018011,0.10765301201771449,0.9806880792016064,0.9804080810068756,0.9257458937797892,0.98420198706963,0.7817740613268322,0.9998956264404268,0.07864059660095611,0.3810821285723508,0.07762993880877307,0.12191621007505597,0.6071528799970289,0.04263178971054865,0.03907589053926196,0.013595164521448891,0.1221720138026354,7.087010869634362e-05,0.06954297256612733,0.0044296179782647655,0.002378591453424522,0.009443192037064197,0.9863221765196561,0.08207781830401117,0.01732275255303329,0.24348648251073957,0.6372540958349693,0.06687038525870741,0.0033339536931483765,0.2283161744764543,0.8129991136551723,0.021925657730718504,0.007765310197773274,0.033356547977236924,0.6504098951234734,0.06648201643207326,0.00748553282068596,0.12173583039309455,0.39343753474930543,0.0436322111866595,0.005613843138863559,0.12500148066244537,0.7827370982256238,0.019426542947821042,0.007802287491451829,0.051043142474253074,0.7455130277747359,0.0537041346983853,0.026099244738938137,0.2029384533652413,0.30020207411242406,0.020887573400631177,0.01296878379089752,0.07799576872790212,0.6931108114088015,0.011322947455347456,0.045181345336272424,0.12840306540192278,0.9861205220222473,0.32180479168891907,0.0843149796128273,0.4034205675125122,0.46901199248526987,0.30908770650331857,0.1376488057431861,0.363997607840699,0.12320818925913454,0.12889958540291452,0.19858524942998287,0.12362205853685083,1.063446283340454,0.23336924612522125,0.23732489347457886,0.33531105518341064,0.5637098679828255,0.39321256288604506,0.1675324946533764,0.45151666795760736,0.148085066511068,0.1639823754384242,0.24169829922418293,0.15334556808693997,0.0,0.0,0.0
D_malignant_only,strict,03_limma,False,ok,1644.3,0.1233068507993942,-0.3105023829286184,0.054806458444346166,-0.24885219828591637,0.8766931492006058,0.6894976170713816,0.9451935415556538,0.7511478017140836,-0.21649664257518822,-0.30257494688392433,-0.3105023829286184,-0.2704063799358483,0.3917516787124059,0.34871252655803786,0.3447488085356908,0.36479681003207587,137.31949564530427,141.64400853497568,141.54872118399211,127.77408860955559,135.53683117713544,133.9970728654633,103.96397045090262,56.75624364681419,125.8510855100527,125.88462764575311,145.56101103842994,129.7471033698531,122.47502123473006,132.81567559940524,0.005619269990111395,0.0,1.2052045375045661,1.206966749519739,1.6149065272879772,1.0024288283375702,0.7889483065953654,0.7730034722222222,0.8157653528872594,0.7625957275292221,0.16566585474572845,0.1607772433486804,0.17608174614470928,0.16022455087679477,0.4133152643774293,0.8885027105045301,0.8893377954444531,1.1392060207388883,0.957282992696534,0.914012661737009,1.2775163840258288,23.950628477356688,9.681823765236682e-26,1.5859812584674795e-26,1.05624797014242e-25,0.001,1.0,1.0,1.0,,,,,,,,,30.062887165937127,5.653019011467263,-4.1663991791025445,2.215056048469902,2.8352995842575006,3.8492387792670395,7.875253597134025,11.22578330440486,15.13992673345283,2.8387176261708125,0.044444444444444446,0.0,0.0008465502960041118,0.59375,0.675,0.8121212121212121,0.5555555555555556,1.8932396085781706,1.6149065272879772,1.190265105486853,1.6958933011569273,0.020300900194958425,0.06149065272879772,0.19026510548685294,0.038660738953162625,0.0,0.0,0.10191082802547768,0.0,0.7793333333333333,0.5822222268577033,0.8438767676767677,0.7268363636363636,0.6829005847953217,0.6820105073650696,0.30147063657171674,0.369009346470378,19.0,45.0,2.0,0.0,4.0,3447.0,6285.0,982.0,125.0,11.0,380.9738368018011,0.129760354081898,0.947186250180592,0.9470182900897398,1.0,1.0,1.0,0.9999936608978476,0.07758874367274521,0.23697133049459665,6.601758311129928e-14,7.625760310944433e-14,0.5767310067473517,0.04423755707492771,5.915834569541645e-26,1.2221508105510794e-26,6.793495445091971e-26,1.7965158157593503e-05,0.07082614563721719,1.7694247655995955e-27,9.690281120081819e-29,2.0554221758670808e-27,0.9831235778522769,7.66516525234557e-26,1.1388604565377583e-26,8.279631449284141e-26,0.5244097869298329,4.753554931147679e-25,9.876364058241163e-26,5.3419579409166075e-25,0.8077907330127037,1.9876221800843856e-27,3.2731748564030837e-28,2.510825724480023e-27,0.5263438604947435,1.0483754396968278e-26,2.9006877028339194e-29,1.538638043421968e-26,0.4297477480629729,2.8922949923957318e-28,1.2083857817503116e-27,4.294271377316513e-27,0.7929156369870619,1.6342122604351167e-26,5.4118347977236876e-27,1.8264367685170088e-26,0.07079237589892405,1.0135743235022788e-27,4.691725013570845e-28,1.4623507281276947e-27,0.7929896292298917,6.101910480023425e-27,1.548384629025173e-28,7.724590835436183e-27,0.7683705733678919,1.5886730661721345e-27,4.365377189715646e-27,1.0659226964077721e-26,0.9136865139007568,0.1792847067117691,0.030804432928562164,0.24504724144935608,0.39760350862707156,0.2432397183051284,0.09888710261984808,0.2892859538502078,0.104449372566009,0.10143884141414772,0.14266393255753285,0.09824824215990496,0.994053065776825,0.4567806124687195,0.03913594037294388,0.6917922496795654,0.4434232309882683,0.27882386837411255,0.09900836303290744,0.32715930113968794,0.11648609042169716,0.11627858461421543,0.14283887435410975,0.11111091228397796,0.0,0.0,0.0
D_malignant_only,strict,04_sva,False,ok,1683.1,0.3545134569368644,0.1014657869573878,0.09637229660781253,0.12689788569953628,0.6454865430631356,0.8985342130426122,0.9036277033921875,0.8731021143004637,-0.3134286394297852,-0.32746237015322244,0.1014657869573878,-0.2092693737863645,0.3432856802851074,0.3362688149233888,0.5507328934786939,0.3953653131068178,291.47326830423333,299.7089731360886,299.6985820211633,311.5557066135871,294.8363666825172,298.5661781748317,243.85500966031265,59.79258778303852,261.69048335711545,261.64233531327085,189.09822834327832,261.1997289247077,123.95873434947994,278.16179971300915,0.6031485213683849,0.0,1.0760990123401402,1.079478279356537,1.007342900581049,1.0033104160583939,0.8123872519542995,0.017857142857142856,0.8215712383488681,0.7866520787746171,0.1809711603006089,0.005459894610357942,0.18360547567051377,0.17391080370125342,0.20513918182242477,0.8731486435619326,0.8730182623780145,0.6069483701603675,0.8859142169730039,0.41518009543898604,1.1406851969146974,100.30537188822244,1.7824939333590906,0.11967180674160618,3.9813172422762624,0.001,0.001,0.001,0.001,,,,,,,,,23.511125723612977,4.788602800069891,-3.048360082873039,-0.3086435870423747,0.0118361626425457,2.301287824133797,8.547167433091023,13.788730948087982,16.642323954948118,4.432244594649327,0.3111111111111111,0.0,0.1782887082699517,0.5584415584415584,0.6467532467532467,0.8311688311688311,0.53125,1.230563549467956,1.007342900581049,1.0338391848199715,1.0574833381983475,0.005240080669726275,0.0007342900581049028,0.0338391848199715,0.0031935187887970834,0.0,0.0,0.004777070063694322,0.0,0.7793333333333333,0.5822225988429958,0.9244383838383838,0.9916909090909091,0.9722923976608188,0.8297521668307352,0.8302220403472929,0.8221162487057082,19.0,45.0,14.0,0.0,4.0,3447.0,6285.0,982.0,125.0,11.0,380.9738368018011,0.02474083671964611,0.9453866589052413,0.9440352170010284,0.3765943674547284,0.8972898516177992,0.21729536481540923,0.9988773484095227,0.5539265199350467,0.6373453263143861,0.4622562207437836,0.5920385350009121,0.8624686358007485,0.08888372629762785,0.4083871014612198,0.06952587330859175,0.6141551712185098,0.003246194752654797,0.776014434286929,0.36248149370796057,0.005103750400242755,0.4221502541442244,0.9911136308939271,0.6733282953533725,0.10149678760343488,0.8146221416543045,0.9807039007425047,0.3274761793455264,0.15841302116394887,0.6521272535975992,0.9646437107153727,0.858251969574288,0.01606618106422034,0.8975005413345807,0.9398394768997235,0.207263463780437,0.1693099504912098,0.8411589721107033,0.9558620503075425,0.481762485386698,0.11047758494552874,0.7313175969149084,0.8881444636541321,0.4817390145029195,0.04166231128319978,0.6329567981391088,0.8820588870410756,0.2756830132290055,0.035791802897972166,0.29797255827258007,0.9520007865968088,0.3784389817205993,0.05613463838576902,0.7636046474179279,0.29430501686947,0.037446118011390556,0.0008027048503909923,0.08814094859916147,1.0146443843841553,1.0087963342666626,0.4092404842376709,1.0919218063354492,0.17404036474782905,0.006197558226442196,0.0403906606099351,0.05472667462989315,0.04571993582712662,0.0025845825281641996,0.05827140576018256,0.018586452297743344,1.0606743097305298,1.057955265045166,0.36925098299980164,0.9460505843162537,0.1812476930063665,0.006162661636173768,0.03725893739320808,0.05696616988045557,0.047613281580238635,0.0025700295196720052,0.05375328420597367,0.01934703700213291,0.0,0.0,0.0
D_malignant_only,strict,05_combat,False,ok,1518.4,0.1270093681642171,-0.08706798004953538,0.03875331880464769,-0.1249102200832182,0.872990631835783,0.9129320199504646,0.9612466811953523,0.8750897799167818,-0.08479300279214685,-0.08977692328504569,-0.08706798004953538,0.005798254884699093,0.4576034986039266,0.45511153835747714,0.4564660099752323,0.5028991274423495,168.40223510674932,174.62977996592736,174.5690275460812,170.79709352984332,168.20457475132525,167.70047441194822,169.4865699569542,109.06329275944795,157.65951551032248,157.66395958032058,149.46504156150507,161.7086244151764,144.3622179438864,164.9304883264687,0.06519416560494998,0.0002371627502175805,1.0456515730426943,1.047752244454184,1.1849534075476258,1.0018718502577433,0.7716562716562717,0.7290249433106576,0.7686170212765957,0.7589508742714405,0.1696512994419698,0.1610906751561292,0.16821152163602843,0.16865304321628052,0.6476356604786943,0.902821474900123,0.9031611265560945,0.8751029568040577,0.9613806559913575,0.8608336884561668,0.9731183324339937,6.52792204885704,0.10815315357095447,0.012771606136520997,0.145287705467276,0.001,0.001,0.001,0.001,,,,,,,,,43.747609630919925,5.124319565719381,-70.34759380461477,0.0,2.0122547391870484,3.1701409759255634,7.625595443008175,11.125740909795331,13.639975936290545,3.0246177364267224,0.06666666666666667,0.0,0.026313174219727807,0.8333333333333333,0.8666666666666668,0.8333333333333335,0.6666666666666666,1.437134198450691,1.1849534075476258,1.0963266273475936,1.264896998226238,0.009934868146606612,0.018495340754762578,0.09632662734759356,0.014716499901457661,0.0,0.011146496815286677,0.047770700636942665,0.0015923566878981443,0.7837777777777778,0.5787161000701314,0.8197787878787879,0.6873090909090909,0.6804561403508772,0.6243050139077132,0.3169598492506922,0.3636635156471943,19.0,45.0,3.0,0.0,4.0,3447.0,6285.0,982.0,125.0,11.0,380.9738368018011,0.33174155780972847,0.8779899218831259,0.8778142333975891,0.8992395511761481,0.9834022969327928,0.8781447194668254,0.9993282464419085,0.10559051507395457,0.2744878428138669,0.10954300352035902,0.12538160839755438,0.5217988175017509,0.07300351452743185,0.1112487233558126,0.020395396832440186,0.1259818688104738,0.0004959419349690848,0.4790573448446094,0.01742010515334037,0.0008361095572380723,0.02752744015177065,0.8913513706313625,0.04130494366105898,0.0009523060785405162,0.07289972467452091,0.7393931378148465,0.39492575291040294,0.07418731230326597,0.41184940342532755,0.798396798790023,0.543502413512388,0.12542118992900844,0.566306409179477,0.688247484270986,0.07776125613566137,0.00030186407037488,0.11642734702704674,0.3037390475237391,0.005497654079149068,0.00023913385623958107,0.010988531583389539,0.46223447129106876,0.021723929319953112,0.00047898825748204633,0.03683918709674872,0.49681707694371197,0.004267407729175306,0.0007134391077836301,0.006428822994338102,0.2322837196105144,0.003976056787415624,0.000714406563247763,0.00654464357898647,0.1264677232966494,0.0021077142695811336,0.00010921860122096365,0.004007178393132152,0.8859163522720337,0.5678576827049255,0.25059911608695984,0.5713549852371216,0.2589379514317053,0.10650259130583958,0.05519823907467017,0.1479356590826291,0.06802230356054725,0.04441503034515343,0.07963422577883006,0.05024239256760184,0.9251629114151001,0.559148371219635,0.034963928163051605,0.5342897176742554,0.2961696497786575,0.13628949631292359,0.07460644073023584,0.18127050995907998,0.07780297060077089,0.056837134573384525,0.10763434205988763,0.061563683690397615,0.03910405183251136,0.0,0.007877025875866831
D_malignant_only,strict,06_combat_seq,False,ok,1617.1,0.29935707071999834,-0.02980576340049814,0.0742413933863194,-0.03147480306185389,0.7006429292800016,0.9701942365995019,0.9257586066136806,0.9685251969381461,-0.2752183667199415,-0.3078520471012316,-0.02980576340049814,-0.14854080913821321,0.36239081664002926,0.3460739764493842,0.48509711829975094,0.4257295954308934,290.7459988726682,293.7499322095382,293.75732679957304,310.64021986217483,292.15368161633387,296.9964685024766,250.84847293959746,62.35128598377823,265.2386336413777,265.1910463889427,189.5667306457328,262.81107816915573,131.171355118166,277.5950772063238,0.5766616030823462,0.0,1.0827924495500998,1.0846766525210063,1.0234939651925377,1.002744448497458,0.8123132098027496,0.6620111731843575,0.8462809917355372,0.7766258246936852,0.1813607581660344,0.13736905358083332,0.1900721554577554,0.17227003510913888,0.214452773986702,0.9029402377944286,0.9027555134646199,0.6102452886810341,0.8995644919316408,0.44165964591956813,1.106624544902718,142.23363163219784,1.7968657588515244,0.10862416399108543,4.025400561340007,0.001,0.001,0.001,0.001,,,,,,,,,36.0,5.0,0.0,0.0,0.0,2.0,8.0,15.0,19.0,4.785060037346186,0.17777777777777778,0.13333333333333333,0.15645841944813138,0.6125,0.6900000000000001,0.8295454545454546,0.55,1.2434247967148304,1.0234939651925377,1.0223919945608293,1.0617752049961287,0.0055323817435188735,0.002349396519253766,0.022391994560829298,0.0034319558331182584,0.0,0.0,0.004777070063694322,0.0,0.6378055555555555,0.4666358825922385,0.8468929292929293,0.9664909090909091,0.9313099415204679,0.7511540784118016,0.7886857639802689,0.7670153884315871,19.0,45.0,8.0,6.0,4.0,3447.0,6285.0,982.0,125.0,11.0,380.9738368018011,0.035300415324709955,0.9358340108669517,0.9340918878859078,0.39078418231047685,0.9078797440025249,0.23865808778804032,0.9986746107330601,0.49988425376731715,0.5609881596206495,0.40912843565224327,0.5237185789691866,0.7189972034979686,0.0896328115285112,0.20719969539611852,0.05346874943721945,0.3393826857132116,0.0014729417058761494,0.7733788177238607,0.005145136489346773,0.1598659594048231,0.42631442576368567,0.9953208548982536,0.650629929541486,0.09846920041820531,0.8068196909723145,0.9116583677939959,0.3536537706466114,0.08073181046882923,0.5957498146855654,0.8192894635014345,0.4380245446442239,0.01245638303972032,0.5074720812071117,0.8736689468267045,0.33539222403846536,0.0001492517982076792,0.44708328988284735,0.48318857564955536,0.02707709489499971,0.01621189181295711,0.07480046092724639,0.514006139264691,0.03977341797883506,0.01225632640459059,0.11121956848990533,0.8332312112750924,0.04271489067427345,0.00506901019046266,0.046169104475916004,0.8111039015133784,0.16783962666522917,0.12429389173369255,0.3173644719463815,0.17512575653271828,0.011746318387714373,0.025183769100705983,0.06083394878114218,1.0024182796478271,0.8271321058273315,0.2573038935661316,0.9362688064575195,0.1654070666002913,0.006966474277504302,0.022638997298187098,0.04530758132504895,0.04345199161858749,0.0029052454277431177,0.03266116913279317,0.015387509011266846,0.9635639190673828,0.9139989614486694,0.08048872649669647,0.914373517036438,0.17838475885445126,0.010237852466816926,0.022944678751458294,0.052784987733616735,0.04686119647692075,0.0042695160972852815,0.03310217424951926,0.01792701024103409,0.5766616030823462,0.0,0.15645841944813138
D_malignant_only,strict,07_pycombat,False,ok,1532.8,0.11458466958994071,-0.26658638605184354,0.04047552163520891,-0.23368477874444443,0.8854153304100593,0.7334136139481564,0.959524478364791,0.7663152212555555,-0.11620766900632037,-0.20065157145387558,-0.26658638605184354,-0.1586387381951874,0.4418961654968398,0.3996742142730622,0.3667068069740782,0.4206806309024063,120.60986651876851,120.19150002060034,120.12657055181253,116.52316490983894,118.82051439263849,118.29587175918181,101.08051400355745,73.14037931354765,116.09085457937762,116.13006169548265,121.386312239627,116.88755779509272,114.53914567268392,117.95537625621655,0.0026282343514719493,0.0,1.1903906752724178,1.1922684418700134,1.4751557040201917,1.001999322406047,0.7822286962855062,0.7807971014492754,0.7730496453900709,0.7782515991471215,0.167450881488194,0.16660261883343672,0.1674655796882388,0.1649482761930127,0.6064211944233106,0.965882400664607,0.9667308503191963,1.041735455207992,0.9837321307063326,0.9682429654506831,1.1669447610057186,11.34953296559642,0.00030195437525715126,1.1994000504660291e-05,0.0005307813706775742,0.001,1.0,0.892,1.0,,,,,,,,,27.71171646787901,5.176343100143122,-42.84343045605298,2.0829266786063463,2.485336654282321,3.233017788903666,7.388211455818624,10.563788008244087,12.74315801539097,2.6725391658402664,0.06666666666666667,0.0,0.0011558596489770426,0.7083333333333333,0.7666666666666667,0.8295454545454546,0.6,1.6887864816114018,1.4751557040201917,1.1075537348258417,1.5231118971914765,0.01565423821844095,0.04751557040201917,0.10755373482584174,0.02906177206619314,0.0,0.0,0.04617834394904463,0.0,0.7793333333333333,0.5822222268577033,0.8597484848484849,0.7898363636363637,0.7383333333333333,0.6718924859516252,0.33454760304877806,0.38499982180831094,19.0,45.0,3.0,0.0,4.0,3447.0,6285.0,982.0,125.0,11.0,380.9738368018011,0.23999694215913614,0.9396760933186191,0.9393595946738987,0.9997355483222002,0.9999909382248814,0.9995377413392951,0.999947855898291,0.04514653674802222,0.17928838380797385,0.005259225479941845,0.008313471296667822,0.562842545929609,0.045595671384350625,0.0002936320150827551,1.0221306227524101e-05,0.00051711235391563,5.842456687101484e-05,0.38849305158269704,0.0002528740219013703,6.604135640031749e-06,0.00046290274591906,0.9439678962864007,6.855031530840363e-05,8.089031899709744e-07,0.00010746572959420036,0.7676280505252647,0.0017180308189604957,7.988452136271987e-05,0.003098240796631821,0.7948431708100607,9.664755717098513e-05,1.6772847498438462e-08,0.00021330155099004184,0.3317147307342543,0.00014368594306744798,6.975579786615291e-07,0.0002473805695894126,0.6729692720722484,1.8999490006394824e-05,1.9413132612394948e-07,4.9938158472295625e-05,0.46928803733621915,5.4824543831400135e-05,7.242036095826906e-07,0.00013137609445675356,0.7175925682246146,5.407401043860856e-05,2.482089096034946e-06,9.779134219879347e-05,0.32503838305507676,0.00036272251301895094,1.0765950098520077e-05,0.0005002342836825767,0.216890298669254,0.00016591093712349332,3.4797126096785516e-08,0.00026249226762134383,0.9431782960891724,0.2770094871520996,0.2067112922668457,0.30053430795669556,0.354978820431056,0.20913523242867946,0.08370696791810991,0.24725862674252355,0.09325198159411137,0.08721616611079779,0.12076362750330874,0.08397478381858725,0.9326935410499573,0.41478651762008667,0.32798776030540466,0.534789502620697,0.42178071506419684,0.2651769015560709,0.09732528079046329,0.31146447226376367,0.11080065968486888,0.11058735740640017,0.1404106999495273,0.10578058314930272,0.0,0.0,0.0
D_malignant_only,strict,08_inmoose_combatseq,False,ok,1601.1,0.2993567642280259,-0.02980601120998643,0.07424138205774108,-0.03147505363784521,0.7006432357719741,0.9701939887900136,0.9257586179422589,0.9685249463621548,-0.27521833936737017,-0.3078520185568031,-0.02980601120998643,-0.14854074252900507,0.3623908303163149,0.34607399072159845,0.4850969943950068,0.42572962873549747,290.7459838209247,293.74992467723683,293.7573192819507,310.6402003381357,292.153664270759,296.9964524341139,250.84846419977146,62.35129713087321,265.2386155917309,265.1910283127083,189.56673300884933,262.8110684558534,131.17136061836143,277.5950636561454,0.5766616030823462,0.0,1.0827924495500998,1.0846766525210063,1.0234939651925377,1.002744448497458,0.8123132098027496,0.6620111731843575,0.8462809917355372,0.7766258246936852,0.18136807533817337,0.13736905358083332,0.1900721554577554,0.17227003510913888,0.21445282342842753,0.9029401995018951,0.9027554750326945,0.6102453346427913,0.899564512092815,0.4416596883340237,1.106624529441302,142.23370459878743,1.796865670009137,0.10862416867850866,4.025400460347686,0.001,0.001,0.001,0.001,,,,,,,,,36.0,5.0,0.0,0.0,0.0,2.0,8.0,15.0,19.0,4.785059974074733,0.17777777777777778,0.13333333333333333,0.15645841944813138,0.6125,0.6900000000000001,0.8295454545454546,0.55,1.2434247967148304,1.0234939651925377,1.0223919945608293,1.0617752049961287,0.0055323817435188735,0.002349396519253766,0.022391994560829298,0.0034319558331182584,0.0,0.0,0.004777070063694322,0.0,0.6378055555555555,0.4666358825922385,0.8468929292929293,0.9664909090909091,0.9313099415204679,0.7511540784118016,0.7886857639802689,0.7670153884315871,19.0,45.0,8.0,6.0,4.0,3447.0,6285.0,982.0,125.0,11.0,380.9738368018011,0.035300417667297634,0.9358340010608787,0.9340918781978491,0.39078419658646224,0.9078797423264225,0.23865809868146126,0.9986746107873328,0.49988425376731715,0.5609881641420049,0.409128449228352,0.5237185848597151,0.7189972333548538,0.0896328625333635,0.20719970266047327,0.053468753986364394,0.3393826843290345,0.001472940366199872,0.7733789661085354,0.005145134520007111,0.15986600143747048,0.4263142741418639,0.995320854565288,0.6506299168621298,0.09846920157807348,0.8068196844865783,0.9116585250258366,0.3536538636267216,0.08073191150651327,0.5957499395140622,0.8192893731417699,0.43802460641184776,0.012456344323988473,0.5074720068240304,0.8736689028334407,0.33539219782708507,0.0001492477548218996,0.4470833578960893,0.48318824364498375,0.027077116958571037,0.016211932316032032,0.07480051129699397,0.5140069594690676,0.03977353551042769,0.012256190493701778,0.1112195040435835,0.8332306534575775,0.04271477005125448,0.005068920306929396,0.04616891129340648,0.8111040040594543,0.16783955360280903,0.12429397648559382,0.31736452073001686,0.17512585124258367,0.011746331233878844,0.025183813660519246,0.06083413306372008,1.0091248750686646,0.8336555361747742,0.25695616006851196,0.9456393718719482,0.16476890572589564,0.006963186049893529,0.02252259241023347,0.04564301352113842,0.04328434847288949,0.0029038741303190497,0.03249323237820723,0.015501429591201713,1.0545107126235962,0.9821596145629883,0.02985934540629387,0.9119770526885986,0.18013093492747592,0.0100796559801385,0.025316082907769218,0.05356861070546637,0.04731991223586107,0.004203543038130864,0.0365233872657725,0.01819314683866583,0.5766616030823462,0.0,0.15645841944813138
D_malignant_only,strict,09_ruv,False,ok,1552.2,0.22880607056402716,0.14666453213208822,0.106565778516763,0.13003101216728571,0.7711939294359729,0.8533354678679118,0.893434221483237,0.8699689878327143,-0.15521193883676662,-0.15632427168593976,0.14666453213208822,0.18511658990929236,0.4223940305816167,0.4218378641570301,0.5733322660660441,0.5925582949546462,132.433632476454,133.34845752506047,133.39735800748625,136.78859097340205,134.60023926796364,133.92384120894164,160.02317888466507,70.14713362497821,125.40538895905587,125.35672649051115,107.67959414749616,123.03124172672007,90.52328363769935,128.69292250438355,0.2632844985978145,0.0,1.102355219572034,1.10577196413253,1.0053770953298824,1.0028070108488278,0.784688995215311,0.3333333333333333,0.8105489773950484,0.7640552995391705,0.17238246166976698,0.05732542036667372,0.1765307990960076,0.16789969110914998,0.5296776378723131,0.9404337424412139,0.939724207157657,0.7871971878739068,0.9140492052305206,0.6759310576857575,0.8042142607174273,6.767018389290672,1.266744817234448,0.09166275340898776,2.486843562443422,0.001,0.001,0.001,0.001,,,,,,,,,95.0,5.0,0.0,0.0,0.0,3.0,6.0,8.0,11.0,2.501828907542956,0.2222222222222222,0.0,0.06472920199248583,0.6041666666666667,0.6833333333333333,0.9393939393939393,0.5714285714285714,1.267478387651143,1.0053770953298824,1.0514090762136805,1.085385163134418,0.006079054264798706,0.0005377095329882397,0.051409076213680516,0.004743620174134334,0.0,0.0,0.01273885350318471,0.0,0.6265833333333334,0.3896789473303973,0.7891989898989898,0.9175090909090909,0.8737953216374269,0.6024520680372147,0.6090649786250003,0.6067619466836713,19.0,45.0,10.0,0.0,4.0,3447.0,6285.0,982.0,125.0,11.0,380.9738368018011,0.20373664632786737,0.938154402206989,0.9360003952371779,0.5644231691765283,0.9167895122409743,0.4019497389149659,0.9965537664713229,0.1599562284948511,0.39457616925862976,0.27474127380256,0.33475683613878454,0.7619665829444962,0.07303288145728701,0.3517285468311614,0.060487104939463465,0.5072141189104873,0.005835489710695677,0.7973324379452585,0.5490034203423984,0.02558772975705921,0.5770451348775913,0.9364297536126932,0.6733686913638866,0.11828184318850228,0.7693655532734871,0.7196366845346776,0.2924301983271469,0.004144396192288632,0.5825786012271467,0.9509668113336723,0.30147177212621645,0.30355703923691757,0.7651850742723154,0.8513324079673092,0.5156812430031525,0.10038779538364992,0.6376549932514349,0.8854944407898739,0.18284657536527973,0.033393777052530244,0.5038296228756751,0.6925772165786188,0.12716742453931143,0.0016400291183159548,0.17830451654950638,0.4601228538263775,0.12832970533550078,1.5384540510544691e-06,0.22155018128422813,0.5694641280720396,0.3224431284847196,0.00578208356382758,0.371621479705392,0.7563090947844409,0.42454330942400154,0.012094817447492238,0.46500603178809513,0.9953067302703857,1.1346161365509033,0.11854058504104614,1.100166916847229,0.19295164150083732,0.0029527307573487746,0.04614094439970744,0.06527387506814565,0.05068787737798087,0.0012313843689690854,0.06656731166739131,0.022168527019916184,0.9766123294830322,0.9284156560897827,0.3083294630050659,0.9202725887298584,0.20429750639490563,0.005187098530321081,0.050675377932354555,0.07402082207261798,0.0536684055767792,0.0021631881046529937,0.07310911643818194,0.025139193780668194,0.2632844985978145,0.0,0.06472920199248583
D_malignant_only,strict,10_mnn,False,ok,1560.1,0.006077101121434579,-0.29332166228274975,0.05151880139071647,-0.11645123645801793,0.9939228988785654,0.7066783377172503,0.9484811986092835,0.8835487635419821,-0.3091822466964579,-0.31027108456801455,-0.29332166228274975,-0.21344201223247472,0.34540887665177106,0.3448644577159927,0.35333916885862515,0.39327899388376264,0.3487010751741902,0.38370902728649253,0.38335738248616447,0.31806972157099045,0.3525324261926313,0.3469663795157312,0.2828130690999007,0.21098151803677395,0.3082585037463057,0.3083401389836882,0.40076665083274077,0.32887273856260185,0.29370251165138933,0.3410553756766061,0.0,0.0,1.1878957463810573,1.1887695883512204,1.5412795224118705,1.0014916270559242,0.8730657098004037,0.8667649950835792,0.8756186077202244,0.871977240398293,0.1936170911891701,0.19310733990640774,0.19289945822813365,0.1931850055627907,0.6050498064319997,0.8033652633252946,0.8043151197037827,1.2599962324401666,0.9328864924978524,0.8464869479899364,1.2059392331552115,5.737035594736453,0.14426031318706994,0.08792029482806324,0.9157029715821395,0.001,0.001,0.001,0.001,,,,,,,,,13.033601055889893,5.716983922588043,2.4390121408908483,2.551991027657536,2.648323612410286,3.398446508912473,7.326927807494098,9.059140156566698,10.956218579737346,2.200964802106823,0.0,0.0,0.0,0.6875,0.75,0.9318181818181818,0.625,2.3136209941887778,1.5412795224118705,1.2233124099669264,1.9586069771552008,0.029855022595199496,0.05412795224118705,0.22331240996692636,0.053255943175288936,0.0015923566878981443,0.05891719745222934,0.13057324840764328,0.023885350318471388,0.7615833333333333,0.46285412781289276,0.8006858585858586,0.9089090909090909,0.8906608187134503,0.5482819088473792,0.4649268924112235,0.5123637778178735,19.0,45.0,0.0,0.0,4.0,3447.0,6285.0,982.0,125.0,11.0,380.9738368018011,0.4234006290194732,0.8981353037363997,0.8978012136127647,0.9125550813249952,0.9458863540925017,0.6749596761336512,0.9996859137211649,0.00018745743644122903,0.0005279277236213643,0.00024248724175057835,0.0004622610811054137,0.2911830080071476,0.08852703909388653,0.04861400393768644,0.030024625103631138,0.17521168538745716,0.0003812121336302538,0.025267828372026346,0.009214871617357602,0.0025982279555214426,0.013355014657931062,0.9951018875774023,0.14367516971473973,0.09142078088526571,0.5573984126498298,0.08598084798065639,0.03218666386865644,0.0242461081715654,0.054495624159984074,0.14955804778337894,0.03703321295446725,0.018308297454249278,0.07879234036182546,0.6283673534623515,0.0826833952849819,0.036553357617784936,0.41195026744786534,0.08972102293688311,0.014322374407121188,0.015756403072521765,0.04563519629996484,0.24530093360208696,0.07440594866344312,0.005348111001552084,0.1576302743123893,0.6271153819575683,0.07665648016700437,0.09732018899077782,0.3928165382408799,0.030209484441902554,0.006920621689418195,0.00823583167395371,0.020978526916384747,0.035207291957219576,0.009041301009674587,0.00045894421311916547,0.019064658827516623,0.820406973361969,0.561703085899353,0.19996538758277893,0.7183761596679688,0.8131828083279843,0.46199115918644973,0.22361461607355307,0.6522166132989499,0.2136209371104631,0.19266527793238478,0.3226076976796045,0.22150794019293615,0.7548520565032959,0.4084241986274719,0.16324743628501892,0.6163662672042847,0.9010726469558235,0.5042003138174284,0.23947024675603978,0.7196787629598191,0.2367093613834388,0.2102678626281376,0.345482537435395,0.24441965618983807,0.0,0.0,0.0
D_malignant_only,strict,11_harmony,False,ok,1681.4,0.05461913038620858,-0.0977291700082524,0.018401158995082618,-0.2466047066032747,0.9453808696137914,0.9022708299917476,0.9815988410049173,0.7533952933967253,-0.38581312349247376,-0.38470307898370615,-0.0977291700082524,-0.21181929889698545,0.3070934382537631,0.3076484605081469,0.4511354149958738,0.39409035055150726,213.17668178505434,215.6279757015096,215.69694549524183,228.31854906656878,205.10382849709302,217.0267960926952,184.08647082896127,38.48015000921864,193.53441021868917,193.42783374758307,135.95719812089484,200.96665934526112,97.97655427453927,203.15007624102097,0.24662750217580504,0.0,1.1456433542186766,1.1475322852242578,1.1504035524534324,1.0024291523571733,0.6878765060240963,0.6153418565869928,0.7465986394557823,0.6427304964539007,0.14589212932235526,0.130663466659722,0.1607898319001121,0.1344435938759023,0.18050825112297275,0.8975385016209391,0.8967574079617645,0.5954715404277339,0.9798289033308292,0.4514491115313341,1.1035578841085618,121.58213911968116,1.5892363372984688,0.007632120199625223,2.8947151402412117,0.001,0.001,0.001,0.001,,,,,,,,,32.7059346218307,5.00246754601657,-2.802070999866774,0.5165108470791007,0.8385116867296704,2.4994358417336633,8.033857174469105,12.417695700345817,14.554382275016076,3.6652467686760257,0.1111111111111111,0.0,0.07907199808718407,0.5857142857142856,0.6685714285714286,0.8311688311688311,0.5714285714285714,1.4585731818315024,1.1504035524534324,1.1470391509426239,1.301487434773818,0.010422117768897782,0.01504035524534324,0.14703915094262388,0.016749301931878773,0.0,0.04140127388535031,0.08121019108280259,0.0,0.8251944444444445,0.6243215249121237,0.9288181818181818,0.9902727272727273,0.9698479532163743,0.833020145799019,0.8085897061413757,0.7999926491397009,19.0,45.0,5.0,0.0,4.0,3447.0,6285.0,982.0,125.0,11.0,380.9738368018011,0.03380741474565352,0.9304480865434344,0.9278817438642022,0.4112641637136165,0.9926806749535532,0.2870848626361747,0.9983166501878612,0.44122436098943546,0.5451191750904634,0.3596432524245633,0.4759117132464577,0.5777168535542164,0.03835062251499707,0.13563827588681596,0.005384603119278225,0.16681955543674098,0.0019522952692920571,0.16595637031010135,0.01203045923110593,0.0019090287045886495,0.015122001058370534,0.9944365904310967,0.6195272166994515,0.007016241078513105,0.7505975560594516,0.8831553535107407,0.3732574384873812,0.03095363667593904,0.43508694366522016,0.8360841921398545,0.029727959377367386,0.00029865250777474185,0.036840922522094484,0.2527585289258243,0.006427119589084751,0.0005180490226039993,0.020235403566384782,0.6024597941976662,0.011743367276929222,0.0042885914849362175,0.04243472889341193,0.7667571560071258,0.22459796387720493,0.003609709978950531,0.2503152791858183,0.500912691679165,0.01799905655590058,0.0004601500688526673,0.03461727799667333,0.15048692782265513,0.01811715397004339,0.0001562802331852113,0.024450374254891844,0.6241609305179344,0.04295502380369058,0.004635691437438083,0.05849506716509292,1.0698789358139038,1.000368356704712,0.1338910013437271,1.0284013748168945,0.2917827563236365,0.08316190205245645,0.1018801530126553,0.17991849838566149,0.07665054548643256,0.03468120688832485,0.1469819915163666,0.06110450909619317,0.9654374718666077,0.9341889023780823,0.16903316974639893,0.8383439779281616,0.361823081781883,0.1295012209271972,0.12234467544853896,0.24120624590424608,0.09504995064684973,0.0540062038556287,0.17650605654877688,0.0819192544355362,0.0,0.0,0.0
D_malignant_only,strict,12_scanorama,False,ok,1629.9,0.12266154787482456,-0.0208842601110463,0.09174519150787162,0.016103765328317404,0.8773384521251755,0.9791157398889537,0.9082548084921284,0.9838962346716826,-0.12527219222693273,-0.12984924836296982,-0.0208842601110463,-0.06308506668240893,0.4373639038865336,0.4350753758185151,0.48955786994447686,0.4684574666587955,0.5318635591029192,0.5588500840360068,0.5586840107027514,0.5421739068021953,0.5466161668945435,0.5397734075900564,0.49324632797044776,0.23052397519597434,0.48080926750681907,0.48074371753926287,0.44060732959387144,0.48210394015518737,0.32362459106890856,0.5144987379600001,0.0,0.0,1.133586605565598,1.1371071288954675,1.1431251324456655,1.0057537200598314,0.8757201646090536,0.8806319485078994,0.8869115958668198,0.8795341098169717,0.19666841804338944,0.19906123446291746,0.19713965832949493,0.1965517640376204,0.43342690291621655,0.8603546483064329,0.8604930664375917,0.8126678987423512,0.8819789266280479,0.5995563814708946,1.0430868083235394,33.1067811955783,0.6841699695347152,0.08381741684014447,2.0474297219563757,0.001,0.001,0.001,0.001,,,,,,,,,12.98036023703276,5.721882399015848,2.437694916337291,2.5579694471489214,2.653227367122937,3.402331405457166,7.327895458950303,9.053017459561362,10.955902066764052,2.1985692984532754,0.0,0.0,0.0,0.5857142857142856,0.6685714285714286,0.8863636363636364,0.5625,1.573287291549002,1.1431251324456655,1.1189724607552016,1.3532125317424772,0.01302925662611368,0.01431251324456655,0.11897246075520163,0.019622918430137623,0.0,0.0,0.06369426751592355,0.0,0.7854166666666667,0.5027927372658457,0.898079797979798,0.9693818181818182,0.945233918128655,0.7503981560990118,0.7478809743222834,0.7501417954082785,19.0,45.0,0.0,0.0,4.0,3447.0,6285.0,982.0,125.0,11.0,380.9738368018011,0.29421416076419593,0.9172868877908595,0.9159980099784792,0.696918154313976,0.9399916303837595,0.5083293061985351,0.9986213361815566,0.0004080024838108195,0.0009595263765233431,0.0007475433470939814,0.000968801478753259,0.47306061303432384,0.09642639514554793,0.20671361200302116,0.05642349513936579,0.34815054972894244,0.0009605429384503771,0.03159536480973145,0.01264291312428371,0.0010470299298895628,0.01724219880719392,0.9847557843538556,0.2441437879606751,0.04777452434354995,0.5841343096245772,0.9373646388144613,0.7898963012934593,0.14730388002913758,0.8794826455206365,0.35782555715779585,0.2788622940037714,0.07460811301122552,0.3114232875803658,0.3060695529337431,0.23586101820018832,0.012679064438331254,0.2681785774294182,0.4107710658127017,0.33513367440701874,0.05200937846533105,0.34833547949867494,0.31561826063481097,0.05630968075596886,0.014212556195098093,0.20711124408494935,0.505028773396927,0.01131861812211398,0.0026301153682502677,0.2765165362755129,0.6240379630731646,0.06838301969550498,0.1880306354853396,0.4510363081489233,0.25753916935604804,0.034584812467227555,0.023939654127504983,0.1380449103191727,0.9137618541717529,0.7970592975616455,0.24802805483341217,0.9337495565414429,0.4033972428987881,0.13905463973284193,0.1077153925674528,0.26449661131069013,0.1059713709799178,0.05799028894642409,0.15540046268447208,0.08982920453850538,0.9240851998329163,0.9508429765701294,0.14020434021949768,0.9048739671707153,0.4187043993056864,0.1464588546010399,0.11197267355472043,0.27301336433673606,0.10999251980727862,0.061078086379527656,0.16154242085247394,0.09272169206713367,0.0,0.0,0.0
D_malignant_only,strict,13_fsmvn,False,ok,1537.8,0.08412541021108742,-0.23713335321053655,0.02490539008630005,-0.21442846462763157,0.9158745897889126,0.7628666467894635,0.9750946099136999,0.7855715353723685,-0.1751844086198313,-0.17898689575517543,-0.23713335321053655,-0.017098449317422847,0.41240779569008434,0.41050655212241227,0.38143332339473174,0.49145077534128856,71.49071673487347,71.05392260436777,71.05961465601281,71.18323508861589,70.82915040371918,70.77740782771399,74.35457846351046,53.47681263624059,69.98561898962218,69.97867686768669,68.48653978687967,70.06068430282114,67.94935402080175,70.42151485246445,0.3130648602565006,0.2948820230151823,1.2335209212500016,1.2365752810731596,1.556466345579337,1.0029276547984687,0.8012402088772846,0.791792656587473,0.8238961038961039,0.7857142857142857,0.17197423125776376,0.17188098853070935,0.17911635700933298,0.1692659595357756,0.7480245698831325,0.9849648889802473,0.9847882965090825,0.9621161457697294,0.9891504261096193,0.9600429869684367,0.9471039485083469,5.0387504577115125,1.3851248416086033e-26,5.16781769538576e-28,3.521904611811273e-26,0.001,1.0,1.0,1.0,,,,,,,,,28.135035117690823,2.933138466069505,-17.33724713888355,-0.2927931589609538,-0.06465476142916106,0.600662191678041,4.992081831772007,7.476991369165951,10.147437817442745,2.607139389425311,0.0,0.0,0.3038192388940471,0.875,0.9,0.8333333333333335,0.6666666666666666,1.8850486610861823,1.556466345579337,1.1452331702859864,1.672348965590579,0.020114742297413234,0.05564663455793371,0.14523317028598637,0.03735272031058772,0.0031847133757961776,0.004777070063694322,0.06210191082802552,0.0,0.7793333333333333,0.5822222268577033,0.7920838383838383,0.3734181818181818,0.4364093567251462,0.6046982258919757,0.18773428484928129,0.2514892549767123,19.0,45.0,0.0,0.0,4.0,3447.0,6285.0,982.0,125.0,11.0,380.9738368018011,0.39759504522406963,0.944009733797316,0.9436114231587368,1.0,1.0,1.0,0.9999379176477479,0.010279534724022144,0.4996098952487354,1.131865929488011e-13,2.125554068269769e-13,0.44124445674016954,0.035762150042657544,3.2426859810032914e-25,1.2218586135848216e-26,8.2347150819119e-25,6.704501398857676e-05,0.46649958293455207,3.329472092776752e-25,1.2548857939456727e-26,8.456342782622258e-25,0.8961059292201118,1.4363261954754085e-26,5.425139821897559e-28,3.651409634948442e-26,0.5786481865758967,1.1690245702986925e-26,4.411732555372554e-28,2.984210308668623e-26,0.4277483990765605,2.3103397273290683e-25,8.70338778150914e-27,5.864611911391364e-25,0.506647108055232,1.7668319990828653e-25,6.649014251828153e-27,4.485494599999645e-25,0.40693066981513737,6.60692807317625e-26,2.4918783617871613e-27,1.678861748774597e-25,0.14238215063242293,6.191547286390304e-25,2.3368661749751892e-26,1.572496963824632e-24,0.26823888919807154,1.8571958010890611e-25,6.997894082748631e-27,4.716958800204001e-25,0.3334850569879209,5.293968730258591e-25,1.993319428511749e-26,1.3441516766154199e-24,0.3857585949057897,1.0756276289211241e-24,4.050928566855596e-26,2.7314832577364915e-24,0.9094750285148621,0.29482412338256836,0.07193339616060257,0.2971436083316803,0.41017353577732274,0.24366507440280563,0.09193328517998839,0.2925980688462491,0.10775148489775124,0.10161622868476894,0.13263169462180008,0.09937311349175337,0.9375578761100769,0.28875553607940674,0.1082136482000351,0.3286326229572296,0.44704569431244484,0.26893241440698096,0.09264984699530654,0.3220858243844109,0.11743770179620468,0.1121535279116397,0.13366547479924998,0.10938784150846699,0.0902529012320992,0.0,0.01312508380686375
D_malignant_only,strict,14_qsmooth,False,ok,1804.4,0.29018464124400145,0.16847655906233108,0.11135770829238303,0.2896527709366684,0.7098153587559985,0.831523440937669,0.888642291707617,0.7103472290633316,-0.2601105473080555,-0.2656480188616211,0.16847655906233108,-0.19148302596072056,0.36994472634597225,0.3671759905691895,0.5842382795311656,0.40425848701963973,228.2780491374426,226.36085355311238,226.29984790658244,248.6608338839382,234.8080471661771,236.97215262502388,197.91777298186085,71.38011408869541,213.74488043592,213.76020586913123,140.92787409524027,203.52183441937413,85.49495132533677,219.29847587086562,0.3036335944299391,0.0,1.0817431392316867,1.0858353588499254,1.0038788542352854,1.0035504793565522,0.8039950062421972,0.05405405405405406,0.6439024390243903,0.5668016194331984,0.17976199868669898,0.014459459459459461,0.14504613442529,0.12715621645162614,0.3126893468662796,0.944266100259106,0.9445883762032945,0.5667473718881598,0.8667583452765516,0.36078058277430125,1.108028210740651,508.0130005819463,3.1835164805775538,0.13164165061194583,49.78466853357971,0.001,0.001,0.001,0.001,,,,,,,,,19.651671050305215,5.215143649650679,0.0004879707597393,0.1292032249362059,0.3940858212090961,2.636828953663633,8.128584612771654,12.0452608026595,14.100996537305193,3.601756960916608,0.35555555555555557,0.0,0.1121086926267731,0.5505050505050505,0.6404040404040404,0.8333333333333335,0.53125,1.2171453139182358,1.0038788542352854,1.0106423685958947,1.0204959620259302,0.004935120770868995,0.0003878854235285445,0.010642368595894736,0.0011386645569961213,0.0,0.0,0.006369426751592355,0.0,0.7595,0.4586108657411643,0.9236535353535353,0.9890363636363636,0.9694561403508772,0.805478570700334,0.8293396479827614,0.8367353149591763,19.0,45.0,16.0,0.0,4.0,3447.0,6285.0,982.0,125.0,11.0,380.9738368018011,0.04699757221540812,0.9665256135748328,0.9652924229125206,0.3008665077901741,0.890773508139141,0.08550383839940112,0.9986091569032991,0.3982972744699735,0.5686487923451643,0.4047703080236799,0.5090424460111134,0.7677458452462209,0.10577149253129517,0.37183605957199883,0.0686479721162219,0.6133122246204991,0.0023281686377131946,0.2897782622192907,0.15118806701342513,3.9105476597874074e-05,0.19026816506143732,0.9999760024828453,0.8405790971164083,0.12653273513538535,0.9998313437974035,0.9841121509003212,0.18976622541952728,0.043111749988142954,0.8402409795655936,0.9534414109967327,0.8111730863641573,0.005388328531746904,0.9041599783144519,0.9468792421711801,0.20699925185344975,0.3151106131373765,0.8846592303933918,0.8958902808608858,0.02150727509157834,0.16626669013216588,0.5980011613888,0.5133317150972327,0.09328081920630105,1.244591525616478e-06,0.10140776767260058,0.3445980962874167,0.1111830381144012,0.00718278089370073,0.19027475328392268,0.8617336819012581,0.5817789375091543,0.008606521103381747,0.6668381772185153,0.8877176095450449,0.7109047980315852,0.014239952172195355,0.7574406895088751,1.0927174091339111,1.0190712213516235,0.23240473866462708,1.1493921279907227,0.16574680024804847,0.003338323434060509,0.013434802306919506,0.02096389365496985,0.043541238734314223,0.0013921890050538563,0.019382322663516378,0.007119826154761968,0.9207831621170044,0.8989787101745605,0.24366754293441772,0.8898028135299683,0.17725455132621318,0.003188576388754424,0.01574252480010163,0.025932279410859505,0.04656429399836498,0.0013297396366411447,0.022711662460178146,0.008807205581214264,0.0,0.0,0.0
D_malignant_only,strict,15_fsqn_py,False,ok,1690.8,0.23060321695754918,0.12462184625042205,0.10381209604578624,0.17521582486767834,0.7693967830424508,0.875378153749578,0.8961879039542138,0.8247841751323217,-0.06683955629168095,-0.08574800176945198,0.12462184625042205,-0.09908169530820879,0.46658022185415954,0.457125999115274,0.562310923125211,0.4504591523458956,127.7417557574599,131.37411551379407,131.32448397121294,130.53251451802134,130.46832818897624,129.39420873344173,118.03957553371868,80.71375832312233,120.21114314089064,120.22140391924677,110.36479704031116,119.55157742142983,92.10436807383861,125.0538775035725,0.3069335654192051,0.3069335654192051,1.0909614666504166,1.094913834022166,1.0028315473762255,1.0036956937601031,0.8474496958352831,0.37209302325581395,0.8361638361638362,0.8115095913261051,0.18853329085923928,0.08716690625594117,0.18733146138985082,0.18013877664686337,0.6318510172693379,0.915029133941295,0.9154530844804231,0.8454965986660294,0.916326430183622,0.7118121357624129,1.0594233072945112,31.793706586301024,0.8299425431762659,0.0825343274804107,2.1325024094189464,0.001,0.001,0.001,0.001,,,,,,,,,13.598148010165756,2.9876134389923497,0.0,7.719192177910679e-05,0.0004883626555179,0.5423596652841086,4.967229368251675,7.405316966316759,10.062771627851276,2.577519458700265,0.0,0.0,0.3069335654192051,0.5729166666666667,0.6583333333333333,0.8863636363636364,0.5454545454545454,1.3075910664566788,1.0028315473762255,1.0487571465780152,1.097016812672815,0.006990706055833609,0.0002831547376225485,0.04875714657801522,0.005389822926267502,0.0,0.0,0.017515923566879033,0.0,0.7256111111111111,0.4276822650712577,0.8432626262626263,0.9633090909090909,0.9166023391812865,0.6224720142350064,0.6314064545596989,0.6182499358624243,19.0,45.0,0.0,0.0,4.0,3447.0,6285.0,982.0,125.0,11.0,380.9738368018011,0.2664176729153248,0.9268696690800234,0.9260126344419751,0.663411543413407,0.9313324969796798,0.46769737218362606,0.9989104191737022,1.527166415417331e-16,0.6811420417585935,0.6132000461964222,0.6351186596365311,0.6923408080600598,0.10872990901080762,0.3355215891076607,0.0698958840981185,0.5225964357500349,0.001674466944065078,0.29732140565009385,0.25130246760887603,0.00018413637520163118,0.26450634906836673,0.9575342473462676,0.12459579908868788,0.010325544871225568,0.48975658308182585,0.9882764460766768,0.9692520738054314,0.17958658151490428,0.9802355705931992,0.9416652249952797,0.5254690483089526,0.1426370048971569,0.801341840942884,0.9498870736979139,0.33196290250589183,0.29492058690645234,0.8773247439663425,0.7535589275387699,0.04905475745112663,0.04722825179742448,0.5110095314825535,0.31374529752088487,0.07004064344334116,2.9588229424049092e-06,0.14371019057943837,0.46191873017385743,0.10332996472696797,0.014263353053148128,0.1418837748334645,0.5158553938813472,0.3284290761487915,0.006271444488909602,0.35567164485753444,0.743645333719507,0.60177915798854,0.0035389782538196583,0.6605241280947395,0.9706016182899475,0.9704306125640869,0.2316323071718216,0.9362999796867371,0.21669222316637818,0.0023070794291430784,0.04341725214539289,0.07737331442761294,0.05692446434342347,0.000962126851541223,0.06263785435918404,0.026277778203274923,0.9436061978340149,0.9383985996246338,0.2929774522781372,0.927852213382721,0.23288551974618024,0.0025861147437179002,0.045570481575402354,0.08596007110253828,0.06117839981138746,0.0010784936160701778,0.06574430777975486,0.02919404060018023,0.005512039454598201,0.005512039454598201,0.005512039454598201
D_malignant_only,strict,16_fsqn_r,False,ok,0.8,,,,,,,,,,,,,,,,,,,,,,,,,,,,,,,,,,,,,,,,,,,,,,,,,,,,,,,,,,,,,skipped: PCA failed,skipped: PCA failed,skipped: PCA failed,"Traceback (most recent call last):
  File ""/app/harmonization-metrics/compute_batch_metrics.py"", line 1170, in _run_group
    group_result = fn(*args)  # type: ignore[operator]
                   ^^^^^^^^^
  File ""/app/harmonization-metrics/compute_batch_metrics.py"", line 260, in compute_group_e
    result[""exp_min""]    = float(np.nanmin(flat))
                                 ^^^^^^^^^^^^^^^
  File ""/usr/local/lib/python3.12/dist-packages/numpy/lib/_nanfunctions_impl.py"", line 356, in nanmin
    res = np.fmin.reduce(a, axis=axis, out=out, **kwargs)
          ^^^^^^^^^^^^^^^^^^^^^^^^^^^^^^^^^^^^^^^^^^^^^^^
ValueError: zero-size array to reduction operation fmin which has no identity
",skipped: PCA failed,"Traceback (most recent call last):
  File ""/app/harmonization-metrics/compute_batch_metrics.py"", line 1170, in _run_group
    group_result = fn(*args)  # type: ignore[operator]
                   ^^^^^^^^^
  File ""/app/harmonization-metrics/compute_batch_metrics.py"", line 1087, in compute_group_h
    D = pairwise_distances(X, metric=""euclidean"")
        ^^^^^^^^^^^^^^^^^^^^^^^^^^^^^^^^^^^^^^^^^
  File ""/usr/local/lib/python3.12/dist-packages/sklearn/utils/_param_validation.py"", line 218, in wrapper
    return func(*args, **kwargs)
           ^^^^^^^^^^^^^^^^^^^^^
  File ""/usr/local/lib/python3.12/dist-packages/sklearn/metrics/pairwise.py"", line 2473, in pairwise_distances
    return _parallel_pairwise(X, Y, func, n_jobs, **kwds)
           ^^^^^^^^^^^^^^^^^^^^^^^^^^^^^^^^^^^^^^^^^^^^^^
  File ""/usr/local/lib/python3.12/dist-packages/sklearn/metrics/pairwise.py"", line 1969, in _parallel_pairwise
    return func(X, Y, **kwds)
           ^^^^^^^^^^^^^^^^^^
  File ""/usr/local/lib/python3.12/dist-packages/sklearn/utils/_param_validation.py"", line 191, in wrapper
    return func(*args, **kwargs)
           ^^^^^^^^^^^^^^^^^^^^^
  File ""/usr/local/lib/python3.12/dist-packages/sklearn/metrics/pairwise.py"", line 343, in euclidean_distances
    X, Y = check_pairwise_arrays(X, Y)
           ^^^^^^^^^^^^^^^^^^^^^^^^^^^
  File ""/usr/local/lib/python3.12/dist-packages/sklearn/metrics/pairwise.py"", line 173, in check_pairwise_arrays
    X = Y = check_array(
            ^^^^^^^^^^^^
  File ""/usr/local/lib/python3.12/dist-packages/sklearn/utils/validation.py"", line 1106, in check_array
    raise ValueError(
ValueError: Found array with 0 feature(s) (shape=(2000, 0)) while a minimum of 1 is required by check_pairwise_arrays.
","Traceback (most recent call last):
  File ""/app/harmonization-metrics/compute_batch_metrics.py"", line 1190, in compute_all_metrics
    pca_coords, eigenvalues = compute_pca(exp_df)
                              ^^^^^^^^^^^^^^^^^^^
  File ""/app/harmonization-metrics/compute_batch_metrics.py"", line 132, in compute_pca
    raise ValueError(
ValueError: Expression matrix has 0 usable gene columns after dropping all-NaN genes (original shape: (6285, 0)).
",,,,,,,,,,,,,,,,,,,,,,,,,,,,,,,,,,,,,,,,,,,,,,,,,,,,,,,,,,,,,,,,,,,,,,,,,,,,,,,,,,,,,,,,,,,,,,,,,,,,,,,,,,,,,,,,,,,,,,,,,,,,,,,,,,,,
D_malignant_only,strict,17_quantile,False,ok,1701.7,0.23234272231232603,0.12542207739449132,0.1031062529204854,0.1757778632524061,0.767657277687674,0.8745779226055087,0.8968937470795146,0.8242221367475939,-0.0721144705656367,-0.08872855774617394,0.12542207739449132,-0.09761182155923075,0.46394276471718165,0.45563572112691303,0.5627110386972457,0.4511940892203846,125.74242147410978,129.41906693662398,129.3722141903334,128.32543253192057,128.34110461388772,127.34130027828444,116.61549949641189,79.90423406156658,118.29957254804708,118.307831287346,109.16895898153001,117.81840383281373,91.09502178561053,123.12056094503629,0.0,0.0,1.0910471868449616,1.095007322033382,1.0027279986791318,1.0036586416274091,0.8516250588789449,0.3684210526315789,0.8455366098294884,0.8149078726968174,0.18930972439470561,0.0900497652654657,0.19018795589524318,0.18252157137834232,0.6354596414227539,0.9140814823365859,0.9144763582177746,0.8507195871276301,0.9180098939250104,0.7153611718000102,1.0557821342507268,31.74649530658408,0.8101328454772145,0.0810997933022333,2.100022844609369,0.001,0.001,0.001,0.001,,,,,,,,,14.117142027264071,5.494770920752484,2.134476624554152,2.3162551446810946,2.4223537731344464,3.044416421096376,7.581216826671157,9.875625698226528,11.742619157661707,2.54872718397099,0.0,0.0,0.0,0.5669642857142857,0.6535714285714286,0.8818181818181817,0.5416666666666666,1.306957316739048,1.0027279986791318,1.0493236863540996,1.0974469496532164,0.006976302653160182,0.000272799867913176,0.04932368635409956,0.005413719425178691,0.0,0.0,0.02070063694267521,0.0,0.7256111111111111,0.4276848821324327,0.8432646464646465,0.9633090909090909,0.9166140350877193,0.6224741342562293,0.6314160804361761,0.6182579437098749,19.0,45.0,0.0,0.0,4.0,3447.0,6285.0,982.0,125.0,11.0,380.9738368018011,0.2630342439094291,0.9266439769468768,0.9257765343840237,0.6641678981675286,0.9316391681479766,0.4667705833073872,0.9988980540556271,0.0,0.20672320427700736,0.23487742394118122,0.22736780360151232,0.6964969714662692,0.10827862208425751,0.33876914823191606,0.06990078482361786,0.5264227976586012,0.0017143283972835227,0.3193398836247003,0.271045725522378,0.0002794239644251389,0.28567800411105726,0.9578555636218667,0.12340796449648958,0.01178243487125457,0.4888643444959605,0.9881370072084463,0.9690851653959155,0.1767547869458004,0.9807985024538568,0.9402850313857805,0.5356957547803011,0.13906994644590429,0.8056027725976864,0.9492587003974929,0.3262965504878636,0.29532825017931513,0.8768785242311057,0.7625245170083272,0.04702942688642563,0.05212735197865029,0.5129023987106203,0.3110021325181391,0.07014171454636949,9.879738383199428e-07,0.13919122688098193,0.46226338527760674,0.10682316795131276,0.013994263293174028,0.146566400295081,0.5382318811158119,0.3430798406109175,0.006145905673882721,0.37425821344951943,0.736071612504522,0.5950861716411879,0.0035244969099337653,0.6534875893601426,0.9246063232421875,0.9818277955055237,0.231061190366745,0.9036741256713867,0.22087896774394877,0.0023070794291430784,0.04409672323721726,0.08078742357431579,0.058024310885853136,0.000962126851541223,0.06361812393378645,0.027437289122285158,1.0244990587234497,1.1529842615127563,0.27106818556785583,1.077195405960083,0.23206454759219694,0.002446597086430489,0.046482117901374936,0.08570663870238165,0.06096273263411879,0.0010203102338057002,0.06705952098632974,0.029107969059234805,0.0,0.0,0.0
D_malignant_only,strict,18_rank,False,ok,1784.8,0.24497300815219825,0.14866472937648956,0.10100258373847068,0.1819664443112965,0.7550269918478018,0.8513352706235104,0.8989974162615293,0.8180335556887035,-0.08082335697014988,-0.09182606173286273,0.14866472937648956,-0.08774754682340634,0.45958832151492507,0.4540869691335686,0.5743323646882448,0.4561262265882968,14.076865314302413,14.510581194915467,14.505590076648787,14.33498304952355,14.334188785561045,14.247915989379372,13.106012417075272,9.206041343219775,13.253508840990403,13.25421055632144,12.359144085056329,13.25367844853403,10.386539706038203,13.798269195726762,1.0,1.0,1.0854556704476634,1.0895792785524678,1.0026053043990928,1.0037285037791686,0.8409321175278622,0.25,0.8399122807017544,0.8003533568904594,0.18587332564391112,0.0632670427245503,0.1890582775968025,0.1774299359659137,0.6539837625544538,0.9133685731095633,0.9137312226724352,0.8621666340559159,0.9246200567613968,0.728986591006046,1.0528197865698325,32.925113458144544,0.7926103969643449,0.07785785365477693,2.074570552923308,0.001,0.001,0.001,0.001,,,,,,,,,0.999709976798144,0.5,0.0002900232018561,0.0261020881670533,0.0696055684454756,0.2494199535962877,0.75,0.9498259860788864,0.9898491879350348,0.2881463608975619,1.0,1.0,1.0,0.5590277777777778,0.6472222222222223,0.8818181818181817,0.5357142857142857,1.273673171556682,1.0026053043990928,1.039453099150012,1.079540448649365,0.0062198448081064095,0.00026053043990927895,0.03945309915001194,0.004418913813853608,0.0,0.0,0.011146496815286677,0.0,0.7597222222222222,0.45912469998935274,0.8692454545454545,0.9666363636363636,0.9256666666666666,0.6524678922279187,0.6482126863086398,0.6366317366749177,19.0,45.0,45.0,45.0,4.0,3447.0,6285.0,982.0,125.0,11.0,380.9738368018011,0.25758086732990415,0.9257941136764061,0.9248816443955287,0.6593992494086071,0.9331597918041783,0.46304512082570515,0.9988363143792045,9.980611375754426e-05,0.33075553500324745,0.3556740380114574,0.3478361384170813,0.7128825378043356,0.1077893230194873,0.35476002504000836,0.06980223036927345,0.5438256610611614,0.001843322913137764,0.3938293546499438,0.3280772654069269,0.0005544941679781152,0.34856121196437606,0.9600929910075043,0.12194549006514396,0.013258908234559615,0.4880131548453775,0.9875819661618472,0.9658516778118656,0.1686866821107656,0.9801591905477658,0.9551691614734292,0.663526082331181,0.07556543687679221,0.8455671425149076,0.9347034705660366,0.22217500817222638,0.3661153557407545,0.8409063933057405,0.7191308628176947,0.046220063016401684,0.05136419826084463,0.4821464516328781,0.3411320943803378,0.07285709719909171,0.00040389694253136475,0.16582054780746036,0.46873094113374203,0.13647356609672942,0.012607172575109292,0.17838502375573034,0.7094798254085097,0.4396728752313155,0.005221794044311547,0.5109311943669297,0.6589747104443113,0.5508011250692018,0.004244364739087711,0.5977662998704476,0.9895358085632324,0.9427241683006287,0.24473851919174194,0.9558984041213989,0.1994497349521967,0.0023535853149055487,0.038514579866113854,0.06629738539335377,0.05239490905436977,0.0009815213122960488,0.055564793374764374,0.02251613494538179,1.008655071258545,1.148241639137268,0.1598767787218094,1.0478522777557373,0.20790538820481252,0.00263262062948037,0.041458269809502936,0.07031677372059728,0.05461618642669758,0.0010978880768250034,0.05981164025800652,0.023881212760097238,0.0,0.0,0.0
D_malignant_only,strict,19_tdm,False,ok,1909.6,0.37732928426405987,0.10503660817256977,0.10093849643517595,0.11896678416976625,0.6226707157359401,0.8949633918274302,0.8990615035648241,0.8810332158302338,-0.34387813709642423,-0.3631192049760682,0.10503660817256977,-0.3042978854463972,0.3280609314517879,0.3184403975119659,0.5525183040862849,0.34785105727680143,1298.029076129629,1329.4155097237933,1329.1008692832675,1403.9199075730899,1309.5544157889929,1332.3364453264444,1011.7576904508467,242.8168055632765,1166.873875281827,1166.7136318030045,793.3181712785089,1163.9469555842813,519.201514884803,1238.1314621047968,0.0,0.0,1.0888166018748129,1.092340960526501,1.0051787905691056,1.0035852147361903,0.8209316394434362,0.1111111111111111,0.8565279770444764,0.7970353477765109,0.18496165239310344,0.023017822552625963,0.19332181692719588,0.17820427349104273,0.18706576765390373,0.8777345132104432,0.8778217355558333,0.5650736676637714,0.888811447276145,0.3896924959953265,1.2237430698975724,358.7511661528579,2.5280152542221446,0.10894983631601053,5.615009079946302,0.001,0.001,0.001,0.001,,,,,,,,,106.382279340343,13.7758587440608,1.0,1.0,1.0,1.40544753842926,32.446165106295,58.300398962811,72.3644205697147,19.818957688664195,0.4444444444444444,0.0,0.0,0.55625,0.645,0.8311688311688311,0.53125,1.2268523451241382,1.0051787905691056,1.030232714717021,1.051240466883875,0.005155735116457686,0.000517879056910564,0.030232714717020936,0.002846692604659726,0.0,0.0015923566878981443,0.006369426751592355,0.0,0.7082777777777778,0.5403477345247467,0.8897444444444444,0.9907636363636364,0.9576491228070175,0.8031218967904304,0.8281589509590902,0.8084488172789723,19.0,45.0,20.0,0.0,4.0,3447.0,6285.0,982.0,125.0,11.0,380.9738368018011,0.01862342803232553,0.9493927685660766,0.9481394730209296,0.30820206203685985,0.9057431277720127,0.17401918213493228,0.9990824193117268,0.7872050916245728,0.9677802365492051,0.6209135279015316,0.8198998990818268,0.86289268504108,0.08203556522141427,0.40891563992431745,0.0681752701427234,0.6112695928558305,0.0017580618767007478,0.212036154826605,0.04065113963596536,0.004566332953006321,0.08262412927820317,0.998253108345305,0.7703497792321815,0.09107497217164896,0.8762481536619685,0.9901654228969277,0.3490910236737585,0.14722934730147347,0.661531947516697,0.9396327623396799,0.500247488320347,0.014322013559871387,0.7223178282103346,0.9544864394150616,0.5915181342338748,0.14810900488224366,0.9121587059007407,0.9752528747681475,0.7411911246799391,0.0044707266968034565,0.8728003919476912,0.9354385280569388,0.26011814165927194,0.12445272987275242,0.6322788603949454,0.8722282452308819,0.1517459615128804,0.1320894760660565,0.3248942717562785,0.924528219595328,0.44763776926610666,0.004886521081619188,0.6810194138005876,0.8269050949359246,0.23660583702884894,0.01055157684175858,0.34682222609085717,1.0137794017791748,0.9560062885284424,0.08471732586622238,0.8742306232452393,0.1744640411512307,0.005290455932274124,0.03460187278539919,0.052346129439444444,0.04583123447904026,0.0022062914891608685,0.049919950272966196,0.01777796375126899,0.9384020566940308,0.8372817039489746,0.05412159115076065,0.8254474997520447,0.18538523234338067,0.00414163290493363,0.0395933943504332,0.05984863719708176,0.04870020203828634,0.00172719507474582,0.05712119368133108,0.02032598998333621,0.0,0.0,0.0
D_malignant_only,strict,21_harmonizr,False,ok,1666.3,0.11241651503020347,-0.12127996127215745,0.04064358959766143,-0.13956035830816338,0.8875834849697966,0.8787200387278425,0.9593564104023385,0.8604396416918366,-0.18117185534556512,-0.22259458728823267,-0.12127996127215745,-0.13496493912406682,0.40941407232721744,0.38870270635588366,0.4393600193639213,0.4325175304379666,166.77673560440655,164.23389548270347,164.20057102303292,169.49393094237274,166.8299221535996,165.87211052019137,150.75600090513848,110.07580546441032,162.9215496930601,162.94480532281852,147.55027537519734,160.1381738376236,145.5843162645346,163.53643201828984,0.06437716747319046,0.00019691035683202786,1.2104904668798806,1.2130009222507023,1.3387311274142843,1.003773388031254,0.7829872739450771,0.7677677677677678,0.7894736842105263,0.7732463295269169,0.1695029958483356,0.16631193681090722,0.17148513066302543,0.16591841967342139,0.6600189472799701,0.9920092878160977,0.9923522452303881,0.8705342696038116,0.9598888003447312,0.8776901421701802,1.0847756045292904,6.7422899718841744,0.08224074204313243,0.01528926959584062,0.0857983701124007,0.001,0.001,0.001,0.001,,,,,,,,,45.4459057515251,5.13328736442652,-71.9144903610222,0.0,2.050274378328193,3.185310201112485,7.6204266869826505,11.084830297351171,13.525131618798982,3.00546707138353,0.044444444444444446,0.0,0.026261568809098985,0.8333333333333333,0.8666666666666668,0.8295454545454546,0.625,1.6170839272297817,1.3387311274142843,1.0875409971173529,1.4315475655073215,0.014024634709767765,0.033873112741428436,0.08754099711735286,0.023974864750406753,0.0,0.004777070063694322,0.039808917197452276,0.0015923566878981443,0.7793333333333333,0.5822222268577033,0.7970666666666667,0.4234909090909091,0.4735029239766082,0.6181227417841875,0.23733100233049442,0.29321754156066443,19.0,45.0,2.0,0.0,4.0,3447.0,6285.0,982.0,125.0,11.0,380.9738368018011,0.3611620209660963,0.9450635996466914,0.9446267746375329,0.9210152607520607,0.9844495744352353,0.9178763396396428,0.9998228459373107,0.06530498190735923,0.2660696968629447,0.04175852941965902,0.059160752248569815,0.4856737616284903,0.03709340590678134,0.09559158266604689,0.01881810898036016,0.09937624235608263,0.0002067321012628744,0.33609833419708474,0.00013236319718790997,5.9493372953647594e-05,0.0001515859629188926,0.8977200613666044,0.0013090819051891518,0.0002458509521290109,0.001366434206885926,0.7420043254651346,0.43392903765341584,0.08605592993202846,0.4511920573561533,0.7372251835404989,0.5050182615684184,0.0986970572903767,0.5248910577559566,0.5183989742503486,0.015051148758859535,0.0030432232906752983,0.015638207506186465,0.4662106758673172,5.2691080454253056e-05,2.3847075466810647e-06,6.0668428247018565e-05,0.4110487675551229,0.00026314152329615797,5.3094397887558564e-05,0.0002787096108266152,0.16063645405937815,4.90591236408024e-06,3.5041545540255676e-07,8.136857494511559e-06,0.316987267237709,8.642237173619793e-05,1.3351898592986805e-05,8.955335277289709e-05,0.27040757274570465,6.877268954747864e-05,1.0353545955914525e-05,8.60125233839567e-05,0.8935955762863159,0.39706188440322876,0.15373960137367249,0.41325151920318604,0.315994760898843,0.14954940018077195,0.05121285466324085,0.19971632648736568,0.08301097398259465,0.06236694399344894,0.07388453145242481,0.06782831225251088,0.9191766977310181,0.4087878167629242,0.29293960332870483,0.4487232565879822,0.3619975583894138,0.1780248469230434,0.05902515092223111,0.23000132583683852,0.09509578518248289,0.07424212764525216,0.08515529252322544,0.07811380282092008,0.03910405183251136,0.0,0.007877025875866831
D_malignant_only,strict,25_angel,False,ok,410.0,0.04090626413766058,-0.030702496692262875,0.03701869466883732,0.010845112240341048,0.9590937358623394,0.9692975033077371,0.9629813053311627,0.989154887759659,-0.022132399832069858,-0.028395047148679332,-0.030702496692262875,0.012713501259503898,0.4889338000839651,0.4858024764256603,0.48464875165386856,0.5063567506297519,3.9898394912581563,4.169275199131044,4.168757073337787,3.9440790745416825,4.016294854438445,3.996881871511084,4.095660261624196,3.5774818111899034,3.8127068166403655,3.812573213846187,4.023782240454703,3.9154710939345154,3.7335543655571453,3.965382821320455,1.0,1.0,1.0861084209269094,1.0902375090902117,1.1394986690618283,1.0037144841554622,0.8246567505720824,0.7578018995929444,0.8172464478196962,0.799704905938768,0.1822845152278693,0.16384770238570964,0.18066094422370574,0.1762987582154876,0.8966480528924184,0.9144771296063656,0.9145587393974927,1.0202083083038294,0.9748963250562871,0.934116765413839,0.9681913459657718,0.9492042099000252,0.05904557366770006,0.001545121684200133,0.2434900211424745,0.001,0.001,0.001,0.001,,,,,,,,,0.999709976798144,0.4167633410672854,0.0002900232018561,0.0229118329466357,0.0739559164733178,0.2427494199535962,0.6196345707656613,0.8918213457076566,0.9799883990719258,0.250819707499699,0.022222222222222223,0.022222222222222223,1.0,0.75,0.8,0.9545454545454546,0.6666666666666666,1.7175531994460234,1.1394986690618283,1.1421611137333305,1.3660070992775544,0.016308027260136894,0.013949866906182828,0.1421611137333305,0.02033372773764191,0.006369426751592355,0.052547770700636987,0.06369426751592355,0.02547770700636942,0.7403245942571786,0.42860341753865483,0.8260053720727878,0.9445692883895132,0.8921523534178768,0.5576217641575958,0.5296786954805806,0.5253687633647666,19.0,45.0,1.0,1.0,4.0,267.0,6285.0,982.0,125.0,11.0,380.9738368018011,0.614250230815921,0.8992352264676322,0.8980828574346031,0.8747630844275074,0.9768085567286732,0.7761101884864116,0.9985554205259042,0.07217524598442705,0.2867438034651596,0.3009586700138665,0.29681518193653533,0.4945124019565454,0.09834765813573217,0.18457466492527658,0.05307158795287127,0.3296748587476229,0.0012572334625007469,0.6919528608225791,0.42271867988029316,0.06162847225810851,0.6367915376002847,0.4441221444632085,0.04023253599844788,2.628232622466554e-05,0.1468550129201646,0.5308962391028206,0.07166514865812836,0.003097350692632533,0.24600044167075544,0.3493043893235566,0.0778504267361039,0.0002774721196191358,0.11299757756088799,0.6956316284905205,0.04612100539566459,0.04683800079381642,0.4511308873460527,0.4154463673091852,0.054355576491506366,0.11646911139409784,0.2676134262259543,0.2190859064133576,0.06656831177046875,0.023717916321374575,0.13256680449115138,0.5277604343951484,0.16761273497587162,0.14192216983610173,0.3694120762990345,0.7001032963433698,0.6310970184318898,0.12037703211592252,0.6466462619319345,0.3708207529017075,0.26752521091439146,0.016362071670814726,0.2867345614300088,0.9483087062835693,1.1613664627075195,0.43256887793540955,1.040361762046814,0.34597152493788047,0.05614805634248135,0.0909685359772614,0.17399510011310054,0.09088578928854688,0.023415558210328317,0.13123985573132427,0.05909278519412819,1.1644408702850342,1.5060279369354248,0.21496474742889404,1.3386831283569336,0.387650689412483,0.06711307668007228,0.1048713327681903,0.204838295736186,0.10183479372132948,0.027988326863729363,0.1512973517160844,0.06956785220734137,0.0,0.0,0.0
E1_iterative_r1,knn,01_raw,False,ok,3871.5,0.31411651812023866,0.04809380736864562,0.041888388031872906,0.047868497507868465,0.6858834818797613,0.9519061926313543,0.9581116119681271,0.9521315024921315,-0.17182689613034574,-0.1017819719208199,0.04809380736864562,0.022723371054723725,0.41408655193482713,0.44910901403959,0.5240469036843228,0.5113616855273618,398.28913953429657,423.8595098462126,429.0285111193152,428.68137836267647,387.8177031491032,409.41293522490855,375.9002164383468,126.17478773590449,330.5454633689559,327.28340072411214,304.1254092334444,385.82360784807213,241.32872098072988,391.0827973495088,0.39150792513686145,0.0,1.412278447768458,1.092986873529257,1.033656993273646,1.016589874680547,0.6118538324420677,0.37175792507204614,0.8199697428139183,0.6369047619047619,0.13595610690107376,0.07108567949640654,0.18866988415559655,0.13642977347360538,0.31679193633910174,0.7798467550931829,0.7628476715224476,0.7094439473788986,0.9948581632946643,0.5894506504738484,1.040389923302032,51.43889447685425,1.1797529145799739,0.10041202608566181,2.819688715798169,0.001,0.001,0.001,0.001,,,,,,,,,23.961079934831595,4.046117478498205,0.0,0.0,0.04262834869436072,2.3408064896107836,6.605003093747136,11.303509513911099,15.14719718475723,3.426681453287394,0.14457831325301204,0.0,0.12667497710117928,0.8066666666666666,0.5652777777777778,0.8288888888888889,0.10096153846153846,1.4693457642949495,1.033656993273646,1.0311796229917363,1.140377508033059,0.005723728832865237,0.002404070948117565,0.031179622991736267,0.005849062834710789,0.0,0.0018450184501844769,0.03321033210332103,0.0,0.7813076923076923,0.5845724846601459,0.9017854833970026,0.9541619047619048,0.9535760869565217,0.8355172406264747,0.7955428650210897,0.7920484273761267,25.0,83.0,12.0,0.0,15.0,15196.0,5420.0,1039.0,48.0,2.0,337.4746904090241,0.05183315202731342,0.7650980770836846,0.7613831449251397,0.5085993648854394,0.9169516197030463,0.3141531241878118,0.9655989690428931,0.3065650506946459,0.5557504642796512,0.39687159874530725,0.4906580825396998,0.8897947376643154,0.1655673732846171,0.3474045146721211,0.062481280436185206,0.5510608388170154,0.06767788014791001,0.8753279823573324,0.12528441535624057,0.0015485862015635647,0.2739486623173157,0.9866487128252279,0.5557993032118094,0.09370625217615437,0.7325258555677115,0.9459495812449871,0.4521257504215399,0.07622125103624894,0.7728988727764455,0.9651394828534039,0.4807004900987933,0.000833053956431404,0.6821258209547129,0.9234973826141343,0.2211066484076587,0.2634741461736838,0.69631406339367,0.9525487514087733,0.6039161564630803,0.08093249629358253,0.8127254291162523,0.8738746294347322,0.15070404773209697,0.0007014404602043115,0.2979622965788257,0.951571711322116,0.5366901971101499,0.016763577107302755,0.6871403762787749,0.5671669195311653,0.09069172978131296,0.06291984050626173,0.23041371418476253,0.8562222230512826,0.2570264081385285,0.02771216045041861,0.3245532970016836,1.099691390991211,0.7019683122634888,0.2810099124908447,0.9264523983001709,0.30500475093875773,0.030929616337055325,0.0375767803533895,0.11484936582549307,0.0690237050869424,0.011421360034044637,0.05421183466840886,0.03567996159969783,0.9449321031570435,0.7236160635948181,0.38510310649871826,0.8185034990310669,0.32570195169420757,0.039510198743070594,0.04340226302731787,0.13242847454312712,0.07370755829471182,0.014589906319679545,0.06261622963286989,0.04114121878204156,0.17488689106220034,0.0,0.04085064626639949
E1_iterative_r1,knn,02_median_scaling,False,ok,3587.8,0.07692654530532506,-0.3569364852343859,-0.005938255464254225,-0.3246278243417542,0.9230734546946749,0.6430635147656141,0.9940617445357458,0.6753721756582458,-0.22725163084421188,-0.023478471329006004,-0.3569364852343859,0.14183319944040237,0.3863741845778941,0.488260764335497,0.32153175738280704,0.5709165997202011,248.19136161968078,269.68874814781617,269.8650140273874,239.4362384877709,239.21087066437983,243.27006722177265,271.5955100419234,126.41253962677796,202.6764877495828,205.29837521932387,250.0345042691512,246.02471564433307,241.32872098073895,231.43050516647344,0.09151434005454151,0.00974927612529613,1.5335479581571285,1.228633000644004,1.4501270781906719,1.070538753568174,0.5844998292932742,0.6250658241179569,0.7814652473387602,0.6084608460846085,0.12668894718739368,0.13144956435200922,0.17115402594784776,0.12992231991972658,0.5093349696049769,0.7515199990416211,0.7607446854837175,1.0442634157983632,1.0284846794839575,0.992019789926461,0.8521146212275377,11.45821079309368,0.052921657026518555,0.01183660310264256,0.0772852474572905,0.001,0.001,0.001,0.001,,,,,,,,,25.50689346371789,4.195160697828898,-14.267765131010432,-0.06400224866504263,1.3413449787898308,2.3418987743339956,6.167984649703741,9.37343352121173,12.205292280268173,2.6426714781922382,0.012048192771084338,0.0,0.03146363531284694,0.7333333333333333,0.6166666666666667,0.7936507936507937,0.15555555555555556,1.8976305683709522,1.4501270781906719,1.1127526716545224,1.582169853085519,0.010946714248426246,0.03215193415647656,0.11275267165452241,0.024257077211896627,0.0073800738007380184,0.04243542435424352,0.07011070110701112,0.0018450184501844769,0.7812948717948718,0.5844339362290144,0.8381845430502498,0.5630571428571428,0.6128659420289855,0.744367167448848,0.34556852882407374,0.35343387764026285,25.0,83.0,1.0,0.0,15.0,15196.0,5420.0,1039.0,48.0,2.0,337.4746904090241,0.16697735103573785,0.7536575482197736,0.7721988132895,0.9554906627651015,0.9861434512426714,0.9200302122441733,0.9142449256307633,0.06231810644500794,0.5473299111321606,0.06973970247144434,0.08737883210976882,0.7494984771222943,0.11235545787907701,0.046954921842441474,0.021206444553023576,0.11151144870502827,0.03736293536005182,0.7367049320073206,0.07172702194484998,0.015099976492831502,0.10392331314630515,0.957847126655215,0.03892616496708868,0.013355601097947355,0.0527935308485547,0.6691572097909957,0.12478266892987082,0.0008018232561670016,0.19630138558708002,0.8953655064264876,0.01193023749632864,0.0009431513693049031,0.0821953297416542,0.8265545951835569,0.03701246029803809,0.0008991429959656173,0.05904637758866239,0.821203033584745,0.047636261045630485,0.08589141294313288,0.16729446149638172,0.4942962366196193,0.021196659014820478,0.00022849530714012095,0.04506833919093617,0.611186655667422,0.019039723674693004,0.08133021514636955,0.12448674778208847,0.925182287253238,0.03895927465845047,0.0015105682036825987,0.10599105320423247,0.5574871880343435,0.058338746394644064,0.012004058717694213,0.17801394846438742,1.0199097394943237,0.2969684302806854,0.0393574982881546,0.3588937222957611,0.46842263420063945,0.20770882796938386,0.0704581593055656,0.28172238250351667,0.1060057774824815,0.07670050868512104,0.10164963702030408,0.08752197904840023,0.9953043460845947,0.2407248318195343,0.09135070443153381,0.2969265580177307,0.5740859787980713,0.29053475445351706,0.10196597163824099,0.379117624378101,0.12991778381531902,0.10728558663176399,0.14710580162191497,0.11777951216668144,0.0004606475388260068,0.0,0.0002653883474870548
E1_iterative_r1,knn,03_limma,False,ok,3686.7,0.1695243153041835,-0.31840703026878464,-0.009993115934073898,-0.2785247454139913,0.8304756846958166,0.6815929697312153,0.9900068840659261,0.7214752545860087,-0.172042960991603,-0.016186914087861503,-0.31840703026878464,0.12838415162208083,0.4139785195041985,0.4919065429560692,0.34079648486560765,0.5641920758110404,243.06174393271488,265.0652790978288,265.04639598376616,233.7841025634648,232.90701156464897,237.58601377930916,264.1138963912712,126.29687752199618,197.31779794032704,200.24516977107888,246.56618856293872,242.21110139741856,241.32872098073855,227.55323772023473,0.07411824196031679,0.0,1.5104533552492967,1.2137231621340012,1.3192306427765481,1.0705168437237997,0.5402061855670103,0.5508940852819807,0.809437386569873,0.5350978135788262,0.11638359365037512,0.11663373224869515,0.17694142279505815,0.11460207960222578,0.5196082093320209,0.74441208826714,0.7555098760269267,1.0546747441734365,1.0399476588114094,1.0157530619832948,0.8615723777863102,11.075859424399273,8.729975151389063e-31,1.261619650788425e-31,3.752090086299709e-30,0.001,1.0,1.0,1.0,,,,,,,,,24.12046165633401,4.588347468343131,-8.784948278520812,0.3331869911395558,1.477049497050035,2.8007656135229206,6.545886203876702,9.447528079565693,11.833677305060629,2.5735188669587186,0.012048192771084338,0.0,0.01797346165091027,0.8333333333333334,0.6166666666666667,0.7825396825396826,0.19642857142857142,1.726027542205828,1.3192306427765481,1.0619855075448532,1.4047680855576323,0.008853994417144243,0.022802188769753436,0.06198550754485321,0.01686533689823468,0.0018450184501844769,0.0073800738007380184,0.04981549815498154,0.0,0.7812948717948718,0.5844247683643611,0.8700828680575963,0.6238190476190476,0.6875760869565217,0.7744001658993782,0.4097663669394042,0.4239410824757453,25.0,83.0,1.0,0.0,15.0,15196.0,5420.0,1039.0,48.0,2.0,337.4746904090241,0.18082564372282162,0.7265628034882059,0.747084186439592,1.0,1.0,1.0,0.9259971147253795,0.044732449106949686,0.3570796184757399,1.1657171060309003e-15,1.2692590938614012e-15,0.7168443273919402,0.10707408430608963,1.0530920390798474e-30,5.265383968615679e-31,9.06768918637078e-30,0.037267951548504874,0.5700199171896754,1.1217328753393888e-30,1.9479123242974864e-30,8.85686769726816e-30,0.9561045870663515,5.174891518635796e-31,5.244344307514371e-32,1.696567448384264e-30,0.6217927077102323,1.9114801344482554e-30,8.035266305046091e-32,1.9086434713348247e-29,0.8402653603432856,1.7943408787334955e-30,4.1596729522296964e-32,1.5988267561856326e-29,0.8221067546294668,5.414387551316252e-31,4.857767041654985e-31,6.824165226844806e-30,0.7328177126142869,2.4707210447892625e-30,7.843365485157794e-31,1.7607326071639965e-29,0.48256105227768037,2.863971886289631e-31,3.698163125466494e-33,2.7649555525860867e-30,0.6245235887977605,1.2432393682313083e-30,1.0332466803808431e-30,1.301217853000831e-29,0.8737102926198482,5.388425641733532e-32,1.525592171978377e-31,8.396865187524754e-31,0.6445413006708137,5.901967372152612e-31,6.834614952848664e-31,4.0004425430191525e-30,0.9881951808929443,0.26928138732910156,0.029962392523884773,0.3114672601222992,0.3978318534754455,0.14552776838969847,0.0600730750354491,0.21178102204096275,0.09003082228707487,0.053738947797373496,0.08666712744459301,0.06579347373539465,1.044118881225586,0.45662832260131836,0.10054144263267517,0.4347667694091797,0.4503275637635008,0.17658560561446043,0.06708767705207792,0.24962108093018337,0.10191079600584445,0.0652076558782359,0.09678705898779313,0.07754914899222753,0.0,0.0,0.0
E1_iterative_r1,knn,04_sva,False,ok,3763.5,0.30126666031476423,0.038709362259084217,0.04304081151284697,0.03530405859305937,0.6987333396852358,0.9612906377409158,0.956959188487153,0.9646959414069406,-0.16858918173196322,-0.09899880742532867,0.038709362259084217,0.024641581280026126,0.4157054091340184,0.4505005962873357,0.5193546811295421,0.512320790640013,396.592392203252,422.20312255297074,427.32161049308104,425.874813325305,387.2091359649823,407.3227865857797,375.1764121699277,132.06020121690125,329.5982980447595,326.3767917809913,305.56979831074904,383.84140535720536,244.53978293704355,389.4454694871271,0.39341715508078406,0.0,1.412157388357976,1.0931265725122385,1.033614449488024,1.0164940890151426,0.607094133697135,0.3670520231213873,0.8214285714285714,0.6385542168674698,0.1357141603312148,0.06927911432508266,0.19074558854123955,0.13569371460535798,0.33298722772579287,0.7806628621118433,0.7637731950986266,0.7175108476709543,0.9913025538527543,0.6003587105617156,1.038032927589106,35.93536946230282,1.1371558618580877,0.10539276906070542,2.6800098100454357,0.001,0.001,0.001,0.001,,,,,,,,,23.95978178655559,4.051846840953257,-0.0651422230379975,-0.0165035945846899,0.032510296385603064,2.3335982450070434,6.606140603065369,11.285640896515321,15.125221769352468,3.419958661566578,0.14457831325301204,0.0,0.12447928858730546,0.8050793650793652,0.5613095238095238,0.7955555555555556,0.09821428571428571,1.4698107091404946,1.033614449488024,1.03103172284419,1.140030468735069,0.005729398891957251,0.0024010321062874246,0.03103172284419009,0.005834602863961212,0.0,0.0018450184501844769,0.03321033210332103,0.0,0.7802820512820513,0.5828527196397644,0.9015865412870996,0.953952380952381,0.9531666666666667,0.8348887086022465,0.7945839904254868,0.7906840967416804,25.0,83.0,12.0,0.0,15.0,15196.0,5420.0,1039.0,48.0,2.0,337.4746904090241,0.05852080578897867,0.766983305017481,0.7632256009035816,0.5156072112854131,0.9140049516655631,0.3224814376270154,0.964693527636505,0.3065118106420493,0.5585183856659355,0.3975047558168533,0.4916746339069754,0.8870450890863216,0.1653872303822695,0.3464426027302742,0.06204140360019204,0.5480839469595937,0.06770178646798237,0.875024901738045,0.1271142830594898,0.001663345590449771,0.27609703570598626,0.9779285976403503,0.5450066660680724,0.09916891017127555,0.7211908282406178,0.9425366594079952,0.45361955422721845,0.07211178646177455,0.7712112639069582,0.9638573502299486,0.4872990794155147,0.001371756060182569,0.6809558409347984,0.9102253003652804,0.21673763196513124,0.25725250056916193,0.6839309988210295,0.9534906755174972,0.6064147908242721,0.08021839883966082,0.8143184026284471,0.8758840473627505,0.14799594371467284,0.0009561308733772838,0.29732238979972914,0.9408018818707186,0.5365710009569021,0.016661845280306592,0.6840273771100688,0.573144316081705,0.09047349322050824,0.06377023001908365,0.23246757588128436,0.8575571606489251,0.25319358385096025,0.027239132136647692,0.31931775656701733,1.0960732698440552,0.7106324434280396,0.3109995722770691,0.9467856884002686,0.30376822844696333,0.03135387094760973,0.03629417132328432,0.11461804021495574,0.06874387546611094,0.011578024268105634,0.05236142098127672,0.03560809625815524,1.0046945810317993,1.1308956146240234,0.45462489128112793,0.9956265687942505,0.31962097213305857,0.03326325293549139,0.04195771509834013,0.1249998470747873,0.0723314100918507,0.01228310055771966,0.06053218749940729,0.03883338590108723,0.0,0.0,0.0
E1_iterative_r1,knn,05_combat,False,ok,3646.2,0.2943860235282884,-0.06186918328975966,0.020724466856253818,-0.030125165511688153,0.7056139764717115,0.9381308167102403,0.9792755331437462,0.9698748344883118,-0.06331983535935427,0.011535258468820796,-0.06186918328975966,0.06564878235139011,0.46834008232032287,0.5057676292344104,0.4690654083551202,0.532824391175695,346.110877559634,372.39155687085054,377.20606279766014,365.42008734678683,334.145740933606,352.1024752881251,338.82121876350965,132.13879329181006,283.5093394002292,280.55524849566484,281.09566747207475,339.27343976435736,240.32935473949448,336.26680056115526,0.28468850896804954,1.7235111996891413e-05,1.3724820274863267,1.0982158682870817,1.0597246939329987,1.0226333482786185,0.5876484560570071,0.37813211845102507,0.8530465949820788,0.5845808383233533,0.130705213453111,0.07911293356584734,0.19191262481444882,0.12853743658012337,0.38178168286272046,0.7613205352519669,0.7437718429413461,0.7692397796547854,1.0153456956130116,0.6825551412066422,0.9924608670859622,30.19026138612125,0.775872838788205,0.035477748555237214,1.2098450290959726,0.001,0.001,0.001,0.001,,,,,,,,,30.680097636285787,4.2627957064301025,-8.715242800574732,0.0,0.11305766663172907,2.3496784946141887,6.645782870938765,10.48112032856138,14.077598294661337,3.1737294250689616,0.07228915662650602,0.0,0.09984245222815481,0.8833333333333333,0.5750000000000001,0.8171717171717173,0.13846153846153847,1.442418468890788,1.0597246939329987,1.0210859717070333,1.144091004289755,0.005395347181594975,0.004266049566642767,0.021085971707033302,0.006003791845406457,0.0,0.0,0.01291512915129156,0.0,0.7873589743589744,0.5859746935830347,0.8739471054951513,0.8505238095238096,0.8843333333333333,0.7941084485367997,0.6830149541446359,0.6824863550225083,25.0,83.0,6.0,0.0,15.0,15196.0,5420.0,1039.0,48.0,2.0,337.4746904090241,0.0984757435507454,0.6840058799810339,0.6868944458809505,0.6411632208383121,0.9541132141514042,0.5073311284868598,0.9264117141153774,0.22530710433762896,0.4930515088757906,0.3734814324130603,0.41234455713593315,0.8148842265890126,0.18160282238149922,0.24100203728136607,0.07161079984719466,0.4146354226943803,0.07551278646125718,0.4761219554535024,0.07042726911007915,0.029392478748261945,0.11428165924460268,0.9723763836291703,0.38813667192830975,0.03837876078449316,0.5152381313990183,0.9524400371026235,0.6071918320256116,0.019885031033823716,0.6600835670345536,0.8952002987455203,0.29255047021849084,0.2623675897243162,0.7484116575420521,0.9240677636302019,0.22954140808275383,0.020851561155898698,0.42112330106821616,0.8388001327958625,0.05532216768839046,0.17324329280445774,0.4300248632192755,0.725585420507395,0.22368723659549852,0.0007576121202618574,0.2560431770301866,0.6852237066023793,0.11471804363845982,0.023743059283080646,0.3616713912399012,0.7959914409871436,0.04675539380024159,0.03908187347522819,0.09919387338980436,0.8830351264363269,0.3816898797258252,0.10840673934212451,0.5402826057761922,1.0610134601593018,0.9655566215515137,0.2064814567565918,1.045236349105835,0.2900484505348287,0.044537663210919794,0.02479485824255997,0.10812801858155549,0.06563903889700558,0.016446394971848164,0.03577141902608611,0.03359185767471564,0.8186991214752197,0.6146657466888428,0.2655799984931946,0.6124124526977539,0.31074395582810255,0.046553005724456774,0.02640043158521186,0.11948833625554843,0.0703225084154034,0.017190599238340973,0.03808777172531351,0.03712113879398904,0.09936992079861123,0.0,0.03166269478567384
E1_iterative_r1,knn,06_combat_seq,False,ok,3562.0,0.309832135560863,0.0017037829930993654,0.03577666705894831,-0.06715120274884388,0.690167864439137,0.9982962170069006,0.9642233329410517,0.9328487972511561,-0.14645467045784138,-0.06750220660571425,0.0017037829930993654,0.04235203530283402,0.42677266477107934,0.46624889669714287,0.5008518914965496,0.521176017651417,387.2674480722004,414.53095407581424,419.58574222311154,412.0745504252905,375.1101313366015,395.23456723719147,372.9486317904098,145.3794589169455,320.1958302509384,317.13785221520584,307.9097140846276,378.4503241628612,260.0416489273628,378.60054553383367,0.33005937605165914,0.0,1.4020007868077442,1.0974455424749603,1.0317756783239296,1.0198524095429082,0.6102439024390244,0.3475409836065574,0.8458498023715415,0.5913884007029877,0.13469801484160943,0.07096757155117,0.19585547191125244,0.13032347577713113,0.3753980863628941,0.7724292410558495,0.7558356261938238,0.7472184675487547,1.0089045657454194,0.6579425750766998,1.0151546708089283,42.90584872442466,1.1505028702963407,0.10052081384739057,2.705273809753866,0.001,0.001,0.001,0.001,,,,,,,,,30.0,4.0,0.0,0.0,0.0,2.0,7.0,12.0,16.0,3.555607227494198,0.08433734939759036,0.07228915662650602,0.09889426378470155,0.8400793650793651,0.5724206349206349,0.8282828282828284,0.12179487179487179,1.437447427652268,1.0317756783239296,1.0218032513153732,1.1181009009235523,0.005334724727466682,0.0022696913088521126,0.021803251315373195,0.004920870871814679,0.0,0.0,0.009225092250922495,0.0,0.593974358974359,0.4420298299964143,0.7512665295327652,0.837352380952381,0.8612826086956522,0.7069951992009165,0.6678314398418638,0.6883972351655954,25.0,83.0,7.0,6.0,15.0,15196.0,5420.0,1039.0,48.0,2.0,337.4746904090241,0.06446242886714904,0.7327767277149462,0.7273348864207465,0.533832459409356,0.921190141077074,0.35924971451300003,0.9598341931352521,0.26545809841785023,0.5292756630843175,0.3436686750692152,0.4409324633356725,0.8437569840424818,0.18988544989870765,0.24958642077665655,0.04344105043038367,0.3879303708603323,0.07884944691460428,0.7672556467458247,0.407717310962023,0.020405891173493715,0.5107083463060677,0.9842576681841644,0.5465136136815918,0.09466552247916621,0.7329212421964552,0.9060969284218459,0.41848668134374933,0.057703478450128846,0.7017307418376088,0.9566959498376443,0.36583685863708704,0.02569918847458013,0.45778064987948935,0.9261580009465983,0.22672133626642177,0.016489929748852918,0.24876966559972477,0.8183261225810242,0.05044696094539187,0.035395656025520285,0.19354626233531486,0.6429842496106052,0.08382213999686347,0.10244931351541037,0.37300285784189063,0.8582951295749572,0.07865779288206885,0.008263263675677913,0.11779059056438984,0.7112696173340097,0.23557554938803826,0.009943244409713583,0.29759415751938056,0.8662305271881449,0.08208596366332992,0.06339501635129274,0.24545919452300166,1.1455419063568115,0.9814020395278931,0.25188255310058594,1.0620970726013184,0.28305328509476635,0.02964646755458264,0.023572621698928136,0.09712973319531072,0.06405600704296674,0.010947532487586883,0.034008104425795195,0.030175048209350474,0.8794883489608765,0.922372579574585,0.22894586622714996,0.8851484060287476,0.2976504727951073,0.03578408487531816,0.02631842612464197,0.10877775779657202,0.06735940469767863,0.013213966587751435,0.03796946285402351,0.03379371051103719,0.33005937605165914,0.0,0.09889426378470155
E1_iterative_r1,knn,07_pycombat,False,ok,3452.3,0.1626586049772193,-0.3089259759033199,0.00253823756809964,-0.2829873319766576,0.8373413950227807,0.6910740240966802,0.9974617624319003,0.7170126680233424,-0.09376969871163307,0.06078555860930521,-0.3089259759033199,0.1220794376744144,0.45311515064418345,0.5303927793046526,0.3455370120483401,0.5610397188372072,192.94024996741982,204.25212277629177,204.36122645468922,187.095659593718,191.2942195494769,189.33032639076268,205.4864026222408,127.891175466575,168.88680217644037,170.24790959446278,196.22264671012329,189.27928236303373,195.55650278649725,183.96922994094874,0.03188491305823888,0.0,1.5252564866223841,1.2134666822619313,1.3127665782615632,1.0636905296132662,0.49243353783231086,0.46578947368421053,0.8065099457504521,0.4676588437321122,0.10596925897479535,0.09579626837587715,0.1784577958633431,0.09851795044618573,0.6628537875750182,0.8268545750264468,0.833073438381473,1.0487824631326281,0.9894668161370029,1.032885256759576,0.8952866349952677,6.1476712587189315,0.00020641233624737147,4.582702350914558e-06,0.0003245612838956246,0.001,1.0,0.966,1.0,,,,,,,,,43.33115850832753,4.5203143392744645,-17.59791059436475,1.0935289277191305,1.4148553628530511,2.2572465343483383,6.598451490942008,9.314588730859628,11.616596696472516,2.6419777680530023,0.012048192771084338,0.0,0.008397869316940077,0.7466666666666666,0.6583333333333333,0.8296296296296296,0.26666666666666666,1.6982362967884044,1.3127665782615632,1.0586119589757605,1.400479836074582,0.008515076790102492,0.02234046987582594,0.05861195897576055,0.01668665983644092,0.0036900369003689537,0.022140221402214055,0.047970479704797064,0.0036900369003689537,0.7813076923076923,0.5844809291623017,0.8784002350866882,0.7423238095238095,0.7607065217391304,0.7710237200515798,0.4702842889411458,0.4584495438837097,25.0,83.0,1.0,0.0,15.0,15196.0,5420.0,1039.0,48.0,2.0,337.4746904090241,0.2569933730451218,0.7741342425580383,0.7943905247470243,0.9993634068864585,0.9999823795265183,0.9991055769578148,0.9483458680965078,0.026892305746353835,0.2455718733952299,0.013041210758293655,0.020800952441493242,0.6940330420358639,0.107673730734596,0.001097217774524511,3.132997889297385e-05,0.0014556666284035187,0.03444100570113139,0.7575074574203015,0.0002506850450821749,6.196596728515321e-07,0.00047712735355557527,0.8980587627156624,4.0992937957523306e-05,4.85510888322687e-06,4.993222268514454e-05,0.6474840014612275,0.001132520170550639,3.057020700736133e-06,0.0018618559816701678,0.822136591633915,0.0008527926851496618,1.3161432633224437e-05,0.0010112536908184857,0.5944356803391019,0.00078755778643507,7.330346954820853e-06,0.0011398824327422245,0.6719689167481672,0.0019820876454540916,8.003303612503444e-05,0.0023328029057840087,0.8078339227657992,0.004746255928963302,0.00010428277764678994,0.006155916234073076,0.4972645297844875,0.0005522746582120907,3.7173466625122397e-05,0.0007189944056646366,0.40644749049510503,0.0005749397430395707,6.275481923841951e-05,0.0007453687213621551,0.8371930669948721,5.207114440098658e-05,3.212044951246282e-08,6.35323356797152e-05,0.9229882955551147,0.27026116847991943,0.06305216252803802,0.31984537839889526,0.38052708642049426,0.14154393370927523,0.05605379177409978,0.19827414365319487,0.08611468939365964,0.052267839662523644,0.08086852741551633,0.06159732603581046,0.9342081546783447,0.3665233254432678,0.13274967670440674,0.37386995553970337,0.43307024082230317,0.17947840129746295,0.06617206920529554,0.24455432710094477,0.0980053998911376,0.06627587672651453,0.09546611608784117,0.07597507341276771,0.0,0.0,0.0
E1_iterative_r1,knn,08_inmoose_combatseq,False,ok,3514.2,0.30983223802113946,0.0017037757813729041,0.03577666481481685,-0.06715122931399306,0.6901677619788605,0.9982962242186271,0.9642233351851831,0.9328487706860069,-0.1464547187377864,-0.06750222775151278,0.0017037757813729041,0.04235201989841202,0.4267726406311068,0.4662488861242436,0.5008518878906865,0.521176009949206,387.2674480722004,414.53095407581424,419.58574222311154,412.0745504252905,375.1101313366015,395.23456723719147,372.9486317904098,145.3794589169455,320.1958302509384,317.13785221520584,307.9097140846276,378.4503241628612,260.0416489273628,378.60054553383367,0.33005937605165914,0.0,1.4020007868077442,1.0974455424749603,1.0317756783239296,1.0198524095429082,0.6102439024390244,0.3475409836065574,0.8458498023715415,0.5913884007029877,0.13469894378250616,0.07096757155117,0.19585547191125244,0.13032347577713113,0.3753980863628941,0.7724292410558495,0.7558356261938238,0.7472184675487547,1.0089045657454194,0.6579425750766998,1.0151546708089283,42.90584752471176,1.1505028057935314,0.10052081653741574,2.705273667483291,0.001,0.001,0.001,0.001,,,,,,,,,30.0,4.0,0.0,0.0,0.0,2.0,7.0,12.0,16.0,3.555607233759189,0.08433734939759036,0.07228915662650602,0.09889426378470155,0.8400793650793651,0.5724206349206349,0.8282828282828284,0.12179487179487179,1.437447427652268,1.0317756783239296,1.0218032513153732,1.1181009009235523,0.005334724727466682,0.0022696913088521126,0.021803251315373195,0.004920870871814679,0.0,0.0,0.009225092250922495,0.0,0.593974358974359,0.4420298299964143,0.7512665295327652,0.837352380952381,0.8612826086956522,0.7069951992009165,0.6678314398418638,0.6883972351655954,25.0,83.0,7.0,6.0,15.0,15196.0,5420.0,1039.0,48.0,2.0,337.4746904090241,0.06446242179993944,0.7327767275715527,0.7273348857444729,0.5338324794169714,0.92119013823467,0.35924973039617836,0.9598341965787358,0.26545809841785023,0.5292756674564014,0.3436686745918651,0.4409324630903931,0.8437569684987766,0.1898854543354222,0.2495863958450743,0.043441070522692124,0.3879303474096759,0.07884944596165577,0.7672551133198987,0.40771678935620737,0.02040563452803636,0.5107071486493276,0.984257667119235,0.5465135986904763,0.09466552566029636,0.732921230754933,0.9060969359518536,0.41848668397146743,0.05770347270134712,0.7017307438511791,0.9566959569115859,0.36583684777049624,0.025699199513541993,0.4577806928557227,0.9261580231099336,0.22672137080135896,0.016489933498554904,0.24876969723416514,0.8183261298714626,0.050446984517522254,0.03539565292922734,0.19354625121893823,0.6429838550840383,0.08382188547931278,0.10244950753305512,0.3730026479205597,0.8582951462568457,0.07865768392578754,0.008263189756824576,0.11779029897253802,0.7112699967479151,0.23557583712181537,0.009943307773761758,0.29759465068854024,0.8662308606149972,0.08208627681629914,0.06339528133227572,0.24546011195085563,1.1500041484832764,0.982460618019104,0.23735594749450684,1.0627810955047607,0.28239894821005884,0.029557018774903188,0.023271876506396453,0.09678674204995498,0.063907928181839,0.010914501792792878,0.03357422082795854,0.030068492018923403,0.8698869943618774,0.8838263750076294,0.22616413235664368,0.883630096912384,0.29969378914887135,0.034485659788046054,0.026692061324804915,0.10989363662990846,0.06782181475839882,0.012734497969797592,0.038508504504400146,0.03414037776198097,0.33005937605165914,0.0,0.09889426378470155
E1_iterative_r1,knn,09_ruv,False,ok,3498.9,0.24839163304290135,-0.022397080414679544,0.09548717909364099,0.06173768430461446,0.7516083669570987,0.9776029195853204,0.904512820906359,0.9382623156953855,-0.06488819974027268,-0.00172311755091643,-0.022397080414679544,0.05835814277695087,0.46755590012986364,0.49913844122454176,0.4888014597926602,0.5291790713884754,280.8156532257845,285.00713764813264,286.11232309775767,292.38021750917653,291.27068034108714,286.7863444203493,282.6352108641118,169.21898724525505,262.549203787902,261.95906360350784,243.96804641647773,263.984062781636,207.42539282399346,273.40494406364735,0.24720321137141352,0.0,1.4080817360518136,1.0998840390531683,1.0478454172723406,1.02067056771595,0.6316688006828852,0.4049586776859504,0.8080808080808081,0.672821270310192,0.1398494034601913,0.07412480619129104,0.18478305423437263,0.14634495365365188,0.6025981290622633,0.9212022055112282,0.9155811982065616,0.8344204970325007,0.9063186945987916,0.7232749984774914,0.9673421199989753,5.694396318064176,0.6099653231093605,0.04602983012169453,1.7591780909877823,0.001,0.001,0.001,0.001,,,,,,,,,317.0,4.0,0.0,0.0,0.0,2.0,6.0,9.0,12.0,2.899981026383444,0.060240963855421686,0.0,0.08630371266860866,0.8611111111111112,0.625,0.9022222222222223,0.22916666666666666,1.4924716279291,1.0478454172723406,1.0386352344090872,1.1570436654240575,0.006005751560110975,0.0034175298051671854,0.03863523440908723,0.006543486059335728,0.0,0.0018450184501844769,0.03136531365313655,0.0,0.5311794871794872,0.3972188609328539,0.6935988833382309,0.8004761904761905,0.8102572463768116,0.6259066576434654,0.6256298949094705,0.6019962725485928,25.0,83.0,5.0,0.0,15.0,15196.0,5420.0,1039.0,48.0,2.0,337.4746904090241,0.2139301181277905,0.8692136027168527,0.8781323154146392,0.6828238331490699,0.9443819160897163,0.46884041190324477,0.9731644213698291,0.19555542512666954,0.47355638063860256,0.3453264212472976,0.40306255802155644,0.7587530727056128,0.11944078946257974,0.2853914847096463,0.052293712873409025,0.4541587505655877,0.04806826408257596,0.46476635244301917,0.17710514282900397,0.020846840469674922,0.2119844454952913,0.8307661826661634,0.4259741645421906,0.055243363602800244,0.6308850372936929,0.8998910996369295,0.26197804388185386,0.01611507521636269,0.6541697189957203,0.9492595229867221,0.1288021258294463,0.2797731207073027,0.6487593785988742,0.8704047604372424,0.6899608990665957,0.0158014878809922,0.7328149679913444,0.8906973024108102,0.45349571965584007,0.021923517482025836,0.4811353986227114,0.7094100270635051,0.025753541264696183,0.033623259812952666,0.26811640410197096,0.6631417427671875,0.14492209120257527,0.03988887054576918,0.23044129757620851,0.8425857221975396,0.4661557637055909,0.03897533074896394,0.5455933540164561,0.4666080144470085,0.07976735511867054,0.0007462622672459403,0.13768750296360677,1.0466947555541992,0.9846802353858948,0.1900824010372162,1.0824778079986572,0.32138689209317156,0.033823813189927526,0.03760600007490922,0.1185363348382652,0.07273104432101869,0.012490098291442608,0.05425398981574152,0.03682538292483487,0.870061457157135,0.8497314453125,0.3382208049297333,0.8769862055778503,0.3397665570559624,0.041691510094443926,0.04178245507538587,0.13601058034229824,0.07689043059314668,0.015395397794869151,0.06027934073342509,0.042254062518198354,0.24720321137141352,0.0,0.08630371266860866
E1_iterative_r1,knn,10_mnn,False,ok,3628.5,0.06743962232541242,-0.23355333066514455,0.1623358674775814,-0.11626228558099994,0.9325603776745875,0.7664466693348555,0.8376641325224186,0.8837377144190001,-0.15634576687047363,-0.07214294159594459,-0.23355333066514455,-0.007664010487344494,0.4218271165647632,0.4639285292020277,0.38322333466742775,0.4961679947563278,0.1952776559675867,0.18430062061879854,0.18552367826745148,0.1901479570833719,0.22278873662231605,0.19686283827473178,0.18506258781962343,0.11047075801769372,0.20280421067067303,0.2002946505632735,0.19465800857380078,0.1669403420220127,0.1584067764302044,0.19434278364111782,0.0,0.0,1.4762602526667616,1.2592853144934772,1.5048554225540975,1.0661148840447048,0.716354556803995,0.7099337748344371,0.864853195164076,0.7216734456711215,0.15478705441248972,0.15277039326618216,0.18958777719274378,0.15482488587489832,0.5657112047475124,1.1003989568225423,1.0796177201409738,1.023718642890554,0.7493212832613675,0.8046555552000116,1.050146255549715,43.904905571202754,0.16382638158566387,0.3113351752073811,1.377512475360541,0.001,0.001,0.001,0.001,,,,,,,,,13.960302790480096,4.748209885554054,1.2627360584391003,1.3888432549950585,1.5510683962855396,2.4065349062319927,6.501330216636745,8.593895678885135,10.757987395457183,2.3811192850583827,0.0,0.0,0.0,0.95,0.875,0.95,0.6,2.3809390442347484,1.5048554225540975,1.217468958749392,1.9677151961074617,0.016840720051643273,0.036061101611006965,0.2174689587493921,0.04032146650447757,0.0036900369003689537,0.0977859778597786,0.19372693726937273,0.03874538745387457,0.7633846153846154,0.5344468297991752,0.7788404349103732,0.7639904761904762,0.7975942028985508,0.6628568871980048,0.49444156592953636,0.4914977752939087,25.0,83.0,0.0,0.0,15.0,15196.0,5420.0,1039.0,48.0,2.0,337.4746904090241,0.3200944089982044,0.8858163010229024,0.9114248813356808,0.9010746664178518,0.9002351155343127,0.6581518152311769,0.9782228826361046,8.29296191121868e-05,0.00019711534656972703,7.815217531514797e-05,0.00011789354564312955,0.5536423091626189,0.08448798233333629,0.07333086060778521,0.052020800400902914,0.2278149219682676,0.022009881137193953,0.3671084868642057,0.036461952990609885,0.0014808407053166226,0.08709286559697396,0.9800783945792434,0.11733288984313517,0.2317573179088097,0.5484629566550022,0.9747002097454357,0.17101315190255148,0.24472616529909283,0.6193176294503364,0.7514730177688758,0.18059671309759204,0.0009404820777655597,0.4947150720321064,0.48254186477988725,0.01974175708103255,0.0021538123250938214,0.07427362274591796,0.3880945697431736,0.030662142757230566,0.008983887413130404,0.10065134119067745,0.3808262566197908,0.011547858010820278,0.0010884587484474586,0.06886211330052935,0.3977416943538547,0.07733389328756433,0.016139954840514826,0.09252939448639183,0.4322339035748682,0.037920691155296095,0.0033965494972376907,0.10743885411474678,0.38162469359685375,0.05069755595201968,0.009540535193620137,0.08480537010999421,0.8125220537185669,0.5089899301528931,0.4556746482849121,0.6349910497665405,0.7532340678779526,0.34817224654707324,0.19319491937637165,0.5568290271629827,0.17045966006308239,0.1285693472024126,0.2787213521092345,0.1729886635766021,0.847802460193634,0.5386906862258911,0.4570150673389435,0.6563297510147095,0.8730333918380977,0.40337197474903125,0.21897909066824883,0.6498705091353394,0.19757069089519055,0.1489529162291208,0.31592004816545727,0.20189362513291387,0.0,0.0,0.0
E1_iterative_r1,knn,11_harmony,False,ok,3921.3,0.14520863047655294,-0.024745731036231823,0.0358388199301169,-0.21327024303834172,0.854791369523447,0.9752542689637682,0.964161180069883,0.7867297569616583,-0.1610010592169486,-0.06878086527659388,-0.024745731036231823,0.06338696800091392,0.4194994703915257,0.46560956736170306,0.4876271344818841,0.531693484000457,291.4071061087754,308.70357894408306,312.60541239234345,325.9548736310024,285.354057206564,299.0941302908644,287.92194831279977,84.11512917204315,243.10039044678993,240.43097950256865,197.25539539581627,280.38241650846066,176.8754508401506,280.42179242351006,0.3098458621689252,0.0,1.4168132370976363,1.1440252951757746,1.169181834980689,1.0337613730096855,0.6204053589831673,0.5223285486443381,0.7213114754098361,0.5901123595505618,0.13535185564591126,0.10999735971119702,0.1556100619152182,0.12741337530129515,0.2886516059791794,0.7874880857498054,0.7691196952175914,0.6051616691552202,0.9825772910090274,0.5913705182650758,0.9739507323660456,36.55146210235319,1.7563430460459841,0.07406258280398673,2.366738260061055,0.001,0.001,0.001,0.001,,,,,,,,,22.922237239356814,4.198783696930877,-3.71860495168052,-0.014962959738379383,0.25599462616541396,2.664244352439142,6.266671537739629,9.807490773200403,12.317879122547001,2.855294136377941,0.012048192771084338,0.0,0.11458444832539928,0.8888888888888888,0.6666666666666666,0.8629629629629629,0.18333333333333335,1.583269169177804,1.169181834980689,1.061854446609807,1.2784965046027414,0.007113038648509805,0.012084416784334933,0.06185444660980699,0.011604021025114227,0.0,0.0073800738007380184,0.022140221402214055,0.0,0.8344230769230769,0.6205316522944934,0.903227152512489,0.953,0.9491847826086957,0.8443713781885732,0.7845291775295414,0.7791723112707435,25.0,83.0,1.0,0.0,15.0,15196.0,5420.0,1039.0,48.0,2.0,337.4746904090241,0.08596596476261731,0.7642247354902735,0.7583182045324586,0.4498576336033897,0.9416108084898872,0.3884071391582711,0.9604705564451239,0.26872770632165804,0.44893254885202694,0.315973719368866,0.4014381666208042,0.736957094477759,0.15087344570057107,0.1757944634695198,0.02491904441948333,0.22326589755906867,0.060841818176456466,0.5942672974326918,0.014855967165355316,0.009754640047789722,0.04271554022794055,0.9768092031723552,0.663010055571668,0.06934518220571363,0.7252399246538259,0.9319579468549033,0.3264344027013562,0.06426418034194552,0.4349104082261629,0.8555827451676526,0.34968216740960506,0.004603903360387311,0.4341838222281664,0.7442684724073994,0.1238961482096388,0.04521206233159671,0.2071489593571948,0.6988409917776404,0.027695898048425746,0.00011380344290032738,0.04063561810582786,0.3396804395616693,0.01695323173588857,0.0009004616704471197,0.022989237474689755,0.8564225346318085,0.07169578624202522,0.026959818592580172,0.11514759812699873,0.786827108439548,0.11126913028814348,0.006595993052374142,0.13134722639130633,0.5849142053319214,0.05245184732309146,0.02144039914909865,0.0783406407985738,1.0209202766418457,0.8434333801269531,0.2656618654727936,0.9888134598731995,0.39031065812685506,0.1032834491703196,0.05740166355574216,0.20894470006617674,0.0883287479159559,0.03813941452351288,0.08281309535064596,0.06491232077109782,0.9171256422996521,0.7951503992080688,0.1864824742078781,0.896574854850769,0.44777136429741027,0.15218811021370193,0.07801688178081816,0.26682279230345596,0.10133231859672939,0.056198408047147534,0.11255456845080687,0.08289316109744035,0.0,0.0,0.0
E1_iterative_r1,knn,12_scanorama,False,ok,3789.6,0.14138476247241807,-0.046270914778386435,0.07224303675723463,-0.12780493703015403,0.858615237527582,0.9537290852216136,0.9277569632427654,0.872195062969846,-0.15246904444187875,-0.06449380457176489,-0.046270914778386435,0.16292479573778768,0.4237654777790606,0.46775309771411755,0.4768645426108068,0.5814623978688939,0.4070489776942907,0.41257850770000754,0.41355034836265675,0.46102957952529156,0.41148377998715285,0.4229641108144057,0.44731586923934136,0.14011337934633214,0.3701529996931688,0.37060507056755376,0.26713175459650484,0.3831351035768306,0.22104380412608404,0.3747782955443641,0.0,0.0,1.4094526149856441,1.125051619743049,1.1188752652546319,1.0123875537158307,0.691713048855906,0.702037351443124,0.8660598179453837,0.7223796033994334,0.1534647594660206,0.15451668598769028,0.19179672220200814,0.15868696754374093,0.34421749475947,0.8971698544275917,0.8961546569477369,0.5794243286332353,0.9311062117413053,0.5226065249377077,0.8378381392586696,34.057402250508126,3.510958740345453,0.06619665478727575,8.928702902376767,0.001,0.001,0.001,0.001,,,,,,,,,13.96418585758847,4.74908352379942,1.2583487152035144,1.3859896943388204,1.5487032848259812,2.405307368428252,6.49850244529409,8.589119418865257,10.752424093807466,2.380966036512028,0.0,0.0,0.0,0.7284126984126984,0.5904761904761905,0.8688888888888889,0.1625,1.6299920073438976,1.1188752652546319,1.1074244733412446,1.3102449053071272,0.0076828293578524096,0.008491090375330848,0.10742447334124461,0.012926871054463634,0.0,0.0,0.06642066420664205,0.0,0.8162564102564103,0.5919918996839911,0.9086538348516016,0.9479904761904762,0.9486231884057971,0.8409089993784029,0.8081486893220535,0.7848687728897872,25.0,83.0,0.0,0.0,15.0,15196.0,5420.0,1039.0,48.0,2.0,337.4746904090241,0.12602549894527104,0.8688212326905964,0.8694244165185423,0.4990551552700442,0.9502358832884513,0.3358826557305197,0.9515785683927901,0.00037199707339532394,0.0005889877128183009,0.0005487165257273398,0.0005920610307919432,0.7590242903212844,0.16906127263489806,0.25094647009281357,0.04480495962617236,0.41432007217408817,0.06895722976822247,0.28170890461671766,0.052664586097029564,0.0026222791849288695,0.07563313152135089,0.9714230593032179,0.9077760296839071,0.0005275982368156374,0.9553038371656569,0.9715999156620981,0.469955742471803,0.20871674805411058,0.7658411397848932,0.9262183712776514,0.1566996870383537,0.04757604847455236,0.7419830155642404,0.9529706692218941,0.21621814921073024,0.07027404985273114,0.37034910467330173,0.8334521726224079,0.10426350702034697,0.001171215801386262,0.3098532731284077,0.776222027503199,0.1038549552685216,0.020455152016962082,0.23229527730050722,0.6514385855614976,0.3110636170830232,0.08544956095015283,0.4128938192129945,0.45508719666082237,0.03446423904025793,0.005628973272860503,0.07654973467120196,0.7701220007833379,0.1525041880141624,0.005627970417223395,0.20249838871832718,1.1004812717437744,0.9617078304290771,0.23596446216106415,1.0977178812026978,0.40277264981140537,0.08631427044321378,0.0830991450556827,0.21831603856203552,0.09114894280204489,0.03187321653346116,0.11988672447394605,0.06782369076662802,0.9171142578125,0.8811547756195068,0.3062598705291748,0.8955531120300293,0.4478403673189366,0.10570764844079954,0.0934138788768011,0.24953690827477543,0.10134793423613594,0.03903459706831698,0.13476773980576323,0.07752299928655773,0.0,0.0,0.0
E1_iterative_r1,knn,13_fsmvn,False,ok,3760.5,0.15885741488061525,-0.2804415051173085,0.010823357362161279,-0.2583903588826945,0.8411425851193848,0.7195584948826915,0.9891766426378388,0.7416096411173054,-0.04397037345447981,0.06486737455249131,-0.2804415051173085,0.11320251504273077,0.4780148132727601,0.5324336872762456,0.35977924744134576,0.5566012575213654,156.58874552312156,164.3330535914914,164.29381697790066,155.25180890307217,155.06431675026735,155.02033225067402,166.9295237349658,110.83580321760326,139.9909886342941,141.08837505325383,153.44006542694078,154.30511278700928,152.214240564618,149.66481700481268,0.3110206931006868,0.2858976046327981,1.5279853491124369,1.2203244576401404,1.3125305439668693,1.081095503143613,0.5626515763945028,0.5755305867665418,0.8156645569620253,0.5697928026172301,0.11915368676829893,0.11990206118327701,0.1801976362796676,0.11913000066837759,0.707814618779467,0.8518735919207817,0.8587564501726305,0.9883302907133114,0.9951039415181457,0.9818985571420499,0.8965748757687446,4.17141833658676,1.9671974754951205e-07,7.930294020442859e-10,1.9671974754952238e-07,0.001,1.0,1.0,1.0,,,,,,,,,34.716238898216744,2.781912660112466,-14.1682922411256,-0.3771488731846869,-0.048548494861183,0.6276729106601773,4.698161206979315,7.178990273638674,9.689774615086918,2.476827813255106,0.0,0.0,0.301945877678045,0.8222222222222222,0.7638888888888888,0.8288888888888889,0.3333333333333333,1.7640974353760397,1.3125305439668693,1.0723260773961203,1.44886537338388,0.009318261407024873,0.022323610283347808,0.07232607739612029,0.018702723890995004,0.0018450184501844769,0.03690036900369009,0.06088560885608851,0.005535055350553542,0.7813076923076923,0.5845677961660156,0.8337252424331473,0.3432952380952381,0.4366449275362319,0.7258455267622217,0.30437531037503657,0.3164357480833585,25.0,83.0,0.0,0.0,15.0,15196.0,5420.0,1039.0,48.0,2.0,337.4746904090241,0.3200065500860326,0.7993353947537922,0.8180995743120199,0.9999965079673189,0.9999999886664155,0.9999965079673189,0.9584650589846814,0.009199174365195182,7.335556355693656,0.02860473290109228,0.018393490846743268,0.6120036121693119,0.09726107984506756,1.5769445452432425e-06,4.268243003674013e-09,1.576944545243244e-06,0.02921619940236094,0.26345775279222683,8.749161058395965e-06,1.1734717248294693e-08,8.749161058395967e-06,0.8612983792366637,2.0988324486418612e-07,9.402436958070872e-10,2.0988324486418562e-07,0.592452841094587,1.4514888709950052e-07,2.1628754966423385e-10,1.4514888709950158e-07,0.7729524934619902,3.796592300845518e-07,3.0850684814026215e-09,3.796592300845558e-07,0.5038156775903365,8.232890301356302e-08,3.8706615245601127e-10,8.232890301356388e-08,0.4868529379161852,8.945800769394754e-07,1.5810252514835836e-09,8.945800769394759e-07,0.844329337939478,4.1186051398430665e-07,1.7173747217164328e-09,4.118605139843079e-07,0.5969746456088513,2.411720654903859e-06,1.129488496758092e-08,2.4117206549038603e-06,0.4047719094575732,7.677026478489494e-07,2.164403247425575e-09,7.6770264784895e-07,0.7931301465952274,1.7174002352980696e-06,9.561358720908969e-09,1.7174002352980715e-06,0.9345954656600952,0.19145718216896057,0.09019720554351807,0.19865629076957703,0.4235168653809726,0.17740842450622155,0.0631531154195707,0.24435050112533394,0.0958434356364246,0.06551149769454573,0.09111068643250297,0.07591175131315886,1.0088437795639038,0.3654586672782898,0.1423761248588562,0.388940691947937,0.46950803407069985,0.2105468319771903,0.07123744350998398,0.2847334883886649,0.10625140749415136,0.07774849664585062,0.10277390647746157,0.08845743168745056,0.0924841930693985,0.0,0.017728980922344102
E1_iterative_r1,knn,14_qsmooth,False,ok,4075.9,0.30898882117704785,0.1319551305340609,0.10643229014030271,0.19060861519401923,0.6910111788229522,0.8680448694659391,0.8935677098596972,0.8093913848059808,-0.1588621243508932,-0.10903559344349975,0.1319551305340609,0.126468628303877,0.4205689378245534,0.4454822032782501,0.5659775652670305,0.5632343141519385,309.3452558813725,316.5699419346659,317.34005663062976,337.9280688625535,312.4706518956013,321.7745757979772,325.79454404470835,125.03219930750595,278.7198337827947,279.2592297267682,229.83138360505833,292.78299362342534,171.69147870620756,291.6611997497118,0.30494950370017426,0.0,1.3978211020408224,1.085254630500347,1.022300196841603,1.0102516084991124,0.6,0.38495575221238937,0.7401960784313726,0.49696233292831105,0.13338332425302893,0.06848852379500076,0.16532936103801518,0.10255193885164603,0.4041833418497719,0.8804368225215685,0.8799999366352101,0.6801192466155818,0.9369935763479197,0.5335768939495154,0.8952304606724399,146.46495560662797,2.367824357592958,0.15311238003849156,49.908089747864764,0.001,0.001,0.001,0.001,,,,,,,,,17.68335909809785,4.438224485554976,0.1388207515823804,0.1858416257254476,0.2571443643615167,2.359498604359899,6.67106502443535,10.064683614926436,12.53971787486942,2.969322616192006,0.0963855421686747,0.0,0.10669093585513376,0.7761904761904763,0.5701058201058201,0.8206349206349207,0.09401709401709402,1.432715883488688,1.022300196841603,1.0110146055597495,1.0882350187621124,0.005277022969374243,0.0015928712029716432,0.011014605559749535,0.0036764591150880155,0.0,0.0,0.01291512915129156,0.0,0.7711538461538462,0.5471907284309063,0.9183458712900382,0.9497333333333333,0.9504565217391304,0.8455199441384369,0.7999629048480758,0.7951917891981898,25.0,83.0,8.0,0.0,15.0,15196.0,5420.0,1039.0,48.0,2.0,337.4746904090241,0.06900524661317875,0.8616225670404843,0.8649470768229109,0.45491066515896883,0.8965689577658671,0.21036908963150236,0.9581913981628757,0.20529212475759526,0.43887524170799924,0.3540293926085453,0.41860911724000993,0.8912012238576246,0.16056264022395073,0.36415692166511243,0.07385394808108121,0.5902665032055652,0.06981483001877875,0.7698601204063064,0.13404611353242515,0.00288678574328996,0.2188930218729589,0.9993472615010719,0.7977860910788562,0.10942071018346393,0.9992548888095478,0.966091111700597,0.2838274789121161,0.23618857550586236,0.8967052169893246,0.9797716751968625,0.36127979199266014,0.0009060516445409733,0.6581470696916175,0.9280466534123415,0.28409597141843024,0.33966908956988856,0.7449472480707365,0.9483191696051062,0.3387116219824653,0.011508719792916627,0.5221740148200975,0.89692572426936,0.48891186157405736,0.0005702249964197816,0.606806556787211,0.9398699691664992,0.7427655029471399,0.01753959452889427,0.8429211622255431,0.8826950290182395,0.16695166896184163,0.0062974897261536935,0.2244193668843011,0.6010855242998623,0.043193114251131946,0.013552239119382015,0.18839648590431365,1.1441551446914673,0.8621518015861511,0.40220072865486145,1.0704758167266846,0.29257593753621036,0.01738586925465573,0.014824428877442744,0.07183198617866549,0.06621101856898609,0.0064200690399238034,0.02138713002549779,0.02231586121580403,0.8133224248886108,0.7753864526748657,0.23591554164886475,0.8267297744750977,0.30192367757685684,0.024231152370965108,0.01964160509672909,0.0898170727171811,0.0683264467707079,0.008947822444762187,0.028336846268150445,0.02790324249953281,0.0,0.0,0.0
E1_iterative_r1,knn,15_fsqn_py,False,ok,4016.4,0.2660228890592366,0.15672592996962187,0.10695315684534444,0.09328040863863062,0.7339771109407633,0.8432740700303781,0.8930468431546555,0.9067195913613694,-0.04388934330058081,-0.008049702065416288,0.15672592996962187,0.1733006774295158,0.4780553283497096,0.49597514896729183,0.578362964984811,0.5866503387147579,211.68692109820878,216.08132326558086,216.54219994150012,222.46354186945405,220.4426759937973,216.2221293642622,230.23338651200496,117.85220939300852,195.01262651378372,195.26765669429403,178.63298636063826,197.56227245902824,153.08393976029836,198.5644515648475,0.30488286391155567,0.30488286391155567,1.413084016402907,1.100688002096097,1.0261155774542041,1.0151417606142696,0.6521563885530028,0.4226415094339623,0.8571428571428571,0.672791519434629,0.14322751883501253,0.07835086174514934,0.1937152847943427,0.14501860180462497,0.556728818113108,0.902496447016376,0.901753361455857,0.802976455645319,0.8962070142198199,0.7079938589560505,0.862448555238073,35.13711480478011,1.1067926496028908,0.14404841876412244,3.3522831038032357,0.001,0.001,0.001,0.001,,,,,,,,,14.158722524388846,2.8397983433562697,0.0,3.99418095705949e-05,0.0003342234240257,0.5645112211713633,4.670160248240571,7.118634659618218,9.595036332341936,2.4480892618567296,0.0,0.0,0.30488286391155567,0.8277777777777778,0.5902777777777778,0.8355555555555555,0.1125,1.481909540434737,1.0261155774542041,1.0369029872386868,1.1434098073308208,0.005876945615057769,0.0018653983895860085,0.03690298723868679,0.005975408638784198,0.0,0.0018450184501844769,0.023985239852398532,0.0,0.7598974358974359,0.5323836879749791,0.8598942109903027,0.9251809523809523,0.9154239130434783,0.7566946092943165,0.7392224124721716,0.6901081662887895,25.0,83.0,0.0,0.0,15.0,15196.0,5420.0,1039.0,48.0,2.0,337.4746904090241,0.15660840144246668,0.8437557017915605,0.8588144335371171,0.6303153332315665,0.9268802169053356,0.42887368423287164,0.9275119652071876,0.0,0.6669626148661876,0.6431372561266532,0.6238731727307393,0.8543419869426252,0.16211503589895562,0.38277978925068384,0.06293514956727896,0.5692583450796815,0.07131522092240568,0.8491557654183715,0.24159271706371044,5.838654734105041e-06,0.29486054341667584,0.9873707280089172,0.801110214189542,0.012626230260714282,0.8495660117895231,0.9557075124108866,0.2206704523092807,0.2510718849573033,0.682588690883398,0.9324795943474679,0.07575989765770973,0.0014695913606418533,0.6799881989027468,0.9662318964022819,0.47667783613857406,0.30906235559887735,0.6815176672759948,0.903131843241688,0.4130925214970597,0.002091802598777118,0.532705813319655,0.8723831030796458,0.5661118059116974,0.002093649319396772,0.6353861958488892,0.8574642232940203,0.6950685105224311,2.861063505868274e-06,0.729874601330192,0.6752242805146839,0.18083269962439066,0.050878366303356355,0.379771317527969,0.5442709227082887,0.15688123759244307,4.891555548250473e-05,0.22632441050177118,1.0557329654693604,0.9665701389312744,0.1929197609424591,0.973896324634552,0.32487186031433185,0.022735524658652636,0.04431466147580515,0.1139489480159352,0.07351970554021076,0.008395532937092155,0.06393254234981728,0.035400231079308855,0.8715519905090332,0.9076448678970337,0.14383861422538757,0.8810052871704102,0.3331749201216692,0.029048836542262004,0.042769369159037667,0.13029829788380576,0.07539871873491334,0.010726845658340738,0.06170315678769302,0.04047944219443163,0.008949723611476704,0.008949723611476704,0.008949723611476704
E1_iterative_r1,knn,16_fsqn_r,False,ok,2.2,,,,,,,,,,,,,,,,,,,,,,,,,,,,,,,,,,,,,,,,,,,,,,,,,,,,,,,,,,,,,skipped: PCA failed,skipped: PCA failed,skipped: PCA failed,"Traceback (most recent call last):
  File ""/app/harmonization-metrics/compute_batch_metrics.py"", line 1170, in _run_group
    group_result = fn(*args)  # type: ignore[operator]
                   ^^^^^^^^^
  File ""/app/harmonization-metrics/compute_batch_metrics.py"", line 260, in compute_group_e
    result[""exp_min""]    = float(np.nanmin(flat))
                                 ^^^^^^^^^^^^^^^
  File ""/usr/local/lib/python3.12/dist-packages/numpy/lib/_nanfunctions_impl.py"", line 356, in nanmin
    res = np.fmin.reduce(a, axis=axis, out=out, **kwargs)
          ^^^^^^^^^^^^^^^^^^^^^^^^^^^^^^^^^^^^^^^^^^^^^^^
ValueError: zero-size array to reduction operation fmin which has no identity
",skipped: PCA failed,"Traceback (most recent call last):
  File ""/app/harmonization-metrics/compute_batch_metrics.py"", line 1170, in _run_group
    group_result = fn(*args)  # type: ignore[operator]
                   ^^^^^^^^^
  File ""/app/harmonization-metrics/compute_batch_metrics.py"", line 1087, in compute_group_h
    D = pairwise_distances(X, metric=""euclidean"")
        ^^^^^^^^^^^^^^^^^^^^^^^^^^^^^^^^^^^^^^^^^
  File ""/usr/local/lib/python3.12/dist-packages/sklearn/utils/_param_validation.py"", line 218, in wrapper
    return func(*args, **kwargs)
           ^^^^^^^^^^^^^^^^^^^^^
  File ""/usr/local/lib/python3.12/dist-packages/sklearn/metrics/pairwise.py"", line 2473, in pairwise_distances
    return _parallel_pairwise(X, Y, func, n_jobs, **kwds)
           ^^^^^^^^^^^^^^^^^^^^^^^^^^^^^^^^^^^^^^^^^^^^^^
  File ""/usr/local/lib/python3.12/dist-packages/sklearn/metrics/pairwise.py"", line 1969, in _parallel_pairwise
    return func(X, Y, **kwds)
           ^^^^^^^^^^^^^^^^^^
  File ""/usr/local/lib/python3.12/dist-packages/sklearn/utils/_param_validation.py"", line 191, in wrapper
    return func(*args, **kwargs)
           ^^^^^^^^^^^^^^^^^^^^^
  File ""/usr/local/lib/python3.12/dist-packages/sklearn/metrics/pairwise.py"", line 343, in euclidean_distances
    X, Y = check_pairwise_arrays(X, Y)
           ^^^^^^^^^^^^^^^^^^^^^^^^^^^
  File ""/usr/local/lib/python3.12/dist-packages/sklearn/metrics/pairwise.py"", line 173, in check_pairwise_arrays
    X = Y = check_array(
            ^^^^^^^^^^^^
  File ""/usr/local/lib/python3.12/dist-packages/sklearn/utils/validation.py"", line 1106, in check_array
    raise ValueError(
ValueError: Found array with 0 feature(s) (shape=(2000, 0)) while a minimum of 1 is required by check_pairwise_arrays.
","Traceback (most recent call last):
  File ""/app/harmonization-metrics/compute_batch_metrics.py"", line 1190, in compute_all_metrics
    pca_coords, eigenvalues = compute_pca(exp_df)
                              ^^^^^^^^^^^^^^^^^^^
  File ""/app/harmonization-metrics/compute_batch_metrics.py"", line 132, in compute_pca
    raise ValueError(
ValueError: Expression matrix has 0 usable gene columns after dropping all-NaN genes (original shape: (5420, 0)).
",,,,,,,,,,,,,,,,,,,,,,,,,,,,,,,,,,,,,,,,,,,,,,,,,,,,,,,,,,,,,,,,,,,,,,,,,,,,,,,,,,,,,,,,,,,,,,,,,,,,,,,,,,,,,,,,,,,,,,,,,,,,,,,,,,,,
E1_iterative_r1,knn,17_quantile,False,ok,3927.0,0.27103187615498336,0.15633863493142963,0.10633094556768215,0.09349580007933524,0.7289681238450166,0.8436613650685704,0.8936690544323178,0.9065041999206648,-0.04541858936711452,-0.00857645071864632,0.15633863493142963,0.1712700587167381,0.47729070531644274,0.49571177464067684,0.5781693174657148,0.5856350293583691,233.40590771515244,237.83867836489355,238.4181425340248,245.20232790091427,243.03029923603836,238.41141713134678,252.7798154602324,130.5120416727703,215.70512196894703,215.83924271040345,197.20138197881462,217.89908084257496,168.93738106023747,219.40657854500037,0.0,0.0,1.4117903912400207,1.0980276017896535,1.0262173536528352,1.0147595111043375,0.6465269214960954,0.3712121212121212,0.85473411154345,0.670697012802276,0.14130236682429442,0.07224434927056822,0.19201257518061307,0.14656314577761184,0.5591634031476471,0.9069387849440154,0.9052970567439133,0.8042394363339946,0.896592241903734,0.708596018986648,0.8679750720821205,36.16103073947833,1.1191720424443692,0.1405814942058864,3.356749803021283,0.001,0.001,0.001,0.001,,,,,,,,,15.192034527309689,4.566691806145682,1.09026046911099,1.238357265234857,1.3206577941683595,2.098531009967461,6.714056348828229,9.318958727749877,11.58355447977273,2.695686539769321,0.0,0.0,0.0,0.7944444444444445,0.5972222222222222,0.8388888888888889,0.12142857142857143,1.4760124340179428,1.0262173536528352,1.0363136305507044,1.1421373857698116,0.005805029683145644,0.0018726681180596552,0.03631363055070436,0.00592239107374215,0.0,0.0018450184501844769,0.022140221402214055,0.0,0.759948717948718,0.5324646480218743,0.8601063767264179,0.9256857142857143,0.9156159420289856,0.7568839297908323,0.7395776546294477,0.6902625267422327,25.0,83.0,0.0,0.0,15.0,15196.0,5420.0,1039.0,48.0,2.0,337.4746904090241,0.15473417457505734,0.8435972361923451,0.8581969752674187,0.6296102879639054,0.9268582518268152,0.427553922443908,0.9270604798233794,0.0,0.2768998132335448,0.287235439663309,0.2839404471094112,0.854848206626432,0.16190178981392808,0.38381542254702045,0.06278998512513173,0.5703900341981694,0.07085504184143049,0.8511634022182999,0.25813854585962115,0.00023560407306193022,0.30254812041285317,0.9876057779855972,0.8023466600137406,0.00904705562780034,0.8452941648182577,0.9568935276187603,0.22213361071947152,0.250686260013951,0.6869837393955619,0.9338688190274004,0.0741149151030964,0.0032687871758260863,0.6746514250410772,0.9655295056567539,0.47088958972001504,0.31037803184990403,0.6796453897496909,0.9039074758305,0.4147888025164667,0.002529202971340134,0.5384861619382831,0.8779431823436658,0.5568030020907725,0.0014819894705112662,0.6322166805066989,0.8778596474863443,0.7251250670200727,5.576975270177705e-05,0.7537436089958157,0.6557898639562466,0.15270832589828953,0.04996591313897842,0.352299830182887,0.5379208641407512,0.1611057065286585,0.00025123717724245023,0.23803122094056844,1.052869200706482,0.9777990579605103,0.20157967507839203,0.9809914827346802,0.3174059502206945,0.02341895795504078,0.04169663318092011,0.111429500490525,0.07183014242710266,0.008647903921983785,0.06015552591187965,0.034617520697645295,0.9856135845184326,0.9824624061584473,0.28155386447906494,0.8957197666168213,0.32786435812336634,0.03278342079319094,0.042492526819476045,0.13120747104133337,0.0741969188806862,0.012105913243354085,0.061303757717299366,0.04076189271659952,0.0,0.0,0.0
E1_iterative_r1,knn,25_angel,False,ok,2623.9,0.07793337745949397,-0.002506667442565927,0.06154816566300298,-0.0183186238150969,0.9220666225405061,0.9974933325574341,0.938451834336997,0.9816813761849031,0.020557363673266466,0.06053951064150009,-0.002506667442565927,0.12722772317760755,0.5102786818366333,0.53026975532075,0.49874666627871705,0.5636138615888038,5.308873979691213,5.319451435378127,5.341922220472189,5.3101124391151995,5.462710345725177,5.321161862205142,5.418592188712005,4.70826370719414,5.228675107658919,5.201011439085882,5.230575573427598,5.140763257405515,5.040954918108714,5.228522441292095,1.0,1.0,1.347328441691023,1.1004071528004162,1.1056843069148878,1.0145387201879155,0.6983011130638547,0.6603305785123967,0.8334426229508197,0.7223880597014926,0.1514853977520296,0.143249463916925,0.18573929986184487,0.1572319296502324,0.8868667301588488,0.9829350208716107,0.9736217085216468,0.9850216230636248,0.9410645873670385,0.9473410222518005,0.9649226698004949,1.917023698860909,0.09612679199713876,0.08691803417654707,0.2861556214996564,0.001,0.001,0.001,0.001,,,,,,,,,0.999934197538988,0.2855826807922616,6.580246101204185e-05,0.0191814173850102,0.0431993156544054,0.0962031979996051,0.6480884385076002,0.9601237086267026,0.993682963742844,0.31143508667358927,1.0,1.0,1.0,0.9222222222222223,0.8888888888888888,0.9222222222222223,0.26666666666666666,1.894410747309099,1.1056843069148878,1.100281379265302,1.3781229027350668,0.01090744813791584,0.007548879065349131,0.1002813792653019,0.01575512094729445,0.01291512915129156,0.04612546125461259,0.059040590405904037,0.01845018450184499,0.7619022391749665,0.5240365839887577,0.8401098852171435,0.9194542830906467,0.8993442328422565,0.7107281776289345,0.7001435442347684,0.6320868054531226,25.0,83.0,83.0,83.0,15.0,726.0,5420.0,1039.0,48.0,2.0,337.4746904090241,0.4746260204938241,0.8507093937613677,0.8772796305595079,0.8493305478746037,0.9665610605124446,0.7556077725693267,0.946327104790433,0.10839232619177007,0.39014714681474827,0.41071656901846765,0.3729957727964129,0.5752057475406355,0.14214704319054686,0.18249768232235447,0.038765567889138715,0.2973325282703926,0.06032854914320063,0.48062593904948986,0.24150617382897563,0.06817054735477247,0.295734602601193,0.5921009309530296,0.1226523669958611,0.11196020398342989,0.21989127488970464,0.7624663690217505,0.031151635389291863,0.02821499290909317,0.22669144573437938,0.7981225842784991,0.28563638980461475,0.010828842323754365,0.33259518807169475,0.4058219006969149,0.08716182650367012,0.015515700915756441,0.1795484780660062,0.5675659273215459,0.058370571019583324,0.002744802147059932,0.3152645553330031,0.40362857658843204,0.09262595904090086,0.017754636631920756,0.25035558865317925,0.39053781936940374,0.1335282252400866,0.029036993578679508,0.21623441128784843,0.8949708739262043,0.5689560241477528,0.02893583300996988,0.6763839196164162,0.4562165542010852,0.20338765125280733,0.07449312603695075,0.2606258184505009,1.0185883045196533,1.149841070175171,0.3094961643218994,1.0828313827514648,0.4677876108446374,0.06997346173075332,0.07363562848698181,0.2364875671725928,0.10586206934445053,0.0258390563447728,0.10623375605091075,0.07346899353667238,1.0471060276031494,1.3844897747039795,0.3620825409889221,1.2189314365386963,0.49528029245042193,0.07596014030806546,0.08671554642596684,0.26273934860039366,0.11208376504383295,0.0280497533897816,0.12510408879671903,0.08162456798443032,0.0,0.0,0.0
