run_id,strat,imp,method,post_rm,score_global,score_local,score_distributional,score_structural,score_L,score_M,score_N,score_composite,elected_global,elected_local,elected_distributional,elected_structural,elected_L,elected_M,elected_N,elected_composite,tier,destination
A_confirmed_bad__knn__01_raw__post0,A_confirmed_bad,knn,01_raw,False,0.34413079598870894,0.3986149122549651,0.2655226282992798,0.4855462774749147,0.8236367584548961,0.48105813068854175,0.5957957819878859,0.37345365350446713,False,False,False,False,True,False,False,False,supplementary,A2_T15
A_confirmed_bad__knn__01_raw__post1,A_confirmed_bad,knn,01_raw,True,0.4036407058495797,0.3953826666373527,0.2814213055439559,0.4628581739127246,0.8236367584548961,0.4860496867639282,0.5821890072002578,0.38582571298590324,False,False,False,False,True,False,False,False,supplementary,A2_T15
A_confirmed_bad__knn__02_median_scaling__post0,A_confirmed_bad,knn,02_median_scaling,False,0.6829628622158539,0.6083772140408548,0.6602161839555026,0.7026183674330311,0.6430565757993775,0.37309843927831526,0.249668830713002,0.6635436569113107,False,False,False,True,False,False,False,False,supplementary,A2_T15
A_confirmed_bad__knn__02_median_scaling__post1,A_confirmed_bad,knn,02_median_scaling,True,0.700976154680859,0.609471997012735,0.6434172106476113,0.7055819854373966,0.6353010358892881,0.3772811327006369,0.2504725530990069,0.6648618369446505,False,False,False,True,False,False,False,False,supplementary,A2_T15
A_confirmed_bad__knn__03_limma__post0,A_confirmed_bad,knn,03_limma,False,0.8397250121498847,0.5386685346910913,0.6739588800107654,0.684881515446384,0.6578974466858767,0.37952364964413604,0.3552962658616092,0.6843084855745314,True,False,False,False,False,False,False,False,supplementary,A2_T15
A_confirmed_bad__knn__03_limma__post1,A_confirmed_bad,knn,03_limma,True,0.8647013237335393,0.5932573410082138,0.6968969968809852,0.7055392962893157,0.6433124197589022,0.3848393876769934,0.37811547055958483,0.7150987394780135,True,False,False,True,False,False,False,False,supplementary,A2_T15
A_confirmed_bad__knn__04_sva__post0,A_confirmed_bad,knn,04_sva,False,0.3585943581248808,0.4025553275866098,0.26996900260366363,0.46250321842218295,0.6466739832660229,0.4775173316952102,0.5962814426498022,0.37340547668433427,False,False,False,False,False,False,False,False,supplementary,A2_T15
A_confirmed_bad__knn__04_sva__post1,A_confirmed_bad,knn,04_sva,True,0.4195670655165145,0.40259038524638524,0.2855793810340611,0.4953499261666956,0.6446294177137214,0.48283015763666054,0.5842435896959555,0.4007716894909141,False,False,False,False,False,False,False,False,supplementary,A2_T15
A_confirmed_bad__knn__05_combat__post0,A_confirmed_bad,knn,05_combat,False,0.549035732242993,0.42825780772424066,0.4168128750301307,0.49323006659248525,0.5059551414701077,0.5038261574566615,0.7856186037700218,0.4718341203974624,False,False,False,False,False,False,True,False,supplementary,A2_T15
A_confirmed_bad__knn__05_combat__post1,A_confirmed_bad,knn,05_combat,True,0.5811707003106558,0.46306377038563296,0.42016400317533764,0.4864776476272727,0.5044308755328623,0.5254023688854308,0.8976139814130603,0.4877190303747248,False,False,False,False,False,False,True,False,supplementary,A2_T15
A_confirmed_bad__knn__06_combat_seq__post0,A_confirmed_bad,knn,06_combat_seq,False,0.39786614922344105,0.3788804239388521,0.5633003553981364,0.44442304920390574,0.3681108589852407,0.674656510627692,0.7566266669185759,0.44611749444108384,False,False,False,False,False,False,False,False,supplementary,A2_T15
A_confirmed_bad__knn__06_combat_seq__post1,A_confirmed_bad,knn,06_combat_seq,True,0.4441879914404453,0.3969152776383409,0.5745811946912623,0.4627349529563365,0.36821482638106545,0.6766306261093071,0.797180109254062,0.46960485418159625,False,False,False,False,False,False,True,False,supplementary,A2_T15
A_confirmed_bad__knn__07_pycombat__post0,A_confirmed_bad,knn,07_pycombat,False,0.7525125431597233,0.5533508506235152,0.6295053922921348,0.6629099088039628,0.663359330918253,0.6172753524399358,0.3321710930840306,0.649569673719834,False,False,False,False,False,False,False,False,supplementary,A2_T15
A_confirmed_bad__knn__07_pycombat__post1,A_confirmed_bad,knn,07_pycombat,True,0.7527689829751151,0.5687311391135177,0.6095687935766502,0.6473237970082966,0.6608305573396565,0.616745958805756,0.28198079275725985,0.6445981781683949,False,False,False,False,False,False,False,False,supplementary,A2_T15
A_confirmed_bad__knn__08_inmoose_combatseq__post0,A_confirmed_bad,knn,08_inmoose_combatseq,False,0.39790286328310615,0.37882522365187327,0.5634301823679354,0.46025033729829373,0.3681108589852407,0.674656510627692,0.757343757712206,0.45010215165030215,False,False,False,False,False,False,False,False,supplementary,A2_T15
A_confirmed_bad__knn__08_inmoose_combatseq__post1,A_confirmed_bad,knn,08_inmoose_combatseq,True,0.44422470550011045,0.39689938939067415,0.5747110216610612,0.46476794143278466,0.36821482638106545,0.6766306261093071,0.7971590532221429,0.47015076449615767,False,False,False,False,False,False,True,False,supplementary,A2_T15
A_confirmed_bad__knn__09_ruv__post0,A_confirmed_bad,knn,09_ruv,False,0.435812334664581,0.4974403647553886,0.6536121612082877,0.4910190986857965,0.2960522390214605,0.45342331166537736,0.38953721045273015,0.5194709898285135,False,False,False,False,False,False,False,False,supplementary,A2_T15
A_confirmed_bad__knn__09_ruv__post1,A_confirmed_bad,knn,09_ruv,True,0.4378112162560885,0.48368231961983826,0.6591513227323011,0.46059691606148884,0.2961806398608137,0.453448098007299,0.4041772861134266,0.5103104436674292,False,False,False,False,False,False,False,False,supplementary,A2_T15
A_confirmed_bad__knn__10_mnn__post0,A_confirmed_bad,knn,10_mnn,False,0.3969990655870897,0.7209552682608533,0.7583380475184143,0.6292729245417795,0.10623466809709908,0.8355898884543691,0.34426315707886773,0.6263913264770342,False,False,False,False,False,True,False,False,supplementary,A2_T15
A_confirmed_bad__knn__10_mnn__post1,A_confirmed_bad,knn,10_mnn,True,0.4475263975575221,0.7340598647198658,0.7713472277289298,0.6271435301337777,0.10501800481405116,0.8364923041878227,0.3150254459342656,0.6450192550350239,False,False,False,False,False,True,False,False,supplementary,A2_T15
A_confirmed_bad__knn__11_harmony__post0,A_confirmed_bad,knn,11_harmony,False,0.39470840264462126,0.4867547685269295,0.2725992800773922,0.538068649762083,0.19343659575695424,0.7308798311984736,0.4317106101046403,0.4230327752527565,False,False,False,False,False,False,False,False,supplementary,A2_T15
A_confirmed_bad__knn__11_harmony__post1,A_confirmed_bad,knn,11_harmony,True,0.3925718168117823,0.4992348208693245,0.2839199804671303,0.5447054307931265,0.19715144657217254,0.7313177922005059,0.5083133784598096,0.4301080122353409,False,False,False,False,False,False,False,False,supplementary,A2_T15
A_confirmed_bad__knn__12_scanorama__post0,A_confirmed_bad,knn,12_scanorama,False,0.31318868286938845,0.5667059366682584,0.45309956276371216,0.5353703892447136,0.1732796954175341,0.8228799632313719,0.4336234853163581,0.4670911428865182,False,False,False,False,False,True,False,False,supplementary,A2_T15
A_confirmed_bad__knn__12_scanorama__post1,A_confirmed_bad,knn,12_scanorama,True,0.30389230688030316,0.5600602289647643,0.4727230444634469,0.521235434669308,0.1712242891051867,0.8159300824836534,0.41583349321464425,0.4644777537444556,False,False,False,False,False,True,False,False,supplementary,A2_T15
A_confirmed_bad__knn__13_fsmvn__post0,A_confirmed_bad,knn,13_fsmvn,False,0.7787947886195052,0.6018351297643161,0.6556889124834763,0.6811101655810277,0.6526970720034135,0.6206014962026056,0.35038160154597897,0.6793572491120814,False,False,False,False,False,False,False,False,supplementary,A2_T15
A_confirmed_bad__knn__13_fsmvn__post1,A_confirmed_bad,knn,13_fsmvn,True,0.7862658785331509,0.6337973640169643,0.6608702220031802,0.6691207636702848,0.648889287601407,0.6226559969731447,0.3459924406454011,0.687513557055895,True,False,False,False,False,False,False,False,supplementary,A2_T15
A_confirmed_bad__knn__14_qsmooth__post0,A_confirmed_bad,knn,14_qsmooth,False,0.19666316515969917,0.2701783301115871,0.3140609742438039,0.3835080794077508,0.46079018142140576,0.4776707066707489,0.5397863092694869,0.2911026372307102,False,False,False,False,False,False,False,False,supplementary,A2_T15
A_confirmed_bad__knn__14_qsmooth__post1,A_confirmed_bad,knn,14_qsmooth,True,0.22991527799404637,0.25744542340214527,0.32724523937157185,0.38122039229755883,0.4614129636410053,0.4845901521874159,0.5599665552967374,0.29895658326633057,False,False,False,False,False,False,False,False,supplementary,A2_T15
A_confirmed_bad__knn__15_fsqn_py__post0,A_confirmed_bad,knn,15_fsqn_py,False,0.36047193974810204,0.4354428956778323,0.37380076832800685,0.4813700806281607,0.46933400362798583,0.4705642486121479,0.5825135600648182,0.41277142109552545,False,False,False,False,False,False,False,False,supplementary,A2_T15
A_confirmed_bad__knn__15_fsqn_py__post1,A_confirmed_bad,knn,15_fsqn_py,True,0.35672779004624056,0.4385318528825553,0.3855855453101409,0.48194277042375155,0.46344796295278246,0.4844760352198829,0.5546233741438606,0.4156969896656721,False,False,False,False,False,False,False,False,supplementary,A2_T15
A_confirmed_bad__knn__16_fsqn_r__post0,A_confirmed_bad,knn,16_fsqn_r,False,0.7114165650612262,0.677863035595324,0.7533981707365233,0.6923754579726384,0.6003233758319534,0.5157379530584867,0.3228660734531367,0.7087633073414279,False,False,False,False,False,False,False,False,supplementary,A2_T15
A_confirmed_bad__knn__16_fsqn_r__post1,A_confirmed_bad,knn,16_fsqn_r,True,0.7102299943574222,0.6854079440690286,0.7480587756240951,0.7198071716031993,0.5958676754635914,0.5158037671029168,0.37303673917139174,0.7158759714134364,False,False,False,True,False,False,False,False,supplementary,A2_T15
A_confirmed_bad__knn__17_quantile__post0,A_confirmed_bad,knn,17_quantile,False,0.36010836723371575,0.42938769068811455,0.49429225629936135,0.4874560338778665,0.46933322833521257,0.4705271742893442,0.5925186707067787,0.44281108702476457,False,False,False,False,False,False,False,False,supplementary,A2_T15
A_confirmed_bad__knn__17_quantile__post1,A_confirmed_bad,knn,17_quantile,True,0.35648143383884284,0.43021218912997283,0.5064533134204483,0.47600030861176557,0.4631623337493721,0.484219863242458,0.5625453238603327,0.4422868112502574,False,False,False,False,False,False,False,False,supplementary,A2_T15
A_confirmed_bad__knn__18_rank__post0,A_confirmed_bad,knn,18_rank,False,0.3585678830025737,0.3814231500157835,0.42521011335162906,0.4791556729266963,0.4717125290033751,0.48105813068854175,0.5824244799573679,0.41108920482417066,False,False,False,False,False,False,False,False,supplementary,A2_T15
A_confirmed_bad__knn__18_rank__post1,A_confirmed_bad,knn,18_rank,True,0.35574229624325177,0.38413667826187897,0.4285959271864701,0.4494865118424009,0.4657469806036186,0.4939630722046573,0.5697877383667537,0.4044903533835004,False,False,False,False,False,False,False,False,supplementary,A2_T15
A_confirmed_bad__knn__19_tdm__post0,A_confirmed_bad,knn,19_tdm,False,0.3108954101055894,0.4022156934236955,0.3972472944275427,0.47439014294516557,0.5428114318749094,0.4517583949033801,0.48667941860390135,0.3961871352254983,False,False,False,False,False,False,False,False,supplementary,A2_T15
A_confirmed_bad__knn__19_tdm__post1,A_confirmed_bad,knn,19_tdm,True,0.39100092690439897,0.41628048785116417,0.41211618979040365,0.452578176025687,0.5405202025748292,0.45609601327233545,0.5771585906172852,0.4179939451429135,False,False,False,False,False,False,False,False,supplementary,A2_T15
A_confirmed_bad__knn__21_harmonizr__post0,A_confirmed_bad,knn,21_harmonizr,False,0.5120531268789238,0.4374359258156046,0.5498660889752691,0.5165240713845659,0.7271482705599729,0.34396447848374107,0.3281849452101328,0.5039698032635909,False,False,False,False,False,False,False,False,supplementary,A2_T15
A_confirmed_bad__knn__21_harmonizr__post1,A_confirmed_bad,knn,21_harmonizr,True,0.5523423705223028,0.45385706485297134,0.5605357940439748,0.5352927856703192,0.724505864653629,0.353944063507172,0.5117657961625415,0.525507003772392,False,False,False,False,False,False,False,False,supplementary,A2_T15
A_confirmed_bad__knn__25_angel__post0,A_confirmed_bad,knn,25_angel,False,0.5805054877173353,0.7226859418202544,0.5170885891566864,0.5204059396746564,0.4512463335902517,0.5155001629392961,0.5642856414593382,0.5851714895922332,False,False,False,False,False,False,False,False,supplementary,A2_T15
A_confirmed_bad__knn__25_angel__post1,A_confirmed_bad,knn,25_angel,True,0.5917626395007306,0.7363410291385718,0.5385531581874423,0.5254254103018307,0.45280490072333024,0.5152522979513894,0.6931280774585957,0.5980205592821438,False,False,False,False,False,False,False,False,supplementary,A2_T15
A_confirmed_bad__knn__26_xpn__post0,A_confirmed_bad,knn,26_xpn,False,0.5699182445133367,0.6762413164980074,0.6517482835055044,0.6495601875164102,0.5904174305360699,0.458707736630661,0.3305229045435002,0.6368670080083146,False,False,False,False,False,False,False,False,supplementary,A2_T15
A_confirmed_bad__knn__26_xpn__post1,A_confirmed_bad,knn,26_xpn,True,0.6025418898430659,0.6898291066230784,0.6564233461403116,0.6515378793703591,0.5871220642085629,0.4638063513256051,0.311850197082173,0.6500830554942038,False,False,False,False,False,False,False,False,supplementary,A2_T15
A_confirmed_bad__knn__27_dwd__post0,A_confirmed_bad,knn,27_dwd,False,0.34403449398562724,0.39857307125078095,0.2679641490174918,0.4856031882667486,0.7294502343164271,0.4812978603639216,0.594462257182886,0.37404372563016214,False,False,False,False,False,False,False,False,supplementary,A2_T15
A_confirmed_bad__knn__27_dwd__post1,A_confirmed_bad,knn,27_dwd,True,0.40355931901796893,0.3953556698940791,0.28362758111242586,0.46296232876661303,0.7271118529755918,0.48644978172196507,0.5817486304945977,0.3863762246977718,False,False,False,False,False,False,False,False,supplementary,A2_T15
A_confirmed_bad__knn__28_npn__post0,A_confirmed_bad,knn,28_npn,False,0.7218652638524079,0.6309131614557203,0.5611993065862658,0.6525974729023001,0.659959174913659,0.19368481921224787,0.33543986261084935,0.6416438011991735,False,False,False,False,False,False,False,False,supplementary,A2_T15
A_confirmed_bad__knn__28_npn__post1,A_confirmed_bad,knn,28_npn,True,0.7215917462395163,0.6347481494215974,0.5552063072096891,0.699008147749057,0.6567926561967675,0.1947583131102974,0.4015088107469533,0.652638587654965,False,False,False,False,False,False,False,False,supplementary,A2_T15
A_confirmed_bad__knn__29_combat_ref__post0,A_confirmed_bad,knn,29_combat_ref,False,0.5588768952766557,0.44970816374666817,0.3425658626993914,0.5094321751477296,0.5566949150076066,0.6365504172273696,0.8182901108071808,0.46514577421761116,False,False,False,False,False,False,True,False,supplementary,A2_T15
A_confirmed_bad__knn__29_combat_ref__post1,A_confirmed_bad,knn,29_combat_ref,True,0.5884663308687845,0.484784683235144,0.35252762495206125,0.5144032386890794,0.5552574891791273,0.6472213865949494,0.9114340389287444,0.48504546943626736,False,False,False,False,False,False,True,False,supplementary,A2_T15
A_confirmed_bad__knn__31_ruv3prps__post0,A_confirmed_bad,knn,31_ruv3prps,False,0.34403449398562724,0.39857307125078095,0.2679641490174918,0.4856031882667486,0.7253211929259737,0.4495376227955165,0.594462257182886,0.37404372563016214,False,False,False,False,False,False,False,False,supplementary,A2_T15
A_confirmed_bad__knn__31_ruv3prps__post1,A_confirmed_bad,knn,31_ruv3prps,True,0.40355931901796893,0.3953556698940791,0.28362758111242586,0.49163763055389254,0.723228312393757,0.45489120906670405,0.5817486304945977,0.3935450501445916,False,False,False,False,False,False,False,False,supplementary,A2_T15
A_confirmed_bad__knn__36_explobatch__post0,A_confirmed_bad,knn,36_explobatch,False,0.34413079598870894,0.3986149122549651,0.3807682588095663,0.4855462774749147,0.8236367584548961,0.48105813068854175,0.5957957819878859,0.40226506113203875,False,False,False,False,True,False,False,False,supplementary,A2_T15
A_confirmed_bad__knn__36_explobatch__post1,A_confirmed_bad,knn,36_explobatch,True,0.4036407058495797,0.3953826666373527,0.394171605848632,0.4815960348959473,0.8236367584548961,0.4860496867639282,0.5821890072002578,0.41869775330787795,False,False,False,False,True,False,False,False,supplementary,A2_T15
A_confirmed_bad__knn__20_shambhala__post0,A_confirmed_bad,knn,20_shambhala,False,0.3668452999938962,0.4550768018581126,0.731927768180464,0.4728510048079527,0.33408444727053443,0.7811842418579502,0.657308226911798,0.5066752187101063,False,False,False,False,False,False,False,False,supplementary,A2_T15
A_confirmed_bad__knn__20_shambhala__post1,A_confirmed_bad,knn,20_shambhala,True,0.3620223054452765,0.46893967280140203,0.7328518608787477,0.48449661468489025,0.3324303249061046,0.7808296724349444,0.6726711231446025,0.5120776134525791,False,False,False,False,False,False,False,False,supplementary,A2_T15
A_confirmed_bad__softimpute__01_raw__post0,A_confirmed_bad,softimpute,01_raw,False,0.526826196911773,0.36415668544763236,0.10281811313596845,0.4935826385629883,0.8236367584548961,0.3955094452048134,0.6645777543196603,0.37184590851459054,False,False,False,False,True,False,False,False,supplementary,A2_T15
A_confirmed_bad__softimpute__01_raw__post1,A_confirmed_bad,softimpute,01_raw,True,0.5545526561570759,0.35884137480171474,0.1113007581463787,0.5277466070368523,0.8236367584548961,0.3938065804026521,0.704948790363577,0.38811034903550545,False,False,False,False,True,False,False,False,supplementary,A2_T15
A_confirmed_bad__softimpute__02_median_scaling__post0,A_confirmed_bad,softimpute,02_median_scaling,False,0.7289344688071736,0.6018809184572256,0.4842752508458188,0.6760220384482113,0.630117980409683,0.2948569990762537,0.26129357484018556,0.6227781691396073,False,False,False,False,False,False,False,False,supplementary,A2_T15
A_confirmed_bad__softimpute__02_median_scaling__post1,A_confirmed_bad,softimpute,02_median_scaling,True,0.7399146966988013,0.5966019357755795,0.5248269455145256,0.6929442945312003,0.6212997233412003,0.31009857529786156,0.24656757626950188,0.6385719681300267,False,False,False,False,False,False,False,False,supplementary,A2_T15
A_confirmed_bad__softimpute__03_limma__post0,A_confirmed_bad,softimpute,03_limma,False,0.8520813355593343,0.5239666168701401,0.5245363257045512,0.6879565049251777,0.6503862170594042,0.30989660243710443,0.3554862171602178,0.6471351957648008,True,False,False,False,False,False,False,False,supplementary,A2_T15
A_confirmed_bad__softimpute__03_limma__post1,A_confirmed_bad,softimpute,03_limma,True,0.8566478315026096,0.5046184314441935,0.5212463642753703,0.6730412888566778,0.6452188590569533,0.3107797812360905,0.3365262596093487,0.6388884790197128,True,False,False,False,False,False,False,False,supplementary,A2_T15
A_confirmed_bad__softimpute__04_sva__post0,A_confirmed_bad,softimpute,04_sva,False,0.5346442635093911,0.37298655495848004,0.09899836763980406,0.5312725240825673,0.6500786908653056,0.5381811084059358,0.6712101641855001,0.38447542754756064,False,False,False,False,False,False,False,False,supplementary,A2_T15
A_confirmed_bad__softimpute__04_sva__post1,A_confirmed_bad,softimpute,04_sva,True,0.5643692838911719,0.3610416848542679,0.10799800852829868,0.4937223990314113,0.6485435683033438,0.536327986959659,0.715860200268472,0.38178284407628743,False,False,False,False,False,False,False,False,supplementary,A2_T15
A_confirmed_bad__softimpute__05_combat__post0,A_confirmed_bad,softimpute,05_combat,False,0.651754510064584,0.3947875875199189,0.23251751183966968,0.563432442205249,0.4267448603344717,0.35593314560857525,0.7856191373267452,0.46062301290735536,False,False,False,False,False,False,True,False,supplementary,A2_T15
A_confirmed_bad__softimpute__05_combat__post1,A_confirmed_bad,softimpute,05_combat,True,0.6630571393512539,0.4286849064010282,0.23474540329428598,0.550655302514946,0.4436406909523628,0.34675601867789374,0.8127750022601492,0.4692856878903785,False,False,False,False,False,False,True,False,supplementary,A2_T15
A_confirmed_bad__softimpute__06_combat_seq__post0,A_confirmed_bad,softimpute,06_combat_seq,False,0.5432427573807878,0.3567788551372242,0.4797713634201695,0.46645790636715595,0.35030735331071333,0.5342271123323572,0.7628852138895503,0.46156272057633435,False,False,False,False,False,False,False,False,supplementary,A2_T15
A_confirmed_bad__softimpute__06_combat_seq__post1,A_confirmed_bad,softimpute,06_combat_seq,True,0.5672676443576775,0.3581930445351583,0.4913748106598765,0.47018109485450044,0.34975888573986597,0.5302411050288017,0.7391287990038573,0.4717541486018032,False,False,False,False,False,False,False,False,supplementary,A2_T15
A_confirmed_bad__softimpute__07_pycombat__post0,A_confirmed_bad,softimpute,07_pycombat,False,0.8225424235210066,0.498311776738449,0.4880673681741362,0.6223470721740109,0.6667762900568016,0.722771975088806,0.4573596508709486,0.6078171601519007,True,False,False,False,False,False,False,False,supplementary,A2_T15
A_confirmed_bad__softimpute__07_pycombat__post1,A_confirmed_bad,softimpute,07_pycombat,True,0.8232107619934794,0.4964431360938449,0.4857060928401254,0.6280627451511831,0.664602966390002,0.7227059057396188,0.5174686134366752,0.6083556840196582,True,False,False,False,False,False,False,False,supplementary,A2_T15
A_confirmed_bad__softimpute__08_inmoose_combatseq__post0,A_confirmed_bad,softimpute,08_inmoose_combatseq,False,0.5431774217899348,0.35683711626624676,0.4799011903899684,0.47664900741376426,0.35030735331071333,0.5342271123323572,0.7628262731213414,0.4641411839649785,False,False,False,False,False,False,False,False,supplementary,A2_T15
A_confirmed_bad__softimpute__08_inmoose_combatseq__post1,A_confirmed_bad,softimpute,08_inmoose_combatseq,True,0.5675552688127008,0.3581731225769164,0.49150463762967544,0.46329584897696385,0.34975888573986597,0.5302411050288017,0.7389854763859895,0.47013221949906414,False,False,False,False,False,False,False,False,supplementary,A2_T15
A_confirmed_bad__softimpute__09_ruv__post0,A_confirmed_bad,softimpute,09_ruv,False,0.42099975826279934,0.4028000278630042,0.5833133391532214,0.4295405678849898,0.2854917406264543,0.4224275557174727,0.4039208306474481,0.4591634232910036,False,False,False,False,False,False,False,False,supplementary,A2_T15
A_confirmed_bad__softimpute__09_ruv__post1,A_confirmed_bad,softimpute,09_ruv,True,0.4200328688599973,0.40574102136086426,0.5885537523606403,0.4506290465419902,0.2853915576724875,0.42661935014551405,0.41733685840889556,0.466239172280873,False,False,False,False,False,False,False,False,supplementary,A2_T15
A_confirmed_bad__softimpute__10_mnn__post0,A_confirmed_bad,softimpute,10_mnn,False,0.4700197714450834,0.670085408704958,0.5956557138098438,0.5784419744987984,0.17999526209456732,0.8281084618490293,0.49230385106493285,0.5785507171146709,False,False,False,False,False,True,False,False,supplementary,A2_T15
A_confirmed_bad__softimpute__10_mnn__post1,A_confirmed_bad,softimpute,10_mnn,True,0.5021595306574382,0.653894842972348,0.6062223735766769,0.6086157834374298,0.1828400163784684,0.8321290465512797,0.46434563880596513,0.5927231326609733,False,False,False,False,False,True,False,False,supplementary,A2_T15
A_confirmed_bad__softimpute__11_harmony__post0,A_confirmed_bad,softimpute,11_harmony,False,0.5196727768589833,0.49612950627081154,0.11898314489954685,0.4856821212932894,0.2022195558628944,0.7314031425439759,0.4612346334275943,0.40511688733065776,False,False,False,False,False,False,False,False,supplementary,A2_T15
A_confirmed_bad__softimpute__11_harmony__post1,A_confirmed_bad,softimpute,11_harmony,True,0.5341864042487919,0.49699015903999144,0.17086938940337681,0.4472642095174048,0.20157078708832907,0.7262982470105978,0.49923356828676096,0.4123275405523913,False,False,False,False,False,False,False,False,supplementary,A2_T15
A_confirmed_bad__softimpute__12_scanorama__post0,A_confirmed_bad,softimpute,12_scanorama,False,0.5079096459070095,0.5608706795615401,0.3354864488152522,0.5848729135582307,0.13585115240836818,0.8165748460737235,0.49040062655180344,0.49728492196050816,False,False,False,False,False,True,False,False,supplementary,A2_T15
A_confirmed_bad__softimpute__12_scanorama__post1,A_confirmed_bad,softimpute,12_scanorama,True,0.5152742665020219,0.5692538684835554,0.6077570278756003,0.5861445586729224,0.13507372006720395,0.8068868865163996,0.48789629353551073,0.569607430383525,False,False,False,False,False,True,False,False,supplementary,A2_T15
A_confirmed_bad__softimpute__13_fsmvn__post0,A_confirmed_bad,softimpute,13_fsmvn,False,0.8374226386301998,0.6280091577421184,0.6155778528972902,0.6709579577415931,0.6413538661172915,0.40014335909986715,0.45567516575596,0.6879919017528004,True,False,False,False,False,False,False,False,supplementary,A2_T15
A_confirmed_bad__softimpute__13_fsmvn__post1,A_confirmed_bad,softimpute,13_fsmvn,True,0.844114429741122,0.6085056423747277,0.48742710015165364,0.6663181757765015,0.6367558085064673,0.4061283335502208,0.4696019788841496,0.6515913370110012,True,False,False,False,False,False,False,False,supplementary,A2_T15
A_confirmed_bad__softimpute__14_qsmooth__post0,A_confirmed_bad,softimpute,14_qsmooth,False,0.3974304339511275,0.2785309755897611,0.19657080764579896,0.435186710756644,0.40316619808273413,0.5399683409264396,0.7454426533518357,0.32692973198583286,False,False,False,False,False,False,False,False,supplementary,A2_T15
A_confirmed_bad__softimpute__14_qsmooth__post1,A_confirmed_bad,softimpute,14_qsmooth,True,0.39540948821170685,0.2744806379931569,0.31974692642471686,0.4316488730177496,0.4008665758443619,0.5336733167594317,0.7522713407278642,0.35532148141183256,False,False,False,False,False,False,False,False,supplementary,A2_T15
A_confirmed_bad__softimpute__15_fsqn_py__post0,A_confirmed_bad,softimpute,15_fsqn_py,False,0.5001102672350858,0.43016875562797724,0.2377103142588091,0.504711405068605,0.397865098634075,0.13788830662650783,0.700349207083606,0.4181751855476193,False,False,False,False,False,False,False,False,supplementary,A2_T15
A_confirmed_bad__softimpute__15_fsqn_py__post1,A_confirmed_bad,softimpute,15_fsqn_py,True,0.5064722858806449,0.41554365410018784,0.24616118563192782,0.46657631373039743,0.3983751328731712,0.13788830662650783,0.6838520818006729,0.40868835983578955,False,False,False,False,False,False,False,False,supplementary,A2_T15
A_confirmed_bad__softimpute__16_fsqn_r__post0,A_confirmed_bad,softimpute,16_fsqn_r,False,0.7478720399485713,0.7359014051727609,0.700513583366872,0.7208481940165989,0.5864306428698071,0.5113562637333703,0.40516167412606013,0.7262838056262008,False,False,False,True,False,False,False,False,supplementary,A2_T15
A_confirmed_bad__softimpute__16_fsqn_r__post1,A_confirmed_bad,softimpute,16_fsqn_r,True,0.7485999690851929,0.722535772803456,0.6945086443652904,0.7264974065826388,0.5816481599970955,0.5114563906281524,0.46231038136752667,0.7230354482091446,False,False,False,True,False,False,False,False,supplementary,A2_T15
A_confirmed_bad__softimpute__17_quantile__post0,A_confirmed_bad,softimpute,17_quantile,False,0.5037476112885217,0.4242471122279832,0.3416904920451263,0.49717523644911943,0.40024136795645493,0.13788830662650783,0.688387518433868,0.4417151130026876,False,False,False,False,False,False,False,False,supplementary,A2_T15
A_confirmed_bad__softimpute__17_quantile__post1,A_confirmed_bad,softimpute,17_quantile,True,0.5108235842013134,0.4119228707595352,0.34961555744811124,0.4668669488252287,0.40044014649771964,0.13788830662650783,0.6627633303394508,0.4348072403085471,False,False,False,False,False,False,False,False,supplementary,A2_T15
A_confirmed_bad__softimpute__18_rank__post0,A_confirmed_bad,softimpute,18_rank,False,0.4891500529952747,0.38329906148255943,0.2913264650434896,0.5268161357891485,0.41337346519770707,0.3955094452048134,0.6462256714575367,0.42264792882761804,False,False,False,False,False,False,False,False,supplementary,A2_T15
A_confirmed_bad__softimpute__18_rank__post1,A_confirmed_bad,softimpute,18_rank,True,0.49186603794469747,0.3921828338907201,0.29436508371461706,0.4933707081529823,0.41741700679318117,0.38724259107946757,0.6319257509640109,0.41794616592575423,False,False,False,False,False,False,False,False,supplementary,A2_T15
A_confirmed_bad__softimpute__19_tdm__post0,A_confirmed_bad,softimpute,19_tdm,False,0.47587630172716344,0.3435719642365484,0.450438446491056,0.5067819243342597,0.5384867044466725,0.4819325754776197,0.612370498721465,0.4441671591972569,False,False,False,False,False,False,False,False,supplementary,A2_T15
A_confirmed_bad__softimpute__19_tdm__post1,A_confirmed_bad,softimpute,19_tdm,True,0.5271045371382738,0.3458780477314582,0.46322984145588836,0.4762210595876955,0.5365755554348982,0.47557901633515104,0.7604773980313702,0.45310837147832894,False,False,False,False,False,False,False,False,supplementary,A2_T15
A_confirmed_bad__softimpute__21_harmonizr__post0,A_confirmed_bad,softimpute,21_harmonizr,False,0.7742805607883756,0.502667390413028,0.5446187070577329,0.6115275927187748,0.7447585694450506,0.28981456682181517,0.3996204795974538,0.6082735627444779,False,False,False,False,False,False,False,False,supplementary,A2_T15
A_confirmed_bad__softimpute__21_harmonizr__post1,A_confirmed_bad,softimpute,21_harmonizr,True,0.7801495360512196,0.5215948971473782,0.5565419004199142,0.5966691641807839,0.7429290858568027,0.2918139455802099,0.4803335309833157,0.613738874449824,False,False,False,False,False,False,False,False,supplementary,A2_T15
A_confirmed_bad__softimpute__25_angel__post0,A_confirmed_bad,softimpute,25_angel,False,0.6372022863919078,0.7248690948670986,0.4826461946938468,0.5590756832452883,0.4058833334288928,0.580855777891876,0.6088191144061926,0.6009483147995354,False,False,False,False,False,False,False,False,supplementary,A2_T15
A_confirmed_bad__softimpute__25_angel__post1,A_confirmed_bad,softimpute,25_angel,True,0.6381945994931013,0.72952054502113,0.49072786761025083,0.5931413637241405,0.40795126633963497,0.5709409637862605,0.6129006156740784,0.6128960939621557,False,False,False,False,False,False,False,False,supplementary,A2_T15
A_confirmed_bad__softimpute__26_xpn__post0,A_confirmed_bad,softimpute,26_xpn,False,0.7163933081750166,0.6520602757245721,0.3964293286987397,0.6566577458233182,0.5856672812629125,0.13788830662650783,0.3552324006859189,0.6053851646054117,False,False,False,False,False,False,False,False,supplementary,A2_T15
A_confirmed_bad__softimpute__26_xpn__post1,A_confirmed_bad,softimpute,26_xpn,True,0.7356545121373625,0.6388721239929663,0.6759073260105218,0.6887986500001116,0.581362098494393,0.13788830662650783,0.3899262733975682,0.6848081530352406,False,False,False,False,False,False,False,False,supplementary,A2_T15
A_confirmed_bad__softimpute__28_npn__post0,A_confirmed_bad,softimpute,28_npn,False,0.7750951748118706,0.6708848547041828,0.10999318632855426,0.6913417966996899,0.6505926134018934,0.18190976053046448,0.38806921775990516,0.5618287531360744,False,False,False,False,False,False,False,False,supplementary,A2_T15
A_confirmed_bad__softimpute__28_npn__post1,A_confirmed_bad,softimpute,28_npn,True,0.7741534677239219,0.6553253442672926,0.5139928733009419,0.6739343478323025,0.646461553703578,0.18287335790410342,0.4035489489810315,0.6543515082811148,False,False,False,False,False,False,False,False,supplementary,A2_T15
A_confirmed_bad__softimpute__31_ruv3prps__post0,A_confirmed_bad,softimpute,31_ruv3prps,False,0.5232924593732936,0.37223572943717564,0.14669547456125884,0.5230507366496157,0.7394770007550592,0.5241381014090805,0.6642678337746579,0.3913186000053359,False,False,False,False,False,False,False,False,supplementary,A2_T15
A_confirmed_bad__softimpute__31_ruv3prps__post1,A_confirmed_bad,softimpute,31_ruv3prps,True,0.5512106514671351,0.3574402292185428,0.1565626697503945,0.49183493115730786,0.7375652301232865,0.5233575391428231,0.7107778270058948,0.38926212039834507,False,False,False,False,False,False,False,False,supplementary,A2_T15
A_confirmed_bad__softimpute__36_explobatch__post0,A_confirmed_bad,softimpute,36_explobatch,False,0.526826196911773,0.36415668544763236,0.10281811313596845,0.5039977002744288,0.8236367584548961,0.3955094452048134,0.6645777543196603,0.37444967394245066,False,False,False,False,True,False,False,False,supplementary,A2_T15
A_confirmed_bad__softimpute__36_explobatch__post1,A_confirmed_bad,softimpute,36_explobatch,True,0.5545526561570759,0.35884137480171474,0.1113007581463787,0.5277466070368523,0.8236367584548961,0.3938065804026521,0.704948790363577,0.38811034903550545,False,False,False,False,True,False,False,False,supplementary,A2_T15
A_confirmed_bad__softimpute__20_shambhala__post0,A_confirmed_bad,softimpute,20_shambhala,False,0.4896130680347637,0.4392709591888486,0.6658439083527716,0.5306645975508646,0.3278007742204946,0.13788830662650783,0.7690935906844815,0.5313481332818122,False,False,False,False,False,False,False,False,supplementary,A2_T15
A_confirmed_bad__softimpute__20_shambhala__post1,A_confirmed_bad,softimpute,20_shambhala,True,0.4959974199526584,0.435323095187278,0.48628993052698505,0.5080540705944929,0.32839523066802906,0.13788830662650783,0.7841921414653624,0.4814161290653536,False,False,False,False,False,False,True,False,supplementary,A2_T15
A_confirmed_bad__strict__01_raw__post0,A_confirmed_bad,strict,01_raw,False,0.29560766746035133,0.37084766724444235,0.2808989610856228,0.4948934707961786,0.7925266420717271,0.4982626041035678,0.6296178479967162,0.3605619416466488,False,False,False,False,False,False,False,False,supplementary,A2_T15
A_confirmed_bad__strict__01_raw__post1,A_confirmed_bad,strict,01_raw,True,0.28887688322492155,0.3867960035825476,0.30241765396606296,0.46400951729577866,0.7925266420717271,0.499689862335249,0.6987307064553534,0.36052501451732766,False,False,False,False,False,False,False,False,supplementary,A2_T15
A_confirmed_bad__strict__02_median_scaling__post0,A_confirmed_bad,strict,02_median_scaling,False,0.6590895976307043,0.6562877851791881,0.7170587366463014,0.6997475905087032,0.6109139496628284,0.4002979279169242,0.2986566182601044,0.6830459274912243,False,False,False,False,False,False,False,False,supplementary,A2_T15
A_confirmed_bad__strict__02_median_scaling__post1,A_confirmed_bad,strict,02_median_scaling,True,0.6715194394909431,0.657153125696401,0.7389713593733025,0.6791375434991826,0.6031028649985999,0.4044109205528808,0.2806635055651203,0.6866953670149574,False,False,False,False,False,False,False,False,supplementary,A2_T15
A_confirmed_bad__strict__03_limma__post0,A_confirmed_bad,strict,03_limma,False,0.8061374403245943,0.5995200162692069,0.7324406225320302,0.6917620586880328,0.6276638429513463,0.4341111041617597,0.33876707748552937,0.7074650344534661,True,False,False,False,False,False,False,False,supplementary,A2_T15
A_confirmed_bad__strict__03_limma__post1,A_confirmed_bad,strict,03_limma,True,0.8091262465207848,0.6152162436243498,0.726779116657404,0.6843299672600137,0.6249076722204416,0.4345415897830425,0.3790540265026206,0.7088628935156381,True,False,False,False,False,False,False,False,supplementary,A2_T15
A_confirmed_bad__strict__04_sva__post0,A_confirmed_bad,strict,04_sva,False,0.3026601519182827,0.36767878457251457,0.2846232368612331,0.5023008904095054,0.6333300411541466,0.4959806187994077,0.6233549395805124,0.36431576594038395,False,False,False,False,False,False,False,False,supplementary,A2_T15
A_confirmed_bad__strict__04_sva__post1,A_confirmed_bad,strict,04_sva,True,0.29753457483985585,0.37198322963272246,0.3068025428325554,0.49191553952623934,0.632628148051661,0.4974859731062581,0.7044204430396472,0.36705897170784324,False,False,False,False,False,False,False,False,supplementary,A2_T15
A_confirmed_bad__strict__05_combat__post0,A_confirmed_bad,strict,05_combat,False,0.6927118810360477,0.5588824412336524,0.56251696690433,0.6111527484275899,0.49239834179569913,0.5373790533095513,0.8467846529234481,0.606316009400405,False,False,False,False,False,False,True,False,supplementary,A2_T15
A_confirmed_bad__strict__05_combat__post1,A_confirmed_bad,strict,05_combat,True,0.6912288685533317,0.5895907186205378,0.5690659293364958,0.6001666092987025,0.49040756014023046,0.5377521740638532,0.8796304001211191,0.6125130314522669,False,False,False,False,False,False,True,False,supplementary,A2_T15
A_confirmed_bad__strict__06_combat_seq__post0,A_confirmed_bad,strict,06_combat_seq,False,0.35307677714519076,0.3918584734230791,0.5544123255816071,0.482913603460186,0.3401478122970839,0.6886971360749234,0.7722863862900834,0.44556529490251573,False,False,False,False,False,False,False,False,supplementary,A2_T15
A_confirmed_bad__strict__06_combat_seq__post1,A_confirmed_bad,strict,06_combat_seq,True,0.34342834585666787,0.39264705324962956,0.5801559424398286,0.5095561846176936,0.3472661691141851,0.6886731313647989,0.8440311011509168,0.4564468815409549,False,False,False,False,False,False,True,False,supplementary,A2_T15
A_confirmed_bad__strict__07_pycombat__post0,A_confirmed_bad,strict,07_pycombat,False,0.7100140970941877,0.5779554978706785,0.6886888644193699,0.6679269561726222,0.5824713364630476,0.5905724143375771,0.36799592849602286,0.6611463538892146,False,False,False,False,False,False,False,False,supplementary,A2_T15
A_confirmed_bad__strict__07_pycombat__post1,A_confirmed_bad,strict,07_pycombat,True,0.7102998076874497,0.5932368081503281,0.6882932893060812,0.6848253106770259,0.5792870005189431,0.5903380022373006,0.42845058174660855,0.6691638039552212,False,False,False,False,False,False,False,False,supplementary,A2_T15
A_confirmed_bad__strict__08_inmoose_combatseq__post0,A_confirmed_bad,strict,08_inmoose_combatseq,False,0.35307677714519076,0.3918584734230791,0.5544123255816071,0.482913603460186,0.3401478122970839,0.6886971360749234,0.7722863862900834,0.44556529490251573,False,False,False,False,False,False,False,False,supplementary,A2_T15
A_confirmed_bad__strict__08_inmoose_combatseq__post1,A_confirmed_bad,strict,08_inmoose_combatseq,True,0.34342834585666787,0.39264705324962956,0.5801559424398286,0.5095561846176936,0.3472661691141851,0.6886731313647989,0.8440311011509168,0.4564468815409549,False,False,False,False,False,False,True,False,supplementary,A2_T15
A_confirmed_bad__strict__09_ruv__post0,A_confirmed_bad,strict,09_ruv,False,0.4822209385971211,0.5386136639450188,0.6857793030581815,0.5280597117995509,0.2492496124582476,0.4410878586048707,0.5079602591873865,0.5586684043499681,False,False,False,False,False,False,False,False,supplementary,A2_T15
A_confirmed_bad__strict__09_ruv__post1,A_confirmed_bad,strict,09_ruv,True,0.48837880643581183,0.5616045795194953,0.6917130776615705,0.5178457653884992,0.25034955674902676,0.4419872463443227,0.6302441475997514,0.5648855572513443,False,False,False,False,False,False,False,False,supplementary,A2_T15
A_confirmed_bad__strict__10_mnn__post0,A_confirmed_bad,strict,10_mnn,False,0.6196517219971861,0.7753613570131759,0.7474630009827493,0.6831661650539678,0.08145755553260424,0.7980605634562931,0.5927916356623656,0.7064105612617697,False,True,False,False,False,True,False,False,supplementary,A2_T15
A_confirmed_bad__strict__10_mnn__post1,A_confirmed_bad,strict,10_mnn,True,0.6202338546239559,0.775757247106461,0.7456816429603045,0.6732319108482949,0.08141641534553666,0.7982125446219493,0.5703728633418867,0.7037261638847541,False,True,False,False,False,True,False,False,supplementary,A2_T15
A_confirmed_bad__strict__11_harmony__post0,A_confirmed_bad,strict,11_harmony,False,0.3095683137095643,0.5361633030295476,0.29875575899836737,0.5391699336908599,0.22334480305241675,0.7050227953788698,0.4508113093742947,0.4209143273570848,False,False,False,False,False,False,False,False,supplementary,A2_T15
A_confirmed_bad__strict__11_harmony__post1,A_confirmed_bad,strict,11_harmony,True,0.29980199800261215,0.5612856163300047,0.3116241810244621,0.5818768303006028,0.22552146186392105,0.7059945498300766,0.45653729967759604,0.4386471564144204,False,False,False,False,False,False,False,False,supplementary,A2_T15
A_confirmed_bad__strict__12_scanorama__post0,A_confirmed_bad,strict,12_scanorama,False,0.27761747863125613,0.5216236243069636,0.5021783412981986,0.4565458973490294,0.07997278464898061,0.7918645455932523,0.43021947216606393,0.439491335396362,False,False,False,False,False,True,False,False,supplementary,A2_T15
A_confirmed_bad__strict__12_scanorama__post1,A_confirmed_bad,strict,12_scanorama,True,0.224286763535303,0.601779338567471,0.5156675503381106,0.5309547523593066,0.08052527316118839,0.7916671657745026,0.32052190950637544,0.46817210120004776,False,False,False,False,False,True,False,False,supplementary,A2_T15
A_confirmed_bad__strict__13_fsmvn__post0,A_confirmed_bad,strict,13_fsmvn,False,0.7814026676294179,0.6720109421614893,0.7295502281497364,0.7062919389343238,0.6136505579835773,0.6147926765733663,0.3852025390297399,0.7223139442187418,False,False,False,True,False,False,False,False,supplementary,A2_T15
A_confirmed_bad__strict__13_fsmvn__post1,A_confirmed_bad,strict,13_fsmvn,True,0.795291220086657,0.661155749005038,0.7360150282533926,0.6891767288482883,0.6096209270051163,0.61652998826838,0.4171226609611709,0.720409681548344,True,False,False,False,False,False,False,False,supplementary,A2_T15
A_confirmed_bad__strict__14_qsmooth__post0,A_confirmed_bad,strict,14_qsmooth,False,0.1913244894807025,0.24862640318208243,0.36364400067959596,0.36745689769861734,0.38467039807141484,0.48992975405786665,0.633398732042929,0.2927629477602496,False,False,False,False,False,False,False,False,supplementary,A2_T15
A_confirmed_bad__strict__14_qsmooth__post1,A_confirmed_bad,strict,14_qsmooth,True,0.19353533492783032,0.268487816829053,0.385516965010549,0.39890666103856404,0.3925560456742722,0.4911455907026594,0.6770782627446861,0.3116116944514991,False,False,False,False,False,False,False,False,supplementary,A2_T15
A_confirmed_bad__strict__15_fsqn_py__post0,A_confirmed_bad,strict,15_fsqn_py,False,0.3704997646669577,0.449056022292381,0.4761433171649584,0.4548358183897329,0.4149908190692402,0.49158933767256446,0.6964952779795646,0.4376337306285075,False,False,False,False,False,False,False,False,supplementary,A2_T15
A_confirmed_bad__strict__15_fsqn_py__post1,A_confirmed_bad,strict,15_fsqn_py,True,0.3570995298740042,0.4543884282066334,0.47863023260572213,0.4782827490447192,0.41331402645417176,0.481353872056759,0.7002766189906822,0.44210023493276973,False,False,False,False,False,False,False,False,supplementary,A2_T15
A_confirmed_bad__strict__16_fsqn_r__post0,A_confirmed_bad,strict,16_fsqn_r,False,0.6973511177117342,0.7477582442725343,0.7727514102648866,0.714651467457744,0.5770898953998554,0.485991267559134,0.38777125827010767,0.7331280599267248,False,False,False,True,False,False,False,False,supplementary,A2_T15
A_confirmed_bad__strict__16_fsqn_r__post1,A_confirmed_bad,strict,16_fsqn_r,True,0.6977983788525229,0.7404264639401411,0.7667242236380101,0.7254133816579476,0.5722003177324833,0.48638332610180857,0.47597927344337604,0.7325906120221555,False,False,False,True,False,False,False,False,supplementary,A2_T15
A_confirmed_bad__strict__17_quantile__post0,A_confirmed_bad,strict,17_quantile,False,0.3710549658699043,0.44148331511749084,0.595677965079817,0.4462448395357704,0.41480602986281845,0.49145600918014154,0.7013854766321009,0.4636152714007456,False,False,False,False,False,False,False,False,supplementary,A2_T15
A_confirmed_bad__strict__17_quantile__post1,A_confirmed_bad,strict,17_quantile,True,0.35728245084011784,0.46149050870331254,0.5983070222908475,0.457159660650187,0.4131902773714581,0.48119915357905757,0.7062340671064761,0.46855991062111624,False,False,False,False,False,False,False,False,supplementary,A2_T15
A_confirmed_bad__strict__18_rank__post0,A_confirmed_bad,strict,18_rank,False,0.3771481529422927,0.386462961527655,0.5396631906806306,0.462710753169982,0.42080136259817813,0.4982626041035678,0.6848252223358328,0.44149626458014013,False,False,False,False,False,False,False,False,supplementary,A2_T15
A_confirmed_bad__strict__18_rank__post1,A_confirmed_bad,strict,18_rank,True,0.34657001772661017,0.39655375596929354,0.542090250525342,0.44142231801680676,0.4187277854771559,0.48589182278569404,0.7164329020313973,0.43165908555951316,False,False,False,False,False,False,False,False,supplementary,A2_T15
A_confirmed_bad__strict__19_tdm__post0,A_confirmed_bad,strict,19_tdm,False,0.27693216524904046,0.3989307953973998,0.3490192966427548,0.4734146337541505,0.5188634998707252,0.4739143250834881,0.5314933456364068,0.3745742227608364,False,False,False,False,False,False,False,False,supplementary,A2_T15
A_confirmed_bad__strict__19_tdm__post1,A_confirmed_bad,strict,19_tdm,True,0.27686277370418266,0.42618788916577144,0.3720222842016602,0.4528782262202966,0.5168043786044682,0.4754245202848758,0.5458638122801017,0.3819877933229777,False,False,False,False,False,False,False,False,supplementary,A2_T15
A_confirmed_bad__strict__21_harmonizr__post0,A_confirmed_bad,strict,21_harmonizr,False,0.6671186876248049,0.6133730634545936,0.7462646273908197,0.6116860700865272,0.7043590986466072,0.39795991729790914,0.31595579857153344,0.6596106121391863,False,False,False,False,False,False,False,False,supplementary,A2_T15
A_confirmed_bad__strict__21_harmonizr__post1,A_confirmed_bad,strict,21_harmonizr,True,0.6677559313103162,0.6191076060094391,0.742522103995871,0.5929828353105553,0.7016889874204048,0.39822341795873517,0.3738959541363505,0.6555921191565455,False,False,False,False,False,False,False,False,supplementary,A2_T15
A_confirmed_bad__strict__25_angel__post0,A_confirmed_bad,strict,25_angel,False,0.5759881139776724,0.7591742126062195,0.5605800063745833,0.5819260498066879,0.43509400179051033,0.43271291280239343,0.48202705167491366,0.6194170956912908,False,False,False,False,False,False,False,False,supplementary,A2_T15
A_confirmed_bad__strict__25_angel__post1,A_confirmed_bad,strict,25_angel,True,0.5808975563805652,0.7597354299265455,0.5704324492515395,0.5703478647499431,0.43531781557743954,0.4317615289205919,0.4711926778781016,0.6203533250771484,False,False,False,False,False,False,False,False,supplementary,A2_T15
A_confirmed_bad__strict__26_xpn__post0,A_confirmed_bad,strict,26_xpn,False,0.6471140166984815,0.6916280943893958,0.7324326006156073,0.6946977464761459,0.5675435916623669,0.4701415248631936,0.33714299440096573,0.6914681145449076,False,False,False,False,False,False,False,False,supplementary,A2_T15
A_confirmed_bad__strict__26_xpn__post1,A_confirmed_bad,strict,26_xpn,True,0.675277630573487,0.705727144576113,0.7423557387838184,0.6971811008048846,0.5634859990812834,0.47112581400891557,0.3667976973746274,0.7051354036845757,False,False,False,False,False,False,False,False,supplementary,A2_T15
A_confirmed_bad__strict__27_dwd__post0,A_confirmed_bad,strict,27_dwd,False,0.2959323220860446,0.37405348135869637,0.28119439083924885,0.48280202592059573,0.7037314898216319,0.4984181406622046,0.6260565960727359,0.3584955550511464,False,False,False,False,False,False,False,False,supplementary,A2_T15
A_confirmed_bad__strict__27_dwd__post1,A_confirmed_bad,strict,27_dwd,True,0.28897318522800314,0.38699899051332076,0.30287979287771327,0.4640772342851192,0.7015073741497138,0.4998902474133425,0.6988038220427181,0.3607323007260391,False,False,False,False,False,False,False,False,supplementary,A2_T15
A_confirmed_bad__strict__28_npn__post0,A_confirmed_bad,strict,28_npn,False,0.6972981254907192,0.6768121549400651,0.6002856590803969,0.6741476197801173,0.6198882259202962,0.20574169252323082,0.34538818125918747,0.6621358898228247,False,False,False,False,False,False,False,False,supplementary,A2_T15
A_confirmed_bad__strict__28_npn__post1,A_confirmed_bad,strict,28_npn,True,0.6981824285901813,0.6839182941861789,0.5960717516446364,0.6893728856757886,0.6164294657022699,0.20611555774974333,0.45405145873818636,0.6668863400241962,False,False,False,False,False,False,False,False,supplementary,A2_T15
A_confirmed_bad__strict__29_combat_ref__post0,A_confirmed_bad,strict,29_combat_ref,False,0.6773157053920007,0.575023575484849,0.3915177210276495,0.6002136067197544,0.5225693959532038,0.7419810164824988,0.8818325746389802,0.5610176521560634,False,False,False,False,False,False,True,False,supplementary,A2_T15
A_confirmed_bad__strict__29_combat_ref__post1,A_confirmed_bad,strict,29_combat_ref,True,0.6770869943672516,0.5947158148764214,0.4016524084965802,0.6144145323126553,0.5211740038543167,0.7419277889454143,0.9322988076551804,0.5719674375132271,False,False,False,False,False,False,True,False,supplementary,A2_T15
A_confirmed_bad__strict__31_ruv3prps__post0,A_confirmed_bad,strict,31_ruv3prps,False,0.2959323220860446,0.37405348135869637,0.43784740076185946,0.48280202592059573,0.7037314898216319,0.4984181406622046,0.6260565960727359,0.39765880753179905,False,False,False,False,False,False,False,False,supplementary,A2_T15
A_confirmed_bad__strict__31_ruv3prps__post1,A_confirmed_bad,strict,31_ruv3prps,True,0.28897318522800314,0.38699899051332076,0.30287979287771327,0.4640772342851192,0.7015073741497138,0.4998902474133425,0.6988038220427181,0.3607323007260391,False,False,False,False,False,False,False,False,supplementary,A2_T15
A_confirmed_bad__strict__33_amdbnorm__post0,A_confirmed_bad,strict,33_amdbnorm,False,0.748916945102831,0.6621114696747301,0.7547012342151844,0.6734141264857726,0.40352127078906985,0.607391531242688,0.3915828135276986,0.7097859438696296,False,False,False,False,False,False,False,False,supplementary,A2_T15
A_confirmed_bad__strict__33_amdbnorm__post1,A_confirmed_bad,strict,33_amdbnorm,True,0.7497020104244857,0.6566829335064,0.7505149189015217,0.6629306103105863,0.4036109755694266,0.6074141909091221,0.39365127360328445,0.7049576182857484,False,False,False,False,False,False,False,False,supplementary,A2_T15
A_confirmed_bad__strict__36_explobatch__post0,A_confirmed_bad,strict,36_explobatch,False,0.29540299156957056,0.37409683994624304,0.4370864338862999,0.4827613325047904,0.7596575452230806,0.49810512337745233,0.625680984516161,0.39733689947672596,False,False,False,False,False,False,False,False,supplementary,A2_T15
A_confirmed_bad__strict__36_explobatch__post1,A_confirmed_bad,strict,36_explobatch,True,0.2889582700565322,0.38698108541036647,0.30241765396606296,0.46399595282384354,0.7584756713888293,0.499689862335249,0.6987728185191916,0.3605882405642013,False,False,False,False,False,False,False,False,supplementary,A2_T15
A_confirmed_bad__strict__20_shambhala__post0,A_confirmed_bad,strict,20_shambhala,False,0.3479444581366345,0.48371119504063176,0.6309823250650607,0.508436394142995,0.31987374557131026,0.7820751536435465,0.692558694796462,0.49276859309633053,False,False,False,False,False,False,False,False,supplementary,A2_T15
A_confirmed_bad__strict__20_shambhala__post1,A_confirmed_bad,strict,20_shambhala,True,0.3520087480752997,0.45260214962651474,0.6107081746527675,0.5169210557090761,0.31922783363115353,0.7815136970190282,0.7233385803685732,0.4830600320159145,False,False,False,False,False,False,False,False,supplementary,A2_T15
B_extended_bad__knn__01_raw__post0,B_extended_bad,knn,01_raw,False,0.4124309491069338,0.41592385167958895,0.3212905032062679,0.4230241508267868,0.8236367584548961,0.4858776802896501,0.5898036238239655,0.39316736370489436,False,False,False,False,True,False,False,False,supplementary,A2_T15
B_extended_bad__knn__01_raw__post1,B_extended_bad,knn,01_raw,True,0.4202415656069673,0.4178382434325247,0.3447924800450904,0.4178614309378442,0.8236367584548961,0.4880023002266415,0.6776238245635262,0.40018343000560663,False,False,False,False,True,False,False,False,supplementary,A2_T15
B_extended_bad__knn__02_median_scaling__post0,B_extended_bad,knn,02_median_scaling,False,0.7110367336609685,0.5732525920641085,0.60019288081994,0.639863042472389,0.6160974113696879,0.3574267244009369,0.2786493283452561,0.6310863122543515,False,False,False,False,False,False,False,False,supplementary,A2_T15
B_extended_bad__knn__02_median_scaling__post1,B_extended_bad,knn,02_median_scaling,True,0.72892851974757,0.585545480649972,0.6251351879221626,0.6537527634272127,0.6057210610027518,0.3604478113266516,0.2902736396607219,0.6483404879367294,False,False,False,False,False,False,False,False,supplementary,A2_T15
B_extended_bad__knn__03_limma__post0,B_extended_bad,knn,03_limma,False,0.8618357770190941,0.5236290698609949,0.6402967078004188,0.6272069824525588,0.6363086254028882,0.3921158068438533,0.3570210179600977,0.6632421342832666,True,False,False,False,False,False,False,False,supplementary,A2_T15
B_extended_bad__knn__03_limma__post1,B_extended_bad,knn,03_limma,True,0.8695569486352356,0.4975922329956153,0.621251583784511,0.6068334466039125,0.6362851354314792,0.3937873564405907,0.43939086219986295,0.6488085530048185,True,False,False,False,False,False,False,False,supplementary,A2_T15
B_extended_bad__knn__04_sva__post0,B_extended_bad,knn,04_sva,False,0.4262886869662131,0.41808615297200347,0.32900019011680254,0.41626878721889177,0.6636563842586829,0.4842264126835158,0.5792426433966815,0.39741095431847767,False,False,False,False,False,False,False,False,supplementary,A2_T15
B_extended_bad__knn__04_sva__post1,B_extended_bad,knn,04_sva,True,0.4321732041743378,0.4274259491285664,0.3528660382122728,0.41425785552386785,0.6615371072159619,0.48586094929355994,0.6755255318417354,0.4066807617597612,False,False,False,False,False,False,False,False,supplementary,A2_T15
B_extended_bad__knn__05_combat__post0,B_extended_bad,knn,05_combat,False,0.5827299612202407,0.46954452008886277,0.444819339615834,0.44712469593629245,0.5344154193142658,0.505889950563569,0.8578338371524347,0.48605462921530745,False,False,False,False,False,False,True,False,supplementary,A2_T15
B_extended_bad__knn__05_combat__post1,B_extended_bad,knn,05_combat,True,0.586377746104207,0.46746290703574056,0.469902304669745,0.46661823941863156,0.5334810871305553,0.5059909362595046,0.8715629964337244,0.49759029930708104,False,False,False,False,False,False,True,False,supplementary,A2_T15
B_extended_bad__knn__06_combat_seq__post0,B_extended_bad,knn,06_combat_seq,False,0.4527712171238596,0.42640422158083824,0.5877534468798443,0.40929237533081075,0.39525400284843926,0.6493512455525332,0.7699984952475896,0.46905531522883825,False,False,False,False,False,False,False,False,supplementary,A2_T15
B_extended_bad__knn__06_combat_seq__post1,B_extended_bad,knn,06_combat_seq,True,0.4582964805857919,0.4161770511914398,0.6049431841840589,0.4034781370299078,0.3962242138232602,0.6501552237509755,0.7542979710184068,0.4707237132477996,False,False,False,False,False,False,False,False,supplementary,A2_T15
B_extended_bad__knn__07_pycombat__post0,B_extended_bad,knn,07_pycombat,False,0.8007903289430878,0.5683049697078935,0.6275081569916924,0.6158419474781376,0.6387805242766316,0.5760043948012306,0.3878243087711171,0.6531113507802029,True,False,False,False,False,False,False,False,supplementary,A2_T15
B_extended_bad__knn__07_pycombat__post1,B_extended_bad,knn,07_pycombat,True,0.801291828227069,0.5729452042341137,0.6062032147011988,0.6119516276264326,0.6357030728554278,0.5750885920161598,0.36664021549158693,0.6480979686972035,True,False,False,False,False,False,False,False,supplementary,A2_T15
B_extended_bad__knn__08_inmoose_combatseq__post0,B_extended_bad,knn,08_inmoose_combatseq,False,0.4522909886626731,0.4263817706577242,0.5882208141408969,0.4158341564795138,0.3951721692455663,0.6495139300970179,0.7695727800773606,0.470681932485202,False,False,False,False,False,False,False,False,supplementary,A2_T15
B_extended_bad__knn__08_inmoose_combatseq__post1,B_extended_bad,knn,08_inmoose_combatseq,True,0.4578162521246052,0.41620831557718885,0.6054021721394465,0.39876701418962,0.3961423802203873,0.65031790829546,0.7541016779296913,0.4695484385077151,False,False,False,False,False,False,False,False,supplementary,A2_T15
B_extended_bad__knn__09_ruv__post0,B_extended_bad,knn,09_ruv,False,0.4625287751807123,0.48379948662850303,0.6629183227924893,0.3911031998213362,0.2995425087844649,0.49784627774899587,0.5118367558955912,0.5000874461057602,False,False,False,False,False,False,False,False,supplementary,A2_T15
B_extended_bad__knn__09_ruv__post1,B_extended_bad,knn,09_ruv,True,0.4555840204720502,0.48748727870986724,0.6849996810998421,0.41480849396833086,0.2994388699101511,0.501783415471437,0.450114935883385,0.5107198685625226,False,False,False,False,False,False,False,False,supplementary,A2_T15
B_extended_bad__knn__10_mnn__post0,B_extended_bad,knn,10_mnn,False,0.42311565779372096,0.7441685291084886,0.7456884122946391,0.5989363255881178,0.14781602422605708,0.8283204499247288,0.40495313341489947,0.6279772311962417,False,False,False,False,False,True,False,False,supplementary,A2_T15
B_extended_bad__knn__10_mnn__post1,B_extended_bad,knn,10_mnn,True,0.5063660407237599,0.7666162741464062,0.7633322595901102,0.614259174419074,0.14642542349982887,0.8320700514318565,0.4541708109749707,0.6626434372198376,False,True,False,False,False,True,False,False,supplementary,A2_T15
B_extended_bad__knn__11_harmony__post0,B_extended_bad,knn,11_harmony,False,0.42969095282054875,0.516092457081747,0.3072371814128539,0.5212050058416876,0.19749517759625349,0.6805130203037236,0.5916054764799409,0.4435563992892093,False,False,False,False,False,False,False,False,supplementary,A2_T15
B_extended_bad__knn__11_harmony__post1,B_extended_bad,knn,11_harmony,True,0.4294977506357825,0.52918297044989,0.3260652611532073,0.52901014983486,0.1973252293650929,0.6803948507884074,0.5816243780012875,0.45343903301843497,False,False,False,False,False,False,False,False,supplementary,A2_T15
B_extended_bad__knn__12_scanorama__post0,B_extended_bad,knn,12_scanorama,False,0.3803059706420602,0.5861403751593595,0.42092141799741556,0.45999926375186967,0.13139756108963044,0.8078478347149013,0.4932472766250896,0.4618417568876762,False,False,False,False,False,True,False,False,supplementary,A2_T15
B_extended_bad__knn__12_scanorama__post1,B_extended_bad,knn,12_scanorama,True,0.37704574717855477,0.5960412545369461,0.4500981707822184,0.4677696117237961,0.13084519082717402,0.8001627050873621,0.41691689221474443,0.4727386960553789,False,False,False,False,False,True,False,False,supplementary,A2_T15
B_extended_bad__knn__13_fsmvn__post0,B_extended_bad,knn,13_fsmvn,False,0.8045130555304703,0.6085592641214624,0.622507218267964,0.608993586338215,0.624828621067953,0.640110144342256,0.4019883731966781,0.6611432810645279,True,False,False,False,False,False,False,False,supplementary,A2_T15
B_extended_bad__knn__13_fsmvn__post1,B_extended_bad,knn,13_fsmvn,True,0.8115717905046637,0.641402848406844,0.6283498154031999,0.6130957358186532,0.6217626570867446,0.6422517224929742,0.4191224292756647,0.6736050475333402,True,False,False,False,False,False,False,False,supplementary,A2_T15
B_extended_bad__knn__14_qsmooth__post0,B_extended_bad,knn,14_qsmooth,False,0.22936829919901303,0.30503003852484534,0.36335892401507947,0.32630289688911207,0.44427735119460365,0.48437775349601736,0.5657810539742275,0.3060150396570125,False,False,False,False,False,False,False,False,supplementary,A2_T15
B_extended_bad__knn__14_qsmooth__post1,B_extended_bad,knn,14_qsmooth,True,0.23325477982614895,0.31779801374887545,0.38167604179901143,0.3445981164809327,0.44904305372693026,0.4864249972256008,0.6930087948454636,0.31933173796374215,False,False,False,False,False,False,False,False,supplementary,A2_T15
B_extended_bad__knn__15_fsqn_py__post0,B_extended_bad,knn,15_fsqn_py,False,0.37793878307627615,0.4480407695561792,0.4291910557069055,0.38825700622109527,0.4597848513430866,0.4788048421822272,0.6018932605295252,0.410856903640114,False,False,False,False,False,False,False,False,supplementary,A2_T15
B_extended_bad__knn__15_fsqn_py__post1,B_extended_bad,knn,15_fsqn_py,True,0.3726665112246245,0.44394648112844043,0.4597370550794349,0.37971416717154544,0.4523340036295084,0.4962838124090139,0.5782873620825201,0.4140160536510113,False,False,False,False,False,False,False,False,supplementary,A2_T15
B_extended_bad__knn__16_fsqn_r__post0,B_extended_bad,knn,16_fsqn_r,False,0.7397063624114909,0.6494306883051173,0.717855579800934,0.6191807536620344,0.5800152198914079,0.5589531730328827,0.3894644226414009,0.6815433460448941,False,False,False,False,False,False,False,False,supplementary,A2_T15
B_extended_bad__knn__16_fsqn_r__post1,B_extended_bad,knn,16_fsqn_r,True,0.7418638561405969,0.653075177445726,0.7053984611993266,0.6121673890623247,0.5780930842839946,0.5589402849642033,0.34692742724947495,0.6781262209619936,False,False,False,False,False,False,False,False,supplementary,A2_T15
B_extended_bad__knn__17_quantile__post0,B_extended_bad,knn,17_quantile,False,0.3771721533612907,0.44749274526684135,0.5429212859205922,0.3707616193395663,0.4592745148102223,0.47862647974965244,0.6076017355264313,0.43458695097207256,False,False,False,False,False,False,False,False,supplementary,A2_T15
B_extended_bad__knn__17_quantile__post1,B_extended_bad,knn,17_quantile,True,0.3721755373593771,0.4378242442779971,0.572583785674536,0.3824544283572459,0.4519864407598653,0.4962762034846308,0.5726288652566529,0.44125949891728905,False,False,False,False,False,False,False,False,supplementary,A2_T15
B_extended_bad__knn__18_rank__post0,B_extended_bad,knn,18_rank,False,0.37375133936229266,0.38221514453986705,0.4873719683467792,0.36443886028163297,0.4614490080855714,0.4855679439383595,0.6182826364229438,0.4019443281326429,False,False,False,False,False,False,False,False,supplementary,A2_T15
B_extended_bad__knn__18_rank__post1,B_extended_bad,knn,18_rank,True,0.3702718767031372,0.38491511112883786,0.5115596713822348,0.36599758105965513,0.453579830795953,0.5025644662464442,0.5980066092504428,0.40818606006846625,False,False,False,False,False,False,False,False,supplementary,A2_T15
B_extended_bad__knn__19_tdm__post0,B_extended_bad,knn,19_tdm,False,0.42328957783780646,0.4173403928573373,0.43980522495534663,0.4076785421601671,0.5371674752046843,0.46247831346727064,0.6243251640618398,0.42202843445266436,False,False,False,False,False,False,False,False,supplementary,A2_T15
B_extended_bad__knn__19_tdm__post1,B_extended_bad,knn,19_tdm,True,0.44460229127787565,0.4305879827708351,0.4748397623920479,0.41123356339377026,0.5345089342452045,0.4638618220937409,0.579429805389349,0.44031589995863224,False,False,False,False,False,False,False,False,supplementary,A2_T15
B_extended_bad__knn__21_harmonizr__post0,B_extended_bad,knn,21_harmonizr,False,0.5617481643572758,0.4282424826895776,0.5693271254826077,0.4808293303172091,0.7178667981437215,0.3700532391406212,0.3769652446475283,0.5100367757116675,False,False,False,False,False,False,False,False,supplementary,A2_T15
B_extended_bad__knn__21_harmonizr__post1,B_extended_bad,knn,21_harmonizr,True,0.5649727627252309,0.44381582538282877,0.5747089226406839,0.5034424343097224,0.7167971307459039,0.3690429730756452,0.35163271458025636,0.5217349862646165,False,False,False,False,False,False,False,False,supplementary,A2_T15
B_extended_bad__knn__25_angel__post0,B_extended_bad,knn,25_angel,False,0.5929081871122645,0.6809000831180008,0.5366750514240498,0.4625103355710148,0.42518568558278813,0.6533677411414505,0.6670657024834816,0.5682484143063324,False,False,False,False,False,False,False,False,supplementary,A2_T15
B_extended_bad__knn__25_angel__post1,B_extended_bad,knn,25_angel,True,0.5961894390587773,0.6788277505556874,0.5495168164143759,0.47720229575205797,0.42432143263757893,0.6371987037103826,0.644547341618735,0.5754340754452246,False,False,False,False,False,False,False,False,supplementary,A2_T15
B_extended_bad__knn__26_xpn__post0,B_extended_bad,knn,26_xpn,False,0.575365464153128,0.6523978738001087,0.6110911836740851,0.5128276401549446,0.5728338543474236,0.4831513150971856,0.36886097308973725,0.5879205404455666,False,False,False,False,False,False,False,False,supplementary,A2_T15
B_extended_bad__knn__26_xpn__post1,B_extended_bad,knn,26_xpn,True,0.6094574223888731,0.6640807676667031,0.6148833112317823,0.5271168148985883,0.5699495418107287,0.48803006594822534,0.3820662813061552,0.6038845790464866,False,False,False,False,False,False,False,False,supplementary,A2_T15
B_extended_bad__knn__28_npn__post0,B_extended_bad,knn,28_npn,False,0.7507931383129237,0.5678689944973783,0.5317894352527898,0.5956580269813622,0.6359824932029684,0.20121942426032177,0.36743739600761866,0.6115273987611135,False,False,False,False,False,False,False,False,supplementary,A2_T15
B_extended_bad__knn__28_npn__post1,B_extended_bad,knn,28_npn,True,0.751742980926701,0.5796726664558419,0.5129008701746931,0.5882741978802455,0.6343901623628606,0.20057204381049049,0.3576933543691979,0.6081476788593704,False,False,False,False,False,False,False,False,supplementary,A2_T15
B_extended_bad__knn__31_ruv3prps__post0,B_extended_bad,knn,31_ruv3prps,False,0.4125013623916138,0.41600705101793606,0.3261773677896738,0.39119195054039446,0.7161310547837624,0.4662215531503427,0.5895495011765092,0.38646943293490454,False,False,False,False,False,False,False,False,supplementary,A2_T15
B_extended_bad__knn__31_ruv3prps__post1,B_extended_bad,knn,31_ruv3prps,True,0.42019171186186255,0.4177733481050109,0.34937874913299544,0.40959873893518606,0.7146569656761188,0.46775340948705807,0.6786378905839574,0.39923563700876374,False,False,False,False,False,False,False,False,supplementary,A2_T15
B_extended_bad__knn__36_explobatch__post0,B_extended_bad,knn,36_explobatch,False,0.4124309491069338,0.41592385167958895,0.3212905032062679,0.4036473698236942,0.8236367584548961,0.4858776802896501,0.5898036238239655,0.3883231684541212,False,False,False,False,True,False,False,False,supplementary,A2_T15
B_extended_bad__knn__36_explobatch__post1,B_extended_bad,knn,36_explobatch,True,0.4202415656069673,0.4178382434325247,0.3447924800450904,0.4103675925734885,0.8236367584548961,0.4880023002266415,0.6776238245635262,0.3983099704145177,False,False,False,False,True,False,False,False,supplementary,A2_T15
B_extended_bad__knn__20_shambhala__post0,B_extended_bad,knn,20_shambhala,False,0.3696536564905818,0.47089572286036585,0.6024606959629697,0.4474082064297119,0.3385029506095928,0.780338633065043,0.691091890895595,0.4726045704359073,False,False,False,False,False,False,False,False,supplementary,A2_T15
B_extended_bad__knn__20_shambhala__post1,B_extended_bad,knn,20_shambhala,True,0.39243655079421785,0.39823691031048014,0.5523156251475528,0.4661131133711544,0.33176406373215417,0.7751670416399782,0.7171746273306102,0.45227554990585134,False,False,False,False,False,False,False,False,supplementary,A2_T15
B_extended_bad__softimpute__01_raw__post0,B_extended_bad,softimpute,01_raw,False,0.5720754700269398,0.3940313252760033,0.1384139921242148,0.493990858043092,0.8236367584548961,0.40003717671319783,0.669371060597397,0.39962791136756254,False,False,False,False,True,False,False,False,supplementary,A2_T15
B_extended_bad__softimpute__01_raw__post1,B_extended_bad,softimpute,01_raw,True,0.5688034504641005,0.397149487082939,0.158269611881047,0.4563410982880078,0.8236367584548961,0.36946518254282495,0.6687001162329465,0.39514091192902356,False,False,False,False,True,False,False,False,supplementary,A2_T15
B_extended_bad__softimpute__02_median_scaling__post0,B_extended_bad,softimpute,02_median_scaling,False,0.7417315476158418,0.5811703428453757,0.45222561459731153,0.622900747066844,0.605576752414485,0.27347243640283897,0.27348804579846775,0.5995070630313433,False,False,False,False,False,False,False,False,supplementary,A2_T15
B_extended_bad__softimpute__02_median_scaling__post1,B_extended_bad,softimpute,02_median_scaling,True,0.7546247611768002,0.5974936995818141,0.5102418525574239,0.645165652933178,0.5975022606681233,0.28795432289466505,0.3214714294432201,0.626881491562304,False,False,False,False,False,False,False,False,supplementary,A2_T15
B_extended_bad__softimpute__03_limma__post0,B_extended_bad,softimpute,03_limma,False,0.86879951662157,0.5011708208993724,0.5074608676049777,0.6054013072015705,0.625652838979447,0.3030510500962956,0.40550310762490055,0.6207081280818726,True,False,False,False,False,False,False,False,supplementary,A2_T15
B_extended_bad__softimpute__03_limma__post1,B_extended_bad,softimpute,03_limma,True,0.8705822846708343,0.48779781071711853,0.5040436615584242,0.6041896467933336,0.6229189678852566,0.3011905041768909,0.4388345630545517,0.6166533509349277,True,False,False,False,False,False,False,False,supplementary,A2_T15
B_extended_bad__softimpute__04_sva__post0,B_extended_bad,softimpute,04_sva,False,0.5817111390954988,0.400620256755098,0.142562010186482,0.4721537838046336,0.6489129102166846,0.4856482033637543,0.6543677643129662,0.3992617974604281,False,False,False,False,False,False,False,False,supplementary,A2_T15
B_extended_bad__softimpute__04_sva__post1,B_extended_bad,softimpute,04_sva,True,0.5784879449618129,0.40220912134709197,0.16284130434026914,0.4678833674648975,0.6471697870688081,0.45920518563981516,0.6768688574810856,0.40285543452851785,False,False,False,False,False,False,False,False,supplementary,A2_T15
B_extended_bad__softimpute__05_combat__post0,B_extended_bad,softimpute,05_combat,False,0.6809293077812887,0.41712545030498305,0.21255622257956183,0.49195745777007716,0.4261934707750733,0.3397028661116122,0.7596949654355065,0.4506421096089777,False,False,False,False,False,False,False,False,supplementary,A2_T15
B_extended_bad__softimpute__05_combat__post1,B_extended_bad,softimpute,05_combat,True,0.6931547888532099,0.4036631041442065,0.21269823342204533,0.4593448909050446,0.4333836219555178,0.34521299235966746,0.8070191251004053,0.4422152543311266,False,False,False,False,False,False,True,False,supplementary,A2_T15
B_extended_bad__softimpute__06_combat_seq__post0,B_extended_bad,softimpute,06_combat_seq,False,0.5897303853482092,0.3979615154706158,0.5061763219004635,0.444939416966738,0.37350679158573113,0.47205621553735294,0.6986738129647972,0.4847019099215066,False,False,False,False,False,False,False,False,supplementary,A2_T15
B_extended_bad__softimpute__06_combat_seq__post1,B_extended_bad,softimpute,06_combat_seq,True,0.5882946058608266,0.3908726682245117,0.5063038934967096,0.45479715247425306,0.37629927084654613,0.4430894900552025,0.7194370979127862,0.4850670800140752,False,False,False,False,False,False,False,False,supplementary,A2_T15
B_extended_bad__softimpute__07_pycombat__post0,B_extended_bad,softimpute,07_pycombat,False,0.8452167646040348,0.4693582841600829,0.4812374749338362,0.5394509235226946,0.652159033948177,0.6597175417546577,0.475730813389492,0.5838158618051621,True,False,False,False,False,False,False,False,supplementary,A2_T15
B_extended_bad__softimpute__07_pycombat__post1,B_extended_bad,softimpute,07_pycombat,True,0.8488893480309122,0.4552768986699843,0.48575988385761604,0.5601372334414109,0.6475137877057823,0.6598636587204277,0.536503134768745,0.5875158409999809,True,False,False,False,False,False,False,False,supplementary,A2_T15
B_extended_bad__softimpute__08_inmoose_combatseq__post0,B_extended_bad,softimpute,08_inmoose_combatseq,False,0.5897303853482092,0.3979615154706158,0.5061763219004635,0.44426530498931244,0.37350679158573113,0.47205621553735294,0.6986738129647972,0.4845333819271502,False,False,False,False,False,False,False,False,supplementary,A2_T15
B_extended_bad__softimpute__08_inmoose_combatseq__post1,B_extended_bad,softimpute,08_inmoose_combatseq,True,0.5882946058608266,0.3908726682245117,0.5063038934967096,0.45479715247425306,0.37629927084654613,0.4430894900552025,0.7194370979127862,0.4850670800140752,False,False,False,False,False,False,False,False,supplementary,A2_T15
B_extended_bad__softimpute__09_ruv__post0,B_extended_bad,softimpute,09_ruv,False,0.43270144507950725,0.4242384314763582,0.6254570555679106,0.41193641245356444,0.2885473550468764,0.40890669908358307,0.5539585555228875,0.4735833361443351,False,False,False,False,False,False,False,False,supplementary,A2_T15
B_extended_bad__softimpute__09_ruv__post1,B_extended_bad,softimpute,09_ruv,True,0.42952949864740103,0.4320951502104692,0.6474197843336085,0.3755630980189938,0.2887103652096003,0.4126031261683882,0.456274859799424,0.4711518828026181,False,False,False,False,False,False,False,False,supplementary,A2_T15
B_extended_bad__softimpute__10_mnn__post0,B_extended_bad,softimpute,10_mnn,False,0.48935320121925424,0.6604488003229946,0.6024730012274438,0.6055767480057314,0.08092529035756374,0.8223844333181283,0.5260900639473496,0.5894629376938559,False,False,False,False,False,True,False,False,supplementary,A2_T15
B_extended_bad__softimpute__10_mnn__post1,B_extended_bad,softimpute,10_mnn,True,0.5683692542951557,0.6999994830220886,0.6143285653516206,0.6394088490730124,0.08096553700210679,0.8230489604311675,0.567465966795854,0.6305265379354693,False,False,False,False,False,True,False,False,supplementary,A2_T15
B_extended_bad__softimpute__11_harmony__post0,B_extended_bad,softimpute,11_harmony,False,0.5397870874235475,0.487356749949504,0.14191030439544058,0.5008196632727748,0.20282923426268695,0.6869783086576428,0.37138019144834744,0.41746845126031673,False,False,False,False,False,False,False,False,supplementary,A2_T15
B_extended_bad__softimpute__11_harmony__post1,B_extended_bad,softimpute,11_harmony,True,0.5540291236175484,0.5133130237734004,0.14691347198010077,0.4669124501985981,0.1981254817110794,0.6775230643138236,0.3934816213210589,0.42029201739241195,False,False,False,False,False,False,False,False,supplementary,A2_T15
B_extended_bad__softimpute__12_scanorama__post0,B_extended_bad,softimpute,12_scanorama,False,0.5615124301939077,0.5839804990596441,0.3657124232137712,0.5422727698921582,0.18789921991451156,0.8093842707411331,0.36342168661902935,0.5133695305898703,False,False,False,False,False,True,False,False,supplementary,A2_T15
B_extended_bad__softimpute__12_scanorama__post1,B_extended_bad,softimpute,12_scanorama,True,0.5762734028681922,0.5859906186550595,0.3858198787815658,0.5878754599728951,0.18733981956161003,0.7987643235920467,0.34782602369636945,0.5339898400694282,False,False,False,False,False,True,False,False,supplementary,A2_T15
B_extended_bad__softimpute__13_fsmvn__post0,B_extended_bad,softimpute,13_fsmvn,False,0.8628662875027305,0.6131712499760494,0.5934186889368429,0.601109052195605,0.6122402822893468,0.42566842754084555,0.49908427753137374,0.6676413196528069,True,False,False,False,False,False,False,False,supplementary,A2_T15
B_extended_bad__softimpute__13_fsmvn__post1,B_extended_bad,softimpute,13_fsmvn,True,0.8697179543205629,0.5715383777275993,0.5917663457518739,0.5703411014012171,0.6064251935323491,0.42596851290946325,0.5164528391020701,0.6508409448003133,True,False,False,False,False,False,False,False,supplementary,A2_T15
B_extended_bad__softimpute__14_qsmooth__post0,B_extended_bad,softimpute,14_qsmooth,False,0.4315186934688759,0.3259959725509035,0.24981700835321627,0.35909279595540733,0.3947533418095271,0.4833834627927709,0.5569739894569871,0.34160611758210074,False,False,False,False,False,False,False,False,supplementary,A2_T15
B_extended_bad__softimpute__14_qsmooth__post1,B_extended_bad,softimpute,14_qsmooth,True,0.4292847833719334,0.3332147742852806,0.26106366749286614,0.37674479617394246,0.3951141817301053,0.47823900271705305,0.5419386958876392,0.35007700533100566,False,False,False,False,False,False,False,False,supplementary,A2_T15
B_extended_bad__softimpute__15_fsqn_py__post0,B_extended_bad,softimpute,15_fsqn_py,False,0.5251456257389575,0.44883822326642514,0.30160003281842374,0.436527327476782,0.3871632161652436,0.13788830662650783,0.5261411053851754,0.42802780232514714,False,False,False,False,False,False,False,False,supplementary,A2_T15
B_extended_bad__softimpute__15_fsqn_py__post1,B_extended_bad,softimpute,15_fsqn_py,True,0.5292877518909888,0.43199113913533965,0.31948734327398587,0.4572817540539972,0.3877541508981658,0.14412401212622516,0.5787167334450085,0.4345119970885778,False,False,False,False,False,False,False,False,supplementary,A2_T15
B_extended_bad__softimpute__16_fsqn_r__post0,B_extended_bad,softimpute,16_fsqn_r,False,0.7759761566780005,0.6962101706824031,0.6477909550263203,0.66642488960918,0.5673485848643034,0.550597761708658,0.463644387710091,0.6966005429989759,False,False,False,False,False,False,False,False,supplementary,A2_T15
B_extended_bad__softimpute__16_fsqn_r__post1,B_extended_bad,softimpute,16_fsqn_r,True,0.7762740658582185,0.7011877731401112,0.6350999525964608,0.6459650413250393,0.5656963835090373,0.5509142490519283,0.43809881378252774,0.6896317082299575,False,False,False,False,False,False,False,False,supplementary,A2_T15
B_extended_bad__softimpute__17_quantile__post0,B_extended_bad,softimpute,17_quantile,False,0.5302599283021568,0.44296344563733525,0.40529428375476384,0.4440484527651436,0.38566724065489244,0.13788830662650783,0.5149474976215693,0.4556415276148499,False,False,False,False,False,False,False,False,supplementary,A2_T15
B_extended_bad__softimpute__17_quantile__post1,B_extended_bad,softimpute,17_quantile,True,0.5345823054345161,0.41996559992879184,0.42168365713715356,0.44109165571013514,0.3844713025308533,0.14412401212622516,0.5748755474685474,0.4543308045526492,False,False,False,False,False,False,False,False,supplementary,A2_T15
B_extended_bad__softimpute__18_rank__post0,B_extended_bad,softimpute,18_rank,False,0.5160411127718384,0.3985026441235847,0.35198983494982294,0.47144369409230424,0.409820583549487,0.40003717671319783,0.5746104899204371,0.4344943214843876,False,False,False,False,False,False,False,False,supplementary,A2_T15
B_extended_bad__softimpute__18_rank__post1,B_extended_bad,softimpute,18_rank,True,0.5176460172863775,0.3934414749738046,0.36967538946055617,0.4200737828863091,0.4125065537628002,0.3586347739059547,0.5963233236730698,0.42520916615176185,False,False,False,False,False,False,False,False,supplementary,A2_T15
B_extended_bad__softimpute__19_tdm__post0,B_extended_bad,softimpute,19_tdm,False,0.5632197406438646,0.3979457425849134,0.4749083170807216,0.4541113456354865,0.534863565681876,0.4608854693494851,0.690468854632401,0.4725462864862465,False,False,False,False,False,False,False,False,supplementary,A2_T15
B_extended_bad__softimpute__19_tdm__post1,B_extended_bad,softimpute,19_tdm,True,0.5770025469080577,0.40671891970362994,0.4979086029231489,0.4490623532225776,0.5335754945140794,0.46299853994311224,0.6688552396850461,0.4826731056893535,False,False,False,False,False,False,False,False,supplementary,A2_T15
B_extended_bad__softimpute__21_harmonizr__post0,B_extended_bad,softimpute,21_harmonizr,False,0.8000940463904495,0.4970778901327648,0.513157344664845,0.566094140292853,0.7334098989066139,0.28362530048240875,0.5472028109937561,0.5941058553702281,True,False,False,False,False,False,False,False,supplementary,A2_T15
B_extended_bad__softimpute__21_harmonizr__post1,B_extended_bad,softimpute,21_harmonizr,True,0.7985288101389024,0.5048677176455092,0.503723340181228,0.574299400351474,0.7322197177115973,0.2845520818992979,0.5272660328991986,0.5953548170792784,True,False,False,False,False,False,False,False,supplementary,A2_T15
B_extended_bad__softimpute__25_angel__post0,B_extended_bad,softimpute,25_angel,False,0.6608784772602588,0.6692134684709895,0.4824818383905569,0.51299523227308,0.3815403692087927,0.5840141303955154,0.6570990395467571,0.5813922540987213,False,False,False,False,False,False,False,False,supplementary,A2_T15
B_extended_bad__softimpute__25_angel__post1,B_extended_bad,softimpute,25_angel,True,0.6620972236351048,0.6697416854371889,0.5019118100981388,0.5263571949492998,0.3785137433541844,0.539002670521738,0.6261527371439771,0.590026978529933,False,False,False,False,False,False,False,False,supplementary,A2_T15
B_extended_bad__softimpute__26_xpn__post0,B_extended_bad,softimpute,26_xpn,False,0.7349617000413947,0.6122822997920491,0.6239872713427806,0.5889671606125206,0.5679074045218276,0.13788830662650783,0.40973288832022076,0.6400496079471862,False,False,False,False,False,False,False,False,supplementary,A2_T15
B_extended_bad__softimpute__26_xpn__post1,B_extended_bad,softimpute,26_xpn,True,0.7531217524847506,0.5997899780011509,0.6277521422432524,0.574599282232596,0.5655100830240822,0.13788830662650783,0.44269028307331837,0.6388157887404374,False,False,False,False,False,False,False,False,supplementary,A2_T15
B_extended_bad__softimpute__28_npn__post0,B_extended_bad,softimpute,28_npn,False,0.8053639175837047,0.5906041900666329,0.4956404770685463,0.6259190715589784,0.6244644498866596,0.17858687815548752,0.4320841617324244,0.6293819140694656,True,False,False,False,False,False,False,False,supplementary,A2_T15
B_extended_bad__softimpute__28_npn__post1,B_extended_bad,softimpute,28_npn,True,0.8074885921980801,0.6034269972232099,0.48093455166777105,0.6205891862080553,0.6218951747734563,0.1781314096745426,0.41685541511872887,0.628109831824279,True,False,False,False,False,False,False,False,supplementary,A2_T15
B_extended_bad__softimpute__31_ruv3prps__post0,B_extended_bad,softimpute,31_ruv3prps,False,0.5691466357196494,0.3918133937400258,0.14062204334500705,0.4645273912752035,0.7297496015544961,0.4733752543908427,0.6593920449824633,0.39152736601997146,False,False,False,False,False,False,False,False,supplementary,A2_T15
B_extended_bad__softimpute__31_ruv3prps__post1,B_extended_bad,softimpute,31_ruv3prps,True,0.5663448499820262,0.39467788801802917,0.1601257897209668,0.47893107488478937,0.7284428748232465,0.4448141654989842,0.6472507415582573,0.4000199006514529,False,False,False,False,False,False,False,False,supplementary,A2_T15
B_extended_bad__softimpute__36_explobatch__post0,B_extended_bad,softimpute,36_explobatch,False,0.5720754700269398,0.3940313252760033,0.1384139921242148,0.493990858043092,0.8236367584548961,0.40003717671319783,0.669371060597397,0.39962791136756254,False,False,False,False,True,False,False,False,supplementary,A2_T15
B_extended_bad__softimpute__36_explobatch__post1,B_extended_bad,softimpute,36_explobatch,True,0.5688034504641005,0.397149487082939,0.158269611881047,0.4563410982880078,0.8236367584548961,0.36946518254282495,0.6687001162329465,0.39514091192902356,False,False,False,False,True,False,False,False,supplementary,A2_T15
B_extended_bad__softimpute__20_shambhala__post0,B_extended_bad,softimpute,20_shambhala,False,0.5096409572689347,0.4680938565187243,0.6915974378732384,0.4545170673258102,0.3306030536954458,0.13788830662650783,0.7627257769639086,0.5309623297466769,False,False,False,False,False,False,False,False,supplementary,A2_T15
B_extended_bad__softimpute__20_shambhala__post1,B_extended_bad,softimpute,20_shambhala,True,0.513030147696679,0.48107580562202146,0.680364689163915,0.47366502529750865,0.3293589977493798,0.14214428212431174,0.7079008003053212,0.537033916945031,False,False,False,False,False,False,False,False,supplementary,A2_T15
B_extended_bad__strict__01_raw__post0,B_extended_bad,strict,01_raw,False,0.35155828773784764,0.3802195775637924,0.34296037598347273,0.46352486967873946,0.7971656914735338,0.5954956537079072,0.6822622262203814,0.38456577774096307,False,False,False,False,False,False,False,False,supplementary,A2_T15
B_extended_bad__strict__01_raw__post1,B_extended_bad,strict,01_raw,True,0.36725577805952175,0.3871963193494217,0.37767931448418113,0.46868840758965324,0.7971656914735338,0.5986840867928777,0.6585999362563234,0.4002049548706945,False,False,False,False,False,False,False,False,supplementary,A2_T15
B_extended_bad__strict__02_median_scaling__post0,B_extended_bad,strict,02_median_scaling,False,0.6769399334797658,0.6371840132829752,0.6952184137198846,0.6542467903105849,0.5823662993178634,0.3952775334433371,0.33572334492375633,0.6658972876983027,False,False,False,False,False,False,False,False,supplementary,A2_T15
B_extended_bad__strict__02_median_scaling__post1,B_extended_bad,strict,02_median_scaling,True,0.6892437023097862,0.6256667061611079,0.7129759364129126,0.6610521191479813,0.5744697714576402,0.39884987333400373,0.31372150033770047,0.672234616007947,False,False,False,False,False,False,False,False,supplementary,A2_T15
B_extended_bad__strict__03_limma__post0,B_extended_bad,strict,03_limma,False,0.8251805616080344,0.5676452404219653,0.7066195203256386,0.6475943022391437,0.6032599624834517,0.4555161824671625,0.39592949457555343,0.6867599061486955,True,False,False,False,False,False,False,False,supplementary,A2_T15
B_extended_bad__strict__03_limma__post1,B_extended_bad,strict,03_limma,True,0.8280725646745984,0.5304375238959326,0.698904457478961,0.628680295465834,0.5990768245393248,0.45546767466489757,0.45793699560596973,0.6715237103788315,True,False,False,False,False,False,False,False,supplementary,A2_T15
B_extended_bad__strict__04_sva__post0,B_extended_bad,strict,04_sva,False,0.3620998517510252,0.3838539076800639,0.34600252806571535,0.4485564711504617,0.6511210674575172,0.5939930892099461,0.6832039199624689,0.38512818966181656,False,False,False,False,False,False,False,False,supplementary,A2_T15
B_extended_bad__strict__04_sva__post1,B_extended_bad,strict,04_sva,True,0.37674722437270824,0.39184768141655674,0.38142010781497276,0.4573282660386765,0.6503423210303091,0.5970436565435817,0.6611952807648168,0.4018358199107286,False,False,False,False,False,False,False,False,supplementary,A2_T15
B_extended_bad__strict__05_combat__post0,B_extended_bad,strict,05_combat,False,0.708207619908932,0.556886532173936,0.5641924475241697,0.5353897322789056,0.5233179852164048,0.5769329292213343,0.8477819367385765,0.5911690829714858,False,False,False,False,False,False,True,False,supplementary,A2_T15
B_extended_bad__strict__05_combat__post1,B_extended_bad,strict,05_combat,True,0.7112301808722197,0.5293418325525137,0.5774876455956772,0.544754217691531,0.522570610301162,0.577082035854272,0.8472962503727607,0.5907034691779853,False,False,False,False,False,False,True,False,supplementary,A2_T15
B_extended_bad__strict__06_combat_seq__post0,B_extended_bad,strict,06_combat_seq,False,0.4000327888832027,0.43257845165544184,0.577323868463632,0.4626838626395376,0.3732109357424536,0.69185392279937,0.7710638190804681,0.4681547429104535,False,False,False,False,False,False,False,False,supplementary,A2_T15
B_extended_bad__strict__06_combat_seq__post1,B_extended_bad,strict,06_combat_seq,True,0.4150306608350665,0.4461845708778513,0.6116409623166134,0.45428887772688575,0.3750150594475157,0.6888796043982911,0.7609509668494125,0.4817862679391043,False,False,False,False,False,False,False,False,supplementary,A2_T15
B_extended_bad__strict__07_pycombat__post0,B_extended_bad,strict,07_pycombat,False,0.7386364355529597,0.5663852490651177,0.6779774284015931,0.6178381934748209,0.56700055664253,0.5667512191087256,0.4237242987032844,0.6502093266236229,False,False,False,False,False,False,False,False,supplementary,A2_T15
B_extended_bad__strict__07_pycombat__post1,B_extended_bad,strict,07_pycombat,True,0.7475215193281329,0.5655726073383421,0.6787909328210838,0.5979618647383727,0.5652498462203764,0.5560903279566712,0.4172130371832841,0.6474617310564829,False,False,False,False,False,False,False,False,supplementary,A2_T15
B_extended_bad__strict__08_inmoose_combatseq__post0,B_extended_bad,strict,08_inmoose_combatseq,False,0.3996488624250978,0.4326044044119592,0.5772891346851607,0.47066653257251195,0.3732109357424536,0.69185392279937,0.7713446517408243,0.4700522335236824,False,False,False,False,False,False,False,False,supplementary,A2_T15
B_extended_bad__strict__08_inmoose_combatseq__post1,B_extended_bad,strict,08_inmoose_combatseq,True,0.41455043237387995,0.4461502456500584,0.6115111353468144,0.45118679986605836,0.3750150594475157,0.6888796043982911,0.7608941397449778,0.48084965330920276,False,False,False,False,False,False,False,False,supplementary,A2_T15
B_extended_bad__strict__09_ruv__post0,B_extended_bad,strict,09_ruv,False,0.4855039828930723,0.5439471049291993,0.6952863550705508,0.44644825610214406,0.26300927993543766,0.5524677065896147,0.5616883783377195,0.5427964247487416,False,False,False,False,False,False,False,False,supplementary,A2_T15
B_extended_bad__strict__09_ruv__post1,B_extended_bad,strict,09_ruv,True,0.48469702962824024,0.5518040015929218,0.7060809267874361,0.4518509984546063,0.2630656683025063,0.5568100612478963,0.6421600864725319,0.5486082391158011,False,False,False,False,False,False,False,False,supplementary,A2_T15
B_extended_bad__strict__10_mnn__post0,B_extended_bad,strict,10_mnn,False,0.6255612744228384,0.7806854324724454,0.7398689376188211,0.6667140217041937,0.14797839983656763,0.8098578125356956,0.5977139535505411,0.7032074165545746,False,True,False,False,False,True,False,False,supplementary,A2_T15
B_extended_bad__strict__10_mnn__post1,B_extended_bad,strict,10_mnn,True,0.6132741018321795,0.7635142240834183,0.7301263765672136,0.6556121478433639,0.14817883937594847,0.8093682112673464,0.6223101441066126,0.6906317125815438,False,False,False,False,False,True,False,False,supplementary,A2_T15
B_extended_bad__strict__11_harmony__post0,B_extended_bad,strict,11_harmony,False,0.37362906446283844,0.5274537441148329,0.3286660791194824,0.575219759822296,0.22118952469558037,0.6907641590679722,0.4001655358125609,0.45124216187986244,False,False,False,False,False,False,False,False,supplementary,A2_T15
B_extended_bad__strict__11_harmony__post1,B_extended_bad,strict,11_harmony,True,0.3846692171535274,0.5322138332453978,0.3606073573174244,0.5660075396303195,0.22532055107289783,0.6927891882613261,0.37504429804995093,0.46087448683666726,False,False,False,False,False,False,False,False,supplementary,A2_T15
B_extended_bad__strict__12_scanorama__post0,B_extended_bad,strict,12_scanorama,False,0.279173099054682,0.5165301067563948,0.525733974027491,0.4213558210584,0.08985409846111549,0.7937943429506371,0.5981921559895472,0.43569825022424197,False,False,False,False,False,True,False,False,supplementary,A2_T15
B_extended_bad__strict__12_scanorama__post1,B_extended_bad,strict,12_scanorama,True,0.2790428516928673,0.48497941124164456,0.5297182089397598,0.42541093441831185,0.09009605132737901,0.7935197781198456,0.632385995315718,0.4297878515731459,False,False,False,False,False,True,False,False,supplementary,A2_T15
B_extended_bad__strict__13_fsmvn__post0,B_extended_bad,strict,13_fsmvn,False,0.7971923236738281,0.6334073760473536,0.706831991092925,0.6179496352859821,0.5832973049033764,0.6211035506156952,0.4268732597000177,0.6888453315250223,True,False,False,False,False,False,False,False,supplementary,A2_T15
B_extended_bad__strict__13_fsmvn__post1,B_extended_bad,strict,13_fsmvn,True,0.8104417402581827,0.6026711463528701,0.7149375191815884,0.5847008298137274,0.5796699602449201,0.6223045706728908,0.48269920818795575,0.6781878089015921,True,False,False,False,False,False,False,False,supplementary,A2_T15
B_extended_bad__strict__14_qsmooth__post0,B_extended_bad,strict,14_qsmooth,False,0.2147372459135828,0.283036063401107,0.42081156839600314,0.34544350845076693,0.3810661269843471,0.5849212312997841,0.7537033461989072,0.31600709654036496,False,False,False,False,False,False,False,False,supplementary,A2_T15
B_extended_bad__strict__14_qsmooth__post1,B_extended_bad,strict,14_qsmooth,True,0.2107930421646977,0.2843112474852247,0.4460008465996609,0.33519106682735594,0.399047998888278,0.5980098850470549,0.6478695330277466,0.3190740507692348,False,False,False,False,False,False,False,False,supplementary,A2_T15
B_extended_bad__strict__15_fsqn_py__post0,B_extended_bad,strict,15_fsqn_py,False,0.3497373900923148,0.44830749643110424,0.5371855996995841,0.42393846566168225,0.41851695466518907,0.582189784142014,0.6563607765404751,0.4397922379711714,False,False,False,False,False,False,False,False,supplementary,A2_T15
B_extended_bad__strict__15_fsqn_py__post1,B_extended_bad,strict,15_fsqn_py,True,0.3878553524503426,0.46288266144559886,0.5366076068012195,0.49993209605685895,0.40385511514780653,0.6083136824823417,0.616467893915194,0.471819429188505,False,False,False,False,False,False,False,False,supplementary,A2_T15
B_extended_bad__strict__16_fsqn_r__post0,B_extended_bad,strict,16_fsqn_r,False,0.7190007530279935,0.7010674477869459,0.752029910669667,0.660169657125506,0.5558867263126934,0.4960158977397077,0.4581358759974297,0.7080669421525281,False,False,False,False,False,False,False,False,supplementary,A2_T15
B_extended_bad__strict__16_fsqn_r__post1,B_extended_bad,strict,16_fsqn_r,True,0.7195327867421161,0.7040590319467244,0.7403380195150528,0.6494492539828778,0.5549249069180656,0.4960047142602183,0.4507156989234635,0.7033447730466929,False,False,False,False,False,False,False,False,supplementary,A2_T15
B_extended_bad__strict__17_quantile__post0,B_extended_bad,strict,17_quantile,False,0.3495632207300129,0.4588815385870755,0.636628057856912,0.4229938859609037,0.4184144458329025,0.5820791253353926,0.6566279926270839,0.467016675783726,False,False,False,False,False,False,False,False,supplementary,A2_T15
B_extended_bad__strict__17_quantile__post1,B_extended_bad,strict,17_quantile,True,0.3891256592599245,0.46801222744783005,0.6367121191792088,0.4936943287952047,0.40375260631551996,0.6081962210419298,0.6132328743936294,0.49688608367054204,False,False,False,False,False,False,False,False,supplementary,A2_T15
B_extended_bad__strict__18_rank__post0,B_extended_bad,strict,18_rank,False,0.33938677349806023,0.4091052224293209,0.58535433624092,0.42787075000470653,0.428002638822489,0.5954956537079072,0.6816419417202628,0.4404292705432519,False,False,False,False,False,False,False,False,supplementary,A2_T15
B_extended_bad__strict__18_rank__post1,B_extended_bad,strict,18_rank,True,0.37886102580531417,0.4355923236496089,0.5806846945383816,0.48728546300446474,0.4127070709646731,0.6216743059607953,0.6019339914817959,0.4706058767494424,False,False,False,False,False,False,False,False,supplementary,A2_T15
B_extended_bad__strict__19_tdm__post0,B_extended_bad,strict,19_tdm,False,0.3627062032562337,0.4348799908491482,0.39960544791792557,0.4146849442826127,0.510919792349304,0.5663000025451731,0.640824617863693,0.4029691465764801,False,False,False,False,False,False,False,False,supplementary,A2_T15
B_extended_bad__strict__19_tdm__post1,B_extended_bad,strict,19_tdm,True,0.3921869315286011,0.44597665396100405,0.43459920181766837,0.4529363011594273,0.5093052803125403,0.5679121902862301,0.6845742165204538,0.4314247721166752,False,False,False,False,False,False,False,False,supplementary,A2_T15
B_extended_bad__strict__21_harmonizr__post0,B_extended_bad,strict,21_harmonizr,False,0.690069600644899,0.5534841233316511,0.7276646230960859,0.5491496395625287,0.6981860444846757,0.4281877229524957,0.396680227230636,0.6300919966587912,False,False,False,False,False,False,False,False,supplementary,A2_T15
B_extended_bad__strict__21_harmonizr__post1,B_extended_bad,strict,21_harmonizr,True,0.6943303589960246,0.5635182113338828,0.7168957070586124,0.5269215066474433,0.6969042110820886,0.4391789210098074,0.40593262709272154,0.6254164460089908,False,False,False,False,False,False,False,False,supplementary,A2_T15
B_extended_bad__strict__25_angel__post0,B_extended_bad,strict,25_angel,False,0.6314342956847345,0.686554516586674,0.6052586031970799,0.5236972324439083,0.4085066439726722,0.6900274766344098,0.7609191923784797,0.6117361619780992,False,False,False,False,False,False,False,False,supplementary,A2_T15
B_extended_bad__strict__25_angel__post1,B_extended_bad,strict,25_angel,True,0.6345290291036477,0.6890662098288308,0.6233868014643774,0.5184725835312343,0.4024196666177948,0.6933074989087806,0.7487209048061535,0.6163636559820225,False,False,False,False,False,False,False,False,supplementary,A2_T15
B_extended_bad__strict__26_xpn__post0,B_extended_bad,strict,26_xpn,False,0.6662703999426407,0.6421563415387577,0.7215527455881628,0.5951626291174176,0.5506900583317432,0.4641924954799651,0.4187111820003627,0.6562855290467446,False,False,False,False,False,False,False,False,supplementary,A2_T15
B_extended_bad__strict__26_xpn__post1,B_extended_bad,strict,26_xpn,True,0.6932668055959316,0.6627856541722877,0.7273287548123144,0.6116711846969843,0.5484281074711284,0.4655067604734115,0.457193072725999,0.6737630998193795,False,False,False,False,False,False,False,False,supplementary,A2_T15
B_extended_bad__strict__28_npn__post0,B_extended_bad,strict,28_npn,False,0.7215293281860554,0.6158044629522661,0.5785066565600229,0.6159042239842516,0.5898097005409763,0.212495391877145,0.4414021308717905,0.632936167920649,False,False,False,False,False,False,False,False,supplementary,A2_T15
B_extended_bad__strict__28_npn__post1,B_extended_bad,strict,28_npn,True,0.7228712930657472,0.6329905668614111,0.5598653573198448,0.5794271960921491,0.5874804205037502,0.21129789838948704,0.442897383875242,0.623788603334788,False,False,False,False,False,False,False,False,supplementary,A2_T15
B_extended_bad__strict__31_ruv3prps__post0,B_extended_bad,strict,31_ruv3prps,False,0.3515167757241266,0.3814064088561287,0.34322944611462497,0.4341108188637843,0.6969169534832523,0.5956308698454278,0.6816597558010195,0.37756586238966616,False,False,False,False,False,False,False,False,supplementary,A2_T15
B_extended_bad__strict__31_ruv3prps__post1,B_extended_bad,strict,31_ruv3prps,True,0.3672150846437164,0.3872338804720321,0.37791037182710174,0.46782977803724607,0.6955227072910625,0.5989756451629443,0.6579354601866654,0.40004727874502405,False,False,False,False,False,False,False,False,supplementary,A2_T15
B_extended_bad__strict__36_explobatch__post0,B_extended_bad,strict,36_explobatch,False,0.3515105269501453,0.38141095467628827,0.34296037598347273,0.43588683894797614,0.7616311942802,0.5954166947034223,0.6814071640238127,0.3779421741394706,False,False,False,False,False,False,False,False,supplementary,A2_T15
B_extended_bad__strict__36_explobatch__post1,B_extended_bad,strict,36_explobatch,True,0.36723543135161907,0.38698899988456886,0.37767931448418113,0.46986236966047307,0.7614057116579729,0.5986840867928777,0.6586837747429535,0.4004415288452105,False,False,False,False,False,False,False,False,supplementary,A2_T15
B_extended_bad__strict__20_shambhala__post0,B_extended_bad,strict,20_shambhala,False,0.3560031114106543,0.48034180530220283,0.6622336661011702,0.44665170947073857,0.3322001446113872,0.7829609702578294,0.6523810087849465,0.4863075730711915,False,False,False,False,False,False,False,False,supplementary,A2_T15
B_extended_bad__strict__20_shambhala__post1,B_extended_bad,strict,20_shambhala,True,0.35841892951052484,0.4225773257109423,0.6376880034936524,0.42451924157302895,0.3318759796911448,0.7754044622272105,0.6767044066149441,0.4608008750720371,False,False,False,False,False,False,False,False,supplementary,A2_T15
C_rnaseq_only__knn__01_raw__post0,C_rnaseq_only,knn,01_raw,False,0.5379416776349579,0.6823174728123182,0.7341219085344527,0.49870209789878656,0.8299645846126239,0.6639613024109197,0.6771220174996609,0.6132707892201289,False,False,False,False,True,False,False,False,supplementary,A2_T15
C_rnaseq_only__knn__01_raw__post1,C_rnaseq_only,knn,01_raw,True,0.7445573133197368,0.883833376032088,0.7692650793979646,0.6734560463210431,0.828489448289681,0.7314688886615427,0.5730326637672762,0.7677779537677081,False,True,False,False,True,False,False,True,supplementary,A2_T15
C_rnaseq_only__knn__02_median_scaling__post0,C_rnaseq_only,knn,02_median_scaling,False,0.6907838902790764,0.7702685679686633,0.8348473446379698,0.5866854696676557,0.5442492537059757,0.4627231392025791,0.30647538915537875,0.7206463181383412,False,True,True,False,False,False,False,False,supplementary,A2_T15
C_rnaseq_only__knn__02_median_scaling__post1,C_rnaseq_only,knn,02_median_scaling,True,0.6933300851197228,0.7386185041253143,0.8353914337227342,0.5282615150795469,0.5530243997956872,0.44715603473333077,0.3302940170852434,0.6989003845118296,False,False,True,False,False,False,False,False,supplementary,A2_T15
C_rnaseq_only__knn__03_limma__post0,C_rnaseq_only,knn,03_limma,False,0.8100062655319055,0.7228353471790923,0.865311409476624,0.5597365275982903,0.5681020383617326,0.5714219803320589,0.3268392259620921,0.739472387446478,True,False,True,False,False,False,False,True,supplementary,A2_T15
C_rnaseq_only__knn__03_limma__post1,C_rnaseq_only,knn,03_limma,True,0.8121181986139765,0.6717824052597356,0.8544222636577443,0.5060691835679317,0.5651887733811924,0.5692169720299255,0.2514330632467451,0.711098012774847,True,False,True,False,False,False,False,False,supplementary,A2_T15
C_rnaseq_only__knn__04_sva__post0,C_rnaseq_only,knn,04_sva,False,0.6905488092709274,0.8687795392304859,0.8589985677104239,0.6448253875999009,0.29247834818992047,0.7205214080946347,0.5978464157175821,0.7657880759529346,False,True,True,False,False,False,False,True,supplementary,A2_T15
C_rnaseq_only__knn__04_sva__post1,C_rnaseq_only,knn,04_sva,True,0.6759852683072225,0.8599980275757972,0.8662944482331314,0.6216597328375244,0.2926681413763447,0.7068586723018672,0.5803059030971109,0.7559843692384189,False,True,True,False,False,False,False,True,supplementary,A2_T15
C_rnaseq_only__knn__05_combat__post0,C_rnaseq_only,knn,05_combat,False,0.7466182103091652,0.822098324037595,0.7941307107834247,0.632010764119602,0.5588594432111925,0.7529624566524935,0.7089383249314894,0.7487145023124467,False,True,False,False,False,False,False,True,supplementary,A2_T15
C_rnaseq_only__knn__05_combat__post1,C_rnaseq_only,knn,05_combat,True,0.7382132562170838,0.8119652480730293,0.8036476317967681,0.5976652866392332,0.5583666648719787,0.7470601501865098,0.7545098255333925,0.7378728556815286,False,True,False,False,False,False,False,True,supplementary,A2_T15
C_rnaseq_only__knn__06_combat_seq__post0,C_rnaseq_only,knn,06_combat_seq,False,0.6324097819753366,0.702469354819417,0.7851098375205884,0.5266779032837673,0.44180843044992973,0.7106321890593326,0.7140219547666717,0.6616667193997773,False,False,False,False,False,False,False,False,supplementary,A2_T15
C_rnaseq_only__knn__06_combat_seq__post1,C_rnaseq_only,knn,06_combat_seq,True,0.6196271094819908,0.6654313097960901,0.7978650020415072,0.4987525405198918,0.43830068901368563,0.6980529973164598,0.7220178330879689,0.64541899045987,False,False,False,False,False,False,False,False,supplementary,A2_T15
C_rnaseq_only__knn__07_pycombat__post0,C_rnaseq_only,knn,07_pycombat,False,0.7429929609752608,0.792560998123863,0.8710308166454569,0.5522934394574341,0.5726857675974247,0.7048472536345236,0.37823129162948277,0.7397195538005037,False,True,True,False,False,False,False,True,supplementary,A2_T15
C_rnaseq_only__knn__07_pycombat__post1,C_rnaseq_only,knn,07_pycombat,True,0.7458354796950916,0.759448515133476,0.8579659328567175,0.5313463760149608,0.5714353489670083,0.7030562466453906,0.24755479612445994,0.7236490759250613,False,False,True,False,False,False,False,False,supplementary,A2_T15
C_rnaseq_only__knn__08_inmoose_combatseq__post0,C_rnaseq_only,knn,08_inmoose_combatseq,False,0.6324097819753366,0.702469354819417,0.7851098375205884,0.5266779032837673,0.44180843044992973,0.7106321890593326,0.7140219547666717,0.6616667193997773,False,False,False,False,False,False,False,False,supplementary,A2_T15
C_rnaseq_only__knn__08_inmoose_combatseq__post1,C_rnaseq_only,knn,08_inmoose_combatseq,True,0.6196271094819908,0.6654313097960901,0.7978650020415072,0.4987525405198918,0.43830068901368563,0.6980529973164598,0.7220178330879689,0.64541899045987,False,False,False,False,False,False,False,False,supplementary,A2_T15
C_rnaseq_only__knn__09_ruv__post0,C_rnaseq_only,knn,09_ruv,False,0.5406367291438913,0.7971163197711109,0.8007319448216274,0.5369188098604817,0.33177394596853926,0.6236800553544705,0.283304757965252,0.6688509508992778,False,True,False,False,False,False,False,False,supplementary,A2_T15
C_rnaseq_only__knn__09_ruv__post1,C_rnaseq_only,knn,09_ruv,True,0.5170702251891651,0.7577520656472346,0.8164402089169617,0.4899927318038974,0.3313262001449295,0.601436203136231,0.3717369769179158,0.6453138078893147,False,False,True,False,False,False,False,False,supplementary,A2_T15
C_rnaseq_only__knn__10_mnn__post0,C_rnaseq_only,knn,10_mnn,False,0.5459259570167837,0.7861223133740426,0.8586516468711942,0.58676331261959,0.1451123494558316,0.7946927937787238,0.6983847840627826,0.6943658074704027,False,True,True,False,False,True,False,False,supplementary,A2_T15
C_rnaseq_only__knn__10_mnn__post1,C_rnaseq_only,knn,10_mnn,True,0.5179333580766369,0.7735446847834238,0.8674687213487263,0.5540796072939905,0.14492239087546108,0.7653520161372432,0.6736456649037385,0.6782565928756943,False,True,True,False,False,False,False,False,supplementary,A2_T15
C_rnaseq_only__knn__11_harmony__post0,C_rnaseq_only,knn,11_harmony,False,0.5212395210208284,0.7271440262415252,0.7417409662583097,0.5345511870520215,0.20793066425725124,0.6966760192677249,0.5721308622917997,0.6311689251431712,False,False,False,False,False,False,False,False,supplementary,A2_T15
C_rnaseq_only__knn__11_harmony__post1,C_rnaseq_only,knn,11_harmony,True,0.7093479465135535,0.8835505919867254,0.7794852020941585,0.6896703390353148,0.21515727994136358,0.7772089525842676,0.4273297566240103,0.7655135199074381,False,True,False,False,False,False,False,True,supplementary,A2_T15
C_rnaseq_only__knn__12_scanorama__post0,C_rnaseq_only,knn,12_scanorama,False,0.5148635750853214,0.7053013244954602,0.812445886267913,0.511839195611653,0.1163182781513668,0.7898432430253572,0.6508569777002361,0.636112495365087,False,False,True,False,False,False,False,False,supplementary,A2_T15
C_rnaseq_only__knn__12_scanorama__post1,C_rnaseq_only,knn,12_scanorama,True,0.5012029911564075,0.6825112651202772,0.8234044588598001,0.48587201912685957,0.11647045539122657,0.7639122562194728,0.5490507975906534,0.6232476835658362,False,False,True,False,False,False,False,False,supplementary,A2_T15
C_rnaseq_only__knn__13_fsmvn__post0,C_rnaseq_only,knn,13_fsmvn,False,0.7904964229706654,0.772911733970721,0.8802416228283506,0.5601430221813588,0.5743800504233492,0.5409296631172091,0.3860996247477996,0.7509482004877739,True,True,True,False,False,False,False,True,supplementary,A2_T15
C_rnaseq_only__knn__13_fsmvn__post1,C_rnaseq_only,knn,13_fsmvn,True,0.8518714228935121,0.7335178412291515,0.884461645610176,0.6868190283066122,0.578352022874977,0.606191883909915,0.5014384273136236,0.7891674845098631,True,False,True,False,False,False,False,True,supplementary,A2_T15
C_rnaseq_only__knn__14_qsmooth__post0,C_rnaseq_only,knn,14_qsmooth,False,0.4798691327957825,0.6527225881427777,0.7605287392887559,0.5027194398557425,0.46498794565737556,0.6639613024109197,0.6392509487606745,0.5989599750207647,False,False,False,False,False,False,False,False,supplementary,A2_T15
C_rnaseq_only__knn__14_qsmooth__post1,C_rnaseq_only,knn,14_qsmooth,True,0.7800826499906965,0.864119003039943,0.7874678591969824,0.68178306155039,0.4362288044298132,0.7314688886615427,0.4253459195104763,0.778363143444503,False,True,False,False,False,False,False,True,supplementary,A2_T15
C_rnaseq_only__knn__15_fsqn_py__post0,C_rnaseq_only,knn,15_fsqn_py,False,0.48357139905864926,0.654705092384686,0.7534899318338406,0.49531348265311437,0.4623563413943712,0.6615241949906364,0.6189423955749394,0.5967699764825726,False,False,False,False,False,False,False,False,supplementary,A2_T15
C_rnaseq_only__knn__15_fsqn_py__post1,C_rnaseq_only,knn,15_fsqn_py,True,0.7780448143899921,0.8716096792453392,0.7799664021607762,0.706546260663581,0.43176097291721355,0.7288240583545726,0.39583669130736826,0.7840417891149221,False,True,False,True,False,False,False,True,supplementary,A2_T15
C_rnaseq_only__knn__16_fsqn_r__post0,C_rnaseq_only,knn,16_fsqn_r,False,0.7005499928896817,0.831167981348489,0.8495002585908374,0.5902462038578755,0.572762137188106,0.510508818476795,0.3873389902031113,0.7428661091717209,False,True,True,False,False,False,False,True,supplementary,A2_T15
C_rnaseq_only__knn__16_fsqn_r__post1,C_rnaseq_only,knn,16_fsqn_r,True,0.7149474614489484,0.8220253396517989,0.841998832654665,0.5731745082349379,0.5715849268662668,0.5104021664977594,0.2600081183172528,0.7380365354975876,False,True,True,False,False,False,False,True,supplementary,A2_T15
C_rnaseq_only__knn__17_quantile__post0,C_rnaseq_only,knn,17_quantile,False,0.486616034546326,0.6544174781693144,0.7817679023159891,0.49178946927209527,0.4620485783980089,0.6610470076034094,0.6437432325363068,0.6036477210759312,False,False,False,False,False,False,False,False,supplementary,A2_T15
C_rnaseq_only__knn__17_quantile__post1,C_rnaseq_only,knn,17_quantile,True,0.7823203433226875,0.8667059121066959,0.807983700226858,0.6926155526896388,0.43153549029498656,0.7283562471712256,0.3922466097760747,0.7874063770864701,False,True,True,False,False,False,False,True,supplementary,A2_T15
C_rnaseq_only__knn__18_rank__post0,C_rnaseq_only,knn,18_rank,False,0.49542893306379043,0.6554361489181976,0.8002097465794353,0.5072763310920146,0.462936804623073,0.6639613024109197,0.5822478359869302,0.6145877899133595,False,False,False,False,False,False,False,False,supplementary,A2_T15
C_rnaseq_only__knn__18_rank__post1,C_rnaseq_only,knn,18_rank,True,0.7856290123750443,0.8612389577381508,0.8202591276518801,0.6833848200906606,0.43503767056739623,0.7314688886615427,0.4434175447169627,0.7876279794639339,True,True,True,False,False,False,False,True,supplementary,A2_T15
C_rnaseq_only__knn__19_tdm__post0,C_rnaseq_only,knn,19_tdm,False,0.5325277995867727,0.6753824778750109,0.817877453061545,0.5022785462409796,0.6048581369546491,0.6604484231181436,0.6275557350505973,0.6320165691910771,False,False,True,False,False,False,False,False,supplementary,A2_T15
C_rnaseq_only__knn__19_tdm__post1,C_rnaseq_only,knn,19_tdm,True,0.7374875745481029,0.8734593852592224,0.8541648943794078,0.6914795579993863,0.5904372962088282,0.7285434527631435,0.5818063151230626,0.7891478530465299,False,True,True,False,False,False,False,True,supplementary,A2_T15
C_rnaseq_only__knn__21_harmonizr__post0,C_rnaseq_only,knn,21_harmonizr,False,0.7146370107076563,0.798202635622502,0.884463458753814,0.5618843350304741,0.7214006674550622,0.5336184051777103,0.4051544434808338,0.7397968600286117,False,True,True,False,False,False,False,True,supplementary,A2_T15
C_rnaseq_only__knn__21_harmonizr__post1,C_rnaseq_only,knn,21_harmonizr,True,0.7168472278544089,0.7665215783466129,0.8746696474600879,0.5106597229380904,0.7204124618784014,0.5314977243337666,0.1856071878927374,0.7171745441498001,False,True,True,False,False,False,False,False,supplementary,A2_T15
C_rnaseq_only__knn__22_tmm__post0,C_rnaseq_only,knn,22_tmm,False,0.5104518735290475,0.6808090487335486,0.8949691554504117,0.5033964651608196,0.32366565399699554,0.6477235593008044,0.6036122745314684,0.6474066357184569,False,False,True,False,False,False,False,False,supplementary,A2_T15
C_rnaseq_only__knn__22_tmm__post1,C_rnaseq_only,knn,22_tmm,True,0.7576250001921063,0.8716394591117046,0.9121938076594702,0.7381488850064825,0.3143980650963329,0.7148796966921709,0.7145786279483434,0.819901787992441,False,True,True,True,False,False,False,True,supplementary,A2_T15
C_rnaseq_only__knn__23_vst__post0,C_rnaseq_only,knn,23_vst,False,0.5527458201024844,0.6898849509210137,0.8582837146983484,0.5141524823694072,0.33719385461871404,0.6477235593008044,0.5810801337839636,0.6537667420228134,False,False,True,False,False,False,False,False,supplementary,A2_T15
C_rnaseq_only__knn__23_vst__post1,C_rnaseq_only,knn,23_vst,True,0.7608341667540414,0.8780319142713908,0.8787686721129723,0.7194348609071761,0.34067030070033094,0.7148796966921709,0.5813037621396245,0.8092674035113951,False,True,True,True,False,False,False,True,supplementary,A2_T15
C_rnaseq_only__knn__25_angel__post0,C_rnaseq_only,knn,25_angel,False,0.6789576805418269,0.7270503677151753,0.8323822869616865,0.556963181635617,0.43349738937517196,0.7459211506707063,0.6877369122574722,0.6988383792135764,False,False,True,False,False,False,False,False,supplementary,A2_T15
C_rnaseq_only__knn__25_angel__post1,C_rnaseq_only,knn,25_angel,True,0.6415713269302067,0.7307110571457206,0.8469545465267216,0.5093899310034198,0.4415658590691294,0.7377356813413111,0.7727667528144535,0.6821567154015171,False,False,True,False,False,False,False,False,supplementary,A2_T15
C_rnaseq_only__knn__26_xpn__post0,C_rnaseq_only,knn,26_xpn,False,0.6834233942605336,0.8305251205982839,0.8287106948544736,0.5981192850772954,0.5657690203867205,0.4689509639826039,0.41932856841260346,0.7351946236976465,False,True,True,False,False,False,False,False,supplementary,A2_T15
C_rnaseq_only__knn__26_xpn__post1,C_rnaseq_only,knn,26_xpn,True,0.7225447064355195,0.8248346881812807,0.8326986770171182,0.5829208729923606,0.5628427438678908,0.47884537714822184,0.620060203465839,0.7407497361565698,False,True,True,False,False,False,False,True,supplementary,A2_T15
C_rnaseq_only__knn__28_npn__post0,C_rnaseq_only,knn,28_npn,False,0.7253658536556318,0.8108588912841138,0.7163692540629567,0.5441893681208471,0.5775193929339547,0.24015290639503203,0.31669553041286397,0.6991958417808873,False,True,False,False,False,False,False,False,supplementary,A2_T15
C_rnaseq_only__knn__28_npn__post1,C_rnaseq_only,knn,28_npn,True,0.7277375625826189,0.8069122581467961,0.7106434212124758,0.5119899596219908,0.5755726398389961,0.23859812764210384,0.22919991310363783,0.6893208003909703,False,True,False,False,False,False,False,False,supplementary,A2_T15
C_rnaseq_only__knn__31_ruv3prps__post0,C_rnaseq_only,knn,31_ruv3prps,False,0.5380908868262441,0.6823786867139018,0.7346137467477396,0.4987994451082247,0.7122544095464783,0.6511819058873519,0.6770920186996131,0.6134706913490275,False,False,False,False,False,False,False,False,supplementary,A2_T15
C_rnaseq_only__knn__31_ruv3prps__post1,C_rnaseq_only,knn,31_ruv3prps,True,0.7446246224291231,0.8839000557230356,0.7695331038243222,0.673553393530481,0.706852148516869,0.7145505264269205,0.5735244533209516,0.7679027938767405,False,True,False,False,False,False,False,True,supplementary,A2_T15
C_rnaseq_only__knn__36_explobatch__post0,C_rnaseq_only,knn,36_explobatch,False,0.5379416776349579,0.6823174728123182,0.7341219085344527,0.49870209789878656,0.8299645846126239,0.6639613024109197,0.6771220174996609,0.6132707892201289,False,False,False,False,True,False,False,False,supplementary,A2_T15
C_rnaseq_only__knn__36_explobatch__post1,C_rnaseq_only,knn,36_explobatch,True,0.7445573133197368,0.883833376032088,0.7692650793979646,0.6734560463210431,0.828489448289681,0.7314688886615427,0.5730326637672762,0.7677779537677081,False,True,False,False,True,False,False,True,supplementary,A2_T15
C_rnaseq_only__knn__20_shambhala__post0,C_rnaseq_only,knn,20_shambhala,False,0.45656325401888964,0.6477572198142697,0.8208394860232828,0.5056943935992501,0.33708209818875884,0.7617829174589602,0.6405683335874691,0.6077135883639231,False,False,True,False,False,False,False,False,supplementary,A2_T15
C_rnaseq_only__knn__20_shambhala__post1,C_rnaseq_only,knn,20_shambhala,True,0.7691842244505819,0.8766997233900763,0.8463263425188098,0.6691320668311472,0.31704210041850733,0.7643496546163137,0.5258777850770505,0.7903355892976538,False,True,True,False,False,False,False,True,supplementary,A2_T15
C_rnaseq_only__softimpute__01_raw__post0,C_rnaseq_only,softimpute,01_raw,False,0.5274678900221363,0.6561372713707703,0.6754427315715614,0.521002959731944,0.8299645846126239,0.49973390483164676,0.5632993928882459,0.595012713174103,False,False,False,False,True,False,False,False,supplementary,A2_T15
C_rnaseq_only__softimpute__01_raw__post1,C_rnaseq_only,softimpute,01_raw,True,0.7234218996469007,0.8702666181456846,0.7020128953304758,0.6738960249751678,0.828489448289681,0.5509809227993787,0.5681386682851123,0.7423993595245573,False,True,False,False,True,False,False,True,supplementary,A2_T15
C_rnaseq_only__softimpute__02_median_scaling__post0,C_rnaseq_only,softimpute,02_median_scaling,False,0.6845979784736367,0.7621091892329444,0.7575329721517804,0.5974338365282252,0.5277006693044433,0.41635513783625594,0.20714609172110607,0.7004184940966467,False,False,False,False,False,False,False,False,supplementary,A2_T15
C_rnaseq_only__softimpute__02_median_scaling__post1,C_rnaseq_only,softimpute,02_median_scaling,True,0.6838621538977554,0.7380184976160914,0.7725573032279063,0.5857477742218384,0.5469353821853788,0.4781387574916934,0.33768721598011575,0.6950464322408978,False,False,False,False,False,False,False,False,supplementary,A2_T15
C_rnaseq_only__softimpute__03_limma__post0,C_rnaseq_only,softimpute,03_limma,False,0.7473514384454517,0.7015294838610681,0.7830066448466396,0.5796611784790434,0.5678029901557836,0.47703060031774697,0.23438023641631084,0.7028871864080507,False,False,False,False,False,False,False,False,supplementary,A2_T15
C_rnaseq_only__softimpute__03_limma__post1,C_rnaseq_only,softimpute,03_limma,True,0.814275873315769,0.726066383077156,0.8475389282875057,0.6874857839715282,0.5555169481295678,0.49694083567209074,0.5510087135979547,0.7688417421629897,True,False,True,False,False,False,False,True,supplementary,A2_T15
C_rnaseq_only__softimpute__04_sva__post0,C_rnaseq_only,softimpute,04_sva,False,0.6563635352928898,0.8423396901584613,0.8392166151122952,0.6633058182038312,0.29787053219544174,0.719275848120012,0.5894070460964823,0.7503064146918694,False,True,True,False,False,False,False,True,supplementary,A2_T15
C_rnaseq_only__softimpute__04_sva__post1,C_rnaseq_only,softimpute,04_sva,True,0.6445910182311598,0.8372590368668872,0.7686906269543928,0.6448704875186789,0.2977844015851833,0.7040057022460624,0.5909992957272501,0.7238527923927797,False,True,False,False,False,False,False,False,supplementary,A2_T15
C_rnaseq_only__softimpute__05_combat__post0,C_rnaseq_only,softimpute,05_combat,False,0.732684448188769,0.8115780124330944,0.7263041587639307,0.6621809195909578,0.5552619348161565,0.5671156334470203,0.7715874243049463,0.7331868847441879,False,True,False,False,False,False,False,False,supplementary,A2_T15
C_rnaseq_only__softimpute__05_combat__post1,C_rnaseq_only,softimpute,05_combat,True,0.7255423488934293,0.812394627874822,0.7321990178728853,0.6165812388434083,0.5799735444922983,0.6850299493306111,0.8221855320559126,0.7216793083711363,False,True,False,False,False,False,True,False,supplementary,A2_T15
C_rnaseq_only__softimpute__06_combat_seq__post0,C_rnaseq_only,softimpute,06_combat_seq,False,0.619503502765456,0.692828127914072,0.7870117360991459,0.518851968313203,0.4381082784680622,0.6558414504471831,0.44046366336623327,0.6545488337729692,False,False,False,False,False,False,False,False,supplementary,A2_T15
C_rnaseq_only__softimpute__06_combat_seq__post1,C_rnaseq_only,softimpute,06_combat_seq,True,0.6026083704115242,0.6387614266618165,0.7955260417328941,0.4946180830187438,0.43313199989272844,0.6380971274231976,0.41880463280600005,0.6328784804562446,False,False,False,False,False,False,False,False,supplementary,A2_T15
C_rnaseq_only__softimpute__07_pycombat__post0,C_rnaseq_only,softimpute,07_pycombat,False,0.7583885425360776,0.7679499631095594,0.8438156601630967,0.6250686189712107,0.5473568516772548,0.6444338365472113,0.3430702672232965,0.748805696194986,False,True,True,False,False,False,False,True,supplementary,A2_T15
C_rnaseq_only__softimpute__07_pycombat__post1,C_rnaseq_only,softimpute,07_pycombat,True,0.762967007743232,0.7388027554839001,0.8183968859766921,0.5846722775286346,0.5440646930494207,0.6441931107202324,0.2266657794505275,0.7262097316831148,False,False,True,False,False,False,False,False,supplementary,A2_T15
C_rnaseq_only__softimpute__08_inmoose_combatseq__post0,C_rnaseq_only,softimpute,08_inmoose_combatseq,False,0.619503502765456,0.692828127914072,0.7870117360991459,0.518851968313203,0.4381082784680622,0.6558414504471831,0.44046366336623327,0.6545488337729692,False,False,False,False,False,False,False,False,supplementary,A2_T15
C_rnaseq_only__softimpute__08_inmoose_combatseq__post1,C_rnaseq_only,softimpute,08_inmoose_combatseq,True,0.6026083704115242,0.6387614266618165,0.7955260417328941,0.4946180830187438,0.43313199989272844,0.6380971274231976,0.41880463280600005,0.6328784804562446,False,False,False,False,False,False,False,False,supplementary,A2_T15
C_rnaseq_only__softimpute__09_ruv__post0,C_rnaseq_only,softimpute,09_ruv,False,0.5910853103111042,0.7246439946424644,0.8066260760264378,0.5817085068109301,0.32864193535772956,0.5477208919967506,0.5805494189033162,0.6760159719477341,False,False,True,False,False,False,False,False,supplementary,A2_T15
C_rnaseq_only__softimpute__09_ruv__post1,C_rnaseq_only,softimpute,09_ruv,True,0.5907371884639612,0.6817069415613071,0.7955239372093146,0.5739949142958111,0.3270071948628146,0.5485152769902613,0.4975572652807484,0.6604907453825984,False,False,False,False,False,False,False,False,supplementary,A2_T15
C_rnaseq_only__softimpute__10_mnn__post0,C_rnaseq_only,softimpute,10_mnn,False,0.5175225126116968,0.7757119915974131,0.8580127933698128,0.602594258117053,0.08311166772426846,0.7815869117247012,0.7354675060131058,0.688460388923994,False,True,True,False,False,False,False,False,supplementary,A2_T15
C_rnaseq_only__softimpute__10_mnn__post1,C_rnaseq_only,softimpute,10_mnn,True,0.7395364906488262,0.7962595236386816,0.8843080419778325,0.7039522998885622,0.07938956049186827,0.7898745616466978,0.46909621564879367,0.7810140890384756,False,True,True,True,False,False,False,True,supplementary,A2_T15
C_rnaseq_only__softimpute__11_harmony__post0,C_rnaseq_only,softimpute,11_harmony,False,0.5093212456666131,0.7185933068844689,0.7370461512985258,0.5507109336887571,0.22250902804862346,0.6801051972476948,0.36166765891710495,0.6289179093845912,False,False,False,False,False,False,False,False,supplementary,A2_T15
C_rnaseq_only__softimpute__11_harmony__post1,C_rnaseq_only,softimpute,11_harmony,True,0.6907575484536131,0.8844071737275944,0.7521799033764457,0.7020292896709752,0.21741946477559024,0.7718396229851984,0.3671381847111475,0.7573434788071571,False,True,False,False,False,False,False,True,supplementary,A2_T15
C_rnaseq_only__softimpute__12_scanorama__post0,C_rnaseq_only,softimpute,12_scanorama,False,0.5099548455371596,0.7051997634395736,0.8124930297724674,0.5289880578356634,0.1009041458785357,0.7817787567612571,0.6493255778564652,0.639158924146216,False,False,True,False,False,False,False,False,supplementary,A2_T15
C_rnaseq_only__softimpute__12_scanorama__post1,C_rnaseq_only,softimpute,12_scanorama,True,0.7650890227086493,0.8387529219522927,0.8387173668101895,0.6855399355745507,0.14623624804941332,0.7877040548493134,0.5474126502828698,0.7820248117614206,False,True,True,False,False,False,False,True,supplementary,A2_T15
C_rnaseq_only__softimpute__13_fsmvn__post0,C_rnaseq_only,softimpute,13_fsmvn,False,0.7303348138916133,0.7656875532095798,0.8030162335326586,0.5992460275318225,0.5732423194807684,0.4848648352377578,0.34054175412047927,0.7245711570414185,False,True,False,False,False,False,False,False,supplementary,A2_T15
C_rnaseq_only__softimpute__13_fsmvn__post1,C_rnaseq_only,softimpute,13_fsmvn,True,0.8136355666019529,0.7106992667848926,0.8630492625948619,0.7141487352332269,0.5806372764969703,0.5072101409101414,0.545145835295454,0.7753832078037336,True,False,True,True,False,False,False,True,supplementary,A2_T15
C_rnaseq_only__softimpute__14_qsmooth__post0,C_rnaseq_only,softimpute,14_qsmooth,False,0.4809541297974109,0.6365855826568964,0.7673279277436502,0.5124101322579578,0.4594230960638995,0.67215219371855,0.5400180432694859,0.5993194431139789,False,False,False,False,False,False,False,False,supplementary,A2_T15
C_rnaseq_only__softimpute__14_qsmooth__post1,C_rnaseq_only,softimpute,14_qsmooth,True,0.7784365905509859,0.847768738695966,0.79620860961769,0.689140284519573,0.41661087387927703,0.7355893151006704,0.46516841568445105,0.7778885558460538,False,True,False,False,False,False,False,True,supplementary,A2_T15
C_rnaseq_only__softimpute__15_fsqn_py__post0,C_rnaseq_only,softimpute,15_fsqn_py,False,0.44894081523673507,0.7338880066938257,0.72593213161508,0.4952726020587119,0.24513205013428824,0.154522771013895,0.3147710779908383,0.6010083889010881,False,False,False,False,False,False,False,False,supplementary,A2_T15
C_rnaseq_only__softimpute__15_fsqn_py__post1,C_rnaseq_only,softimpute,15_fsqn_py,True,0.7121308469300025,0.8490399087468192,0.7258963851734136,0.6473104977250275,0.242977842435094,0.154522771013895,0.3630316226724231,0.7335944096438157,False,True,False,False,False,False,False,False,supplementary,A2_T15
C_rnaseq_only__softimpute__16_fsqn_r__post0,C_rnaseq_only,softimpute,16_fsqn_r,False,0.7251295924876795,0.8019962062217816,0.8061280952486182,0.6225462596666298,0.5489578292557791,0.5228807590399168,0.32696589910227447,0.7389500384061772,False,True,True,False,False,False,False,True,supplementary,A2_T15
C_rnaseq_only__softimpute__16_fsqn_r__post1,C_rnaseq_only,softimpute,16_fsqn_r,True,0.7344440763458107,0.7998272529908128,0.8233672972723537,0.6412442273996376,0.5470971147490707,0.5227662254920006,0.22135067913832715,0.7497207135021537,False,True,True,False,False,False,False,True,supplementary,A2_T15
C_rnaseq_only__softimpute__17_quantile__post0,C_rnaseq_only,softimpute,17_quantile,False,0.45200640360306843,0.7183271751926672,0.7623815275840565,0.49399674690623135,0.24513205013428824,0.154522771013895,0.30535076735710853,0.6066779633215058,False,False,False,False,False,False,False,False,supplementary,A2_T15
C_rnaseq_only__softimpute__17_quantile__post1,C_rnaseq_only,softimpute,17_quantile,True,0.715594902714609,0.843081272674528,0.7642641704039151,0.6478650807493008,0.242977842435094,0.154522771013895,0.41607983150088584,0.7427013566355883,False,True,False,False,False,False,False,True,supplementary,A2_T15
C_rnaseq_only__softimpute__18_rank__post0,C_rnaseq_only,softimpute,18_rank,False,0.46437520425673473,0.6407140917727909,0.7939694103764965,0.4929481941013092,0.4708841723159843,0.49973390483164676,0.46993816821186085,0.5980017251268328,False,False,False,False,False,False,False,False,supplementary,A2_T15
C_rnaseq_only__softimpute__18_rank__post1,C_rnaseq_only,softimpute,18_rank,True,0.7333050676736662,0.8111691990579444,0.8190423306747299,0.6802812182099734,0.425053933266943,0.5509809227993787,0.5004497336122489,0.7609494539040785,False,True,True,False,False,False,False,True,supplementary,A2_T15
C_rnaseq_only__softimpute__19_tdm__post0,C_rnaseq_only,softimpute,19_tdm,False,0.5282294670296733,0.6535746439583934,0.7425625326718234,0.5178597812501997,0.5713866484513824,0.6675777940520194,0.5653745893511872,0.6105566062275225,False,False,False,False,False,False,False,False,supplementary,A2_T15
C_rnaseq_only__softimpute__19_tdm__post1,C_rnaseq_only,softimpute,19_tdm,True,0.742666567862879,0.8700595142946954,0.7526256560266511,0.693396906506704,0.5608944569603387,0.7321048944760464,0.5249311639108436,0.7646871611727324,False,True,False,False,False,False,False,True,supplementary,A2_T15
C_rnaseq_only__softimpute__21_harmonizr__post0,C_rnaseq_only,softimpute,21_harmonizr,False,0.7017373438153789,0.7794725198190193,0.7776252514314571,0.6201089939840452,0.7222268613224955,0.47434896128772763,0.34888132085535056,0.7197360272624751,False,True,False,False,False,False,False,False,supplementary,A2_T15
C_rnaseq_only__softimpute__21_harmonizr__post1,C_rnaseq_only,softimpute,21_harmonizr,True,0.7015533876261006,0.7710999053084399,0.7654613904187043,0.6076459926829978,0.7211579259572459,0.4730637111532675,0.25438909435380724,0.7114401690090606,False,True,False,False,False,False,False,False,supplementary,A2_T15
C_rnaseq_only__softimpute__22_tmm__post0,C_rnaseq_only,softimpute,22_tmm,False,0.4863108684655124,0.6728597475842067,0.8896632869513295,0.5091831236377957,0.322659621997841,0.6152877903983033,0.3974625506161647,0.6395042566597111,False,False,True,False,False,False,False,False,supplementary,A2_T15
C_rnaseq_only__softimpute__22_tmm__post1,C_rnaseq_only,softimpute,22_tmm,True,0.7477831634934687,0.8437990151283132,0.9096596737169844,0.6895650481445134,0.30987203190387275,0.6857156781495986,0.5707101321619714,0.7977017251208199,False,True,True,False,False,False,False,True,supplementary,A2_T15
C_rnaseq_only__softimpute__23_vst__post0,C_rnaseq_only,softimpute,23_vst,False,0.535984331299226,0.6827750613386605,0.6759666998643229,0.5332914710976977,0.33376143709760736,0.6152877903983033,0.42948223596808693,0.6070043908999767,False,False,False,False,False,False,False,False,supplementary,A2_T15
C_rnaseq_only__softimpute__23_vst__post1,C_rnaseq_only,softimpute,23_vst,True,0.7411267679323572,0.8607809442751014,0.7030512111111219,0.6528897887159272,0.3430805369220851,0.6857156781495986,0.633443852025265,0.7394621780086269,False,True,False,False,False,False,False,True,supplementary,A2_T15
C_rnaseq_only__softimpute__25_angel__post0,C_rnaseq_only,softimpute,25_angel,False,0.6653625273256587,0.7027658472385379,0.819953469809725,0.5564494891735307,0.44569243212794163,0.7451278217784658,0.6845783291443509,0.686132833386863,False,False,True,False,False,False,False,False,supplementary,A2_T15
C_rnaseq_only__softimpute__25_angel__post1,C_rnaseq_only,softimpute,25_angel,True,0.6235285300612372,0.6726560751216164,0.8331698752249093,0.5214881922100295,0.44531334724822264,0.7429452705211376,0.7261049383547998,0.662710668154448,False,False,True,False,False,False,False,False,supplementary,A2_T15
C_rnaseq_only__softimpute__26_xpn__post0,C_rnaseq_only,softimpute,26_xpn,False,0.41041500877813336,0.5927121083726961,0.8051905965291857,0.44516031157382835,0.5539095237683693,0.154522771013895,0.3357918020430546,0.5633695063134608,False,False,True,False,False,False,False,False,supplementary,A2_T15
C_rnaseq_only__softimpute__26_xpn__post1,C_rnaseq_only,softimpute,26_xpn,True,0.7409113521463301,0.7310079137424383,0.8466947649287135,0.7127061483440366,0.5678917236878719,0.17304264027824448,0.46050211733126095,0.7578300447903796,False,False,True,True,False,False,False,True,supplementary,A2_T15
C_rnaseq_only__softimpute__28_npn__post0,C_rnaseq_only,softimpute,28_npn,False,0.7299999165502252,0.7935828243888039,0.7092892975815962,0.5939615121772042,0.5638481923084154,0.23873040100782206,0.30869705109792567,0.7067083876744573,False,True,False,False,False,False,False,False,supplementary,A2_T15
C_rnaseq_only__softimpute__28_npn__post1,C_rnaseq_only,softimpute,28_npn,True,0.7324137387456773,0.7760986430304888,0.7039131869106006,0.570028642593814,0.561734644608875,0.2369370616925212,0.22029638697057358,0.6956135528201451,False,True,False,False,False,False,False,False,supplementary,A2_T15
C_rnaseq_only__softimpute__31_ruv3prps__post0,C_rnaseq_only,softimpute,31_ruv3prps,False,0.5380570716996032,0.6629776014364355,0.7042785547819937,0.5346175927262904,0.6982982526252209,0.6544525887543319,0.5628497153984086,0.6099827051610807,False,False,False,False,False,False,False,False,supplementary,A2_T15
C_rnaseq_only__softimpute__31_ruv3prps__post1,C_rnaseq_only,softimpute,31_ruv3prps,True,0.7517496016790434,0.8656563955615011,0.7175870735966523,0.6750169138374152,0.6932436727150058,0.715815803542037,0.5682370790374419,0.7525024961686531,False,True,False,False,False,False,False,True,supplementary,A2_T15
C_rnaseq_only__softimpute__36_explobatch__post0,C_rnaseq_only,softimpute,36_explobatch,False,0.5274678900221363,0.6561372713707703,0.6754427315715614,0.521002959731944,0.8299645846126239,0.49973390483164676,0.5632993928882459,0.595012713174103,False,False,False,False,True,False,False,False,supplementary,A2_T15
C_rnaseq_only__softimpute__36_explobatch__post1,C_rnaseq_only,softimpute,36_explobatch,True,0.7234218996469007,0.8702666181456846,0.7020128953304758,0.6738960249751678,0.828489448289681,0.5509809227993787,0.5681386682851123,0.7423993595245573,False,True,False,False,True,False,False,True,supplementary,A2_T15
C_rnaseq_only__softimpute__20_shambhala__post0,C_rnaseq_only,softimpute,20_shambhala,False,0.4970496729843801,0.6451801329753194,0.7898305960406002,0.49531110331273065,0.32263065681208775,0.154522771013895,0.7026469522023294,0.6068428763282576,False,False,False,False,False,False,False,False,supplementary,A2_T15
C_rnaseq_only__softimpute__20_shambhala__post1,C_rnaseq_only,softimpute,20_shambhala,True,0.7936148916510205,0.8447740319181011,0.8147778327712493,0.6820523188641864,0.31375126715672275,0.154522771013895,0.48762362800803905,0.7838047688011393,True,True,True,False,False,False,False,True,supplementary,A2_T15
C_rnaseq_only__strict__01_raw__post0,C_rnaseq_only,strict,01_raw,False,0.5504983236485406,0.6811272515078511,0.7379973963836814,0.531936877541023,0.8030255433495003,0.6284858490982544,0.7341727150387966,0.625389962270274,False,False,False,False,True,False,False,False,supplementary,A2_T15
C_rnaseq_only__strict__01_raw__post1,C_rnaseq_only,strict,01_raw,True,0.7561986318118438,0.8969516708055096,0.7639291786706162,0.6915912086690066,0.8030255433495003,0.709044425075731,0.6004638216263019,0.777167672489244,False,True,False,False,False,False,False,True,supplementary,A2_T15
C_rnaseq_only__strict__02_median_scaling__post0,C_rnaseq_only,strict,02_median_scaling,False,0.6957863991782214,0.7954817107459127,0.8472378521274598,0.57195916396427,0.5104913293491481,0.43425360942294067,0.34987462327034274,0.727616281503966,False,True,True,False,False,False,False,False,supplementary,A2_T15
C_rnaseq_only__strict__02_median_scaling__post1,C_rnaseq_only,strict,02_median_scaling,True,0.7004089305887973,0.7668089470864589,0.8483809551556535,0.5628775065740188,0.527391380401872,0.42487795474147944,0.38645869066196403,0.719619084851232,False,True,True,False,False,False,False,False,supplementary,A2_T15
C_rnaseq_only__strict__03_limma__post0,C_rnaseq_only,strict,03_limma,False,0.8033673720283208,0.7546140972195525,0.8698109806107017,0.6088200095349807,0.5390814530844118,0.5257710471063431,0.3540699019250034,0.759153114848389,True,False,True,False,False,False,False,True,supplementary,A2_T15
C_rnaseq_only__strict__03_limma__post1,C_rnaseq_only,strict,03_limma,True,0.8034618560110571,0.7288422935044112,0.8571810563153904,0.5662560954581993,0.5377082343449988,0.5243930867869708,0.28170608766999883,0.7389353253222645,True,False,True,False,False,False,False,True,supplementary,A2_T15
C_rnaseq_only__strict__04_sva__post0,C_rnaseq_only,strict,04_sva,False,0.5503912491240932,0.6859952386916103,0.7378015593201184,0.520144573922048,0.7610193804559849,0.6284858490982544,0.7469182234470917,0.6235831552644675,False,False,False,False,False,False,False,False,supplementary,A2_T15
C_rnaseq_only__strict__04_sva__post1,C_rnaseq_only,strict,04_sva,True,0.7559687475146558,0.896942684636893,0.7639291786706162,0.6916206342810595,0.7592042922395279,0.709044425075731,0.5997644183440365,0.7771153112758061,False,True,False,False,False,False,False,True,supplementary,A2_T15
C_rnaseq_only__strict__05_combat__post0,C_rnaseq_only,strict,05_combat,False,0.7508687823688658,0.8418393381654657,0.8042105649009151,0.6432439356116011,0.5258076993191394,0.7391430085007468,0.7470137666795488,0.7600406552617119,False,True,False,False,False,False,False,True,supplementary,A2_T15
C_rnaseq_only__strict__05_combat__post1,C_rnaseq_only,strict,05_combat,True,0.7424987893361866,0.8280896605401767,0.8162746748844236,0.6450845376664384,0.5246563890318552,0.734735021501969,0.8180385287782082,0.7579869156068063,False,True,True,False,False,False,True,True,supplementary,A2_T15
C_rnaseq_only__strict__06_combat_seq__post0,C_rnaseq_only,strict,06_combat_seq,False,0.6366956047815606,0.7154955891309909,0.7956201669213016,0.5538603021560929,0.4211453843765123,0.6849781460970232,0.7455435530225575,0.6754179157474864,False,False,False,False,False,False,False,False,supplementary,A2_T15
C_rnaseq_only__strict__06_combat_seq__post1,C_rnaseq_only,strict,06_combat_seq,True,0.6242647027846489,0.6861397033266543,0.8123336108484722,0.5259341370416549,0.4181613984756712,0.6681760905057954,0.770271748916871,0.6621680385003575,False,False,True,False,False,False,False,False,supplementary,A2_T15
C_rnaseq_only__strict__07_pycombat__post0,C_rnaseq_only,strict,07_pycombat,False,0.7498298156125758,0.7962353731045722,0.8746890065606538,0.6038290521417238,0.5384075885812073,0.5914718971756483,0.44442414014894455,0.7561458118548814,False,True,True,False,False,False,False,True,supplementary,A2_T15
C_rnaseq_only__strict__07_pycombat__post1,C_rnaseq_only,strict,07_pycombat,True,0.753833924878111,0.7680148143496517,0.8652986310947406,0.5700862775583387,0.5359903383931877,0.5905214528998091,0.19776316845321357,0.7393084119702105,False,True,True,False,False,False,False,True,supplementary,A2_T15
C_rnaseq_only__strict__08_inmoose_combatseq__post0,C_rnaseq_only,strict,08_inmoose_combatseq,False,0.6366956047815606,0.7154955891309909,0.7956201669213016,0.5538603021560929,0.4211453843765123,0.6849781460970232,0.7455435530225575,0.6754179157474864,False,False,False,False,False,False,False,False,supplementary,A2_T15
C_rnaseq_only__strict__08_inmoose_combatseq__post1,C_rnaseq_only,strict,08_inmoose_combatseq,True,0.6242647027846489,0.6861397033266543,0.8123336108484722,0.5259341370416549,0.4181613984756712,0.6681760905057954,0.770271748916871,0.6621680385003575,False,False,True,False,False,False,False,False,supplementary,A2_T15
C_rnaseq_only__strict__09_ruv__post0,C_rnaseq_only,strict,09_ruv,False,0.5765881060152565,0.7924457136170117,0.8059924397661995,0.5471425745144316,0.29714579376002315,0.5864999009380557,0.5239773551757541,0.6805422084782249,False,True,True,False,False,False,False,False,supplementary,A2_T15
C_rnaseq_only__strict__09_ruv__post1,C_rnaseq_only,strict,09_ruv,True,0.6839715697771287,0.8997342260637327,0.7948287433139523,0.6808019122596988,0.30441149751792584,0.5614379479437542,0.6787235502074755,0.764834112853628,False,True,False,False,False,False,False,True,supplementary,A2_T15
C_rnaseq_only__strict__10_mnn__post0,C_rnaseq_only,strict,10_mnn,False,0.7267269913519896,0.7983579069387403,0.822783121626258,0.6436018453485411,0.15121716943696512,0.7736143257900167,0.7472486742275469,0.7478674663163823,False,True,True,False,False,False,False,True,supplementary,A2_T15
C_rnaseq_only__strict__10_mnn__post1,C_rnaseq_only,strict,10_mnn,True,0.7133983678408817,0.8257385398459645,0.8334192635434634,0.5965737919538391,0.15078553127095604,0.7421535668693854,0.8008998662525453,0.7422824907960371,False,True,True,False,False,False,True,True,supplementary,A2_T15
C_rnaseq_only__strict__11_harmony__post0,C_rnaseq_only,strict,11_harmony,False,0.5332581385153916,0.7291327259098516,0.7360381950567236,0.5485427201907294,0.21235084608535446,0.6694748444950228,0.6333068102756926,0.6367429449181741,False,False,False,False,False,False,False,False,supplementary,A2_T15
C_rnaseq_only__strict__11_harmony__post1,C_rnaseq_only,strict,11_harmony,True,0.7284666091685499,0.9024842385303247,0.7695796810443825,0.6992716845057596,0.20557353713886978,0.7813572316472891,0.47827466548167547,0.7749505533122542,False,True,False,False,False,False,False,True,supplementary,A2_T15
C_rnaseq_only__strict__12_scanorama__post0,C_rnaseq_only,strict,12_scanorama,False,0.5056522622765813,0.715795011266567,0.804104039884005,0.5299041407253476,0.22087341176162206,0.7709589221557268,0.6606830487995762,0.6388638635381252,False,False,False,False,False,False,False,False,supplementary,A2_T15
C_rnaseq_only__strict__12_scanorama__post1,C_rnaseq_only,strict,12_scanorama,True,0.4902781964506203,0.7160938444471135,0.8061169155969565,0.47415901105082553,0.22184928628535824,0.742195829957277,0.7326396870761254,0.6216619918863789,False,False,True,False,False,False,False,False,supplementary,A2_T15
C_rnaseq_only__strict__13_fsmvn__post0,C_rnaseq_only,strict,13_fsmvn,False,0.7927751594453034,0.7912350316688729,0.8882676351626027,0.6391585640901872,0.5400589150440193,0.49176475110990825,0.3592480678415735,0.7778590975917414,True,True,True,False,False,False,False,True,supplementary,A2_T15
C_rnaseq_only__strict__13_fsmvn__post1,C_rnaseq_only,strict,13_fsmvn,True,0.8522445084487024,0.7533556418313135,0.8953859676029108,0.6890659440313857,0.5558165644706422,0.5769772537128012,0.45975713168876375,0.7975130154785781,True,False,True,False,False,False,False,True,supplementary,A2_T15
C_rnaseq_only__strict__14_qsmooth__post0,C_rnaseq_only,strict,14_qsmooth,False,0.480211752218717,0.6478148511373296,0.7687515611563548,0.5035247256590556,0.42083532380564787,0.6283480127721449,0.674738223184926,0.6000757225428642,False,False,False,False,False,False,False,False,supplementary,A2_T15
C_rnaseq_only__strict__14_qsmooth__post1,C_rnaseq_only,strict,14_qsmooth,True,0.7875995042768559,0.8562630133549302,0.7898581445133597,0.7046025029727403,0.3828621783056917,0.7089065887496216,0.6594369039988209,0.7845807912794716,True,True,False,True,False,False,False,True,supplementary,A2_T15
C_rnaseq_only__strict__15_fsqn_py__post0,C_rnaseq_only,strict,15_fsqn_py,False,0.48550913296268206,0.6619622382239689,0.7682890082678963,0.515859917463126,0.4122138400844394,0.6211835714609741,0.6743885811815253,0.6079050742294183,False,False,False,False,False,False,False,False,supplementary,A2_T15
C_rnaseq_only__strict__15_fsqn_py__post1,C_rnaseq_only,strict,15_fsqn_py,True,0.7855478680065573,0.8677127909235955,0.7875045320929484,0.7261515565940251,0.3747689276679123,0.7022595958663871,0.5262233946919899,0.7917291869042815,True,True,False,True,False,False,False,True,supplementary,A2_T15
C_rnaseq_only__strict__16_fsqn_r__post0,C_rnaseq_only,strict,16_fsqn_r,False,0.7224903661646868,0.8124963346401026,0.8664118669824432,0.6558706170746783,0.5363486499316656,0.4435851845756663,0.40268243889243643,0.7643172962154777,False,True,True,False,False,False,False,True,supplementary,A2_T15
C_rnaseq_only__strict__16_fsqn_r__post1,C_rnaseq_only,strict,16_fsqn_r,True,0.7308556962159605,0.8123202616170243,0.8556839639568937,0.6258411784233826,0.5343171198790151,0.443518244308825,0.28782072596527536,0.7561752750533153,False,True,True,False,False,False,False,True,supplementary,A2_T15
C_rnaseq_only__strict__17_quantile__post0,C_rnaseq_only,strict,17_quantile,False,0.48907725192634444,0.6615790369393089,0.7863437411372945,0.5148767784645514,0.4122146153772126,0.6209654571710408,0.6813311092044815,0.6129692021168749,False,False,False,False,False,False,False,False,supplementary,A2_T15
C_rnaseq_only__strict__17_quantile__post1,C_rnaseq_only,strict,17_quantile,True,0.786820983459509,0.8653362934579218,0.8058223283238799,0.705871906198333,0.3745841384614906,0.7019358257298793,0.5068374914390446,0.7909628778599109,True,True,True,True,False,False,False,True,supplementary,A2_T15
C_rnaseq_only__strict__18_rank__post0,C_rnaseq_only,strict,18_rank,False,0.4904744976763701,0.6518781830540725,0.7944442210636872,0.49465909218462206,0.4216442355454561,0.6284858490982544,0.6796489088582344,0.607863998494688,False,False,False,False,False,False,False,False,supplementary,A2_T15
C_rnaseq_only__strict__18_rank__post1,C_rnaseq_only,strict,18_rank,True,0.7885682806644295,0.8570604432429596,0.813755614619406,0.7186306564143119,0.3842623167091173,0.709044425075731,0.6044988329453345,0.7945037487352767,True,True,True,True,False,False,False,True,supplementary,A2_T15
C_rnaseq_only__strict__19_tdm__post0,C_rnaseq_only,strict,19_tdm,False,0.5305708383958805,0.6764211926455006,0.8049251876345183,0.5133963335411865,0.5585020998760734,0.6174831614800078,0.6397366047771466,0.6313283880542714,False,False,False,False,False,False,False,False,supplementary,A2_T15
C_rnaseq_only__strict__19_tdm__post1,C_rnaseq_only,strict,19_tdm,True,0.7443638981948127,0.8910676390659934,0.8336040687904749,0.6770102322075487,0.5431622749857333,0.6987290223826583,0.6302178525687203,0.7865114595647075,False,True,True,False,False,False,False,True,supplementary,A2_T15
C_rnaseq_only__strict__21_harmonizr__post0,C_rnaseq_only,strict,21_harmonizr,False,0.714427435629145,0.8143031891875839,0.8880062588123049,0.6044155711192871,0.6858280046571026,0.48644585014257397,0.3937883463314105,0.7552881136870802,False,True,True,False,False,False,False,True,supplementary,A2_T15
C_rnaseq_only__strict__21_harmonizr__post1,C_rnaseq_only,strict,21_harmonizr,True,0.7164362572355191,0.7856700819125398,0.8769067336761284,0.56292981800802,0.6847402731694969,0.4837922586211152,0.19249477973021714,0.7354857227080518,False,True,True,False,False,False,False,False,supplementary,A2_T15
C_rnaseq_only__strict__22_tmm__post0,C_rnaseq_only,strict,22_tmm,False,0.521685529256884,0.6959088333669151,0.8767584627347159,0.5045898063021714,0.30081432989324103,0.6159713638395424,0.6588835136156456,0.6497356579151716,False,False,True,False,False,False,False,False,supplementary,A2_T15
C_rnaseq_only__strict__22_tmm__post1,C_rnaseq_only,strict,22_tmm,True,0.7711266802624555,0.8618306100722615,0.8997313618336381,0.7070163635808409,0.2963440199973389,0.6937289796812258,0.6553829281754987,0.809926253937299,False,True,True,True,False,False,False,True,supplementary,A2_T15
C_rnaseq_only__strict__23_vst__post0,C_rnaseq_only,strict,23_vst,False,0.5710306342890407,0.7062497628379918,0.8510895595086291,0.5318536149794779,0.3145210649237095,0.6159713638395424,0.567303757515011,0.6650558929037849,False,False,True,False,False,False,False,False,supplementary,A2_T15
C_rnaseq_only__strict__23_vst__post1,C_rnaseq_only,strict,23_vst,True,0.5411257231531915,0.6886223885105588,0.8507937933369384,0.4766842977427094,0.3146960251623613,0.5924221476035378,0.7386319661755536,0.6393065506858495,False,False,True,False,False,False,False,False,supplementary,A2_T15
C_rnaseq_only__strict__25_angel__post0,C_rnaseq_only,strict,25_angel,False,0.6861653024865435,0.7211782763644571,0.8270150754993899,0.5670284850955686,0.40627772413428515,0.7371433756619112,0.7476264815999679,0.7003467848614897,False,False,True,False,False,False,False,False,supplementary,A2_T15
C_rnaseq_only__strict__25_angel__post1,C_rnaseq_only,strict,25_angel,True,0.6476550426132578,0.7299082785989471,0.8422791195793156,0.5249873088440756,0.4230581405901186,0.7401378243023833,0.7947063955170066,0.686207437408899,False,False,True,False,False,False,True,False,supplementary,A2_T15
C_rnaseq_only__strict__26_xpn__post0,C_rnaseq_only,strict,26_xpn,False,0.6868461897083508,0.8347093332631397,0.8442762404549474,0.6222445627545736,0.5328022338026931,0.41306529170515327,0.410081751589183,0.7470190815452529,False,True,True,False,False,False,False,True,supplementary,A2_T15
C_rnaseq_only__strict__26_xpn__post1,C_rnaseq_only,strict,26_xpn,True,0.72550117373589,0.8259131672189585,0.8479480577389709,0.5901106275321978,0.5295744430559063,0.4197442553458464,0.6049088112200176,0.7473682565565043,False,True,True,False,False,False,False,True,supplementary,A2_T15
C_rnaseq_only__strict__28_npn__post0,C_rnaseq_only,strict,28_npn,False,0.7206158598341048,0.8110127016465679,0.7149734869088116,0.6317210814085008,0.5406978545913055,0.23760766117002918,0.3347008979773649,0.7195807824494962,False,True,False,False,False,False,False,False,supplementary,A2_T15
C_rnaseq_only__strict__28_npn__post1,C_rnaseq_only,strict,28_npn,True,0.7230191644116275,0.805588539637567,0.7090744922869999,0.5984478334749758,0.5381073971847585,0.23518971022802346,0.27295327291024696,0.7090325074527926,False,True,False,False,False,False,False,False,supplementary,A2_T15
C_rnaseq_only__strict__31_ruv3prps__post0,C_rnaseq_only,strict,31_ruv3prps,False,0.5503848723698351,0.6859446825894043,0.7383998931215159,0.5201921847343907,0.6875949895581045,0.6284858490982544,0.74559826217031,0.6237304082037864,False,False,False,False,False,False,False,False,supplementary,A2_T15
C_rnaseq_only__strict__31_ruv3prps__post1,C_rnaseq_only,strict,31_ruv3prps,True,0.7561537590722529,0.8971281863746287,0.7641638150682537,0.6914810294644579,0.6820856075060916,0.709044425075731,0.6008816911631998,0.7772316974948983,False,True,False,False,False,False,False,True,supplementary,A2_T15
C_rnaseq_only__strict__36_explobatch__post0,C_rnaseq_only,strict,36_explobatch,False,0.5503912491240932,0.6859952386916103,0.7378015593201184,0.520144573922048,0.7610193804559849,0.6284858490982544,0.7469182234470917,0.6235831552644675,False,False,False,False,False,False,False,False,supplementary,A2_T15
C_rnaseq_only__strict__36_explobatch__post1,C_rnaseq_only,strict,36_explobatch,True,0.7559687475146558,0.896942684636893,0.7639291786706162,0.6916206342810595,0.7592042922395279,0.709044425075731,0.5997644183440365,0.7771153112758061,False,True,False,False,False,False,False,True,supplementary,A2_T15
C_rnaseq_only__strict__20_shambhala__post0,C_rnaseq_only,strict,20_shambhala,False,0.46044572591732813,0.6487454902223633,0.8202033414542185,0.5371992107172979,0.3043984787479764,0.7615029736603469,0.6514358200622433,0.616648442077802,False,False,True,False,False,False,False,False,supplementary,A2_T15
C_rnaseq_only__strict__20_shambhala__post1,C_rnaseq_only,strict,20_shambhala,True,0.7770534221607202,0.8840894565793195,0.8434808369731324,0.6919559538077472,0.2861401713814673,0.7654051497999214,0.61953454535883,0.7991449173802297,False,True,True,False,False,False,False,True,supplementary,A2_T15
D_malignant_only__knn__01_raw__post0,D_malignant_only,knn,01_raw,False,0.0899357543448353,0.28100460652163395,0.20211551837032884,0.2742730278672919,0.8299645846126239,0.3580549772318169,0.42592008585793595,0.2118322267760225,False,False,False,False,True,False,False,False,supplementary,A2_T15
D_malignant_only__knn__01_raw__post1,D_malignant_only,knn,01_raw,True,0.11643605239309718,0.29158980659066236,0.21863010289231163,0.22790149812673685,0.8299645846126239,0.3631142469837317,0.5840132247387397,0.21363936500070202,False,False,False,False,True,False,False,False,supplementary,A2_T15
D_malignant_only__knn__02_median_scaling__post0,D_malignant_only,knn,02_median_scaling,False,0.4417008640152757,0.536949180120885,0.6880268116152709,0.5837201979191033,0.7713939174063252,0.5174464219698268,0.27213361304456923,0.5625992634176338,False,False,False,False,False,False,False,False,supplementary,A2_T15
D_malignant_only__knn__02_median_scaling__post1,D_malignant_only,knn,02_median_scaling,True,0.515312760129703,0.6351749955711614,0.7747245675323738,0.6003931978656455,0.7697874631169527,0.4766744510310433,0.2748329228957309,0.6314013802747209,False,False,False,False,False,False,False,False,supplementary,A2_T15
D_malignant_only__knn__03_limma__post0,D_malignant_only,knn,03_limma,False,0.6312336381674317,0.5053551385519615,0.7205619520144453,0.5624352358498533,0.7660102495281748,0.48498178115313384,0.25958986042835047,0.6048964911459229,False,False,False,False,False,False,False,False,supplementary,A2_T15
D_malignant_only__knn__03_limma__post1,D_malignant_only,knn,03_limma,True,0.6329557387169042,0.5083486440405869,0.7172095670202748,0.5546990760525481,0.7646907937345415,0.4702049752258188,0.2655040528799091,0.6033032564575785,False,False,False,False,False,False,False,False,supplementary,A2_T15
D_malignant_only__knn__04_sva__post0,D_malignant_only,knn,04_sva,False,0.432287179283977,0.3668619464833518,0.35635487005516875,0.3327276226935721,0.36268129333547855,0.39422576095642875,0.4027666859751227,0.3720579046290174,False,False,False,False,False,False,False,False,supplementary,A2_T15
D_malignant_only__knn__04_sva__post1,D_malignant_only,knn,04_sva,True,0.43515836939698266,0.3931833239573022,0.37318650768433287,0.32366854094632075,0.3596044648923722,0.3954635965751134,0.540499277880582,0.3812991854962346,False,False,False,False,False,False,False,False,supplementary,A2_T15
D_malignant_only__knn__05_combat__post0,D_malignant_only,knn,05_combat,False,0.5993897235488606,0.49468828563059775,0.6804670677442647,0.49682504175619546,0.5853535710566369,0.44225794951003355,0.6970870224317045,0.5678425296699796,False,False,False,False,False,False,False,False,supplementary,A2_T15
D_malignant_only__knn__05_combat__post1,D_malignant_only,knn,05_combat,True,0.5981650743026861,0.5115294062843584,0.6766990145588746,0.49493232245297525,0.5846875829730046,0.4289684878059222,0.6836390963989026,0.5703314543997237,False,False,False,False,False,False,False,False,supplementary,A2_T15
D_malignant_only__knn__06_combat_seq__post0,D_malignant_only,knn,06_combat_seq,False,0.14447382934733977,0.36644529951910704,0.40640253772088114,0.2606918416617377,0.36278087293025346,0.46275714222365755,0.7824704902098765,0.29450337706226637,False,False,False,False,False,False,True,False,supplementary,A2_T15
D_malignant_only__knn__06_combat_seq__post1,D_malignant_only,knn,06_combat_seq,True,0.17583573736279504,0.3929526234263052,0.4370775609892949,0.295744330971895,0.3612377425504955,0.464824845005918,0.765420124306913,0.32540256318757255,False,False,False,False,False,False,False,False,supplementary,A2_T15
D_malignant_only__knn__07_pycombat__post0,D_malignant_only,knn,07_pycombat,False,0.6146839464657542,0.5275832070568324,0.6467008556750747,0.5541241282800409,0.7382948863037572,0.5659003440905954,0.281590261200497,0.5857730343694256,False,False,False,False,False,False,False,False,supplementary,A2_T15
D_malignant_only__knn__07_pycombat__post1,D_malignant_only,knn,07_pycombat,True,0.6164935201112111,0.5177701953101187,0.629167784628089,0.5432985270882492,0.7363283174569848,0.5656174131776484,0.2515974976329384,0.576682506784417,False,False,False,False,False,False,False,False,supplementary,A2_T15
D_malignant_only__knn__08_inmoose_combatseq__post0,D_malignant_only,knn,08_inmoose_combatseq,False,0.14408990288923482,0.3671564937075438,0.40624433213574507,0.25668512241569896,0.36269903932738057,0.46275714222365755,0.7794395948760527,0.29354396278705563,False,False,False,False,False,False,True,False,supplementary,A2_T15
D_malignant_only__knn__08_inmoose_combatseq__post1,D_malignant_only,knn,08_inmoose_combatseq,True,0.1755411564485811,0.3930108845553279,0.4369193554041588,0.2604862484190594,0.36115590894762256,0.464824845005918,0.7492852927633187,0.31648941120678176,False,False,False,False,False,False,False,False,supplementary,A2_T15
D_malignant_only__knn__09_ruv__post0,D_malignant_only,knn,09_ruv,False,0.3353512754340057,0.3540951908609604,0.6557194855630657,0.326695170197563,0.3100573412534946,0.4152034662775371,0.36712892653252227,0.4179652805138987,False,False,False,False,False,False,False,False,supplementary,A2_T15
D_malignant_only__knn__09_ruv__post1,D_malignant_only,knn,09_ruv,True,0.36512534511615335,0.3566823914094651,0.6679860755956141,0.32499920691173534,0.3095031155858328,0.4760521004020333,0.3265892583745105,0.42869825475824197,False,False,False,False,False,False,False,False,supplementary,A2_T15
D_malignant_only__knn__10_mnn__post0,D_malignant_only,knn,10_mnn,False,0.29570145786955176,0.6269768548745319,0.7398894643064395,0.6345232218734174,0.15532059554380065,0.6324061548147574,0.4408698282175475,0.5742727497309852,False,False,False,False,False,False,False,False,supplementary,A2_T15
D_malignant_only__knn__10_mnn__post1,D_malignant_only,knn,10_mnn,True,0.43926821430475865,0.7496098575382832,0.7748162940451166,0.6271398104325147,0.1561095311896304,0.5801706348993817,0.37919025330470885,0.6477085440801683,False,False,False,False,False,False,False,False,supplementary,A2_T15
D_malignant_only__knn__11_harmony__post0,D_malignant_only,knn,11_harmony,False,0.21847745421775722,0.4563016218032068,0.23158009219406023,0.3680226220883999,0.22175817302676418,0.5773056872549415,0.2153365477126728,0.31859544757585606,False,False,False,False,False,False,False,False,supplementary,A2_T15
D_malignant_only__knn__11_harmony__post1,D_malignant_only,knn,11_harmony,True,0.22460463553555074,0.48575701005852684,0.23561929941172657,0.36219352677196515,0.22190870765906914,0.5744234380128913,0.13986286267440481,0.3270436179444423,False,False,False,False,False,False,False,False,supplementary,A2_T15
D_malignant_only__knn__12_scanorama__post0,D_malignant_only,knn,12_scanorama,False,0.24050964560210308,0.5096036013827313,0.4933605749770459,0.4410102631808258,0.21928640361357524,0.6253455483984861,0.29528478731107816,0.4211210212856765,False,False,False,False,False,False,False,False,supplementary,A2_T15
D_malignant_only__knn__12_scanorama__post1,D_malignant_only,knn,12_scanorama,True,0.14906937876409473,0.5036344809500254,0.5389349730532934,0.41503079419856154,0.2193045717060526,0.572462066010994,0.3917957141556882,0.40166740674149376,False,False,False,False,False,False,False,False,supplementary,A2_T15
D_malignant_only__knn__13_fsmvn__post0,D_malignant_only,knn,13_fsmvn,False,0.685795181859095,0.6067811429783924,0.7506846389940633,0.5363644828844712,0.7799219637120317,0.5824870974879779,0.333019784852511,0.6449063616790055,False,False,False,False,False,False,False,False,supplementary,A2_T15
D_malignant_only__knn__13_fsmvn__post1,D_malignant_only,knn,13_fsmvn,True,0.6910624375457293,0.6105157421272034,0.7518148516776771,0.5270055621675354,0.7794720562708577,0.5829516366762267,0.34957354276489044,0.6450996483795364,False,False,False,False,False,False,False,False,supplementary,A2_T15
D_malignant_only__knn__14_qsmooth__post0,D_malignant_only,knn,14_qsmooth,False,0.07151192944268335,0.19880242435758602,0.2746764140500853,0.24702673538809264,0.5083173788462126,0.358275852857159,0.45942329118426845,0.19800437580961183,False,False,False,False,False,False,False,False,supplementary,A2_T15
D_malignant_only__knn__14_qsmooth__post1,D_malignant_only,knn,14_qsmooth,True,0.09936917576612353,0.20177999018502174,0.2873465766018748,0.22739085916804624,0.5038941538041002,0.3632799037027383,0.5866298285385377,0.20397165043026658,False,False,False,False,False,False,False,False,supplementary,A2_T15
D_malignant_only__knn__15_fsqn_py__post0,D_malignant_only,knn,15_fsqn_py,False,0.27583258892302465,0.32820818308253313,0.4315224430495812,0.33154203752730355,0.5093209075924204,0.35645100685252396,0.5266043567405713,0.34177631314561063,False,False,False,False,False,False,False,False,supplementary,A2_T15
D_malignant_only__knn__15_fsqn_py__post1,D_malignant_only,knn,15_fsqn_py,True,0.1579443915788623,0.3178511050485534,0.4504131155057116,0.3272456616324162,0.4955761509677039,0.35085004635129036,0.4867946728180312,0.3133635684413859,False,False,False,False,False,False,False,False,supplementary,A2_T15
D_malignant_only__knn__16_fsqn_r__post0,D_malignant_only,knn,16_fsqn_r,False,0.632369789906657,0.6631672364484912,0.8276339308351074,0.6285502250901926,0.7267975995297855,0.5915364278292301,0.34279173611507846,0.6879302955701121,False,False,True,False,False,False,False,False,supplementary,A2_T15
D_malignant_only__knn__16_fsqn_r__post1,D_malignant_only,knn,16_fsqn_r,True,0.6381262672198008,0.7110238867478729,0.8237495357568121,0.634438030283891,0.7261626203716829,0.5914986796750272,0.3897654057576345,0.7018344300020942,False,False,True,False,False,False,False,False,supplementary,A2_T15
D_malignant_only__knn__17_quantile__post0,D_malignant_only,knn,17_quantile,False,0.2768214599406431,0.329445579248109,0.5739541882669909,0.325700252814382,0.5095879771729774,0.35850075390303193,0.527419039782448,0.37648037006753127,False,False,False,False,False,False,False,False,supplementary,A2_T15
D_malignant_only__knn__17_quantile__post1,D_malignant_only,knn,17_quantile,True,0.15702399312955265,0.31907748829651433,0.5913765343127012,0.31459150395548546,0.49630048015690914,0.3507878071416712,0.49350953185465946,0.3455173799235634,False,False,False,False,False,False,False,False,supplementary,A2_T15
D_malignant_only__knn__18_rank__post0,D_malignant_only,knn,18_rank,False,0.28287601465097195,0.30713356951892157,0.49116659623288755,0.32872188143088726,0.5090947849596339,0.3580549772318169,0.5193447635595875,0.35247451545841707,False,False,False,False,False,False,False,False,supplementary,A2_T15
D_malignant_only__knn__18_rank__post1,D_malignant_only,knn,18_rank,True,0.15181177592431364,0.28013005183363454,0.5110984226350088,0.30781612107268813,0.49534725315944445,0.3511094205326534,0.5148451405888411,0.3127140928664113,False,False,False,False,False,False,False,False,supplementary,A2_T15
D_malignant_only__knn__19_tdm__post0,D_malignant_only,knn,19_tdm,False,0.08284097464389738,0.30516963848866757,0.26153634581560475,0.25075523412037226,0.5621092181524531,0.3241044942024154,0.4297898235896985,0.2250755482671355,False,False,False,False,False,False,False,False,supplementary,A2_T15
D_malignant_only__knn__19_tdm__post1,D_malignant_only,knn,19_tdm,True,0.11164023157117288,0.3131252299287806,0.27718856795444097,0.20544251049605036,0.560157831691416,0.32870454195151305,0.48518137416144197,0.2268491349876112,False,False,False,False,False,False,False,False,supplementary,A2_T15
D_malignant_only__knn__21_harmonizr__post0,D_malignant_only,knn,21_harmonizr,False,0.5694768667064022,0.5652029284658804,0.7525835068933282,0.4494329053845521,0.7388623340409773,0.35907844555155133,0.27787646438738955,0.5841740518625407,False,False,False,False,False,False,False,False,supplementary,A2_T15
D_malignant_only__knn__21_harmonizr__post1,D_malignant_only,knn,21_harmonizr,True,0.5754404565823272,0.5581660755937914,0.7472580099147332,0.4597890628943331,0.7368734211294936,0.3486122161935604,0.31580872228740053,0.5851634012462963,False,False,False,False,False,False,False,False,supplementary,A2_T15
D_malignant_only__knn__25_angel__post0,D_malignant_only,knn,25_angel,False,0.5446329106361236,0.6597621219711673,0.56480998497957,0.45421099751922256,0.3989200984780663,0.3949600467754236,0.6039936033113265,0.5558540037765209,False,False,False,False,False,False,False,False,supplementary,A2_T15
D_malignant_only__knn__25_angel__post1,D_malignant_only,knn,25_angel,True,0.551673308722162,0.6974524127903259,0.6010889075967586,0.46575925501590504,0.4128245299910474,0.3939721832447342,0.6977854360536012,0.5789934710312878,False,False,False,False,False,False,False,False,supplementary,A2_T15
D_malignant_only__knn__26_xpn__post0,D_malignant_only,knn,26_xpn,False,0.5890602502308439,0.6584138230058427,0.7772685936314613,0.5989884457656622,0.736123289117928,0.584778739052665,0.24456090493632382,0.6559327781584525,False,False,False,False,False,False,False,False,supplementary,A2_T15
D_malignant_only__knn__26_xpn__post1,D_malignant_only,knn,26_xpn,True,0.6025022929360734,0.6918929605600965,0.7845233959396988,0.6192528006838798,0.7349877000096502,0.5858813168845712,0.28155640675530164,0.6745428625299372,False,False,False,False,False,False,False,False,supplementary,A2_T15
D_malignant_only__knn__28_npn__post0,D_malignant_only,knn,28_npn,False,0.629649856567203,0.6077622102482864,0.6021932888351214,0.5664943982793792,0.7102022258988417,0.3492917756659061,0.3404510773903303,0.6015249384824974,False,False,False,False,False,False,False,False,supplementary,A2_T15
D_malignant_only__knn__28_npn__post1,D_malignant_only,knn,28_npn,True,0.6933032088906881,0.611301720622897,0.5993133431644556,0.6317381396556824,0.7094441480316577,0.35071858379734255,0.43386126379640494,0.6339141030834308,False,False,False,False,False,False,False,False,supplementary,A2_T15
D_malignant_only__knn__31_ruv3prps__post0,D_malignant_only,knn,31_ruv3prps,False,0.0902727008815538,0.28089265280520137,0.20211114184274567,0.27427073598628327,0.7221599717027871,0.35916226812940094,0.42751778728798895,0.21188680787894604,False,False,False,False,False,False,False,False,supplementary,A2_T15
D_malignant_only__knn__31_ruv3prps__post1,D_malignant_only,knn,31_ruv3prps,True,0.11644723877170043,0.29156294893623086,0.21857362569702127,0.2216847926152441,0.7208632869618663,0.3632676245152351,0.5869956267144923,0.21206715150504918,False,False,False,False,False,False,False,False,supplementary,A2_T15
D_malignant_only__knn__36_explobatch__post0,D_malignant_only,knn,36_explobatch,False,0.0899357543448353,0.28100460652163395,0.20211551837032884,0.2742730278672919,0.8299645846126239,0.3580549772318169,0.42592008585793595,0.2118322267760225,False,False,False,False,True,False,False,False,supplementary,A2_T15
D_malignant_only__knn__36_explobatch__post1,D_malignant_only,knn,36_explobatch,True,0.11643605239309718,0.29158980659066236,0.21863010289231163,0.2236908157538796,0.8299645846126239,0.3631142469837317,0.5840132247387397,0.2125866944074877,False,False,False,False,True,False,False,False,supplementary,A2_T15
D_malignant_only__knn__20_shambhala__post0,D_malignant_only,knn,20_shambhala,False,0.18049317339135829,0.33862964602073303,0.5850670824348625,0.33133911918578607,0.33151788716124053,0.6116022614387594,0.41072034006362085,0.35888225525818496,False,False,False,False,False,False,False,False,supplementary,A2_T15
D_malignant_only__knn__20_shambhala__post1,D_malignant_only,knn,20_shambhala,True,0.20278123304149068,0.34630892034821753,0.5935835066572955,0.34526331253876935,0.3264635649264894,0.6126250664737144,0.4658703597681619,0.3719842431464433,False,False,False,False,False,False,False,False,supplementary,A2_T15
D_malignant_only__softimpute__01_raw__post0,D_malignant_only,softimpute,01_raw,False,0.08847549302642611,0.2688141360032132,0.18548024346455314,0.24949211040969882,0.8299645846126239,0.38450099990686815,0.5435560835080434,0.19806549572597282,False,False,False,False,True,False,False,False,supplementary,A2_T15
D_malignant_only__softimpute__01_raw__post1,D_malignant_only,softimpute,01_raw,True,0.11159747403451642,0.27330020822616047,0.19956665783576905,0.23448801145960732,0.8299645846126239,0.38847418625482844,0.5765867058568173,0.20473808788901332,False,False,False,False,True,False,False,False,supplementary,A2_T15
D_malignant_only__softimpute__02_median_scaling__post0,D_malignant_only,softimpute,02_median_scaling,False,0.43547164354460954,0.5387747070410264,0.6690126818138032,0.572683784896514,0.7716292448609926,0.5456810156321161,0.2993096688594794,0.5539857043239883,False,False,False,False,False,False,False,False,supplementary,A2_T15
D_malignant_only__softimpute__02_median_scaling__post1,D_malignant_only,softimpute,02_median_scaling,True,0.5130715043154043,0.6153548165145295,0.7640570491875377,0.6174114400448897,0.77021697783922,0.49742362042451316,0.34252095429073126,0.6274737025155903,False,False,False,False,False,False,False,False,supplementary,A2_T15
D_malignant_only__softimpute__03_limma__post0,D_malignant_only,softimpute,03_limma,False,0.5548619256229852,0.4966535510757464,0.7027145121630062,0.5921840426637026,0.7667994058088368,0.5123200405917556,0.3073488188563994,0.5866035078813601,False,False,False,False,False,False,False,False,supplementary,A2_T15
D_malignant_only__softimpute__03_limma__post1,D_malignant_only,softimpute,03_limma,True,0.6118340561805837,0.528958973988335,0.7395293587278879,0.5724130817923924,0.7646454485620968,0.5124112953383413,0.25908079883828383,0.6131838676722998,False,False,False,False,False,False,False,False,supplementary,A2_T15
D_malignant_only__softimpute__04_sva__post0,D_malignant_only,softimpute,04_sva,False,0.1361853329600067,0.27415492700306104,0.19293310018715282,0.26403191388993164,0.6823845486990432,0.36604808341215717,0.5441362036082102,0.21682631851003806,False,False,False,False,False,False,False,False,supplementary,A2_T15
D_malignant_only__softimpute__04_sva__post1,D_malignant_only,softimpute,04_sva,True,0.17574946449129036,0.2761827018950964,0.2075968387581545,0.2784218421279509,0.6813939647885765,0.3720688625093408,0.5797296119363644,0.23448771181812306,False,False,False,False,False,False,False,False,supplementary,A2_T15
D_malignant_only__softimpute__05_combat__post0,D_malignant_only,softimpute,05_combat,False,0.5862752273084421,0.4824323384272634,0.6862579993860052,0.5083711615630673,0.5844107106524206,0.4668509684309589,0.6162355408617689,0.5658341816711945,False,False,False,False,False,False,False,False,supplementary,A2_T15
D_malignant_only__softimpute__05_combat__post1,D_malignant_only,softimpute,05_combat,True,0.5853681713261456,0.5046435754108256,0.68350599425312,0.49574288590436905,0.5834780997594937,0.46148007041421496,0.6029209637269861,0.567315156723615,False,False,False,False,False,False,False,False,supplementary,A2_T15
D_malignant_only__softimpute__06_combat_seq__post0,D_malignant_only,softimpute,06_combat_seq,False,0.11409769869627263,0.30662307617219353,0.3902419740956897,0.2239355720652608,0.37831852252666615,0.4683989099940272,0.7897392276735442,0.2587245802573542,False,False,False,False,False,False,True,False,supplementary,A2_T15
D_malignant_only__softimpute__06_combat_seq__post1,D_malignant_only,softimpute,06_combat_seq,True,0.15309845734008673,0.32020538848256086,0.419209276679183,0.2186005984086927,0.3765896698314393,0.4687236831652141,0.7596154079957895,0.2777784302276308,False,False,False,False,False,False,False,False,supplementary,A2_T15
D_malignant_only__softimpute__07_pycombat__post0,D_malignant_only,softimpute,07_pycombat,False,0.6091823505581788,0.5197498084967926,0.6347066364082852,0.5660714862911133,0.7456107869686336,0.546787736115205,0.25683504899071397,0.5824275704385925,False,False,False,False,False,False,False,False,supplementary,A2_T15
D_malignant_only__softimpute__07_pycombat__post1,D_malignant_only,softimpute,07_pycombat,True,0.6103000939293423,0.511296492831847,0.6188267222571173,0.5602454198357187,0.7441961349436658,0.546114474868315,0.2329672262741555,0.5751671822135063,False,False,False,False,False,False,False,False,supplementary,A2_T15
D_malignant_only__softimpute__08_inmoose_combatseq__post0,D_malignant_only,softimpute,08_inmoose_combatseq,False,0.11413562156769194,0.306532065679306,0.38990884096469264,0.2184728925882072,0.37823668892379325,0.4684268992461543,0.7886582946457513,0.2572623551999744,False,False,False,False,False,False,True,False,supplementary,A2_T15
D_malignant_only__softimpute__08_inmoose_combatseq__post1,D_malignant_only,softimpute,08_inmoose_combatseq,True,0.1530549933798954,0.32022783940567495,0.4188354501323806,0.22535773994052707,0.3765078362285665,0.46858373690457816,0.7587300157357074,0.27936900571461953,False,False,False,False,False,False,False,False,supplementary,A2_T15
D_malignant_only__softimpute__09_ruv__post0,D_malignant_only,softimpute,09_ruv,False,0.3566653427092581,0.36593434373632294,0.6342543068886269,0.2952489130584795,0.3092176729523298,0.4162794098665918,0.38607431291769384,0.4130257265981718,False,False,False,False,False,False,False,False,supplementary,A2_T15
D_malignant_only__softimpute__09_ruv__post1,D_malignant_only,softimpute,09_ruv,True,0.39862941682329683,0.33278842574097334,0.6475111643332027,0.2968104707938295,0.3086164569787776,0.4794786283290664,0.41423684964954294,0.41893486942282554,False,False,False,False,False,False,False,False,supplementary,A2_T15
D_malignant_only__softimpute__10_mnn__post0,D_malignant_only,softimpute,10_mnn,False,0.48908463361745014,0.6553787157622274,0.71695938325462,0.6549790328433938,0.15634526354805486,0.6368176291908055,0.40636966769553134,0.6291004413694229,False,False,False,False,False,False,False,False,supplementary,A2_T15
D_malignant_only__softimpute__10_mnn__post1,D_malignant_only,softimpute,10_mnn,True,0.44884199843301764,0.713670390057913,0.7412188957053615,0.623385606016023,0.1585040984629563,0.5810680271912659,0.39057862893851475,0.6317792225530787,False,False,False,False,False,False,False,False,supplementary,A2_T15
D_malignant_only__softimpute__11_harmony__post0,D_malignant_only,softimpute,11_harmony,False,0.2439757997123266,0.44042063972252465,0.21336874582493176,0.3799136524746937,0.22117332977364226,0.5847371791085174,0.281214790325915,0.3194197094336192,False,False,False,False,False,False,False,False,supplementary,A2_T15
D_malignant_only__softimpute__11_harmony__post1,D_malignant_only,softimpute,11_harmony,True,0.2593267841292922,0.46158243994030457,0.21793043248948596,0.3679309905338686,0.22128218542560896,0.5837523539695032,0.20246458610210905,0.32669266177323786,False,False,False,False,False,False,False,False,supplementary,A2_T15
D_malignant_only__softimpute__12_scanorama__post0,D_malignant_only,softimpute,12_scanorama,False,0.3174841026706561,0.5404570721262543,0.4659855733537887,0.445871693920287,0.18366237289874185,0.6307157598116188,0.4683825387256968,0.44244961051774656,False,False,False,False,False,False,False,False,supplementary,A2_T15
D_malignant_only__softimpute__12_scanorama__post1,D_malignant_only,softimpute,12_scanorama,True,0.12210094997137232,0.5244020949174264,0.49661685314138393,0.38785116631165384,0.18485813507545545,0.5710389804611257,0.44008828312467135,0.3827427660854591,False,False,False,False,False,False,False,False,supplementary,A2_T15
D_malignant_only__softimpute__13_fsmvn__post0,D_malignant_only,softimpute,13_fsmvn,False,0.6199592200365358,0.5809210060771143,0.7505430068766201,0.5337802488401714,0.7800856309177777,0.5959924706258755,0.3260751544424744,0.6213008704576104,False,False,False,False,False,False,False,False,supplementary,A2_T15
D_malignant_only__softimpute__13_fsmvn__post1,D_malignant_only,softimpute,13_fsmvn,True,0.6690878511849089,0.6223720505686339,0.7849589685067193,0.5279517214125511,0.7794005142716874,0.581336528748504,0.2920992989670651,0.6510926479182033,False,False,False,False,False,False,False,False,supplementary,A2_T15
D_malignant_only__softimpute__14_qsmooth__post0,D_malignant_only,softimpute,14_qsmooth,False,0.0783075734254112,0.19440971417082584,0.2804736633117747,0.23610736238789856,0.49246769346692304,0.3676405868283602,0.5277149347984164,0.19732457832397757,False,False,False,False,False,False,False,False,supplementary,A2_T15
D_malignant_only__softimpute__14_qsmooth__post1,D_malignant_only,softimpute,14_qsmooth,True,0.10500648896194682,0.19858793172500075,0.29401568260561056,0.22399961085236791,0.4887171159849633,0.3736704811005696,0.5728955906263703,0.20540242853623153,False,False,False,False,False,False,False,False,supplementary,A2_T15
D_malignant_only__softimpute__15_fsqn_py__post0,D_malignant_only,softimpute,15_fsqn_py,False,0.3440851998321978,0.34418680878519226,0.4137561252529407,0.323619382769343,0.5049156342206544,0.3632516644241318,0.530919876014113,0.35641187915991845,False,False,False,False,False,False,False,False,supplementary,A2_T15
D_malignant_only__softimpute__15_fsqn_py__post1,D_malignant_only,softimpute,15_fsqn_py,True,0.3661779009843393,0.34997692688013127,0.4178431668777811,0.3286091392991273,0.49980770112989165,0.3687391285350614,0.5383008794752733,0.3656517835103447,False,False,False,False,False,False,False,False,supplementary,A2_T15
D_malignant_only__softimpute__16_fsqn_r__post0,D_malignant_only,softimpute,16_fsqn_r,False,0.648917302198978,0.6498428666002545,0.8244027887904615,0.6201512448766039,0.7145886812456642,0.5932171905926311,0.3319054720582516,0.6858285506165744,False,False,True,False,False,False,False,False,supplementary,A2_T15
D_malignant_only__softimpute__16_fsqn_r__post1,D_malignant_only,softimpute,16_fsqn_r,True,0.6563203468774844,0.7107144271371275,0.8197098803030596,0.6374244380752682,0.7139125619004939,0.5932354209426827,0.34399932775767345,0.7060422730982349,False,False,True,False,False,False,False,False,supplementary,A2_T15
D_malignant_only__softimpute__17_quantile__post0,D_malignant_only,softimpute,17_quantile,False,0.2970394551016372,0.3210690908558367,0.6021851256825924,0.33790713584657456,0.38958259971026155,0.2647097713169521,0.36498583267723483,0.38955020187166023,False,False,False,False,False,False,False,False,supplementary,A2_T15
D_malignant_only__softimpute__17_quantile__post1,D_malignant_only,softimpute,17_quantile,True,0.3179000677641425,0.3336831574368091,0.6035118437452972,0.34036264746481815,0.4210906232540463,0.2647097713169521,0.3497407819329144,0.39886442910276676,False,False,False,False,False,False,False,False,supplementary,A2_T15
D_malignant_only__softimpute__18_rank__post0,D_malignant_only,softimpute,18_rank,False,0.33890874278681976,0.32531443605104093,0.4754239898521837,0.3400619399418375,0.5068235204821768,0.38450099990686815,0.6012604927521842,0.36992727715797047,False,False,False,False,False,False,False,False,supplementary,A2_T15
D_malignant_only__softimpute__18_rank__post1,D_malignant_only,softimpute,18_rank,True,0.36293700708070903,0.32391568369015244,0.47800513088049745,0.311873737061886,0.502720018875427,0.38847418625482844,0.6268711655935195,0.36918288967831125,False,False,False,False,False,False,False,False,supplementary,A2_T15
D_malignant_only__softimpute__19_tdm__post0,D_malignant_only,softimpute,19_tdm,False,0.09775792483357287,0.2897147462588654,0.246380176322989,0.27808088300076134,0.5519706154760964,0.3177217303444203,0.5026600211866312,0.22798343260404713,False,False,False,False,False,False,False,False,supplementary,A2_T15
D_malignant_only__softimpute__19_tdm__post1,D_malignant_only,softimpute,19_tdm,True,0.12507095604572838,0.30166751796471203,0.26097965965264175,0.23146577040966063,0.5499020370237857,0.32062851846161033,0.6408800812780924,0.22979597601818572,False,False,False,False,False,False,False,False,supplementary,A2_T15
D_malignant_only__softimpute__21_harmonizr__post0,D_malignant_only,softimpute,21_harmonizr,False,0.5673728746470327,0.5543464324095547,0.7489278153225555,0.4454015944819979,0.7439131065168081,0.38044580198053746,0.27219347630162866,0.5790121792152851,False,False,False,False,False,False,False,False,supplementary,A2_T15
D_malignant_only__softimpute__21_harmonizr__post1,D_malignant_only,softimpute,21_harmonizr,True,0.5702099839160817,0.5955275101883158,0.7810338801638405,0.46060790846719535,0.7408391360759022,0.363305616562428,0.23063129642429175,0.6018448206838583,False,False,False,False,False,False,False,False,supplementary,A2_T15
D_malignant_only__softimpute__25_angel__post0,D_malignant_only,softimpute,25_angel,False,0.5752161198920951,0.667563617148046,0.6078013135306972,0.45333639343673593,0.45203390778871977,0.44657533072271355,0.5842614861920704,0.5759793610018935,False,False,False,False,False,False,False,False,supplementary,A2_T15
D_malignant_only__softimpute__25_angel__post1,D_malignant_only,softimpute,25_angel,True,0.5818338692672761,0.6981690923062774,0.6399416181823705,0.4588449922594749,0.455754811996419,0.4454755101835154,0.6650221608255419,0.5946973930038497,False,False,False,False,False,False,False,False,supplementary,A2_T15
D_malignant_only__softimpute__26_xpn__post0,D_malignant_only,softimpute,26_xpn,False,0.5867299088889127,0.6400463253407258,0.7895595198087526,0.5933899733505911,0.7361431890545684,0.5660271159636212,0.29969143594437153,0.6524314318472455,False,False,False,False,False,False,False,False,supplementary,A2_T15
D_malignant_only__softimpute__26_xpn__post1,D_malignant_only,softimpute,26_xpn,True,0.5986535266113444,0.6744698245300814,0.7962936308338833,0.607794242137432,0.7351703736095119,0.567312589524929,0.26359251268231404,0.6693028060281853,False,False,False,False,False,False,False,False,supplementary,A2_T15
D_malignant_only__softimpute__28_npn__post0,D_malignant_only,softimpute,28_npn,False,0.6464309952535113,0.6004298605350119,0.6017400951131273,0.5784253079513318,0.7084935492062805,0.34884096721902774,0.3485524640379544,0.6067565647132456,False,False,False,False,False,False,False,False,supplementary,A2_T15
D_malignant_only__softimpute__28_npn__post1,D_malignant_only,softimpute,28_npn,True,0.7110628418116343,0.6184397422137503,0.5993235189955317,0.6364867486817535,0.7076947779232912,0.35037821316313533,0.41911900611464853,0.6413282129256674,False,False,False,False,False,False,False,False,supplementary,A2_T15
D_malignant_only__softimpute__31_ruv3prps__post0,D_malignant_only,softimpute,31_ruv3prps,False,0.10507302460622002,0.2758516785995362,0.19018894714134704,0.22946303239223875,0.7252130762008726,0.3706740173788088,0.5431327059066495,0.2001441706848355,False,False,False,False,False,False,False,False,supplementary,A2_T15
D_malignant_only__softimpute__31_ruv3prps__post1,D_malignant_only,softimpute,31_ruv3prps,True,0.13895108745467108,0.27829442632787804,0.2050073977952386,0.2314129512925075,0.7236708906513332,0.37584144614963827,0.5764135421608841,0.2134164657175738,False,False,False,False,False,False,False,False,supplementary,A2_T15
D_malignant_only__softimpute__36_explobatch__post0,D_malignant_only,softimpute,36_explobatch,False,0.08847549302642611,0.2688141360032132,0.18548024346455314,0.24949211040969882,0.8299645846126239,0.38450099990686815,0.5435560835080434,0.19806549572597282,False,False,False,False,True,False,False,False,supplementary,A2_T15
D_malignant_only__softimpute__36_explobatch__post1,D_malignant_only,softimpute,36_explobatch,True,0.11159747403451642,0.27330020822616047,0.19956665783576905,0.23448801145960732,0.8299645846126239,0.38847418625482844,0.5765867058568173,0.20473808788901332,False,False,False,False,True,False,False,False,supplementary,A2_T15
D_malignant_only__softimpute__20_shambhala__post0,D_malignant_only,softimpute,20_shambhala,False,0.18731187447645528,0.33772688968613257,0.5819503547267733,0.31221142798911583,0.33484380644773415,0.2647097713169521,0.39947997463121643,0.3548001367196192,False,False,False,False,False,False,False,False,supplementary,A2_T15
D_malignant_only__softimpute__20_shambhala__post1,D_malignant_only,softimpute,20_shambhala,True,0.20939547918394164,0.34889915795278964,0.5883372582955997,0.3406699588179469,0.3303025933954293,0.2647097713169521,0.456177115612572,0.37182546356256946,False,False,False,False,False,False,False,False,supplementary,A2_T15
D_malignant_only__strict__01_raw__post0,D_malignant_only,strict,01_raw,False,0.09851113338363732,0.29953659281167,0.2172912708469281,0.22659354093771059,0.7904512778656556,0.3748755655939197,0.5303617165223108,0.21048313449498648,False,False,False,False,False,False,False,False,supplementary,A2_T15
D_malignant_only__strict__01_raw__post1,D_malignant_only,strict,01_raw,True,0.12440527016433088,0.30511888525658937,0.23107164605672773,0.22605912541497133,0.7904512778656556,0.3763709692797875,0.63205689636402,0.22166373172315482,False,False,False,False,False,False,False,False,supplementary,A2_T15
D_malignant_only__strict__02_median_scaling__post0,D_malignant_only,strict,02_median_scaling,False,0.4410170679164622,0.5840986186508266,0.7006929755533022,0.6001038982301324,0.7219146746003419,0.5133848025117624,0.24037373699984382,0.5814781400876808,False,False,False,False,False,False,False,False,supplementary,A2_T15
D_malignant_only__strict__02_median_scaling__post1,D_malignant_only,strict,02_median_scaling,True,0.5155006509414722,0.6440010046955874,0.7844283219065009,0.6362028332506969,0.7194281608877676,0.4588852783934833,0.24523341722078545,0.6450332026985643,False,False,False,False,False,False,False,False,supplementary,A2_T15
D_malignant_only__strict__03_limma__post0,D_malignant_only,strict,03_limma,False,0.622407661904668,0.517844706375693,0.7300291542739121,0.6171403756862506,0.7299354621884375,0.47777441133443993,0.25811884895980797,0.621855474560131,False,False,False,False,False,False,False,False,supplementary,A2_T15
D_malignant_only__strict__03_limma__post1,D_malignant_only,strict,03_limma,True,0.6221668763600993,0.5446122222652423,0.693701794932598,0.6093093613633787,0.7291389314311492,0.4773250641045673,0.20811361226824548,0.6174475637303296,False,False,False,False,False,False,False,False,supplementary,A2_T15
D_malignant_only__strict__04_sva__post0,D_malignant_only,strict,04_sva,False,0.11795907903520969,0.30246708625307767,0.21972574427907327,0.22748995064349645,0.655801200404155,0.3753248742580324,0.5480769595471622,0.21691046505271427,False,False,False,False,False,False,False,False,supplementary,A2_T15
D_malignant_only__strict__04_sva__post1,D_malignant_only,strict,04_sva,True,0.14685500765452783,0.3107899006630433,0.23262025787017626,0.22997143382774857,0.6552699521423747,0.37636181553900183,0.6325025301284589,0.23005915000387397,False,False,False,False,False,False,False,False,supplementary,A2_T15
D_malignant_only__strict__05_combat__post0,D_malignant_only,strict,05_combat,False,0.5530673846645572,0.5516780126686356,0.7030082714130782,0.5197934917592972,0.545270227966883,0.4483744366719995,0.5701101131516046,0.5818867901263921,False,False,False,False,False,False,False,False,supplementary,A2_T15
D_malignant_only__strict__05_combat__post1,D_malignant_only,strict,05_combat,True,0.5538541930017418,0.540244469378167,0.7000740522004386,0.5052012003478947,0.5445424244667696,0.4389404086229563,0.5449877055982875,0.5748434787320605,False,False,False,False,False,False,False,False,supplementary,A2_T15
D_malignant_only__strict__06_combat_seq__post0,D_malignant_only,strict,06_combat_seq,False,0.13425074890493172,0.38808029424301793,0.40113368426872603,0.26487850848529726,0.3349590412715442,0.45201644055508605,0.7886007600013242,0.2970858089754932,False,False,False,False,False,False,True,False,supplementary,A2_T15
D_malignant_only__strict__06_combat_seq__post1,D_malignant_only,strict,06_combat_seq,True,0.17217502154227962,0.40617828852940346,0.43012457501051243,0.24501329471242408,0.3361098364674097,0.455712077548236,0.7638354899762093,0.31337279494865494,False,False,False,False,False,False,False,False,supplementary,A2_T15
D_malignant_only__strict__07_pycombat__post0,D_malignant_only,strict,07_pycombat,False,0.6095183633854739,0.5178067648792275,0.6959687420525479,0.5514003409892442,0.7145137720696876,0.4273255976602642,0.28477112814405475,0.5936735528266234,False,False,False,False,False,False,False,False,supplementary,A2_T15
D_malignant_only__strict__07_pycombat__post1,D_malignant_only,strict,07_pycombat,True,0.6140316323900206,0.5509826669242714,0.6997872295684838,0.5672988925768675,0.7134463543928516,0.4271999678892167,0.2829359933094123,0.6080251053649108,False,False,False,False,False,False,False,False,supplementary,A2_T15
D_malignant_only__strict__08_inmoose_combatseq__post0,D_malignant_only,strict,08_inmoose_combatseq,False,0.13436764098445333,0.3881360264071685,0.4010038572989271,0.25370202124573255,0.3349590412715442,0.45201644055508605,0.7870535043814728,0.29430238648407037,False,False,False,False,False,False,True,False,supplementary,A2_T15
D_malignant_only__strict__08_inmoose_combatseq__post1,D_malignant_only,strict,08_inmoose_combatseq,True,0.1723812591656923,0.40623402069355413,0.4299947480407134,0.2634592403243992,0.3361098364674097,0.455712077548236,0.7635949711598818,0.31801731705608977,False,False,False,False,False,False,False,False,supplementary,A2_T15
D_malignant_only__strict__09_ruv__post0,D_malignant_only,strict,09_ruv,False,0.29979092278727754,0.40007096613433824,0.6399104293955482,0.3329865895116556,0.25718297818686175,0.40759351827026863,0.5648437496906035,0.4181897269572049,False,False,False,False,False,False,False,False,supplementary,A2_T15
D_malignant_only__strict__09_ruv__post1,D_malignant_only,strict,09_ruv,True,0.3052797004225973,0.4340403123731527,0.6411646389772246,0.3112636739208539,0.2583646378307626,0.4094564643525149,0.5152598844110902,0.42293708142345715,False,False,False,False,False,False,False,False,supplementary,A2_T15
D_malignant_only__strict__10_mnn__post0,D_malignant_only,strict,10_mnn,False,0.4773175421907572,0.6372108071270991,0.7330545445251904,0.6638888353184468,0.166907116028143,0.6227306712589171,0.43411909959017686,0.6278679322903734,False,False,False,False,False,False,False,False,supplementary,A2_T15
D_malignant_only__strict__10_mnn__post1,D_malignant_only,strict,10_mnn,True,0.38975758907674307,0.7161108682127115,0.7600095040645396,0.6257127197211307,0.16568825061812445,0.5603419289752625,0.4144798135091346,0.6228976702687812,False,False,False,False,False,False,False,False,supplementary,A2_T15
D_malignant_only__strict__11_harmony__post0,D_malignant_only,strict,11_harmony,False,0.24856535732215715,0.48845564036309447,0.2131068989192422,0.4182296519383982,0.20150942650519993,0.5502802650439458,0.2620776785152687,0.342089387135723,False,False,False,False,False,False,False,False,supplementary,A2_T15
D_malignant_only__strict__11_harmony__post1,D_malignant_only,strict,11_harmony,True,0.25364484028159656,0.4893138817296255,0.21622727032580477,0.4093788607205562,0.20260686871082442,0.5473275899217079,0.27514822600237065,0.3421412132643957,False,False,False,False,False,False,False,False,supplementary,A2_T15
D_malignant_only__strict__12_scanorama__post0,D_malignant_only,strict,12_scanorama,False,0.3792825923666941,0.5816646191097067,0.5074719162170388,0.5175349055460041,0.16454585371509348,0.6230554143991525,0.3426689017987154,0.49648850830986097,False,False,False,False,False,False,False,False,supplementary,A2_T15
D_malignant_only__strict__12_scanorama__post1,D_malignant_only,strict,12_scanorama,True,0.13682297155440737,0.5568917160847316,0.5342972068890858,0.4667109350458189,0.16510516204598658,0.5757604792731073,0.28342503778704203,0.42368070739351094,False,False,False,False,False,False,False,False,supplementary,A2_T15
D_malignant_only__strict__13_fsmvn__post0,D_malignant_only,strict,13_fsmvn,False,0.6806005972015906,0.6205245663155521,0.7697175006315529,0.5800644684116285,0.7349200668092085,0.5749766257355865,0.2953626256664199,0.6627267831400812,False,False,False,False,False,False,False,False,supplementary,A2_T15
D_malignant_only__strict__13_fsmvn__post1,D_malignant_only,strict,13_fsmvn,True,0.687060645341626,0.6377718375564185,0.7771319769457858,0.5590310330105327,0.733970278699628,0.575437613691455,0.2797537202420725,0.6652488732135907,False,False,False,False,False,False,False,False,supplementary,A2_T15
D_malignant_only__strict__14_qsmooth__post0,D_malignant_only,strict,14_qsmooth,False,0.07585057474004869,0.2222834201744411,0.2896022597554047,0.23986856646868515,0.46383011800087987,0.3743944311223259,0.577581466782905,0.20690120528464492,False,False,False,False,False,False,False,False,supplementary,A2_T15
D_malignant_only__strict__14_qsmooth__post1,D_malignant_only,strict,14_qsmooth,True,0.09791885939458429,0.22976908116360054,0.303974346994341,0.20325686322725292,0.45594783436556346,0.3758898348081937,0.6262549161727395,0.20872978769494469,False,False,False,False,False,False,False,False,supplementary,A2_T15
D_malignant_only__strict__15_fsqn_py__post0,D_malignant_only,strict,15_fsqn_py,False,0.34889304439759433,0.4016037864902441,0.469664180681742,0.33416189045651296,0.46460469233984336,0.3788020537539548,0.567316745262496,0.38858072550652334,False,False,False,False,False,False,False,False,supplementary,A2_T15
D_malignant_only__strict__15_fsqn_py__post1,D_malignant_only,strict,15_fsqn_py,True,0.3737506482375909,0.39710211276817875,0.47748280937609344,0.3220721680056553,0.45674418774822495,0.3802974574398227,0.5982581945727276,0.3926019345968796,False,False,False,False,False,False,False,False,supplementary,A2_T15
D_malignant_only__strict__16_fsqn_r__post0,D_malignant_only,strict,16_fsqn_r,False,0.641441086150607,0.6753012188949866,0.8334954113926877,0.6429271645375153,0.6976824920966143,0.5846411927221972,0.2925843937594221,0.6982912202439492,False,False,True,False,False,False,False,False,supplementary,A2_T15
D_malignant_only__strict__16_fsqn_r__post1,D_malignant_only,strict,16_fsqn_r,True,0.6497114954683284,0.7492450848438483,0.8291402967423687,0.6675735385973536,0.697252648852836,0.5852903785774229,0.3326522760418916,0.7239176039129747,False,False,True,False,False,False,False,False,supplementary,A2_T15
D_malignant_only__strict__17_quantile__post0,D_malignant_only,strict,17_quantile,False,0.34995064122307734,0.40412488807074354,0.6095400075655992,0.3234053942057732,0.4647894815462651,0.37750824394181737,0.5722019596165727,0.42175523276629834,False,False,False,False,False,False,False,False,supplementary,A2_T15
D_malignant_only__strict__17_quantile__post1,D_malignant_only,strict,17_quantile,True,0.3757474760034574,0.3976005864048895,0.6173239024814793,0.33888914324338404,0.4569289769546467,0.3790308772818935,0.6026423720941176,0.4323902770333025,False,False,False,False,False,False,False,False,supplementary,A2_T15
D_malignant_only__strict__18_rank__post0,D_malignant_only,strict,18_rank,False,0.350222182142554,0.3667916162746219,0.5263408987669487,0.3204552687669098,0.46532478364653895,0.3748755655939197,0.5777915792919738,0.3909524914877586,False,False,False,False,False,False,False,False,supplementary,A2_T15
D_malignant_only__strict__18_rank__post1,D_malignant_only,strict,18_rank,True,0.3762073873672259,0.37619151376844057,0.5343655248549194,0.3216497681251256,0.457421470032555,0.3763709692797875,0.6002587862911098,0.4021035485289278,False,False,False,False,False,False,False,False,supplementary,A2_T15
D_malignant_only__strict__19_tdm__post0,D_malignant_only,strict,19_tdm,False,0.08893804467907983,0.31783677377223574,0.25425345830011714,0.27950080704416436,0.5219779467862868,0.3079687033413615,0.5231336491738897,0.23513227094889927,False,False,False,False,False,False,False,False,supplementary,A2_T15
D_malignant_only__strict__19_tdm__post1,D_malignant_only,strict,19_tdm,True,0.11843473404315005,0.3189054008416062,0.26482593142670474,0.2307305864308987,0.5211660624882095,0.30845626220891276,0.5840326731323222,0.23322416318558992,False,False,False,False,False,False,False,False,supplementary,A2_T15
D_malignant_only__strict__21_harmonizr__post0,D_malignant_only,strict,21_harmonizr,False,0.5243687901273284,0.5809720793916852,0.7582548004571579,0.4725364677553395,0.6991951298187035,0.3712221675395301,0.24000356819710197,0.5840330344328778,False,False,False,False,False,False,False,False,supplementary,A2_T15
D_malignant_only__strict__21_harmonizr__post1,D_malignant_only,strict,21_harmonizr,True,0.5307876339852592,0.5676676618009429,0.7525222532271606,0.4503176064650609,0.6981747852744857,0.3645579188833231,0.2510941053190116,0.5753237888696059,False,False,False,False,False,False,False,False,supplementary,A2_T15
D_malignant_only__strict__25_angel__post0,D_malignant_only,strict,25_angel,False,0.5838826362826415,0.6761448541141626,0.6349328996079279,0.4575227339055016,0.4501734556848702,0.4416265006061577,0.563036916455648,0.5881207809775584,False,False,False,False,False,False,False,False,supplementary,A2_T15
D_malignant_only__strict__25_angel__post1,D_malignant_only,strict,25_angel,True,0.5888170217505727,0.7122855852499056,0.6489857305314215,0.46470821896738096,0.4475995971351835,0.44623391259270556,0.6461786512430411,0.6036991391248202,False,False,False,False,False,False,False,False,supplementary,A2_T15
D_malignant_only__strict__26_xpn__post0,D_malignant_only,strict,26_xpn,False,0.5822169718142959,0.6697484330057799,0.7732775646285414,0.6394343534444729,0.7324296338829309,0.5803493400173521,0.30261656748366883,0.6661693307232726,False,False,False,False,False,False,False,False,supplementary,A2_T15
D_malignant_only__strict__26_xpn__post1,D_malignant_only,strict,26_xpn,True,0.6008908770111595,0.7291353666339022,0.7891697138930783,0.6658640387038505,0.731896151764839,0.581163422993666,0.28380353585804624,0.6962649990604975,False,False,False,False,False,False,False,False,supplementary,A2_T15
D_malignant_only__strict__28_npn__post0,D_malignant_only,strict,28_npn,False,0.6397093827442852,0.6172542368883579,0.6162814183925002,0.609935257737602,0.6806919503395285,0.36632520718382583,0.29461061812916645,0.6207950739406863,False,False,False,False,False,False,False,False,supplementary,A2_T15
D_malignant_only__strict__28_npn__post1,D_malignant_only,strict,28_npn,True,0.7045302423836173,0.6533136969525467,0.6140322485846483,0.6584711552632886,0.6798296356798843,0.36803190783653417,0.40961706115071767,0.6575868357960252,False,False,False,False,False,False,False,False,supplementary,A2_T15
D_malignant_only__strict__31_ruv3prps__post0,D_malignant_only,strict,31_ruv3prps,False,0.09873264002112561,0.29940748813921286,0.2172912708469281,0.24482515398347898,0.6839750208727782,0.3756086033346581,0.5501111683713752,0.2150641382476864,False,False,False,False,False,False,False,False,supplementary,A2_T15
D_malignant_only__strict__31_ruv3prps__post1,D_malignant_only,strict,31_ruv3prps,True,0.12431793676167743,0.30509013087850384,0.23100032616323204,0.2261012557426358,0.6822328241645591,0.37732944023338105,0.6321505110699467,0.2216274123865123,False,False,False,False,False,False,False,False,supplementary,A2_T15
D_malignant_only__strict__36_explobatch__post0,D_malignant_only,strict,36_explobatch,False,0.09882088003259469,0.29944329834512157,0.2172912708469281,0.24480930511825777,0.7510560414798402,0.3748755655939197,0.5495622875052932,0.2150911885857255,False,False,False,False,False,False,False,False,supplementary,A2_T15
D_malignant_only__strict__36_explobatch__post1,D_malignant_only,strict,36_explobatch,True,0.124239976519996,0.3050069315401568,0.23107164605672773,0.22605912541497133,0.7505127407570508,0.3763709692797875,0.6313053411149894,0.22159441988296297,False,False,False,False,False,False,False,False,supplementary,A2_T15
D_malignant_only__strict__20_shambhala__post0,D_malignant_only,strict,20_shambhala,False,0.20543941133027321,0.3622275003358745,0.597115870821855,0.29785480163544464,0.30600308837582973,0.6144642193047994,0.41005118635507165,0.36565939603086184,False,False,False,False,False,False,False,False,supplementary,A2_T15
D_malignant_only__strict__20_shambhala__post1,D_malignant_only,strict,20_shambhala,True,0.22907399373496568,0.3707761920640508,0.6059732253804956,0.3322894320520584,0.302671024513927,0.6153130120436406,0.4934555976036103,0.3845282108078926,False,False,False,False,False,False,False,False,supplementary,A2_T15
E1_iterative_r1__knn__01_raw__post0,E1_iterative_r1,knn,01_raw,False,0.33774651738526745,0.4033414390624477,0.27849721212903095,0.47453143397565273,0.8236367584548961,0.48423967009363206,0.5722205356706832,0.3735291506380997,False,False,False,False,True,False,False,False,supplementary,A2_T15
E1_iterative_r1__knn__01_raw__post1,E1_iterative_r1,knn,01_raw,True,0.4016617179327584,0.40718487708951306,0.29906082975043985,0.4564845234085377,0.8236367584548961,0.4896674870203949,0.6791217427980546,0.39109798704531223,False,False,False,False,True,False,False,False,supplementary,A2_T15
E1_iterative_r1__knn__02_median_scaling__post0,E1_iterative_r1,knn,02_median_scaling,False,0.6849297070492912,0.5819835217610149,0.6442995730764762,0.7022976178688006,0.6402622015668347,0.3731795792146724,0.2518635177608423,0.6533776049388957,False,False,False,True,False,False,False,False,supplementary,A2_T15
E1_iterative_r1__knn__02_median_scaling__post1,E1_iterative_r1,knn,02_median_scaling,True,0.702165064830178,0.6105350045237343,0.6801309528523022,0.6873411397003579,0.6306494794180284,0.37757869685894063,0.2505944743468201,0.6700430404766431,False,False,False,False,False,False,False,False,supplementary,A2_T15
E1_iterative_r1__knn__03_limma__post0,E1_iterative_r1,knn,03_limma,False,0.8422872487176046,0.5329425464557532,0.668048958201457,0.6571702461554982,0.6566951891376921,0.38771245569914226,0.35206627490409936,0.6751122498825783,True,False,False,False,False,False,False,False,supplementary,A2_T15
E1_iterative_r1__knn__03_limma__post1,E1_iterative_r1,knn,03_limma,True,0.852696294521849,0.5524979880660791,0.6483130607409495,0.6306840525704891,0.655225381432273,0.388728149063786,0.39815251674524943,0.6710478489748417,True,False,False,False,False,False,False,False,supplementary,A2_T15
E1_iterative_r1__knn__04_sva__post0,E1_iterative_r1,knn,04_sva,False,0.35431049590159713,0.4061438152656841,0.28161796026032593,0.4321063108009087,0.6472504901798378,0.48017198898099434,0.5764855891287141,0.36854464555712896,False,False,False,False,False,False,False,False,supplementary,A2_T15
E1_iterative_r1__knn__04_sva__post1,E1_iterative_r1,knn,04_sva,True,0.4149027442732612,0.4112045996856264,0.302200618986193,0.48308148613915564,0.645329345188739,0.4853148940982606,0.6752136574567708,0.40284736227105905,False,False,False,False,False,False,False,False,supplementary,A2_T15
E1_iterative_r1__knn__05_combat__post0,E1_iterative_r1,knn,05_combat,False,0.5478664699390481,0.4353712222135326,0.4255252650001084,0.5121334139115594,0.5044665861446261,0.502350630811802,0.7939365822237581,0.48022409276606215,False,False,False,False,False,False,True,False,supplementary,A2_T15
E1_iterative_r1__knn__05_combat__post1,E1_iterative_r1,knn,05_combat,True,0.5803408713126801,0.49478253912279047,0.4285333152401753,0.4977664593981216,0.5027369740212967,0.5240898685984633,0.8573026459374775,0.5003557962684418,False,False,False,False,False,False,True,False,supplementary,A2_T15
E1_iterative_r1__knn__06_combat_seq__post0,E1_iterative_r1,knn,06_combat_seq,False,0.3896183377349239,0.38624206276013745,0.5774686586557636,0.4446492746955376,0.37457709096661973,0.6770213569428274,0.7281208526830065,0.44949458346159066,False,False,False,False,False,False,False,False,supplementary,A2_T15
E1_iterative_r1__knn__06_combat_seq__post1,E1_iterative_r1,knn,06_combat_seq,True,0.44421351802535286,0.4041025950383022,0.5927087776901172,0.4484550928189563,0.37478011127438415,0.6786766545252902,0.7728649613873185,0.4723699958931821,False,False,False,False,False,False,False,False,supplementary,A2_T15
E1_iterative_r1__knn__07_pycombat__post0,E1_iterative_r1,knn,07_pycombat,False,0.75384919413199,0.5666680297488585,0.6301049943960824,0.6589080215699076,0.6598117371532424,0.6153607819952422,0.3543125520676108,0.6523825599617097,False,False,False,False,False,False,False,False,supplementary,A2_T15
E1_iterative_r1__knn__07_pycombat__post1,E1_iterative_r1,knn,07_pycombat,True,0.7543228073861254,0.5374651123558979,0.6101086940246655,0.6506123225931961,0.6574247072591993,0.6149761763229967,0.3293775228124141,0.6381272340899713,False,False,False,False,False,False,False,False,supplementary,A2_T15
E1_iterative_r1__knn__08_inmoose_combatseq__post0,E1_iterative_r1,knn,08_inmoose_combatseq,False,0.38973522981444547,0.3861928932714341,0.5775170987939519,0.4481284386171566,0.37457709096661973,0.6770213569428274,0.7272582467467434,0.450393415124247,False,False,False,False,False,False,False,False,supplementary,A2_T15
E1_iterative_r1__knn__08_inmoose_combatseq__post1,E1_iterative_r1,knn,08_inmoose_combatseq,True,0.44433041010487445,0.40412198511937236,0.5927572178283055,0.45110886297491176,0.37478011127438415,0.6786766545252902,0.7726448124649841,0.47307961900686607,False,False,False,False,False,False,False,False,supplementary,A2_T15
E1_iterative_r1__knn__09_ruv__post0,E1_iterative_r1,knn,09_ruv,False,0.43891637687633517,0.49546467550292533,0.6581892300889675,0.4667297753467774,0.29750489716527034,0.4560625347503737,0.4260031170145395,0.5148250144537514,False,False,False,False,False,False,False,False,supplementary,A2_T15
E1_iterative_r1__knn__09_ruv__post1,E1_iterative_r1,knn,09_ruv,True,0.4415215770694499,0.4932276289415964,0.664493784941706,0.47270978071497505,0.297792287225987,0.45959403655633363,0.534740167420198,0.5179881929169318,False,False,False,False,False,False,False,False,supplementary,A2_T15
E1_iterative_r1__knn__10_mnn__post0,E1_iterative_r1,knn,10_mnn,False,0.3761086431831421,0.7207371558599809,0.7545330352466114,0.5962246083152039,0.10779178547611616,0.8347457168733284,0.3874635543294264,0.6119008606512345,False,False,False,False,False,True,False,False,supplementary,A2_T15
E1_iterative_r1__knn__10_mnn__post1,E1_iterative_r1,knn,10_mnn,True,0.42656839463226637,0.7408721374610565,0.7678729745329691,0.6235277938129652,0.11035703098034753,0.835913335787482,0.33312934370729075,0.6397103251098143,False,False,False,False,False,True,False,False,supplementary,A2_T15
E1_iterative_r1__knn__11_harmony__post0,E1_iterative_r1,knn,11_harmony,False,0.3893867365620643,0.5057299457909847,0.28117212821210086,0.5469547978171928,0.19870377833963782,0.7265960120034907,0.49956480417854193,0.4308109020955857,False,False,False,False,False,False,False,False,supplementary,A2_T15
E1_iterative_r1__knn__11_harmony__post1,E1_iterative_r1,knn,11_harmony,True,0.4241909261463419,0.5434145463493375,0.2879517450988041,0.5758392723926757,0.1990534729400206,0.7291559381756632,0.5712074459231732,0.45784912249678983,False,False,False,False,False,False,False,False,supplementary,A2_T15
E1_iterative_r1__knn__12_scanorama__post0,E1_iterative_r1,knn,12_scanorama,False,0.3121060231118175,0.54303326323064,0.40881505637621435,0.5126621496707384,0.17306507156530032,0.8213983469520282,0.4622287848521998,0.4441541230973526,False,False,False,False,False,True,False,False,supplementary,A2_T15
E1_iterative_r1__knn__12_scanorama__post1,E1_iterative_r1,knn,12_scanorama,True,0.3200990908681329,0.5393136470247016,0.42866101442748744,0.4778861950360175,0.17510672232610963,0.8146295663686915,0.5010585922382296,0.4414899868390848,False,False,False,False,False,True,False,False,supplementary,A2_T15
E1_iterative_r1__knn__13_fsmvn__post0,E1_iterative_r1,knn,13_fsmvn,False,0.7807224829016424,0.6231707063886028,0.6530016256195948,0.6724761719232445,0.6485006765667046,0.621207699753521,0.34695464857808545,0.6823427467082712,False,False,False,False,False,False,False,False,supplementary,A2_T15
E1_iterative_r1__knn__13_fsmvn__post1,E1_iterative_r1,knn,13_fsmvn,True,0.7877467589267034,0.6355709125709456,0.6499105837640143,0.6721545888005582,0.6434023216625456,0.6229946997984833,0.36300032658407944,0.6863457110155553,True,False,False,False,False,False,False,False,supplementary,A2_T15
E1_iterative_r1__knn__14_qsmooth__post0,E1_iterative_r1,knn,14_qsmooth,False,0.19762237193862545,0.2782700420076893,0.3248970043823373,0.4040135362398154,0.4632160072336353,0.480695159766763,0.5271058686045234,0.3012007386421169,False,False,False,False,False,False,False,False,supplementary,A2_T15
E1_iterative_r1__knn__14_qsmooth__post1,E1_iterative_r1,knn,14_qsmooth,True,0.23052546275827976,0.2713699896654877,0.3399244938869497,0.3606863908529001,0.4627405139977535,0.48761393008528003,0.6372165276673237,0.3006265842909043,False,False,False,False,False,False,False,False,supplementary,A2_T15
E1_iterative_r1__knn__15_fsqn_py__post0,E1_iterative_r1,knn,15_fsqn_py,False,0.3705363045161924,0.45427138636045383,0.38464689132046925,0.4851600626910169,0.47501786255657275,0.4729723250107395,0.6298763891757094,0.4236536612220331,False,False,False,False,False,False,False,False,supplementary,A2_T15
E1_iterative_r1__knn__15_fsqn_py__post1,E1_iterative_r1,knn,15_fsqn_py,True,0.3696615407432411,0.44833437922204566,0.4006709749912281,0.46678812102310535,0.46650617679165857,0.48736992479044483,0.6056731449283336,0.42136375399490505,False,False,False,False,False,False,False,False,supplementary,A2_T15
E1_iterative_r1__knn__16_fsqn_r__post0,E1_iterative_r1,knn,16_fsqn_r,False,0.7104374407925889,0.6868498877360092,0.7474519991341929,0.7030821554648706,0.5958676754635914,0.515937039238444,0.3181274639330698,0.7119553707819154,False,False,False,True,False,False,False,False,supplementary,A2_T15
E1_iterative_r1__knn__16_fsqn_r__post1,E1_iterative_r1,knn,16_fsqn_r,True,0.7113375401353289,0.6619470690168906,0.7383361247406984,0.6905944434139779,0.5932972203787655,0.5160366225357762,0.3097220822010114,0.7005537943267239,False,False,False,False,False,False,False,False,supplementary,A2_T15
E1_iterative_r1__knn__17_quantile__post0,E1_iterative_r1,knn,17_quantile,False,0.3693327181310174,0.44052463398502195,0.5051222013010214,0.45681990851478516,0.4749763938479941,0.4725027982823496,0.6382227561092051,0.44294986548296145,False,False,False,False,False,False,False,False,supplementary,A2_T15
E1_iterative_r1__knn__17_quantile__post1,E1_iterative_r1,knn,17_quantile,True,0.3695992254238492,0.43021544111409726,0.5187704431189836,0.45176152277720155,0.4662401190033775,0.48656788118394373,0.6188373617354548,0.44258665810853287,False,False,False,False,False,False,False,False,supplementary,A2_T15
E1_iterative_r1__knn__18_rank__post0,E1_iterative_r1,knn,18_rank,False,0.3667269855615384,0.39929362266352514,0.5550626245587337,0.4475738483033893,0.4771946817102416,0.48423967009363206,0.6249436960245827,0.44216427027179667,False,False,False,False,False,False,False,False,supplementary,A2_T15
E1_iterative_r1__knn__18_rank__post1,E1_iterative_r1,knn,18_rank,True,0.3648729235126634,0.4007680900369151,0.4506344210669178,0.41729889764167577,0.46986961216552653,0.4975382090501153,0.6234155079365861,0.40839358306454304,False,False,False,False,False,False,False,False,supplementary,A2_T15
E1_iterative_r1__knn__19_tdm__post0,E1_iterative_r1,knn,19_tdm,False,0.30729259590286984,0.4216060883239265,0.3843015393791408,0.4797193513416409,0.5397037511547552,0.4545327482153117,0.49791328020007125,0.39822989373689455,False,False,False,False,False,False,False,False,supplementary,A2_T15
E1_iterative_r1__knn__19_tdm__post1,E1_iterative_r1,knn,19_tdm,True,0.3997001680013288,0.45554359271493167,0.4219733783111818,0.4441801780897246,0.5371074986107621,0.45955035900924873,0.5882524865560813,0.4303493292792917,False,False,False,False,False,False,False,False,supplementary,A2_T15
E1_iterative_r1__knn__21_harmonizr__post0,E1_iterative_r1,knn,21_harmonizr,False,0.5106182043240192,0.4594142953285501,0.509279961080749,0.5280437067273923,0.7284448791435557,0.3425359281461379,0.3762585458243842,0.5018390418651777,False,False,False,False,False,False,False,False,supplementary,A2_T15
E1_iterative_r1__knn__21_harmonizr__post1,E1_iterative_r1,knn,21_harmonizr,True,0.5509083801987523,0.4514908989217099,0.5691066674380714,0.52360790639743,0.7267257359985556,0.3522407991445677,0.43072230885182883,0.5237784632389909,False,False,False,False,False,False,False,False,supplementary,A2_T15
E1_iterative_r1__knn__25_angel__post0,E1_iterative_r1,knn,25_angel,False,0.5799515652623487,0.7093752594741001,0.5092354235579242,0.5102071970537204,0.4418139441927592,0.5859127086471698,0.6343919455741946,0.5771923613370233,False,False,False,False,False,False,False,False,supplementary,A2_T15
E1_iterative_r1__knn__25_angel__post1,E1_iterative_r1,knn,25_angel,True,0.5779814003336122,0.711290823759191,0.5050574778986889,0.5139304427642276,0.4467897157872061,0.5873912062891538,0.6675427759322582,0.5770650361889299,False,False,False,False,False,False,False,False,supplementary,A2_T15
E1_iterative_r1__knn__26_xpn__post0,E1_iterative_r1,knn,26_xpn,False,0.5699984979963928,0.6910245700111476,0.6473597153948609,0.6340927064512379,0.5866743183849531,0.4589471652460166,0.36214912962030177,0.6356188724634098,False,False,False,False,False,False,False,False,supplementary,A2_T15
E1_iterative_r1__knn__26_xpn__post1,E1_iterative_r1,knn,26_xpn,True,0.6026066542856385,0.6952413480150539,0.6518875442965055,0.6455175778056712,0.5831379939509961,0.464297378804959,0.34101909703626315,0.6488132811007172,False,False,False,False,False,False,False,False,supplementary,A2_T15
E1_iterative_r1__knn__28_npn__post0,E1_iterative_r1,knn,28_npn,False,0.7216215038399908,0.6220235505551481,0.5574461132496435,0.6872231927483144,0.6567926561967675,0.1946784000557008,0.3430472531053628,0.6470785900982743,False,False,False,False,False,False,False,False,supplementary,A2_T15
E1_iterative_r1__knn__28_npn__post1,E1_iterative_r1,knn,28_npn,True,0.7228923100181934,0.6139551841550547,0.538633130000388,0.6677089793326775,0.6546325582932092,0.19400211372314366,0.3406182431326667,0.6357974008765784,False,False,False,False,False,False,False,False,supplementary,A2_T15
E1_iterative_r1__knn__31_ruv3prps__post0,E1_iterative_r1,knn,31_ruv3prps,False,0.33781693066994745,0.4033145814080161,0.28054459624314354,0.4745873083946338,0.72331014599663,0.4511838969207395,0.571699950065332,0.37406585417893523,False,False,False,False,False,False,False,False,supplementary,A2_T15
E1_iterative_r1__knn__31_ruv3prps__post1,E1_iterative_r1,knn,31_ruv3prps,True,0.40178976721438464,0.4071266386819435,0.30148096156605686,0.4522418565862401,0.7209063460906735,0.45733414620671936,0.679876770436383,0.3906598060121562,False,False,False,False,False,False,False,False,supplementary,A2_T15
E1_iterative_r1__knn__36_explobatch__post0,E1_iterative_r1,knn,36_explobatch,False,0.33774651738526745,0.4033414390624477,0.3927237225142709,0.47453143397565273,0.8236367584548961,0.48423967009363206,0.5722205356706832,0.40208577823440966,False,False,False,False,True,False,False,False,supplementary,A2_T15
E1_iterative_r1__knn__36_explobatch__post1,E1_iterative_r1,knn,36_explobatch,True,0.4016617179327584,0.40718487708951306,0.29906082975043985,0.4813037009100391,0.8236367584548961,0.4896674870203949,0.6791217427980546,0.3973027814206876,False,False,False,False,True,False,False,False,supplementary,A2_T15
E1_iterative_r1__knn__20_shambhala__post0,E1_iterative_r1,knn,20_shambhala,False,0.37244552277686416,0.47274212464483,0.7380201677464143,0.47627560944123276,0.3368918882822527,0.7813120145248211,0.7074505465505716,0.5148708561523353,False,False,False,False,False,False,False,False,supplementary,A2_T15
E1_iterative_r1__knn__20_shambhala__post1,E1_iterative_r1,knn,20_shambhala,True,0.36689992915238084,0.47424742132413633,0.5933486978451643,0.4728701133753478,0.33459465285499096,0.7807569729482078,0.691880786022955,0.4768415404242573,False,False,False,False,False,False,False,False,supplementary,A2_T15
E1_iterative_r1__softimpute__01_raw__post0,E1_iterative_r1,softimpute,01_raw,False,0.5294577223649097,0.3651068033342855,0.10830560717754444,0.5272559164983956,0.8236367584548961,0.3961764976434385,0.5777393251120466,0.3825315123437838,False,False,False,False,True,False,False,False,supplementary,A2_T15
E1_iterative_r1__softimpute__01_raw__post1,E1_iterative_r1,softimpute,01_raw,True,0.5583715147601515,0.3627372802437303,0.11793660949153355,0.5233331884908373,0.8236367584548961,0.39404127095880587,0.7163704359332292,0.3905946482465632,False,False,False,False,True,False,False,False,supplementary,A2_T15
E1_iterative_r1__softimpute__02_median_scaling__post0,E1_iterative_r1,softimpute,02_median_scaling,False,0.7298508151578755,0.5669219124500938,0.4606586074112721,0.6876651830565528,0.6259690050176646,0.2957158661912642,0.23681142107499842,0.6112741295189486,False,False,False,False,False,False,False,False,supplementary,A2_T15
E1_iterative_r1__softimpute__02_median_scaling__post1,E1_iterative_r1,softimpute,02_median_scaling,True,0.740339243830244,0.5977263790603188,0.5162930901999733,0.6953552125027889,0.6173450796942758,0.30982521621537734,0.2670081397022098,0.6374284813983312,False,False,False,False,False,False,False,False,supplementary,A2_T15
E1_iterative_r1__softimpute__03_limma__post0,E1_iterative_r1,softimpute,03_limma,False,0.8537600359430768,0.489355837115159,0.5159191878912953,0.6671265214935636,0.6469423870878485,0.3117479411400422,0.3468607031374974,0.6315403956107737,True,False,False,False,False,False,False,False,supplementary,A2_T15
E1_iterative_r1__softimpute__03_limma__post1,E1_iterative_r1,softimpute,03_limma,True,0.8581270441634657,0.5177023405402505,0.5110141372357874,0.6805942735767081,0.6424477778628392,0.3129226786091626,0.391473792779143,0.641859448879053,True,False,False,False,False,False,False,False,supplementary,A2_T15
E1_iterative_r1__softimpute__04_sva__post0,E1_iterative_r1,softimpute,04_sva,False,0.5353164394510791,0.37339927430062775,0.10451887798399118,0.5143793487768686,0.6504058807993031,0.5411405527204258,0.5872365270686136,0.38190348512814165,False,False,False,False,False,False,False,False,supplementary,A2_T15
E1_iterative_r1__softimpute__04_sva__post1,E1_iterative_r1,softimpute,04_sva,True,0.5687773797858751,0.36569609495567545,0.11426874737595413,0.5189289976638605,0.6490340969215761,0.539835287320524,0.723248443246274,0.3919178049453413,False,False,False,False,False,False,False,False,supplementary,A2_T15
E1_iterative_r1__softimpute__05_combat__post0,E1_iterative_r1,softimpute,05_combat,False,0.6531146617866775,0.4544856256704679,0.23022944348600338,0.5620188276541725,0.4223397481439504,0.3560494385934776,0.7500394118669792,0.4749621396493303,False,False,False,False,False,False,False,False,supplementary,A2_T15
E1_iterative_r1__softimpute__05_combat__post1,E1_iterative_r1,softimpute,05_combat,True,0.6650196725244176,0.4548235104913649,0.2278932982925267,0.5495167494517879,0.4393855746008759,0.34661248139882084,0.7509025115635465,0.4743133076900242,False,False,False,False,False,False,False,False,supplementary,A2_T15
E1_iterative_r1__softimpute__06_combat_seq__post0,E1_iterative_r1,softimpute,06_combat_seq,False,0.5452336732376244,0.3548826780140814,0.48893879223747444,0.48937071181892217,0.3560737445277921,0.5336220006655662,0.7416307127008663,0.4696064638270256,False,False,False,False,False,False,False,False,supplementary,A2_T15
E1_iterative_r1__softimpute__06_combat_seq__post1,E1_iterative_r1,softimpute,06_combat_seq,True,0.5709989373768966,0.3681662385718163,0.5014013997429944,0.5036975510548456,0.3563725063046435,0.5298592781929637,0.7618867603908143,0.4860660316866382,False,False,False,False,False,False,False,False,supplementary,A2_T15
E1_iterative_r1__softimpute__07_pycombat__post0,E1_iterative_r1,softimpute,07_pycombat,False,0.8229928808695266,0.47480822025144936,0.48506153613875447,0.6426480072256456,0.664401706939544,0.7223258708643232,0.44556340210289214,0.6063776611213441,True,False,False,False,False,False,False,False,supplementary,A2_T15
E1_iterative_r1__softimpute__07_pycombat__post1,E1_iterative_r1,softimpute,07_pycombat,True,0.826505844635311,0.49146669565937673,0.4850138427108718,0.6369741011120283,0.6625680066447477,0.7226758765399166,0.5288824366671551,0.609990121029397,True,False,False,False,False,False,False,False,supplementary,A2_T15
E1_iterative_r1__softimpute__08_inmoose_combatseq__post0,E1_iterative_r1,softimpute,08_inmoose_combatseq,False,0.5451167811581027,0.35486022709096743,0.48906861920727346,0.48340096421198187,0.3560737445277921,0.5336220006655662,0.7422716098227898,0.4681116479170814,False,False,False,False,False,False,False,False,supplementary,A2_T15
E1_iterative_r1__softimpute__08_inmoose_combatseq__post1,E1_iterative_r1,softimpute,08_inmoose_combatseq,True,0.570882045297375,0.36817959785461096,0.5015312267127933,0.4878584242470757,0.3563725063046435,0.5298592781929637,0.7658422923189493,0.4821128235279637,False,False,False,False,False,False,False,False,supplementary,A2_T15
E1_iterative_r1__softimpute__09_ruv__post0,E1_iterative_r1,softimpute,09_ruv,False,0.42671247626206127,0.4191346793690701,0.596206844270305,0.42234494406104933,0.286859319518804,0.42707968657163015,0.3883872879448606,0.46609973599062143,False,False,False,False,False,False,False,False,supplementary,A2_T15
E1_iterative_r1__softimpute__09_ruv__post1,E1_iterative_r1,softimpute,09_ruv,True,0.4249903402118084,0.4167157243460325,0.602847050769476,0.4161686666061831,0.28690534796201367,0.43132496719935703,0.39010619721233875,0.465180445483375,False,False,False,False,False,False,False,False,supplementary,A2_T15
E1_iterative_r1__softimpute__10_mnn__post0,E1_iterative_r1,softimpute,10_mnn,False,0.49663096188745687,0.6716909949625941,0.6115727601301792,0.5917380007650124,0.13763162687249525,0.8276405753765105,0.44070081830968183,0.5929081794363107,False,False,False,False,False,True,False,False,supplementary,A2_T15
E1_iterative_r1__softimpute__10_mnn__post1,E1_iterative_r1,softimpute,10_mnn,True,0.5320605238869316,0.6878917007748939,0.6229776593692063,0.6170283788913391,0.13728317046032765,0.8312734165722129,0.4299694522469498,0.6149895657305927,False,False,False,False,False,True,False,False,supplementary,A2_T15
E1_iterative_r1__softimpute__11_harmony__post0,E1_iterative_r1,softimpute,11_harmony,False,0.5149627860262206,0.5278275635598572,0.16890045969581902,0.4698016771495548,0.20752017726076677,0.7279725252676993,0.43458058428443996,0.4203731216078629,False,False,False,False,False,False,False,False,supplementary,A2_T15
E1_iterative_r1__softimpute__11_harmony__post1,E1_iterative_r1,softimpute,11_harmony,True,0.5314798635883352,0.5068380018068338,0.17056541083976606,0.47978650865275624,0.20652667072162612,0.7230168877431116,0.44846053263978786,0.4221674462219228,False,False,False,False,False,False,False,False,supplementary,A2_T15
E1_iterative_r1__softimpute__12_scanorama__post0,E1_iterative_r1,softimpute,12_scanorama,False,0.5380334607793372,0.5741560991000447,0.6082322871693735,0.5818964830498887,0.06952883518112891,0.8107748220314295,0.3053881726487382,0.575579582524661,False,False,False,False,False,True,False,False,supplementary,A2_T15
E1_iterative_r1__softimpute__12_scanorama__post1,E1_iterative_r1,softimpute,12_scanorama,True,0.5496159684202612,0.5713732465891783,0.6059275639552135,0.5900628242442755,0.06889174546824788,0.8007503583022286,0.32224150041359734,0.5792449008022321,False,False,False,False,False,True,False,False,supplementary,A2_T15
E1_iterative_r1__softimpute__13_fsmvn__post0,E1_iterative_r1,softimpute,13_fsmvn,False,0.8378387403122877,0.6361247146409656,0.4851164795568317,0.6655844193882162,0.6367157721336838,0.40017432704393235,0.45201202499176224,0.6561660884745752,True,False,False,False,False,False,False,False,supplementary,A2_T15
E1_iterative_r1__softimpute__13_fsmvn__post1,E1_iterative_r1,softimpute,13_fsmvn,True,0.8455827093073794,0.6446186895780239,0.4837073914718399,0.6541740352849282,0.6307810893497545,0.40618605090190857,0.4939696042222901,0.6570207064105429,True,False,False,False,False,False,False,False,supplementary,A2_T15
E1_iterative_r1__softimpute__14_qsmooth__post0,E1_iterative_r1,softimpute,14_qsmooth,False,0.4005696374438594,0.2955824220657668,0.3229887429291364,0.4252782304176894,0.4020712310943983,0.5427842151458047,0.629066457535329,0.36110475821411303,False,False,False,False,False,False,False,False,supplementary,A2_T15
E1_iterative_r1__softimpute__14_qsmooth__post1,E1_iterative_r1,softimpute,14_qsmooth,True,0.3989788804832537,0.2961257256480244,0.32735853398533027,0.4081472693341991,0.40177462954241105,0.5361295812946002,0.6375968372117101,0.3576526023627019,False,False,False,False,False,False,False,False,supplementary,A2_T15
E1_iterative_r1__softimpute__15_fsqn_py__post0,E1_iterative_r1,softimpute,15_fsqn_py,False,0.5075453434165024,0.43556465984125126,0.2562097440068306,0.4841141273038321,0.39769547828430246,0.13788830662650783,0.5951293149258673,0.4208584686421041,False,False,False,False,False,False,False,False,supplementary,A2_T15
E1_iterative_r1__softimpute__15_fsqn_py__post1,E1_iterative_r1,softimpute,15_fsqn_py,True,0.5169803831065998,0.4476775694183516,0.2636993375523339,0.457589913067028,0.39755414180448834,0.13788830662650783,0.5741035837049686,0.4214868007860783,False,False,False,False,False,False,False,False,supplementary,A2_T15
E1_iterative_r1__softimpute__16_fsqn_r__post0,E1_iterative_r1,softimpute,16_fsqn_r,False,0.7482418208714221,0.7319342434461543,0.6966667271042994,0.7329865120108984,0.5817299935999685,0.5111694567501482,0.40320138706345515,0.7274573258581936,False,False,False,True,False,False,False,False,supplementary,A2_T15
E1_iterative_r1__softimpute__16_fsqn_r__post1,E1_iterative_r1,softimpute,16_fsqn_r,True,0.7488634363443188,0.7103123568372116,0.6849586012417014,0.719998311884772,0.5786562610512654,0.511071455906726,0.42475787029285544,0.7160331765770009,False,False,False,True,False,False,False,False,supplementary,A2_T15
E1_iterative_r1__softimpute__17_quantile__post0,E1_iterative_r1,softimpute,17_quantile,False,0.5105984784717998,0.4245175016206204,0.3626691465345717,0.5237114233035431,0.3979428532260497,0.13788830662650783,0.6410088177630959,0.4553741374826338,False,False,False,False,False,False,False,False,supplementary,A2_T15
E1_iterative_r1__softimpute__17_quantile__post1,E1_iterative_r1,softimpute,17_quantile,True,0.5215154564408045,0.4363848751466774,0.3711209781344138,0.4808035831192249,0.3982349107177694,0.13788830662650783,0.6229030183656163,0.4524562232102801,False,False,False,False,False,False,False,False,supplementary,A2_T15
E1_iterative_r1__softimpute__18_rank__post0,E1_iterative_r1,softimpute,18_rank,False,0.49437288011598307,0.3979711555761498,0.42060717632745614,0.49385707291583336,0.414395869917292,0.3961764976434385,0.6018693871851246,0.4517020712338556,False,False,False,False,False,False,False,False,supplementary,A2_T15
E1_iterative_r1__softimpute__18_rank__post1,E1_iterative_r1,softimpute,18_rank,True,0.5001219084467082,0.41177650208379135,0.31963986463303323,0.5046585892889139,0.4172295576853309,0.38927721480016625,0.5919343801177036,0.4340492161131117,False,False,False,False,False,False,False,False,supplementary,A2_T15
E1_iterative_r1__softimpute__19_tdm__post0,E1_iterative_r1,softimpute,19_tdm,False,0.4805131462025027,0.3566211480335418,0.45714140606087367,0.5012519772480315,0.5367110705495229,0.48463519279474,0.5725539239895927,0.4488819193862374,False,False,False,False,False,False,False,False,supplementary,A2_T15
E1_iterative_r1__softimpute__19_tdm__post1,E1_iterative_r1,softimpute,19_tdm,True,0.5413539607125408,0.3545210167058029,0.47096415604257447,0.47425749337992396,0.5345494995758551,0.4779662869039522,0.6842708536292254,0.4602741567102105,False,False,False,False,False,False,False,False,supplementary,A2_T15
E1_iterative_r1__softimpute__21_harmonizr__post0,E1_iterative_r1,softimpute,21_harmonizr,False,0.7728334254281042,0.5418578724929064,0.5375197766828423,0.6064648067043962,0.7419770822814723,0.2891426842432953,0.3884796232726655,0.6146689703270622,False,False,False,False,False,False,False,False,supplementary,A2_T15
E1_iterative_r1__softimpute__21_harmonizr__post1,E1_iterative_r1,softimpute,21_harmonizr,True,0.7817090444007349,0.5038113638220498,0.5491640025990506,0.5836035373443909,0.7398629812820897,0.2912384982098473,0.4724455994249041,0.6045719870415566,False,False,False,False,False,False,False,False,supplementary,A2_T15
E1_iterative_r1__softimpute__25_angel__post0,E1_iterative_r1,softimpute,25_angel,False,0.6258560630149597,0.7123989067291531,0.4823580081413861,0.5777121611863852,0.4109256450874409,0.6181947304351838,0.6769433047200926,0.599581284767971,False,False,False,False,False,False,False,False,supplementary,A2_T15
E1_iterative_r1__softimpute__25_angel__post1,E1_iterative_r1,softimpute,25_angel,True,0.6279312311091376,0.7198006360360548,0.4936007137006838,0.5476996855739675,0.41302654599424515,0.6084895813326328,0.6660573073813838,0.597258066604961,False,False,False,False,False,False,False,False,supplementary,A2_T15
E1_iterative_r1__softimpute__26_xpn__post0,E1_iterative_r1,softimpute,26_xpn,False,0.717561788122301,0.6725550005024394,0.3883792508173645,0.6498802115352557,0.5819644419840816,0.13788830662650783,0.36804565543822043,0.6070940627443402,False,False,False,False,False,False,False,False,supplementary,A2_T15
E1_iterative_r1__softimpute__26_xpn__post1,E1_iterative_r1,softimpute,26_xpn,True,0.7362647095365099,0.652736468247658,0.39906224698997195,0.6834888392157586,0.5777532964263279,0.13788830662650783,0.4045440088086614,0.6178880659974746,False,False,False,False,False,False,False,False,supplementary,A2_T15
E1_iterative_r1__softimpute__28_npn__post0,E1_iterative_r1,softimpute,28_npn,False,0.7741167536642567,0.6678660989982697,0.11015070650383858,0.7015624752513346,0.6463797201007052,0.18271105623610304,0.36307288777269614,0.5634240086044249,False,False,False,False,False,False,False,False,supplementary,A2_T15
E1_iterative_r1__softimpute__28_npn__post1,E1_iterative_r1,softimpute,28_npn,True,0.7765481960255339,0.6408280363172237,0.09386184261362616,0.6863716810476045,0.6443062455896718,0.18198496067424086,0.35751976561511023,0.5494024390009971,False,False,False,False,False,False,False,False,supplementary,A2_T15
E1_iterative_r1__softimpute__31_ruv3prps__post0,E1_iterative_r1,softimpute,31_ruv3prps,False,0.5251143185725232,0.36201717958303964,0.15310458853810965,0.5067720439245419,0.7375652301232865,0.5283352024570258,0.5771471697366655,0.3867520326545536,False,False,False,False,False,False,False,False,supplementary,A2_T15
E1_iterative_r1__softimpute__31_ruv3prps__post1,E1_iterative_r1,softimpute,31_ruv3prps,True,0.5557522187441488,0.3620106276678466,0.16453220287363718,0.5349468837134088,0.7348755803790872,0.5276534033437233,0.709651328309786,0.4043104832497603,False,False,False,False,False,False,False,False,supplementary,A2_T15
E1_iterative_r1__softimpute__36_explobatch__post0,E1_iterative_r1,softimpute,36_explobatch,False,0.5294577223649097,0.3651068033342855,0.1569831249663564,0.5361436390873544,0.8236367584548961,0.3961764976434385,0.5777393251120466,0.3969228224382265,False,False,False,False,True,False,False,False,supplementary,A2_T15
E1_iterative_r1__softimpute__36_explobatch__post1,E1_iterative_r1,softimpute,36_explobatch,True,0.5583715147601515,0.3627372802437303,0.16684254522950484,0.5233331884908373,0.8236367584548961,0.39404127095880587,0.7163704359332292,0.402821132181056,False,False,False,False,True,False,False,False,supplementary,A2_T15
E1_iterative_r1__softimpute__20_shambhala__post0,E1_iterative_r1,softimpute,20_shambhala,False,0.494740406837664,0.4525653654665686,0.49859962003943276,0.5343336287530155,0.3270347423490988,0.13788830662650783,0.7818205808077338,0.49505975527417023,False,False,False,False,False,False,True,False,supplementary,A2_T15
E1_iterative_r1__softimpute__20_shambhala__post1,E1_iterative_r1,softimpute,20_shambhala,True,0.501127264388283,0.450245981599952,0.5001217679274658,0.5174595704743565,0.32725729450547003,0.13788830662650783,0.820693522728373,0.49223864609751433,False,False,False,False,False,False,True,False,supplementary,A2_T15
E1_iterative_r1__strict__01_raw__post0,E1_iterative_r1,strict,01_raw,False,0.29118898553637507,0.36802963085388135,0.3109645869072008,0.4588831479774714,0.7947037398173117,0.5668989326225176,0.672869707988076,0.35726658781873216,False,False,False,False,False,False,False,False,supplementary,A2_T15
E1_iterative_r1__strict__01_raw__post1,E1_iterative_r1,strict,01_raw,True,0.29956018642675536,0.3596738171644583,0.3245444781932011,0.4689296891182286,0.7947037398173117,0.5674533349928963,0.7237408227624517,0.3631770427256608,False,False,False,False,False,False,False,False,supplementary,A2_T15
E1_iterative_r1__strict__02_median_scaling__post0,E1_iterative_r1,strict,02_median_scaling,False,0.6589744055786677,0.6613133034548856,0.7137450476554988,0.676321277144154,0.601290369531207,0.38559552504155953,0.30156931021880806,0.6775885084583015,False,False,False,False,False,False,False,False,supplementary,A2_T15
E1_iterative_r1__strict__02_median_scaling__post1,E1_iterative_r1,strict,02_median_scaling,True,0.6706273024618618,0.6658269626451593,0.7348898142692569,0.6764716173564632,0.5918714902638194,0.3900110731741755,0.2598267212495756,0.6869539241831852,False,False,False,False,False,False,False,False,supplementary,A2_T15
E1_iterative_r1__strict__03_limma__post0,E1_iterative_r1,strict,03_limma,False,0.8076783945213598,0.5736398216025895,0.7255061497160579,0.6900278067893104,0.6218379621961058,0.44069445095888626,0.34482000651521183,0.6992130431573294,True,False,False,False,False,False,False,False,supplementary,A2_T15
E1_iterative_r1__strict__03_limma__post1,E1_iterative_r1,strict,03_limma,True,0.8104803066683043,0.5976335733426713,0.7162427019691583,0.691799098662213,0.6172701159088858,0.44930754317098864,0.3429828507806508,0.7040389201605868,True,False,False,False,False,False,False,False,supplementary,A2_T15
E1_iterative_r1__strict__04_sva__post0,E1_iterative_r1,strict,04_sva,False,0.3015107043717522,0.37516908521843445,0.3163587171277804,0.492975153565553,0.63333761553946,0.5608165975710642,0.6894363899928583,0.37150341507088,False,False,False,False,False,False,False,False,supplementary,A2_T15
E1_iterative_r1__strict__04_sva__post1,E1_iterative_r1,strict,04_sva,True,0.3108017379572079,0.3640361446070095,0.33040667437246773,0.46140290085148095,0.6319232066833845,0.5617773658343849,0.7230856855107094,0.3666618644470415,False,False,False,False,False,False,False,False,supplementary,A2_T15
E1_iterative_r1__strict__05_combat__post0,E1_iterative_r1,strict,05_combat,False,0.6959939046392292,0.5938558360649566,0.575243513566556,0.6016377038566256,0.49080457330850535,0.5659594518103206,0.800392658417883,0.6166827395318418,False,False,False,False,False,False,True,False,supplementary,A2_T15
E1_iterative_r1__strict__05_combat__post1,E1_iterative_r1,strict,05_combat,True,0.6980745835444738,0.5905950929795339,0.581803298263454,0.6065510874532638,0.48941547809970326,0.5661034142593219,0.8279984806320846,0.6192560155601814,False,False,False,False,False,False,True,False,supplementary,A2_T15
E1_iterative_r1__strict__06_combat_seq__post0,E1_iterative_r1,strict,06_combat_seq,False,0.34112838354496317,0.3843122037979706,0.5831890992173147,0.4988605068986165,0.35161713968291247,0.6985447866554576,0.7984659041536576,0.45187254836471624,False,False,False,False,False,False,True,False,supplementary,A2_T15
E1_iterative_r1__strict__06_combat_seq__post1,E1_iterative_r1,strict,06_combat_seq,True,0.3488743470439523,0.40378969133833564,0.6003061054703197,0.5111230982862668,0.35446009139770784,0.6937678302010716,0.8125451111315596,0.46602331053471857,False,False,False,False,False,False,True,False,supplementary,A2_T15
E1_iterative_r1__strict__07_pycombat__post0,E1_iterative_r1,strict,07_pycombat,False,0.7104629872812861,0.5795215943529438,0.6887841627280895,0.6590388937541243,0.5754851545640851,0.5878274488383726,0.39806463845128087,0.6594519095291109,False,False,False,False,False,False,False,False,supplementary,A2_T15
E1_iterative_r1__strict__07_pycombat__post1,E1_iterative_r1,strict,07_pycombat,True,0.7165735420184641,0.5739440116701278,0.6858201926209682,0.6470482742267027,0.5728459722220841,0.5815498824291981,0.38497259270916645,0.6558465051340656,False,False,False,False,False,False,False,False,supplementary,A2_T15
E1_iterative_r1__strict__08_inmoose_combatseq__post0,E1_iterative_r1,strict,08_inmoose_combatseq,False,0.34112838354496317,0.3843122037979706,0.5831890992173147,0.4988605068986165,0.35161713968291247,0.6985447866554576,0.7984659041536576,0.45187254836471624,False,False,False,False,False,False,True,False,supplementary,A2_T15
E1_iterative_r1__strict__08_inmoose_combatseq__post1,E1_iterative_r1,strict,08_inmoose_combatseq,True,0.3488743470439523,0.40378969133833564,0.6003061054703197,0.5109840864977085,0.35446009139770784,0.6937678302010716,0.8125451111315596,0.46598855758757907,False,False,False,False,False,False,True,False,supplementary,A2_T15
E1_iterative_r1__strict__09_ruv__post0,E1_iterative_r1,strict,09_ruv,False,0.49944274278814427,0.5460749787765615,0.7018563586332808,0.5164060860450616,0.25390417024141,0.48681982235820076,0.606203021790462,0.5659450415607621,False,False,False,False,False,False,False,False,supplementary,A2_T15
E1_iterative_r1__strict__09_ruv__post1,E1_iterative_r1,strict,09_ruv,True,0.4937759294568371,0.5560331074049956,0.6995422729995464,0.47863687138176403,0.2537981134667682,0.47884232622631206,0.5901621502396108,0.5569970453107858,False,False,False,False,False,False,False,False,supplementary,A2_T15
E1_iterative_r1__strict__10_mnn__post0,E1_iterative_r1,strict,10_mnn,False,0.558879533304631,0.7669505747254342,0.7521236273880528,0.6550053134391945,0.2047066991797043,0.8133845253618595,0.5537887690270374,0.6832397622143281,False,True,False,False,False,True,False,False,supplementary,A2_T15
E1_iterative_r1__strict__10_mnn__post1,E1_iterative_r1,strict,10_mnn,True,0.5559127720461082,0.7571860385689952,0.7481471203132287,0.6589461353849198,0.20399233054679977,0.8134449513458117,0.5728695048009828,0.6800480165783129,False,False,False,False,False,True,False,False,supplementary,A2_T15
E1_iterative_r1__strict__11_harmony__post0,E1_iterative_r1,strict,11_harmony,False,0.31039359028938035,0.5654794333608485,0.32931402145178695,0.5698769879313472,0.22050290418427335,0.7256436567120623,0.3871797689916436,0.4437660082583407,False,False,False,False,False,False,False,False,supplementary,A2_T15
E1_iterative_r1__strict__11_harmony__post1,E1_iterative_r1,strict,11_harmony,True,0.31345774364559875,0.5589590967754787,0.3337612337206566,0.5637843723028264,0.2244444500320071,0.7293404670389372,0.40356616863234046,0.4424906116111401,False,False,False,False,False,False,False,False,supplementary,A2_T15
E1_iterative_r1__strict__12_scanorama__post0,E1_iterative_r1,strict,12_scanorama,False,0.302869536041669,0.5259628630159102,0.5170972940171098,0.49614832601938536,0.16187713303503368,0.7966332391330934,0.5935729428067483,0.4605195047735186,False,False,False,False,False,True,False,False,supplementary,A2_T15
E1_iterative_r1__strict__12_scanorama__post1,E1_iterative_r1,strict,12_scanorama,True,0.31106770569086134,0.5269362544094647,0.5235182270719932,0.49734199409249336,0.16141419698850654,0.788375665310874,0.6038532292698641,0.46471604531620314,False,False,False,False,False,False,False,False,supplementary,A2_T15
E1_iterative_r1__strict__13_fsmvn__post0,E1_iterative_r1,strict,13_fsmvn,False,0.7836521552298549,0.6758734114838982,0.7283614461795908,0.6856571995285242,0.6040470645834121,0.6034465354984427,0.39095827811581174,0.718386053105467,True,False,False,False,False,False,False,False,supplementary,A2_T15
E1_iterative_r1__strict__13_fsmvn__post1,E1_iterative_r1,strict,13_fsmvn,True,0.7965777317053341,0.6398530262059263,0.7276072444663818,0.6670437066567089,0.5983488984210529,0.6047799094007544,0.43974356604640014,0.7077704272585877,True,False,False,False,False,False,False,False,supplementary,A2_T15
E1_iterative_r1__strict__14_qsmooth__post0,E1_iterative_r1,strict,14_qsmooth,False,0.1934483852475296,0.2588151897558928,0.3987448072930398,0.38123514741399284,0.4028149806297019,0.5577146861626292,0.6292929705110955,0.30806088242761376,False,False,False,False,False,False,False,False,supplementary,A2_T15
E1_iterative_r1__strict__14_qsmooth__post1,E1_iterative_r1,strict,14_qsmooth,True,0.18785526749431683,0.24595331440543627,0.41438897574277433,0.3493340631824706,0.4162849478422191,0.5675943370107779,0.652858356874979,0.29938290520624955,False,False,False,False,False,False,False,False,supplementary,A2_T15
E1_iterative_r1__strict__15_fsqn_py__post0,E1_iterative_r1,strict,15_fsqn_py,False,0.3543857903909934,0.45008342960777215,0.5105452918958929,0.4271809605667307,0.43010954758134684,0.5534499828736429,0.673021714144,0.43554886811534727,False,False,False,False,False,False,False,False,supplementary,A2_T15
E1_iterative_r1__strict__15_fsqn_py__post1,E1_iterative_r1,strict,15_fsqn_py,True,0.3445974968737471,0.4479899614210996,0.5144068363126627,0.4528009768398879,0.4252353901919129,0.542121008816871,0.7190319317248992,0.43994881786184936,False,False,False,False,False,False,False,False,supplementary,A2_T15
E1_iterative_r1__strict__16_fsqn_r__post0,E1_iterative_r1,strict,16_fsqn_r,False,0.701858970328008,0.7290968161825915,0.7892284569733362,0.7057282247453469,0.5706237922562084,0.463451898125052,0.41587321792172977,0.7314781170573207,False,False,False,True,False,False,False,False,supplementary,A2_T15
E1_iterative_r1__strict__16_fsqn_r__post1,E1_iterative_r1,strict,16_fsqn_r,True,0.7027166241110407,0.7127250551683655,0.7785089146705644,0.697772096421304,0.5681492599336875,0.46406775780001414,0.3956112873477596,0.7229306725928186,False,False,False,False,False,False,False,False,supplementary,A2_T15
E1_iterative_r1__strict__17_quantile__post0,E1_iterative_r1,strict,17_quantile,False,0.35441219717379746,0.45540708470963365,0.6191479166266706,0.4439356702888726,0.4300680788727684,0.553246709114451,0.6785472683585699,0.4682257171997436,False,False,False,False,False,False,False,False,supplementary,A2_T15
E1_iterative_r1__strict__17_quantile__post1,E1_iterative_r1,strict,17_quantile,True,0.34515971288888153,0.4519834020937401,0.6236322715571736,0.4257471503190896,0.42529610179410987,0.5423608495488961,0.7236966137847677,0.46163063421472117,False,False,False,False,False,False,False,False,supplementary,A2_T15
E1_iterative_r1__strict__18_rank__post0,E1_iterative_r1,strict,18_rank,False,0.3462946166143947,0.4146578342756858,0.5628682347709023,0.4610898518619427,0.4342657108800843,0.5668989326225176,0.6508215071312936,0.4462276343807313,False,False,False,False,False,False,False,False,supplementary,A2_T15
E1_iterative_r1__strict__18_rank__post1,E1_iterative_r1,strict,18_rank,True,0.3536747092499464,0.45917792885871733,0.5681847501328452,0.4525193680238903,0.4432446326746181,0.5814154676653039,0.5649885350388439,0.4583891890663498,False,False,False,False,False,False,False,False,supplementary,A2_T15
E1_iterative_r1__strict__19_tdm__post0,E1_iterative_r1,strict,19_tdm,False,0.2783648976369859,0.4031136176027508,0.39393464745838397,0.4679672045216785,0.5021753323122641,0.535070500286051,0.5195208149525079,0.3858450918049498,False,False,False,False,False,False,False,False,supplementary,A2_T15
E1_iterative_r1__strict__19_tdm__post1,E1_iterative_r1,strict,19_tdm,True,0.28602995727573743,0.407695469323648,0.41436362046357916,0.4664227314700504,0.500471890787917,0.5354871704445612,0.558693669285867,0.39362794463325373,False,False,False,False,False,False,False,False,supplementary,A2_T15
E1_iterative_r1__strict__21_harmonizr__post0,E1_iterative_r1,strict,21_harmonizr,False,0.6732806002076979,0.630774069104491,0.7500665619893214,0.5987054093711829,0.7052142582966654,0.3970901489889025,0.34556683110213365,0.6632066601681733,False,False,False,False,False,False,False,False,supplementary,A2_T15
E1_iterative_r1__strict__21_harmonizr__post1,E1_iterative_r1,strict,21_harmonizr,True,0.6755577018057243,0.6075899996967751,0.7396689394046607,0.5837096211504408,0.7029098727212921,0.40559145435418925,0.3562822531610433,0.6516315655144002,False,False,False,False,False,False,False,False,supplementary,A2_T15
E1_iterative_r1__strict__25_angel__post0,E1_iterative_r1,strict,25_angel,False,0.5999922047488789,0.7441068275713576,0.5703664556321272,0.559636161376766,0.38153256490599824,0.621720010980788,0.7634587708359336,0.6185254123322824,False,False,False,False,False,False,False,False,supplementary,A2_T15
E1_iterative_r1__strict__25_angel__post1,E1_iterative_r1,strict,25_angel,True,0.6049954111418105,0.7424943412109626,0.5820417535110729,0.5918332264215215,0.3815605416293644,0.6210003847604234,0.7660624497266942,0.6303411830713419,False,False,False,False,False,False,False,False,supplementary,A2_T15
E1_iterative_r1__strict__26_xpn__post0,E1_iterative_r1,strict,26_xpn,False,0.6563367581372904,0.6754241472817313,0.7489439879961463,0.6783548002496337,0.5622034890773211,0.4379489391429294,0.369685949378599,0.6897649234162004,False,False,False,False,False,False,False,False,supplementary,A2_T15
E1_iterative_r1__strict__26_xpn__post1,E1_iterative_r1,strict,26_xpn,True,0.6838795684667489,0.676112570889843,0.759091211328005,0.6919965662789457,0.558241224091195,0.43934199651541933,0.4207589685903443,0.7027699792408856,False,False,False,False,False,False,False,False,supplementary,A2_T15
E1_iterative_r1__strict__28_npn__post0,E1_iterative_r1,strict,28_npn,False,0.7034878190662016,0.6777326078017372,0.5974964300732705,0.6845651019882449,0.6117490713432335,0.20880185127685438,0.3990130024935888,0.6658204897323635,False,False,False,False,False,False,False,False,supplementary,A2_T15
E1_iterative_r1__strict__28_npn__post1,E1_iterative_r1,strict,28_npn,True,0.7037030751307035,0.6287355030422057,0.5811069193793872,0.6711830821519243,0.6093786996558346,0.20731115963677615,0.4011770499088091,0.6461821449260552,False,False,False,False,False,False,False,False,supplementary,A2_T15
E1_iterative_r1__strict__31_ruv3prps__post0,E1_iterative_r1,strict,31_ruv3prps,False,0.2911780119894444,0.36724552515739023,0.46907530231298544,0.46614970131000966,0.703418400993146,0.5673249875021663,0.6865281988181696,0.39841213519245744,False,False,False,False,False,False,False,False,supplementary,A2_T15
E1_iterative_r1__strict__31_ruv3prps__post1,E1_iterative_r1,strict,31_ruv3prps,True,0.30008941366389713,0.3598498527948641,0.3250446056672739,0.4719553157522371,0.7009162210829422,0.5678282113336874,0.7238987026989336,0.36423479696956806,False,False,False,False,False,False,False,False,supplementary,A2_T15
E1_iterative_r1__strict__36_explobatch__post0,E1_iterative_r1,strict,36_explobatch,False,0.29127037236798564,0.36740995242170293,0.3109645869072008,0.46618695092266366,0.7617166059717619,0.5668199736180326,0.6861742900009442,0.3589579656548883,False,False,False,False,False,False,False,False,supplementary,A2_T15
E1_iterative_r1__strict__36_explobatch__post1,E1_iterative_r1,strict,36_explobatch,True,0.3002117067429857,0.35979551136433213,0.3245444781932011,0.46891612464629345,0.7611234371576202,0.5674533349928963,0.7243597253120562,0.3633669552367031,False,False,False,False,False,False,False,False,supplementary,A2_T15
E1_iterative_r1__strict__20_shambhala__post0,E1_iterative_r1,strict,20_shambhala,False,0.3559589071885268,0.483275591920744,0.6448759835763663,0.4854727270016726,0.3214835584477303,0.782367410571138,0.691981900696085,0.4923958024218274,False,False,False,False,False,False,False,False,supplementary,A2_T15
E1_iterative_r1__strict__20_shambhala__post1,E1_iterative_r1,strict,20_shambhala,True,0.3628255234033755,0.46313709704566913,0.6246071083042806,0.4935254237330194,0.3213439986898928,0.7820476414272866,0.6834696584898752,0.48602378812158614,False,False,False,False,False,False,False,False,supplementary,A2_T15
E2_iterative_r2__knn__01_raw__post0,E2_iterative_r2,knn,01_raw,False,0.3395500936151318,0.409873645737127,0.26982184931975406,0.46929296514960683,0.8236367584548961,0.4978982024588773,0.5801456899070144,0.37213463845540484,False,False,False,False,True,False,False,False,supplementary,A2_T15
E2_iterative_r2__knn__01_raw__post1,E2_iterative_r2,knn,01_raw,True,0.4043725758710642,0.39427968794289614,0.2899980322862713,0.45845166742608295,0.8236367584548961,0.5030411805755395,0.661156239411068,0.3867754908815787,False,False,False,False,True,False,False,False,supplementary,A2_T15
E2_iterative_r2__knn__02_median_scaling__post0,E2_iterative_r2,knn,02_median_scaling,False,0.6885043136324707,0.5811882681907139,0.6394250714765405,0.6859440878804545,0.6354154027754939,0.3838575307967184,0.28164766124752594,0.6487654352950449,False,False,False,False,False,False,False,False,supplementary,A2_T15
E2_iterative_r2__knn__02_median_scaling__post1,E2_iterative_r2,knn,02_median_scaling,True,0.7050206600736955,0.6118303194180712,0.6646046747465989,0.6893391220065375,0.6265686333650385,0.3874709191784711,0.31037422365435857,0.6676986940612257,False,False,False,False,False,False,False,False,supplementary,A2_T15
E2_iterative_r2__knn__03_limma__post0,E2_iterative_r2,knn,03_limma,False,0.8454444604778981,0.5235751409145405,0.651400264840237,0.6563734044184037,0.6523497139385336,0.3979887541590499,0.3761310374212659,0.6691983176627698,True,False,False,False,False,False,False,False,supplementary,A2_T15
E2_iterative_r2__knn__03_limma__post1,E2_iterative_r2,knn,03_limma,True,0.8548698781874056,0.5381282902857901,0.6387180980645752,0.6231328456557347,0.6520879071812352,0.4000832832210325,0.3934328238247221,0.6637122780483764,True,False,False,False,False,False,False,False,supplementary,A2_T15
E2_iterative_r2__knn__04_sva__post0,E2_iterative_r2,knn,04_sva,False,0.3548805997299984,0.4133249151709606,0.27315410984005317,0.48975363345934525,0.6591685944371443,0.491125239833057,0.5789877601748593,0.38277831455008937,False,False,False,False,False,False,False,False,supplementary,A2_T15
E2_iterative_r2__knn__04_sva__post1,E2_iterative_r2,knn,04_sva,True,0.4175089108300346,0.39734274402748004,0.29245118791271074,0.44092746649234776,0.6575346292350025,0.4967808236851021,0.6600024768700464,0.3870575773156433,False,False,False,False,False,False,False,False,supplementary,A2_T15
E2_iterative_r2__knn__05_combat__post0,E2_iterative_r2,knn,05_combat,False,0.546805169375017,0.43925263691393723,0.4110028849949947,0.4769113828590249,0.5115392120200135,0.4913783183185563,0.8151464166956128,0.46849301853574343,False,False,False,False,False,False,True,False,supplementary,A2_T15
E2_iterative_r2__knn__05_combat__post1,E2_iterative_r2,knn,05_combat,True,0.5789567212241249,0.48258581722318405,0.4131496336616181,0.4765062611444037,0.5101788235602734,0.5160027047824969,0.8448703872289497,0.4877996083133327,False,False,False,False,False,False,True,False,supplementary,A2_T15
E2_iterative_r2__knn__06_combat_seq__post0,E2_iterative_r2,knn,06_combat_seq,False,0.3932258594306161,0.395115403882193,0.5799222862594227,0.44353790383637187,0.3784863657392474,0.6693955652223725,0.7436015854391675,0.4529503633521509,False,False,False,False,False,False,False,False,supplementary,A2_T15
E2_iterative_r2__knn__06_combat_seq__post1,E2_iterative_r2,knn,06_combat_seq,True,0.44652772785008515,0.4320142973018229,0.595572365028124,0.44571514079929014,0.37960698525944014,0.6713221553939936,0.7786012856399078,0.4799573827448305,False,False,False,False,False,False,False,False,supplementary,A2_T15
E2_iterative_r2__knn__07_pycombat__post0,E2_iterative_r2,knn,07_pycombat,False,0.7600006344541675,0.5332230590450225,0.6178552144016484,0.6587647354673486,0.6570015393566124,0.6088036082204511,0.37812733660853665,0.6424609108420467,False,False,False,False,False,False,False,False,supplementary,A2_T15
E2_iterative_r2__knn__07_pycombat__post1,E2_iterative_r2,knn,07_pycombat,True,0.7599749909033082,0.5672980126884227,0.6042248365767371,0.6438303113038487,0.654352774909417,0.6083435335355113,0.342761260429604,0.6438320378680792,False,False,False,False,False,False,False,False,supplementary,A2_T15
E2_iterative_r2__knn__08_inmoose_combatseq__post0,E2_iterative_r2,knn,08_inmoose_combatseq,False,0.3933427515101378,0.3950894511256756,0.579966790902808,0.45164155919620896,0.3784863657392474,0.6693955652223725,0.7433718715246842,0.4550101381837076,False,False,False,False,False,False,False,False,supplementary,A2_T15
E2_iterative_r2__knn__08_inmoose_combatseq__post1,E2_iterative_r2,knn,08_inmoose_combatseq,True,0.4465632330979961,0.43203018554948963,0.5956168696715093,0.45976754281119847,0.37960698525944014,0.6713221553939936,0.7785434017035859,0.4834944577825484,False,False,False,False,False,False,False,False,supplementary,A2_T15
E2_iterative_r2__knn__09_ruv__post0,E2_iterative_r2,knn,09_ruv,False,0.4409629812563656,0.4986861661405224,0.6629198556663911,0.4778671399900314,0.2982418884548022,0.45401829045919845,0.4495009752877434,0.5201090357633276,False,False,False,False,False,False,False,False,supplementary,A2_T15
E2_iterative_r2__knn__09_ruv__post1,E2_iterative_r2,knn,09_ruv,True,0.4431422494844837,0.502092570035461,0.6711835463015225,0.47127269857222365,0.2978577451327227,0.45664953579059014,0.5147436200216883,0.5219227660984227,False,False,False,False,False,False,False,False,supplementary,A2_T15
E2_iterative_r2__knn__10_mnn__post0,E2_iterative_r2,knn,10_mnn,False,0.39241367235665037,0.7273969374001816,0.7645173706094116,0.6377708218854311,0.21047800337551406,0.8238908652487555,0.4269732240790266,0.6305247005629186,False,False,False,False,False,True,False,False,supplementary,A2_T15
E2_iterative_r2__knn__10_mnn__post1,E2_iterative_r2,knn,10_mnn,True,0.438529193277517,0.7589373981461464,0.7809759079564969,0.6326153464007361,0.20963113427866717,0.8248365213208365,0.4354118523345168,0.652764461445224,False,False,False,False,False,True,False,False,supplementary,A2_T15
E2_iterative_r2__knn__11_harmony__post0,E2_iterative_r2,knn,11_harmony,False,0.4412754854707704,0.5487390584185637,0.3892506870066463,0.6247490167464508,0.19561463038312163,0.7034336293496437,0.48571092501690927,0.5010035619106078,False,False,False,False,False,False,False,False,supplementary,A2_T15
E2_iterative_r2__knn__11_harmony__post1,E2_iterative_r2,knn,11_harmony,True,0.46438600999312923,0.5457332980276175,0.3899990900594835,0.628302848100448,0.1952106791464101,0.704759488634234,0.5566752499386312,0.5071053115451696,False,False,False,False,False,False,False,False,supplementary,A2_T15
E2_iterative_r2__knn__12_scanorama__post0,E2_iterative_r2,knn,12_scanorama,False,0.32444577524054713,0.5625941428724229,0.44657818985707803,0.4948151049593833,0.13440938239370712,0.8141542313178064,0.45752770657063807,0.45710830323235785,False,False,False,False,False,True,False,False,supplementary,A2_T15
E2_iterative_r2__knn__12_scanorama__post1,E2_iterative_r2,knn,12_scanorama,True,0.32873968308492113,0.5620920165951419,0.4629017730105902,0.48775070346686245,0.13477513679817027,0.8139972541669968,0.6203095731700113,0.4603710440393789,False,False,False,False,False,True,False,False,supplementary,A2_T15
E2_iterative_r2__knn__13_fsmvn__post0,E2_iterative_r2,knn,13_fsmvn,False,0.7850327635756706,0.594451710342853,0.6340921708496698,0.6547231003341367,0.6433204880596728,0.6159827063843677,0.3845741340229854,0.6670749362755826,True,False,False,False,False,False,False,False,supplementary,A2_T15
E2_iterative_r2__knn__13_fsmvn__post1,E2_iterative_r2,knn,13_fsmvn,True,0.7919805769059995,0.6585480462922098,0.6474338163365249,0.6374915087200879,0.6387075370181013,0.6177301672497891,0.3886719608057122,0.6838634870637055,True,False,False,False,False,False,False,False,supplementary,A2_T15
E2_iterative_r2__knn__14_qsmooth__post0,E2_iterative_r2,knn,14_qsmooth,False,0.19302966191769697,0.2925611004237325,0.332264299319638,0.37017947107007193,0.4534958001178911,0.49428336100783454,0.5388136433639688,0.29700863318278486,False,False,False,False,False,False,False,False,supplementary,A2_T15
E2_iterative_r2__knn__14_qsmooth__post1,E2_iterative_r2,knn,14_qsmooth,True,0.22578629530871117,0.27397416046858114,0.3481416160656811,0.3732147321671821,0.4556736310638358,0.5013341614276668,0.6419433568247971,0.3052792010025389,False,False,False,False,False,False,False,False,supplementary,A2_T15
E2_iterative_r2__knn__15_fsqn_py__post0,E2_iterative_r2,knn,15_fsqn_py,False,0.36962361787182174,0.47343177216358634,0.4009030438165997,0.4746350644621729,0.46650617679165857,0.48765160827020704,0.6179947695335294,0.42964837457854516,False,False,False,False,False,False,False,False,supplementary,A2_T15
E2_iterative_r2__knn__15_fsqn_py__post1,E2_iterative_r2,knn,15_fsqn_py,True,0.36555624536440323,0.4591244638996093,0.41517209443585196,0.44799590612493423,0.4622661404408261,0.4836594998962033,0.6211193238656504,0.4219621774561997,False,False,False,False,False,False,False,False,supplementary,A2_T15
E2_iterative_r2__knn__16_fsqn_r__post0,E2_iterative_r2,knn,16_fsqn_r,False,0.7124467877774385,0.6771701008949482,0.7466674545850741,0.6821726475310445,0.591963281109924,0.5087375809524194,0.3418600806203369,0.7046142476971263,False,False,False,False,False,False,False,False,supplementary,A2_T15
E2_iterative_r2__knn__16_fsqn_r__post1,E2_iterative_r2,knn,16_fsqn_r,True,0.7137945146940369,0.6835058730332513,0.733981308786325,0.6915395899884408,0.5896925995942256,0.5085938376217547,0.2711024599598786,0.7057053216255135,False,False,False,False,False,False,False,False,supplementary,A2_T15
E2_iterative_r2__knn__17_quantile__post0,E2_iterative_r2,knn,17_quantile,False,0.369682277267424,0.4636687043386975,0.5187747626626229,0.4423508328098253,0.4662401190033775,0.48695852544110174,0.6274189063310157,0.44861914426964244,False,False,False,False,False,False,False,False,supplementary,A2_T15
E2_iterative_r2__knn__17_quantile__post1,E2_iterative_r2,knn,17_quantile,True,0.36449205763215337,0.44809771099349777,0.532632524914439,0.44626199301512437,0.4621839783164423,0.48279905531890904,0.6259798741189604,0.44787107163880363,False,False,False,False,False,False,False,False,supplementary,A2_T15
E2_iterative_r2__knn__18_rank__post0,E2_iterative_r2,knn,18_rank,False,0.36479430722543876,0.4101438949981673,0.4504886430725088,0.43059682376380887,0.46986961216552653,0.4978982024588773,0.6239720767140166,0.4140059172649809,False,False,False,False,False,False,False,False,supplementary,A2_T15
E2_iterative_r2__knn__18_rank__post1,E2_iterative_r2,knn,18_rank,True,0.3589459716352934,0.3987636490281098,0.46574455321706976,0.4321301572918716,0.46477522435454194,0.49342853834243244,0.6273529008996179,0.41389608279308615,False,False,False,False,False,False,False,False,supplementary,A2_T15
E2_iterative_r2__knn__19_tdm__post0,E2_iterative_r2,knn,19_tdm,False,0.3080437292958218,0.4412811312238901,0.40658527207597484,0.4858072590929699,0.5403122940109228,0.46653634888660356,0.5031393014445799,0.4104293479221642,False,False,False,False,False,False,False,False,supplementary,A2_T15
E2_iterative_r2__knn__19_tdm__post1,E2_iterative_r2,knn,19_tdm,True,0.40496942530908697,0.4421990591738685,0.42452821413138936,0.4895647104389874,0.5377859146308022,0.47182804954274005,0.5483645069362151,0.44031535226333307,False,False,False,False,False,False,False,False,supplementary,A2_T15
E2_iterative_r2__knn__21_harmonizr__post0,E2_iterative_r2,knn,21_harmonizr,False,0.5095730439727695,0.4550922393579377,0.5400135848804142,0.5047695596253466,0.7270840156779381,0.33627290398404464,0.39399367394805174,0.502362106959117,False,False,False,False,False,False,False,False,supplementary,A2_T15
E2_iterative_r2__knn__21_harmonizr__post1,E2_iterative_r2,knn,21_harmonizr,True,0.5495383963536639,0.47238505965367344,0.5472860271715978,0.5156011956631892,0.7255386776696118,0.34671587290442596,0.45155784872825855,0.5212026697105311,False,False,False,False,False,False,False,False,supplementary,A2_T15
E2_iterative_r2__knn__25_angel__post0,E2_iterative_r2,knn,25_angel,False,0.5966791396074248,0.6797965252869811,0.5142288991137764,0.5188404126427046,0.42785477249625475,0.6229652429528083,0.6511577689297211,0.5773862441627218,False,False,False,False,False,False,False,False,supplementary,A2_T15
E2_iterative_r2__knn__25_angel__post1,E2_iterative_r2,knn,25_angel,True,0.597852512810034,0.7013030780267208,0.5294195732425436,0.503334129590559,0.42716148215919486,0.6234724839689246,0.6104661686907641,0.5829773234174643,False,False,False,False,False,False,False,False,supplementary,A2_T15
E2_iterative_r2__knn__26_xpn__post0,E2_iterative_r2,knn,26_xpn,False,0.5941291523249679,0.6715029654351149,0.6443759269248343,0.6166907512474308,0.5831998093674773,0.4769897954971815,0.37201193831678564,0.6316746989830869,False,False,False,False,False,False,False,False,supplementary,A2_T15
E2_iterative_r2__knn__26_xpn__post1,E2_iterative_r2,knn,26_xpn,True,0.6531817029400749,0.6776396187130292,0.653639688218761,0.6191441983607813,0.5799662255593189,0.48338344779623127,0.38489204298960344,0.6509013020581615,False,False,False,False,False,False,False,False,supplementary,A2_T15
E2_iterative_r2__knn__28_npn__post0,E2_iterative_r2,knn,28_npn,False,0.7249791228315107,0.6030374735974703,0.5456994056330798,0.6473586256857131,0.6528417116390822,0.20530498660849753,0.37448988377247205,0.6302686569369434,False,False,False,False,False,False,False,False,supplementary,A2_T15
E2_iterative_r2__knn__28_npn__post1,E2_iterative_r2,knn,28_npn,True,0.726425421169032,0.6073584785015123,0.5326727572401571,0.6438756997267324,0.6503983196057137,0.20446899269661334,0.309679651203547,0.6275830891593585,False,False,False,False,False,False,False,False,supplementary,A2_T15
E2_iterative_r2__knn__31_ruv3prps__post0,E2_iterative_r2,knn,31_ruv3prps,False,0.3397332139862557,0.4098936846613189,0.2708848575866311,0.469348839568588,0.7212000330414754,0.4630135426350906,0.5801733108353166,0.3724651489506985,False,False,False,False,False,False,False,False,supplementary,A2_T15
E2_iterative_r2__knn__31_ruv3prps__post1,E2_iterative_r2,knn,31_ruv3prps,True,0.4042504956236483,0.3943133643275671,0.2908131310439157,0.4670665261355394,0.7190020852177406,0.46933045669323764,0.6616143833614992,0.3891108792826676,False,False,False,False,False,False,False,False,supplementary,A2_T15
E2_iterative_r2__knn__36_explobatch__post0,E2_iterative_r2,knn,36_explobatch,False,0.3395500936151318,0.409873645737127,0.26982184931975406,0.46929296514960683,0.8236367584548961,0.4978982024588773,0.5801456899070144,0.37213463845540484,False,False,False,False,True,False,False,False,supplementary,A2_T15
E2_iterative_r2__knn__36_explobatch__post1,E2_iterative_r2,knn,36_explobatch,True,0.4043725758710642,0.39427968794289614,0.2899980322862713,0.48191401343462414,0.8236367584548961,0.5030411805755395,0.661156239411068,0.392641077383714,False,False,False,False,True,False,False,False,supplementary,A2_T15
E2_iterative_r2__knn__20_shambhala__post0,E2_iterative_r2,knn,20_shambhala,False,0.3701144826969322,0.4777961754614092,0.6014188424014919,0.47579553982921735,0.33428314984476803,0.7732534139488715,0.7172158466212687,0.48128126009726263,False,False,False,False,False,False,False,False,supplementary,A2_T15
E2_iterative_r2__knn__20_shambhala__post1,E2_iterative_r2,knn,20_shambhala,True,0.39168609338782406,0.43147819735421783,0.552849313636015,0.5254893760829972,0.32984557521696073,0.7747881168509615,0.6862401599312911,0.4753757451152635,False,False,False,False,False,False,False,False,supplementary,A2_T15
E2_iterative_r2__softimpute__01_raw__post0,E2_iterative_r2,softimpute,01_raw,False,0.5264058255277317,0.3725860082840821,0.1167310298331946,0.5017275623465328,0.8236367584548961,0.36547901528357796,0.6215745343250987,0.37936260649788534,False,False,False,False,True,False,False,False,supplementary,A2_T15
E2_iterative_r2__softimpute__01_raw__post1,E2_iterative_r2,softimpute,01_raw,True,0.5566200757015863,0.3660555037674698,0.1274823682796037,0.5035257484155754,0.8236367584548961,0.36293401698124533,0.705109219569065,0.3884209240410589,False,False,False,False,True,False,False,False,supplementary,A2_T15
E2_iterative_r2__softimpute__02_median_scaling__post0,E2_iterative_r2,softimpute,02_median_scaling,False,0.7323081309720912,0.5799996297466461,0.47326225782109627,0.677157187807042,0.62097018130114,0.3122053539076127,0.2724635071838787,0.6156818015867189,False,False,False,False,False,False,False,False,supplementary,A2_T15
E2_iterative_r2__softimpute__02_median_scaling__post1,E2_iterative_r2,softimpute,02_median_scaling,True,0.7427116945832537,0.6156097530846543,0.5240746524200911,0.6789533261848612,0.6127765197650489,0.3271822718689576,0.2873892776830941,0.6403373565682151,False,False,False,False,False,False,False,False,supplementary,A2_T15
E2_iterative_r2__softimpute__03_limma__post0,E2_iterative_r2,softimpute,03_limma,False,0.8554672591394931,0.4737638305501753,0.5189557397977217,0.6628483107897932,0.6422464592875055,0.3271480185439562,0.39167487801182016,0.6277587850692958,True,False,False,False,False,False,False,False,supplementary,A2_T15
E2_iterative_r2__softimpute__03_limma__post1,E2_iterative_r2,softimpute,03_limma,True,0.8599046159774756,0.5325553257380468,0.5143208158985678,0.6383749740633714,0.6378621143484061,0.32832339327490817,0.3812436024037044,0.6362889329193654,True,False,False,False,False,False,False,False,supplementary,A2_T15
E2_iterative_r2__softimpute__04_sva__post0,E2_iterative_r2,softimpute,04_sva,False,0.5339364158759936,0.37565538770555945,0.11254719161560392,0.5178301354921159,0.6497202030507901,0.5171209046927676,0.6216362254038452,0.3849922826723182,False,False,False,False,False,False,False,False,supplementary,A2_T15
E2_iterative_r2__softimpute__04_sva__post1,E2_iterative_r2,softimpute,04_sva,True,0.5679278397754889,0.36684962360514944,0.12291461938827818,0.49458915286839494,0.6480817963637684,0.5156487879315274,0.717905329204672,0.38807030890932787,False,False,False,False,False,False,False,False,supplementary,A2_T15
E2_iterative_r2__softimpute__05_combat__post0,E2_iterative_r2,softimpute,05_combat,False,0.6586332248386045,0.4125665003681058,0.23367768037987532,0.5564039088207817,0.45686063971404356,0.36345031348636814,0.7829092784703373,0.4653203286018418,False,False,False,False,False,False,True,False,supplementary,A2_T15
E2_iterative_r2__softimpute__05_combat__post1,E2_iterative_r2,softimpute,05_combat,True,0.6709018494156876,0.4527393206879863,0.2358748837896157,0.5314839799086395,0.4851212866671934,0.35442058814828303,0.8094797768253416,0.47275000845048226,False,False,False,False,False,False,True,False,supplementary,A2_T15
E2_iterative_r2__softimpute__06_combat_seq__post0,E2_iterative_r2,softimpute,06_combat_seq,False,0.5430058692486642,0.3722385658316297,0.48732196381737086,0.46289580772399475,0.35979640091653564,0.5088687734117203,0.7709239282343824,0.46636555165541493,False,False,False,False,False,False,False,False,supplementary,A2_T15
E2_iterative_r2__softimpute__06_combat_seq__post1,E2_iterative_r2,softimpute,06_combat_seq,True,0.5723752388872027,0.38607768935550413,0.5022255983459619,0.4909938566443295,0.3600427952676788,0.5057733596062792,0.7599800545656532,0.4879180958082496,False,False,False,False,False,False,False,False,supplementary,A2_T15
E2_iterative_r2__softimpute__07_pycombat__post0,E2_iterative_r2,softimpute,07_pycombat,False,0.8274175937973335,0.47322104324133024,0.4897802417029433,0.6204122951820126,0.6625652339951656,0.7227796214099178,0.47812685642667424,0.6027077934809049,True,False,False,False,False,False,False,False,supplementary,A2_T15
E2_iterative_r2__softimpute__07_pycombat__post1,E2_iterative_r2,softimpute,07_pycombat,True,0.8317473419085453,0.5013895346256549,0.48977146608278094,0.6269930766725299,0.659902485524418,0.7227926221790855,0.5615500227797413,0.6124753548223778,True,False,False,False,False,False,False,False,supplementary,A2_T15
E2_iterative_r2__softimpute__08_inmoose_combatseq__post0,E2_iterative_r2,softimpute,08_inmoose_combatseq,False,0.5433967521659597,0.3722902642852052,0.4873566975958422,0.46542840723065115,0.35979640091653564,0.5088687734117203,0.7726087836907961,0.46711803031941457,False,False,False,False,False,False,False,False,supplementary,A2_T15
E2_iterative_r2__softimpute__08_inmoose_combatseq__post1,E2_iterative_r2,softimpute,08_inmoose_combatseq,True,0.5727661218044982,0.3861717606904355,0.5022603321244333,0.48715988717372033,0.3600427952676788,0.5057733596062792,0.7611019875754012,0.4870895254482719,False,False,False,False,False,False,False,False,supplementary,A2_T15
E2_iterative_r2__softimpute__09_ruv__post0,E2_iterative_r2,softimpute,09_ruv,False,0.4272043796379309,0.4268918938184298,0.5969482475223684,0.42693215889865677,0.2869574367958059,0.3980232395604364,0.43347872964808903,0.46949416996934645,False,False,False,False,False,False,False,False,supplementary,A2_T15
E2_iterative_r2__softimpute__09_ruv__post1,E2_iterative_r2,softimpute,09_ruv,True,0.4249887649669844,0.4121782607154473,0.6038843968959925,0.44039142280686977,0.2870221431116204,0.4031069933172119,0.4028406084261843,0.47036071134632346,False,False,False,False,False,False,False,False,supplementary,A2_T15
E2_iterative_r2__softimpute__10_mnn__post0,E2_iterative_r2,softimpute,10_mnn,False,0.4620251920893267,0.6642840808710566,0.6109531666309024,0.6160203944369801,0.18977513663346837,0.8093603441674286,0.5568451252646583,0.5883207085070664,False,False,False,False,False,True,False,False,supplementary,A2_T15
E2_iterative_r2__softimpute__10_mnn__post1,E2_iterative_r2,softimpute,10_mnn,True,0.5092201644171144,0.6920943927430414,0.6235522529120405,0.6352052703840063,0.18910022322815398,0.8107108616915957,0.5345367829290987,0.6150180201140507,False,False,False,False,False,True,False,False,supplementary,A2_T15
E2_iterative_r2__softimpute__11_harmony__post0,E2_iterative_r2,softimpute,11_harmony,False,0.5297408032708973,0.5166660327078635,0.2569272203038203,0.5627085626441524,0.20860489221192235,0.6975983363633199,0.4464317568545835,0.4665106547316834,False,False,False,False,False,False,False,False,supplementary,A2_T15
E2_iterative_r2__softimpute__11_harmony__post1,E2_iterative_r2,softimpute,11_harmony,True,0.5341321796330362,0.521446572608271,0.2658598277693399,0.5471552412472938,0.20963080323126534,0.696948231815044,0.4638044323477595,0.46714845531448523,False,False,False,False,False,False,False,False,supplementary,A2_T15
E2_iterative_r2__softimpute__12_scanorama__post0,E2_iterative_r2,softimpute,12_scanorama,False,0.523731635473047,0.5611950473993337,0.35673153981940176,0.5805252573852436,0.17899922283087052,0.8030287826029878,0.540543488864152,0.5055458700192565,False,False,False,False,False,True,False,False,supplementary,A2_T15
E2_iterative_r2__softimpute__12_scanorama__post1,E2_iterative_r2,softimpute,12_scanorama,True,0.5324845587316608,0.5493763503029909,0.6070463411566376,0.5711624377932889,0.17654469874688375,0.8056557258133303,0.5348398706904292,0.5650174219961446,False,False,False,False,False,True,False,False,supplementary,A2_T15
E2_iterative_r2__softimpute__13_fsmvn__post0,E2_iterative_r2,softimpute,13_fsmvn,False,0.8413731267900739,0.5814210293009957,0.6049425796910806,0.6707794250884509,0.6306784622677167,0.3886901290587973,0.47887608672453913,0.6746290402176502,True,False,False,False,False,False,False,False,supplementary,A2_T15
E2_iterative_r2__softimpute__13_fsmvn__post1,E2_iterative_r2,softimpute,13_fsmvn,True,0.8500635814361602,0.6432201979701335,0.47848082603659564,0.6302651253988538,0.6253358313697734,0.3947797926063503,0.49042448305925745,0.6505074327104358,True,False,False,False,False,False,False,False,supplementary,A2_T15
E2_iterative_r2__softimpute__14_qsmooth__post0,E2_iterative_r2,softimpute,14_qsmooth,False,0.4018896802395606,0.29877241769491814,0.32878419662988484,0.421417967404913,0.39904193175045316,0.5184974145090063,0.65339860573129,0.36271606549231916,False,False,False,False,False,False,False,False,supplementary,A2_T15
E2_iterative_r2__softimpute__14_qsmooth__post1,E2_iterative_r2,softimpute,14_qsmooth,True,0.4003366764506847,0.29700043364913137,0.22251662398202435,0.4032189885335099,0.3987081847250158,0.5122787182040398,0.6430840915675532,0.33076818065383756,False,False,False,False,False,False,False,False,supplementary,A2_T15
E2_iterative_r2__softimpute__15_fsqn_py__post0,E2_iterative_r2,softimpute,15_fsqn_py,False,0.5144221853911909,0.44966979591765854,0.2601009099132642,0.48049335489678136,0.39345549186306505,0.14214428212431174,0.6273626681760998,0.42617156152972374,False,False,False,False,False,False,False,False,supplementary,A2_T15
E2_iterative_r2__softimpute__15_fsqn_py__post1,E2_iterative_r2,softimpute,15_fsqn_py,True,0.5213929805418529,0.4477258917599216,0.27672090289439544,0.4563963060279128,0.3940196884501002,0.14214428212431174,0.592884947247473,0.4255590203060207,False,False,False,False,False,False,False,False,supplementary,A2_T15
E2_iterative_r2__softimpute__16_fsqn_r__post0,E2_iterative_r2,softimpute,16_fsqn_r,False,0.7542230373083545,0.7088926464655587,0.6888652448687387,0.7243514686174888,0.5782147621881455,0.5226538998393473,0.42696043600532246,0.7190830993150351,False,False,False,True,False,False,False,False,supplementary,A2_T15
E2_iterative_r2__softimpute__16_fsqn_r__post1,E2_iterative_r2,softimpute,16_fsqn_r,True,0.7557515208926439,0.7095482853314735,0.6786755627104395,0.7221614429886337,0.5750534535795174,0.5226370614120495,0.3789155732653623,0.7165342029807976,False,False,False,True,False,False,False,False,supplementary,A2_T15
E2_iterative_r2__softimpute__17_quantile__post0,E2_iterative_r2,softimpute,17_quantile,False,0.5176398040480087,0.4348320695428978,0.374442290364428,0.49125485694636367,0.3935795407915089,0.14214428212431174,0.6802746599083739,0.4545422552254246,False,False,False,False,False,False,False,False,supplementary,A2_T15
E2_iterative_r2__softimpute__17_quantile__post1,E2_iterative_r2,softimpute,17_quantile,True,0.5263655422918183,0.435008345807084,0.38423976112902386,0.5114895570277199,0.3946076930545288,0.14214428212431174,0.6499642926548586,0.46427580156391146,False,False,False,False,False,False,False,False,supplementary,A2_T15
E2_iterative_r2__softimpute__18_rank__post0,E2_iterative_r2,softimpute,18_rank,False,0.49878282932200046,0.4029644258106652,0.3243295158739175,0.47890692839659504,0.4122756652671216,0.36547901528357796,0.6457381014956962,0.42624592485079454,False,False,False,False,False,False,False,False,supplementary,A2_T15
E2_iterative_r2__softimpute__18_rank__post1,E2_iterative_r2,softimpute,18_rank,True,0.5049363542741744,0.40430937874867484,0.32900525617531345,0.4608744390478992,0.41364295773037374,0.3580735678908853,0.6266771120596728,0.42478135706151543,False,False,False,False,False,False,False,False,supplementary,A2_T15
E2_iterative_r2__softimpute__19_tdm__post0,E2_iterative_r2,softimpute,19_tdm,False,0.47739570282268057,0.35348867040811144,0.45003290908017407,0.4957655203422221,0.5357179608520496,0.4709175186189977,0.5904015635383673,0.444170700663297,False,False,False,False,False,False,False,False,supplementary,A2_T15
E2_iterative_r2__softimpute__19_tdm__post1,E2_iterative_r2,softimpute,19_tdm,True,0.5405214608548693,0.37226266476266767,0.4645046686958143,0.48365707172941524,0.5335164717553497,0.46327954748277245,0.6993321613832666,0.4652364665106916,False,False,False,False,False,False,False,False,supplementary,A2_T15
E2_iterative_r2__softimpute__21_harmonizr__post0,E2_iterative_r2,softimpute,21_harmonizr,False,0.7767144198984532,0.4985087899325521,0.5347501593224889,0.5701124718119184,0.7407187963575617,0.29269115983989685,0.3896295424470606,0.5950214602413532,False,False,False,False,False,False,False,False,supplementary,A2_T15
E2_iterative_r2__softimpute__21_harmonizr__post1,E2_iterative_r2,softimpute,21_harmonizr,True,0.7857514124340027,0.5412421962412298,0.547769920336241,0.5857636098675627,0.7389284555995725,0.29453072127050106,0.47893637777525483,0.615131784719759,True,False,False,False,False,False,False,False,supplementary,A2_T15
E2_iterative_r2__softimpute__25_angel__post0,E2_iterative_r2,softimpute,25_angel,False,0.6365772146061235,0.7165666218231689,0.49210528378774754,0.5637457631922704,0.39148375230673593,0.6241348334049485,0.720511665570715,0.6022487208523275,False,False,False,False,False,False,False,False,supplementary,A2_T15
E2_iterative_r2__softimpute__25_angel__post1,E2_iterative_r2,softimpute,25_angel,True,0.6363752199463838,0.7235949958371246,0.5023142243316195,0.5580327060987296,0.3948790668377999,0.6154178101271707,0.7011097190951108,0.6050792865534644,False,False,False,False,False,False,False,False,supplementary,A2_T15
E2_iterative_r2__softimpute__26_xpn__post0,E2_iterative_r2,softimpute,26_xpn,False,0.7210328120979027,0.6315928902835888,0.38432429200013973,0.6503118145001312,0.5786219342038001,0.14214428212431174,0.37576174079065283,0.5968154522204405,False,False,False,False,False,False,False,False,supplementary,A2_T15
E2_iterative_r2__softimpute__26_xpn__post1,E2_iterative_r2,softimpute,26_xpn,True,0.7393668533209428,0.65990026119522,0.3933466663326829,0.6311222693730537,0.5743289812709166,0.14214428212431174,0.45311954550384154,0.6059340125554749,False,False,False,False,False,False,False,False,supplementary,A2_T15
E2_iterative_r2__softimpute__28_npn__post0,E2_iterative_r2,softimpute,28_npn,False,0.7810021969235748,0.6495355899953721,0.10259263897225682,0.6719014230989684,0.6418014375073802,0.193262566664855,0.3811004999357187,0.5512579622475431,False,False,False,False,False,False,False,False,supplementary,A2_T15
E2_iterative_r2__softimpute__28_npn__post1,E2_iterative_r2,softimpute,28_npn,True,0.7835899576154272,0.6545172234734955,0.09106763594774156,0.6773686920552372,0.6394881151486627,0.1923478482013135,0.3361016285010752,0.5516358772729754,True,False,False,False,False,False,False,False,supplementary,A2_T15
E2_iterative_r2__softimpute__31_ruv3prps__post0,E2_iterative_r2,softimpute,31_ruv3prps,False,0.5230712048004129,0.36785452046064576,0.15504200308962018,0.5040452698913895,0.7348755803790872,0.5041674819668592,0.6209106782102881,0.3875032495605171,False,False,False,False,False,False,False,False,supplementary,A2_T15
E2_iterative_r2__softimpute__31_ruv3prps__post1,E2_iterative_r2,softimpute,31_ruv3prps,True,0.5532394881020838,0.36426239406935484,0.16718975313042944,0.5060308740170087,0.7325882038410211,0.5026400136898647,0.7124927684168714,0.3976806273297192,False,False,False,False,False,False,False,False,supplementary,A2_T15
E2_iterative_r2__softimpute__36_explobatch__post0,E2_iterative_r2,softimpute,36_explobatch,False,0.5264058255277317,0.3725860082840821,0.1167310298331946,0.5051616847734213,0.8236367584548961,0.36547901528357796,0.6215745343250987,0.3802211371046074,False,False,False,False,True,False,False,False,supplementary,A2_T15
E2_iterative_r2__softimpute__36_explobatch__post1,E2_iterative_r2,softimpute,36_explobatch,True,0.5566200757015863,0.3660555037674698,0.1274823682796037,0.5035257484155754,0.8236367584548961,0.36293401698124533,0.705109219569065,0.3884209240410589,False,False,False,False,True,False,False,False,supplementary,A2_T15
E2_iterative_r2__softimpute__20_shambhala__post0,E2_iterative_r2,softimpute,20_shambhala,False,0.5012572235864892,0.4638030545611255,0.5035410291455267,0.5275770598482249,0.3272313316523564,0.14214428212431174,0.8049303014720139,0.49904459178534155,False,False,False,False,False,False,True,False,supplementary,A2_T15
E2_iterative_r2__softimpute__20_shambhala__post1,E2_iterative_r2,softimpute,20_shambhala,True,0.5053517492685157,0.4624091380788959,0.5076323683677395,0.4826644205502547,0.326715552205409,0.14214428212431174,0.7963181522609332,0.4895144190663514,False,False,False,False,False,False,True,False,supplementary,A2_T15
E2_iterative_r2__strict__01_raw__post0,E2_iterative_r2,strict,01_raw,False,0.30011903117516653,0.3774691500889718,0.3245444781932011,0.48394939550514054,0.7947037398173117,0.5672821458352996,0.7270298000255735,0.37152051374062,False,False,False,False,False,False,False,False,supplementary,A2_T15
E2_iterative_r2__strict__01_raw__post1,E2_iterative_r2,strict,01_raw,True,0.3460620215777163,0.359880655050659,0.3445604421800115,0.507340713719566,0.7947037398173117,0.5686586071866858,0.7236939010505644,0.3894609581319882,False,False,False,False,False,False,False,False,supplementary,A2_T15
E2_iterative_r2__strict__02_median_scaling__post0,E2_iterative_r2,strict,02_median_scaling,False,0.6617513567188277,0.6679572201370683,0.7043134754834657,0.6747819325419606,0.5966451269824948,0.39516904259357616,0.33106345489628725,0.6772009962203305,False,False,False,False,False,False,False,False,supplementary,A2_T15
E2_iterative_r2__strict__02_median_scaling__post1,E2_iterative_r2,strict,02_median_scaling,True,0.673682223795936,0.6739767751600272,0.7290138717559316,0.6863835074746908,0.587523009609259,0.3996261373633909,0.32435464897177096,0.6907640945466464,False,False,False,False,False,False,False,False,supplementary,A2_T15
E2_iterative_r2__strict__03_limma__post0,E2_iterative_r2,strict,03_limma,False,0.8097752262345039,0.5624618737614924,0.7165289913381497,0.6990235712661966,0.6175674690517942,0.44154233939780707,0.3717985543997072,0.6969474156500857,True,False,False,False,False,False,False,False,supplementary,A2_T15
E2_iterative_r2__strict__03_limma__post1,E2_iterative_r2,strict,03_limma,True,0.8100562552676766,0.5927003890781727,0.6995368088586696,0.6692280469032167,0.6124210161088696,0.4410032598147847,0.33687738437966863,0.6928803750269339,True,False,False,False,False,False,False,False,supplementary,A2_T15
E2_iterative_r2__strict__04_sva__post0,E2_iterative_r2,strict,04_sva,False,0.30995186326664553,0.38672815365729035,0.33008386855001354,0.4973445035338466,0.6341151399026326,0.5606061227984358,0.7219510958741426,0.381027097251949,False,False,False,False,False,False,False,False,supplementary,A2_T15
E2_iterative_r2__strict__04_sva__post1,E2_iterative_r2,strict,04_sva,True,0.35846876734519234,0.36123915031875414,0.3483698177927811,0.5002853701412615,0.6328450633366761,0.5597244955251266,0.7183316887752277,0.3920907763994973,False,False,False,False,False,False,False,False,supplementary,A2_T15
E2_iterative_r2__strict__05_combat__post0,E2_iterative_r2,strict,05_combat,False,0.698377578497268,0.5645130844629519,0.5697812504813669,0.5926430391749622,0.4978767420495578,0.574108342782595,0.8277291454240856,0.6063287381541372,False,False,False,False,False,False,True,False,supplementary,A2_T15
E2_iterative_r2__strict__05_combat__post1,E2_iterative_r2,strict,05_combat,True,0.7007757122004781,0.5730609907813082,0.5760729655879084,0.588704157863284,0.4963780658256108,0.5745093103270332,0.8397859458243824,0.6096534566082447,False,False,False,False,False,False,True,False,supplementary,A2_T15
E2_iterative_r2__strict__06_combat_seq__post0,E2_iterative_r2,strict,06_combat_seq,False,0.3487862466830492,0.3925034582847924,0.6016269812601278,0.508853612361947,0.35412230756623975,0.6969217345585035,0.7807068919399313,0.4629425746474791,False,False,False,False,False,False,True,False,supplementary,A2_T15
E2_iterative_r2__strict__06_combat_seq__post1,E2_iterative_r2,strict,06_combat_seq,True,0.3944705202113694,0.4192126254095103,0.6141895003651412,0.5081911516857283,0.3554134299755342,0.6958275224205306,0.7623546939524524,0.4840159494179373,False,False,False,False,False,False,False,False,supplementary,A2_T15
E2_iterative_r2__strict__07_pycombat__post0,E2_iterative_r2,strict,07_pycombat,False,0.715725572156127,0.5969439982271108,0.6850528620533486,0.6576919607294155,0.5727772265743482,0.5800775093149962,0.41980104434413135,0.6638535982915004,False,False,False,False,False,False,False,False,supplementary,A2_T15
E2_iterative_r2__strict__07_pycombat__post1,E2_iterative_r2,strict,07_pycombat,True,0.7205985395238677,0.5662863324749345,0.6689284592884277,0.6489573739747967,0.5698972635005245,0.5801634268529936,0.3560299724902685,0.6511926763155067,False,False,False,False,False,False,False,False,supplementary,A2_T15
E2_iterative_r2__strict__08_inmoose_combatseq__post0,E2_iterative_r2,strict,08_inmoose_combatseq,False,0.34890313876257084,0.3924058851164577,0.6017568082299267,0.5125154439364711,0.35412230756623975,0.6969217345585035,0.7806056813859018,0.4638953190113566,False,False,False,False,False,False,True,False,supplementary,A2_T15
E2_iterative_r2__strict__08_inmoose_combatseq__post1,E2_iterative_r2,strict,08_inmoose_combatseq,True,0.3944246386276698,0.419079242035267,0.6143193273349401,0.5106425788758612,0.3554134299755342,0.6958275224205306,0.7624931031048459,0.4846164467184345,False,False,False,False,False,False,False,False,supplementary,A2_T15
E2_iterative_r2__strict__09_ruv__post0,E2_iterative_r2,strict,09_ruv,False,0.49820537715859,0.5581379048838734,0.7033712732102184,0.5289035713742812,0.2536771370336365,0.49302846959122654,0.631969471132515,0.5721545316567408,False,False,False,False,False,False,False,False,supplementary,A2_T15
E2_iterative_r2__strict__09_ruv__post1,E2_iterative_r2,strict,09_ruv,True,0.492922681573936,0.5485142893794595,0.7004666011067635,0.49083967778804893,0.2530852033974018,0.48541402675509554,0.5847654355353786,0.558185812462052,False,False,False,False,False,False,False,False,supplementary,A2_T15
E2_iterative_r2__strict__10_mnn__post0,E2_iterative_r2,strict,10_mnn,False,0.5386181193297648,0.7621350892556776,0.7608752815952765,0.66080227707432,0.08706598771115671,0.8107709339385557,0.6210779297661635,0.6806076918137598,False,False,False,False,False,True,False,False,supplementary,A2_T15
E2_iterative_r2__strict__10_mnn__post1,E2_iterative_r2,strict,10_mnn,True,0.5356447850697937,0.7658736410114889,0.7567325102876793,0.6614702026067276,0.08673552590082914,0.8109028612635063,0.5626583618182155,0.6799302847439224,False,True,False,False,False,True,False,False,supplementary,A2_T15
E2_iterative_r2__strict__11_harmony__post0,E2_iterative_r2,strict,11_harmony,False,0.3133078243980831,0.5324568045388322,0.3478493500812415,0.5476898081441411,0.2281770488459995,0.7194271196991282,0.40136811253960386,0.43532594679057446,False,False,False,False,False,False,False,False,supplementary,A2_T15
E2_iterative_r2__strict__11_harmony__post1,E2_iterative_r2,strict,11_harmony,True,0.3159569538706647,0.5275139693514216,0.3440530307520923,0.5291728259001988,0.2283643875412803,0.7207551675194956,0.41412925033331566,0.4291741949685943,False,False,False,False,False,False,False,False,supplementary,A2_T15
E2_iterative_r2__strict__12_scanorama__post0,E2_iterative_r2,strict,12_scanorama,False,0.3387290506270562,0.5586817937607353,0.5401409475107143,0.5005974170887719,0.16952498528409785,0.789963790366998,0.6149007451595954,0.48453730224681946,False,False,False,False,False,True,False,False,supplementary,A2_T15
E2_iterative_r2__strict__12_scanorama__post1,E2_iterative_r2,strict,12_scanorama,True,0.3323151674236578,0.5632940540377069,0.5576415303051113,0.4845377094884554,0.17053671742298324,0.7899365579531847,0.5999131539576722,0.48444711531373286,False,False,False,False,False,True,False,False,supplementary,A2_T15
E2_iterative_r2__strict__13_fsmvn__post0,E2_iterative_r2,strict,13_fsmvn,False,0.7862217039805369,0.6700988908996522,0.7180852221055495,0.6735782911884322,0.5985152200266296,0.6053778744778734,0.4310120628715542,0.7119960270435427,True,False,False,False,False,False,False,False,supplementary,A2_T15
E2_iterative_r2__strict__13_fsmvn__post1,E2_iterative_r2,strict,13_fsmvn,True,0.8001880473709888,0.6558148522085184,0.7238129395339606,0.6334486565270121,0.5936903723769241,0.6067886638343518,0.47422244965699967,0.70331612391012,True,False,False,False,False,False,False,False,supplementary,A2_T15
E2_iterative_r2__strict__14_qsmooth__post0,E2_iterative_r2,strict,14_qsmooth,False,0.1887801158894468,0.25852168733782427,0.41539779781375186,0.402888715024325,0.41537519610542223,0.5671705530892415,0.6681548376233288,0.31639707901633696,False,False,False,False,False,False,False,False,supplementary,A2_T15
E2_iterative_r2__strict__14_qsmooth__post1,E2_iterative_r2,strict,14_qsmooth,True,0.219301829211126,0.25754086246241104,0.4313907118613706,0.3690507840810495,0.41885431245154003,0.5694105278979361,0.8221213868148188,0.3193210469039893,False,False,False,False,False,False,True,False,supplementary,A2_T15
E2_iterative_r2__strict__15_fsqn_py__post0,E2_iterative_r2,strict,15_fsqn_py,False,0.35504550011076136,0.45816684390419526,0.5151155441530677,0.44874658219468117,0.42372269704728127,0.5532681026173236,0.7464658503344401,0.4442686175906764,False,False,False,False,False,False,False,False,supplementary,A2_T15
E2_iterative_r2__strict__15_fsqn_py__post1,E2_iterative_r2,strict,15_fsqn_py,True,0.366830699765085,0.4787480871448044,0.5200216260546314,0.47712232039794805,0.43223741196944926,0.5692348218559442,0.5883431036317639,0.46068068334061724,False,False,False,False,False,False,False,False,supplementary,A2_T15
E2_iterative_r2__strict__16_fsqn_r__post0,E2_iterative_r2,strict,16_fsqn_r,False,0.7047289931252757,0.7222785021641984,0.7824933833839104,0.6847756389112145,0.5662526587986869,0.4754811379423728,0.43346788382527995,0.7235691293961497,False,False,False,False,False,False,False,False,supplementary,A2_T15
E2_iterative_r2__strict__16_fsqn_r__post1,E2_iterative_r2,strict,16_fsqn_r,True,0.705305802890676,0.7305128819157974,0.7713210626342952,0.686405581523255,0.5638691768469992,0.4756078581959459,0.38627217585421253,0.7233863322410059,False,False,False,False,False,False,False,False,supplementary,A2_T15
E2_iterative_r2__strict__17_quantile__post0,E2_iterative_r2,strict,17_quantile,False,0.3555376934936932,0.46514469075206527,0.6233370974176585,0.4473683296567661,0.4237020218178675,0.5532549296214797,0.7538981173534942,0.4728469528300458,False,False,False,False,False,False,False,False,supplementary,A2_T15
E2_iterative_r2__strict__17_quantile__post1,E2_iterative_r2,strict,17_quantile,True,0.3469838199204615,0.46508838409221975,0.6262571699960169,0.42403538417013004,0.41879610274419093,0.5426900999188908,0.714650579137911,0.4655911895447071,False,False,False,False,False,False,False,False,supplementary,A2_T15
E2_iterative_r2__strict__18_rank__post0,E2_iterative_r2,strict,18_rank,False,0.3448389827196054,0.41894132034235126,0.5657028832576633,0.47181873126262447,0.42931793130794343,0.5672821458352996,0.7510097528815755,0.4503254793955611,False,False,False,False,False,False,False,False,supplementary,A2_T15
E2_iterative_r2__strict__18_rank__post1,E2_iterative_r2,strict,18_rank,True,0.35607278091661915,0.4425050951477482,0.5727302442002773,0.4926890067742224,0.4383698366327234,0.5828376723860983,0.6107331593416806,0.4659992817597168,False,False,False,False,False,False,False,False,supplementary,A2_T15
E2_iterative_r2__strict__19_tdm__post0,E2_iterative_r2,strict,19_tdm,False,0.28582926074109677,0.41858373776921615,0.4146111336583147,0.47251742916060746,0.5002260614577874,0.5348064440449961,0.5792079748317925,0.39788539033230874,False,False,False,False,False,False,False,False,supplementary,A2_T15
E2_iterative_r2__strict__19_tdm__post1,E2_iterative_r2,strict,19_tdm,True,0.35928592696675576,0.44894779397644563,0.4305472990017157,0.47236652732950807,0.49872507522019105,0.5345220555287893,0.6787291611723562,0.42778688681860627,False,False,False,False,False,False,False,False,supplementary,A2_T15
E2_iterative_r2__strict__21_harmonizr__post0,E2_iterative_r2,strict,21_harmonizr,False,0.6755388072781131,0.604791171308067,0.739366496077579,0.5845112473290595,0.7025650928643037,0.4034931802358597,0.3699707427911849,0.6510519304982046,False,False,False,False,False,False,False,False,supplementary,A2_T15
E2_iterative_r2__strict__21_harmonizr__post1,E2_iterative_r2,strict,21_harmonizr,True,0.6791596626765464,0.6257825003225685,0.7435706240267146,0.5931737880176388,0.700159985541693,0.40607464982309965,0.41485487323065745,0.6604216437608671,False,False,False,False,False,False,False,False,supplementary,A2_T15
E2_iterative_r2__strict__25_angel__post0,E2_iterative_r2,strict,25_angel,False,0.6042251660421823,0.7238591585274479,0.56561819807401,0.5588600652484128,0.3793224037600717,0.618087456047433,0.8000688787721323,0.6131406469730133,False,False,False,False,False,False,True,False,supplementary,A2_T15
E2_iterative_r2__strict__25_angel__post1,E2_iterative_r2,strict,25_angel,True,0.6097930402941615,0.7280161852614769,0.5771308880123307,0.5465656147592772,0.3789866830796777,0.6173492082247706,0.8053811538241697,0.6153764320818116,False,False,False,False,False,False,True,False,supplementary,A2_T15
E2_iterative_r2__strict__26_xpn__post0,E2_iterative_r2,strict,26_xpn,False,0.6584212584498856,0.6745647966596277,0.7413767216346323,0.6631875974726172,0.5586197537939545,0.4461007933633201,0.39672111855114134,0.6843875935541908,False,False,False,False,False,False,False,False,supplementary,A2_T15
E2_iterative_r2__strict__26_xpn__post1,E2_iterative_r2,strict,26_xpn,True,0.68573993888141,0.6908839909431032,0.7515150046422256,0.6761946360350944,0.5545289276263105,0.4475536984519907,0.4272922251601496,0.7010833926254584,False,False,False,False,False,False,False,False,supplementary,A2_T15
E2_iterative_r2__strict__28_npn__post0,E2_iterative_r2,strict,28_npn,False,0.7070140042947143,0.6598602693487788,0.5876244091470956,0.6739656911244014,0.606220602630869,0.21613377542105855,0.416951993673907,0.6571160934787474,False,False,False,False,False,False,False,False,supplementary,A2_T15
E2_iterative_r2__strict__28_npn__post1,E2_iterative_r2,strict,28_npn,True,0.707609207461181,0.6642229727194033,0.5729674550127641,0.666856474905768,0.6039417713457708,0.21471345299063513,0.3905210492408642,0.6529140275247791,False,False,False,False,False,False,False,False,supplementary,A2_T15
E2_iterative_r2__strict__31_ruv3prps__post0,E2_iterative_r2,strict,31_ruv3prps,False,0.29951757743571344,0.379888313412691,0.3250446056672739,0.4525439735406404,0.7009162210829422,0.5682755559707423,0.7204670889558702,0.36424861751407966,False,False,False,False,False,False,False,False,supplementary,A2_T15
E2_iterative_r2__strict__31_ruv3prps__post1,E2_iterative_r2,strict,31_ruv3prps,True,0.3467945609748864,0.3598314855619557,0.34489758315919034,0.5025493849669327,0.6985045566688917,0.569033483527477,0.7231725622517932,0.3885182536657413,False,False,False,False,False,False,False,False,supplementary,A2_T15
E2_iterative_r2__strict__36_explobatch__post0,E2_iterative_r2,strict,36_explobatch,False,0.3001894444598465,0.37986586248957704,0.3245444781932011,0.45258122315329447,0.7611234371576202,0.5676486354981815,0.7210253077674527,0.3642952520739797,False,False,False,False,False,False,False,False,supplementary,A2_T15
E2_iterative_r2__strict__36_explobatch__post1,E2_iterative_r2,strict,36_explobatch,True,0.3466264895914304,0.35992982453936245,0.3445604421800115,0.4964005341056796,0.7604893515420422,0.5686586071866858,0.7238539608338987,0.386879322604121,False,False,False,False,False,False,False,False,supplementary,A2_T15
E2_iterative_r2__strict__20_shambhala__post0,E2_iterative_r2,strict,20_shambhala,False,0.3579473046896251,0.49608484633763905,0.6538736367439331,0.46792455923171167,0.3210092451834706,0.7753161740327137,0.7191476476988712,0.4939575867507272,False,False,False,False,False,False,False,False,supplementary,A2_T15
E2_iterative_r2__strict__20_shambhala__post1,E2_iterative_r2,strict,20_shambhala,True,0.3628886441603151,0.4511243628444862,0.632082146552028,0.4822908064856687,0.3196206022475287,0.7749968391295639,0.6826627599096191,0.4820964900106245,False,False,False,False,False,False,False,False,supplementary,A2_T15
E3_iterative_r3__knn__01_raw__post0,E3_iterative_r3,knn,01_raw,False,0.4143825342278097,0.43074123236439993,0.301747691001831,0.46516150640529413,0.8236367584548961,0.49072674711477865,0.6766568305090004,0.4030082409998337,False,False,False,False,True,False,False,False,supplementary,A2_T15
E3_iterative_r3__knn__01_raw__post1,E3_iterative_r3,knn,01_raw,True,0.41967150030399697,0.41882208198151033,0.31841135458536135,0.4808877789368216,0.8236367584548961,0.49314419981342267,0.6957446052779348,0.40944817895192254,False,False,False,False,True,False,False,False,supplementary,A2_T15
E3_iterative_r3__knn__02_median_scaling__post0,E3_iterative_r3,knn,02_median_scaling,False,0.690135494356036,0.58885186064547,0.593404574390171,0.6669525014545765,0.6318262087133739,0.37766489549968846,0.23641837033528681,0.6348361077115634,False,False,False,False,False,False,False,False,supplementary,A2_T15
E3_iterative_r3__knn__02_median_scaling__post1,E3_iterative_r3,knn,02_median_scaling,True,0.706606283441028,0.5691831460039475,0.6271793664954062,0.6828856779552188,0.6215921603826154,0.38209236671989744,0.2654543138309964,0.6464636184739001,False,False,False,False,False,False,False,False,supplementary,A2_T15
E3_iterative_r3__knn__03_limma__post0,E3_iterative_r3,knn,03_limma,False,0.8470580470962006,0.5200986639254339,0.6433810573513973,0.6604941130312838,0.6492555228766582,0.3979789873573825,0.31752192686894004,0.6677579703510789,True,False,False,False,False,False,False,False,supplementary,A2_T15
E3_iterative_r3__knn__03_limma__post1,E3_iterative_r3,knn,03_limma,True,0.8557825236024531,0.5225899338103247,0.630886611983528,0.6201992651654809,0.6490843919576776,0.39984030800187936,0.3505257436050506,0.6573645836404467,True,False,False,False,False,False,False,False,supplementary,A2_T15
E3_iterative_r3__knn__04_sva__post0,E3_iterative_r3,knn,04_sva,False,0.42662823065943484,0.42686618191252906,0.30510833072628174,0.4686777093767224,0.664618098742339,0.48543505342857995,0.6812141029259989,0.406820113168742,False,False,False,False,False,False,False,False,supplementary,A2_T15
E3_iterative_r3__knn__04_sva__post1,E3_iterative_r3,knn,04_sva,True,0.43157208172582284,0.4181367763921753,0.3214101692607126,0.4830296083362606,0.6623561844725395,0.4877158574668942,0.6941173637910376,0.4135371589287428,False,False,False,False,False,False,False,False,supplementary,A2_T15
E3_iterative_r3__knn__05_combat__post0,E3_iterative_r3,knn,05_combat,False,0.5847181363599693,0.496933984318986,0.42260043284277543,0.5118109210070226,0.5081821839488001,0.5257956638556234,0.8264251204221066,0.5040158686321884,False,False,False,False,False,False,True,False,supplementary,A2_T15
E3_iterative_r3__knn__05_combat__post1,E3_iterative_r3,knn,05_combat,True,0.5881322385207707,0.47155161535022244,0.43902688013202484,0.5000744188047221,0.5065085371231288,0.5257892096692006,0.8671367668599615,0.499696288201935,False,False,False,False,False,False,True,False,supplementary,A2_T15
E3_iterative_r3__knn__06_combat_seq__post0,E3_iterative_r3,knn,06_combat_seq,False,0.4539025374316696,0.43704321264871093,0.6170431375357093,0.4595557680199393,0.3786475966541039,0.6773562085326508,0.7744604754668545,0.4918861639090073,False,False,False,False,False,False,False,False,supplementary,A2_T15
E3_iterative_r3__knn__06_combat_seq__post1,E3_iterative_r3,knn,06_combat_seq,True,0.4588635049090884,0.43050634389738535,0.6288661285372037,0.4538704479944589,0.3797912172820301,0.6781479610272022,0.758216463685579,0.49302660633453405,False,False,False,False,False,False,False,False,supplementary,A2_T15
E3_iterative_r3__knn__07_pycombat__post0,E3_iterative_r3,knn,07_pycombat,False,0.7602456006490749,0.5734032994670433,0.6199956489407111,0.649518311885202,0.6510542694619028,0.5834268526276954,0.326420457975737,0.6507907152355079,False,False,False,False,False,False,False,False,supplementary,A2_T15
E3_iterative_r3__knn__07_pycombat__post1,E3_iterative_r3,knn,07_pycombat,True,0.7608620018958686,0.5511685651546964,0.6067693839381891,0.6483802334438529,0.6482162743234058,0.5828340409220935,0.2938640833581724,0.6417950461081517,False,False,False,False,False,False,False,False,supplementary,A2_T15
E3_iterative_r3__knn__08_inmoose_combatseq__post0,E3_iterative_r3,knn,08_inmoose_combatseq,False,0.45402980584697994,0.4374720866386214,0.6169133105659104,0.45742492484949726,0.3786475966541039,0.6773562085326508,0.7746807032501802,0.49146003197525223,False,False,False,False,False,False,False,False,supplementary,A2_T15
E3_iterative_r3__knn__08_inmoose_combatseq__post1,E3_iterative_r3,knn,08_inmoose_combatseq,True,0.4589907733243987,0.4304869538163153,0.6287363015674048,0.4525791550089856,0.3797912172820301,0.6781479610272022,0.7581954076536601,0.49269829592927605,False,False,False,False,False,False,False,False,supplementary,A2_T15
E3_iterative_r3__knn__09_ruv__post0,E3_iterative_r3,knn,09_ruv,False,0.464558552381866,0.5026114110492914,0.67090672331792,0.47755876536149006,0.2990797696709178,0.4708895512713079,0.4903035323969315,0.5289088630276418,False,False,False,False,False,False,False,False,supplementary,A2_T15
E3_iterative_r3__knn__09_ruv__post1,E3_iterative_r3,knn,09_ruv,True,0.46225565893841536,0.501125154792937,0.6813455166508425,0.4849483982676886,0.2990202801327564,0.47373034254885776,0.4685608624147201,0.5324186821624709,False,False,False,False,False,False,False,False,supplementary,A2_T15
E3_iterative_r3__knn__10_mnn__post0,E3_iterative_r3,knn,10_mnn,False,0.3978435500722927,0.7207229698704442,0.7475636709440147,0.611414705188348,0.08364056938158414,0.820956776164416,0.44209190004028387,0.6193862240187749,False,False,False,False,False,True,False,False,supplementary,A2_T15
E3_iterative_r3__knn__10_mnn__post1,E3_iterative_r3,knn,10_mnn,True,0.4672192980183537,0.7415531324268829,0.7630684310037232,0.6077125730958217,0.08389223296586634,0.8253144357917,0.5057541270365713,0.6448883586361953,False,False,False,False,False,True,False,False,supplementary,A2_T15
E3_iterative_r3__knn__11_harmony__post0,E3_iterative_r3,knn,11_harmony,False,0.4315937451153216,0.5618230049361749,0.32089726734914403,0.5684031227969533,0.19521819413868832,0.7295604817932443,0.546240945973848,0.47067928504939843,False,False,False,False,False,False,False,False,supplementary,A2_T15
E3_iterative_r3__knn__11_harmony__post1,E3_iterative_r3,knn,11_harmony,True,0.43300063869581157,0.5454766763575501,0.33582055885737244,0.5321902577677778,0.1967087367174153,0.7293758294479994,0.5570329119200925,0.461622032919628,False,False,False,False,False,False,False,False,supplementary,A2_T15
E3_iterative_r3__knn__12_scanorama__post0,E3_iterative_r3,knn,12_scanorama,False,0.42007256120860714,0.5591064024326937,0.5047967842565412,0.557368102964454,0.12114033446681849,0.8105504381990447,0.2581451829616989,0.510335962715574,False,False,False,False,False,True,False,False,supplementary,A2_T15
E3_iterative_r3__knn__12_scanorama__post1,E3_iterative_r3,knn,12_scanorama,True,0.36124616154828293,0.5794213276116386,0.4679830694893733,0.5169291618320255,0.12361300131517196,0.8139943621332018,0.2514136068987876,0.4813949301203301,False,False,False,False,False,True,False,False,supplementary,A2_T15
E3_iterative_r3__knn__13_fsmvn__post0,E3_iterative_r3,knn,13_fsmvn,False,0.7861580741306443,0.6185286810449638,0.6310139998926695,0.6223479329247492,0.6379330218040135,0.6165135085437184,0.3419876576408178,0.6645121719982567,True,False,False,False,False,False,False,False,supplementary,A2_T15
E3_iterative_r3__knn__13_fsmvn__post1,E3_iterative_r3,knn,13_fsmvn,True,0.792766692127811,0.643904519094654,0.645556809239156,0.6301745565236267,0.6336890052461351,0.6185234921687534,0.36587012141001274,0.678100644246312,True,False,False,False,False,False,False,False,supplementary,A2_T15
E3_iterative_r3__knn__14_qsmooth__post0,E3_iterative_r3,knn,14_qsmooth,False,0.23257652858517722,0.2973002792030303,0.3691377076891175,0.3591385618292753,0.4513067419333059,0.4908493564871688,0.5915759713710286,0.3145382693266501,False,False,False,False,False,False,False,False,supplementary,A2_T15
E3_iterative_r3__knn__14_qsmooth__post1,E3_iterative_r3,knn,14_qsmooth,True,0.23589126906872668,0.29527983352805726,0.38381195367936427,0.3711990787929777,0.4527438470774559,0.49341243739769364,0.6617143631092979,0.32154553376728146,False,False,False,False,False,False,False,False,supplementary,A2_T15
E3_iterative_r3__knn__15_fsqn_py__post0,E3_iterative_r3,knn,15_fsqn_py,False,0.3826753448476988,0.45257269275527695,0.4053858399082131,0.4394653473510118,0.46441856824337974,0.48167049192403366,0.58023957855805,0.42002480621555016,False,False,False,False,False,False,False,False,supplementary,A2_T15
E3_iterative_r3__knn__15_fsqn_py__post1,E3_iterative_r3,knn,15_fsqn_py,True,0.3765941906729907,0.44912671277771593,0.4196143410880762,0.46951723061700895,0.4592423047371091,0.4772135532849674,0.5497488041002692,0.42871311878894797,False,False,False,False,False,False,False,False,supplementary,A2_T15
E3_iterative_r3__knn__16_fsqn_r__post0,E3_iterative_r3,knn,16_fsqn_r,False,0.712124531956229,0.6781203502926364,0.7303208977777566,0.6726515927824904,0.5879331665444772,0.5088459067489515,0.2944010879740675,0.6983043432022781,False,False,False,False,False,False,False,False,supplementary,A2_T15
E3_iterative_r3__knn__16_fsqn_r__post1,E3_iterative_r3,knn,16_fsqn_r,True,0.7139313233885618,0.6611900851782205,0.7099358648912433,0.6875225794976254,0.5856949499919557,0.5087529517948919,0.26357741459114203,0.6931449632389127,False,False,False,False,False,False,False,False,supplementary,A2_T15
E3_iterative_r3__knn__17_quantile__post0,E3_iterative_r3,knn,17_quantile,False,0.38072115577354143,0.4515329820146626,0.5221199332899965,0.4376893290747029,0.46394892512632085,0.48154047928019306,0.5791537935979543,0.44801585003822586,False,False,False,False,False,False,False,False,supplementary,A2_T15
E3_iterative_r3__knn__17_quantile__post1,E3_iterative_r3,knn,17_quantile,True,0.3752390035354545,0.44178179454556743,0.5345925246357616,0.4645624575940918,0.45881335503585546,0.4768889417361077,0.5507130274618685,0.45404394507771884,False,False,False,False,False,False,False,False,supplementary,A2_T15
E3_iterative_r3__knn__18_rank__post0,E3_iterative_r3,knn,18_rank,False,0.37901561512020426,0.40159188554590797,0.45710410746394814,0.44922632485731584,0.46664559712378345,0.49072674711477865,0.5790735212618427,0.42173448324684404,False,False,False,False,False,False,False,False,supplementary,A2_T15
E3_iterative_r3__knn__18_rank__post1,E3_iterative_r3,knn,18_rank,True,0.37274066515225124,0.37673378198406676,0.47069277738187637,0.44358034260280194,0.4627106930713346,0.4864186534013516,0.568754494350175,0.41593689178024906,False,False,False,False,False,False,False,False,supplementary,A2_T15
E3_iterative_r3__knn__19_tdm__post0,E3_iterative_r3,knn,19_tdm,False,0.42056682560582137,0.453282363502929,0.43990227318493597,0.45803025241523293,0.5378439456054256,0.4610903217697966,0.6310490238677136,0.4429454286772298,False,False,False,False,False,False,False,False,supplementary,A2_T15
E3_iterative_r3__knn__19_tdm__post1,E3_iterative_r3,knn,19_tdm,True,0.4391171466371073,0.43572248466739966,0.4621281555996166,0.49356511991749785,0.5354182288476667,0.46330502506724347,0.6438153834621297,0.4576332267054054,False,False,False,False,False,False,False,False,supplementary,A2_T15
E3_iterative_r3__knn__21_harmonizr__post0,E3_iterative_r3,knn,21_harmonizr,False,0.5576314215838531,0.46735975615312664,0.5513180557666885,0.5182637951962568,0.7215810160675861,0.35450338891692595,0.41852491224983923,0.5236432571749812,False,False,False,False,False,False,False,False,supplementary,A2_T15
E3_iterative_r3__knn__21_harmonizr__post1,E3_iterative_r3,knn,21_harmonizr,True,0.5604516066965956,0.4621355257763156,0.5552486087442217,0.5358357135235088,0.7201862835376119,0.35298099817254464,0.4657024325031822,0.5284178636851604,False,False,False,False,False,False,False,False,supplementary,A2_T15
E3_iterative_r3__knn__25_angel__post0,E3_iterative_r3,knn,25_angel,False,0.5998448067245192,0.6998220110201063,0.5100612704554797,0.5091159909856051,0.42609821309365936,0.6310576676390157,0.6283130296925242,0.5797110197964276,False,False,False,False,False,False,False,False,supplementary,A2_T15
E3_iterative_r3__knn__25_angel__post1,E3_iterative_r3,knn,25_angel,True,0.6004787325941653,0.6980282125075656,0.5218563562103291,0.5206888947492613,0.42436948195606294,0.6314053354438586,0.6407003376940661,0.5852630490153303,False,False,False,False,False,False,False,False,supplementary,A2_T15
E3_iterative_r3__knn__26_xpn__post0,E3_iterative_r3,knn,26_xpn,False,0.592896239361966,0.678431457696568,0.6311265367408215,0.6026167533232865,0.5797434235646656,0.4755342409327399,0.30130173132790744,0.6262677467806606,False,False,False,False,False,False,False,False,supplementary,A2_T15
E3_iterative_r3__knn__26_xpn__post1,E3_iterative_r3,knn,26_xpn,True,0.6529771932458099,0.672917545594606,0.641325836080023,0.5942512848993013,0.5771042529438364,0.4818575729290508,0.32637127566168195,0.6403679649549351,False,False,False,False,False,False,False,False,supplementary,A2_T15
E3_iterative_r3__knn__28_npn__post0,E3_iterative_r3,knn,28_npn,False,0.7217855242189107,0.6203540468307691,0.5433442875471489,0.651662978846128,0.6481990540022525,0.20588143790387797,0.31087660694297364,0.6342867093607393,False,False,False,False,False,False,False,False,supplementary,A2_T15
E3_iterative_r3__knn__28_npn__post1,E3_iterative_r3,knn,28_npn,True,0.7231595888593856,0.5888061433066256,0.5328284429153043,0.6580310468350435,0.6455597637735733,0.20517715811965112,0.29024940381547815,0.6257063054790898,False,False,False,False,False,False,False,False,supplementary,A2_T15
E3_iterative_r3__knn__31_ruv3prps__post0,E3_iterative_r3,knn,31_ruv3prps,False,0.4145665612077493,0.4306674781313449,0.3029192853992653,0.46518384279126684,0.7190020852177406,0.4603771161854714,0.6765442598846004,0.4033342918824066,False,False,False,False,False,False,False,False,supplementary,A2_T15
E3_iterative_r3__knn__31_ruv3prps__post1,E3_iterative_r3,knn,31_ruv3prps,True,0.41976428634588353,0.4188958362145654,0.31952556423893896,0.48999235869559166,0.716996537576557,0.46277892195621845,0.6963108432643312,0.41204451137374487,False,False,False,False,False,False,False,False,supplementary,A2_T15
E3_iterative_r3__knn__36_explobatch__post0,E3_iterative_r3,knn,36_explobatch,False,0.4143825342278097,0.43074123236439993,0.301747691001831,0.46516150640529413,0.8236367584548961,0.49072674711477865,0.6766568305090004,0.4030082409998337,False,False,False,False,True,False,False,False,supplementary,A2_T15
E3_iterative_r3__knn__36_explobatch__post1,E3_iterative_r3,knn,36_explobatch,True,0.41967150030399697,0.41882208198151033,0.31841135458536135,0.46382163991839753,0.8236367584548961,0.49314419981342267,0.6957446052779348,0.4051816441973165,False,False,False,False,True,False,False,False,supplementary,A2_T15
E3_iterative_r3__knn__20_shambhala__post0,E3_iterative_r3,knn,20_shambhala,False,0.37396232022736164,0.4864857434981762,0.6006916277774512,0.48589033495583633,0.3347832265032704,0.7737897793504923,0.675525930702886,0.48675750661470635,False,False,False,False,False,False,False,False,supplementary,A2_T15
E3_iterative_r3__knn__20_shambhala__post1,E3_iterative_r3,knn,20_shambhala,True,0.3967801937246546,0.4398342348298086,0.5520210834762387,0.5056558682094542,0.33002416758279435,0.7749783938349475,0.6750244101995679,0.47357284506003905,False,False,False,False,False,False,False,False,supplementary,A2_T15
E3_iterative_r3__softimpute__01_raw__post0,E3_iterative_r3,softimpute,01_raw,False,0.5563644926543488,0.3844504858780484,0.12174817406049057,0.4984232749578581,0.8236367584548961,0.3635865960648762,0.6845661359641927,0.3902466068876865,False,False,False,False,True,False,False,False,supplementary,A2_T15
E3_iterative_r3__softimpute__01_raw__post1,E3_iterative_r3,softimpute,01_raw,True,0.5634467966514868,0.3886998056376889,0.12830851813400962,0.510446930806197,0.8236367584548961,0.3654644978198052,0.6481779714752021,0.3977255128073456,False,False,False,False,True,False,False,False,supplementary,A2_T15
E3_iterative_r3__softimpute__02_median_scaling__post0,E3_iterative_r3,softimpute,02_median_scaling,False,0.7338247204514868,0.587315099571834,0.5010407303366546,0.6626524866109381,0.616863712637719,0.3093297133921211,0.21830685525184904,0.6212082592427284,False,False,False,False,False,False,False,False,supplementary,A2_T15
E3_iterative_r3__softimpute__02_median_scaling__post1,E3_iterative_r3,softimpute,02_median_scaling,True,0.7460964936807024,0.583926454880011,0.5296769044771733,0.6612548642106482,0.6090721627978044,0.32394079995701547,0.25535635482300245,0.6302386793121337,False,False,False,False,False,False,False,False,supplementary,A2_T15
E3_iterative_r3__softimpute__03_limma__post0,E3_iterative_r3,softimpute,03_limma,False,0.8585128081521604,0.5165960054790736,0.525296153847997,0.6694657085557595,0.6381684187812303,0.3251517424269948,0.3860626022389961,0.6424676690087476,True,False,False,False,False,False,False,False,supplementary,A2_T15
E3_iterative_r3__softimpute__03_limma__post1,E3_iterative_r3,softimpute,03_limma,True,0.8638972101206798,0.511412631727391,0.5217989771140853,0.6544662361138537,0.6338669613296933,0.3257629712585006,0.4100058376838936,0.6378937637690024,True,False,False,False,False,False,False,False,supplementary,A2_T15
E3_iterative_r3__softimpute__04_sva__post0,E3_iterative_r3,softimpute,04_sva,False,0.5657765589275653,0.38940523488631823,0.12899834114679642,0.5071622748653827,0.6490512978400818,0.5145138843040042,0.6847888703194915,0.3978356024565156,False,False,False,False,False,False,False,False,supplementary,A2_T15
E3_iterative_r3__softimpute__04_sva__post1,E3_iterative_r3,softimpute,04_sva,True,0.5713370125349453,0.3889021961721486,0.1349436108998333,0.5143261861754124,0.6473908756098596,0.5168463708685547,0.6767337283782994,0.4023772514455849,False,False,False,False,False,False,False,False,supplementary,A2_T15
E3_iterative_r3__softimpute__05_combat__post0,E3_iterative_r3,softimpute,05_combat,False,0.6628440512687149,0.43890387182894275,0.24016485041193636,0.5483303347856048,0.4496659025712251,0.3646301860062764,0.7825573270117417,0.4725607770737997,False,False,False,False,False,False,True,False,supplementary,A2_T15
E3_iterative_r3__softimpute__05_combat__post1,E3_iterative_r3,softimpute,05_combat,True,0.6747183425150397,0.4562602489140376,0.24270020195363085,0.5261254618091332,0.47726768355319604,0.3545425900042904,0.7660372583122171,0.47495106379796037,False,False,False,False,False,False,False,False,supplementary,A2_T15
E3_iterative_r3__softimpute__06_combat_seq__post0,E3_iterative_r3,softimpute,06_combat_seq,False,0.5712306827238263,0.40528290060454253,0.4988348710931202,0.48845965860889146,0.3624744583097679,0.5089325160598225,0.72441525013914,0.4909520282575951,False,False,False,False,False,False,False,False,supplementary,A2_T15
E3_iterative_r3__softimpute__06_combat_seq__post1,E3_iterative_r3,softimpute,06_combat_seq,True,0.5751804395196932,0.38655171752474127,0.49641186048865044,0.4609768243501759,0.36801997954455284,0.5020840451285983,0.7473752694438595,0.4797802104708152,False,False,False,False,False,False,False,False,supplementary,A2_T15
E3_iterative_r3__softimpute__07_pycombat__post0,E3_iterative_r3,softimpute,07_pycombat,False,0.8301439529783358,0.49895818407581183,0.5032408364400229,0.6035817740965603,0.6604915544890623,0.7201567817346902,0.4232553720741721,0.6089811868976827,True,False,False,False,False,False,False,False,supplementary,A2_T15
E3_iterative_r3__softimpute__07_pycombat__post1,E3_iterative_r3,softimpute,07_pycombat,True,0.8347085602441482,0.501035829279858,0.5033003118209929,0.5933314547261274,0.657188660012154,0.7201060534772966,0.49244118979717993,0.6080940390177816,True,False,False,False,False,False,False,False,supplementary,A2_T15
E3_iterative_r3__softimpute__08_inmoose_combatseq__post0,E3_iterative_r3,softimpute,08_inmoose_combatseq,False,0.5713716574988533,0.4052211376421165,0.4989646980629191,0.48036950313167753,0.3624744583097679,0.5089325160598225,0.7253153937287268,0.48898174908389164,False,False,False,False,False,False,False,False,supplementary,A2_T15
E3_iterative_r3__softimpute__08_inmoose_combatseq__post1,E3_iterative_r3,softimpute,08_inmoose_combatseq,True,0.5754028011263309,0.38649345639571864,0.4965416874584493,0.4728591106376784,0.36801997954455284,0.5020840451285983,0.7477980507014009,0.48282426390454425,False,False,False,False,False,False,False,False,supplementary,A2_T15
E3_iterative_r3__softimpute__09_ruv__post0,E3_iterative_r3,softimpute,09_ruv,False,0.4362365171091787,0.43639772976855895,0.6022553840149608,0.4253689627680499,0.2875128845275032,0.4082357969673194,0.38242909669631375,0.47506464841518714,False,False,False,False,False,False,False,False,supplementary,A2_T15
E3_iterative_r3__softimpute__09_ruv__post1,E3_iterative_r3,softimpute,09_ruv,True,0.4297351402684773,0.4285915765292107,0.6084394377579257,0.4035792060398004,0.2878607759186571,0.40748290993155173,0.4208643823789788,0.4675863401488536,False,False,False,False,False,False,False,False,supplementary,A2_T15
E3_iterative_r3__softimpute__10_mnn__post0,E3_iterative_r3,softimpute,10_mnn,False,0.465984752212408,0.6644065517925007,0.6291070494533227,0.6169320134047758,0.13416150669410656,0.8142219546943151,0.4932905692609926,0.5941075917157518,False,False,False,False,False,True,False,False,supplementary,A2_T15
E3_iterative_r3__softimpute__10_mnn__post1,E3_iterative_r3,softimpute,10_mnn,True,0.5242951193595947,0.6769910005638989,0.6424001834072345,0.626805240787605,0.13434917896267984,0.8154094837544377,0.4571275756561482,0.6176228860295833,False,False,False,False,False,True,False,False,supplementary,A2_T15
E3_iterative_r3__softimpute__11_harmony__post0,E3_iterative_r3,softimpute,11_harmony,False,0.5374857745808551,0.5480752872663197,0.14484290113027554,0.5258023638121474,0.20146010523460686,0.7049936425499789,0.4197728324671179,0.4390515816973994,False,False,False,False,False,False,False,False,supplementary,A2_T15
E3_iterative_r3__softimpute__11_harmony__post1,E3_iterative_r3,softimpute,11_harmony,True,0.5383816690551342,0.555236997580561,0.1531124248303894,0.5347329321971271,0.20216650561623759,0.7035240497982107,0.46403480408571735,0.445366005915803,False,False,False,False,False,False,False,False,supplementary,A2_T15
E3_iterative_r3__softimpute__12_scanorama__post0,E3_iterative_r3,softimpute,12_scanorama,False,0.5168172267181782,0.5565403973038576,0.3596926441062465,0.598826237170251,0.17128150312713905,0.8066750596278274,0.30109409602767684,0.5079691263246333,False,False,False,False,False,True,False,False,supplementary,A2_T15
E3_iterative_r3__softimpute__12_scanorama__post1,E3_iterative_r3,softimpute,12_scanorama,True,0.5264486389136244,0.5559322424194741,0.3641928307355818,0.5634601445749724,0.17218723878405032,0.8048075520189832,0.33077699092659235,0.5025084641609132,False,False,False,False,False,True,False,False,supplementary,A2_T15
E3_iterative_r3__softimpute__13_fsmvn__post0,E3_iterative_r3,softimpute,13_fsmvn,False,0.8391707491729079,0.6222019107058674,0.6112124345960475,0.6467245854122847,0.6252332042877355,0.3943012443616914,0.470319094225896,0.6798274199717769,True,False,False,False,False,False,False,False,supplementary,A2_T15
E3_iterative_r3__softimpute__13_fsmvn__post1,E3_iterative_r3,softimpute,13_fsmvn,True,0.8469865567385656,0.602056823915359,0.6065631099404796,0.6361127454172683,0.6204196009091328,0.39997816217116655,0.4654085390534268,0.6729298090029181,True,False,False,False,False,False,False,False,supplementary,A2_T15
E3_iterative_r3__softimpute__14_qsmooth__post0,E3_iterative_r3,softimpute,14_qsmooth,False,0.431747033317776,0.32081231825581413,0.24044868665629765,0.4331623130668548,0.3971005242362782,0.5182307733098078,0.5552438698086523,0.3565425878241857,False,False,False,False,False,False,False,False,supplementary,A2_T15
E3_iterative_r3__softimpute__14_qsmooth__post1,E3_iterative_r3,softimpute,14_qsmooth,True,0.4293128012848269,0.314573367512678,0.24839103509619642,0.40912133824655594,0.3973642324443874,0.5124034341822012,0.5644625484172586,0.3503496355350643,False,False,False,False,False,False,False,False,supplementary,A2_T15
E3_iterative_r3__softimpute__15_fsqn_py__post0,E3_iterative_r3,softimpute,15_fsqn_py,False,0.5130171480256834,0.45153175445954863,0.27948595904975954,0.46982974553654644,0.390841192261746,0.14214428212431174,0.5490834115638806,0.4284661517678845,False,False,False,False,False,False,False,False,supplementary,A2_T15
E3_iterative_r3__softimpute__15_fsqn_py__post1,E3_iterative_r3,softimpute,15_fsqn_py,True,0.5214867427799058,0.4498927690056533,0.28883107491622845,0.4784011473357222,0.3916265220081368,0.14214428212431174,0.5586958412408191,0.4346529335093774,False,False,False,False,False,False,False,False,supplementary,A2_T15
E3_iterative_r3__softimpute__16_fsqn_r__post0,E3_iterative_r3,softimpute,16_fsqn_r,False,0.7499702107373909,0.7189175325217846,0.6936229964730182,0.6912473173407099,0.5740039713796459,0.5233547301151265,0.4293101785282661,0.7134395142682259,False,False,False,False,False,False,False,False,supplementary,A2_T15
E3_iterative_r3__softimpute__16_fsqn_r__post1,E3_iterative_r3,softimpute,16_fsqn_r,True,0.7513767173535963,0.7111298241110333,0.6839689448425651,0.691967762375249,0.5708853273158888,0.5234079238011119,0.3948823080544281,0.709610812170611,False,False,False,False,False,False,False,False,supplementary,A2_T15
E3_iterative_r3__softimpute__17_quantile__post0,E3_iterative_r3,softimpute,17_quantile,False,0.5159996255060367,0.45114652511634673,0.37848239504085923,0.48292873530448654,0.39058766415483076,0.14214428212431174,0.5927835467478747,0.45713932024193227,False,False,False,False,False,False,False,False,supplementary,A2_T15
E3_iterative_r3__softimpute__17_quantile__post1,E3_iterative_r3,softimpute,17_quantile,True,0.525787694300938,0.44405337782650706,0.38769666517994955,0.4593325912857809,0.39233950695459524,0.14214428212431174,0.609903530785372,0.4542175821482939,False,False,False,False,False,False,False,False,supplementary,A2_T15
E3_iterative_r3__softimpute__18_rank__post0,E3_iterative_r3,softimpute,18_rank,False,0.49867834494371005,0.404729707078545,0.33305864226198495,0.5007509735458158,0.4075229402773624,0.3635865960648762,0.6049323438583396,0.43430441695751393,False,False,False,False,False,False,False,False,supplementary,A2_T15
E3_iterative_r3__softimpute__18_rank__post1,E3_iterative_r3,softimpute,18_rank,True,0.5045714839819486,0.4163066214283074,0.3386900183521854,0.5049740640300037,0.41069822254647015,0.34995470893396197,0.6484904737002208,0.4411355469481113,False,False,False,False,False,False,False,False,supplementary,A2_T15
E3_iterative_r3__softimpute__19_tdm__post0,E3_iterative_r3,softimpute,19_tdm,False,0.5401833127011317,0.39618989088126016,0.46205640247772267,0.48605333920611343,0.5333113358410253,0.46357663757334827,0.6751904610129572,0.47112073631655704,False,False,False,False,False,False,False,False,supplementary,A2_T15
E3_iterative_r3__softimpute__19_tdm__post1,E3_iterative_r3,softimpute,19_tdm,True,0.550387382181768,0.3832146198176467,0.4761891643778622,0.4882836842830509,0.5319262183133783,0.4665475194339002,0.6843173487657145,0.47451871266508194,False,False,False,False,False,False,False,False,supplementary,A2_T15
E3_iterative_r3__softimpute__21_harmonizr__post0,E3_iterative_r3,softimpute,21_harmonizr,False,0.7864115264052554,0.5291457436755034,0.5440265165505289,0.583867180972517,0.7346474159614945,0.29478275212565147,0.4512869928847136,0.6108627419009511,True,False,False,False,False,False,False,False,supplementary,A2_T15
E3_iterative_r3__softimpute__21_harmonizr__post1,E3_iterative_r3,softimpute,21_harmonizr,True,0.7876210410204846,0.4939803079022142,0.5368180730483243,0.5889106856372835,0.7328659935962887,0.2954320793816817,0.4520900248354219,0.6018325269020767,True,False,False,False,False,False,False,False,supplementary,A2_T15
E3_iterative_r3__softimpute__25_angel__post0,E3_iterative_r3,softimpute,25_angel,False,0.6380079673902501,0.7101789100467226,0.4807311485750482,0.5857879556242446,0.39555549435202936,0.6381944012715636,0.6106736041788771,0.6036764954090663,False,False,False,False,False,False,False,False,supplementary,A2_T15
E3_iterative_r3__softimpute__25_angel__post1,E3_iterative_r3,softimpute,25_angel,True,0.6384714212352384,0.7065446670532332,0.4925866668658831,0.5570963024801503,0.3971236652056998,0.628053639235852,0.6498517023018232,0.5986747644086262,False,False,False,False,False,False,False,False,supplementary,A2_T15
E3_iterative_r3__softimpute__26_xpn__post0,E3_iterative_r3,softimpute,26_xpn,False,0.7180010035044012,0.6296768730498588,0.3819863221654132,0.6170102498716502,0.5744502862255594,0.14214428212431174,0.3699403573906568,0.5866686121478308,False,False,False,False,False,False,False,False,supplementary,A2_T15
E3_iterative_r3__softimpute__26_xpn__post1,E3_iterative_r3,softimpute,26_xpn,True,0.7366579400555785,0.6311200836665314,0.6568027595081072,0.6331068274212378,0.5711363694704794,0.14214428212431174,0.3986591182579485,0.6644219026628637,False,False,False,False,False,False,False,False,supplementary,A2_T15
E3_iterative_r3__softimpute__28_npn__post0,E3_iterative_r3,softimpute,28_npn,False,0.776923646677785,0.6354649530262106,0.5135093745991764,0.6697120727159457,0.6369488159927517,0.19428654662191167,0.35656990730606564,0.6489025117547795,False,False,False,False,False,False,False,False,supplementary,A2_T15
E3_iterative_r3__softimpute__28_npn__post1,E3_iterative_r3,softimpute,28_npn,True,0.7790695579800802,0.6210844246950228,0.5009399282542211,0.6606360043081403,0.6336135985042701,0.1934913851803485,0.31849350514697916,0.640432478809366,False,False,False,False,False,False,False,False,supplementary,A2_T15
E3_iterative_r3__softimpute__31_ruv3prps__post0,E3_iterative_r3,softimpute,31_ruv3prps,False,0.5528246401580851,0.3876279525868122,0.1273778233175488,0.5218533534961547,0.7325882038410211,0.5034352580818677,0.679988887976007,0.3974209423896502,False,False,False,False,False,False,False,False,supplementary,A2_T15
E3_iterative_r3__softimpute__31_ruv3prps__post1,E3_iterative_r3,softimpute,31_ruv3prps,True,0.5589878128706649,0.38737131275562464,0.1334061697842738,0.507616311482808,0.7304706469212917,0.5052326591765267,0.6580004032326164,0.3968454017233428,False,False,False,False,False,False,False,False,supplementary,A2_T15
E3_iterative_r3__softimpute__36_explobatch__post0,E3_iterative_r3,softimpute,36_explobatch,False,0.5563644926543488,0.3844504858780484,0.12174817406049057,0.4984232749578581,0.8236367584548961,0.3635865960648762,0.6845661359641927,0.3902466068876865,False,False,False,False,True,False,False,False,supplementary,A2_T15
E3_iterative_r3__softimpute__36_explobatch__post1,E3_iterative_r3,softimpute,36_explobatch,True,0.5634467966514868,0.3886998056376889,0.12830851813400962,0.510446930806197,0.8236367584548961,0.3654644978198052,0.6481779714752021,0.3977255128073456,False,False,False,False,True,False,False,False,supplementary,A2_T15
E3_iterative_r3__softimpute__20_shambhala__post0,E3_iterative_r3,softimpute,20_shambhala,False,0.5020226130815161,0.4723358736924045,0.511053258428021,0.5274759500758334,0.3278390522618626,0.14214428212431174,0.7679187348988991,0.5032219238194438,False,False,False,False,False,False,False,False,supplementary,A2_T15
E3_iterative_r3__softimpute__20_shambhala__post1,E3_iterative_r3,softimpute,20_shambhala,True,0.5063485313572861,0.4871378814513531,0.5158073182848772,0.5024816693237327,0.3273109838544038,0.14214428212431174,0.7841757456842714,0.5029438501043123,False,False,False,False,False,False,True,False,supplementary,A2_T15
E3_iterative_r3__strict__01_raw__post0,E3_iterative_r3,strict,01_raw,False,0.3470218013517449,0.3829814283131715,0.3445604421800115,0.5036242190330379,0.7947037398173117,0.5680726720284163,0.7410267287703117,0.39454697271949146,False,False,False,False,False,False,False,False,supplementary,A2_T15
E3_iterative_r3__strict__01_raw__post1,E3_iterative_r3,strict,01_raw,True,0.3526703480795589,0.40023033935466357,0.3558780342441743,0.482399217602292,0.7947037398173117,0.5723978115137052,0.7365790088624423,0.39779448482017216,False,False,False,False,False,False,False,False,supplementary,A2_T15
E3_iterative_r3__strict__02_median_scaling__post0,E3_iterative_r3,strict,02_median_scaling,False,0.6625088144311223,0.6425832433538246,0.7070414425442203,0.6857584661113477,0.5919755496816523,0.3867951649928409,0.28365120502304975,0.6744729916101286,False,False,False,False,False,False,False,False,supplementary,A2_T15
E3_iterative_r3__strict__02_median_scaling__post1,E3_iterative_r3,strict,02_median_scaling,True,0.6749245970107668,0.6386307259417837,0.7286498585432649,0.6899342731349378,0.5833671065118764,0.39118938336018755,0.2925802275901969,0.6830348636576883,False,False,False,False,False,False,False,False,supplementary,A2_T15
E3_iterative_r3__strict__03_limma__post0,E3_iterative_r3,strict,03_limma,False,0.8105108832642528,0.5614546817320007,0.7178882000663086,0.667777631507531,0.6123685987535666,0.4397640424746159,0.3272661785742632,0.6894078491425233,True,False,False,False,False,False,False,False,supplementary,A2_T15
E3_iterative_r3__strict__03_limma__post1,E3_iterative_r3,strict,03_limma,True,0.8471016509048728,0.6073253129253516,0.7411356253678156,0.6969352853199876,0.5962317413532991,0.444316455684314,0.3975544262993442,0.7231244686295069,True,False,False,False,False,False,False,False,supplementary,A2_T15
E3_iterative_r3__strict__04_sva__post0,E3_iterative_r3,strict,04_sva,False,0.3578979989178308,0.3880293825361032,0.34802078176474366,0.5138469798971629,0.6340177558259907,0.5595357263179404,0.7384341249757872,0.4019487857789601,False,False,False,False,False,False,False,False,supplementary,A2_T15
E3_iterative_r3__strict__04_sva__post1,E3_iterative_r3,strict,04_sva,True,0.3610920718036509,0.39963230490132934,0.3591231432433731,0.5154914216340626,0.6326619429655521,0.5629333230813334,0.7356784910892334,0.408834735395604,False,False,False,False,False,False,False,False,supplementary,A2_T15
E3_iterative_r3__strict__05_combat__post0,E3_iterative_r3,strict,05_combat,False,0.7028415066388078,0.5613751713342023,0.5649044551417721,0.5963522733619341,0.4947800240328836,0.5997083383397088,0.8400435599828746,0.6063683516191791,False,False,False,False,False,False,True,False,supplementary,A2_T15
E3_iterative_r3__strict__05_combat__post1,E3_iterative_r3,strict,05_combat,True,0.7049594285463949,0.5747954470786967,0.5693111115280867,0.5915536951554304,0.4933228165175152,0.599783411884764,0.8636067417799834,0.6101549205771521,False,False,False,False,False,False,True,False,supplementary,A2_T15
E3_iterative_r3__strict__06_combat_seq__post0,E3_iterative_r3,strict,06_combat_seq,False,0.3945700727808964,0.4189464631485407,0.6140508812547448,0.5283941167345669,0.35756417055222883,0.7027446604713293,0.7680325635685233,0.48899038347968726,False,False,False,False,False,False,False,False,supplementary,A2_T15
E3_iterative_r3__strict__06_combat_seq__post1,E3_iterative_r3,strict,06_combat_seq,True,0.4006111598901258,0.4310192502650352,0.622335427096155,0.5286301598237032,0.3581797885669617,0.7023592467718006,0.7903735538323396,0.49564899926875483,False,False,False,False,False,False,True,False,supplementary,A2_T15
E3_iterative_r3__strict__07_pycombat__post0,E3_iterative_r3,strict,07_pycombat,False,0.7155080090357351,0.5595587800783868,0.6871590905436747,0.6609749782761845,0.5697486342030197,0.5907144630747595,0.39021878156779755,0.6558002144834952,False,False,False,False,False,False,False,False,supplementary,A2_T15
E3_iterative_r3__strict__07_pycombat__post1,E3_iterative_r3,strict,07_pycombat,True,0.719896178569742,0.5418827901093024,0.6700208594708884,0.6264031443451723,0.5674736952464583,0.5907699150617878,0.33928232547313614,0.6395507431237764,False,False,False,False,False,False,False,False,supplementary,A2_T15
E3_iterative_r3__strict__08_inmoose_combatseq__post0,E3_iterative_r3,strict,08_inmoose_combatseq,False,0.3945700727808964,0.4189464631485407,0.6140508812547448,0.4848144915186468,0.35756417055222883,0.7027446604713293,0.7680325635685233,0.4780954771757072,False,False,False,False,False,False,False,False,supplementary,A2_T15
E3_iterative_r3__strict__08_inmoose_combatseq__post1,E3_iterative_r3,strict,08_inmoose_combatseq,True,0.4006111598901258,0.4310192502650352,0.622335427096155,0.520189844161078,0.3581797885669617,0.7023592467718006,0.7903735538323396,0.49353892035309854,False,False,False,False,False,False,True,False,supplementary,A2_T15
E3_iterative_r3__strict__09_ruv__post0,E3_iterative_r3,strict,09_ruv,False,0.5109425051032523,0.5450748391623825,0.7043565476540506,0.5040353374511686,0.25156949190840483,0.5017974901583694,0.6214125840980599,0.5661023073427136,False,False,False,False,False,False,False,False,supplementary,A2_T15
E3_iterative_r3__strict__09_ruv__post1,E3_iterative_r3,strict,09_ruv,True,0.5160276157753638,0.5529056152910027,0.7098571658378805,0.5156769003075128,0.2514658792618341,0.5065301641239927,0.658779028099239,0.5736168243029399,False,False,False,False,False,False,False,False,supplementary,A2_T15
E3_iterative_r3__strict__10_mnn__post0,E3_iterative_r3,strict,10_mnn,False,0.5290054511063664,0.7635557873944042,0.7600527783809897,0.6645960427212965,0.18147269325851415,0.7997762663227247,0.6302717894392467,0.6793025149007643,False,False,False,False,False,True,False,False,supplementary,A2_T15
E3_iterative_r3__strict__10_mnn__post1,E3_iterative_r3,strict,10_mnn,True,0.5610430126928014,0.7828238526703989,0.7651189374196239,0.6754813212029093,0.1826697161661534,0.8004358400211151,0.5869681257823456,0.6961167809964334,False,True,False,False,False,True,False,False,supplementary,A2_T15
E3_iterative_r3__strict__11_harmony__post0,E3_iterative_r3,strict,11_harmony,False,0.3708073680547504,0.5450034566160591,0.3749295605188141,0.6054929528807694,0.23169909486902054,0.7164116892392729,0.5139904575493318,0.47405833451759827,False,False,False,False,False,False,False,False,supplementary,A2_T15
E3_iterative_r3__strict__11_harmony__post1,E3_iterative_r3,strict,11_harmony,True,0.3741817683469058,0.5539938805379674,0.3744211733660347,0.5934785884014602,0.23213428647898268,0.7172598008978022,0.5638395450604107,0.474018852663092,False,False,False,False,False,False,False,False,supplementary,A2_T15
E3_iterative_r3__strict__12_scanorama__post0,E3_iterative_r3,strict,12_scanorama,False,0.38602228320058124,0.5746224903955911,0.5493442390858159,0.4984196495893981,0.04641480106325216,0.783321349111071,0.34047358283211177,0.5021021655678466,False,False,False,False,False,False,False,False,supplementary,A2_T15
E3_iterative_r3__strict__12_scanorama__post1,E3_iterative_r3,strict,12_scanorama,True,0.3839221795175508,0.5568340137268247,0.5516093356020675,0.4592364942413519,0.046049453863528794,0.7832325743821693,0.37283943716669554,0.4879005057719487,False,False,False,False,False,False,False,False,supplementary,A2_T15
E3_iterative_r3__strict__13_fsmvn__post0,E3_iterative_r3,strict,13_fsmvn,False,0.7840171880409946,0.6642786710034008,0.7215463687503517,0.6738507891665227,0.5936293322532161,0.6091921486400126,0.40124968702210334,0.7109232542403174,True,False,False,False,False,False,False,False,supplementary,A2_T15
E3_iterative_r3__strict__13_fsmvn__post1,E3_iterative_r3,strict,13_fsmvn,True,0.7993868274504504,0.6184775048259775,0.7293844919261119,0.6431337730500528,0.5884764800351255,0.6102468907777434,0.4390431262253869,0.6975956493131481,True,False,False,False,False,False,False,False,supplementary,A2_T15
E3_iterative_r3__strict__14_qsmooth__post0,E3_iterative_r3,strict,14_qsmooth,False,0.2211806791959834,0.2755398766080244,0.4347230979263742,0.3798070008537186,0.40823719171585354,0.563121499311657,0.8067735951660986,0.3278126636460252,False,False,False,False,False,False,True,False,supplementary,A2_T15
E3_iterative_r3__strict__14_qsmooth__post1,E3_iterative_r3,strict,14_qsmooth,True,0.226312445642891,0.2810278399998931,0.4447146233910477,0.37574297832344505,0.41258973657197956,0.5673953997347487,0.8293282500616883,0.3319494718393192,False,False,False,False,False,False,True,False,supplementary,A2_T15
E3_iterative_r3__strict__15_fsqn_py__post0,E3_iterative_r3,strict,15_fsqn_py,False,0.35647592937027145,0.47241082089994557,0.5164292276888895,0.46238575738163795,0.42149708230241845,0.554148945083156,0.7473901688786968,0.45192543383518613,False,False,False,False,False,False,False,False,supplementary,A2_T15
E3_iterative_r3__strict__15_fsqn_py__post1,E3_iterative_r3,strict,15_fsqn_py,True,0.3761697479066205,0.4903038257198581,0.5223658039291286,0.4785725366664549,0.4306935879558539,0.5677166421487376,0.7754997481701471,0.4668529785555155,False,False,False,False,False,False,False,False,supplementary,A2_T15
E3_iterative_r3__strict__16_fsqn_r__post0,E3_iterative_r3,strict,16_fsqn_r,False,0.7037408199709504,0.7179462901101122,0.785144966562216,0.7024456108443525,0.5620597705700189,0.4748493456230025,0.40804612602717333,0.7273194218719078,False,False,False,True,False,False,False,False,supplementary,A2_T15
E3_iterative_r3__strict__16_fsqn_r__post1,E3_iterative_r3,strict,16_fsqn_r,True,0.7047102809449426,0.7150611893142553,0.7740932114111743,0.6885926935554378,0.5599684486854387,0.47480513973292676,0.396524932472757,0.7206143438064525,False,False,False,False,False,False,False,False,supplementary,A2_T15
E3_iterative_r3__strict__17_quantile__post0,E3_iterative_r3,strict,17_quantile,False,0.3568617237154651,0.4676067129610797,0.6215881145666483,0.48068239992967066,0.4214352668859372,0.5541646623605814,0.7517581186894751,0.48168473779321597,False,False,False,False,False,False,False,False,supplementary,A2_T15
E3_iterative_r3__strict__17_quantile__post1,E3_iterative_r3,strict,17_quantile,True,0.3764850023456722,0.5036175512142043,0.6275886243898414,0.46593232583047745,0.43063177253937257,0.5676166028249041,0.7777687588997781,0.49340587594504887,False,False,False,False,False,False,False,False,supplementary,A2_T15
E3_iterative_r3__strict__18_rank__post0,E3_iterative_r3,strict,18_rank,False,0.346577920197813,0.4316458478875342,0.5674992052230086,0.4811107682384051,0.4278927737138305,0.5680726720284163,0.7580070217448346,0.4567084353866902,False,False,False,False,False,False,False,False,supplementary,A2_T15
E3_iterative_r3__strict__18_rank__post1,E3_iterative_r3,strict,18_rank,True,0.3675979098982678,0.46007599366316476,0.5606545577066563,0.5154237708591285,0.41329395050100337,0.5940357442280498,0.7445106256815888,0.47593805803180433,False,False,False,False,False,False,False,False,supplementary,A2_T15
E3_iterative_r3__strict__19_tdm__post0,E3_iterative_r3,strict,19_tdm,False,0.3594757604285331,0.4747194681668104,0.42823121515882945,0.4704647907246791,0.5003044391403133,0.5346932245805291,0.6640553086377982,0.433222808619713,False,False,False,False,False,False,False,False,supplementary,A2_T15
E3_iterative_r3__strict__19_tdm__post1,E3_iterative_r3,strict,19_tdm,True,0.37218263322557354,0.467471040759409,0.4404476841488648,0.46051638160558583,0.49836605780768545,0.538332237921276,0.686263730826476,0.4351544349348583,False,False,False,False,False,False,False,False,supplementary,A2_T15
E3_iterative_r3__strict__21_harmonizr__post0,E3_iterative_r3,strict,21_harmonizr,False,0.6793591503994327,0.626143167943483,0.7424848324453804,0.5682156156455977,0.6972610816085095,0.40711298920573874,0.3999813078508365,0.6540506916084734,False,False,False,False,False,False,False,False,supplementary,A2_T15
E3_iterative_r3__strict__21_harmonizr__post1,E3_iterative_r3,strict,21_harmonizr,True,0.683219006900376,0.6036754930687313,0.7366844661043216,0.5703016614841652,0.6954854410419704,0.40713365909177046,0.4513917925286527,0.6484701568893985,False,False,False,False,False,False,False,False,supplementary,A2_T15
E3_iterative_r3__strict__25_angel__post0,E3_iterative_r3,strict,25_angel,False,0.605149847281357,0.7316854402193909,0.5685943434422328,0.5771968566850504,0.37153088630259623,0.6303816038828793,0.7486872610124461,0.6206566219070078,False,False,False,False,False,False,False,False,supplementary,A2_T15
E3_iterative_r3__strict__25_angel__post1,E3_iterative_r3,strict,25_angel,True,0.6128842192251632,0.7188851096637607,0.5805977962037803,0.5475403775596701,0.37083146821844226,0.62927828224509,0.7939221600201897,0.6149768756630936,False,False,False,False,False,False,True,False,supplementary,A2_T15
E3_iterative_r3__strict__26_xpn__post0,E3_iterative_r3,strict,26_xpn,False,0.6576175033191983,0.6694051011536701,0.7438578318490169,0.6607395620855038,0.5545891924572453,0.44568466028741294,0.3829272347717508,0.6829049996018474,False,False,False,False,False,False,False,False,supplementary,A2_T15
E3_iterative_r3__strict__26_xpn__post1,E3_iterative_r3,strict,26_xpn,True,0.68401970806248,0.6654421699883329,0.7553722431000799,0.6752845247997324,0.5516978627190685,0.44714721784112543,0.40991068500344513,0.6950296614876563,False,False,False,False,False,False,False,False,supplementary,A2_T15
E3_iterative_r3__strict__28_npn__post0,E3_iterative_r3,strict,28_npn,False,0.7035112498891289,0.6643872207464409,0.5918866937234287,0.6637076672592369,0.6006252238927124,0.2158433749312201,0.3799489104898134,0.6558732079045588,False,False,False,False,False,False,False,False,supplementary,A2_T15
E3_iterative_r3__strict__28_npn__post1,E3_iterative_r3,strict,28_npn,True,0.7042411790566414,0.6501856235274057,0.5762747980486864,0.6503653811841693,0.5977364119140538,0.21445649396151967,0.36798464987934604,0.6452667454542257,False,False,False,False,False,False,False,False,supplementary,A2_T15
E3_iterative_r3__strict__31_ruv3prps__post0,E3_iterative_r3,strict,31_ruv3prps,False,0.34655902195120925,0.38487860766511856,0.3450402229461816,0.5005055142645876,0.6985045566688917,0.5686864259191866,0.7433248097086953,0.39424584170677424,False,False,False,False,False,False,False,False,supplementary,A2_T15
E3_iterative_r3__strict__31_ruv3prps__post1,E3_iterative_r3,strict,31_ruv3prps,True,0.3524938680566208,0.4002183714040487,0.35629087164443196,0.48235136835023434,0.6965046555441609,0.5726359693170208,0.7367537175032952,0.39783861986383395,False,False,False,False,False,False,False,False,supplementary,A2_T15
E3_iterative_r3__strict__36_explobatch__post0,E3_iterative_r3,strict,36_explobatch,False,0.34658118187674314,0.384874061844959,0.3445604421800115,0.5028717351546401,0.7604893515420422,0.5681912195742832,0.7429697108210106,0.39472185526408843,False,False,False,False,False,False,False,False,supplementary,A2_T15
E3_iterative_r3__strict__36_explobatch__post1,E3_iterative_r3,strict,36_explobatch,True,0.3524488414420706,0.4001371723190853,0.3558780342441743,0.482415267936139,0.7601511276087016,0.5723978115137052,0.7370857776646865,0.3977198289853673,False,False,False,False,False,False,False,False,supplementary,A2_T15
E3_iterative_r3__strict__20_shambhala__post0,E3_iterative_r3,strict,20_shambhala,False,0.3593588754032208,0.4983819210766445,0.6560291597380083,0.5095977615543219,0.3224981028027201,0.7749662568262629,0.7266445980183869,0.505841929443049,False,False,False,False,False,False,False,False,supplementary,A2_T15
E3_iterative_r3__strict__20_shambhala__post1,E3_iterative_r3,strict,20_shambhala,True,0.3636857057315304,0.46948818489894045,0.6346166937566955,0.4883592142594558,0.321339081680117,0.7747319769147888,0.7071758818844773,0.4890374496616555,False,False,False,False,False,False,False,False,supplementary,A2_T15
F_microarray_only__knn__01_raw__post0,F_microarray_only,knn,01_raw,False,0.19547437670430962,0.2574116441074039,0.11015807980292873,0.2815229499702965,0.8086208880227321,0.40938730655641825,0.5561221872489355,0.2111417626462347,False,False,False,False,True,False,False,False,supplementary,A2_T15
F_microarray_only__knn__01_raw__post1,F_microarray_only,knn,01_raw,True,0.22239715137324947,0.2736384039086517,0.12035213980864777,0.2914886786349704,0.8086208880227321,0.41782783633907683,0.5405030475582346,0.22696909343137983,False,False,False,False,True,False,False,False,supplementary,A2_T15
F_microarray_only__knn__02_median_scaling__post0,F_microarray_only,knn,02_median_scaling,False,0.5417226885090354,0.5675287126818492,0.5202442290109043,0.6233095031395586,0.7517296311799647,0.36909460698837765,0.19530044159803986,0.5632012833353368,False,False,False,False,False,False,False,False,supplementary,A2_T15
F_microarray_only__knn__02_median_scaling__post1,F_microarray_only,knn,02_median_scaling,True,0.6773806443645218,0.6113909088912651,0.5571854650702549,0.6731160275276182,0.7532011933328095,0.3822359080256769,0.2895132324684693,0.629768261463415,False,False,False,False,False,False,False,False,supplementary,A2_T15
F_microarray_only__knn__03_limma__post0,F_microarray_only,knn,03_limma,False,0.6908456064213782,0.535735248094224,0.5413291935980951,0.6610883901539337,0.6990221216438322,0.3170783787312907,0.17307802563535366,0.6072496095669078,False,False,False,False,False,False,False,False,supplementary,A2_T15
F_microarray_only__knn__03_limma__post1,F_microarray_only,knn,03_limma,True,0.5770889749691539,0.4694016577553428,0.6177532028273455,0.5574756968153722,0.7002397230877088,0.4246740478290793,0.18088818752272343,0.5554298830918036,False,False,False,False,False,False,False,False,supplementary,A2_T15
F_microarray_only__knn__04_sva__post0,F_microarray_only,knn,04_sva,False,0.21975981989344395,0.25710508735089727,0.11405563377962133,0.3171002151728987,0.6742176080860697,0.4137742182607192,0.5535439076797128,0.2270051890492153,False,False,False,False,False,False,False,False,supplementary,A2_T15
F_microarray_only__knn__04_sva__post1,F_microarray_only,knn,04_sva,True,0.24947447886486326,0.2735053673564111,0.12476530440484385,0.306124944765235,0.6731537974764649,0.4217110509349767,0.5410227253897715,0.23846752384783831,False,False,False,False,False,False,False,False,supplementary,A2_T15
F_microarray_only__knn__05_combat__post0,F_microarray_only,knn,05_combat,False,0.6752571414243559,0.4781742635545311,0.3788762999488201,0.6081974708949128,0.3848563177004774,0.43112691286509286,0.5540642963757916,0.535126293955655,False,False,False,False,False,False,False,False,supplementary,A2_T15
F_microarray_only__knn__05_combat__post1,F_microarray_only,knn,05_combat,True,0.6797386042731918,0.47806628980085236,0.37602838275990513,0.5918952204910038,0.3987169243937234,0.42966467039123707,0.5241476251771234,0.5314321243312383,False,False,False,False,False,False,False,False,supplementary,A2_T15
F_microarray_only__knn__06_combat_seq__post0,F_microarray_only,knn,06_combat_seq,False,0.20697274639795984,0.23964733064394964,0.3540594138614296,0.29263684934760487,0.32212617960197715,0.4909943264381107,0.7601520897042175,0.27332908506273595,False,False,False,False,False,False,False,False,supplementary,A2_T15
F_microarray_only__knn__06_combat_seq__post1,F_microarray_only,knn,06_combat_seq,True,0.23107488676366342,0.23891052774295612,0.3781890222348819,0.27140568938122905,0.3211299082504363,0.494192540035037,0.7982986825231898,0.2798950315306826,False,False,False,False,False,False,True,False,supplementary,A2_T15
F_microarray_only__knn__07_pycombat__post0,F_microarray_only,knn,07_pycombat,False,0.6869902815830525,0.49342003449208166,0.5113630375892793,0.578886699824378,0.7469302839723485,0.501855250372216,0.1719140834978521,0.5676650133721979,False,False,False,False,False,False,False,False,supplementary,A2_T15
F_microarray_only__knn__07_pycombat__post1,F_microarray_only,knn,07_pycombat,True,0.6949010773027813,0.4816782084197333,0.5036655694258825,0.5413459591077312,0.748949420153516,0.4938412882259842,0.14371940004147127,0.5553977035640321,False,False,False,False,False,False,False,False,supplementary,A2_T15
F_microarray_only__knn__08_inmoose_combatseq__post0,F_microarray_only,knn,08_inmoose_combatseq,False,0.20723472642484578,0.24097268314799197,0.3540644902555741,0.3281694268923052,0.32226994687108257,0.4919328046825588,0.7708948407335099,0.2826103316801793,False,False,False,False,False,False,False,False,supplementary,A2_T15
F_microarray_only__knn__08_inmoose_combatseq__post1,F_microarray_only,knn,08_inmoose_combatseq,True,0.23125139732346628,0.23978531689680657,0.3781564471654995,0.29659240838265044,0.32125243526911457,0.49497809515281826,0.7944845326309958,0.2864463924421057,False,False,False,False,False,False,True,False,supplementary,A2_T15
F_microarray_only__knn__09_ruv__post0,F_microarray_only,knn,09_ruv,False,0.13117905842678992,0.2616520325458639,0.6792270070597334,0.3738741286394041,0.28225531287285066,0.25598547222016216,0.4080955566739184,0.36148305666794783,False,False,False,False,False,False,False,False,supplementary,A2_T15
F_microarray_only__knn__09_ruv__post1,F_microarray_only,knn,09_ruv,True,0.13559441060709196,0.28464895231085136,0.6866811900409632,0.35254067574870546,0.28285001915866725,0.25563985868982814,0.32426640101467497,0.364866307176903,False,False,False,False,False,False,False,False,supplementary,A2_T15
F_microarray_only__knn__10_mnn__post0,F_microarray_only,knn,10_mnn,False,0.4313194208791655,0.7107908581335303,0.6159360078870301,0.6328826404091727,0.12223956848056194,0.8232099786264242,0.2680584899003229,0.5977322318272247,False,False,False,False,False,True,False,False,supplementary,A2_T15
F_microarray_only__knn__10_mnn__post1,F_microarray_only,knn,10_mnn,True,0.5855694520849241,0.7464648538614049,0.624278527983408,0.6522814643477691,0.12369351448267274,0.8194148423517593,0.26641401783126595,0.6521485745693765,False,False,False,False,False,True,False,False,supplementary,A2_T15
F_microarray_only__knn__11_harmony__post0,F_microarray_only,knn,11_harmony,False,0.3398066613488025,0.3895173740162289,0.13373174608776572,0.35699452398112425,0.19513667187780873,0.4998352069478118,0.16991439408451187,0.30501257635848034,False,False,False,False,False,False,False,False,supplementary,A2_T15
F_microarray_only__knn__11_harmony__post1,F_microarray_only,knn,11_harmony,True,0.35309610794564605,0.38625693456724514,0.13623244527154452,0.332375302029948,0.19493656869712064,0.4997377373501472,0.16511409615872538,0.3019901974535959,False,False,False,False,False,False,False,False,supplementary,A2_T15
F_microarray_only__knn__12_scanorama__post0,F_microarray_only,knn,12_scanorama,False,0.4537278871817296,0.5969432664817186,0.35966866391193775,0.598025803234991,0.12323145268847666,0.809969048912592,0.6152831371259159,0.5020914052025942,False,False,False,False,False,True,False,False,supplementary,A2_T15
F_microarray_only__knn__12_scanorama__post1,F_microarray_only,knn,12_scanorama,True,0.4504718031071548,0.5949067477802186,0.3598916322198228,0.5864396815662302,0.12270727913544527,0.8008655104802948,0.6141187022857183,0.4979274661683566,False,False,False,False,False,True,False,False,supplementary,A2_T15
F_microarray_only__knn__13_fsmvn__post0,F_microarray_only,knn,13_fsmvn,False,0.7404299074074555,0.6038625270279874,0.5960803604008125,0.5684823632384138,0.7556109379054881,0.21437442923022643,0.2814547176669584,0.6272137895186674,False,False,False,False,False,False,False,False,supplementary,A2_T15
F_microarray_only__knn__13_fsmvn__post1,F_microarray_only,knn,13_fsmvn,True,0.7417470693570479,0.5991147484027163,0.5937587463803212,0.558568779533726,0.7554056837414124,0.21402006003029825,0.24749750726018308,0.6232973359184528,False,False,False,False,False,False,False,False,supplementary,A2_T15
F_microarray_only__knn__14_qsmooth__post0,F_microarray_only,knn,14_qsmooth,False,0.1762713425157016,0.23720512762626098,0.18028558553855903,0.3584210729550689,0.4598259866686795,0.4164648556471567,0.47359740389329863,0.2380457821588976,False,False,False,False,False,False,False,False,supplementary,A2_T15
F_microarray_only__knn__14_qsmooth__post1,F_microarray_only,knn,14_qsmooth,True,0.21950396004759493,0.23923657165190643,0.1879317000442904,0.3258333233596469,0.4560066660648744,0.42488326051307584,0.4791383080080046,0.24312638877585965,False,False,False,False,False,False,False,False,supplementary,A2_T15
F_microarray_only__knn__15_fsqn_py__post0,F_microarray_only,knn,15_fsqn_py,False,0.4748685774866824,0.4005623443575863,0.37786224555795245,0.4616675232249144,0.459757623278186,0.13819844001407675,0.48466435481147707,0.4287401726567839,False,False,False,False,False,False,False,False,supplementary,A2_T15
F_microarray_only__knn__15_fsqn_py__post1,F_microarray_only,knn,15_fsqn_py,True,0.4695169037255491,0.410584591259073,0.3873351371353133,0.4167752048685032,0.4566191738256879,0.13814868134362843,0.4987206000208282,0.42105295924710967,False,False,False,False,False,False,False,False,supplementary,A2_T15
F_microarray_only__knn__16_fsqn_r__post0,F_microarray_only,knn,16_fsqn_r,False,0.19346371946845967,0.256672220283931,0.11239082620886832,0.33204761975292124,0.7374728618343216,0.4167880152903947,0.5577364359591297,0.22364359642854503,False,False,False,False,False,False,False,False,supplementary,A2_T15
F_microarray_only__knn__16_fsqn_r__post1,F_microarray_only,knn,16_fsqn_r,True,0.2201782816640261,0.27378816497354164,0.12291867945776591,0.2996480976927339,0.7361212143927376,0.42510368789879316,0.5416624583214036,0.22913330594701686,False,False,False,False,False,False,False,False,supplementary,A2_T15
F_microarray_only__knn__17_quantile__post0,F_microarray_only,knn,17_quantile,False,0.47518603228464773,0.400564361212874,0.3777324185881535,0.4337011651402902,0.459757623278186,0.13819844001407675,0.48444299133527324,0.42179599430649134,False,False,False,False,False,False,False,False,supplementary,A2_T15
F_microarray_only__knn__17_quantile__post1,F_microarray_only,knn,17_quantile,True,0.469653294738559,0.4105442352330046,0.3872053101655144,0.4223543893651012,0.4566191738256879,0.13814868134362843,0.4981146301115119,0.4224393073755448,False,False,False,False,False,False,False,False,supplementary,A2_T15
F_microarray_only__knn__18_rank__post0,F_microarray_only,knn,18_rank,False,0.4781202231038092,0.3773658409121133,0.2854967697130204,0.4732722986598994,0.46375403133592014,0.4089603518293029,0.50653703205761,0.4035637830972106,False,False,False,False,False,False,False,False,supplementary,A2_T15
F_microarray_only__knn__18_rank__post1,F_microarray_only,knn,18_rank,True,0.4717714591768024,0.39064928937190524,0.2954807215163122,0.453810740589513,0.46012069343924566,0.401720878568144,0.5050265943462008,0.4029280526636332,False,False,False,False,False,False,False,False,supplementary,A2_T15
F_microarray_only__knn__19_tdm__post0,F_microarray_only,knn,19_tdm,False,0.15120541700443002,0.24696934870859188,0.22420910696168625,0.26033695814856384,0.5592796202255016,0.3948293625824261,0.5004290936979003,0.220680207705818,False,False,False,False,False,False,False,False,supplementary,A2_T15
F_microarray_only__knn__19_tdm__post1,F_microarray_only,knn,19_tdm,True,0.1712761003226915,0.26574031242913826,0.24011522941124108,0.25711104146230734,0.557707470439841,0.3997061707691469,0.44752518278517406,0.23356067090634455,False,False,False,False,False,False,False,False,supplementary,A2_T15
F_microarray_only__knn__21_harmonizr__post0,F_microarray_only,knn,21_harmonizr,False,0.5973949329491254,0.5356841232872189,0.5848996321060986,0.5144079576758901,0.7383974177306561,0.2610633200236304,0.1894425308507641,0.5580966615045833,False,False,False,False,False,False,False,False,supplementary,A2_T15
F_microarray_only__knn__21_harmonizr__post1,F_microarray_only,knn,21_harmonizr,True,0.6127756331276326,0.5367259428624881,0.5810925348794398,0.4920436717446214,0.7370457702890721,0.26056355409097315,0.2578376474484957,0.5556594456535455,False,False,False,False,False,False,False,False,supplementary,A2_T15
F_microarray_only__knn__25_angel__post0,F_microarray_only,knn,25_angel,False,0.7243743358947988,0.6380543674751081,0.365852842880364,0.5546854468322364,0.41363585496866606,0.40961798377639763,0.5149413944761032,0.5707417482706268,False,False,False,False,False,False,False,False,supplementary,A2_T15
F_microarray_only__knn__25_angel__post1,F_microarray_only,knn,25_angel,True,0.7300788687007137,0.6526058792669893,0.3694572261934605,0.5377798986654845,0.4130203670546106,0.400656237997063,0.516361303375272,0.572480468206662,False,False,False,False,False,False,False,False,supplementary,A2_T15
F_microarray_only__knn__26_xpn__post0,F_microarray_only,knn,26_xpn,False,0.619824273836649,0.5889210338084817,0.607935458004217,0.5900460195697358,0.6899666783245547,0.13788830662650783,0.18656032569357894,0.6016816963047709,False,False,False,False,False,False,False,False,supplementary,A2_T15
F_microarray_only__knn__26_xpn__post1,F_microarray_only,knn,26_xpn,True,0.6324675332713601,0.5916718916808315,0.615157104572911,0.5633531602177246,0.6890251582341254,0.13788830662650783,0.18108815812097726,0.6006624224357068,False,False,False,False,False,False,False,False,supplementary,A2_T15
F_microarray_only__knn__28_npn__post0,F_microarray_only,knn,28_npn,False,0.6898908350036348,0.6041758312890158,0.48176688124168426,0.6412208131241397,0.683907983116494,0.18620275638260309,0.22766989480875746,0.6042635901646186,False,False,False,False,False,False,False,False,supplementary,A2_T15
F_microarray_only__knn__28_npn__post1,F_microarray_only,knn,28_npn,True,0.6894514184188042,0.6092139458618844,0.47529626059207825,0.628824514015418,0.6832113067916615,0.18636466914212013,0.2352779290453817,0.6006965347220462,False,False,False,False,False,False,False,False,supplementary,A2_T15
F_microarray_only__knn__31_ruv3prps__post0,F_microarray_only,knn,31_ruv3prps,False,0.19346371946845967,0.256672220283931,0.11239082620886832,0.33204761975292124,0.7360693857603002,0.4196203818874446,0.5577364359591297,0.22364359642854503,False,False,False,False,False,False,False,False,supplementary,A2_T15
F_microarray_only__knn__31_ruv3prps__post1,F_microarray_only,knn,31_ruv3prps,True,0.2201782816640261,0.27378816497354164,0.12291867945776591,0.2996480976927339,0.7347177383187162,0.4278543008169471,0.5416624583214036,0.22913330594701686,False,False,False,False,False,False,False,False,supplementary,A2_T15
F_microarray_only__knn__36_explobatch__post0,F_microarray_only,knn,36_explobatch,False,0.19547437670430962,0.2574116441074039,0.11015807980292873,0.3160908231965012,0.8086208880227321,0.40938730655641825,0.5561221872489355,0.21978373095278586,False,False,False,False,True,False,False,False,supplementary,A2_T15
F_microarray_only__knn__36_explobatch__post1,F_microarray_only,knn,36_explobatch,True,0.22239715137324947,0.2736384039086517,0.12035213980864777,0.2852565198331108,0.8086208880227321,0.41782783633907683,0.5405030475582346,0.2254110537309149,False,False,False,False,True,False,False,False,supplementary,A2_T15
F_microarray_only__knn__20_shambhala__post0,F_microarray_only,knn,20_shambhala,False,0.26088060869620594,0.3343640918808471,0.427675713603723,0.38421483694115705,0.2829689262125009,0.7818100088686374,0.33437513657436146,0.35178381278048326,False,False,False,False,False,False,False,False,supplementary,A2_T15
F_microarray_only__knn__20_shambhala__post1,F_microarray_only,knn,20_shambhala,True,0.2934384006378604,0.36093078545310386,0.4356297998338089,0.36757638598529174,0.28117858662230394,0.7823416786145155,0.4418202255989439,0.3643938429775162,False,False,False,False,False,False,False,False,supplementary,A2_T15
F_microarray_only__softimpute__01_raw__post0,F_microarray_only,softimpute,01_raw,False,0.23936554458421752,0.25177610089808344,0.0675421108602276,0.28774085747091427,0.8086208880227321,0.6308239046764422,0.49035316549312136,0.21160615345336073,False,False,False,False,True,False,False,False,supplementary,A2_T15
F_microarray_only__softimpute__01_raw__post1,F_microarray_only,softimpute,01_raw,True,0.26116965123750513,0.2687004580558869,0.07437011354391018,0.26097201694159755,0.8086208880227321,0.6400680879396377,0.6763644534420451,0.21630305994472493,False,False,False,False,True,False,False,False,supplementary,A2_T15
F_microarray_only__softimpute__02_median_scaling__post0,F_microarray_only,softimpute,02_median_scaling,False,0.5922469086237362,0.5806556816653782,0.4575859972264333,0.6268654245399927,0.7917107167462671,0.3564324453897912,0.19741971938935243,0.5643385030138851,False,False,False,False,False,False,False,False,supplementary,A2_T15
F_microarray_only__softimpute__02_median_scaling__post1,F_microarray_only,softimpute,02_median_scaling,True,0.6997509313840656,0.6297622557296044,0.4799987387765954,0.6637298921141928,0.7928580718864562,0.36844376409897284,0.25099045633511713,0.6183104545011145,False,False,False,False,False,False,False,False,supplementary,A2_T15
F_microarray_only__softimpute__03_limma__post0,F_microarray_only,softimpute,03_limma,False,0.7196656723741369,0.5125725864107108,0.4713925065682181,0.6003780897792318,0.7064030951381999,0.31991299733722317,0.19576612057963058,0.5760022137830744,False,False,False,False,False,False,False,False,supplementary,A2_T15
F_microarray_only__softimpute__03_limma__post1,F_microarray_only,softimpute,03_limma,True,0.7386907934031328,0.4930236065836773,0.4762714724239899,0.6057745770561948,0.7985731233347731,0.3216848861687081,0.17253829438015952,0.5784401123667486,False,False,False,False,False,False,False,False,supplementary,A2_T15
F_microarray_only__softimpute__04_sva__post0,F_microarray_only,softimpute,04_sva,False,0.2673424387889858,0.2518678621049688,0.0692531669957487,0.28933133532257127,0.6796206627990136,0.6300150019009549,0.5823007728552845,0.21944870080306864,False,False,False,False,False,False,False,False,supplementary,A2_T15
F_microarray_only__softimpute__04_sva__post1,F_microarray_only,softimpute,04_sva,True,0.2917799685276151,0.26972745120323016,0.07697256318162439,0.3019162300173357,0.6787627633965063,0.6387781065516953,0.6697426583048942,0.23509905323245134,False,False,False,False,False,False,False,False,supplementary,A2_T15
F_microarray_only__softimpute__05_combat__post0,F_microarray_only,softimpute,05_combat,False,0.6323688384286298,0.4584907545475926,0.27662483089990747,0.5846930816658577,0.3323555228815302,0.3292915136420802,0.617569373038103,0.4880443763854969,False,False,False,False,False,False,False,False,supplementary,A2_T15
F_microarray_only__softimpute__05_combat__post1,F_microarray_only,softimpute,05_combat,True,0.635291426112768,0.46114996699545835,0.27709172685940164,0.5434978151168901,0.38537117633911994,0.3377372374574778,0.5953856992955741,0.4792577337711295,False,False,False,False,False,False,False,False,supplementary,A2_T15
F_microarray_only__softimpute__06_combat_seq__post0,F_microarray_only,softimpute,06_combat_seq,False,0.24665491713062127,0.2518880396796239,0.29291804397081966,0.2632236203958811,0.2996417937496473,0.6725085099639827,0.79675818440493,0.26367115529423646,False,False,False,False,False,False,True,False,supplementary,A2_T15
F_microarray_only__softimpute__06_combat_seq__post1,F_microarray_only,softimpute,06_combat_seq,True,0.26841679451331435,0.24566354619362255,0.3123764949338279,0.22546575207063443,0.3009502146702559,0.6752737041989956,0.8197535476177191,0.2629806469278498,False,False,False,False,False,False,True,False,supplementary,A2_T15
F_microarray_only__softimpute__07_pycombat__post0,F_microarray_only,softimpute,07_pycombat,False,0.7163991310032715,0.45798270453579404,0.4521885065198246,0.5743824087789118,0.7785997574568643,0.5663111462456984,0.17716608139757567,0.5502381877094504,False,False,False,False,False,False,False,False,supplementary,A2_T15
F_microarray_only__softimpute__07_pycombat__post1,F_microarray_only,softimpute,07_pycombat,True,0.7201168856079072,0.4443758475354099,0.45485421949774163,0.5503906370376995,0.7773485032410068,0.5664986681296045,0.20968048411341586,0.5424343974196896,False,False,False,False,False,False,False,False,supplementary,A2_T15
F_microarray_only__softimpute__08_inmoose_combatseq__post0,F_microarray_only,softimpute,08_inmoose_combatseq,False,0.24669042237853225,0.251403844803554,0.29293048303851077,0.25692715644130615,0.299580306854677,0.6724829554306084,0.7984012889551415,0.2619879766654758,False,False,False,False,False,False,True,False,supplementary,A2_T15
F_microarray_only__softimpute__08_inmoose_combatseq__post1,F_microarray_only,softimpute,08_inmoose_combatseq,True,0.26865576684025194,0.24583756496874065,0.31238893400151907,0.2214808786649239,0.300868381067383,0.6752730290008455,0.8181647889557948,0.2620907861188589,False,False,False,False,False,False,True,False,supplementary,A2_T15
F_microarray_only__softimpute__09_ruv__post0,F_microarray_only,softimpute,09_ruv,False,0.3856092479051087,0.2870300228394381,0.5018812091835649,0.36930460201730836,0.26741550370822237,0.38251631914704604,0.6283298119469144,0.385956270486355,False,False,False,False,False,False,False,False,supplementary,A2_T15
F_microarray_only__softimpute__09_ruv__post1,F_microarray_only,softimpute,09_ruv,True,0.37591699201187107,0.2895465913841651,0.509150912544908,0.3619582543629517,0.26856350002676294,0.38062628943648874,0.6327319422363241,0.384143187575974,False,False,False,False,False,False,False,False,supplementary,A2_T15
F_microarray_only__softimpute__10_mnn__post0,F_microarray_only,softimpute,10_mnn,False,0.5387691130266883,0.6480598578360781,0.5121623782134022,0.5893895593202441,0.1215369821421532,0.8197148658561813,0.2556377502024056,0.5720952270991031,False,False,False,False,False,True,False,False,supplementary,A2_T15
F_microarray_only__softimpute__10_mnn__post1,F_microarray_only,softimpute,10_mnn,True,0.42848161987287986,0.6527076835100887,0.5065804278042808,0.5714043420419188,0.12562066969255026,0.8134705613623514,0.288019832332388,0.5397935183072919,False,False,False,False,False,True,False,False,supplementary,A2_T15
F_microarray_only__softimpute__11_harmony__post0,F_microarray_only,softimpute,11_harmony,False,0.36725695045882834,0.413856544779507,0.10332328567447585,0.4100339104874989,0.17458256119492485,0.7299775738061227,0.21697223196661283,0.32361767285007753,False,False,False,False,False,False,False,False,supplementary,A2_T15
F_microarray_only__softimpute__11_harmony__post1,F_microarray_only,softimpute,11_harmony,True,0.3885110331602782,0.41698872248706964,0.10503153830907426,0.3638461703712345,0.1739070068707682,0.7285729511989053,0.2630966093601146,0.31859436608191416,False,False,False,False,False,False,False,False,supplementary,A2_T15
F_microarray_only__softimpute__12_scanorama__post0,F_microarray_only,softimpute,12_scanorama,False,0.4794286826166046,0.6750535083060482,0.3182729361576635,0.5412784000756002,0.1284885179539235,0.8121405395060626,0.2820678131478875,0.5035083817889792,False,False,False,False,False,True,False,False,supplementary,A2_T15
F_microarray_only__softimpute__12_scanorama__post1,F_microarray_only,softimpute,12_scanorama,True,0.47661654220827465,0.68121730682069,0.32160391204961003,0.5659210629509286,0.12818555119169495,0.812084894637981,0.26135127131654146,0.5113397060073759,False,False,False,False,False,True,False,False,supplementary,A2_T15
F_microarray_only__softimpute__13_fsmvn__post0,F_microarray_only,softimpute,13_fsmvn,False,0.7788059346591367,0.5947887924202294,0.5495074302997559,0.563229873384957,0.7983692094844842,0.21197083341024772,0.3542440909410032,0.6215830076910198,False,False,False,False,False,False,False,False,supplementary,A2_T15
F_microarray_only__softimpute__13_fsmvn__post1,F_microarray_only,softimpute,13_fsmvn,True,0.7901853824963716,0.6232836979782252,0.5533315770108111,0.5522674491827644,0.7982263357579034,0.2107304511829814,0.35046742205091713,0.6297670266670431,True,False,False,False,False,False,False,False,supplementary,A2_T15
F_microarray_only__softimpute__14_qsmooth__post0,F_microarray_only,softimpute,14_qsmooth,False,0.18452424460528116,0.23478147954876874,0.15521682899622252,0.2869866967085224,0.40289004064115125,0.6294777379770792,0.4797992971808341,0.2153773124646987,False,False,False,False,False,False,False,False,supplementary,A2_T15
F_microarray_only__softimpute__14_qsmooth__post1,F_microarray_only,softimpute,14_qsmooth,True,0.22326935242667395,0.2332473458916898,0.16074315604993983,0.288328845945308,0.39812125008620447,0.6387526971667501,0.595478031164955,0.2263971750784029,False,False,False,False,False,False,False,False,supplementary,A2_T15
F_microarray_only__softimpute__15_fsqn_py__post0,F_microarray_only,softimpute,15_fsqn_py,False,0.48581276653047206,0.3682629444546423,0.3408442816555441,0.4406214591213327,0.3993674112757581,0.14434701180519527,0.5400026953194547,0.40888536294049777,False,False,False,False,False,False,False,False,supplementary,A2_T15
F_microarray_only__softimpute__15_fsqn_py__post1,F_microarray_only,softimpute,15_fsqn_py,True,0.4778647159626648,0.38551349394293977,0.3495691691324671,0.38640869894056157,0.3988415109303452,0.14407198872142934,0.5434204642863387,0.3998390194946583,False,False,False,False,False,False,False,False,supplementary,A2_T15
F_microarray_only__softimpute__16_fsqn_r__post0,F_microarray_only,softimpute,16_fsqn_r,False,0.24009802334798128,0.2517684575216229,0.06768919697247457,0.2818780262521408,0.778689083786115,0.6309123327460269,0.49046364920633,0.21035842602355487,False,False,False,False,False,False,False,False,supplementary,A2_T15
F_microarray_only__softimpute__16_fsqn_r__post1,F_microarray_only,softimpute,16_fsqn_r,True,0.2617221717487354,0.2679519074311151,0.07520003726038277,0.2950726904370125,0.7772135690120657,0.6402187143472828,0.6908347210263261,0.2249867017193114,False,False,False,False,False,False,False,False,supplementary,A2_T15
F_microarray_only__softimpute__17_quantile__post0,F_microarray_only,softimpute,17_quantile,False,0.4860488344968268,0.368285881812022,0.3407144546857451,0.4406202997114676,0.3993674112757581,0.14434701180519527,0.539731120871192,0.40891736767651543,False,False,False,False,False,False,False,False,supplementary,A2_T15
F_microarray_only__softimpute__17_quantile__post1,F_microarray_only,softimpute,17_quantile,True,0.4782635575922407,0.38553643130031945,0.3494393421626682,0.3864075395306965,0.3988415109303452,0.14407198872142934,0.5439930835669684,0.3999117176464812,False,False,False,False,False,False,False,False,supplementary,A2_T15
F_microarray_only__softimpute__18_rank__post0,F_microarray_only,softimpute,18_rank,False,0.38205729128616306,0.3625131013994824,0.41550778384761705,0.38871050074361424,0.45390965513026216,0.40644322991153464,0.5762995619899782,0.3871971693192192,False,False,False,False,False,False,False,False,supplementary,A2_T15
F_microarray_only__softimpute__18_rank__post1,F_microarray_only,softimpute,18_rank,True,0.4152625559122198,0.3947210615483192,0.4222299184506193,0.41338438412634915,0.4466454598654926,0.4114893283197543,0.5852323851240819,0.41139948000937687,False,False,False,False,False,False,False,False,supplementary,A2_T15
F_microarray_only__softimpute__19_tdm__post0,F_microarray_only,softimpute,19_tdm,False,0.20750617561965926,0.24586571574174157,0.23431922232890023,0.2538522051884564,0.5493449104137794,0.5430526705415839,0.450640143650045,0.23538582971968935,False,False,False,False,False,False,False,False,supplementary,A2_T15
F_microarray_only__softimpute__19_tdm__post1,F_microarray_only,softimpute,19_tdm,True,0.23229487666718374,0.2700192826115813,0.25156579634390314,0.2000863087671104,0.5480757273903474,0.5495003014543516,0.5240301592361659,0.23849156609744462,False,False,False,False,False,False,False,False,supplementary,A2_T15
F_microarray_only__softimpute__21_harmonizr__post0,F_microarray_only,softimpute,21_harmonizr,False,0.618685898968189,0.505349612468254,0.5146887037220208,0.4983514404680802,0.7872391507214047,0.25041789702629025,0.28693233137372365,0.534268913906636,False,False,False,False,False,False,False,False,supplementary,A2_T15
F_microarray_only__softimpute__21_harmonizr__post1,F_microarray_only,softimpute,21_harmonizr,True,0.6315941921392098,0.5122572668267376,0.508235926187391,0.4838291038944927,0.7870657569329698,0.2528907955790053,0.35983437129586743,0.5339791222619578,False,False,False,False,False,False,False,False,supplementary,A2_T15
F_microarray_only__softimpute__25_angel__post0,F_microarray_only,softimpute,25_angel,False,0.7235389560716649,0.6908369830330346,0.3818419525176233,0.5512675314619403,0.37294371083258726,0.5341735303702986,0.5846476361354143,0.5868713557710658,False,False,False,False,False,False,False,False,supplementary,A2_T15
F_microarray_only__softimpute__25_angel__post1,F_microarray_only,softimpute,25_angel,True,0.7279652880308247,0.7081359197466859,0.39438397423441657,0.5404284933266894,0.3450649059982095,0.5334144474526722,0.5913215723062482,0.5927284188346542,False,False,False,False,False,False,False,False,supplementary,A2_T15
F_microarray_only__softimpute__26_xpn__post0,F_microarray_only,softimpute,26_xpn,False,0.6750402634929905,0.6120877009586094,0.5860913902392727,0.6235611530087386,0.6776375653099552,0.20473264555085474,0.25874406838994146,0.6241951269249028,False,False,False,False,False,False,False,False,supplementary,A2_T15
F_microarray_only__softimpute__26_xpn__post1,F_microarray_only,softimpute,26_xpn,True,0.6867105855675679,0.6264235402285745,0.5939837598544101,0.6260880767126147,0.6763907263512348,0.20407995511960586,0.2925483687359506,0.6333014905907918,False,False,False,False,False,False,False,False,supplementary,A2_T15
F_microarray_only__softimpute__28_npn__post0,F_microarray_only,softimpute,28_npn,False,0.7382596363077449,0.6453100952088208,0.45499973582545133,0.6612802236202785,0.6936053705734283,0.1779818650562418,0.28537116387980577,0.6249624227405739,False,False,False,False,False,False,False,False,supplementary,A2_T15
F_microarray_only__softimpute__28_npn__post1,F_microarray_only,softimpute,28_npn,True,0.7388002196278328,0.6475686300985466,0.4471933304765516,0.6551194618193237,0.6933209634340535,0.17820712946955938,0.325881527343458,0.6221704105055637,False,False,False,False,False,False,False,False,supplementary,A2_T15
F_microarray_only__softimpute__31_ruv3prps__post0,F_microarray_only,softimpute,31_ruv3prps,False,0.24009802334798128,0.2517684575216229,0.06768919697247457,0.2818780262521408,0.774883802637055,0.6358028215848374,0.49046364920633,0.21035842602355487,False,False,False,False,False,False,False,False,supplementary,A2_T15
F_microarray_only__softimpute__31_ruv3prps__post1,F_microarray_only,softimpute,31_ruv3prps,True,0.2617221717487354,0.2679519074311151,0.07520003726038277,0.2950726904370125,0.7734082878630059,0.6444652051576754,0.6908347210263261,0.2249867017193114,False,False,False,False,False,False,False,False,supplementary,A2_T15
F_microarray_only__softimpute__36_explobatch__post0,F_microarray_only,softimpute,36_explobatch,False,0.23936554458421752,0.25177610089808344,0.0675421108602276,0.28774085747091427,0.8086208880227321,0.6308239046764422,0.49035316549312136,0.21160615345336073,False,False,False,False,True,False,False,False,supplementary,A2_T15
F_microarray_only__softimpute__36_explobatch__post1,F_microarray_only,softimpute,36_explobatch,True,0.26116965123750513,0.2687004580558869,0.07437011354391018,0.26097201694159755,0.8086208880227321,0.6400680879396377,0.6763644534420451,0.21630305994472493,False,False,False,False,True,False,False,False,supplementary,A2_T15
F_microarray_only__softimpute__20_shambhala__post0,F_microarray_only,softimpute,20_shambhala,False,0.35763330971534374,0.34657014086705035,0.37889303936926544,0.43956443871212686,0.29230719465902705,0.13788830662650783,0.41006094200232396,0.3806652321659466,False,False,False,False,False,False,False,False,supplementary,A2_T15
F_microarray_only__softimpute__20_shambhala__post1,F_microarray_only,softimpute,20_shambhala,True,0.35739388978814507,0.3605322698831628,0.3766292784614747,0.3861520728542332,0.2901824643391504,0.13788830662650783,0.3944060087928204,0.3701768777467539,False,False,False,False,False,False,False,False,supplementary,A2_T15
F_microarray_only__strict__01_raw__post0,F_microarray_only,strict,01_raw,False,0.11397326108366465,0.27503720021351774,0.1672950489502317,0.26016578762529985,0.7866667901957606,0.40644322991153464,0.5651948380403724,0.2041178244681785,False,False,False,False,False,False,False,False,supplementary,A2_T15
F_microarray_only__strict__01_raw__post1,F_microarray_only,strict,01_raw,True,0.13549824308702899,0.2729414666790547,0.183465100413218,0.2336617698133779,0.7866667901957606,0.4114893283197543,0.6152802816725961,0.2063916449981699,False,False,False,False,False,False,False,False,supplementary,A2_T15
F_microarray_only__strict__02_median_scaling__post0,F_microarray_only,strict,02_median_scaling,False,0.45309449807333135,0.5836753864907896,0.5822537329036422,0.6110564821442092,0.7792743732741798,0.49711131538392156,0.22591161499911938,0.5575200249029931,False,False,False,False,False,False,False,False,supplementary,A2_T15
F_microarray_only__strict__02_median_scaling__post1,F_microarray_only,strict,02_median_scaling,True,0.6286773292966454,0.6453524187009081,0.6254813466076199,0.6892071092994014,0.7814815443103562,0.48462625146402294,0.25535808977373436,0.6471795509761438,False,False,False,False,False,False,False,False,supplementary,A2_T15
F_microarray_only__strict__03_limma__post0,F_microarray_only,strict,03_limma,False,0.626385024529547,0.5520595994356433,0.6034277388623885,0.5981835249066335,0.7682836140675829,0.3896505052124192,0.19545005437509122,0.5950139719335531,False,False,False,False,False,False,False,False,supplementary,A2_T15
F_microarray_only__strict__03_limma__post1,F_microarray_only,strict,03_limma,True,0.6176430259247659,0.5065178886326879,0.6005293870026233,0.5891034037467375,0.7679474466159267,0.3839574348539204,0.19467776976348136,0.5784484263267037,False,False,False,False,False,False,False,False,supplementary,A2_T15
F_microarray_only__strict__04_sva__post0,F_microarray_only,strict,04_sva,False,0.13008392812782554,0.27471583874436295,0.16904700787100502,0.27218854951171717,0.6568535132106923,0.3972535866521003,0.5904783767476791,0.21150883106372764,False,False,False,False,False,False,False,False,supplementary,A2_T15
F_microarray_only__strict__04_sva__post1,F_microarray_only,strict,04_sva,True,0.15384980191607026,0.2819821330691871,0.1857429113062336,0.26075956023510677,0.6561587159929171,0.4023245128633781,0.6190907427785585,0.22058360163164942,False,False,False,False,False,False,False,False,supplementary,A2_T15
F_microarray_only__strict__05_combat__post0,F_microarray_only,strict,05_combat,False,0.6455772347086294,0.48750708705131623,0.5250433535284406,0.5948174385684316,0.3961946850351443,0.3250602966714833,0.5858508643804438,0.5632362784642044,False,False,False,False,False,False,False,False,supplementary,A2_T15
F_microarray_only__strict__05_combat__post1,F_microarray_only,strict,05_combat,True,0.6426662004132019,0.4673545652319789,0.5234744427100346,0.5708524030929164,0.41322575217574437,0.3245949120385781,0.5575601948705399,0.551086902862033,False,False,False,False,False,False,False,False,supplementary,A2_T15
F_microarray_only__strict__06_combat_seq__post0,F_microarray_only,strict,06_combat_seq,False,0.13631303248189902,0.23608675934963766,0.46818346098047015,0.2890403047472934,0.3023774835111723,0.6408818593379613,0.8030121906705208,0.2824058893898251,False,False,False,False,False,False,True,False,supplementary,A2_T15
F_microarray_only__strict__06_combat_seq__post1,F_microarray_only,strict,06_combat_seq,True,0.16303583960575782,0.24589158016280993,0.500861292483607,0.3238200717105676,0.30049170474565634,0.6426736036410552,0.8242224652547148,0.3084021959906856,False,False,False,False,False,False,True,False,supplementary,A2_T15
F_microarray_only__strict__07_pycombat__post0,F_microarray_only,strict,07_pycombat,False,0.6026629129233995,0.5413713723145724,0.5673397690361779,0.595213253598616,0.7743077846907195,0.33066436807826094,0.21613454928532713,0.5766468269681915,False,False,False,False,False,False,False,False,supplementary,A2_T15
F_microarray_only__strict__07_pycombat__post1,F_microarray_only,strict,07_pycombat,True,0.6057007303958274,0.5497420237982794,0.5653989509622646,0.5785123669020056,0.7740830773612657,0.3304655167299526,0.246281144585868,0.5748385180145943,False,False,False,False,False,False,False,False,supplementary,A2_T15
F_microarray_only__strict__08_inmoose_combatseq__post0,F_microarray_only,strict,08_inmoose_combatseq,False,0.13607696451554435,0.2368214234269509,0.46741943332437147,0.2975892390060618,0.3023774835111723,0.6408818593379613,0.8089706638497887,0.28447676506823216,False,False,False,False,False,False,True,False,supplementary,A2_T15
F_microarray_only__strict__08_inmoose_combatseq__post1,F_microarray_only,strict,08_inmoose_combatseq,True,0.16305763849395197,0.24576743996436537,0.5001418937381165,0.29037261153674354,0.30049170474565634,0.6426736036410552,0.8216812234202863,0.2998348959332943,False,False,False,False,False,False,True,False,supplementary,A2_T15
F_microarray_only__strict__09_ruv__post0,F_microarray_only,strict,09_ruv,False,0.33049351615812755,0.4268543443162145,0.7065594238544747,0.4278735654784705,0.24454101310278825,0.3841381495267069,0.4015379762140892,0.4729452124518218,False,False,False,False,False,False,False,False,supplementary,A2_T15
F_microarray_only__strict__09_ruv__post1,F_microarray_only,strict,09_ruv,True,0.369758338571619,0.4452816095094229,0.724126050877503,0.4238560345416408,0.24043631313385505,0.3809517593183936,0.43919453591920266,0.49075550837504645,False,False,False,False,False,False,False,False,supplementary,A2_T15
F_microarray_only__strict__10_mnn__post0,F_microarray_only,strict,10_mnn,False,0.5321513579873112,0.6752080784191503,0.6339019370820514,0.6863444058724598,0.1589634526752097,0.8039319271189496,0.3334388799968476,0.6319014448402431,False,False,False,False,False,True,False,False,supplementary,A2_T15
F_microarray_only__strict__10_mnn__post1,F_microarray_only,strict,10_mnn,True,0.4186433783648654,0.7518284470784182,0.6510768656339818,0.6590175989339006,0.16268692328312587,0.7974872136070205,0.3767987352024971,0.6201415725027914,False,False,False,False,False,True,False,False,supplementary,A2_T15
F_microarray_only__strict__11_harmony__post0,F_microarray_only,strict,11_harmony,False,0.18332155881547205,0.4688181296429835,0.19421821186973845,0.41003464363052444,0.18296341894702428,0.6001657497807985,0.23378174300823337,0.3140981359896796,False,False,False,False,False,False,False,False,supplementary,A2_T15
F_microarray_only__strict__11_harmony__post1,F_microarray_only,strict,11_harmony,True,0.20355503307564626,0.4642825621996513,0.19470704454921284,0.39793735687438314,0.18289275462570823,0.6090530173466138,0.26086046118183753,0.3151204991747234,False,False,False,False,False,False,False,False,supplementary,A2_T15
F_microarray_only__strict__12_scanorama__post0,F_microarray_only,strict,12_scanorama,False,0.4185736954169936,0.5993050607981996,0.44182904439438553,0.5935901452690294,0.1311868392023798,0.7916988920247946,0.32425285632259565,0.513324486469652,False,False,False,False,False,True,False,False,supplementary,A2_T15
F_microarray_only__strict__12_scanorama__post1,F_microarray_only,strict,12_scanorama,True,0.21298630323302223,0.6393484063222856,0.4408839985797323,0.5873388999025737,0.13464586613544527,0.7852728555809891,0.37999934133061747,0.47013940200940346,False,False,False,False,False,False,False,False,supplementary,A2_T15
F_microarray_only__strict__13_fsmvn__post0,F_microarray_only,strict,13_fsmvn,False,0.7043935502438811,0.6364227879139258,0.6429640049079806,0.5784988656616603,0.7779044422757675,0.23245610148081225,0.27712581688986104,0.640569802181862,False,False,False,False,False,False,False,False,supplementary,A2_T15
F_microarray_only__strict__13_fsmvn__post1,F_microarray_only,strict,13_fsmvn,True,0.713356200323961,0.6549044090088416,0.6490672406377546,0.5492075845408005,0.7778022619649918,0.23268432346928888,0.29231914928684366,0.6416338586278395,False,False,False,False,False,False,False,False,supplementary,A2_T15
F_microarray_only__strict__14_qsmooth__post0,F_microarray_only,strict,14_qsmooth,False,0.0884776151828839,0.2030178133077899,0.2761148549664061,0.2991055440059208,0.4521438593961633,0.40691424928541853,0.4819084533299273,0.21667895686575017,False,False,False,False,False,False,False,False,supplementary,A2_T15
F_microarray_only__strict__14_qsmooth__post1,F_microarray_only,strict,14_qsmooth,True,0.11692741630298481,0.21132612723885202,0.2928480977000016,0.28290646657602414,0.44511078407479315,0.4119603476936382,0.6064883059824137,0.22600202695446564,False,False,False,False,False,False,False,False,supplementary,A2_T15
F_microarray_only__strict__15_fsqn_py__post0,F_microarray_only,strict,15_fsqn_py,False,0.3765966424907129,0.39816403079108725,0.5301651679333443,0.39040721962476277,0.45296136767663325,0.4008718994935571,0.5960677333284976,0.42383326520997683,False,False,False,False,False,False,False,False,supplementary,A2_T15
F_microarray_only__strict__15_fsqn_py__post1,F_microarray_only,strict,15_fsqn_py,True,0.41117550831785066,0.43132066064982655,0.5363695821605269,0.3986441244782737,0.44565880487437826,0.405890138230464,0.5709586297587208,0.44437746890161944,False,False,False,False,False,False,False,False,supplementary,A2_T15
F_microarray_only__strict__16_fsqn_r__post0,F_microarray_only,strict,16_fsqn_r,False,0.1138789640270854,0.27293113834552685,0.16721366211862107,0.28176156141541364,0.7551392307031214,0.40659443119742966,0.5913080925432896,0.20894633147666175,False,False,False,False,False,False,False,False,supplementary,A2_T15
F_microarray_only__strict__16_fsqn_r__post1,F_microarray_only,strict,16_fsqn_r,True,0.13586247888277445,0.2730500092541542,0.183465100413218,0.23374275370773717,0.7536637159290721,0.41186454394256694,0.6141585979237346,0.20653008556447094,False,False,False,False,False,False,False,False,supplementary,A2_T15
F_microarray_only__strict__17_quantile__post0,F_microarray_only,strict,17_quantile,False,0.3767301596800046,0.39818395274932916,0.5300353409635453,0.3905082676355532,0.45296136767663325,0.4008718994935571,0.5963173376878512,0.423864430257108,False,False,False,False,False,False,False,False,supplementary,A2_T15
F_microarray_only__strict__17_quantile__post1,F_microarray_only,strict,17_quantile,True,0.4113497189229476,0.43134058260806846,0.536239755190728,0.41683470112200016,0.44565880487437826,0.405890138230464,0.5733447650538588,0.4489411894609361,False,False,False,False,False,False,False,False,supplementary,A2_T15
F_microarray_only__strict__18_rank__post0,F_microarray_only,strict,18_rank,False,0.38205729128616306,0.3625131013994824,0.41550778384761705,0.40165035115956993,0.45390965513026216,0.40644322991153464,0.5762995619899782,0.39043213192320814,False,False,False,False,False,False,False,False,supplementary,A2_T15
F_microarray_only__strict__18_rank__post1,F_microarray_only,strict,18_rank,True,0.4152625559122198,0.3947210615483192,0.4222299184506193,0.41338438412634915,0.4466454598654926,0.4114893283197543,0.5852323851240819,0.41139948000937687,False,False,False,False,False,False,False,False,supplementary,A2_T15
F_microarray_only__strict__19_tdm__post0,F_microarray_only,strict,19_tdm,False,0.09743831277836498,0.2680731045750343,0.16946462395806264,0.20430833306577703,0.555567226461919,0.3863514510041828,0.5002635044837037,0.18482109359430973,False,False,False,False,False,False,False,False,supplementary,A2_T15
F_microarray_only__strict__19_tdm__post1,F_microarray_only,strict,19_tdm,True,0.11688460832141961,0.26771409736660234,0.1830198899132913,0.22543979734467828,0.5543748284430531,0.38928483942416614,0.4971184990761075,0.1982645982364979,False,False,False,False,False,False,False,False,supplementary,A2_T15
F_microarray_only__strict__21_harmonizr__post0,F_microarray_only,strict,21_harmonizr,False,0.5553295565750761,0.5846742459438505,0.6357791085454512,0.4966574982721906,0.7544560522889643,0.2783099966454452,0.2129159695136938,0.568110102334142,False,False,False,False,False,False,False,False,supplementary,A2_T15
F_microarray_only__strict__21_harmonizr__post1,F_microarray_only,strict,21_harmonizr,True,0.5660025166415947,0.5729498094108885,0.6309283361613787,0.4697385154469733,0.7531641046573014,0.27789450249557635,0.29199805255698846,0.5599047944152088,False,False,False,False,False,False,False,False,supplementary,A2_T15
F_microarray_only__strict__25_angel__post0,F_microarray_only,strict,25_angel,False,0.6672602366331213,0.6987460612110843,0.5234353315780834,0.5513689500482762,0.4168391897940912,0.35643738508805334,0.5480337525641488,0.6102026448676413,False,False,False,False,False,False,False,False,supplementary,A2_T15
F_microarray_only__strict__25_angel__post1,F_microarray_only,strict,25_angel,True,0.6661499352396237,0.7086683333116183,0.5335229065822765,0.5380352671607639,0.41465700537153094,0.359940536209068,0.5507879929021964,0.6115941105735706,False,False,False,False,False,False,False,False,supplementary,A2_T15
F_microarray_only__strict__26_xpn__post0,F_microarray_only,strict,26_xpn,False,0.607097980747215,0.6199255705628804,0.6503726340129034,0.6152053053694339,0.670081205903782,0.21395671285641002,0.23213895047926275,0.6231503726731081,False,False,False,False,False,False,False,False,supplementary,A2_T15
F_microarray_only__strict__26_xpn__post1,F_microarray_only,strict,26_xpn,True,0.6215262650208536,0.6360497549289477,0.6592851517203159,0.6134913164008896,0.6690972053124983,0.21323819488506143,0.2382842053896746,0.6325881220177517,False,False,False,False,False,False,False,False,supplementary,A2_T15
F_microarray_only__strict__28_npn__post0,F_microarray_only,strict,28_npn,False,0.6521994884730771,0.643337528655934,0.5005986210133467,0.63148515876067,0.6579437409012414,0.19925206257927286,0.22397375613272333,0.6069051992257569,False,False,False,False,False,False,False,False,supplementary,A2_T15
F_microarray_only__strict__28_npn__post1,F_microarray_only,strict,28_npn,True,0.6515801719887105,0.6329481237922694,0.4931877921851615,0.6414125242355387,0.657184684138914,0.19957886992793725,0.2620565787287085,0.60478215305042,False,False,False,False,False,False,False,False,supplementary,A2_T15
F_microarray_only__strict__31_ruv3prps__post0,F_microarray_only,strict,31_ruv3prps,False,0.1138789640270854,0.27293113834552685,0.16721366211862107,0.28176156141541364,0.7551392307031214,0.40659443119742966,0.5913080925432896,0.20894633147666175,False,False,False,False,False,False,False,False,supplementary,A2_T15
F_microarray_only__strict__31_ruv3prps__post1,F_microarray_only,strict,31_ruv3prps,True,0.13586247888277445,0.2730500092541542,0.183465100413218,0.23374275370773717,0.7536637159290721,0.41186454394256694,0.6141585979237346,0.20653008556447094,False,False,False,False,False,False,False,False,supplementary,A2_T15
F_microarray_only__strict__36_explobatch__post0,F_microarray_only,strict,36_explobatch,False,0.11403451403904526,0.27293113834552685,0.16721366211862107,0.28174121470751096,0.7866667901957606,0.4062192155746171,0.5914748214398241,0.20898013230267604,False,False,False,False,False,False,False,False,supplementary,A2_T15
F_microarray_only__strict__36_explobatch__post1,F_microarray_only,strict,36_explobatch,True,0.13598134537193382,0.2731484873204031,0.183465100413218,0.2336617698133779,0.7866667901957606,0.4114893283197543,0.6164749781240564,0.2065641757297332,False,False,False,False,False,False,False,False,supplementary,A2_T15
F_microarray_only__strict__20_shambhala__post0,F_microarray_only,strict,20_shambhala,False,0.24438743402986426,0.3516602598232025,0.5192574277248719,0.36866265610148846,0.2982400702459341,0.7767729766777752,0.3795105683236499,0.3709919444198568,False,False,False,False,False,False,False,False,supplementary,A2_T15
F_microarray_only__strict__20_shambhala__post1,F_microarray_only,strict,20_shambhala,True,0.2747391088017994,0.378368393641951,0.5269037469822444,0.37454427582299193,0.2960671116914611,0.7775941960931718,0.41230474979981047,0.3886388813122467,False,False,False,False,False,False,False,False,supplementary,A2_T15
G_affymetrix_only__knn__01_raw__post0,G_affymetrix_only,knn,01_raw,False,0.49714357717862867,0.3878889371898314,0.1703346072026799,0.3786193502695407,0.8066472573561739,0.5067182739086701,0.5362002111509091,0.3584966179601702,False,False,False,False,True,False,False,False,supplementary,A2_T15
G_affymetrix_only__knn__01_raw__post1,G_affymetrix_only,knn,01_raw,True,0.26740454484241993,0.4295725558869361,0.17581096758231315,0.35539863511524517,0.8066472573561739,0.51619644723093,0.7705503308951583,0.3070466758567286,False,False,False,False,True,False,False,False,supplementary,A2_T15
G_affymetrix_only__knn__02_median_scaling__post0,G_affymetrix_only,knn,02_median_scaling,False,0.6038699473382834,0.30342398335890913,0.20157448702550257,0.41388175165307844,0.7515648656615326,0.7091695629724553,0.33852819416235436,0.38068754234394336,False,False,False,False,False,False,False,False,supplementary,A2_T15
G_affymetrix_only__knn__02_median_scaling__post1,G_affymetrix_only,knn,02_median_scaling,True,0.670970718919788,0.4118435787683223,0.2467417625257316,0.5412865944711991,0.7524211120934126,0.6426332288401254,0.47660098522167477,0.46771066367126024,False,False,False,False,False,False,False,False,supplementary,A2_T15
G_affymetrix_only__knn__03_limma__post0,G_affymetrix_only,knn,03_limma,False,0.7117646339680996,0.3134066838177477,0.23645080375378685,0.36232706615238514,0.7519536869679944,0.6463291490731773,0.27470084577845727,0.40598729692300484,False,False,False,False,False,False,False,False,supplementary,A2_T15
G_affymetrix_only__knn__03_limma__post1,G_affymetrix_only,knn,03_limma,True,0.5148113041136215,0.2501811670656116,0.25190082607347314,0.2970169131147292,0.7982746242851673,0.4913419913419914,0.767228939642733,0.32847755259185885,False,False,False,False,False,False,False,False,supplementary,A2_T15
G_affymetrix_only__knn__04_sva__post0,G_affymetrix_only,knn,04_sva,False,0.4973000818561719,0.3879240372249314,0.1703346072026799,0.378594482070993,0.8066472573561739,0.5067182739086701,0.5360144460781534,0.3585383020886941,False,False,False,False,True,False,False,False,supplementary,A2_T15
G_affymetrix_only__knn__04_sva__post1,G_affymetrix_only,knn,04_sva,True,0.26701287071529367,0.42937361029855453,0.17581096758231315,0.3256657511797642,0.8066472573561739,0.51619644723093,0.7703015375429166,0.2994657999439814,False,False,False,False,True,False,False,False,supplementary,A2_T15
G_affymetrix_only__knn__05_combat__post0,G_affymetrix_only,knn,05_combat,False,0.7172833227791842,0.3624351328877517,0.2631032545203681,0.4716209559462143,0.43419246563467906,0.6101556321599737,0.3312994685330545,0.45361066653337956,False,False,False,False,False,False,False,False,supplementary,A2_T15
G_affymetrix_only__knn__05_combat__post1,G_affymetrix_only,knn,05_combat,True,0.5331266335561355,0.30958013492289876,0.2996162049351232,0.4435935769236605,0.508247004258413,0.5329153605015674,0.7656864208588348,0.3964791375844545,False,False,False,False,False,False,False,False,supplementary,A2_T15
G_affymetrix_only__knn__06_combat_seq__post0,G_affymetrix_only,knn,06_combat_seq,False,0.528383336250865,0.31193449733875667,0.3264866791272718,0.3628925912668687,0.32334554638402097,0.6157581909889748,0.45631755334481655,0.38242427599594053,False,False,False,False,False,False,False,False,supplementary,A2_T15
G_affymetrix_only__knn__06_combat_seq__post1,G_affymetrix_only,knn,06_combat_seq,True,0.29972921851053824,0.36677017944495227,0.24394573817676476,0.2821308874406324,0.28333079118628174,0.5448574414091655,0.7576255162462061,0.29814400589322193,False,False,False,False,False,False,False,False,supplementary,A2_T15
G_affymetrix_only__knn__07_pycombat__post0,G_affymetrix_only,knn,07_pycombat,False,0.7250162753986555,0.28937924021768824,0.24149454215622862,0.38176904594342914,0.7355388547996081,0.6280449760833698,0.18153212290802598,0.4094147759290004,False,False,False,False,False,False,False,False,supplementary,A2_T15
G_affymetrix_only__knn__07_pycombat__post1,G_affymetrix_only,knn,07_pycombat,True,0.7837073480931689,0.39716466403166006,0.28057759416119454,0.49176188539163296,0.7306913265015904,0.3473652783997611,0.46769418321142464,0.48830287291941415,True,False,False,False,False,False,False,False,supplementary,A2_T15
G_affymetrix_only__knn__08_inmoose_combatseq__post0,G_affymetrix_only,knn,08_inmoose_combatseq,False,0.5283202338572541,0.3147060907470012,0.32637895491818997,0.34648488222377116,0.3228766785597352,0.6150579336688345,0.4486121248848388,0.3789725404365541,False,False,False,False,False,False,False,False,supplementary,A2_T15
G_affymetrix_only__knn__08_inmoose_combatseq__post1,G_affymetrix_only,knn,08_inmoose_combatseq,True,0.2997087101497656,0.3667361964193945,0.24345414837421234,0.27127641192358465,0.28285040969425784,0.5453052694432005,0.7574264815644127,0.29529386671673924,False,False,False,False,False,False,False,False,supplementary,A2_T15
G_affymetrix_only__knn__09_ruv__post0,G_affymetrix_only,knn,09_ruv,False,0.3607731747087126,0.32102142262724215,0.7893569097295806,0.3107432329509663,0.276771712225028,0.3754226012905616,0.5868045461355929,0.4454736850041254,False,False,False,False,False,False,False,False,supplementary,A2_T15
G_affymetrix_only__knn__09_ruv__post1,G_affymetrix_only,knn,09_ruv,True,0.7387025807795727,0.579475673178479,0.8543683140835732,0.4560879602061339,0.27403061482538815,0.5014542051546778,0.6729146261390208,0.6571586320619397,False,False,True,False,False,False,False,False,supplementary,A2_T15
G_affymetrix_only__knn__10_mnn__post0,G_affymetrix_only,knn,10_mnn,False,0.5954804136937348,0.7691089056049663,0.4064618717634897,0.6793682355601958,0.14473243054772775,0.5898941062381814,0.5447411861263302,0.6126048566555966,False,True,False,False,False,False,False,False,supplementary,A2_T15
G_affymetrix_only__knn__10_mnn__post1,G_affymetrix_only,knn,10_mnn,True,0.5318711912473767,0.7094755388088483,0.39961235317520494,0.6406504704555438,0.12637455920890533,0.5351545006717421,0.7871946061601234,0.5704023884217434,False,False,False,False,False,False,True,False,supplementary,A2_T15
G_affymetrix_only__knn__11_harmony__post0,G_affymetrix_only,knn,11_harmony,False,0.5383113755414713,0.35326806063395066,0.19210659437981192,0.36703175997451293,0.20954400652975966,0.5145116529162646,0.29489828239509924,0.36267944763243676,False,False,False,False,False,False,False,False,supplementary,A2_T15
G_affymetrix_only__knn__11_harmony__post1,G_affymetrix_only,knn,11_harmony,True,0.5990480787736794,0.3092777545875094,0.21923078132822324,0.47983775112035587,0.19684487835676492,0.6634572324227497,0.6250435388366422,0.401848591452442,False,False,False,False,False,False,False,False,supplementary,A2_T15
G_affymetrix_only__knn__12_scanorama__post0,G_affymetrix_only,knn,12_scanorama,False,0.6246113580729418,0.7452264288634423,0.38412434452030747,0.6526994119616041,0.15624597285636657,0.5803737877994316,0.5392943372739072,0.601665385854574,False,False,False,False,False,False,False,False,supplementary,A2_T15
G_affymetrix_only__knn__12_scanorama__post1,G_affymetrix_only,knn,12_scanorama,True,0.7699384696698931,0.7166383699821565,0.41829734781923583,0.7552572174774502,0.15544274053014406,0.5804377632328651,0.46627146329410585,0.6650328512371839,False,False,False,True,False,False,False,False,supplementary,A2_T15
G_affymetrix_only__knn__13_fsmvn__post0,G_affymetrix_only,knn,13_fsmvn,False,0.721294066964598,0.3167653482606553,0.2735771759597062,0.34950282499407725,0.7512009797761462,0.5386218867667788,0.1766801181525691,0.41528485404475923,False,False,False,False,False,False,False,False,supplementary,A2_T15
G_affymetrix_only__knn__13_fsmvn__post1,G_affymetrix_only,knn,13_fsmvn,True,0.5546789054557455,0.25855279914993157,0.2956832161266121,0.22836873890414705,0.8066472573561739,0.35990446335273923,0.703711996815445,0.33432091490910903,False,False,False,False,True,False,False,False,supplementary,A2_T15
G_affymetrix_only__knn__14_qsmooth__post0,G_affymetrix_only,knn,14_qsmooth,False,0.6353138250978638,0.3985543126817285,0.3422897911004051,0.48853165900663736,0.4329811290920375,0.5106623122958134,0.3364473235234675,0.46617239697165863,False,False,False,False,False,False,False,False,supplementary,A2_T15
G_affymetrix_only__knn__14_qsmooth__post1,G_affymetrix_only,knn,14_qsmooth,True,0.4437132627687662,0.46101390802247444,0.4445717366104904,0.337608369497595,0.4620827770824664,0.5170174652933274,0.7476489028213166,0.42172681922483146,False,False,False,False,False,False,False,False,supplementary,A2_T15
G_affymetrix_only__knn__15_fsqn_py__post0,G_affymetrix_only,knn,15_fsqn_py,False,0.6112304958365646,0.60790000386959,0.4194719493763189,0.46361197596701864,0.403641529159886,0.3087406303504753,0.5953516113286682,0.525553606262373,False,False,False,False,False,False,False,False,supplementary,A2_T15
G_affymetrix_only__knn__15_fsqn_py__post1,G_affymetrix_only,knn,15_fsqn_py,True,0.5511113825688371,0.45483680083620176,0.4210201091086434,0.48156020460605425,0.36095937594058897,0.3416181519629795,0.3218390804597701,0.4771321242799341,False,False,False,False,False,False,False,False,supplementary,A2_T15
G_affymetrix_only__knn__16_fsqn_r__post0,G_affymetrix_only,knn,16_fsqn_r,False,0.49563553595606386,0.38079580872290236,0.17414691795320664,0.3944373312521386,0.736972832320014,0.5103424351286456,0.5368216909939098,0.36125389847107786,False,False,False,False,False,False,False,False,supplementary,A2_T15
G_affymetrix_only__knn__16_fsqn_r__post1,G_affymetrix_only,knn,16_fsqn_r,True,0.26609153557121834,0.4378533814415847,0.1781179938987354,0.3281601558350909,0.7676440840068167,0.5167189132706373,0.7692814847987262,0.30255576668665735,False,False,False,False,False,False,False,False,supplementary,A2_T15
G_affymetrix_only__knn__17_quantile__post0,G_affymetrix_only,knn,17_quantile,False,0.6114343050824508,0.6079194975385571,0.419358813861883,0.46369952945701587,0.403641529159886,0.3087406303504753,0.5991279672157672,0.5256030364849766,False,False,False,False,False,False,False,False,supplementary,A2_T15
G_affymetrix_only__knn__17_quantile__post1,G_affymetrix_only,knn,17_quantile,True,0.5510573950022363,0.4548388852608466,0.4209069735942075,0.48155878754955245,0.36095937594058897,0.3416181519629795,0.32085634671841573,0.4770905103517107,False,False,False,False,False,False,False,False,supplementary,A2_T15
G_affymetrix_only__knn__18_rank__post0,G_affymetrix_only,knn,18_rank,False,0.6103569839222048,0.5819152924027551,0.3782956346177687,0.4845986780222513,0.4341298245460134,0.5060785195743344,0.6037322613243432,0.5137916472412449,False,False,False,False,False,False,False,False,supplementary,A2_T15
G_affymetrix_only__knn__18_rank__post1,G_affymetrix_only,knn,18_rank,True,0.5491586033296009,0.44020037669089734,0.37954778156455876,0.4436913907557315,0.38485476232265864,0.631736080011942,0.4735035079862666,0.4531495380851971,False,False,False,False,False,False,False,False,supplementary,A2_T15
G_affymetrix_only__knn__19_tdm__post0,G_affymetrix_only,knn,19_tdm,False,0.4932887033054135,0.38418926349808014,0.2548416097831945,0.3463053402700498,0.4925448669656063,0.4855111534135014,0.5151928024548699,0.36965622921418445,False,False,False,False,False,False,False,False,supplementary,A2_T15
G_affymetrix_only__knn__19_tdm__post1,G_affymetrix_only,knn,19_tdm,True,0.2725116601292809,0.4397042113176562,0.17838409272409184,0.30957029649636586,0.43000469898699145,0.529034184206598,0.7371747026919441,0.3000425651668487,False,False,False,False,False,False,False,False,supplementary,A2_T15
G_affymetrix_only__knn__21_harmonizr__post0,G_affymetrix_only,knn,21_harmonizr,False,0.7059682657729218,0.32529818367421637,0.25336729334281727,0.33904518112748394,0.7501314372974697,0.5384852547808394,0.182200918368478,0.40591973097935985,False,False,False,False,False,False,False,False,supplementary,A2_T15
G_affymetrix_only__knn__21_harmonizr__post1,G_affymetrix_only,knn,21_harmonizr,True,0.6830409639720293,0.38083231833068326,0.2597911144172723,0.4040049339064558,0.7515403956271886,0.6199242453179489,0.14429790246940954,0.43191733265661014,False,False,False,False,False,False,False,False,supplementary,A2_T15
G_affymetrix_only__knn__25_angel__post0,G_affymetrix_only,knn,25_angel,False,0.707063783991238,0.6492841203789173,0.36865981270917997,0.5280450926422089,0.404716716862659,0.5137868236150217,0.7209084520196621,0.5632632024303861,False,False,False,False,False,False,False,False,supplementary,A2_T15
G_affymetrix_only__knn__25_angel__post1,G_affymetrix_only,knn,25_angel,True,0.5670335825774502,0.5057975335638747,0.3584874260014567,0.48623910027848394,0.3598899176086777,0.6472607851918196,0.5786435786435785,0.47938941060531637,False,False,False,False,False,False,False,False,supplementary,A2_T15
G_affymetrix_only__knn__26_xpn__post0,G_affymetrix_only,knn,26_xpn,False,0.654623391410317,0.30983581292797774,0.37443693151332197,0.37021169936960946,0.6684167531995567,0.2962654208309309,0.2354002144897814,0.42727695880530653,False,False,False,False,False,False,False,False,supplementary,A2_T15
G_affymetrix_only__knn__26_xpn__post1,G_affymetrix_only,knn,26_xpn,True,0.7245975201212443,0.4345981341618884,0.40788130364330605,0.4403879847478773,0.6747700874116472,0.2962654208309309,0.11656760997936264,0.501866235668579,False,False,False,False,False,False,False,False,supplementary,A2_T15
G_affymetrix_only__knn__28_npn__post0,G_affymetrix_only,knn,28_npn,False,0.717722276335124,0.30254712006719786,0.2821782314748183,0.36994891598949836,0.6787027935844282,0.3585542452526197,0.2340721350558607,0.41809913596665965,False,False,False,False,False,False,False,False,supplementary,A2_T15
G_affymetrix_only__knn__28_npn__post1,G_affymetrix_only,knn,28_npn,True,0.7385199788959861,0.42730105465857404,0.29704458609049617,0.48248747067010267,0.6710717104822463,0.4193309070145031,0.18760516256592907,0.4863382725787898,False,False,False,False,False,False,False,False,supplementary,A2_T15
G_affymetrix_only__knn__31_ruv3prps__post0,G_affymetrix_only,knn,31_ruv3prps,False,0.49563553595606386,0.38079580872290236,0.17414691795320664,0.3944373312521386,0.7355680159322059,0.4880252937793691,0.5368216909939098,0.36125389847107786,False,False,False,False,False,False,False,False,supplementary,A2_T15
G_affymetrix_only__knn__31_ruv3prps__post1,G_affymetrix_only,knn,31_ruv3prps,True,0.26609153557121834,0.4378533814415847,0.1781179938987354,0.34586460403926983,0.7662804078060762,0.5160471712195851,0.7692814847987262,0.30698187873770205,False,False,False,False,False,False,False,False,supplementary,A2_T15
G_affymetrix_only__knn__36_explobatch__post0,G_affymetrix_only,knn,36_explobatch,False,0.4973000818561719,0.3879240372249314,0.1703346072026799,0.378594482070993,0.8066472573561739,0.5067182739086701,0.5360144460781534,0.3585383020886941,False,False,False,False,True,False,False,False,supplementary,A2_T15
G_affymetrix_only__knn__36_explobatch__post1,G_affymetrix_only,knn,36_explobatch,True,0.26701287071529367,0.42937361029855453,0.17581096758231315,0.3296910611049573,0.8066472573561739,0.51619644723093,0.7703015375429166,0.3004721274252797,False,False,False,False,True,False,False,False,supplementary,A2_T15
G_affymetrix_only__knn__20_shambhala__post0,G_affymetrix_only,knn,20_shambhala,False,0.4087300384990741,0.47629766282229385,0.4956064170020069,0.399619084875162,0.26303000196303383,0.5703826731455084,0.39628094450912515,0.4450633007996342,False,False,False,False,False,False,False,False,supplementary,A2_T15
G_affymetrix_only__knn__20_shambhala__post1,G_affymetrix_only,knn,20_shambhala,True,0.6005809260061722,0.5773841891475361,0.5037240420440378,0.5036732066275487,0.2579923492408831,0.5711503783467112,0.2432886763807728,0.5463405909563237,False,False,False,False,False,False,False,False,supplementary,A2_T15
G_affymetrix_only__softimpute__01_raw__post0,G_affymetrix_only,softimpute,01_raw,False,0.4871419050348689,0.3791440845078948,0.1434841059422923,0.37199183582485557,0.8066472573561739,0.4802004567504588,0.5720605322239597,0.34544048282747786,False,False,False,False,True,False,False,False,supplementary,A2_T15
G_affymetrix_only__softimpute__01_raw__post1,G_affymetrix_only,softimpute,01_raw,True,0.26701287071529367,0.42937361029855453,0.17581096758231315,0.34404112862843883,0.8066472573561739,0.51619644723093,0.7703015375429166,0.30405964430615007,False,False,False,False,True,False,False,False,supplementary,A2_T15
G_affymetrix_only__softimpute__02_median_scaling__post0,G_affymetrix_only,softimpute,02_median_scaling,False,0.6014412773121596,0.30172641289535046,0.19200312274537068,0.4093327493789158,0.7977124091902705,0.6961203107758231,0.34876238846677216,0.37612589058294915,False,False,False,False,False,False,False,False,supplementary,A2_T15
G_affymetrix_only__softimpute__02_median_scaling__post1,G_affymetrix_only,softimpute,02_median_scaling,True,0.6670604745987316,0.4132455916381363,0.20824124901081986,0.48758595559803397,0.799368432028026,0.6204657411553963,0.47346618898343035,0.44403331771143045,False,False,False,False,False,False,False,False,supplementary,A2_T15
G_affymetrix_only__softimpute__03_limma__post0,G_affymetrix_only,softimpute,03_limma,False,0.7242930361216895,0.32157646066573947,0.22754867113620358,0.37683039690322173,0.8000519362128952,0.6282780567735771,0.27904555331572684,0.41256214120671353,False,False,False,False,False,False,False,False,supplementary,A2_T15
G_affymetrix_only__softimpute__03_limma__post1,G_affymetrix_only,softimpute,03_limma,True,0.6657740249056274,0.3265900110200036,0.23253476475270168,0.3793979972135747,0.8104317450260689,0.6415209714943243,0.24971213641505396,0.40107419947297684,False,False,False,False,True,False,False,False,supplementary,A2_T15
G_affymetrix_only__softimpute__04_sva__post0,G_affymetrix_only,softimpute,04_sva,False,0.4871419050348689,0.3791440845078948,0.1434841059422923,0.37199183582485557,0.8066472573561739,0.4802004567504588,0.5720605322239597,0.34544048282747786,False,False,False,False,True,False,False,False,supplementary,A2_T15
G_affymetrix_only__softimpute__04_sva__post1,G_affymetrix_only,softimpute,04_sva,True,0.26701287071529367,0.42937361029855453,0.17581096758231315,0.32565533814849096,0.8066472573561739,0.51619644723093,0.7703015375429166,0.2994631966861631,False,False,False,False,True,False,False,False,supplementary,A2_T15
G_affymetrix_only__softimpute__05_combat__post0,G_affymetrix_only,softimpute,05_combat,False,0.7155567940877411,0.3442009256522973,0.23450410623625256,0.4672649664954644,0.4313648657306104,0.6011385684934705,0.3447685759846096,0.44038169811793887,False,False,False,False,False,False,False,False,supplementary,A2_T15
G_affymetrix_only__softimpute__05_combat__post1,G_affymetrix_only,softimpute,05_combat,True,0.532602544174772,0.30940150011955986,0.2995590228674196,0.40561444471420116,0.5086751786668935,0.5326168084788775,0.7659103348758521,0.3867943779689882,False,False,False,False,False,False,False,False,supplementary,A2_T15
G_affymetrix_only__softimpute__06_combat_seq__post0,G_affymetrix_only,softimpute,06_combat_seq,False,0.5238576862952838,0.3618733902226635,0.31697902189041766,0.35932827878438284,0.3183390868563248,0.6020052090245736,0.45861896599050506,0.39050959429818694,False,False,False,False,False,False,False,False,supplementary,A2_T15
G_affymetrix_only__softimpute__06_combat_seq__post1,G_affymetrix_only,softimpute,06_combat_seq,True,0.3000854475517048,0.36659154464161336,0.24386033097496046,0.2712486438401894,0.2836894669634048,0.5445588893864756,0.7576255162462061,0.295446491752117,False,False,False,False,False,False,False,False,supplementary,A2_T15
G_affymetrix_only__softimpute__07_pycombat__post0,G_affymetrix_only,softimpute,07_pycombat,False,0.7250011081846317,0.30322288622148785,0.22150073773632897,0.36974040829242794,0.7992756339137582,0.6159070059691375,0.21910047239079547,0.40486628510871914,False,False,False,False,False,False,False,False,supplementary,A2_T15
G_affymetrix_only__softimpute__07_pycombat__post1,G_affymetrix_only,softimpute,07_pycombat,True,0.7829437738781775,0.39744025532577476,0.24062769218353514,0.5067966586484807,0.8011249504765889,0.33034781310643385,0.29185948151465385,0.481952095008992,False,False,False,False,False,False,False,False,supplementary,A2_T15
G_affymetrix_only__softimpute__09_ruv__post0,G_affymetrix_only,softimpute,09_ruv,False,0.343726320867536,0.3365229164849949,0.7793666953588567,0.2914964041076472,0.28004426537280797,0.39229139874133784,0.45461321041239855,0.4377780842047587,False,False,False,False,False,False,False,False,supplementary,A2_T15
G_affymetrix_only__softimpute__09_ruv__post1,G_affymetrix_only,softimpute,09_ruv,True,0.5886660823992963,0.5977928929037295,0.8582668762478919,0.3886456466581803,0.27831007259839524,0.5133968942310697,0.538653592639474,0.6083428745522745,False,False,True,False,False,False,False,False,supplementary,A2_T15
G_affymetrix_only__softimpute__10_mnn__post0,G_affymetrix_only,softimpute,10_mnn,False,0.5747182635981325,0.7887464182936768,0.38755517421433816,0.6590125831976543,0.10914523735527303,0.5825143604837343,0.23949996989051925,0.6025081098259504,False,True,False,False,False,False,False,False,supplementary,A2_T15
G_affymetrix_only__softimpute__10_mnn__post1,G_affymetrix_only,softimpute,10_mnn,True,0.5192011997430568,0.7295472956918293,0.38005267165154166,0.6145718494357783,0.10912538437252071,0.5277653381101657,0.790789670100015,0.5608432541305515,False,False,False,False,False,False,True,False,supplementary,A2_T15
G_affymetrix_only__softimpute__11_harmony__post0,G_affymetrix_only,softimpute,11_harmony,False,0.5089854567651481,0.355096875393977,0.1851127968917391,0.3456829328148729,0.2003071462672497,0.529498707454939,0.27728521172759896,0.3487195154664343,False,False,False,False,False,False,False,False,supplementary,A2_T15
G_affymetrix_only__softimpute__11_harmony__post1,G_affymetrix_only,softimpute,11_harmony,True,0.5841207680685777,0.3369363297234277,0.20937565045060974,0.4106184145833327,0.18379827790018385,0.629123749813405,0.627892222719809,0.38526279070648695,False,False,False,False,False,False,False,False,supplementary,A2_T15
G_affymetrix_only__softimpute__12_scanorama__post0,G_affymetrix_only,softimpute,12_scanorama,False,0.6281485333568508,0.7445255258534864,0.37417435098766694,0.6412101626813969,0.09524019257849382,0.5811587228149284,0.5914521793077404,0.5970146432198502,False,False,False,False,False,False,False,False,supplementary,A2_T15
G_affymetrix_only__softimpute__12_scanorama__post1,G_affymetrix_only,softimpute,12_scanorama,True,0.7843646155194947,0.7098163349491369,0.4025957248816624,0.7212770526109828,0.09639806248310853,0.5794936253218415,0.5447551488459225,0.6545134319903192,True,False,False,True,False,False,False,False,supplementary,A2_T15
G_affymetrix_only__softimpute__13_fsmvn__post0,G_affymetrix_only,softimpute,13_fsmvn,False,0.7356486846652317,0.3199184911010181,0.25133002982526764,0.3425435700614752,0.8066472573561739,0.5339157491214267,0.18244347024275773,0.4123601939132482,False,False,False,False,True,False,False,False,supplementary,A2_T15
G_affymetrix_only__softimpute__13_fsmvn__post1,G_affymetrix_only,softimpute,13_fsmvn,True,0.8299928775855516,0.3981594596146809,0.26312901271182887,0.5230780534744789,0.8104317450260689,0.33542319749216304,0.367816091954023,0.5035898508466351,True,False,False,False,True,False,False,False,supplementary,A2_T15
G_affymetrix_only__softimpute__14_qsmooth__post0,G_affymetrix_only,softimpute,14_qsmooth,False,0.633060184113152,0.37347593474887125,0.30786678962068414,0.4292300522230305,0.38881819343990925,0.4802004567504588,0.320772764657188,0.4359082401764345,False,False,False,False,False,False,False,False,supplementary,A2_T15
G_affymetrix_only__softimpute__14_qsmooth__post1,G_affymetrix_only,softimpute,14_qsmooth,True,0.4449852553184225,0.4624856891502936,0.44230604539295815,0.33925085921733455,0.4638599891510042,0.51619644723093,0.7472010747872815,0.4222569622697522,False,False,False,False,False,False,False,False,supplementary,A2_T15
G_affymetrix_only__softimpute__15_fsqn_py__post0,G_affymetrix_only,softimpute,15_fsqn_py,False,0.5979239086505163,0.6043697100818053,0.4037119157500707,0.46897938951103263,0.3883884093210067,0.47916730058454243,0.6480808769901063,0.5187462309983563,False,False,False,False,False,False,False,False,supplementary,A2_T15
G_affymetrix_only__softimpute__15_fsqn_py__post1,G_affymetrix_only,softimpute,15_fsqn_py,True,0.5483556357956518,0.46261943660008115,0.40101348463909764,0.4541797066303253,0.33809015302853845,0.5920286609941782,0.5144922127680749,0.46654206591628894,False,False,False,False,False,False,False,False,supplementary,A2_T15
G_affymetrix_only__softimpute__16_fsqn_r__post0,G_affymetrix_only,softimpute,16_fsqn_r,False,0.4872890330951326,0.379149295569507,0.143766944728382,0.37203328282243503,0.7756778181607159,0.47908088666537146,0.5721610566400631,0.34555963905386416,False,False,False,False,False,False,False,False,supplementary,A2_T15
G_affymetrix_only__softimpute__16_fsqn_r__post1,G_affymetrix_only,softimpute,16_fsqn_r,True,0.26846576360332614,0.4295907855409562,0.17581588206619814,0.3461848853618196,0.7692302336806999,0.5150022391401702,0.7705254515599342,0.305014329143075,False,False,False,False,False,False,False,False,supplementary,A2_T15
G_affymetrix_only__softimpute__17_quantile__post0,G_affymetrix_only,softimpute,17_quantile,False,0.5982363055176034,0.6044144257039606,0.40359878023563484,0.4690835218000617,0.3883884093210067,0.47916730058454243,0.6467484090169936,0.5188332583143151,False,False,False,False,False,False,False,False,supplementary,A2_T15
G_affymetrix_only__softimpute__17_quantile__post1,G_affymetrix_only,softimpute,17_quantile,True,0.5482021754348602,0.4626389302690483,0.40090034912466177,0.4541811236868271,0.33809015302853845,0.5920286609941782,0.5144673334328506,0.4664806446288493,False,False,False,False,False,False,False,False,supplementary,A2_T15
G_affymetrix_only__softimpute__18_rank__post0,G_affymetrix_only,softimpute,18_rank,False,0.42877109350467923,0.48592871758868905,0.48899485438498647,0.46362130888138814,0.4282564325891054,0.38496447538938056,0.5646678319624223,0.46682899358993574,False,False,False,False,False,False,False,False,supplementary,A2_T15
G_affymetrix_only__softimpute__18_rank__post1,G_affymetrix_only,softimpute,18_rank,True,0.4863528523340103,0.39933780004619684,0.48274373502754403,0.4296028095662597,0.3704045754140879,0.4965666517390656,0.5372443648305718,0.4495092992435027,False,False,False,False,False,False,False,False,supplementary,A2_T15
G_affymetrix_only__softimpute__19_tdm__post0,G_affymetrix_only,softimpute,19_tdm,False,0.4884177897454987,0.3874622425017919,0.23953339149171843,0.3512738264968816,0.5037334938011189,0.466380762593052,0.5628431937970308,0.36667181255897263,False,False,False,False,False,False,False,False,supplementary,A2_T15
G_affymetrix_only__softimpute__19_tdm__post1,G_affymetrix_only,softimpute,19_tdm,True,0.2735756647079799,0.43626124548418743,0.1767171267411501,0.2994620692532965,0.4276872137353101,0.5300791162860129,0.7010001492760112,0.2965040265466535,False,False,False,False,False,False,False,False,supplementary,A2_T15
G_affymetrix_only__softimpute__21_harmonizr__post0,G_affymetrix_only,softimpute,21_harmonizr,False,0.7050657332621925,0.32240597086343376,0.23343766920190143,0.33682798519386004,0.7756822858733387,0.5380068368373959,0.18310917581337058,0.3994343396303469,False,False,False,False,False,False,False,False,supplementary,A2_T15
G_affymetrix_only__softimpute__21_harmonizr__post1,G_affymetrix_only,softimpute,21_harmonizr,True,0.6805595454655436,0.37623398357358934,0.23011802295800382,0.3757374228278436,0.7962371704822466,0.6241177702389696,0.14505250730536834,0.4156622437062451,False,False,False,False,False,False,False,False,supplementary,A2_T15
G_affymetrix_only__softimpute__25_angel__post0,G_affymetrix_only,softimpute,25_angel,False,0.7043859049815722,0.6376845262244931,0.3571625719003579,0.4707407492534877,0.3588461426625527,0.48423190959253065,0.7338902972778716,0.5424934380899777,False,False,False,False,False,False,False,False,supplementary,A2_T15
G_affymetrix_only__softimpute__25_angel__post1,G_affymetrix_only,softimpute,25_angel,True,0.5631724621654899,0.4472995128758483,0.33817318357085846,0.44703037560371445,0.31424501036546565,0.6018062397372742,0.5315594367318506,0.44891888355397774,False,False,False,False,False,False,False,False,supplementary,A2_T15
G_affymetrix_only__softimpute__26_xpn__post0,G_affymetrix_only,softimpute,26_xpn,False,0.6562848485399431,0.3220431536611514,0.3490365039342448,0.3586927368744017,0.6753842901230473,0.3185617127806731,0.267514326253121,0.42151431075243523,False,False,False,False,False,False,False,False,supplementary,A2_T15
G_affymetrix_only__softimpute__26_xpn__post1,G_affymetrix_only,softimpute,26_xpn,True,0.7253620535625906,0.4243855523314005,0.3715898011762229,0.4404275888161295,0.6769200301615086,0.3843924337838079,0.11481893832300451,0.49044124897158586,False,False,False,False,False,False,False,False,supplementary,A2_T15
G_affymetrix_only__softimpute__28_npn__post0,G_affymetrix_only,softimpute,28_npn,False,0.7171497578575026,0.28285278537082603,0.2548812234606586,0.37271118053304564,0.6805334808461502,0.35771909217035447,0.2438867088858049,0.4068987368055082,False,False,False,False,False,False,False,False,supplementary,A2_T15
G_affymetrix_only__softimpute__28_npn__post1,G_affymetrix_only,softimpute,28_npn,True,0.7363241998873153,0.40543399823955295,0.2610342359332058,0.4364832970025449,0.6813066953129738,0.41670444179609817,0.19285081033070367,0.4598189327656548,False,False,False,False,False,False,False,False,supplementary,A2_T15
G_affymetrix_only__softimpute__31_ruv3prps__post0,G_affymetrix_only,softimpute,31_ruv3prps,False,0.4872890330951326,0.379149295569507,0.143766944728382,0.37203328282243503,0.773317153272745,0.4681911731911505,0.5721610566400631,0.34555963905386416,False,False,False,False,False,False,False,False,supplementary,A2_T15
G_affymetrix_only__softimpute__31_ruv3prps__post1,G_affymetrix_only,softimpute,31_ruv3prps,True,0.26846576360332614,0.4295907855409562,0.17581588206619814,0.3221500159325069,0.7668492220848261,0.5153754291685325,0.7705254515599342,0.2990056117857468,False,False,False,False,False,False,False,False,supplementary,A2_T15
G_affymetrix_only__softimpute__36_explobatch__post0,G_affymetrix_only,softimpute,36_explobatch,False,0.4871419050348689,0.3791440845078948,0.1434841059422923,0.37199183582485557,0.8066472573561739,0.4802004567504588,0.5720605322239597,0.34544048282747786,False,False,False,False,True,False,False,False,supplementary,A2_T15
G_affymetrix_only__softimpute__36_explobatch__post1,G_affymetrix_only,softimpute,36_explobatch,True,0.26701287071529367,0.42937361029855453,0.17581096758231315,0.3402243638377616,0.8066472573561739,0.51619644723093,0.7703015375429166,0.30310545310848075,False,False,False,False,True,False,False,False,supplementary,A2_T15
G_affymetrix_only__softimpute__20_shambhala__post0,G_affymetrix_only,softimpute,20_shambhala,False,0.499395638489553,0.4925375166367817,0.4466764749875326,0.43911917118116,0.26606184970589886,0.2962654208309309,0.41302826386847785,0.4694322003237568,False,False,False,False,False,False,False,False,supplementary,A2_T15
G_affymetrix_only__softimpute__20_shambhala__post1,G_affymetrix_only,softimpute,20_shambhala,True,0.6844651392547542,0.598087123023419,0.46229526291599543,0.4786743771524434,0.26159232249013553,0.2962654208309309,0.2420733376230737,0.555880475586653,False,False,False,False,False,False,False,False,supplementary,A2_T15
G_affymetrix_only__strict__01_raw__post0,G_affymetrix_only,strict,01_raw,False,0.3869516229270337,0.3006032094780897,0.207103481479292,0.39621518190020383,0.7969215309787018,0.3853483279899819,0.5074647819742562,0.3227183739461548,False,False,False,False,False,False,False,False,supplementary,A2_T15
G_affymetrix_only__strict__01_raw__post1,G_affymetrix_only,strict,01_raw,True,0.2706337818460465,0.43600124938254603,0.18092836164611448,0.32957515211750604,0.7969215309787018,0.5148529631288251,0.7630118923222371,0.30428463624805324,False,False,False,False,False,False,False,False,supplementary,A2_T15
G_affymetrix_only__strict__02_median_scaling__post0,G_affymetrix_only,strict,02_median_scaling,False,0.4666149694639483,0.2987133493553049,0.23690404130881132,0.3735912008282007,0.7874138475926881,0.64384717298916,0.29943250765394375,0.3439558902390663,False,False,False,False,False,False,False,False,supplementary,A2_T15
G_affymetrix_only__strict__02_median_scaling__post1,G_affymetrix_only,strict,02_median_scaling,True,0.6794521871502435,0.3493948277223674,0.2543003848796029,0.4819990703721338,0.7889880368275705,0.48977459322286904,0.49476289993531375,0.4412866175310869,False,False,False,False,False,False,False,False,supplementary,A2_T15
G_affymetrix_only__strict__03_limma__post0,G_affymetrix_only,strict,03_limma,False,0.5910415479050442,0.27985821424855195,0.2615961744519894,0.3462609183461705,0.7892634899262309,0.6004001142494124,0.3071882520591877,0.369689213737939,False,False,False,False,False,False,False,False,supplementary,A2_T15
G_affymetrix_only__strict__03_limma__post1,G_affymetrix_only,strict,03_limma,True,0.8151003335033273,0.39855646464542316,0.3090304013933825,0.4943117022706059,0.791153723290498,0.3177339901477832,0.3311190724983828,0.5042497254531847,True,False,False,False,False,False,False,False,supplementary,A2_T15
G_affymetrix_only__strict__04_sva__post0,G_affymetrix_only,strict,04_sva,False,0.3867938669430066,0.30535645113848686,0.207103481479292,0.4232165814682923,0.7969215309787018,0.3853483279899819,0.509818104769244,0.3306175952572694,False,False,False,False,False,False,False,False,supplementary,A2_T15
G_affymetrix_only__strict__04_sva__post1,G_affymetrix_only,strict,04_sva,True,0.270481302776429,0.43618776087165373,0.18092836164611448,0.32957515211750604,0.7969215309787018,0.5148529631288251,0.7628377369756678,0.3042931443529258,False,False,False,False,False,False,False,False,supplementary,A2_T15
G_affymetrix_only__strict__05_combat__post0,G_affymetrix_only,strict,05_combat,False,0.6238237016386341,0.31721783532779213,0.2949112224130195,0.4803476242035564,0.42015341022266384,0.5449852353292471,0.3121726473990033,0.42907509589575055,False,False,False,False,False,False,False,False,supplementary,A2_T15
G_affymetrix_only__strict__05_combat__post1,G_affymetrix_only,strict,05_combat,True,0.5308530506008831,0.2969239846224126,0.3019479505636553,0.4026121724352457,0.49874096834142884,0.5439617853410957,0.759640742399363,0.3830842895555492,False,False,False,False,False,False,False,False,supplementary,A2_T15
G_affymetrix_only__strict__06_combat_seq__post0,G_affymetrix_only,strict,06_combat_seq,False,0.42488560009888704,0.21640949931980075,0.31743984120644736,0.3497692681908499,0.314307560906136,0.490952537702983,0.500441614625088,0.32712605220399626,False,False,False,False,False,False,False,False,supplementary,A2_T15
G_affymetrix_only__strict__06_combat_seq__post1,G_affymetrix_only,strict,06_combat_seq,True,0.3069971207684021,0.3668835220553881,0.23396731440058854,0.26672398259563296,0.30069868852211484,0.5468726675623227,0.7562571528088771,0.2936429849550029,False,False,False,False,False,False,False,False,supplementary,A2_T15
G_affymetrix_only__strict__07_pycombat__post0,G_affymetrix_only,strict,07_pycombat,False,0.6519195737914916,0.31894512818400045,0.262652024444252,0.36809858342219354,0.7692426552072272,0.5899364524427403,0.20200565237705764,0.40040382746048436,False,False,False,False,False,False,False,False,supplementary,A2_T15
G_affymetrix_only__strict__07_pycombat__post1,G_affymetrix_only,strict,07_pycombat,True,0.6204121001793339,0.42038305451703534,0.27102299047462647,0.37881892519314186,0.8007060186485968,0.5917934762361281,0.20972451066258294,0.42265926759103434,False,False,False,False,False,False,False,False,supplementary,A2_T15
G_affymetrix_only__strict__08_inmoose_combatseq__post0,G_affymetrix_only,strict,08_inmoose_combatseq,False,0.42467328851399,0.21626212955337515,0.3173267056920114,0.3928153150624529,0.3134313121525347,0.48941886352439196,0.4916327327663006,0.33776935970545735,False,False,False,False,False,False,False,False,supplementary,A2_T15
G_affymetrix_only__strict__08_inmoose_combatseq__post1,G_affymetrix_only,strict,08_inmoose_combatseq,True,0.30682926042820513,0.3587050064297296,0.2339685430215598,0.25823870878412214,0.2967708803543767,0.5497089117778774,0.755013186047669,0.28943537966590416,False,False,False,False,False,False,False,False,supplementary,A2_T15
G_affymetrix_only__strict__09_ruv__post0,G_affymetrix_only,strict,09_ruv,False,0.648248095943952,0.5215810036820292,0.7939036737010339,0.4688109423617481,0.2583159524618315,0.5130535339011237,0.7308472662897515,0.6081359289221908,False,False,False,False,False,False,False,False,supplementary,A2_T15
G_affymetrix_only__strict__09_ruv__post1,G_affymetrix_only,strict,09_ruv,True,0.7652582869234615,0.6133516949192492,0.7757485322552292,0.5232679085857241,0.2537064138554936,0.5509909659272256,0.6672717528839553,0.669406605670916,False,False,False,False,False,False,False,False,supplementary,A2_T15
G_affymetrix_only__strict__10_mnn__post0,G_affymetrix_only,strict,10_mnn,False,0.5721267658497375,0.6471009428850585,0.4822238185351442,0.605742624084164,0.12856314079595593,0.5582934497219305,0.5454425552950295,0.5767985378385261,False,False,False,False,False,False,False,False,supplementary,A2_T15
G_affymetrix_only__strict__10_mnn__post1,G_affymetrix_only,strict,10_mnn,True,0.5408165205079799,0.696423437062896,0.4875328184746388,0.5559640137662951,0.12653478826204306,0.49820868786386024,0.5212593919490471,0.5701841974529525,False,False,False,False,False,False,False,False,supplementary,A2_T15
G_affymetrix_only__strict__11_harmony__post0,G_affymetrix_only,strict,11_harmony,False,0.40022106249715395,0.557454703408467,0.29065500968419716,0.45828098742201673,0.2238904425943911,0.5867832345755496,0.24451815698211304,0.4266529407529587,False,False,False,False,False,False,False,False,supplementary,A2_T15
G_affymetrix_only__strict__11_harmony__post1,G_affymetrix_only,strict,11_harmony,True,0.426343629557835,0.6290860064867762,0.30961421110203,0.44475471526334154,0.19429438685756792,0.5106732348111659,0.581131512165995,0.4524496406024957,False,False,False,False,False,False,False,False,supplementary,A2_T15
G_affymetrix_only__strict__12_scanorama__post0,G_affymetrix_only,strict,12_scanorama,False,0.562725516595219,0.6215141041379508,0.4839255806181138,0.5492181408723523,0.0575277141487121,0.575829663377984,0.4902571944156894,0.554345835555909,False,False,False,False,False,False,False,False,supplementary,A2_T15
G_affymetrix_only__strict__12_scanorama__post1,G_affymetrix_only,strict,12_scanorama,True,0.5508246995438397,0.5939601556682617,0.4856905822009038,0.5580212342397866,0.05683968429413653,0.5187341394237946,0.7827038861521619,0.547124167913198,False,False,False,False,False,False,True,False,supplementary,A2_T15
G_affymetrix_only__strict__13_fsmvn__post0,G_affymetrix_only,strict,13_fsmvn,False,0.673320637518872,0.303591509611685,0.285401288992965,0.2882488031017404,0.7969215309787018,0.46713234151204613,0.19368687182778704,0.3876405598063156,False,False,False,False,False,False,False,False,supplementary,A2_T15
G_affymetrix_only__strict__13_fsmvn__post1,G_affymetrix_only,strict,13_fsmvn,True,0.8022809250117757,0.33309942441850093,0.3025767196371911,0.45605200151512537,0.8007060186485968,0.3248246006866697,0.3733641837090113,0.4735022676456483,True,False,False,False,False,False,False,False,supplementary,A2_T15
G_affymetrix_only__strict__14_qsmooth__post0,G_affymetrix_only,strict,14_qsmooth,False,0.5191706041331627,0.29191635504525004,0.41596653119583427,0.4020586930949983,0.4278368218241542,0.38496447538938056,0.2665771716210797,0.40727804586731137,False,False,False,False,False,False,False,False,supplementary,A2_T15
G_affymetrix_only__strict__14_qsmooth__post1,G_affymetrix_only,strict,14_qsmooth,True,0.43941041900596334,0.3881423028921293,0.44684572423639013,0.3609874455639349,0.4771430981930165,0.5148529631288251,0.7477981788326616,0.4088464729246044,False,False,False,False,False,False,False,False,supplementary,A2_T15
G_affymetrix_only__strict__15_fsqn_py__post0,G_affymetrix_only,strict,15_fsqn_py,False,0.427603010966771,0.5054683520786691,0.5527403096097585,0.4414503340731567,0.42735262299313964,0.38677996223507216,0.5611931926228729,0.48181550168208886,False,False,False,False,False,False,False,False,supplementary,A2_T15
G_affymetrix_only__strict__15_fsqn_py__post1,G_affymetrix_only,strict,15_fsqn_py,True,0.4861411465962377,0.4258339153702218,0.5565283038658656,0.44056559474830453,0.3695665759482209,0.4991043439319302,0.35817534955465985,0.47726724014515737,False,False,False,False,False,False,False,False,supplementary,A2_T15
G_affymetrix_only__strict__16_fsqn_r__post0,G_affymetrix_only,strict,16_fsqn_r,False,0.38718967698874723,0.3054843447310179,0.2072464366485509,0.4232105049169523,0.7689562375971719,0.38522037712311485,0.506472828817631,0.3307827408213171,False,False,False,False,False,False,False,False,supplementary,A2_T15
G_affymetrix_only__strict__16_fsqn_r__post1,G_affymetrix_only,strict,16_fsqn_r,True,0.27128281811905375,0.4361991544054163,0.18107131681537342,0.3296281182192009,0.7589725888845537,0.5144051350947902,0.7629372543165647,0.3045453518897611,False,False,False,False,False,False,False,False,supplementary,A2_T15
G_affymetrix_only__strict__17_quantile__post0,G_affymetrix_only,strict,17_quantile,False,0.4274580529449902,0.5054722584331021,0.5528534451241944,0.45926309452187447,0.42735262299313964,0.436511444922537,0.562219412210005,0.4862617127560403,False,False,False,False,False,False,False,False,supplementary,A2_T15
G_affymetrix_only__strict__17_quantile__post1,G_affymetrix_only,strict,17_quantile,True,0.48629947061453405,0.4258125997714666,0.556584257312598,0.4405641776918027,0.3695665759482209,0.4991043439319302,0.35817534955465985,0.4773151263476003,False,False,False,False,False,False,False,False,supplementary,A2_T15
G_affymetrix_only__strict__18_rank__post0,G_affymetrix_only,strict,18_rank,False,0.42877109350467923,0.48592871758868905,0.48899485438498647,0.41792687216435,0.4282564325891054,0.38496447538938056,0.5646678319624223,0.45540538441067624,False,False,False,False,False,False,False,False,supplementary,A2_T15
G_affymetrix_only__strict__18_rank__post1,G_affymetrix_only,strict,18_rank,True,0.4863528523340103,0.39933780004619684,0.48274373502754403,0.4296028095662597,0.3704045754140879,0.4965666517390656,0.5372443648305718,0.4495092992435027,False,False,False,False,False,False,False,False,supplementary,A2_T15
G_affymetrix_only__strict__19_tdm__post0,G_affymetrix_only,strict,19_tdm,False,0.4440322919310977,0.36832144517563903,0.14607396334204842,0.3427185973509737,0.64174322415825,0.3519321846280394,0.3584516829370892,0.3252865744499397,False,False,False,False,False,False,False,False,supplementary,A2_T15
G_affymetrix_only__strict__19_tdm__post1,G_affymetrix_only,strict,19_tdm,True,0.3940033671646207,0.35873836119817487,0.16843313279088618,0.28529257014096476,0.5716353988877314,0.5058217644424542,0.24814648952579985,0.3016168578236616,False,False,False,False,False,False,False,False,supplementary,A2_T15
G_affymetrix_only__strict__21_harmonizr__post0,G_affymetrix_only,strict,21_harmonizr,False,0.6381970270327021,0.3044783465142351,0.2783347466284414,0.3226715180839045,0.7892634899262309,0.5260179171235044,0.20604191725875082,0.38592040956482077,False,False,False,False,False,False,False,False,supplementary,A2_T15
G_affymetrix_only__strict__21_harmonizr__post1,G_affymetrix_only,strict,21_harmonizr,True,0.6253470959827272,0.42689407369489557,0.26902244814291354,0.38689383962436785,0.8007060186485968,0.5609485037782289,0.20227874490163256,0.427039364361226,False,False,False,False,False,False,False,False,supplementary,A2_T15
G_affymetrix_only__strict__25_angel__post0,G_affymetrix_only,strict,25_angel,False,0.591772380044822,0.6161040263381357,0.5335394907351478,0.4657231118809119,0.4130360473297561,0.43069141670389743,0.6682434471106781,0.5517847522497543,False,False,False,False,False,False,False,False,supplementary,A2_T15
G_affymetrix_only__strict__25_angel__post1,G_affymetrix_only,strict,25_angel,True,0.5175202675041454,0.3967731541389143,0.5008402169341408,0.4675780866353564,0.36316345532447475,0.49567099567099565,0.3381101656963725,0.4706779313031392,False,False,False,False,False,False,False,False,supplementary,A2_T15
G_affymetrix_only__strict__26_xpn__post0,G_affymetrix_only,strict,26_xpn,False,0.6042845426061099,0.324626990650983,0.38403638269261653,0.38430226345780266,0.6650376173728277,0.319810234268385,0.22336552346362934,0.42431254485187797,False,False,False,False,False,False,False,False,supplementary,A2_T15
G_affymetrix_only__strict__26_xpn__post1,G_affymetrix_only,strict,26_xpn,True,0.6644756849770278,0.4834701014572552,0.409338075769268,0.4397430648102089,0.6658074649656058,0.39581304918745613,0.1205759494218709,0.49925673175344,False,False,False,False,False,False,False,False,supplementary,A2_T15
G_affymetrix_only__strict__28_npn__post0,G_affymetrix_only,strict,28_npn,False,0.673753239447138,0.3238244395571351,0.27942124633857035,0.3593915300647639,0.6631922915185205,0.3633558752077657,0.2640932360479159,0.40909761385190185,False,False,False,False,False,False,False,False,supplementary,A2_T15
G_affymetrix_only__strict__28_npn__post1,G_affymetrix_only,strict,28_npn,True,0.6963934006906253,0.5432445596094245,0.28439908712444517,0.43010526134966603,0.6644612642701928,0.4295704488115018,0.22389585603447343,0.48853557719354024,False,False,False,False,False,False,False,False,supplementary,A2_T15
G_affymetrix_only__strict__31_ruv3prps__post0,G_affymetrix_only,strict,31_ruv3prps,False,0.38718967698874723,0.3054843447310179,0.2072464366485509,0.4232105049169523,0.7689562375971719,0.38522037712311485,0.506472828817631,0.3307827408213171,False,False,False,False,False,False,False,False,supplementary,A2_T15
G_affymetrix_only__strict__31_ruv3prps__post1,G_affymetrix_only,strict,31_ruv3prps,True,0.27128281811905375,0.4361991544054163,0.18107131681537342,0.3296281182192009,0.7589725888845537,0.5144051350947902,0.7629372543165647,0.3045453518897611,False,False,False,False,False,False,False,False,supplementary,A2_T15
G_affymetrix_only__strict__36_explobatch__post0,G_affymetrix_only,strict,36_explobatch,False,0.3867938669430066,0.30535645113848686,0.207103481479292,0.4232165814682923,0.7969215309787018,0.3853483279899819,0.509818104769244,0.3306175952572694,False,False,False,False,False,False,False,False,supplementary,A2_T15
G_affymetrix_only__strict__36_explobatch__post1,G_affymetrix_only,strict,36_explobatch,True,0.270481302776429,0.43618776087165373,0.18092836164611448,0.32957515211750604,0.7969215309787018,0.5148529631288251,0.7628377369756678,0.3042931443529258,False,False,False,False,False,False,False,False,supplementary,A2_T15
G_affymetrix_only__strict__20_shambhala__post0,G_affymetrix_only,strict,20_shambhala,False,0.35666777222083884,0.47783459058936795,0.5674580964362208,0.44187562902416544,0.2775966650150423,0.5759139438017898,0.4159290703619683,0.46095902206764827,False,False,False,False,False,False,False,False,supplementary,A2_T15
G_affymetrix_only__strict__20_shambhala__post1,G_affymetrix_only,strict,20_shambhala,True,0.49120437195088573,0.4967219561937305,0.5491928269937532,0.45209763840734735,0.31836075214843296,0.5212718316166592,0.3297880280638901,0.4973041983864292,False,False,False,False,False,False,False,False,supplementary,A2_T15
H_affymetrix_extended__knn__01_raw__post0,H_affymetrix_extended,knn,01_raw,False,0.49728380076082207,0.38456041769785443,0.17011743777574517,0.4320868898229773,0.8124053756926272,0.4276852088734261,0.5997590001316259,0.3710121365143498,False,False,False,False,True,False,False,False,supplementary,A2_T15
H_affymetrix_extended__knn__01_raw__post1,H_affymetrix_extended,knn,01_raw,True,0.5479695866016977,0.4164733005298661,0.18112388741916488,0.451853668935017,0.8124053756926272,0.43526972142011655,0.6852760041517585,0.39935511087143644,False,False,False,False,True,False,False,False,supplementary,A2_T15
H_affymetrix_extended__knn__02_median_scaling__post0,H_affymetrix_extended,knn,02_median_scaling,False,0.5814010254718867,0.45936172796918157,0.46807167149214346,0.5733320921150314,0.7522766560519444,0.3914252394597407,0.3094025191728511,0.5205416292620607,False,False,False,False,False,False,False,False,supplementary,A2_T15
H_affymetrix_extended__knn__02_median_scaling__post1,H_affymetrix_extended,knn,02_median_scaling,True,0.6711675969365848,0.5352174960573568,0.4953094188290287,0.7161248239812533,0.7508143737105262,0.3969224652030938,0.2597450670611245,0.6044548339510558,False,False,False,True,False,False,False,False,supplementary,A2_T15
H_affymetrix_extended__knn__03_limma__post0,H_affymetrix_extended,knn,03_limma,False,0.6998853876556879,0.3948874240803736,0.49051980908731624,0.5279723526246892,0.7521722418848573,0.3057957969653162,0.2887143149891261,0.5283162433620167,False,False,False,False,False,False,False,False,supplementary,A2_T15
H_affymetrix_extended__knn__03_limma__post1,H_affymetrix_extended,knn,03_limma,True,0.5629092306622323,0.4084199083968457,0.5603983592460829,0.4708063868737069,0.750574680928317,0.4046033871168876,0.17693511608250456,0.5006334712947169,False,False,False,False,False,False,False,False,supplementary,A2_T15
H_affymetrix_extended__knn__04_sva__post0,H_affymetrix_extended,knn,04_sva,False,0.5149679629170408,0.3735358897278686,0.1658203978601619,0.4347010978274745,0.6279241773911121,0.422789917481256,0.6004136089674248,0.37225633708313643,False,False,False,False,False,False,False,False,supplementary,A2_T15
H_affymetrix_extended__knn__04_sva__post1,H_affymetrix_extended,knn,04_sva,True,0.5673814550712687,0.4064441396299362,0.1767634223958223,0.432755115479094,0.625142360347924,0.43074848938319255,0.6857227263870855,0.3958360331440303,False,False,False,False,False,False,False,False,supplementary,A2_T15
H_affymetrix_extended__knn__05_combat__post0,H_affymetrix_extended,knn,05_combat,False,0.6973940830606641,0.40500268700215514,0.3207180665750032,0.5801148388945236,0.35280943289461025,0.40372179576831557,0.4336570344518863,0.5008074188830864,False,False,False,False,False,False,False,False,supplementary,A2_T15
H_affymetrix_extended__knn__05_combat__post1,H_affymetrix_extended,knn,05_combat,True,0.7042277180871545,0.43028477671282156,0.31643226290853194,0.5414541064337972,0.36248038411881195,0.42411407284611274,0.42028252377371267,0.4980997160355763,False,False,False,False,False,False,False,False,supplementary,A2_T15
H_affymetrix_extended__knn__06_combat_seq__post0,H_affymetrix_extended,knn,06_combat_seq,False,0.5114001278054313,0.31589761074321204,0.44606557743560704,0.42417145565717923,0.33087659357022203,0.488488120666337,0.6076612914880191,0.4243836929103574,False,False,False,False,False,False,False,False,supplementary,A2_T15
H_affymetrix_extended__knn__06_combat_seq__post1,H_affymetrix_extended,knn,06_combat_seq,True,0.5503977629180397,0.3356172728992932,0.4602091805314693,0.4156120030876562,0.3297749542164021,0.489023049312501,0.6809848120503967,0.44045905485911463,False,False,False,False,False,False,False,False,supplementary,A2_T15
H_affymetrix_extended__knn__07_pycombat__post0,H_affymetrix_extended,knn,07_pycombat,False,0.6979115961265677,0.35648405076714523,0.44676180453879477,0.46491838012765535,0.7478873704012172,0.35027296036506855,0.2023953702179816,0.4915189578900408,False,False,False,False,False,False,False,False,supplementary,A2_T15
H_affymetrix_extended__knn__07_pycombat__post1,H_affymetrix_extended,knn,07_pycombat,True,0.7011265618222724,0.3269133192365156,0.4419967643269875,0.4204031514264415,0.7472543885999233,0.3500016599013065,0.24356587896331752,0.47260994920305427,False,False,False,False,False,False,False,False,supplementary,A2_T15
H_affymetrix_extended__knn__08_inmoose_combatseq__post0,H_affymetrix_extended,knn,08_inmoose_combatseq,False,0.5121131525620416,0.30894655383063385,0.4457979282391802,0.4275599012308232,0.3309584271730949,0.48899914967070285,0.6385988743918272,0.4236043839656697,False,False,False,False,False,False,False,False,supplementary,A2_T15
H_affymetrix_extended__knn__08_inmoose_combatseq__post1,H_affymetrix_extended,knn,08_inmoose_combatseq,True,0.5514587077582991,0.3296160277628809,0.45973144813363936,0.46820892818402704,0.329856787819275,0.4894976032084512,0.696845618022332,0.45225377795971156,False,False,False,False,False,False,False,False,supplementary,A2_T15
H_affymetrix_extended__knn__09_ruv__post0,H_affymetrix_extended,knn,09_ruv,False,0.260576266467429,0.35915069088290574,0.7346173142501108,0.42155660958448576,0.2780227324672736,0.3026156305820251,0.46391545847125687,0.4439752202962328,False,False,False,False,False,False,False,False,supplementary,A2_T15
H_affymetrix_extended__knn__09_ruv__post1,H_affymetrix_extended,knn,09_ruv,True,0.3565257625459169,0.37155622536218674,0.7418394570603727,0.37709085272861986,0.2783508421715385,0.33043456301327534,0.527284822177418,0.46175307442427405,False,False,False,False,False,False,False,False,supplementary,A2_T15
H_affymetrix_extended__knn__10_mnn__post0,H_affymetrix_extended,knn,10_mnn,False,0.4646275314787427,0.635196905358655,0.5485407912168856,0.6636353134934739,0.1415311219495242,0.8132686838923232,0.6313155842996143,0.5780001353869393,False,False,False,False,False,True,False,False,supplementary,A2_T15
H_affymetrix_extended__knn__10_mnn__post1,H_affymetrix_extended,knn,10_mnn,True,0.5080988174438493,0.7077725302308236,0.5625688838838518,0.7103563052363928,0.1417807619492547,0.8174768148260658,0.60409250146046,0.6221991341987294,False,False,False,True,False,True,False,False,supplementary,A2_T15
H_affymetrix_extended__knn__11_harmony__post0,H_affymetrix_extended,knn,11_harmony,False,0.5260911989103838,0.43322783326494424,0.3006152082756646,0.4821815782618731,0.23559388839822004,0.4984151833723521,0.5527493292617865,0.4355289546782164,False,False,False,False,False,False,False,False,supplementary,A2_T15
H_affymetrix_extended__knn__11_harmony__post1,H_affymetrix_extended,knn,11_harmony,True,0.5199007117700338,0.44698072531007166,0.32490565819745704,0.48108146499852733,0.23894287989800345,0.4867835662566251,0.5212433129417409,0.44321714006902246,False,False,False,False,False,False,False,False,supplementary,A2_T15
H_affymetrix_extended__knn__12_scanorama__post0,H_affymetrix_extended,knn,12_scanorama,False,0.5323634464235121,0.5888578323690262,0.3867107529709528,0.5694617948970067,0.1955193526745077,0.7980813330519567,0.642894605870984,0.5193484566651244,False,False,False,False,False,True,False,False,supplementary,A2_T15
H_affymetrix_extended__knn__12_scanorama__post1,H_affymetrix_extended,knn,12_scanorama,True,0.5269544368559406,0.5833098854668697,0.40226892319702645,0.5881747740382061,0.19663964367318956,0.7972472713775093,0.6530166527661508,0.5251770048895107,False,False,False,False,False,True,False,False,supplementary,A2_T15
H_affymetrix_extended__knn__13_fsmvn__post0,H_affymetrix_extended,knn,13_fsmvn,False,0.7461646698618734,0.4742941856639467,0.5554758767907858,0.5155718729088223,0.7571182789902532,0.2757722721792196,0.2601035725945831,0.572876651306357,False,False,False,False,False,False,False,False,supplementary,A2_T15
H_affymetrix_extended__knn__13_fsmvn__post1,H_affymetrix_extended,knn,13_fsmvn,True,0.743582278706343,0.44562418408064275,0.5510695170893548,0.49528001786347003,0.7568926781182749,0.27851165395511446,0.25472082816492614,0.5588889994349526,False,False,False,False,False,False,False,False,supplementary,A2_T15
H_affymetrix_extended__knn__14_qsmooth__post0,H_affymetrix_extended,knn,14_qsmooth,False,0.6130854021505052,0.3767444123785222,0.2933983013594394,0.5044139412126265,0.42551603858950404,0.4331904896042114,0.6317349573807501,0.44691051427527334,False,False,False,False,False,False,False,False,supplementary,A2_T15
H_affymetrix_extended__knn__14_qsmooth__post1,H_affymetrix_extended,knn,14_qsmooth,True,0.6164285771783528,0.3778358488139786,0.31242358053161823,0.46545358352180294,0.419988538184302,0.42679697455125903,0.601283196587014,0.44303539751143817,False,False,False,False,False,False,False,False,supplementary,A2_T15
H_affymetrix_extended__knn__15_fsqn_py__post0,H_affymetrix_extended,knn,15_fsqn_py,False,0.6139633136371548,0.5558429583518187,0.38718584854440563,0.506961058464262,0.4403959194720865,0.14214428212431174,0.6846702347574009,0.5159882947494102,False,False,False,False,False,False,False,False,supplementary,A2_T15
H_affymetrix_extended__knn__15_fsqn_py__post1,H_affymetrix_extended,knn,15_fsqn_py,True,0.6145764149573597,0.5541193486641794,0.3925760038986391,0.4981317607948465,0.4326814580982981,0.14214428212431174,0.6409638090616872,0.5148508820787562,False,False,False,False,False,False,False,False,supplementary,A2_T15
H_affymetrix_extended__knn__16_fsqn_r__post0,H_affymetrix_extended,knn,16_fsqn_r,False,0.49609188161587503,0.3822026978230937,0.16573837734720784,0.4176433325046852,0.7345560316540556,0.43389874579539967,0.6004231181852357,0.3654190723227154,False,False,False,False,False,False,False,False,supplementary,A2_T15
H_affymetrix_extended__knn__16_fsqn_r__post1,H_affymetrix_extended,knn,16_fsqn_r,True,0.5470800732670481,0.41614706207204266,0.1766542156917845,0.4269011331168825,0.73349168225118,0.4402109515739494,0.6958259793831326,0.39169562103693945,False,False,False,False,False,False,False,False,supplementary,A2_T15
H_affymetrix_extended__knn__17_quantile__post0,H_affymetrix_extended,knn,17_quantile,False,0.6140486798249056,0.555826804165566,0.3870560215746067,0.48754595310869053,0.4403959194720865,0.14214428212431174,0.6843571169641547,0.5111193646684422,False,False,False,False,False,False,False,False,supplementary,A2_T15
H_affymetrix_extended__knn__17_quantile__post1,H_affymetrix_extended,knn,17_quantile,True,0.6147431679767212,0.5541745489511584,0.39244617692884015,0.4600584329416065,0.4326814580982981,0.14214428212431174,0.6411974584707486,0.5053555816995816,False,False,False,False,False,False,False,False,supplementary,A2_T15
H_affymetrix_extended__knn__18_rank__post0,H_affymetrix_extended,knn,18_rank,False,0.6142859647161085,0.5379113228933046,0.32282322388244383,0.5102817626404753,0.4441507215756291,0.4276852088734261,0.6883612196543517,0.4963255685330831,False,False,False,False,False,False,False,False,supplementary,A2_T15
H_affymetrix_extended__knn__18_rank__post1,H_affymetrix_extended,knn,18_rank,True,0.6155335669969394,0.534292542075526,0.3226975464700778,0.4810439837631248,0.4371877980100475,0.4183671379956047,0.6446988982531753,0.488391909826417,False,False,False,False,False,False,False,False,supplementary,A2_T15
H_affymetrix_extended__knn__19_tdm__post0,H_affymetrix_extended,knn,19_tdm,False,0.43502466021363323,0.38535533394185534,0.21126810122968073,0.3730224370331646,0.6482518105535504,0.41957168727335553,0.5663297265405502,0.35116763310458343,False,False,False,False,False,False,False,False,supplementary,A2_T15
H_affymetrix_extended__knn__19_tdm__post1,H_affymetrix_extended,knn,19_tdm,True,0.503540080674276,0.4374330095740467,0.22205014336774356,0.38820119576868384,0.6469046966188546,0.4236886926032901,0.3740750945266136,0.3878061073461875,False,False,False,False,False,False,False,False,supplementary,A2_T15
H_affymetrix_extended__knn__21_harmonizr__post0,H_affymetrix_extended,knn,21_harmonizr,False,0.658466520732682,0.42587889546379587,0.5145856635993454,0.48413487334273325,0.7509150089373532,0.2930727165296315,0.2231185126411083,0.5207664882846391,False,False,False,False,False,False,False,False,supplementary,A2_T15
H_affymetrix_extended__knn__21_harmonizr__post1,H_affymetrix_extended,knn,21_harmonizr,True,0.6547973936739099,0.41344915974511925,0.5078265679132856,0.4967328888803809,0.7502227740974005,0.3013389797620237,0.27453599864832995,0.5182015025531739,False,False,False,False,False,False,False,False,supplementary,A2_T15
H_affymetrix_extended__knn__25_angel__post0,H_affymetrix_extended,knn,25_angel,False,0.7487460591626256,0.6229429858890032,0.35928810983487225,0.5445549896583242,0.36856535362578335,0.3888925876155767,0.7958490905658624,0.5688830361362063,False,False,False,False,False,False,True,False,supplementary,A2_T15
H_affymetrix_extended__knn__25_angel__post1,H_affymetrix_extended,knn,25_angel,True,0.7533644012636789,0.6205893021141232,0.3783340229968209,0.550596723785115,0.36392121754700096,0.38588585402055336,0.7920947795030984,0.5757211125399344,False,False,False,False,False,False,True,False,supplementary,A2_T15
H_affymetrix_extended__knn__26_xpn__post0,H_affymetrix_extended,knn,26_xpn,False,0.6301192363730042,0.458481175760938,0.5661308887274276,0.5793783012696302,0.6824189579320703,0.14214428212431174,0.234099246163384,0.55852740053275,False,False,False,False,False,False,False,False,supplementary,A2_T15
H_affymetrix_extended__knn__26_xpn__post1,H_affymetrix_extended,knn,26_xpn,True,0.6497380818896438,0.46921004088171303,0.5690143526324989,0.5632111328948414,0.6814762157776053,0.14214428212431174,0.2406215186983715,0.5627934020746742,False,False,False,False,False,False,False,False,supplementary,A2_T15
H_affymetrix_extended__knn__27_dwd__post0,H_affymetrix_extended,knn,27_dwd,False,0.49609188161587503,0.3822026978230937,0.16573837734720784,0.4176433325046852,0.7345560316540556,0.43389874579539967,0.6004231181852357,0.3654190723227154,False,False,False,False,False,False,False,False,supplementary,A2_T15
H_affymetrix_extended__knn__27_dwd__post1,H_affymetrix_extended,knn,27_dwd,True,0.5470800732670481,0.41614706207204266,0.1766542156917845,0.4269011331168825,0.73349168225118,0.4402109515739494,0.6958259793831326,0.39169562103693945,False,False,False,False,False,False,False,False,supplementary,A2_T15
H_affymetrix_extended__knn__28_npn__post0,H_affymetrix_extended,knn,28_npn,False,0.7060703548316936,0.48197084516346,0.442180096872076,0.6224734311517757,0.6818415885908996,0.2014440549898988,0.2233181133798853,0.5631736820047513,False,False,False,False,False,False,False,False,supplementary,A2_T15
H_affymetrix_extended__knn__28_npn__post1,H_affymetrix_extended,knn,28_npn,True,0.7122763144416496,0.44020862649237563,0.4411225389251358,0.5480885346092077,0.6806126784397536,0.20347336974732247,0.3001339478140465,0.5354240036170922,False,False,False,False,False,False,False,False,supplementary,A2_T15
H_affymetrix_extended__knn__29_combat_ref__post0,H_affymetrix_extended,knn,29_combat_ref,False,0.6978291070864957,0.40485658986189593,0.3169177624404846,0.5798726274195234,0.349615893296417,0.40523931115068257,0.43284890537331044,0.4998690217020999,False,False,False,False,False,False,False,False,supplementary,A2_T15
H_affymetrix_extended__knn__29_combat_ref__post1,H_affymetrix_extended,knn,29_combat_ref,True,0.7043968132668247,0.4298413233060328,0.31184729049218635,0.5597113929591421,0.35914429931554875,0.42312130519078794,0.41991099362820117,0.5014492050060465,False,False,False,False,False,False,False,False,supplementary,A2_T15
H_affymetrix_extended__knn__31_ruv3prps__post0,H_affymetrix_extended,knn,31_ruv3prps,False,0.4031656713660169,0.3514581924487467,0.22476721711078973,0.37737083139540245,0.3019196588815103,0.29811517549069394,0.5453509712841705,0.33919047808023894,False,False,False,False,False,False,False,False,supplementary,A2_T15
H_affymetrix_extended__knn__31_ruv3prps__post1,H_affymetrix_extended,knn,31_ruv3prps,True,0.4940211061886496,0.3726031206711933,0.23548497025254464,0.3939839981490456,0.30150222032210394,0.29711545257442573,0.6801248324011258,0.3740232988153583,False,False,False,False,False,False,False,False,supplementary,A2_T15
H_affymetrix_extended__knn__20_shambhala__post0,H_affymetrix_extended,knn,20_shambhala,False,0.4438001685051385,0.47078702705907477,0.49772729904020585,0.4574689567452414,0.27503748628532293,0.765028795753172,0.25623607468320697,0.4674458628374151,False,False,False,False,False,False,False,False,supplementary,A2_T15
H_affymetrix_extended__knn__20_shambhala__post1,H_affymetrix_extended,knn,20_shambhala,True,0.46003628053073914,0.406948367277676,0.48595698147125854,0.4638648005707952,0.29280500327518905,0.7591794809714473,0.6274284854781591,0.45420160746261723,False,False,False,False,False,False,False,False,supplementary,A2_T15
H_affymetrix_extended__softimpute__01_raw__post0,H_affymetrix_extended,softimpute,01_raw,False,0.5346160774793298,0.40900148440339484,0.116581719616762,0.4360471313695313,0.8124053756926272,0.4025942792292131,0.6701687978460551,0.3740616032172545,False,False,False,False,True,False,False,False,supplementary,A2_T15
H_affymetrix_extended__softimpute__01_raw__post1,H_affymetrix_extended,softimpute,01_raw,True,0.5681886477571525,0.4231419558296388,0.12508737209669943,0.42369813617468516,0.8124053756926272,0.41364136090785,0.7442640005648202,0.38502902796454397,False,False,False,False,True,False,False,False,supplementary,A2_T15
H_affymetrix_extended__softimpute__02_median_scaling__post0,H_affymetrix_extended,softimpute,02_median_scaling,False,0.5732422756500658,0.46956323320028404,0.45496000191443414,0.5933151510245039,0.8045392788479565,0.3696112439060209,0.2409145242122785,0.522770165447322,False,False,False,False,True,False,False,False,supplementary,A2_T15
H_affymetrix_extended__softimpute__02_median_scaling__post1,H_affymetrix_extended,softimpute,02_median_scaling,True,0.6674798762376217,0.5469413259886245,0.47109770852055366,0.7099209955239179,0.8044370985371809,0.37663362214136314,0.1786150986507976,0.5988599765676794,False,False,False,True,True,False,False,False,supplementary,A2_T15
H_affymetrix_extended__softimpute__03_limma__post0,H_affymetrix_extended,softimpute,03_limma,False,0.6876438419951404,0.3710090768536825,0.4644544753526169,0.5243868133832752,0.8018007571649186,0.3560663783955138,0.2700559261482227,0.5118735518961788,False,False,False,False,False,False,False,False,supplementary,A2_T15
H_affymetrix_extended__softimpute__03_limma__post1,H_affymetrix_extended,softimpute,03_limma,True,0.6968293271692678,0.3484874253696228,0.4574934641040166,0.5110576919621712,0.801698576854143,0.3562953595662286,0.29195682571134685,0.5034669771512696,False,False,False,False,False,False,False,False,supplementary,A2_T15
H_affymetrix_extended__softimpute__04_sva__post0,H_affymetrix_extended,softimpute,04_sva,False,0.5531534748902719,0.38726903553573755,0.11705496934424305,0.4671639367121496,0.6315349268863909,0.6767935991506344,0.6734166262454174,0.3811603541206005,False,False,False,False,False,False,False,False,supplementary,A2_T15
H_affymetrix_extended__softimpute__04_sva__post1,H_affymetrix_extended,softimpute,04_sva,True,0.5894282569784839,0.4155308805119436,0.12541233723926729,0.4481030682917749,0.6288561836965029,0.6581832764668836,0.7476309415701177,0.3946186357553674,False,False,False,False,False,False,False,False,supplementary,A2_T15
H_affymetrix_extended__softimpute__06_combat_seq__post0,H_affymetrix_extended,softimpute,06_combat_seq,False,0.543886403763234,0.4022989313215353,0.4383560409286563,0.3983552397810899,0.3333351521246557,0.6878754773962836,0.5226587299260785,0.4457241539486289,False,False,False,False,False,False,False,False,supplementary,A2_T15
H_affymetrix_extended__softimpute__06_combat_seq__post1,H_affymetrix_extended,softimpute,06_combat_seq,True,0.5739352612732013,0.41247273541855817,0.45115397864943224,0.3783408555178672,0.33206966152107315,0.6828331641130769,0.8014375667345782,0.4539757077147647,False,False,False,False,False,False,True,False,supplementary,A2_T15
H_affymetrix_extended__softimpute__07_pycombat__post0,H_affymetrix_extended,softimpute,07_pycombat,False,0.7011508259743057,0.32598537218500306,0.4325928468077084,0.4523201184356529,0.7973775820524012,0.37055677561631006,0.2847528206577615,0.4780122908506675,False,False,False,False,False,False,False,False,supplementary,A2_T15
H_affymetrix_extended__softimpute__07_pycombat__post1,H_affymetrix_extended,softimpute,07_pycombat,True,0.7029676416132978,0.2826794663509919,0.4292582485238418,0.44971332683197285,0.7971838415560636,0.37003019074073285,0.3432076790599324,0.4661546708300261,False,False,False,False,False,False,False,False,supplementary,A2_T15
H_affymetrix_extended__softimpute__08_inmoose_combatseq__post0,H_affymetrix_extended,softimpute,08_inmoose_combatseq,False,0.5441552064331137,0.40278464328587105,0.437917052282941,0.39776624646430064,0.33333470535339343,0.6878754773962836,0.5251783873126447,0.44565578711655657,False,False,False,False,False,False,False,False,supplementary,A2_T15
H_affymetrix_extended__softimpute__08_inmoose_combatseq__post1,H_affymetrix_extended,softimpute,08_inmoose_combatseq,True,0.5739042948609727,0.41250349732604247,0.45072336930938195,0.3805823770917982,0.3320081746261029,0.6828331641130769,0.8031072984226953,0.4544283846470488,False,False,False,False,False,False,True,False,supplementary,A2_T15
H_affymetrix_extended__softimpute__09_ruv__post0,H_affymetrix_extended,softimpute,09_ruv,False,0.2687481879870529,0.3302699785072206,0.6715107016338151,0.3446629876093438,0.2778304689250353,0.344897409082005,0.3695392961110349,0.4037979639343581,False,False,False,False,False,False,False,False,supplementary,A2_T15
H_affymetrix_extended__softimpute__09_ruv__post1,H_affymetrix_extended,softimpute,09_ruv,True,0.32058766735604655,0.3527715493102661,0.6816935064590344,0.38385318836694876,0.27807862413348483,0.3654285089823247,0.5087228895928967,0.43472647787307395,False,False,False,False,False,False,False,False,supplementary,A2_T15
H_affymetrix_extended__softimpute__10_mnn__post0,H_affymetrix_extended,softimpute,10_mnn,False,0.6034889884067343,0.7340891998603883,0.5426172823446083,0.6811307607675077,0.07342751775174677,0.8214182822136004,0.7131782440390384,0.6403315578448097,False,False,False,False,False,True,False,False,supplementary,A2_T15
H_affymetrix_extended__softimpute__10_mnn__post1,H_affymetrix_extended,softimpute,10_mnn,True,0.5137385732461078,0.7478126489702323,0.5484595534765729,0.7103094906155277,0.11410200712642848,0.8183295350298472,0.414083866105077,0.6300800665771102,False,False,False,True,False,True,False,False,supplementary,A2_T15
H_affymetrix_extended__softimpute__11_harmony__post0,H_affymetrix_extended,softimpute,11_harmony,False,0.5573727811172398,0.4370463739534328,0.29476852069615045,0.5174861092060027,0.21840873541314212,0.7767463703601444,0.6863575379970428,0.45166844624320646,False,False,False,False,False,False,False,False,supplementary,A2_T15
H_affymetrix_extended__softimpute__11_harmony__post1,H_affymetrix_extended,softimpute,11_harmony,True,0.5579079407548305,0.43170875130085024,0.29582681572731945,0.4964218740231945,0.21812265115147145,0.7789810033152238,0.6897205575824319,0.4454663454515487,False,False,False,False,False,False,False,False,supplementary,A2_T15
H_affymetrix_extended__softimpute__12_scanorama__post0,H_affymetrix_extended,softimpute,12_scanorama,False,0.628579444680242,0.7036965644484137,0.39805319367253317,0.6709131911000934,0.17094661588690893,0.8185195751214914,0.5182484335613927,0.6003105984753205,False,False,False,False,False,True,False,False,supplementary,A2_T15
H_affymetrix_extended__softimpute__12_scanorama__post1,H_affymetrix_extended,softimpute,12_scanorama,True,0.6303003236094165,0.7117984618479792,0.4100546406786364,0.6604802588510937,0.17374620625698173,0.8178063090089551,0.48354097452270217,0.6031584212467814,False,False,False,False,False,True,False,False,supplementary,A2_T15
H_affymetrix_extended__softimpute__13_fsmvn__post0,H_affymetrix_extended,softimpute,13_fsmvn,False,0.7392406163003442,0.482555419332128,0.5505823684880274,0.5394749769872963,0.8029150140007609,0.27704698567350355,0.31136378964611805,0.5779633452769489,False,False,False,False,False,False,False,False,supplementary,A2_T15
H_affymetrix_extended__softimpute__13_fsmvn__post1,H_affymetrix_extended,softimpute,13_fsmvn,True,0.7446742748849878,0.4730987259387222,0.5437732056951033,0.4954718141903496,0.8027619669202287,0.2752466774786278,0.32317019544388037,0.5642545051772907,False,False,False,False,False,False,False,False,supplementary,A2_T15
H_affymetrix_extended__softimpute__14_qsmooth__post0,H_affymetrix_extended,softimpute,14_qsmooth,False,0.6078715552172889,0.3634917681152558,0.24650619737359614,0.4910538556103349,0.3798937311660983,0.6825912487812227,0.6560278851881637,0.42723084407911893,False,False,False,False,False,False,False,False,supplementary,A2_T15
H_affymetrix_extended__softimpute__14_qsmooth__post1,H_affymetrix_extended,softimpute,14_qsmooth,True,0.6111122558940809,0.35955795566921817,0.2605391946560368,0.42212297353179007,0.3734808045809492,0.6796280416016306,0.6172714381231966,0.4133330949377815,False,False,False,False,False,False,False,False,supplementary,A2_T15
H_affymetrix_extended__softimpute__15_fsqn_py__post0,H_affymetrix_extended,softimpute,15_fsqn_py,False,0.616388488565185,0.5324806574960881,0.35907363870074227,0.5046643196469345,0.35829316642851045,0.14214428212431174,0.714004079813191,0.5031517761022375,False,False,False,False,False,False,False,False,supplementary,A2_T15
H_affymetrix_extended__softimpute__15_fsqn_py__post1,H_affymetrix_extended,softimpute,15_fsqn_py,True,0.6203864969970176,0.5409909282986805,0.3589817696085473,0.4617767704167246,0.3557880169357444,0.14214428212431174,0.6366293178069664,0.4955339913302425,False,False,False,False,False,False,False,False,supplementary,A2_T15
H_affymetrix_extended__softimpute__16_fsqn_r__post0,H_affymetrix_extended,softimpute,16_fsqn_r,False,0.5320448713911387,0.40452130423558846,0.1172646822730551,0.4291756276541651,0.7702337047293334,0.68369766834742,0.6681937939980227,0.3707516213884869,False,False,False,False,False,False,False,False,supplementary,A2_T15
H_affymetrix_extended__softimpute__16_fsqn_r__post1,H_affymetrix_extended,softimpute,16_fsqn_r,True,0.5658817764021722,0.427179189401133,0.12558382454817504,0.42580626946723693,0.7690034542644004,0.667220784211185,0.7451912809836795,0.3861127649546793,False,False,False,False,False,False,False,False,supplementary,A2_T15
H_affymetrix_extended__softimpute__17_quantile__post0,H_affymetrix_extended,softimpute,17_quantile,False,0.6163822397912039,0.5324614879106977,0.3589438117309433,0.5046633617056951,0.35829316642851045,0.14214428212431174,0.713944082213095,0.503112725284635,False,False,False,False,False,False,False,False,supplementary,A2_T15
H_affymetrix_extended__softimpute__17_quantile__post1,H_affymetrix_extended,softimpute,17_quantile,True,0.6203973295330162,0.5410347861581521,0.35885194263874837,0.4465300845583527,0.3557880169357444,0.14214428212431174,0.6320741305563282,0.4917035357220673,False,False,False,False,False,False,False,False,supplementary,A2_T15
H_affymetrix_extended__softimpute__18_rank__post0,H_affymetrix_extended,softimpute,18_rank,False,0.6174460246687629,0.5135514193867755,0.2972803103868442,0.47259954256342795,0.3779320012859959,0.4025942792292131,0.7869748510853406,0.47521932425145264,False,False,False,False,False,False,True,False,supplementary,A2_T15
H_affymetrix_extended__softimpute__18_rank__post1,H_affymetrix_extended,softimpute,18_rank,True,0.621614804086659,0.5030079063147262,0.2961669593755857,0.457850864404985,0.3741930612231235,0.39527502264032643,0.7421235933337509,0.46966013354548897,False,False,False,False,False,False,False,False,supplementary,A2_T15
H_affymetrix_extended__softimpute__19_tdm__post0,H_affymetrix_extended,softimpute,19_tdm,False,0.46007566091090835,0.3847762932286175,0.26535707312116874,0.39416242776508625,0.6275676720981219,0.6425538957676403,0.6143453807660367,0.37609286375644524,False,False,False,False,False,False,False,False,supplementary,A2_T15
H_affymetrix_extended__softimpute__19_tdm__post1,H_affymetrix_extended,softimpute,19_tdm,True,0.5337414029340164,0.43660133827464587,0.2770943630511401,0.3760633930959118,0.6264606977168978,0.619712620434105,0.3574610848623707,0.40587512433892853,False,False,False,False,False,False,False,False,supplementary,A2_T15
H_affymetrix_extended__softimpute__21_harmonizr__post0,H_affymetrix_extended,softimpute,21_harmonizr,False,0.6638933414830094,0.3417455567109947,0.4833304997269851,0.526733575156489,0.7925015577268972,0.30221290431017644,0.40337392070817396,0.5039257432693696,False,False,False,False,False,False,False,False,supplementary,A2_T15
H_affymetrix_extended__softimpute__21_harmonizr__post1,H_affymetrix_extended,softimpute,21_harmonizr,True,0.665242447269213,0.35072052750292465,0.4849186144822882,0.48852340933864485,0.792317990584511,0.3106841098974504,0.324659459175495,0.49735124964826766,False,False,False,False,False,False,False,False,supplementary,A2_T15
H_affymetrix_extended__softimpute__25_angel__post0,H_affymetrix_extended,softimpute,25_angel,False,0.761180756547077,0.6730655142471346,0.38765731894256594,0.5481623890768894,0.31244404655326774,0.5506453234123796,0.8202021680994009,0.5925164947034167,False,False,False,False,False,False,True,False,supplementary,A2_T15
H_affymetrix_extended__softimpute__25_angel__post1,H_affymetrix_extended,softimpute,25_angel,True,0.7667539023331866,0.6861832775154219,0.39809006046469314,0.5844330653238301,0.30866718889883615,0.5492976108762515,0.8207693840566933,0.6088650764092829,False,False,False,False,False,False,True,False,supplementary,A2_T15
H_affymetrix_extended__softimpute__26_xpn__post0,H_affymetrix_extended,softimpute,26_xpn,False,0.6590627077963153,0.4748928991304777,0.5722579255904597,0.5891275242843521,0.6874590962345821,0.14214428212431174,0.3225013720750626,0.5738352642004012,False,False,False,False,False,False,False,False,supplementary,A2_T15
H_affymetrix_extended__softimpute__26_xpn__post1,H_affymetrix_extended,softimpute,26_xpn,True,0.6802301591047359,0.4770984572302099,0.580156822050543,0.562514779925465,0.6866818083709122,0.14214428212431174,0.2808248199798798,0.5750000545777384,False,False,False,False,False,False,False,False,supplementary,A2_T15
H_affymetrix_extended__softimpute__27_dwd__post0,H_affymetrix_extended,softimpute,27_dwd,False,0.5320448713911387,0.40452130423558846,0.1172646822730551,0.4291756276541651,0.7702337047293334,0.68369766834742,0.6681937939980227,0.3707516213884869,False,False,False,False,False,False,False,False,supplementary,A2_T15
H_affymetrix_extended__softimpute__27_dwd__post1,H_affymetrix_extended,softimpute,27_dwd,True,0.5658817764021722,0.427179189401133,0.12558382454817504,0.42580626946723693,0.7690034542644004,0.667220784211185,0.7451912809836795,0.3861127649546793,False,False,False,False,False,False,False,False,supplementary,A2_T15
H_affymetrix_extended__softimpute__28_npn__post0,H_affymetrix_extended,softimpute,28_npn,False,0.7138554285952594,0.5082039184891779,0.442583502829755,0.6025847767720967,0.688593828832317,0.20200492775626747,0.3276602335510429,0.5668069066715723,False,False,False,False,False,False,False,False,supplementary,A2_T15
H_affymetrix_extended__softimpute__28_npn__post1,H_affymetrix_extended,softimpute,28_npn,True,0.717662492055073,0.5136154808105319,0.4349422060863573,0.5830535967370449,0.6879691675056598,0.20145330155804275,0.3200965755437165,0.5623184439222517,False,False,False,False,False,False,False,False,supplementary,A2_T15
H_affymetrix_extended__softimpute__29_combat_ref__post0,H_affymetrix_extended,softimpute,29_combat_ref,False,0.6849992489164335,0.39062802292510623,0.31166818873283675,0.5710719353107958,0.33676707903472397,0.4036240246551548,0.5243321805311096,0.4895918489712931,False,False,False,False,False,False,False,False,supplementary,A2_T15
H_affymetrix_extended__softimpute__29_combat_ref__post1,H_affymetrix_extended,softimpute,29_combat_ref,True,0.6895246785150938,0.4198159450642962,0.30688385377454797,0.5792596238315966,0.3539729903095017,0.39892077686281924,0.4941672048942482,0.4988710252963836,False,False,False,False,False,False,False,False,supplementary,A2_T15
H_affymetrix_extended__softimpute__31_ruv3prps__post0,H_affymetrix_extended,softimpute,31_ruv3prps,False,0.5201732302339891,0.3591496463594511,0.12663593843689797,0.44308310309533583,0.286339822254694,0.4450828589332973,0.6151510567733426,0.3622604795314185,False,False,False,False,False,False,False,False,supplementary,A2_T15
H_affymetrix_extended__softimpute__31_ruv3prps__post1,H_affymetrix_extended,softimpute,31_ruv3prps,True,0.5497060372582286,0.3688178258696185,0.1276160204114162,0.3916387034870456,0.28742137465214995,0.43501601539421975,0.6250817814997308,0.3594446467565773,False,False,False,False,False,False,False,False,supplementary,A2_T15
H_affymetrix_extended__softimpute__20_shambhala__post0,H_affymetrix_extended,softimpute,20_shambhala,False,0.5566336757590041,0.47952398903644755,0.4353126628927022,0.48927260791451777,0.2763414516729467,0.14685767989623363,0.4065747045011112,0.49018573390066794,False,False,False,False,False,False,False,False,supplementary,A2_T15
H_affymetrix_extended__softimpute__20_shambhala__post1,H_affymetrix_extended,softimpute,20_shambhala,True,0.5559239346976539,0.4762520608242295,0.43583725236572185,0.4963486693594827,0.27442288492434064,0.15445546251828296,0.41877619933102933,0.491090479311772,False,False,False,False,False,False,False,False,supplementary,A2_T15
H_affymetrix_extended__strict__01_raw__post0,H_affymetrix_extended,strict,01_raw,False,0.42648005440848175,0.3756637618455781,0.2771238794418201,0.42993059460051786,0.7986916945662333,0.5158275369892558,0.7379479284678938,0.37729957257409946,False,False,False,False,False,False,False,False,supplementary,A2_T15
H_affymetrix_extended__strict__01_raw__post1,H_affymetrix_extended,strict,01_raw,True,0.47394926358965966,0.3981368466720193,0.29099857634353565,0.4456359276338396,0.7986916945662333,0.5130353871335344,0.727024028034242,0.40218015355976355,False,False,False,False,False,False,False,False,supplementary,A2_T15
H_affymetrix_extended__strict__02_median_scaling__post0,H_affymetrix_extended,strict,02_median_scaling,False,0.4865608486793841,0.49163834830513153,0.533460734571807,0.5499630790875899,0.7986916945662333,0.5485750157497457,0.2153390995119064,0.5154057526609781,False,False,False,False,False,False,False,False,supplementary,A2_T15
H_affymetrix_extended__strict__02_median_scaling__post1,H_affymetrix_extended,strict,02_median_scaling,True,0.6266869630942441,0.5681110019531378,0.5810965090926744,0.703831764015098,0.7986916945662333,0.51831543512585,0.1810662699699413,0.6199315595387885,False,False,False,True,False,False,False,False,supplementary,A2_T15
H_affymetrix_extended__strict__03_limma__post0,H_affymetrix_extended,strict,03_limma,False,0.6221219059985476,0.44374551345591146,0.5598029466548033,0.5262310687888341,0.7888330816614392,0.4231632333727813,0.17884356106205618,0.5379753587245242,False,False,False,False,False,False,False,False,supplementary,A2_T15
H_affymetrix_extended__strict__03_limma__post1,H_affymetrix_extended,strict,03_limma,True,0.6265826378468264,0.46170625909407825,0.5650051574605371,0.5241126999680008,0.7986916945662333,0.39023605024341845,0.17657646126115553,0.5443516885923607,False,False,False,False,False,False,False,False,supplementary,A2_T15
H_affymetrix_extended__strict__04_sva__post0,H_affymetrix_extended,strict,04_sva,False,0.4376256803351757,0.37007654918109495,0.27819485554225687,0.43396570539719664,0.6332565310016174,0.4804347255694488,0.740396097214594,0.379965697613931,False,False,False,False,False,False,False,False,supplementary,A2_T15
H_affymetrix_extended__strict__04_sva__post1,H_affymetrix_extended,strict,04_sva,True,0.4894748605311254,0.39156095678286207,0.2921368509924911,0.42254239043054,0.6320273843509688,0.4767062264835991,0.7262934666480554,0.39892876468425464,False,False,False,False,False,False,False,False,supplementary,A2_T15
H_affymetrix_extended__strict__05_combat__post0,H_affymetrix_extended,strict,05_combat,False,0.6640073827788405,0.3841271668637342,0.4916331128048132,0.582904193267274,0.37093096076513754,0.3656924256404746,0.39112526678014786,0.5306679639286656,False,False,False,False,False,False,False,False,supplementary,A2_T15
H_affymetrix_extended__strict__05_combat__post1,H_affymetrix_extended,strict,05_combat,True,0.6611501069563704,0.39035040436594204,0.48763167466652974,0.5530351467991542,0.3895128116135474,0.363793094366766,0.3609870272728654,0.523041833196999,False,False,False,False,False,False,False,False,supplementary,A2_T15
H_affymetrix_extended__strict__06_combat_seq__post0,H_affymetrix_extended,strict,06_combat_seq,False,0.4639609188459213,0.3043752847612132,0.5768598563338568,0.45063040434232615,0.3163099928696552,0.6476116328437986,0.7753940939117167,0.4489566160708294,False,False,False,False,False,False,False,False,supplementary,A2_T15
H_affymetrix_extended__strict__06_combat_seq__post1,H_affymetrix_extended,strict,06_combat_seq,True,0.4982236237484342,0.27858127798944493,0.584514692361795,0.46569496025025225,0.31571963604671005,0.6415879208383705,0.7524527205435841,0.4567536385874816,False,False,False,False,False,False,False,False,supplementary,A2_T15
H_affymetrix_extended__strict__07_pycombat__post0,H_affymetrix_extended,strict,07_pycombat,False,0.6196830626958874,0.42718502588765545,0.5125863345424528,0.48408961408568074,0.785983770013092,0.43210368585688014,0.17394762752596185,0.510886009302919,False,False,False,False,False,False,False,False,supplementary,A2_T15
H_affymetrix_extended__strict__07_pycombat__post1,H_affymetrix_extended,strict,07_pycombat,True,0.6223264346102185,0.3891506331042996,0.5076838154861775,0.45802918572944396,0.7855547020620871,0.4313044524234089,0.21941101624196968,0.4942975172325349,False,False,False,False,False,False,False,False,supplementary,A2_T15
H_affymetrix_extended__strict__08_inmoose_combatseq__post0,H_affymetrix_extended,strict,08_inmoose_combatseq,False,0.4641890280999956,0.3054558401446797,0.5765268841206883,0.4480474292254809,0.31620781255887964,0.6476116328437986,0.7765540992739074,0.44855479539771115,False,False,False,False,False,False,False,False,supplementary,A2_T15
H_affymetrix_extended__strict__08_inmoose_combatseq__post1,H_affymetrix_extended,strict,08_inmoose_combatseq,True,0.49828895933928724,0.27749156636963473,0.5841410267328212,0.4588275479783854,0.31563780244383716,0.6415879208383705,0.7477246501019709,0.45468727510503215,False,False,False,False,False,False,False,False,supplementary,A2_T15
H_affymetrix_extended__strict__09_ruv__post0,H_affymetrix_extended,strict,09_ruv,False,0.4515308886088679,0.46212470203267947,0.7321265093137764,0.43732638131367446,0.24769203010771387,0.3764969893519431,0.38327008025807524,0.5207771203172495,False,False,False,False,False,False,False,False,supplementary,A2_T15
H_affymetrix_extended__strict__09_ruv__post1,H_affymetrix_extended,strict,09_ruv,True,0.5047917752651894,0.47934810046696197,0.7393884900507053,0.47884527556208706,0.24838793113977314,0.40292019784856276,0.3063113437013125,0.5505934103362359,False,False,False,False,False,False,False,False,supplementary,A2_T15
H_affymetrix_extended__strict__10_mnn__post0,H_affymetrix_extended,strict,10_mnn,False,0.5712330068615563,0.6835536454713599,0.6478378995369458,0.69154655842989,0.07041335086394196,0.8006243031500239,0.5534588000965208,0.6485427775749381,False,False,False,False,False,True,False,False,supplementary,A2_T15
H_affymetrix_extended__strict__10_mnn__post1,H_affymetrix_extended,strict,10_mnn,True,0.560884385985544,0.7434508407996391,0.6588109747456851,0.7331100697885571,0.07026982009433912,0.8021424904695651,0.47906229425020636,0.6740640678298563,False,False,False,True,False,True,False,False,supplementary,A2_T15
H_affymetrix_extended__strict__11_harmony__post0,H_affymetrix_extended,strict,11_harmony,False,0.4261602343913013,0.4885099932175192,0.45485417222462454,0.4938954695746521,0.22153658198914694,0.7125859051658167,0.4011000903947761,0.4658549673520243,False,False,False,False,False,False,False,False,supplementary,A2_T15
H_affymetrix_extended__strict__11_harmony__post1,H_affymetrix_extended,strict,11_harmony,True,0.46598336114493255,0.4907382782878855,0.459346930396908,0.54463629730402,0.2208327467707387,0.7094329114803212,0.45848368706656156,0.49017621678343654,False,False,False,False,False,False,False,False,supplementary,A2_T15
H_affymetrix_extended__strict__12_scanorama__post0,H_affymetrix_extended,strict,12_scanorama,False,0.6262065597151674,0.6015797571982762,0.5409581730297478,0.6384933786597923,0.0829288574840943,0.7885292026104801,0.6173580299013023,0.6018094671507459,False,False,False,False,False,False,False,False,supplementary,A2_T15
H_affymetrix_extended__strict__12_scanorama__post1,H_affymetrix_extended,strict,12_scanorama,True,0.5138492874560683,0.6720576411503006,0.5445932333133798,0.6868536508070198,0.08399424490698872,0.7829353513574604,0.5843897512738073,0.6043384531816921,False,False,False,False,False,False,False,False,supplementary,A2_T15
H_affymetrix_extended__strict__13_fsmvn__post0,H_affymetrix_extended,strict,13_fsmvn,False,0.7012261044160183,0.5368300919635485,0.6040323048609103,0.5431910830062867,0.7888330816614392,0.2941209161514945,0.275705601975953,0.5963198960616909,False,False,False,False,False,False,False,False,supplementary,A2_T15
H_affymetrix_extended__strict__13_fsmvn__post1,H_affymetrix_extended,strict,13_fsmvn,True,0.7096540535169216,0.48461649420024505,0.6101140182991601,0.49816443979379743,0.788598424363665,0.29598663004090847,0.3297483874322065,0.5756372514525311,False,False,False,False,False,False,False,False,supplementary,A2_T15
H_affymetrix_extended__strict__14_qsmooth__post0,H_affymetrix_extended,strict,14_qsmooth,False,0.47247410339798096,0.3651161351391212,0.42912987297140875,0.46476869787350567,0.41469864961654535,0.5115211696320499,0.6424735713763657,0.43287220234550416,False,False,False,False,False,False,False,False,supplementary,A2_T15
H_affymetrix_extended__strict__14_qsmooth__post1,H_affymetrix_extended,strict,14_qsmooth,True,0.5265326140950555,0.36454618578392584,0.4368284208785319,0.4456350217445226,0.41804540583271604,0.5116579357274049,0.695919592051936,0.443385560625509,False,False,False,False,False,False,False,False,supplementary,A2_T15
H_affymetrix_extended__strict__15_fsqn_py__post0,H_affymetrix_extended,strict,15_fsqn_py,False,0.49994552384234314,0.5333801247095922,0.5687270320020767,0.49208380014086184,0.4258209520177189,0.5069105975876272,0.7102705141154687,0.5235341201737185,False,False,False,False,False,False,False,False,supplementary,A2_T15
H_affymetrix_extended__strict__15_fsqn_py__post1,H_affymetrix_extended,strict,15_fsqn_py,True,0.3967101324879172,0.3927195723289384,0.5727016727627037,0.48455401366666695,0.39761304717849805,0.5747590543467211,0.32087132380491146,0.4616713478115566,False,False,False,False,False,False,False,False,supplementary,A2_T15
H_affymetrix_extended__strict__16_fsqn_r__post0,H_affymetrix_extended,strict,16_fsqn_r,False,0.42640442377940874,0.37564142728985317,0.2770525595483245,0.43089544853091366,0.7613616465412485,0.5160268954699625,0.736256266534143,0.377498464787125,False,False,False,False,False,False,False,False,supplementary,A2_T15
H_affymetrix_extended__strict__16_fsqn_r__post1,H_affymetrix_extended,strict,16_fsqn_r,True,0.4740162727475779,0.39816633070150337,0.2909375362198277,0.44219928754307314,0.7601313960763156,0.5132625182711492,0.7442992267838381,0.40132985680299554,False,False,False,False,False,False,False,False,supplementary,A2_T15
H_affymetrix_extended__strict__17_quantile__post0,H_affymetrix_extended,strict,17_quantile,False,0.49981140224717446,0.5333622196066378,0.5687270320020767,0.5169316222186014,0.4258209520177189,0.5069105975876272,0.7122918573548872,0.5297080690186226,False,False,False,False,False,False,False,False,supplementary,A2_T15
H_affymetrix_extended__strict__17_quantile__post1,H_affymetrix_extended,strict,17_quantile,True,0.39680174744964936,0.39266384016478784,0.5725718457929048,0.48453700539158057,0.39761304717849805,0.5747590543467211,0.3187962840665878,0.4616436096997306,False,False,False,False,False,False,False,False,supplementary,A2_T15
H_affymetrix_extended__strict__18_rank__post0,H_affymetrix_extended,strict,18_rank,False,0.5028517528593999,0.5194002654954818,0.4705494200592359,0.4487294784336911,0.426468042761706,0.5158275369892558,0.7215849915339555,0.48538272921195214,False,False,False,False,False,False,False,False,supplementary,A2_T15
H_affymetrix_extended__strict__18_rank__post1,H_affymetrix_extended,strict,18_rank,True,0.38720334275173124,0.36896488296874985,0.4654556863393127,0.48462772530569526,0.3979653471573991,0.5837374350021112,0.30894035913986967,0.42656290934137225,False,False,False,False,False,False,False,False,supplementary,A2_T15
H_affymetrix_extended__strict__19_tdm__post0,H_affymetrix_extended,strict,19_tdm,False,0.3771768374109606,0.403632670131887,0.18340041158828946,0.35213295942549555,0.6346697234596111,0.5151881963581459,0.37564621814481136,0.32908571963915817,False,False,False,False,False,False,False,False,supplementary,A2_T15
H_affymetrix_extended__strict__19_tdm__post1,H_affymetrix_extended,strict,19_tdm,True,0.45036118913485856,0.41164826592999404,0.19736937080188113,0.3494500782921563,0.6336489321441312,0.5006832126531121,0.31152047281172335,0.35220722603972254,False,False,False,False,False,False,False,False,supplementary,A2_T15
H_affymetrix_extended__strict__21_harmonizr__post0,H_affymetrix_extended,strict,21_harmonizr,False,0.6108179652214493,0.4836048878489643,0.5887966684632064,0.4895355479558012,0.7607080946464209,0.32448226300726773,0.30586148515740286,0.5431887673723553,False,False,False,False,False,False,False,False,supplementary,A2_T15
H_affymetrix_extended__strict__21_harmonizr__post1,H_affymetrix_extended,strict,21_harmonizr,True,0.6051947064820774,0.49968022783823424,0.584776497456756,0.4958658641278136,0.759702998282204,0.3313546509969181,0.30222324623719127,0.5463793239762204,False,False,False,False,False,False,False,False,supplementary,A2_T15
H_affymetrix_extended__strict__25_angel__post0,H_affymetrix_extended,strict,25_angel,False,0.6902958549053376,0.6778159653103586,0.5474458551489142,0.523752225574156,0.38312723813786925,0.40995032443481655,0.8467825000389151,0.6098274752346915,False,False,False,False,False,False,True,False,supplementary,A2_T15
H_affymetrix_extended__strict__25_angel__post1,H_affymetrix_extended,strict,25_angel,True,0.6905634960658409,0.68547726382616,0.558927730657238,0.4987911515175349,0.37458034914950755,0.4113288914247157,0.8353661617577453,0.6084399105166934,False,False,False,False,False,False,True,False,supplementary,A2_T15
H_affymetrix_extended__strict__26_xpn__post0,H_affymetrix_extended,strict,26_xpn,False,0.61818968061881,0.5129774556054486,0.6160631299487556,0.5791413956407809,0.6745838930746584,0.23146420658209368,0.24328705888704358,0.5815929154534487,False,False,False,False,False,False,False,False,supplementary,A2_T15
H_affymetrix_extended__strict__26_xpn__post1,H_affymetrix_extended,strict,26_xpn,True,0.6391187182025572,0.5112181761733549,0.6207828439796691,0.5874609758934742,0.672891450126631,0.23176981486301787,0.30978888348939304,0.5896451785622638,False,False,False,False,False,False,False,False,supplementary,A2_T15
H_affymetrix_extended__strict__27_dwd__post0,H_affymetrix_extended,strict,27_dwd,False,0.42640442377940874,0.37564142728985317,0.2770525595483245,0.43089544853091366,0.7613616465412485,0.5160268954699625,0.736256266534143,0.377498464787125,False,False,False,False,False,False,False,False,supplementary,A2_T15
H_affymetrix_extended__strict__27_dwd__post1,H_affymetrix_extended,strict,27_dwd,True,0.4740162727475779,0.39816633070150337,0.2909375362198277,0.44219928754307314,0.7601313960763156,0.5132625182711492,0.7442992267838381,0.40132985680299554,False,False,False,False,False,False,False,False,supplementary,A2_T15
H_affymetrix_extended__strict__28_npn__post0,H_affymetrix_extended,strict,28_npn,False,0.6674025162667868,0.5347636175506217,0.4680461999004302,0.5873318526100311,0.6644893650736199,0.2179055350855298,0.2646906870736247,0.5643860465819674,False,False,False,False,False,False,False,False,supplementary,A2_T15
H_affymetrix_extended__strict__28_npn__post1,H_affymetrix_extended,strict,28_npn,True,0.6725158911527142,0.5235572138819085,0.46036591064067556,0.5721306835927052,0.6636572157265758,0.21842589462929068,0.28970638461208276,0.5571424248170008,False,False,False,False,False,False,False,False,supplementary,A2_T15
H_affymetrix_extended__strict__29_combat_ref__post0,H_affymetrix_extended,strict,29_combat_ref,False,0.6639259959472299,0.38410624636164215,0.4916331128048132,0.5829299957590977,0.37084912716226465,0.3656924256404746,0.3911452659801798,0.5306488377181957,False,False,False,False,False,False,False,False,supplementary,A2_T15
H_affymetrix_extended__strict__29_combat_ref__post1,H_affymetrix_extended,strict,29_combat_ref,True,0.6613203382053272,0.3904088859906444,0.48763167466652974,0.5530487112710893,0.3894309780106745,0.363793094366766,0.36100702647289745,0.5231024025333977,False,False,False,False,False,False,False,False,supplementary,A2_T15
H_affymetrix_extended__strict__31_ruv3prps__post0,H_affymetrix_extended,strict,31_ruv3prps,False,0.37765227327212,0.3768103750190494,0.31142272945746713,0.41377427307122233,0.28618467814846976,0.2959217524182284,0.7110478889068609,0.36991491270496474,False,False,False,False,False,False,False,False,supplementary,A2_T15
H_affymetrix_extended__strict__31_ruv3prps__post1,H_affymetrix_extended,strict,31_ruv3prps,True,0.43215174992020877,0.3901381592829465,0.3226116299318165,0.42981579779632845,0.28542508259287175,0.29577982896528365,0.7448042303685621,0.39367933423282503,False,False,False,False,False,False,False,False,supplementary,A2_T15
H_affymetrix_extended__strict__33_amdbnorm__post0,H_affymetrix_extended,strict,33_amdbnorm,False,0.5990660210363304,0.47125475838651326,0.6106045823082705,0.5451005457323741,0.436753604472968,0.25824413495660875,0.29172968332026983,0.5565064768658721,False,False,False,False,False,False,False,False,supplementary,A2_T15
H_affymetrix_extended__strict__33_amdbnorm__post1,H_affymetrix_extended,strict,33_amdbnorm,True,0.5951563781781009,0.45306713699610157,0.6026543612006199,0.5222137017596024,0.4290740126239052,0.2573464494693255,0.3205168533976474,0.5432728945336062,False,False,False,False,False,False,False,False,supplementary,A2_T15
H_affymetrix_extended__strict__20_shambhala__post0,H_affymetrix_extended,strict,20_shambhala,False,0.4171535653817859,0.48252845668378713,0.5814393896278066,0.440660985593196,0.298091253098276,0.7633704522498878,0.36604455006578673,0.48044559932164393,False,False,False,False,False,False,False,False,supplementary,A2_T15
H_affymetrix_extended__strict__20_shambhala__post1,H_affymetrix_extended,strict,20_shambhala,True,0.41712749055284193,0.4199466744502283,0.5750471707816274,0.5118955114782341,0.3273046179867388,0.7597247475427343,0.746843279056294,0.48100421181573294,False,False,False,False,False,False,False,False,supplementary,A2_T15
I_rare_batches_removed__knn__01_raw__post0,I_rare_batches_removed,knn,01_raw,False,0.1311410945950896,0.28800722895783293,0.1676129652003998,0.24756875937197373,0.815203048029243,0.39638982613322277,0.5973948537302983,0.20858251203132402,False,False,False,False,True,False,False,False,supplementary,A2_T15
I_rare_batches_removed__knn__01_raw__post1,I_rare_batches_removed,knn,01_raw,True,0.15452320095749916,0.28979678602377595,0.1849564556875979,0.24618006629555553,0.815203048029243,0.4002402047634975,0.6283405962633266,0.21886412724110715,False,False,False,False,True,False,False,False,supplementary,A2_T15
I_rare_batches_removed__knn__02_median_scaling__post0,I_rare_batches_removed,knn,02_median_scaling,False,0.5222985688588092,0.5795650169124711,0.5320778918109643,0.5858084609906714,0.6278538060558294,0.42336246461585514,0.3596744262429588,0.554937484643229,False,False,False,False,False,False,False,False,supplementary,A2_T15
I_rare_batches_removed__knn__02_median_scaling__post1,I_rare_batches_removed,knn,02_median_scaling,True,0.6983300018515943,0.6504487780357195,0.586681792833324,0.6548864451895112,0.6050667442128247,0.3911749525212661,0.29291478618845557,0.6475867544775373,False,False,False,False,False,False,False,False,supplementary,A2_T15
I_rare_batches_removed__knn__03_limma__post0,I_rare_batches_removed,knn,03_limma,False,0.690497321751747,0.5605483789933602,0.5711454201880342,0.5496742557006644,0.6472682247965807,0.40829672479767143,0.4025924098559264,0.5929663441584514,False,False,False,False,False,False,False,False,supplementary,A2_T15
I_rare_batches_removed__knn__03_limma__post1,I_rare_batches_removed,knn,03_limma,True,0.670804603980667,0.5535428168264815,0.5599818740752185,0.5657279050169451,0.6207999322035128,0.39097031709179375,0.35975984327253924,0.5875142999748281,False,False,False,False,False,False,False,False,supplementary,A2_T15
I_rare_batches_removed__knn__05_combat__post0,I_rare_batches_removed,knn,05_combat,False,0.6451212581302573,0.507572908531619,0.4886141162247453,0.4587124343638266,0.4711346544926927,0.34637119643230047,0.4668654315753262,0.525005179312612,False,False,False,False,False,False,False,False,supplementary,A2_T15
I_rare_batches_removed__knn__05_combat__post1,I_rare_batches_removed,knn,05_combat,True,0.6410758184194955,0.5229997584082328,0.5084540646349612,0.43004727520647285,0.5138462209838525,0.34074909540457565,0.4643240699410916,0.5256442291672906,False,False,False,False,False,False,False,False,supplementary,A2_T15
I_rare_batches_removed__knn__06_combat_seq__post0,I_rare_batches_removed,knn,06_combat_seq,False,0.16259767464390593,0.32651176151129735,0.3916282252863537,0.26008274206569404,0.3605613734362456,0.5090695933606164,0.7314043922817564,0.2852051008768127,False,False,False,False,False,False,False,False,supplementary,A2_T15
I_rare_batches_removed__knn__06_combat_seq__post1,I_rare_batches_removed,knn,06_combat_seq,True,0.19804478129437308,0.35208895614908825,0.41651970745371086,0.26044672999140855,0.3597694548690742,0.5102982349004709,0.7199120305480449,0.3067750437221452,False,False,False,False,False,False,False,False,supplementary,A2_T15
I_rare_batches_removed__knn__07_pycombat__post0,I_rare_batches_removed,knn,07_pycombat,False,0.6719574902109433,0.5252662090192968,0.5045277049697025,0.5284862182689323,0.666996304402234,0.5850063806760338,0.3731715005366117,0.5575594056172187,False,False,False,False,False,False,False,False,supplementary,A2_T15
I_rare_batches_removed__knn__07_pycombat__post1,I_rare_batches_removed,knn,07_pycombat,True,0.67940851381189,0.5120346199017551,0.49443465813988774,0.5205468372318097,0.6632409183334964,0.5803397176605529,0.3749365420425747,0.5516061572713357,False,False,False,False,False,False,False,False,supplementary,A2_T15
I_rare_batches_removed__knn__08_inmoose_combatseq__post0,I_rare_batches_removed,knn,08_inmoose_combatseq,False,0.16298855756120148,0.3265735244737234,0.39175805225615273,0.26459069827972487,0.3606432070391185,0.5090571536930042,0.7320543259798855,0.2864777081427006,False,False,False,False,False,False,False,False,supplementary,A2_T15
I_rare_batches_removed__knn__08_inmoose_combatseq__post1,I_rare_batches_removed,knn,08_inmoose_combatseq,True,0.19835427738005806,0.3520337558621094,0.4166495344235099,0.2428715339022969,0.3598512884719471,0.5103106745680831,0.7198346758276344,0.30247727539199354,False,False,False,False,False,False,False,False,supplementary,A2_T15
I_rare_batches_removed__knn__09_ruv__post0,I_rare_batches_removed,knn,09_ruv,False,0.4643486843131313,0.4277095030494488,0.6393247249058837,0.3752234620063299,0.28826454311135197,0.4215411010722583,0.49422814615767424,0.4766515935686984,False,False,False,False,False,False,False,False,supplementary,A2_T15
I_rare_batches_removed__knn__09_ruv__post1,I_rare_batches_removed,knn,09_ruv,True,0.5358705876445747,0.4037800591949794,0.6495886541770995,0.3589137333966913,0.28653936994701135,0.4582126291244158,0.5789840463585629,0.48703825860333627,False,False,False,False,False,False,False,False,supplementary,A2_T15
I_rare_batches_removed__knn__10_mnn__post0,I_rare_batches_removed,knn,10_mnn,False,0.347859721187102,0.6654857070400688,0.5493855398987351,0.6142780802781497,0.21247995687303164,0.8236516686451071,0.5153056799820432,0.5442522621010139,False,False,False,False,False,True,False,False,supplementary,A2_T15
I_rare_batches_removed__knn__10_mnn__post1,I_rare_batches_removed,knn,10_mnn,True,0.45973582984901723,0.7214043171265493,0.5725294958244322,0.5855786787392278,0.20839540200785303,0.8131508066586908,0.4393955221026174,0.5848120803848066,False,False,False,False,False,True,False,False,supplementary,A2_T15
I_rare_batches_removed__knn__11_harmony__post0,I_rare_batches_removed,knn,11_harmony,False,0.32917026205484046,0.5491427354959106,0.24770786058767796,0.4889509450663558,0.19734271731821787,0.6458287975234109,0.25156134799464236,0.4037429508011962,False,False,False,False,False,False,False,False,supplementary,A2_T15
I_rare_batches_removed__knn__11_harmony__post1,I_rare_batches_removed,knn,11_harmony,True,0.33527433600740597,0.5424077046532418,0.2439562587261803,0.49129180889986507,0.19724164082172654,0.6457520233604939,0.3046646012907198,0.4032325270716733,False,False,False,False,False,False,False,False,supplementary,A2_T15
I_rare_batches_removed__knn__12_scanorama__post0,I_rare_batches_removed,knn,12_scanorama,False,0.17342124325930758,0.486406620274027,0.3794736277090873,0.4308909406449136,0.14651907934433372,0.7985620095119524,0.49381521846763937,0.3675481079718339,False,False,False,False,False,True,False,False,supplementary,A2_T15
I_rare_batches_removed__knn__12_scanorama__post1,I_rare_batches_removed,knn,12_scanorama,True,0.1624081571337734,0.4957999504568357,0.37555353212752,0.4419591959469283,0.1472981147265303,0.7974010968039282,0.48822925153053637,0.3689302089162643,False,False,False,False,False,True,False,False,supplementary,A2_T15
I_rare_batches_removed__knn__13_fsmvn__post0,I_rare_batches_removed,knn,13_fsmvn,False,0.7455426987636753,0.6734503974814444,0.5950046859262592,0.4888800329760003,0.6355663963846502,0.6735070046764897,0.3780842430841413,0.6257194537868448,False,False,False,False,False,False,False,False,supplementary,A2_T15
I_rare_batches_removed__knn__13_fsmvn__post1,I_rare_batches_removed,knn,13_fsmvn,True,0.7508406110245415,0.6472673675437458,0.6025901899344946,0.45879906583461555,0.6293037654064125,0.6736178602673561,0.3877901032713462,0.6148743085843493,False,False,False,False,False,False,False,False,supplementary,A2_T15
I_rare_batches_removed__knn__14_qsmooth__post0,I_rare_batches_removed,knn,14_qsmooth,False,0.08415820240007171,0.200062937753971,0.22938633001148057,0.20652508657042284,0.4613445992297754,0.39695506874260406,0.507322358261019,0.18003313918398656,False,False,False,False,False,False,False,False,supplementary,A2_T15
I_rare_batches_removed__knn__14_qsmooth__post1,I_rare_batches_removed,knn,14_qsmooth,True,0.10680365694621194,0.2094679376844022,0.24529445572175523,0.24596118104406747,0.44977182187512454,0.4005960213298417,0.6667415842334822,0.20188180784910922,False,False,False,False,False,False,False,False,supplementary,A2_T15
I_rare_batches_removed__knn__15_fsqn_py__post0,I_rare_batches_removed,knn,15_fsqn_py,False,0.37621861706495846,0.3756633346705817,0.388169376862142,0.3262894262290318,0.4625743884168745,0.3917319741533556,0.5406169971655976,0.36658518870667844,False,False,False,False,False,False,False,False,supplementary,A2_T15
I_rare_batches_removed__knn__15_fsqn_py__post1,I_rare_batches_removed,knn,15_fsqn_py,True,0.4039814920270381,0.3835941521515984,0.39433345565806105,0.3373981905853263,0.4526998358089175,0.39543695965946596,0.7037575336204239,0.379826822605506,False,False,False,False,False,False,False,False,supplementary,A2_T15
I_rare_batches_removed__knn__16_fsqn_r__post0,I_rare_batches_removed,knn,16_fsqn_r,False,0.7206977388320822,0.7454423572020085,0.7347896428942294,0.5862055566811956,0.5930489221201233,0.6066569696266941,0.3856672866109025,0.6967838239023789,False,False,False,False,False,False,False,False,supplementary,A2_T15
I_rare_batches_removed__knn__16_fsqn_r__post1,I_rare_batches_removed,knn,16_fsqn_r,True,0.7215948134306429,0.7422031027599797,0.7369765836920611,0.5641700324582101,0.5878782027452245,0.6076247611990345,0.3885401713869185,0.6912361330852235,False,False,False,False,False,False,False,False,supplementary,A2_T15
I_rare_batches_removed__knn__17_quantile__post0,I_rare_batches_removed,knn,17_quantile,False,0.37805684453639204,0.3626261269377806,0.515088244636196,0.31473418055530394,0.46273972445791806,0.39177132654647856,0.5490978821853844,0.39262634916641814,False,False,False,False,False,False,False,False,supplementary,A2_T15
I_rare_batches_removed__knn__17_quantile__post1,I_rare_batches_removed,knn,17_quantile,True,0.4057472514266282,0.38186490710905374,0.5204600228140935,0.33180928971544943,0.4529669053894745,0.39528835630274634,0.7028034398442629,0.4099703677663062,False,False,False,False,False,False,False,False,supplementary,A2_T15
I_rare_batches_removed__knn__18_rank__post0,I_rare_batches_removed,knn,18_rank,False,0.3881701003656128,0.3378882961753598,0.43556149474997563,0.3142770289148288,0.46466071830213274,0.39638982613322277,0.5543151810258448,0.36897423005144425,False,False,False,False,False,False,False,False,supplementary,A2_T15
I_rare_batches_removed__knn__18_rank__post1,I_rare_batches_removed,knn,18_rank,True,0.41421476700242227,0.3450746386356367,0.44025729525141793,0.32174711378377696,0.4554780720126177,0.4002402047634975,0.7011395081830235,0.38032345366831344,False,False,False,False,False,False,False,False,supplementary,A2_T15
I_rare_batches_removed__knn__19_tdm__post0,I_rare_batches_removed,knn,19_tdm,False,0.1154881378110545,0.3002792516178814,0.2515266352397147,0.23127387892002904,0.5348324828567397,0.3559733567130388,0.5299540303348408,0.2246419758971699,False,False,False,False,False,False,False,False,supplementary,A2_T15
I_rare_batches_removed__knn__19_tdm__post1,I_rare_batches_removed,knn,19_tdm,True,0.13622333141676035,0.3111829234549,0.26696388379411257,0.21766945716493946,0.5330638199251595,0.3583519141054153,0.6047887652278496,0.2330098989576781,False,False,False,False,False,False,False,False,supplementary,A2_T15
I_rare_batches_removed__knn__21_harmonizr__post0,I_rare_batches_removed,knn,21_harmonizr,False,0.5816602009193997,0.5811474174538686,0.612088188680991,0.4195299918046482,0.6171824280436913,0.30434370916757864,0.28007928779483504,0.5486064497147268,False,False,False,False,False,False,False,False,supplementary,A2_T15
I_rare_batches_removed__knn__21_harmonizr__post1,I_rare_batches_removed,knn,21_harmonizr,True,0.5938655349543239,0.5812751505861398,0.6030865945715337,0.400309856535366,0.6118007921235933,0.303426498995878,0.4046427365355872,0.5446342841618408,False,False,False,False,False,False,False,False,supplementary,A2_T15
I_rare_batches_removed__knn__25_angel__post0,I_rare_batches_removed,knn,25_angel,False,0.6588439449438822,0.6731549239218753,0.5229749684177247,0.47384905491993307,0.37652473142345566,0.38543671150436504,0.7159814201836062,0.5822057230508538,False,False,False,False,False,False,False,False,supplementary,A2_T15
I_rare_batches_removed__knn__25_angel__post1,I_rare_batches_removed,knn,25_angel,True,0.655005120251325,0.6860706862688707,0.5126188742817318,0.46707100830258413,0.38044147269471795,0.36377576417866914,0.6886651381648171,0.5801914222761279,False,False,False,False,False,False,False,False,supplementary,A2_T15
I_rare_batches_removed__knn__26_xpn__post0,I_rare_batches_removed,knn,26_xpn,False,0.6294343448375576,0.7219877685603007,0.6628178544448773,0.5323542871693613,0.5845587314957001,0.5793162726437793,0.3135558333781331,0.6366485637530243,False,False,False,False,False,False,False,False,supplementary,A2_T15
I_rare_batches_removed__knn__26_xpn__post1,I_rare_batches_removed,knn,26_xpn,True,0.6511413285201421,0.721138027827756,0.6733594680614862,0.5481923725847168,0.5800997330232649,0.5806646676733274,0.2707914107994953,0.6484577992485252,False,False,False,False,False,False,False,False,supplementary,A2_T15
I_rare_batches_removed__knn__27_dwd__post0,I_rare_batches_removed,knn,27_dwd,False,0.13097207215788698,0.28795176273226825,0.1683338278585179,0.24756875937197373,0.7150119936862978,0.3964405976008962,0.5973758325011622,0.2087066055301617,False,False,False,False,False,False,False,False,supplementary,A2_T15
I_rare_batches_removed__knn__27_dwd__post1,I_rare_batches_removed,knn,27_dwd,True,0.15470088979219146,0.2898146911267303,0.1856802360307714,0.24616994562677164,0.7137338198064275,0.4002163382254984,0.6283974233677615,0.2190914406441162,False,False,False,False,False,False,False,False,supplementary,A2_T15
I_rare_batches_removed__knn__28_npn__post0,I_rare_batches_removed,knn,28_npn,False,0.7025496887647867,0.665976222505322,0.5045379018245211,0.5250864864976733,0.6275885100312352,0.21774987506033314,0.36371967557906143,0.5995375748980758,False,False,False,False,False,False,False,False,supplementary,A2_T15
I_rare_batches_removed__knn__28_npn__post1,I_rare_batches_removed,knn,28_npn,True,0.7001851940092636,0.6592369806455309,0.504413401801763,0.4992117351777929,0.6226939889014361,0.21838763718373505,0.3632347457200586,0.5907618279085876,False,False,False,False,False,False,False,False,supplementary,A2_T15
I_rare_batches_removed__knn__29_combat_ref__post0,I_rare_batches_removed,knn,29_combat_ref,False,0.7196196712088707,0.5526615780708287,0.27818511664243456,0.4886498884271379,0.5171177164408065,0.6982847815866241,0.8421613188767779,0.509779063587318,False,False,False,False,False,False,True,False,supplementary,A2_T15
I_rare_batches_removed__knn__29_combat_ref__post1,I_rare_batches_removed,knn,29_combat_ref,True,0.7258875983174836,0.5787512500941387,0.3464786682742187,0.4836320002679293,0.5279250980506315,0.6624235506078991,0.8309670810329512,0.5336873792384427,False,False,False,False,False,False,True,False,supplementary,A2_T15
I_rare_batches_removed__knn__31_ruv3prps__post0,I_rare_batches_removed,knn,31_ruv3prps,False,0.13691947220514009,0.2476824036480355,0.26506713645232094,0.2572959418175146,0.3003858853701495,0.25644343219893356,0.4880295248471152,0.2267412385307528,False,False,False,False,False,False,False,False,supplementary,A2_T15
I_rare_batches_removed__knn__31_ruv3prps__post1,I_rare_batches_removed,knn,31_ruv3prps,True,0.16219605813221236,0.2580705057193131,0.2760270618129307,0.2559066610591491,0.29962206643861317,0.2601342514318763,0.5545410972873726,0.2380500716809013,False,False,False,False,False,False,False,False,supplementary,A2_T15
I_rare_batches_removed__knn__20_shambhala__post0,I_rare_batches_removed,knn,20_shambhala,False,0.2389212744914608,0.34643629800153286,0.5236089278354802,0.3556428204021735,0.3090686549271498,0.7750218519831558,0.4383846665483032,0.36615233018266186,False,False,False,False,False,False,False,False,supplementary,A2_T15
I_rare_batches_removed__knn__20_shambhala__post1,I_rare_batches_removed,knn,20_shambhala,True,0.26281658932332636,0.3585506477344401,0.5314006726544664,0.3560876524748362,0.3074925603574668,0.7756317370784558,0.5717778822800685,0.3772138905467673,False,False,False,False,False,False,False,False,supplementary,A2_T15
I_rare_batches_removed__softimpute__01_raw__post0,I_rare_batches_removed,softimpute,01_raw,False,0.20317478323323507,0.2392069696226125,0.11571362925818852,0.2589182762335997,0.815203048029243,0.387915554808501,0.6978855143508641,0.20425341458690893,False,False,False,False,True,False,False,False,supplementary,A2_T15
I_rare_batches_removed__softimpute__01_raw__post1,I_rare_batches_removed,softimpute,01_raw,True,0.2231065841148668,0.2448131172708196,0.13041502298315388,0.2529548511541614,0.815203048029243,0.39222214672578637,0.7814771922618293,0.21282239388075042,False,False,False,False,True,False,True,False,supplementary,A2_T15
I_rare_batches_removed__softimpute__02_median_scaling__post0,I_rare_batches_removed,softimpute,02_median_scaling,False,0.6334881065919089,0.5750586748214352,0.42284221475978667,0.6085213581328909,0.6160032914013969,0.38112491189566977,0.296215368128465,0.5599775885765055,False,False,False,False,False,False,False,False,supplementary,A2_T15
I_rare_batches_removed__softimpute__02_median_scaling__post1,I_rare_batches_removed,softimpute,02_median_scaling,True,0.7466533782404571,0.636406200683805,0.4535928072602918,0.6529411756647422,0.5961203927422557,0.34569512776081396,0.3186410159073359,0.622398390462324,False,False,False,False,False,False,False,False,supplementary,A2_T15
I_rare_batches_removed__softimpute__03_limma__post0,I_rare_batches_removed,softimpute,03_limma,False,0.7564359365060519,0.517268050759742,0.4526704910197402,0.5369227939284882,0.6389788954228497,0.37003855708558986,0.4023926616231769,0.5658243180535056,False,False,False,False,False,False,False,False,supplementary,A2_T15
I_rare_batches_removed__softimpute__03_limma__post1,I_rare_batches_removed,softimpute,03_limma,True,0.7572663480644569,0.5112121185793583,0.4668986121818622,0.5255264974718585,0.6293139703339992,0.37045849634056105,0.3663067155548332,0.565225894074384,False,False,False,False,False,False,False,False,supplementary,A2_T15
I_rare_batches_removed__softimpute__05_combat__post0,I_rare_batches_removed,softimpute,05_combat,False,0.7042937407159832,0.4776216564321292,0.33671665726350625,0.5021631671103456,0.39219173588904577,0.3401322229234953,0.4933258395314068,0.5051988053804911,False,False,False,False,False,False,False,False,supplementary,A2_T15
I_rare_batches_removed__softimpute__05_combat__post1,I_rare_batches_removed,softimpute,05_combat,True,0.7129457943568924,0.4832947784879832,0.385700615884555,0.4901875843548179,0.4150426682721171,0.314218416570671,0.5222504188125554,0.5180321932710621,False,False,False,False,False,False,False,False,supplementary,A2_T15
I_rare_batches_removed__softimpute__06_combat_seq__post0,I_rare_batches_removed,softimpute,06_combat_seq,False,0.23082851591197898,0.25770953690357457,0.3461403669418923,0.2589175803257469,0.3219430405461814,0.38913639007643475,0.7367974691970075,0.2733990000207982,False,False,False,False,False,False,False,False,supplementary,A2_T15
I_rare_batches_removed__softimpute__07_pycombat__post0,I_rare_batches_removed,softimpute,07_pycombat,False,0.745898595196369,0.4973754389262251,0.4122728146335847,0.5125032369134174,0.6531445880661131,0.5594651421230503,0.4361121559204008,0.5420125214173991,False,False,False,False,False,False,False,False,supplementary,A2_T15
I_rare_batches_removed__softimpute__07_pycombat__post1,I_rare_batches_removed,softimpute,07_pycombat,True,0.7565556738954494,0.507723948555123,0.4042751190538526,0.5246468374896304,0.6564907867264886,0.5438067915441799,0.4361926185546174,0.5483003947485139,False,False,False,False,False,False,False,False,supplementary,A2_T15
I_rare_batches_removed__softimpute__08_inmoose_combatseq__post0,I_rare_batches_removed,softimpute,08_inmoose_combatseq,False,0.2311380119976639,0.2577294588618165,0.346091926803704,0.24296757567166172,0.3219430405461814,0.38913639007643475,0.7437825708026693,0.26948174333371155,False,False,False,False,False,False,False,False,supplementary,A2_T15
I_rare_batches_removed__softimpute__08_inmoose_combatseq__post1,I_rare_batches_removed,softimpute,08_inmoose_combatseq,True,0.2539323086745365,0.2695012757711552,0.3678276646414829,0.24017106143931935,0.3237558379180782,0.3902889667560345,0.7166712582840674,0.28285807763162346,False,False,False,False,False,False,False,False,supplementary,A2_T15
I_rare_batches_removed__softimpute__09_ruv__post0,I_rare_batches_removed,softimpute,09_ruv,False,0.5569061243781331,0.3922798932598468,0.571632990503346,0.38430907738573444,0.2749243324668289,0.3972050965553998,0.6743998857207633,0.4762820213817651,False,False,False,False,False,False,False,False,supplementary,A2_T15
I_rare_batches_removed__softimpute__09_ruv__post1,I_rare_batches_removed,softimpute,09_ruv,True,0.5480585858992214,0.4040271747955504,0.5987241885601258,0.3967561377138371,0.27663968450058135,0.3773134120821852,0.6634883004001427,0.48689152174218364,False,False,False,False,False,False,False,False,supplementary,A2_T15
I_rare_batches_removed__softimpute__10_mnn__post0,I_rare_batches_removed,softimpute,10_mnn,False,0.5148109931857632,0.6723319088552954,0.49471716195359333,0.6399455623239664,0.1854337971133953,0.814221581910385,0.5085772766861966,0.5804514065796545,False,False,False,False,False,True,False,False,supplementary,A2_T15
I_rare_batches_removed__softimpute__10_mnn__post1,I_rare_batches_removed,softimpute,10_mnn,True,0.5954564591806999,0.7165462880665382,0.49696956819073734,0.6184170632356141,0.18911370963391574,0.8086693800204845,0.43560734862912687,0.6068473446683973,False,False,False,False,False,True,False,False,supplementary,A2_T15
I_rare_batches_removed__softimpute__11_harmony__post0,I_rare_batches_removed,softimpute,11_harmony,False,0.4053840594991099,0.5235326516168757,0.21886469454769655,0.4624021418148859,0.19249587338090424,0.6424424043310044,0.35657553079267224,0.402545886869642,False,False,False,False,False,False,False,False,supplementary,A2_T15
I_rare_batches_removed__softimpute__11_harmony__post1,I_rare_batches_removed,softimpute,11_harmony,True,0.4103188693804999,0.520507995378908,0.21420037594711624,0.44652188893461675,0.19240102545434173,0.6439323129405952,0.3332164612015382,0.3978872824102852,False,False,False,False,False,False,False,False,supplementary,A2_T15
I_rare_batches_removed__softimpute__12_scanorama__post0,I_rare_batches_removed,softimpute,12_scanorama,False,0.45742950394989257,0.5689133979268485,0.38077045357234224,0.5073099932335092,0.07546305857299218,0.8043524485374176,0.5769868907338769,0.4786058371706481,False,False,False,False,False,True,False,False,supplementary,A2_T15
I_rare_batches_removed__softimpute__12_scanorama__post1,I_rare_batches_removed,softimpute,12_scanorama,True,0.36132299903522086,0.5348846273614032,0.37273835193136856,0.5426848857663271,0.07613008467664314,0.7975737444568031,0.5970313137690831,0.45290771602357993,False,False,False,False,False,True,False,False,supplementary,A2_T15
I_rare_batches_removed__softimpute__13_fsmvn__post0,I_rare_batches_removed,softimpute,13_fsmvn,False,0.7863225488337922,0.6336949474267465,0.5113841389359681,0.5241710627794366,0.6247504178189482,0.6342903578096795,0.38701212714704625,0.6138931744939858,True,False,False,False,False,False,False,False,supplementary,A2_T15
I_rare_batches_removed__softimpute__13_fsmvn__post1,I_rare_batches_removed,softimpute,13_fsmvn,True,0.7995994789392982,0.5459905047893787,0.47323780040100966,0.46278397025914125,0.67296959424211,0.7068244626538362,0.41330040777636706,0.5704029385972069,True,False,False,False,False,False,False,False,supplementary,A2_T15
I_rare_batches_removed__softimpute__14_qsmooth__post0,I_rare_batches_removed,softimpute,14_qsmooth,False,0.13175979249155176,0.19601866214490055,0.18648156119654277,0.2484839580335609,0.40862738615538224,0.3925969967437093,0.5586926303507661,0.190685993466639,False,False,False,False,False,False,False,False,supplementary,A2_T15
I_rare_batches_removed__softimpute__14_qsmooth__post1,I_rare_batches_removed,softimpute,14_qsmooth,True,0.15352029109610782,0.20781490639931124,0.20069911581734734,0.23294242439353316,0.4031759325026048,0.39638632283069897,0.7682380128056632,0.1987441844265749,False,False,False,False,False,False,False,False,supplementary,A2_T15
I_rare_batches_removed__softimpute__15_fsqn_py__post0,I_rare_batches_removed,softimpute,15_fsqn_py,False,0.4448559607935054,0.3411528183720492,0.3254197317198746,0.3937465404843412,0.3239755827630713,0.13668183449068894,0.3424536375811552,0.3762937628424426,False,False,False,False,False,False,False,False,supplementary,A2_T15
I_rare_batches_removed__softimpute__15_fsqn_py__post1,I_rare_batches_removed,softimpute,15_fsqn_py,True,0.435502772838345,0.34128593030262183,0.351950783562304,0.3806353338345011,0.3219013522927098,0.13668183449068894,0.30982071128476096,0.37734370513444304,False,False,False,False,False,False,False,False,supplementary,A2_T15
I_rare_batches_removed__softimpute__16_fsqn_r__post0,I_rare_batches_removed,softimpute,16_fsqn_r,False,0.7635597142192193,0.7396645405744,0.6787264400690947,0.636742791484821,0.5772395185488909,0.6331269958422996,0.40380966359875253,0.7046733715868838,False,False,False,False,False,False,False,False,supplementary,A2_T15
I_rare_batches_removed__softimpute__16_fsqn_r__post1,I_rare_batches_removed,softimpute,16_fsqn_r,True,0.7782018631274688,0.724186321353572,0.6794059798230827,0.6299393362907091,0.5704383819142055,0.6293764883860049,0.4370829348785696,0.7029333751487081,False,False,False,False,False,False,False,False,supplementary,A2_T15
I_rare_batches_removed__softimpute__17_quantile__post0,I_rare_batches_removed,softimpute,17_quantile,False,0.43505675242573,0.3404355656402987,0.4565357535997388,0.3767121109251607,0.3239755827630713,0.13668183449068894,0.33696800569917207,0.40218504564773205,False,False,False,False,False,False,False,False,supplementary,A2_T15
I_rare_batches_removed__softimpute__17_quantile__post1,I_rare_batches_removed,softimpute,17_quantile,True,0.4633100752021711,0.35934896385521126,0.4604416170516083,0.35706564614791286,0.31806385620906197,0.13668183449068894,0.5668486248790269,0.4100415755642259,False,False,False,False,False,False,False,False,supplementary,A2_T15
I_rare_batches_removed__softimpute__18_rank__post0,I_rare_batches_removed,softimpute,18_rank,False,0.4776076625974246,0.37122767133042617,0.3580744202909114,0.3558184333616877,0.4172834255766836,0.387915554808501,0.6273218168483627,0.39068204689511243,False,False,False,False,False,False,False,False,supplementary,A2_T15
I_rare_batches_removed__softimpute__18_rank__post1,I_rare_batches_removed,softimpute,18_rank,True,0.5058684553345579,0.378151024937717,0.362414886756206,0.3680253124474879,0.4100856031274425,0.39222214672578637,0.7895420499980739,0.40361491986899223,False,False,False,False,False,False,True,False,supplementary,A2_T15
I_rare_batches_removed__softimpute__19_tdm__post0,I_rare_batches_removed,softimpute,19_tdm,False,0.1802311008901609,0.27397787528337314,0.24641813942951174,0.23250443675088886,0.5222633260043598,0.3484722477671595,0.6539090881936437,0.23328288808848366,False,False,False,False,False,False,False,False,supplementary,A2_T15
I_rare_batches_removed__softimpute__19_tdm__post1,I_rare_batches_removed,softimpute,19_tdm,True,0.19911518313287482,0.2874265343993383,0.26147288687685205,0.2362210235703628,0.5207699086504793,0.3518379605969339,0.7280917619044406,0.246058906994857,False,False,False,False,False,False,False,False,supplementary,A2_T15
I_rare_batches_removed__softimpute__21_harmonizr__post0,I_rare_batches_removed,softimpute,21_harmonizr,False,0.6491945140091099,0.555377201855489,0.5054990388309194,0.4252489087692413,0.6240674627904222,0.29195203373457906,0.3319664902370266,0.5338299158661899,False,False,False,False,False,False,False,False,supplementary,A2_T15
I_rare_batches_removed__softimpute__21_harmonizr__post1,I_rare_batches_removed,softimpute,21_harmonizr,True,0.6620570881915683,0.5415859522543426,0.4881134420618223,0.41141941535398474,0.6178959452264844,0.2895930632401217,0.45307395876814566,0.5257939744654294,False,False,False,False,False,False,False,False,supplementary,A2_T15
I_rare_batches_removed__softimpute__25_angel__post0,I_rare_batches_removed,softimpute,25_angel,False,0.6917907607981622,0.6195276162375045,0.4394929475586567,0.491547552144246,0.34088238585496866,0.34443287792471355,0.7492689508711665,0.5605897191846423,False,False,False,False,False,False,False,False,supplementary,A2_T15
I_rare_batches_removed__softimpute__25_angel__post1,I_rare_batches_removed,softimpute,25_angel,True,0.701094069325321,0.6270609782693094,0.46817477874995067,0.4925510714697343,0.3475408460161146,0.3309276289248287,0.7112148343051976,0.5722202244535788,False,False,False,False,False,False,False,False,supplementary,A2_T15
I_rare_batches_removed__softimpute__26_xpn__post0,I_rare_batches_removed,softimpute,26_xpn,False,0.6389231106151972,0.6600763803246831,0.616781713861493,0.5384130312624231,0.5828417642499276,0.13668183449068894,0.3718281898331903,0.6135485590159491,False,False,False,False,False,False,False,False,supplementary,A2_T15
I_rare_batches_removed__softimpute__26_xpn__post1,I_rare_batches_removed,softimpute,26_xpn,True,0.6584318372107264,0.6496788752099353,0.6286451633316456,0.5661423090725849,0.5783665582607016,0.13668183449068894,0.32927050199457175,0.6257245462062231,False,False,False,False,False,False,False,False,supplementary,A2_T15
I_rare_batches_removed__softimpute__27_dwd__post0,I_rare_batches_removed,softimpute,27_dwd,False,0.20913104117405742,0.24179039571613348,0.1202824397787995,0.24400572262264358,0.7196374165646053,0.3924827708818777,0.6964537156980363,0.2038023998229085,False,False,False,False,False,False,False,False,supplementary,A2_T15
I_rare_batches_removed__softimpute__27_dwd__post1,I_rare_batches_removed,softimpute,27_dwd,True,0.22879055843548218,0.2561274178053044,0.13400349276884474,0.25217040766641985,0.7180263236324648,0.3961205016064227,0.7804500354194918,0.2177729691690128,False,False,False,False,False,False,True,False,supplementary,A2_T15
I_rare_batches_removed__softimpute__28_npn__post0,I_rare_batches_removed,softimpute,28_npn,False,0.7568386100139457,0.665207579415475,0.4636679589033195,0.5697393294372588,0.6273010916320998,0.20245192918792368,0.3926796859227945,0.6138633694424998,False,False,False,False,False,False,False,False,supplementary,A2_T15
I_rare_batches_removed__softimpute__28_npn__post1,I_rare_batches_removed,softimpute,28_npn,True,0.7588296111626343,0.6372902873597995,0.46293339905931563,0.5367506627994157,0.6217792363852518,0.2027156723939706,0.4274022555877704,0.5989509900952913,False,False,False,False,False,False,False,False,supplementary,A2_T15
I_rare_batches_removed__softimpute__29_combat_ref__post0,I_rare_batches_removed,softimpute,29_combat_ref,False,0.6899472411177999,0.5002945606986205,0.19820535379851287,0.458359906980435,0.3957632614141486,0.47111329624009674,0.8566933189739557,0.4617017656488421,False,False,False,False,False,False,True,False,supplementary,A2_T15
I_rare_batches_removed__softimpute__29_combat_ref__post1,I_rare_batches_removed,softimpute,29_combat_ref,True,0.7063926125986382,0.49024452645119526,0.27454145304094,0.47665492835978684,0.4109771814085692,0.4445187618025766,0.8514841437794878,0.48695838011264003,False,False,False,False,False,False,True,False,supplementary,A2_T15
I_rare_batches_removed__softimpute__31_ruv3prps__post0,I_rare_batches_removed,softimpute,31_ruv3prps,False,0.19215121898478585,0.24010247999777654,0.2182888806795922,0.23192406480149605,0.2930804266167795,0.28811290373713483,0.49802874504783917,0.22061666111591266,False,False,False,False,False,False,False,False,supplementary,A2_T15
I_rare_batches_removed__softimpute__31_ruv3prps__post1,I_rare_batches_removed,softimpute,31_ruv3prps,True,0.22198864315520292,0.2475495346524696,0.2266913183105751,0.21472091007715116,0.2920239746191306,0.2907631222500186,0.640968261467929,0.2277376015488497,False,False,False,False,False,False,False,False,supplementary,A2_T15
I_rare_batches_removed__softimpute__20_shambhala__post0,I_rare_batches_removed,softimpute,20_shambhala,False,0.3320278967257538,0.3558316125995746,0.4727347199680932,0.37270067617152514,0.313905421304056,0.13668183449068894,0.4855179544963347,0.3833237263662367,False,False,False,False,False,False,False,False,supplementary,A2_T15
I_rare_batches_removed__softimpute__20_shambhala__post1,I_rare_batches_removed,softimpute,20_shambhala,True,0.36479792093866215,0.3606233582093473,0.47863961484759127,0.36542255272173735,0.31154007843170267,0.13668183449068894,0.5823808701014318,0.39237086167933455,False,False,False,False,False,False,False,False,supplementary,A2_T15
I_rare_batches_removed__strict__01_raw__post0,I_rare_batches_removed,strict,01_raw,False,0.1262139283166037,0.2508616598857225,0.18303974635904724,0.25825189884978095,0.7997090299613664,0.4711493978113441,0.6773277561756492,0.2045918083527886,False,False,False,False,False,False,False,False,supplementary,A2_T15
I_rare_batches_removed__strict__01_raw__post1,I_rare_batches_removed,strict,01_raw,True,0.1521718213241165,0.25865601232754354,0.19938232156749958,0.24301821635206003,0.7997090299613664,0.47367169860376396,0.742526516626601,0.21330709289280492,False,False,False,False,False,False,False,False,supplementary,A2_T15
I_rare_batches_removed__strict__02_median_scaling__post0,I_rare_batches_removed,strict,02_median_scaling,False,0.4961019872755633,0.5937454790870705,0.566907755840029,0.5846438636846539,0.6068999639309436,0.4331165610532896,0.3687369086722156,0.5603497714718292,False,False,False,False,False,False,False,False,supplementary,A2_T15
I_rare_batches_removed__strict__02_median_scaling__post1,I_rare_batches_removed,strict,02_median_scaling,True,0.665297485738377,0.6703296005848631,0.6311999306046844,0.6678775234424618,0.5853690367227566,0.40022959011101794,0.37214957923049957,0.6586761350925966,False,False,False,False,False,False,False,False,supplementary,A2_T15
I_rare_batches_removed__strict__03_limma__post0,I_rare_batches_removed,strict,03_limma,False,0.6673656721283528,0.5585894037887704,0.6087427769761338,0.5616385183370688,0.6278238552276904,0.42422809304906056,0.37394377533075995,0.5990840928075815,False,False,False,False,False,False,False,False,supplementary,A2_T15
I_rare_batches_removed__strict__03_limma__post1,I_rare_batches_removed,strict,03_limma,True,0.6444940963931086,0.5513303014574293,0.5962744052948605,0.571501663524607,0.602944597706241,0.405957279034399,0.2908225231462811,0.5909001166675013,False,False,False,False,False,False,False,False,supplementary,A2_T15
I_rare_batches_removed__strict__04_sva__post0,I_rare_batches_removed,strict,04_sva,False,0.1503974063075064,0.25226623885309485,0.1860734221922076,0.2550276317119479,0.6520558479868465,0.4530786008988151,0.6784549479890066,0.21094117476618918,False,False,False,False,False,False,False,False,supplementary,A2_T15
I_rare_batches_removed__strict__04_sva__post1,I_rare_batches_removed,strict,04_sva,True,0.17635462747222172,0.26343750184967557,0.20355521563391046,0.2360660673293733,0.6515620737200268,0.4550277586908094,0.7423671751445354,0.21985335307129525,False,False,False,False,False,False,False,False,supplementary,A2_T15
I_rare_batches_removed__strict__05_combat__post0,I_rare_batches_removed,strict,05_combat,False,0.6280526952775953,0.5380636773690157,0.5260277622546039,0.4969749053859817,0.46651382032755806,0.35452472038243943,0.47950411111946506,0.5472797600717991,False,False,False,False,False,False,False,False,supplementary,A2_T15
I_rare_batches_removed__strict__05_combat__post1,I_rare_batches_removed,strict,05_combat,True,0.6249383564161168,0.544190991573151,0.5438727708508324,0.4882893263573036,0.5027874884465858,0.35288411443211143,0.48230027511533835,0.5503228612993509,False,False,False,False,False,False,False,False,supplementary,A2_T15
I_rare_batches_removed__strict__06_combat_seq__post0,I_rare_batches_removed,strict,06_combat_seq,False,0.1553553195462806,0.33725867152580796,0.3907265538750934,0.2798944041951925,0.35935058491675653,0.569645680494732,0.7905316344355048,0.29080873728559364,False,False,False,False,False,False,True,False,supplementary,A2_T15
I_rare_batches_removed__strict__06_combat_seq__post1,I_rare_batches_removed,strict,06_combat_seq,True,0.19386536546407143,0.36481300919116605,0.4185522420524292,0.2824351001142923,0.35850579969712887,0.5690593573358343,0.7492458733837499,0.3149164292054898,False,False,False,False,False,False,False,False,supplementary,A2_T15
I_rare_batches_removed__strict__07_pycombat__post0,I_rare_batches_removed,strict,07_pycombat,False,0.6414460511386165,0.5560980791896428,0.5321010678452996,0.5627531655880229,0.6432169811804546,0.6357122427063305,0.3856470836182185,0.5730995909403955,False,False,False,False,False,False,False,False,supplementary,A2_T15
I_rare_batches_removed__strict__07_pycombat__post1,I_rare_batches_removed,strict,07_pycombat,True,0.6460762545985494,0.5472013606393312,0.5176014450384208,0.5580473481026589,0.6373624985871239,0.6259294047474694,0.3955035813112627,0.5672316020947401,False,False,False,False,False,False,False,False,supplementary,A2_T15
I_rare_batches_removed__strict__08_inmoose_combatseq__post0,I_rare_batches_removed,strict,08_inmoose_combatseq,False,0.15548372131014546,0.33703112266961305,0.3910904486391534,0.2834891188207797,0.3592892162715376,0.5697085540309424,0.7904442398121674,0.29177360285992293,False,False,False,False,False,False,True,False,supplementary,A2_T15
I_rare_batches_removed__strict__08_inmoose_combatseq__post1,I_rare_batches_removed,strict,08_inmoose_combatseq,True,0.19393070105492446,0.36477019913251724,0.41891613681648915,0.2717780076676726,0.3584864647815021,0.569147785405419,0.7483796473968737,0.31234876116790083,False,False,False,False,False,False,False,False,supplementary,A2_T15
I_rare_batches_removed__strict__09_ruv__post0,I_rare_batches_removed,strict,09_ruv,False,0.3874828949809103,0.42402614146202994,0.6510084942124122,0.37715567271326017,0.2714065228471146,0.418476398143194,0.6992685605784286,0.4599183008421532,False,False,False,False,False,False,False,False,supplementary,A2_T15
I_rare_batches_removed__strict__09_ruv__post1,I_rare_batches_removed,strict,09_ruv,True,0.4498931087262896,0.42291940320545224,0.6534712916250262,0.39030651610813205,0.2676192625276376,0.39448766755456505,0.6856310444448163,0.47914757991622503,False,False,False,False,False,False,False,False,supplementary,A2_T15
I_rare_batches_removed__strict__10_mnn__post0,I_rare_batches_removed,strict,10_mnn,False,0.5223448626505636,0.6863470975439402,0.631978062890334,0.6776645707173921,0.0541640082104168,0.8036099305265957,0.4999982527372787,0.6295836484505575,False,False,False,False,False,True,False,False,supplementary,A2_T15
I_rare_batches_removed__strict__10_mnn__post1,I_rare_batches_removed,strict,10_mnn,True,0.5061863491085504,0.7393568544376641,0.6557266881228887,0.6526858592130833,0.05479153673455503,0.7910858063427236,0.44390919532901346,0.6384889377205467,False,False,False,False,False,True,False,False,supplementary,A2_T15
I_rare_batches_removed__strict__11_harmony__post0,I_rare_batches_removed,strict,11_harmony,False,0.2906957525641403,0.5710521673415747,0.27578300428579733,0.498631425648211,0.2241667411571474,0.6088913008521675,0.2351722013880386,0.4090405874599308,False,False,False,False,False,False,False,False,supplementary,A2_T15
I_rare_batches_removed__strict__11_harmony__post1,I_rare_batches_removed,strict,11_harmony,True,0.29900012144376076,0.5598668501885042,0.2654774447604676,0.4876173991685086,0.22584748160114768,0.6108074096249144,0.2632779838342428,0.4029904538903103,False,False,False,False,False,False,False,False,supplementary,A2_T15
I_rare_batches_removed__strict__12_scanorama__post0,I_rare_batches_removed,strict,12_scanorama,False,0.2171663900844598,0.5648548340566968,0.3965704466495588,0.47806919843226725,0.12896969375210424,0.7866295985353007,0.42207910965608475,0.4141652173057456,False,False,False,False,False,False,False,False,supplementary,A2_T15
I_rare_batches_removed__strict__12_scanorama__post1,I_rare_batches_removed,strict,12_scanorama,True,0.23725753893624935,0.5818497508227349,0.4398544471763183,0.4294207451107363,0.12903510956642655,0.7795435294068721,0.3873491780105591,0.42209562051150973,False,False,False,False,False,False,False,False,supplementary,A2_T15
I_rare_batches_removed__strict__13_fsmvn__post0,I_rare_batches_removed,strict,13_fsmvn,False,0.7281593966214839,0.6787555311950457,0.6186930025134433,0.49256137025912033,0.6095560343443022,0.6343412557384279,0.3559045706578083,0.6295423251472734,False,False,False,False,False,False,False,False,supplementary,A2_T15
I_rare_batches_removed__strict__13_fsmvn__post1,I_rare_batches_removed,strict,13_fsmvn,True,0.7357759444347803,0.6448043821822708,0.6279263014609945,0.4885468971732742,0.6028951998630951,0.6347854694850044,0.37758279752375473,0.62426338131283,False,False,False,False,False,False,False,False,supplementary,A2_T15
I_rare_batches_removed__strict__14_qsmooth__post0,I_rare_batches_removed,strict,14_qsmooth,False,0.08409084063201906,0.19473356871447095,0.2659484792480841,0.24948696499301035,0.4477940985215266,0.47127215806313455,0.6415030625144142,0.19856496339689614,False,False,False,False,False,False,False,False,supplementary,A2_T15
I_rare_batches_removed__strict__14_qsmooth__post1,I_rare_batches_removed,strict,14_qsmooth,True,0.10809272174984413,0.21166507030437576,0.2834818514351574,0.24591912598514437,0.43992907628769035,0.47364956775967954,0.7993407601265687,0.21228969236863043,False,False,False,False,False,False,True,False,supplementary,A2_T15
I_rare_batches_removed__strict__15_fsqn_py__post0,I_rare_batches_removed,strict,15_fsqn_py,False,0.37952794583866756,0.41480383904043977,0.4736791130007466,0.33796275109028046,0.4462258868504986,0.4574270137654434,0.6188204738273282,0.4014934122425336,False,False,False,False,False,False,False,False,supplementary,A2_T15
I_rare_batches_removed__strict__15_fsqn_py__post1,I_rare_batches_removed,strict,15_fsqn_py,True,0.4061142377079529,0.4386608660014272,0.48160900671572887,0.32733150745960266,0.4378087729461219,0.4598789691751637,0.770143776779262,0.41342890447117786,False,False,False,False,False,False,False,False,supplementary,A2_T15
I_rare_batches_removed__strict__16_fsqn_r__post0,I_rare_batches_removed,strict,16_fsqn_r,False,0.7163340900487227,0.7726397647881749,0.7434804869756406,0.6002323250174877,0.5850685449096573,0.5592640223978812,0.4052318541206127,0.7081716667075064,False,True,False,False,False,False,False,False,supplementary,A2_T15
I_rare_batches_removed__strict__16_fsqn_r__post1,I_rare_batches_removed,strict,16_fsqn_r,True,0.7242495171707996,0.7714801575819145,0.7417961844670674,0.6148684510648106,0.5760874525271867,0.5690805595440852,0.4262674329783782,0.713098577571148,False,True,False,False,False,False,False,False,supplementary,A2_T15
I_rare_batches_removed__strict__17_quantile__post0,I_rare_batches_removed,strict,17_quantile,False,0.3812614411244129,0.42013515906679016,0.5895454918932432,0.3448159666916308,0.4461249286037586,0.4571217942789327,0.6208053553179603,0.43393951469401926,False,False,False,False,False,False,False,False,supplementary,A2_T15
I_rare_batches_removed__strict__17_quantile__post1,I_rare_batches_removed,strict,17_quantile,True,0.407635921901195,0.44344060259553186,0.5960584029597534,0.3326886990000834,0.4377485081151871,0.45973448083471385,0.7652561207510952,0.4449559066141409,False,False,False,False,False,False,False,False,supplementary,A2_T15
I_rare_batches_removed__strict__18_rank__post0,I_rare_batches_removed,strict,18_rank,False,0.3854281049392906,0.39682152304937124,0.4896502227844705,0.365093792712704,0.4509272391743634,0.4711493978113441,0.6494812531927038,0.4092484108714591,False,False,False,False,False,False,False,False,supplementary,A2_T15
I_rare_batches_removed__strict__18_rank__post1,I_rare_batches_removed,strict,18_rank,True,0.41086083106658666,0.429736035546871,0.4967950870814251,0.3464637829178784,0.44443756715117044,0.47367169860376396,0.7747645342443021,0.42096393415319033,False,False,False,False,False,False,False,False,supplementary,A2_T15
I_rare_batches_removed__strict__21_harmonizr__post0,I_rare_batches_removed,strict,21_harmonizr,False,0.5815947856896346,0.5988546094553822,0.6427123576234187,0.4596050255020857,0.6077745673607923,0.307945182677484,0.2819124846090157,0.5706916945676302,False,False,False,False,False,False,False,False,supplementary,A2_T15
I_rare_batches_removed__strict__21_harmonizr__post1,I_rare_batches_removed,strict,21_harmonizr,True,0.5922187486923881,0.5899120223862672,0.6340095681563136,0.43675955400646416,0.6015089693258835,0.30688367536697897,0.3741285810344783,0.5632249733103583,False,False,False,False,False,False,False,False,supplementary,A2_T15
I_rare_batches_removed__strict__25_angel__post0,I_rare_batches_removed,strict,25_angel,False,0.6799486296601892,0.7117643463482932,0.5602440834806163,0.49118075517811066,0.3945557296329454,0.4517197571983671,0.7652633186997122,0.6107844536668023,False,False,False,False,False,False,False,False,supplementary,A2_T15
I_rare_batches_removed__strict__25_angel__post1,I_rare_batches_removed,strict,25_angel,True,0.6719005187634565,0.7086778727862765,0.5689428140185858,0.5099356648493253,0.39282117278424356,0.5035651093936266,0.7513043291937945,0.614864217604411,False,False,False,False,False,False,False,False,supplementary,A2_T15
I_rare_batches_removed__strict__26_xpn__post0,I_rare_batches_removed,strict,26_xpn,False,0.6301872454802043,0.7311541691712037,0.6801856766503092,0.5607852622229273,0.5772817584067437,0.5156508792457711,0.3230031341727223,0.6505780883811612,False,False,False,False,False,False,False,False,supplementary,A2_T15
I_rare_batches_removed__strict__26_xpn__post1,I_rare_batches_removed,strict,26_xpn,True,0.6491032942052339,0.755419796495293,0.6904837174845416,0.5764636211721118,0.5723203470344139,0.5163367529813871,0.2967298082014601,0.6678676073392951,False,False,False,False,False,False,False,False,supplementary,A2_T15
I_rare_batches_removed__strict__27_dwd__post0,I_rare_batches_removed,strict,27_dwd,False,0.12647925275688798,0.2509511854004942,0.1833528179671931,0.2568323313133892,0.7020310546609695,0.4712499279494657,0.6765825822208518,0.20440389685949112,False,False,False,False,False,False,False,False,supplementary,A2_T15
I_rare_batches_removed__strict__27_dwd__post1,I_rare_batches_removed,strict,27_dwd,True,0.15225320815572715,0.2587588971251099,0.19969539317564544,0.24202580456786396,0.7004701583416924,0.4737224700714372,0.742848932934852,0.21318332575608662,False,False,False,False,False,False,False,False,supplementary,A2_T15
I_rare_batches_removed__strict__28_npn__post0,I_rare_batches_removed,strict,28_npn,False,0.6887728649071349,0.6778309517924034,0.5206582804722871,0.5452538316586739,0.6085766801983671,0.23476180231504593,0.3652864233761424,0.6081289822076248,False,False,False,False,False,False,False,False,supplementary,A2_T15
I_rare_batches_removed__strict__28_npn__post1,I_rare_batches_removed,strict,28_npn,True,0.6993627966285105,0.6678308731816957,0.5071039156279427,0.5324444353326024,0.6099235210427447,0.23893348282013216,0.36677739705966184,0.6016855051926878,False,False,False,False,False,False,False,False,supplementary,A2_T15
I_rare_batches_removed__strict__29_combat_ref__post0,I_rare_batches_removed,strict,29_combat_ref,False,0.7184414758707324,0.5639906069328031,0.32665121150551824,0.48779860526830365,0.5141754577544375,0.7231785691640101,0.8817618813161374,0.5242204748943393,False,False,False,False,False,False,True,False,supplementary,A2_T15
I_rare_batches_removed__strict__29_combat_ref__post1,I_rare_batches_removed,strict,29_combat_ref,True,0.7255256997036843,0.5748393410753141,0.3710064197875138,0.47884920646629436,0.5192517693046462,0.7101960183620334,0.8752403986896448,0.5375551667582017,False,False,False,False,False,False,True,False,supplementary,A2_T15
I_rare_batches_removed__strict__31_ruv3prps__post0,I_rare_batches_removed,strict,31_ruv3prps,False,0.12663346374462361,0.25868368905471706,0.3412823765490614,0.25226410152886714,0.29003427857769176,0.27114328503521673,0.5622903833937849,0.24471590771931728,False,False,False,False,False,False,False,False,supplementary,A2_T15
I_rare_batches_removed__strict__31_ruv3prps__post1,I_rare_batches_removed,strict,31_ruv3prps,True,0.14943359232352596,0.26186923780371524,0.3523202006578874,0.2507739422767896,0.2894672513839909,0.27372040645586304,0.6472617006254854,0.25359924326547956,False,False,False,False,False,False,False,False,supplementary,A2_T15
I_rare_batches_removed__strict__20_shambhala__post0,I_rare_batches_removed,strict,20_shambhala,False,0.2547681594127183,0.3680940812961151,0.5826818015664433,0.3330360462746095,0.30064108713923604,0.7817083599299827,0.49581510017827685,0.38464502213747154,False,False,False,False,False,False,False,False,supplementary,A2_T15
I_rare_batches_removed__strict__20_shambhala__post1,I_rare_batches_removed,strict,20_shambhala,True,0.28121923231660917,0.37143387077654594,0.5929536294041409,0.3296248074695134,0.29776592029954607,0.7822843789290634,0.6257830089846099,0.39380788499170233,False,False,False,False,False,False,False,False,supplementary,A2_T15
J_ff_only__knn__01_raw__post0,J_ff_only,knn,01_raw,False,0.32418355652291625,0.37136252930308994,0.3062551008962719,0.5203870224695676,0.8015504070265572,0.579932309354883,0.33866790586654155,0.3805470522979614,False,False,False,False,False,False,False,False,supplementary,A2_T15
J_ff_only__knn__01_raw__post1,J_ff_only,knn,01_raw,True,0.3372598978025104,0.3479120594848318,0.32492503850996884,0.525221663249639,0.8030255433495003,0.5899166785292741,0.4162546593435721,0.3838296647617375,False,False,False,False,False,False,False,False,supplementary,A2_T15
J_ff_only__knn__02_median_scaling__post0,J_ff_only,knn,02_median_scaling,False,0.7195543924428639,0.60812590246419,0.7140913260541899,0.7482231491433141,0.5488041192240626,0.434682418526997,0.17601152108962764,0.6974986925261395,False,False,False,True,False,False,False,False,supplementary,A2_T15
J_ff_only__knn__02_median_scaling__post1,J_ff_only,knn,02_median_scaling,True,0.7390167704803066,0.5854885228571874,0.7463891813937725,0.7535901295478465,0.5421811348533384,0.4444191551859704,0.16793814478438093,0.7061211510697784,False,False,False,True,False,False,False,False,supplementary,A2_T15
J_ff_only__knn__03_limma__post0,J_ff_only,knn,03_limma,False,0.8265224160800982,0.5529319162531185,0.7335687149863994,0.7624047087154335,0.5665721595231428,0.47532054020365333,0.23713054785086682,0.7188569390087625,True,False,False,True,False,False,False,False,supplementary,A2_T15
J_ff_only__knn__03_limma__post1,J_ff_only,knn,03_limma,True,0.8280711750074078,0.5444694666097417,0.7135308310895097,0.7776546996289059,0.5702232123052009,0.4668686575091102,0.22612989937130432,0.7159315430838913,True,False,False,True,False,False,False,False,supplementary,A2_T15
J_ff_only__knn__04_sva__post0,J_ff_only,knn,04_sva,False,0.3475080222559274,0.4019104736963141,0.3107223293704712,0.5276474888066195,0.6196619678582407,0.5594064954683621,0.2806876794354067,0.396947078532333,False,False,False,False,False,False,False,False,supplementary,A2_T15
J_ff_only__knn__04_sva__post1,J_ff_only,knn,04_sva,True,0.363624468966314,0.39474923770096576,0.32820280901753845,0.515668486386245,0.6165529084255692,0.5673721083531102,0.35779177583594785,0.4005612505177658,False,False,False,False,False,False,False,False,supplementary,A2_T15
J_ff_only__knn__05_combat__post0,J_ff_only,knn,05_combat,False,0.6893360248918885,0.6101098894280439,0.6087543992445539,0.7321023089992011,0.4754243331444598,0.6416837207674057,0.8185208092501781,0.6600756556409219,False,False,False,True,False,False,True,False,supplementary,A2_T15
J_ff_only__knn__05_combat__post1,J_ff_only,knn,05_combat,True,0.6926050557256006,0.6073615563562642,0.6203785150398563,0.719934094159923,0.47217283089179934,0.6405981449208061,0.8614325793827989,0.660069805320411,False,False,False,True,False,False,True,False,supplementary,A2_T15
J_ff_only__knn__06_combat_seq__post0,J_ff_only,knn,06_combat_seq,False,0.35554061280360433,0.4107849318913075,0.5691494555942365,0.6055413298950794,0.33823427278051627,0.7229716734830676,0.729689205427547,0.4852540825460569,False,False,False,False,False,False,False,False,supplementary,A2_T15
J_ff_only__knn__06_combat_seq__post1,J_ff_only,knn,06_combat_seq,True,0.37036798429510154,0.38380698494884913,0.5913731386589824,0.5887686881219693,0.3413932555108248,0.7199430232687573,0.7601666805405383,0.4835791990062256,False,False,False,False,False,False,False,False,supplementary,A2_T15
J_ff_only__knn__07_pycombat__post0,J_ff_only,knn,07_pycombat,False,0.7751958057012504,0.5329339553041945,0.6790049696633911,0.7752519532871117,0.5906230712479427,0.740249334112606,0.3283638882961934,0.6905966709889869,False,False,False,True,False,False,False,False,supplementary,A2_T15
J_ff_only__knn__07_pycombat__post1,J_ff_only,knn,07_pycombat,True,0.7761401967667443,0.524418026000964,0.6558990123333762,0.763653859499164,0.5867230838644143,0.7397970839506672,0.3243006515185819,0.6800277736500622,False,False,False,True,False,False,False,False,supplementary,A2_T15
J_ff_only__knn__08_inmoose_combatseq__post0,J_ff_only,knn,08_inmoose_combatseq,False,0.355379515052391,0.41083323727434096,0.5690196286244374,0.6100106168721482,0.33823427278051627,0.7229716734830676,0.7304751427813257,0.48631074945582936,False,False,False,False,False,False,False,False,supplementary,A2_T15
J_ff_only__knn__08_inmoose_combatseq__post1,J_ff_only,knn,08_inmoose_combatseq,True,0.3702068865438883,0.38385529033188254,0.5912433116891835,0.616595404086461,0.3413932555108248,0.7199430232687573,0.7600866837404103,0.49047522316285386,False,False,False,False,False,False,False,False,supplementary,A2_T15
J_ff_only__knn__09_ruv__post0,J_ff_only,knn,09_ruv,False,0.5509145073256018,0.5926594566757943,0.7045952917205663,0.6333461070855392,0.25908527207422777,0.4425311325907926,0.29892537891901544,0.6203788407018753,False,False,False,False,False,False,False,False,supplementary,A2_T15
J_ff_only__knn__09_ruv__post1,J_ff_only,knn,09_ruv,True,0.5526881890398558,0.5736803132738467,0.700532146021768,0.6213525044635536,0.2586376445003692,0.4415981439410917,0.31482214216501264,0.612063288199756,False,False,False,False,False,False,False,False,supplementary,A2_T15
J_ff_only__knn__10_mnn__post0,J_ff_only,knn,10_mnn,False,0.6412183075398578,0.7595006009419212,0.7926443074976671,0.8139472502224082,0.20574186668923566,0.82556610636855,0.5950601874435186,0.7518276165504636,False,False,False,True,False,True,False,True,supplementary,A2_T15
J_ff_only__knn__10_mnn__post1,J_ff_only,knn,10_mnn,True,0.670084252473947,0.7464345658016902,0.7871921616644951,0.8557016726328578,0.2019026097482817,0.8274176278805958,0.6451864067353943,0.7648531631432475,False,False,False,True,False,True,False,True,supplementary,A2_T15
J_ff_only__knn__11_harmony__post0,J_ff_only,knn,11_harmony,False,0.34520850409016557,0.5296272452138122,0.45241392853829443,0.6485718490532828,0.23514032165923726,0.6658388558312408,0.29717487944320153,0.49395538172388875,False,False,False,False,False,False,False,False,supplementary,A2_T15
J_ff_only__knn__11_harmony__post1,J_ff_only,knn,11_harmony,True,0.35045884859651183,0.48323277845723894,0.4489301576107412,0.648545277442915,0.2368008966539514,0.6713424798941245,0.35383878639830785,0.4827917655268517,False,False,False,False,False,False,False,False,supplementary,A2_T15
J_ff_only__knn__12_scanorama__post0,J_ff_only,knn,12_scanorama,False,0.30038885231149703,0.523553585549858,0.519633786739248,0.6066316070377494,0.10225109604554371,0.7986435083116448,0.33736918512301894,0.48755195790958816,False,False,False,False,False,True,False,False,supplementary,A2_T15
J_ff_only__knn__12_scanorama__post1,J_ff_only,knn,12_scanorama,True,0.30293133021797675,0.5131454881680251,0.508546591492255,0.6061307876433942,0.12342007989948191,0.7897711843864094,0.40314204464058134,0.48268854938041283,False,False,False,False,False,False,False,False,supplementary,A2_T15
J_ff_only__knn__13_fsmvn__post0,J_ff_only,knn,13_fsmvn,False,0.8069073657924454,0.7256724599487485,0.7411146484419082,0.8074507323941703,0.562562228607236,0.6103867948223729,0.3384757265642002,0.7702863016443181,True,False,False,True,False,False,False,True,supplementary,A2_T15
J_ff_only__knn__13_fsmvn__post1,J_ff_only,knn,13_fsmvn,True,0.8019272214356832,0.7314546934256919,0.768992235550148,0.796326650455968,0.5575253672674372,0.6069274471850034,0.2744638666835952,0.7746752002168726,True,False,False,True,False,False,False,True,supplementary,A2_T15
J_ff_only__knn__14_qsmooth__post0,J_ff_only,knn,14_qsmooth,False,0.23378813968755274,0.31696133863147496,0.39081659108933126,0.48032181210374447,0.401439775796185,0.5717263027324854,0.38037196386061445,0.35547197037802586,False,False,False,False,False,False,False,False,supplementary,A2_T15
J_ff_only__knn__14_qsmooth__post1,J_ff_only,knn,14_qsmooth,True,0.2310370413378134,0.3094812037966297,0.40454741561949115,0.4549441310135676,0.4103549239341353,0.586982016820103,0.45485422216347104,0.35000244794187546,False,False,False,False,False,False,False,False,supplementary,A2_T15
J_ff_only__knn__15_fsqn_py__post0,J_ff_only,knn,15_fsqn_py,False,0.4207061036970987,0.4283856708548142,0.5223019797287368,0.5513855840667984,0.4216659142801476,0.5625693340550906,0.4387022575429599,0.480694834586862,False,False,False,False,False,False,False,False,supplementary,A2_T15
J_ff_only__knn__15_fsqn_py__post1,J_ff_only,knn,15_fsqn_py,True,0.4261823065038305,0.4370566313029057,0.524680980827971,0.53759777847938,0.41621408451184827,0.5540899009649635,0.4391716231554034,0.48137942427852176,False,False,False,False,False,False,False,False,supplementary,A2_T15
J_ff_only__knn__16_fsqn_r__post0,J_ff_only,knn,16_fsqn_r,False,0.7261007439358934,0.7525105707131414,0.7897264844526969,0.7992220106896112,0.5475243330300265,0.47914340762521135,0.35572139316223966,0.7668899524478358,False,False,False,True,False,False,False,True,supplementary,A2_T15
J_ff_only__knn__16_fsqn_r__post1,J_ff_only,knn,16_fsqn_r,True,0.7267910691032059,0.7474964121405566,0.7793760713875159,0.7954157317152377,0.5451770243260355,0.4800925484211896,0.3274472124851123,0.762269821086629,False,False,False,True,False,False,False,True,supplementary,A2_T15
J_ff_only__knn__17_quantile__post0,J_ff_only,knn,17_quantile,False,0.42033525070715616,0.40819996201386644,0.6243400515214298,0.5653182871868607,0.42162444557156903,0.5626791813907537,0.4320864891134117,0.5045483878573283,False,False,False,False,False,False,False,False,supplementary,A2_T15
J_ff_only__knn__17_quantile__post1,J_ff_only,knn,17_quantile,True,0.4263761370504627,0.4380316289489111,0.6275191466337326,0.5302956011184304,0.41615226909536707,0.55403844244158,0.4236279113208577,0.5055556284378843,False,False,False,False,False,False,False,False,supplementary,A2_T15
J_ff_only__knn__18_rank__post0,J_ff_only,knn,18_rank,False,0.4148956738664863,0.41420933768609886,0.5576611783518135,0.5776030440483004,0.4274204766467569,0.579932309354883,0.3584601612210305,0.49109230848817476,False,False,False,False,False,False,False,False,supplementary,A2_T15
J_ff_only__knn__18_rank__post1,J_ff_only,knn,18_rank,True,0.41796727805247713,0.4135988304483745,0.5603096607918543,0.5650820464163512,0.4211310941838528,0.5735845427110406,0.3575699899589978,0.4892394539272643,False,False,False,False,False,False,False,False,supplementary,A2_T15
J_ff_only__knn__19_tdm__post0,J_ff_only,knn,19_tdm,False,0.3194767041527642,0.37225690971307435,0.35228199476294586,0.5530147451159914,0.5144211751754939,0.5477335079611808,0.37874014061349437,0.39925758843619397,False,False,False,False,False,False,False,False,supplementary,A2_T15
J_ff_only__knn__19_tdm__post1,J_ff_only,knn,19_tdm,True,0.33381294402381595,0.36199344931801125,0.37111101215890785,0.5688511991189703,0.5120712907549012,0.5566512831319365,0.40150668571946746,0.4089421511549264,False,False,False,False,False,False,False,False,supplementary,A2_T15
J_ff_only__knn__21_harmonizr__post0,J_ff_only,knn,21_harmonizr,False,0.7446522844537737,0.7123461627494686,0.7761638120398303,0.7982454650831917,0.6931758717763837,0.41406526700606333,0.3373825651227179,0.7578519310815661,False,False,False,True,False,False,False,True,supplementary,A2_T15
J_ff_only__knn__21_harmonizr__post1,J_ff_only,knn,21_harmonizr,True,0.7445303648335528,0.7108335282016487,0.7505835148928971,0.7731140959241858,0.6914404845237772,0.4139649705205413,0.2935758840316597,0.744765375963071,False,False,False,True,False,False,False,True,supplementary,A2_T15
J_ff_only__knn__25_angel__post0,J_ff_only,knn,25_angel,False,0.6642404191405363,0.7091412360715039,0.6326338578456491,0.6599223109276001,0.4077887197851388,0.5421621326282404,0.5535884928424427,0.6664844559963223,False,False,False,False,False,False,False,False,supplementary,A2_T15
J_ff_only__knn__25_angel__post1,J_ff_only,knn,25_angel,True,0.6708741129683359,0.7169788905638944,0.6415419454470063,0.6582599608860739,0.40795658012533564,0.5414554308672272,0.5443973926079051,0.6719137274663276,False,False,False,False,False,False,False,False,supplementary,A2_T15
J_ff_only__knn__26_xpn__post0,J_ff_only,knn,26_xpn,False,0.7032338090965129,0.7480251848491503,0.7661389611288204,0.782356417506326,0.5424455274221516,0.45207453132915565,0.30904619989883236,0.7499385931452024,False,False,False,True,False,False,False,True,supplementary,A2_T15
J_ff_only__knn__26_xpn__post1,J_ff_only,knn,26_xpn,True,0.703540460626274,0.7529126042631751,0.7861022897877508,0.7816046910533787,0.5401568671692836,0.4528307615990539,0.3057873166450546,0.7560400114326447,False,False,False,True,False,False,False,True,supplementary,A2_T15
J_ff_only__knn__27_dwd__post0,J_ff_only,knn,27_dwd,False,0.3240757076200096,0.37134271904056815,0.30644215676219877,0.5206594885457219,0.6957040973664291,0.5802581039063224,0.33778828814809964,0.3806300179921246,False,False,False,False,False,False,False,False,supplementary,A2_T15
J_ff_only__knn__27_dwd__post1,J_ff_only,knn,27_dwd,True,0.33741748310251246,0.3478496180247997,0.3249212272823888,0.5423470855060158,0.6938068299931258,0.5903267796142327,0.41646725272071466,0.38813385347892926,False,False,False,False,False,False,False,False,supplementary,A2_T15
J_ff_only__knn__28_npn__post0,J_ff_only,knn,28_npn,False,0.7232658358992344,0.6917585172425067,0.6038541727671523,0.7874776410037851,0.5628410013319434,0.2242227129826692,0.37323176504225014,0.7015890417281696,False,False,False,True,False,False,False,False,supplementary,A2_T15
J_ff_only__knn__28_npn__post1,J_ff_only,knn,28_npn,True,0.7229060823430643,0.6908794824675656,0.5818365760599906,0.7648030286271352,0.5600771526628523,0.22365323194403505,0.33714495207866313,0.690106292374439,False,False,False,True,False,False,False,False,supplementary,A2_T15
J_ff_only__knn__29_combat_ref__post0,J_ff_only,knn,29_combat_ref,False,0.6769997851865003,0.5710491393829262,0.4471734021787029,0.7341381794442705,0.506645196855555,0.7259188200444365,0.8428267799189667,0.6073401265481,False,False,False,True,False,False,True,False,supplementary,A2_T15
J_ff_only__knn__29_combat_ref__post1,J_ff_only,knn,29_combat_ref,True,0.6800728417153726,0.572313243425129,0.4452685417371675,0.728961560298019,0.5034420277484626,0.7251085210530707,0.8848297142868098,0.6066540467939221,False,False,False,True,False,False,True,False,supplementary,A2_T15
J_ff_only__knn__31_ruv3prps__post0,J_ff_only,knn,31_ruv3prps,False,0.29962604728611625,0.3829240488490327,0.3671177207792827,0.49101496243319265,0.283764063681498,0.33341774961277193,0.3744556718154892,0.385170694836906,False,False,False,False,False,False,False,False,supplementary,A2_T15
J_ff_only__knn__31_ruv3prps__post1,J_ff_only,knn,31_ruv3prps,True,0.35547606204382615,0.4257968601940335,0.3741200963024491,0.49453174678646,0.2831868527707732,0.3465753824859517,0.5836074431008814,0.4124811913316922,False,False,False,False,False,False,False,False,supplementary,A2_T15
J_ff_only__knn__33_amdbnorm__post0,J_ff_only,knn,33_amdbnorm,False,0.7588920715545473,0.6581384524666625,0.7881449739053672,0.8044875673898234,0.4086834320220372,0.6171800389884392,0.39799399169444355,0.7524157663291001,False,False,False,True,False,False,False,True,supplementary,A2_T15
J_ff_only__knn__33_amdbnorm__post1,J_ff_only,knn,33_amdbnorm,True,0.7822885650604754,0.6261213572794702,0.766237759023552,0.8343318336750947,0.3810237631069855,0.6664757929259684,0.46338875906626226,0.7522448787596481,False,False,False,True,False,False,False,True,supplementary,A2_T15
J_ff_only__knn__20_shambhala__post0,J_ff_only,knn,20_shambhala,False,0.4325918875833097,0.449068013143174,0.566620677099025,0.6115106190331034,0.34142369699325364,0.7819442462602714,0.4777030571340689,0.5149477992146531,False,False,False,False,False,False,False,False,supplementary,A2_T15
J_ff_only__knn__20_shambhala__post1,J_ff_only,knn,20_shambhala,True,0.44345884543458747,0.45286799413202605,0.585356863325957,0.5754993905460449,0.3376269523516974,0.7740226304823213,0.40466373017307555,0.5142957733596539,False,False,False,False,False,False,False,False,supplementary,A2_T15
J_ff_only__softimpute__01_raw__post0,J_ff_only,softimpute,01_raw,False,0.32254456155539823,0.36883622129426247,0.3013069716908351,0.5121598198633218,0.8015504070265572,0.5797211211063887,0.3126853185706994,0.3762118936009544,False,False,False,False,False,False,False,False,supplementary,A2_T15
J_ff_only__softimpute__01_raw__post1,J_ff_only,softimpute,01_raw,True,0.3354065649788278,0.34631457208209265,0.3196482883070208,0.5302351765490853,0.8030255433495003,0.5894296391873183,0.42250941160682937,0.38290115047925666,False,False,False,False,False,False,False,False,supplementary,A2_T15
J_ff_only__softimpute__02_median_scaling__post0,J_ff_only,softimpute,02_median_scaling,False,0.7188862034056874,0.6083113026992105,0.7123257271582336,0.7378872505773987,0.5487222856211896,0.43496992221919645,0.16885744116155132,0.6943526209601325,False,False,False,True,False,False,False,False,supplementary,A2_T15
J_ff_only__softimpute__02_median_scaling__post1,J_ff_only,softimpute,02_median_scaling,True,0.7382407325402235,0.5850102870452706,0.7453041235233046,0.7664716299290192,0.5420993012504655,0.4447317974102988,0.16432719902312987,0.7087566932594545,False,False,False,True,False,False,False,False,supplementary,A2_T15
J_ff_only__softimpute__03_limma__post0,J_ff_only,softimpute,03_limma,False,0.803600701065331,0.5547538244338124,0.7319246614407325,0.7709411446849782,0.5664903259202698,0.47698258412863975,0.23640816766330963,0.7153050829062135,True,False,False,True,False,False,False,False,supplementary,A2_T15
J_ff_only__softimpute__03_limma__post1,J_ff_only,softimpute,03_limma,True,0.8202463405763113,0.5499432391091157,0.7279516006593872,0.761381161575477,0.5625435035212338,0.4755234945632686,0.28666877732522655,0.7148805854800728,True,False,False,True,False,False,False,False,supplementary,A2_T15
J_ff_only__softimpute__04_sva__post0,J_ff_only,softimpute,04_sva,False,0.3465238316676531,0.40013358448083847,0.3025543586295092,0.5346803540224538,0.6181974516605114,0.5596346344369963,0.2758076488572204,0.39597303220011365,False,False,False,False,False,False,False,False,supplementary,A2_T15
J_ff_only__softimpute__04_sva__post1,J_ff_only,softimpute,04_sva,True,0.3621845644788899,0.39417578872311054,0.3197566106285156,0.5401725677191753,0.615109632478267,0.5674135237620759,0.347426331229713,0.40407238288742287,False,False,False,False,False,False,False,False,supplementary,A2_T15
J_ff_only__softimpute__06_combat_seq__post0,J_ff_only,softimpute,06_combat_seq,False,0.35128356823451273,0.4021923640655132,0.5634941729904385,0.5844442390889371,0.3362519273235449,0.7223806005475197,0.6363557457016252,0.47535358609485034,False,False,False,False,False,False,False,False,supplementary,A2_T15
J_ff_only__softimpute__06_combat_seq__post1,J_ff_only,softimpute,06_combat_seq,True,0.36658614665435835,0.38057430146496973,0.5864399222147557,0.6033663042991115,0.3393189030970291,0.7194845937716043,0.6724278528084047,0.4842416686582989,False,False,False,False,False,False,False,False,supplementary,A2_T15
J_ff_only__softimpute__07_pycombat__post0,J_ff_only,softimpute,07_pycombat,False,0.7740224177520731,0.5605250589410379,0.6730646619322015,0.7463966656593539,0.5886302239155091,0.740850133693237,0.28119703511199684,0.6885022010711666,False,False,False,True,False,False,False,False,supplementary,A2_T15
J_ff_only__softimpute__07_pycombat__post1,J_ff_only,softimpute,07_pycombat,True,0.7816960229572651,0.5339704948160913,0.6741326891440651,0.7609251076228709,0.5835425931046515,0.7407915211215319,0.31282318865966596,0.6876810786350731,False,False,False,True,False,False,False,False,supplementary,A2_T15
J_ff_only__softimpute__08_inmoose_combatseq__post0,J_ff_only,softimpute,08_inmoose_combatseq,False,0.35144466598572605,0.40223348992679014,0.5636239999602374,0.6168395156363994,0.3362519273235449,0.7223806005475197,0.6368465849094032,0.48353541787728826,False,False,False,False,False,False,False,False,supplementary,A2_T15
J_ff_only__softimpute__08_inmoose_combatseq__post1,J_ff_only,softimpute,08_inmoose_combatseq,True,0.36684671719976236,0.3805686272794467,0.5865697491845545,0.6251577829628908,0.3393189030970291,0.7194845937716043,0.6728088944408998,0.4897857191566636,False,False,False,False,False,False,False,False,supplementary,A2_T15
J_ff_only__softimpute__09_ruv__post0,J_ff_only,softimpute,09_ruv,False,0.5454388004358413,0.5904182732963343,0.7001269098490052,0.6226181515127924,0.2587999713923282,0.44315802963137063,0.3255287238541485,0.6146505337734933,False,False,False,False,False,False,False,False,supplementary,A2_T15
J_ff_only__softimpute__09_ruv__post1,J_ff_only,softimpute,09_ruv,True,0.5468297022010458,0.5708551003696426,0.6956664743052478,0.6022392856264028,0.2582913036947616,0.44216559440423636,0.3411127066170288,0.6038976406255847,False,False,False,False,False,False,False,False,supplementary,A2_T15
J_ff_only__softimpute__10_mnn__post0,J_ff_only,softimpute,10_mnn,False,0.6420884447154005,0.7813727725635871,0.7868717875338157,0.8168411227733118,0.08065711703192507,0.8230226190002776,0.5985706120462784,0.7567935318965288,False,True,False,True,False,True,False,True,supplementary,A2_T15
J_ff_only__softimpute__10_mnn__post1,J_ff_only,softimpute,10_mnn,True,0.6859724282547857,0.7657715449818241,0.7781748120684469,0.855258408231854,0.0796549824130887,0.8259205296768644,0.58858017295356,0.7712942983842277,False,True,False,True,False,True,False,True,supplementary,A2_T15
J_ff_only__softimpute__11_harmony__post0,J_ff_only,softimpute,11_harmony,False,0.34428325695879625,0.5219228161321774,0.44992894198487937,0.6596027349718873,0.23588227736224912,0.6652065220912825,0.29307723945106845,0.4939344375119351,False,False,False,False,False,False,False,False,supplementary,A2_T15
J_ff_only__softimpute__11_harmony__post1,J_ff_only,softimpute,11_harmony,True,0.34981256521769627,0.47581325298761035,0.4465777272654527,0.6448489128485044,0.23803573308125833,0.6707540576478984,0.34853855581419857,0.47926311457981596,False,False,False,False,False,False,False,False,supplementary,A2_T15
J_ff_only__softimpute__12_scanorama__post0,J_ff_only,softimpute,12_scanorama,False,0.47993578169735535,0.5671779304596717,0.5263437640543797,0.616415220877637,0.0932166197739213,0.8026966653960257,0.24087851290201573,0.5474681742722609,False,False,False,False,False,True,False,False,supplementary,A2_T15
J_ff_only__softimpute__12_scanorama__post1,J_ff_only,softimpute,12_scanorama,True,0.4725638170312151,0.5814738233156733,0.5236449252225934,0.5978929582942124,0.09174849534116908,0.8032231716804519,0.29523582110612695,0.5438938809659236,False,False,False,False,False,True,False,False,supplementary,A2_T15
J_ff_only__softimpute__13_fsmvn__post0,J_ff_only,softimpute,13_fsmvn,False,0.779357044316608,0.723422491457874,0.7406468717285811,0.8103613842191847,0.5624799482331008,0.610537421230018,0.3367428250354952,0.763446947930562,False,False,False,True,False,False,False,True,supplementary,A2_T15
J_ff_only__softimpute__13_fsmvn__post1,J_ff_only,softimpute,13_fsmvn,True,0.7975120482130817,0.7079074223980042,0.7353181237523093,0.7960410104358892,0.5600679435763684,0.6108966687034125,0.4152972469664172,0.7591946511998211,True,False,False,True,False,False,False,True,supplementary,A2_T15
J_ff_only__softimpute__14_qsmooth__post0,J_ff_only,softimpute,14_qsmooth,False,0.23131890300130842,0.3170694781795867,0.37903240735630683,0.49016876800698905,0.39824632822000017,0.5713057585526459,0.4501188505158577,0.3543973891360478,False,False,False,False,False,False,False,False,supplementary,A2_T15
J_ff_only__softimpute__14_qsmooth__post1,J_ff_only,softimpute,14_qsmooth,True,0.22832884998110142,0.31121035480247156,0.3926981551895123,0.4654839112520514,0.40778449507705256,0.5868127242143687,0.5072374015543611,0.3494303178062842,False,False,False,False,False,False,False,False,supplementary,A2_T15
J_ff_only__softimpute__15_fsqn_py__post0,J_ff_only,softimpute,15_fsqn_py,False,0.4148072761678392,0.4258666576307474,0.5124774992958746,0.5512919410452964,0.42162003815161386,0.5620965751876675,0.46462083519470254,0.4761108435349394,False,False,False,False,False,False,False,False,supplementary,A2_T15
J_ff_only__softimpute__15_fsqn_py__post1,J_ff_only,softimpute,15_fsqn_py,True,0.42113820478500225,0.43603469672229134,0.5162053071161286,0.5585389935287675,0.41654600488571386,0.5535431792900181,0.464148208011792,0.4829793005380474,False,False,False,False,False,False,False,False,supplementary,A2_T15
J_ff_only__softimpute__16_fsqn_r__post0,J_ff_only,softimpute,16_fsqn_r,False,0.7262878009643479,0.7521040226787085,0.7863929560515577,0.7924144532580909,0.5458758029186487,0.47921872082903394,0.3531173395032714,0.7642998082381762,False,False,False,True,False,False,False,True,supplementary,A2_T15
J_ff_only__softimpute__16_fsqn_r__post1,J_ff_only,softimpute,16_fsqn_r,True,0.7269213648321426,0.7468545855751908,0.7766119289719939,0.7927019131743195,0.543569187630463,0.48014365748793786,0.32423676471770124,0.7607724481384117,False,False,False,True,False,False,False,True,supplementary,A2_T15
J_ff_only__softimpute__17_quantile__post0,J_ff_only,softimpute,17_quantile,False,0.414365070905865,0.43056478062585135,0.6188558827029828,0.5543420120091793,0.41184074809692633,0.13788830662650783,0.4686780701564387,0.5045319365609695,False,False,False,False,False,False,False,False,supplementary,A2_T15
J_ff_only__softimpute__17_quantile__post1,J_ff_only,softimpute,17_quantile,True,0.42100250423089164,0.42866273141599587,0.6206065534758203,0.5627944006532051,0.40655964735415845,0.13788830662650783,0.42754193240203814,0.5082665474439783,False,False,False,False,False,False,False,False,supplementary,A2_T15
J_ff_only__softimpute__18_rank__post0,J_ff_only,softimpute,18_rank,False,0.41105601350335635,0.41310123286703526,0.5492707391334523,0.5705034701171806,0.4272820444050559,0.5797211211063887,0.43681507459690827,0.48598286390525613,False,False,False,False,False,False,False,False,supplementary,A2_T15
J_ff_only__softimpute__18_rank__post1,J_ff_only,softimpute,18_rank,True,0.41330078192929975,0.4135495292814121,0.5520137607239294,0.563171835284731,0.42211161262704694,0.5728260090876147,0.4467551972802621,0.48550897680484306,False,False,False,False,False,False,False,False,supplementary,A2_T15
J_ff_only__softimpute__19_tdm__post0,J_ff_only,softimpute,19_tdm,False,0.31866984327793507,0.37047462619229815,0.35825447188589143,0.5505861690451878,0.5148143197170844,0.547084153745835,0.34712431031854274,0.39949627760032813,False,False,False,False,False,False,False,False,supplementary,A2_T15
J_ff_only__softimpute__19_tdm__post1,J_ff_only,softimpute,19_tdm,True,0.33251709528674883,0.3619568188114461,0.378630103963517,0.5318677582527817,0.5122162800880422,0.5558250588806665,0.4223047275917306,0.4012429440786234,False,False,False,False,False,False,False,False,supplementary,A2_T15
J_ff_only__softimpute__21_harmonizr__post0,J_ff_only,softimpute,21_harmonizr,False,0.7445730763282259,0.7130832372621194,0.776367078210901,0.8051880481942888,0.6952840398302157,0.41494091971901814,0.31493208959045843,0.7598028599988838,False,False,False,True,False,False,False,True,supplementary,A2_T15
J_ff_only__softimpute__21_harmonizr__post1,J_ff_only,softimpute,21_harmonizr,True,0.7444925169963845,0.7116012648929241,0.7531306410344432,0.7704468947034397,0.6934371924554066,0.41504392882211316,0.29157768338727774,0.744917829406798,False,False,False,True,False,False,False,True,supplementary,A2_T15
J_ff_only__softimpute__25_angel__post0,J_ff_only,softimpute,25_angel,False,0.6604543114700889,0.7219654868808013,0.6330732784252152,0.6521761012672675,0.4028368397493286,0.5687036896222739,0.4835363812135745,0.6669172945108433,False,False,False,False,False,False,False,False,supplementary,A2_T15
J_ff_only__softimpute__25_angel__post1,J_ff_only,softimpute,25_angel,True,0.6504985824929974,0.7170720800896143,0.625670117005729,0.6351621789292927,0.40387197851387646,0.5548940323845675,0.458989571583268,0.6571007396294084,False,False,False,False,False,False,False,False,supplementary,A2_T15
J_ff_only__softimpute__26_xpn__post0,J_ff_only,softimpute,26_xpn,False,0.7022539619105436,0.745083337394852,0.7658543940640478,0.7818480424384613,0.5423840405271814,0.4520503271920815,0.3174666958070809,0.7487599339519762,False,False,False,True,False,False,False,True,supplementary,A2_T15
J_ff_only__softimpute__26_xpn__post1,J_ff_only,softimpute,26_xpn,True,0.702709822631591,0.7519796712908802,0.7857900511697635,0.7812651626247518,0.5400953802743134,0.4529834136011491,0.30549422340766613,0.7554361769292466,False,False,False,True,False,False,False,True,supplementary,A2_T15
J_ff_only__softimpute__27_dwd__post0,J_ff_only,softimpute,27_dwd,False,0.3222902058737923,0.36725902474412775,0.29878200422617973,0.5233909118110299,0.694362108187378,0.5800469156578281,0.31312455958348123,0.3779305366637824,False,False,False,False,False,False,False,False,supplementary,A2_T15
J_ff_only__softimpute__27_dwd__post1,J_ff_only,softimpute,27_dwd,True,0.3351557217484331,0.3417729047209507,0.31553637963369724,0.5429045426808226,0.6925466744169477,0.5898924259233399,0.4219763026132312,0.3838423871959759,False,False,False,False,False,False,False,False,supplementary,A2_T15
J_ff_only__softimpute__28_npn__post0,J_ff_only,softimpute,28_npn,False,0.723501278118491,0.6921267271808359,0.6009414547641824,0.7886591499619335,0.5614171785500193,0.2240976411083983,0.37769720916763366,0.7013071525063607,False,False,False,True,False,False,False,False,supplementary,A2_T15
J_ff_only__softimpute__28_npn__post1,J_ff_only,softimpute,28_npn,True,0.7233985826565135,0.6892329579532623,0.580875642630072,0.7606777855870427,0.5587143700046364,0.22355303940498836,0.34537861741835907,0.6885462422067227,False,False,False,True,False,False,False,False,supplementary,A2_T15
J_ff_only__softimpute__29_combat_ref__post0,J_ff_only,softimpute,29_combat_ref,False,0.6767938146956962,0.5747645668257779,0.44382976408805735,0.7273882675756719,0.5050065115766176,0.7264502737792808,0.8463600210833274,0.6056941032963008,False,False,False,True,False,False,True,False,supplementary,A2_T15
J_ff_only__softimpute__29_combat_ref__post1,J_ff_only,softimpute,29_combat_ref,True,0.6795552130757758,0.5721538383507563,0.4416840551849168,0.7124726495364935,0.5018542092392818,0.725874555824745,0.8836867787503081,0.6014664390369856,False,False,False,True,False,False,True,False,supplementary,A2_T15
J_ff_only__softimpute__31_ruv3prps__post0,J_ff_only,softimpute,31_ruv3prps,False,0.2966553930100377,0.38287104036134983,0.36004915227263484,0.5117605116153604,0.2824517930437847,0.3329372411028776,0.36983751119398156,0.3878340243148457,False,False,False,False,False,False,False,False,supplementary,A2_T15
J_ff_only__softimpute__31_ruv3prps__post1,J_ff_only,softimpute,31_ruv3prps,True,0.35269275457962657,0.4240604420778416,0.3661570001497413,0.5053276332609049,0.2814492986239127,0.34641612193207183,0.5676533255126014,0.41205945751702855,False,False,False,False,False,False,False,False,supplementary,A2_T15
J_ff_only__softimpute__33_amdbnorm__post0,J_ff_only,softimpute,33_amdbnorm,False,0.7588718068859044,0.6575743735374863,0.777940617323475,0.7823560760126876,0.40705172437805887,0.6170639562645959,0.38909457007248327,0.7441857184398883,False,False,False,True,False,False,False,True,supplementary,A2_T15
J_ff_only__softimpute__33_amdbnorm__post1,J_ff_only,softimpute,33_amdbnorm,True,0.7800775072029422,0.6287465584195827,0.7565027962005011,0.8329642893998255,0.3798128291671183,0.6664221866153865,0.47186662142797153,0.7495727878057128,False,False,False,True,False,False,False,True,supplementary,A2_T15
J_ff_only__softimpute__20_shambhala__post0,J_ff_only,softimpute,20_shambhala,False,0.5519686448577343,0.41888145766941554,0.4794070810330285,0.5812966756539462,0.33277736007217557,0.13788830662650783,0.4450757994578295,0.5078884648035311,False,False,False,False,False,False,False,False,supplementary,A2_T15
J_ff_only__softimpute__20_shambhala__post1,J_ff_only,softimpute,20_shambhala,True,0.5616380885449072,0.4274601350732808,0.47909612360881737,0.5962782620268863,0.3300354086965337,0.13788830662650783,0.4117965060087542,0.5161181523134729,False,False,False,False,False,False,False,False,supplementary,A2_T15
J_ff_only__strict__01_raw__post0,J_ff_only,strict,01_raw,False,0.32393498274285126,0.36053925957857763,0.3024520809261457,0.5489584268695512,0.7956905551505908,0.5903013354309016,0.3528135399670527,0.3839711875292815,False,False,False,False,False,False,False,False,supplementary,A2_T15
J_ff_only__strict__01_raw__post1,J_ff_only,strict,01_raw,True,0.33703537172613407,0.3452468743215223,0.3169601041932007,0.5316734512316391,0.7971656914735338,0.5963854474292074,0.43044997662271456,0.38272895036812404,False,False,False,False,False,False,False,False,supplementary,A2_T15
J_ff_only__strict__02_median_scaling__post0,J_ff_only,strict,02_median_scaling,False,0.7186653730714142,0.6055919622133855,0.7153148120712138,0.7332280635327313,0.5413509693340168,0.42523387230432236,0.18015145436701427,0.6932000527221862,False,False,False,True,False,False,False,False,supplementary,A2_T15
J_ff_only__strict__02_median_scaling__post1,J_ff_only,strict,02_median_scaling,True,0.7397168438750981,0.6074190598960764,0.7458013643045796,0.7599050242747121,0.5350305049542589,0.43307172173498326,0.1607915195627787,0.7132105730876166,False,False,False,True,False,False,False,False,supplementary,A2_T15
J_ff_only__strict__03_limma__post0,J_ff_only,strict,03_limma,False,0.8273233134753739,0.5680250124475255,0.7341155999545894,0.7718465020382327,0.558889387819758,0.46884369110991564,0.249966384094577,0.7253276069789304,True,False,False,True,False,False,False,False,supplementary,A2_T15
J_ff_only__strict__03_limma__post1,J_ff_only,strict,03_limma,True,0.8286452960755674,0.5534590595823029,0.7142924418160284,0.7382306837663011,0.5632959494217883,0.462554429817277,0.22994999688698597,0.70865687031005,True,False,False,True,False,False,False,False,supplementary,A2_T15
J_ff_only__strict__04_sva__post0,J_ff_only,strict,04_sva,False,0.34617374954060187,0.39676661741039126,0.30475935265411375,0.5371187165750457,0.6141095504571255,0.5684840247101038,0.3017425610157064,0.3962046090450381,False,False,False,False,False,False,False,False,supplementary,A2_T15
J_ff_only__strict__04_sva__post1,J_ff_only,strict,04_sva,True,0.3623340075677104,0.3924797079371916,0.320271968191152,0.5587840381847416,0.6111044584202786,0.5727746716635228,0.3567889173939341,0.40846743047019896,False,False,False,False,False,False,False,False,supplementary,A2_T15
J_ff_only__strict__05_combat__post0,J_ff_only,strict,05_combat,False,0.6885645817383549,0.573005492534801,0.6026273409665114,0.725391295048139,0.4686234079493261,0.644034367953869,0.8176914143092924,0.6473971775719516,False,False,False,True,False,False,True,False,supplementary,A2_T15
J_ff_only__strict__05_combat__post1,J_ff_only,strict,05_combat,True,0.6918476623769116,0.6121974396000303,0.6152942991824565,0.7235984162067552,0.46502556489105823,0.6426458479385704,0.8644535921876048,0.6607344543415384,False,False,False,True,False,False,True,False,supplementary,A2_T15
J_ff_only__strict__06_combat_seq__post0,J_ff_only,strict,06_combat_seq,False,0.3554197196328316,0.40840591111401875,0.5694035367304506,0.6137747980910704,0.33336117963884404,0.723152967416408,0.7158902733242292,0.4867509913920928,False,False,False,False,False,False,False,False,supplementary,A2_T15
J_ff_only__strict__06_combat_seq__post1,J_ff_only,strict,06_combat_seq,True,0.3691210444297951,0.3847246106111567,0.5890029495412039,0.5975766940760217,0.3352799200683943,0.7212340459519484,0.7618334481986734,0.48510632466454434,False,False,False,False,False,False,False,False,supplementary,A2_T15
J_ff_only__strict__07_pycombat__post0,J_ff_only,strict,07_pycombat,False,0.7620949171195835,0.6350747403040048,0.699150801480372,0.8157657969555123,0.5559855798349645,0.5759677786494796,0.2798559748742141,0.7280215639648682,False,False,False,True,False,False,False,False,supplementary,A2_T15
J_ff_only__strict__07_pycombat__post1,J_ff_only,strict,07_pycombat,True,0.7636086249073817,0.6432982539267308,0.6790498663252539,0.7870670528305669,0.554929850674603,0.5768414459885067,0.28389100251923904,0.7182559494974833,False,False,False,True,False,False,False,False,supplementary,A2_T15
J_ff_only__strict__08_inmoose_combatseq__post0,J_ff_only,strict,08_inmoose_combatseq,False,0.3551591490874275,0.4081838091019653,0.5698178957752297,0.5990536391315713,0.3331772839749468,0.7231664638129428,0.715527409060962,0.48305362327404844,False,False,False,False,False,False,False,False,supplementary,A2_T15
J_ff_only__strict__08_inmoose_combatseq__post1,J_ff_only,strict,08_inmoose_combatseq,True,0.36876100109020027,0.3846444051132498,0.5893969618780805,0.6070146352265035,0.33533717575024447,0.7213537075562875,0.7620729101831137,0.48745425082700855,False,False,False,False,False,False,False,False,supplementary,A2_T15
J_ff_only__strict__09_ruv__post0,J_ff_only,strict,09_ruv,False,0.5475358363516086,0.589448060932668,0.6965010567426464,0.6217972829733635,0.25419278236616216,0.44520658460057877,0.277949647271222,0.6138205592500716,False,False,False,False,False,False,False,False,supplementary,A2_T15
J_ff_only__strict__09_ruv__post1,J_ff_only,strict,09_ruv,True,0.5494573760508553,0.5969325724381743,0.6932726376112908,0.6283464497330277,0.25388713497636,0.44353685754219724,0.2894912399265796,0.617002258958337,False,False,False,False,False,False,False,False,supplementary,A2_T15
J_ff_only__strict__10_mnn__post0,J_ff_only,strict,10_mnn,False,0.6728674328782771,0.8013889858601877,0.7853521158488669,0.8213548438479421,0.1324247599672744,0.8207386036084913,0.630986475476905,0.7702408446088185,False,True,False,True,False,True,False,True,supplementary,A2_T15
J_ff_only__strict__10_mnn__post1,J_ff_only,strict,10_mnn,True,0.7156751023365497,0.7826330814129202,0.7730263153121494,0.8541858152835141,0.13283267418826278,0.8251802489174274,0.5711310537111567,0.7813800785862834,False,True,False,True,False,True,False,True,supplementary,A2_T15
J_ff_only__strict__11_harmony__post0,J_ff_only,strict,11_harmony,False,0.34889573259422263,0.5412643517151143,0.4494975412120002,0.6551672213006369,0.2304422055983723,0.6636047232017718,0.28822617172769266,0.49870621170549345,False,False,False,False,False,False,False,False,supplementary,A2_T15
J_ff_only__strict__11_harmony__post1,J_ff_only,strict,11_harmony,True,0.35472481044198845,0.4930884064807163,0.4458311767783071,0.6502046738836106,0.2314047243879446,0.6721870971047801,0.3410349468326169,0.4859622668961556,False,False,False,False,False,False,False,False,supplementary,A2_T15
J_ff_only__strict__12_scanorama__post0,J_ff_only,strict,12_scanorama,False,0.507021958519357,0.5767380719729273,0.5727202992860185,0.6273759608004428,0.12278293773111498,0.8022625947239082,0.34233952606600104,0.5709640726446864,False,False,False,False,False,True,False,False,supplementary,A2_T15
J_ff_only__strict__12_scanorama__post1,J_ff_only,strict,12_scanorama,True,0.4848968166588024,0.5715481261192032,0.569505270183784,0.6127401839768347,0.12325984193652385,0.8029085538318583,0.34533078776308274,0.5596725992346561,False,False,False,False,False,True,False,False,supplementary,A2_T15
J_ff_only__strict__13_fsmvn__post0,J_ff_only,strict,13_fsmvn,False,0.8083683065879569,0.7283461667187701,0.7398934288900064,0.8060618364279358,0.5553960640990581,0.6096006518850765,0.3260814465116007,0.7706674346561674,True,False,False,True,False,False,False,True,supplementary,A2_T15
J_ff_only__strict__13_fsmvn__post1,J_ff_only,strict,13_fsmvn,True,0.8038746990650907,0.7286006493914821,0.7659542017128333,0.8022070836361581,0.5506569106514213,0.6066730950559032,0.26802456882580106,0.775159158451391,True,False,False,True,False,False,False,True,supplementary,A2_T15
J_ff_only__strict__14_qsmooth__post0,J_ff_only,strict,14_qsmooth,False,0.23655683869252794,0.3228166469132008,0.3735644171758258,0.48697180403137785,0.3925566610746969,0.580410586100498,0.3839664533562864,0.35497742670323307,False,False,False,False,False,False,False,False,supplementary,A2_T15
J_ff_only__strict__14_qsmooth__post1,J_ff_only,strict,14_qsmooth,True,0.23353650390524416,0.31387060952724,0.38697231279393746,0.4619922355055126,0.4005289646731013,0.594986627342633,0.45091134592503357,0.34909291543298354,False,False,False,False,False,False,False,False,supplementary,A2_T15
J_ff_only__strict__15_fsqn_py__post0,J_ff_only,strict,15_fsqn_py,False,0.4274695555119246,0.43592105416207566,0.5114641899463733,0.5544062726361396,0.4125956423815047,0.5697216815949191,0.45223107831662407,0.4823152680641283,False,False,False,False,False,False,False,False,supplementary,A2_T15
J_ff_only__strict__15_fsqn_py__post1,J_ff_only,strict,15_fsqn_py,True,0.4329003862363354,0.44392362299844923,0.5155253416038357,0.5325993697649133,0.4088488127505874,0.5617986944014018,0.44694498178912384,0.48123718015088335,False,False,False,False,False,False,False,False,supplementary,A2_T15
J_ff_only__strict__16_fsqn_r__post0,J_ff_only,strict,16_fsqn_r,False,0.7259218150576691,0.7524575286118128,0.7836773671139968,0.8067293614729026,0.5407182568515053,0.47885440844598093,0.3530261343080916,0.7671965180640953,False,False,False,True,False,False,False,True,supplementary,A2_T15
J_ff_only__strict__16_fsqn_r__post1,J_ff_only,strict,16_fsqn_r,True,0.7261556162872076,0.75010619307754,0.7750070185104989,0.7995405834944459,0.5384333285850093,0.4799627880996111,0.3211273306999151,0.7627023528424232,False,False,False,True,False,False,False,True,supplementary,A2_T15
J_ff_only__strict__17_quantile__post0,J_ff_only,strict,17_quantile,False,0.42811288509390866,0.41862112957549735,0.6200353580827133,0.5504760813831734,0.41251348025712065,0.5694018001208456,0.4204053724391884,0.5043113635338231,False,False,False,False,False,False,False,False,supplementary,A2_T15
J_ff_only__strict__17_quantile__post1,J_ff_only,strict,17_quantile,True,0.43311096900039936,0.4399739232919646,0.6237625716311037,0.5408523423326036,0.40876709739746586,0.5616865523148342,0.4390674718209259,0.5094249515640178,False,False,False,False,False,False,False,False,supplementary,A2_T15
J_ff_only__strict__18_rank__post0,J_ff_only,strict,18_rank,False,0.4205192630794681,0.41161998532729527,0.5494604412602211,0.5788157809732897,0.41785650663863244,0.5903013354309016,0.3820139657537057,0.4901038676600685,False,False,False,False,False,False,False,False,supplementary,A2_T15
J_ff_only__strict__18_rank__post1,J_ff_only,strict,18_rank,True,0.424951022459666,0.4060165488342604,0.5525995301806312,0.584747587313486,0.41328823980789314,0.5855416953855236,0.3840994444792312,0.4920786721970109,False,False,False,False,False,False,False,False,supplementary,A2_T15
J_ff_only__strict__21_harmonizr__post0,J_ff_only,strict,21_harmonizr,False,0.7454196390150061,0.7136924878899603,0.7734539940777231,0.7908732446866945,0.6880664039647447,0.41223577670412204,0.3267499046619235,0.755859841417346,False,False,False,True,False,False,False,True,supplementary,A2_T15
J_ff_only__strict__21_harmonizr__post1,J_ff_only,strict,21_harmonizr,True,0.7453853036290491,0.7087228835930299,0.7516022577511203,0.7867545151820501,0.6863429771511386,0.41131904055393387,0.29198055872852186,0.7481162400388124,False,False,False,True,False,False,False,True,supplementary,A2_T15
J_ff_only__strict__25_angel__post0,J_ff_only,strict,25_angel,False,0.670916614903703,0.7256638621330938,0.6391581856994932,0.64533883434939,0.4010183527305282,0.5198208595842657,0.6112456031275794,0.6702693742714201,False,False,False,False,False,False,False,False,supplementary,A2_T15
J_ff_only__strict__25_angel__post1,J_ff_only,strict,25_angel,True,0.6611284883250474,0.7179030580197445,0.6312747833253475,0.6261862539071366,0.402221351835273,0.5117252855505223,0.6295572202561562,0.659123145894319,False,False,False,False,False,False,False,False,supplementary,A2_T15
J_ff_only__strict__26_xpn__post0,J_ff_only,strict,26_xpn,False,0.6998371849464511,0.7444939825717584,0.7568494150179371,0.7774174843322066,0.5361035069691122,0.4512108292158595,0.3049181817487804,0.7446495167170883,False,False,False,True,False,False,False,True,supplementary,A2_T15
J_ff_only__strict__26_xpn__post1,J_ff_only,strict,26_xpn,True,0.7029906403589273,0.7547665007360462,0.7754628735739189,0.789601699860893,0.5340815877752901,0.452415609313629,0.2857184853967547,0.7557054286324463,False,False,False,True,False,False,False,True,supplementary,A2_T15
J_ff_only__strict__27_dwd__post0,J_ff_only,strict,27_dwd,False,0.32398471913994664,0.3605803854398546,0.30263913679207266,0.5495567812885662,0.689496117599806,0.5904143052366355,0.35343187467021797,0.38419025566511,False,False,False,False,False,False,False,False,supplementary,A2_T15
J_ff_only__strict__27_dwd__post1,J_ff_only,strict,27_dwd,True,0.3366158646744346,0.3452696952565108,0.31704542651961437,0.5347275137587372,0.6876196437056676,0.5966520928051197,0.4300880903303431,0.38341462505232426,False,False,False,False,False,False,False,False,supplementary,A2_T15
J_ff_only__strict__28_npn__post0,J_ff_only,strict,28_npn,False,0.7219024196380609,0.6935015096453697,0.6027037137025084,0.7666592917488173,0.5548756095742328,0.22369439004039127,0.3674321589407614,0.696191733683689,False,False,False,True,False,False,False,False,supplementary,A2_T15
J_ff_only__strict__28_npn__post1,J_ff_only,strict,28_npn,True,0.7216588910935131,0.6864461721094158,0.5841369290819732,0.7717012172840321,0.5521723542575874,0.22316863860378572,0.3290439920711435,0.6909858023922335,False,False,False,True,False,False,False,False,supplementary,A2_T15
J_ff_only__strict__29_combat_ref__post0,J_ff_only,strict,29_combat_ref,False,0.6760993975103234,0.5843923873936989,0.44146008306930024,0.7322376695424645,0.5000415009742386,0.7409056347428331,0.8427514441818389,0.6085473843789467,False,False,False,True,False,False,True,False,supplementary,A2_T15
J_ff_only__strict__29_combat_ref__post1,J_ff_only,strict,29_combat_ref,True,0.6792319177513007,0.5786713488526372,0.43922904304279603,0.7183793958015479,0.49665387118223553,0.7401585578846602,0.8919472461661498,0.6038779263620704,False,False,False,True,False,False,True,False,supplementary,A2_T15
J_ff_only__strict__31_ruv3prps__post0,J_ff_only,strict,31_ruv3prps,False,0.3014965373465428,0.3833810132673041,0.35517608047919036,0.524082378557156,0.27487301010249277,0.33233367881351045,0.34432626881347067,0.3910340024125483,False,False,False,False,False,False,False,False,supplementary,A2_T15
J_ff_only__strict__31_ruv3prps__post1,J_ff_only,strict,31_ruv3prps,True,0.3572911420110283,0.4273373538066797,0.36232223364363214,0.5192616453021452,0.2742896626438475,0.34330951296360657,0.6076297908640202,0.41655309369087135,False,False,False,False,False,False,False,False,supplementary,A2_T15
J_ff_only__strict__33_amdbnorm__post0,J_ff_only,strict,33_amdbnorm,False,0.762643068773834,0.6690328451841479,0.7705271492404635,0.8035887848777649,0.39673378596274306,0.6123346522260342,0.4316179787937568,0.7514479620190526,False,False,False,True,False,False,False,True,supplementary,A2_T15
J_ff_only__strict__33_amdbnorm__post1,J_ff_only,strict,33_amdbnorm,True,0.7603946833343324,0.6512474028407145,0.7677408455030907,0.7798912470171223,0.3964716258142895,0.6129635039714825,0.451623144352723,0.739818544673815,False,False,False,True,False,False,False,True,supplementary,A2_T15
J_ff_only__strict__20_shambhala__post0,J_ff_only,strict,20_shambhala,False,0.43010331524826045,0.4771336901094492,0.6408453582877836,0.609155361781943,0.31312859334282056,0.7810404000020539,0.5873081441922768,0.539309431356859,False,False,False,False,False,False,False,False,supplementary,A2_T15
J_ff_only__strict__20_shambhala__post1,J_ff_only,strict,20_shambhala,True,0.4363597491497238,0.46983723459463933,0.6398419914521952,0.5727106762881383,0.31545942927688414,0.7807696887735078,0.5928200443928704,0.5296874128711742,False,False,False,False,False,False,False,False,supplementary,A2_T15
K_ffpe_only__knn__01_raw__post0,K_ffpe_only,knn,01_raw,False,0.03140457432303353,0.17917173574243758,0.2100806031162006,0.2640653573716208,0.8299645846126239,0.3108994186710684,0.1356516040217407,0.17118056763832312,False,False,False,False,True,False,False,False,supplementary,A2_T15
K_ffpe_only__knn__01_raw__post1,K_ffpe_only,knn,01_raw,True,0.05836822424830407,0.2143816824831781,0.22304563992613288,0.19502519075677152,0.8299645846126239,0.32738904249728545,0.221034745305624,0.17270518435359664,False,False,False,False,True,False,False,False,supplementary,A2_T15
K_ffpe_only__knn__02_median_scaling__post0,K_ffpe_only,knn,02_median_scaling,False,0.5403026355712215,0.6544388476937768,0.7591562249212732,0.6348178399253829,0.8067803765768619,0.5941783709241484,0.11496133648934061,0.6471788870279136,False,False,False,False,True,False,False,False,supplementary,A2_T15
K_ffpe_only__knn__02_median_scaling__post1,K_ffpe_only,knn,02_median_scaling,True,0.72651190193023,0.8268459144813408,0.8642248314375647,0.7873690174293816,0.8057735589218615,0.5821527256624532,0.252648035592235,0.8012379163196293,False,True,True,True,True,False,False,True,supplementary,A2_T15
K_ffpe_only__knn__03_limma__post0,K_ffpe_only,knn,03_limma,False,0.7020249821604492,0.6472738361159095,0.7867805599022062,0.6740823260152156,0.7965211029271554,0.5179250100803977,0.34121390386008144,0.7025404260484451,False,False,False,False,False,False,False,False,supplementary,A2_T15
K_ffpe_only__knn__03_limma__post1,K_ffpe_only,knn,03_limma,True,0.7026127859946885,0.6396149263244868,0.7430605848993842,0.6733430849967972,0.800387182198823,0.5149575681613514,0.2197858024692976,0.6896578455538391,False,False,False,False,False,False,False,False,supplementary,A2_T15
K_ffpe_only__knn__04_sva__post0,K_ffpe_only,knn,04_sva,False,0.6223806646426658,0.8386882310641917,0.6659886886600871,0.6892630814007934,0.28620813511029203,0.5902245773133696,0.7098862542261736,0.7040801664419345,False,True,False,False,False,False,False,False,supplementary,A2_T15
K_ffpe_only__knn__04_sva__post1,K_ffpe_only,knn,04_sva,True,0.633174412278106,0.861045458168153,0.634006434453208,0.6688209789371561,0.2870242372827098,0.5944452196961703,0.6776734691309331,0.6992618209591558,False,True,False,False,False,False,False,False,supplementary,A2_T15
K_ffpe_only__knn__05_combat__post0,K_ffpe_only,knn,05_combat,False,0.6781523797305246,0.6387745333462646,0.7096511873414053,0.572521454283927,0.5931530889834691,0.6592808048921724,0.7083716276801845,0.6497748886755303,False,False,False,False,False,False,False,False,supplementary,A2_T15
K_ffpe_only__knn__05_combat__post1,K_ffpe_only,knn,05_combat,True,0.6778982188074753,0.6459741317322236,0.7032335847288685,0.5520552567209688,0.5878851283918146,0.6577468658658809,0.43175227353158036,0.644790297997384,False,False,False,False,False,False,False,False,supplementary,A2_T15
K_ffpe_only__knn__06_combat_seq__post0,K_ffpe_only,knn,06_combat_seq,False,0.08421579020313676,0.3057255282437463,0.3941983212986816,0.30522924525121464,0.36510198375218095,0.7663991636227327,0.6956885755836306,0.2723422212491948,False,False,False,False,False,False,False,False,supplementary,A2_T15
K_ffpe_only__knn__06_combat_seq__post1,K_ffpe_only,knn,06_combat_seq,True,0.11268251592917371,0.382753468598104,0.4467860109463178,0.2674413870086866,0.3602502373895158,0.7404155442764441,0.6283204845726295,0.30241584562057056,False,False,False,False,False,False,False,False,supplementary,A2_T15
K_ffpe_only__knn__07_pycombat__post0,K_ffpe_only,knn,07_pycombat,False,0.6507671475073324,0.6017802324301976,0.7214472824018384,0.6848029876799407,0.7765080563339999,0.5884282919259649,0.3428003469365765,0.6646994125048273,False,False,False,False,False,False,False,False,supplementary,A2_T15
K_ffpe_only__knn__07_pycombat__post1,K_ffpe_only,knn,07_pycombat,True,0.6609471045613062,0.5980995312227656,0.6801389163087687,0.6640059858482261,0.7747321201430822,0.5872628443336453,0.21244198638193784,0.6507978844852667,False,False,False,False,False,False,False,False,supplementary,A2_T15
K_ffpe_only__knn__08_inmoose_combatseq__post0,K_ffpe_only,knn,08_inmoose_combatseq,False,0.0844584502346767,0.3058540572908427,0.39406849432888263,0.30198415136179924,0.36502015014930794,0.7663991636227327,0.6957243153094379,0.2715912883040503,False,False,False,False,False,False,False,False,supplementary,A2_T15
K_ffpe_only__knn__08_inmoose_combatseq__post1,K_ffpe_only,knn,08_inmoose_combatseq,True,0.1130370828541783,0.38268305205681885,0.4469158379161167,0.2668994954356971,0.3601684037866429,0.7404155442764441,0.6294066089410326,0.30238386706570275,False,False,False,False,False,False,False,False,supplementary,A2_T15
K_ffpe_only__knn__09_ruv__post0,K_ffpe_only,knn,09_ruv,False,0.6000750806291508,0.47904098797473854,0.6089319921752866,0.353122998318119,0.2995113394475682,0.5570100271927962,0.22252670329615587,0.5102927647743238,False,False,False,False,False,False,False,False,supplementary,A2_T15
K_ffpe_only__knn__09_ruv__post1,K_ffpe_only,knn,09_ruv,True,0.628755553204002,0.45431624219966094,0.6316254112962795,0.3830543371178778,0.2963928874553165,0.5812599240640444,0.4944217376034837,0.524437885954455,False,False,False,False,False,False,False,False,supplementary,A2_T15
K_ffpe_only__knn__10_mnn__post0,K_ffpe_only,knn,10_mnn,False,0.34320012276982204,0.6922449301626799,0.6485479462053277,0.5267488565831221,0.10304375433540959,0.5759844521451692,0.21645649298402117,0.552685463930238,False,False,False,False,False,False,False,False,supplementary,A2_T15
K_ffpe_only__knn__10_mnn__post1,K_ffpe_only,knn,10_mnn,True,0.34767224296999955,0.6992986876834462,0.6685127490936276,0.5429673962309384,0.10336840811932758,0.575215010720152,0.20842119700384806,0.564612768994503,False,False,False,False,False,False,False,False,supplementary,A2_T15
K_ffpe_only__knn__11_harmony__post0,K_ffpe_only,knn,11_harmony,False,0.031327433483291686,0.49610570750751726,0.3112039898632175,0.46690174293815995,0.17056656205125412,0.31896338374601413,0.18726625685613782,0.3263847184480466,False,False,False,False,False,False,False,False,supplementary,A2_T15
K_ffpe_only__knn__11_harmony__post1,K_ffpe_only,knn,11_harmony,True,0.05387725780351585,0.483607017525028,0.3268057037720032,0.43716378299614544,0.16907086388717407,0.3516044503124232,0.2274902180642001,0.3253634405241731,False,False,False,False,False,False,False,False,supplementary,A2_T15
K_ffpe_only__knn__12_scanorama__post0,K_ffpe_only,knn,12_scanorama,False,0.16141375396590538,0.5874818061069271,0.5068481348912565,0.48741383637432895,0.09414544155382236,0.570714027046365,0.19759844585657194,0.4357893828346045,False,False,False,False,False,False,False,False,supplementary,A2_T15
K_ffpe_only__knn__12_scanorama__post1,K_ffpe_only,knn,12_scanorama,True,0.16864234229087924,0.5693075185436891,0.4958618170137008,0.36703015024553953,0.09419123349752939,0.5693065675108266,0.10016231846756746,0.4002104570234522,False,False,False,False,False,False,False,False,supplementary,A2_T15
K_ffpe_only__knn__13_fsmvn__post0,K_ffpe_only,knn,13_fsmvn,False,0.7232937886055371,0.7164092674323752,0.8154116963393058,0.6527609631297221,0.8217306833262875,0.4185754878038517,0.36137809423909334,0.726968928876735,False,False,True,False,True,False,False,False,supplementary,A2_T15
K_ffpe_only__knn__13_fsmvn__post1,K_ffpe_only,knn,13_fsmvn,True,0.7346110755516682,0.7247097512743355,0.8293734752782147,0.6170750815656102,0.8215059759968337,0.4250923008950028,0.4422212791087754,0.7264423459174572,False,False,True,False,True,False,False,False,supplementary,A2_T15
K_ffpe_only__knn__14_qsmooth__post0,K_ffpe_only,knn,14_qsmooth,False,0.011722539733970624,0.1719490943865899,0.23772500791432105,0.2897315451954016,0.4904449338261852,0.3108994186710684,0.10721347517063777,0.17778204680757081,False,False,False,False,False,False,False,False,supplementary,A2_T15
K_ffpe_only__knn__14_qsmooth__post1,K_ffpe_only,knn,14_qsmooth,True,0.05514299968534965,0.19828066275098807,0.25209601066732873,0.19440748343403397,0.4838117255317917,0.32738904249728545,0.2699221209183632,0.17498178913442508,False,False,False,False,False,False,False,False,supplementary,A2_T15
K_ffpe_only__knn__15_fsqn_py__post0,K_ffpe_only,knn,15_fsqn_py,False,0.16846298105917298,0.24629589933598472,0.5784948117874719,0.2992891805231437,0.490178074517388,0.30967780865248024,0.26434421432734356,0.3231357181764433,False,False,False,False,False,False,False,False,supplementary,A2_T15
K_ffpe_only__knn__15_fsqn_py__post1,K_ffpe_only,knn,15_fsqn_py,True,0.19955685572532522,0.26896136170248913,0.5835180496458684,0.29757837228379963,0.4832996019138783,0.32622967168831646,0.18057114909557426,0.3374036598393706,False,False,False,False,False,False,False,False,supplementary,A2_T15
K_ffpe_only__knn__16_fsqn_r__post0,K_ffpe_only,knn,16_fsqn_r,False,0.031124514445822083,0.17905354676743604,0.21001822267870585,0.2640967381247588,0.775875297918337,0.3104196029203167,0.1358172127538218,0.17107325550418068,False,False,False,False,False,False,False,False,supplementary,A2_T15
K_ffpe_only__knn__16_fsqn_r__post1,K_ffpe_only,knn,16_fsqn_r,True,0.05808816437109263,0.2145744760538227,0.22298325948863804,0.20775709555256722,0.7740484949576628,0.3269092267465337,0.22093020403272945,0.17585074886653013,False,False,False,False,False,False,False,False,supplementary,A2_T15
K_ffpe_only__knn__17_quantile__post0,K_ffpe_only,knn,17_quantile,False,0.16875217141513993,0.24637469198598577,0.5786246387572707,0.2992682600210516,0.490178074517388,0.30967780865248024,0.2643023978181857,0.323254940544862,False,False,False,False,False,False,False,False,supplementary,A2_T15
K_ffpe_only__knn__17_quantile__post1,K_ffpe_only,knn,17_quantile,True,0.19955685572532522,0.2689116253053937,0.583607183199862,0.2975574517817076,0.4832996019138783,0.32622967168831646,0.18050842433183753,0.3374082790030722,False,False,False,False,False,False,False,False,supplementary,A2_T15
K_ffpe_only__knn__18_rank__post0,K_ffpe_only,knn,18_rank,False,0.16608791527290298,0.2415835397594083,0.4665691978869965,0.30476993066454905,0.4908764459052613,0.3108994186710684,0.2887902804125591,0.2947526458959642,False,False,False,False,False,False,False,False,supplementary,A2_T15
K_ffpe_only__knn__18_rank__post1,K_ffpe_only,knn,18_rank,True,0.19687758696898072,0.2588870975458122,0.46907394691428445,0.26087854871274296,0.4842219973604404,0.32738904249728545,0.17439270836934304,0.29642929503545506,False,False,False,False,False,False,False,False,supplementary,A2_T15
K_ffpe_only__knn__19_tdm__post0,K_ffpe_only,knn,19_tdm,False,0.020045439349273123,0.18217412397822086,0.3884362827476423,0.23560248049355156,0.528685362543429,0.3071766899652208,0.19194836692954945,0.20656458164217198,False,False,False,False,False,False,False,False,supplementary,A2_T15
K_ffpe_only__knn__19_tdm__post1,K_ffpe_only,knn,19_tdm,True,0.03927750521607864,0.21493127014658425,0.4262698199829098,0.17246513561804444,0.5258500480325057,0.3218040813266068,0.19430658021816571,0.2132359327409043,False,False,False,False,False,False,False,False,supplementary,A2_T15
K_ffpe_only__knn__21_harmonizr__post0,K_ffpe_only,knn,21_harmonizr,False,0.6251760543595929,0.6790746904795206,0.7923313830893015,0.5703050984593371,0.7766712767684834,0.4835142606067237,0.1386868683539513,0.666721806596938,False,False,False,False,False,False,False,False,supplementary,A2_T15
K_ffpe_only__knn__21_harmonizr__post1,K_ffpe_only,knn,21_harmonizr,True,0.6459730608736043,0.6408187385843794,0.78468935986274,0.5092722025149553,0.7747223935603931,0.5065769335191662,0.19055886219544496,0.6451883404589198,False,False,False,False,False,False,False,False,supplementary,A2_T15
K_ffpe_only__knn__25_angel__post0,K_ffpe_only,knn,25_angel,False,0.5840759065863059,0.4973551127700472,0.5710079720561481,0.36746283192802,0.4764680484830217,0.3983312358376371,0.4030881988268082,0.5049754558351303,False,False,False,False,False,False,False,False,supplementary,A2_T15
K_ffpe_only__knn__25_angel__post1,K_ffpe_only,knn,25_angel,True,0.5996639164416042,0.5179985708567286,0.6271677098645404,0.39963032330322934,0.47516872037487695,0.40050840164589313,0.4458806730986064,0.5361151301165257,False,False,False,False,False,False,False,False,supplementary,A2_T15
K_ffpe_only__knn__26_xpn__post0,K_ffpe_only,knn,26_xpn,False,0.6014018094267745,0.7271812751600542,0.7900929096792745,0.6109136472095384,0.7120546809502073,0.41227464329870284,0.38155953182138963,0.6823974103689104,False,False,False,False,False,False,False,False,supplementary,A2_T15
K_ffpe_only__knn__26_xpn__post1,K_ffpe_only,knn,26_xpn,True,0.6190983160587797,0.72937563374076,0.8094145949185982,0.5968128542157527,0.7111376467587922,0.41375823183437577,0.1713377811017918,0.6886753497334727,False,False,True,False,False,False,False,False,supplementary,A2_T15
K_ffpe_only__knn__27_dwd__post0,K_ffpe_only,knn,27_dwd,False,0.031124514445822083,0.17905354676743604,0.21001822267870585,0.2640967381247588,0.775875297918337,0.3104196029203167,0.1358172127538218,0.17107325550418068,False,False,False,False,False,False,False,False,supplementary,A2_T15
K_ffpe_only__knn__27_dwd__post1,K_ffpe_only,knn,27_dwd,True,0.05808816437109263,0.2145744760538227,0.22298325948863804,0.2050426369946397,0.7740484949576628,0.3269092267465337,0.22093020403272945,0.17517213422704825,False,False,False,False,False,False,False,False,supplementary,A2_T15
K_ffpe_only__knn__28_npn__post0,K_ffpe_only,knn,28_npn,False,0.6776430628963563,0.7315627283281663,0.6196898522868106,0.6548934871124463,0.7078579222004366,0.2825535049738693,0.3955923788859625,0.6709472826559449,False,False,False,False,False,False,False,False,supplementary,A2_T15
K_ffpe_only__knn__28_npn__post1,K_ffpe_only,knn,28_npn,True,0.6826635385802527,0.6873636152392409,0.6112686624894049,0.6299902046350992,0.7067944663400855,0.28255871364531254,0.40318921949794645,0.6528215052359995,False,False,False,False,False,False,False,False,supplementary,A2_T15
K_ffpe_only__knn__29_combat_ref__post0,K_ffpe_only,knn,29_combat_ref,False,0.6782271794218675,0.6388284577977178,0.7096511873414053,0.572521454283927,0.5930712553805962,0.6590888785918718,0.7083716276801845,0.6498070697112295,False,False,False,False,False,False,False,False,supplementary,A2_T15
K_ffpe_only__knn__29_combat_ref__post1,K_ffpe_only,knn,29_combat_ref,True,0.6776649818982405,0.646028056183677,0.7032335847288685,0.5519985260129681,0.5878032947889417,0.6575549395655803,0.43175227353158036,0.6447312872059385,False,False,False,False,False,False,False,False,supplementary,A2_T15
K_ffpe_only__knn__31_ruv3prps__post0,K_ffpe_only,knn,31_ruv3prps,False,0.09129360857122522,0.23886088556537788,0.2893041704845982,0.31824421361761746,0.2884616021091959,0.4016367117050971,0.21082338972450954,0.23442571955970468,False,False,False,False,False,False,False,False,supplementary,A2_T15
K_ffpe_only__knn__31_ruv3prps__post1,K_ffpe_only,knn,31_ruv3prps,True,0.12201322140146761,0.2687008232128928,0.3115645237626498,0.2826321812385986,0.28819018585116774,0.4326034993914682,0.2743465341791816,0.24622768740390222,False,False,False,False,False,False,False,False,supplementary,A2_T15
K_ffpe_only__knn__20_shambhala__post0,K_ffpe_only,knn,20_shambhala,False,0.17116375911643184,0.24316854444930566,0.5404877666238449,0.2906472619801246,0.3568675045558675,0.5489778144143891,0.13384766079047025,0.31136683304242674,False,False,False,False,False,False,False,False,supplementary,A2_T15
K_ffpe_only__knn__20_shambhala__post1,K_ffpe_only,knn,20_shambhala,True,0.20589961202488735,0.2699676476544263,0.5518351211281693,0.29163073159951003,0.3515980594324414,0.5686269535975647,0.14676965500462338,0.32983327810174823,False,False,False,False,False,False,False,False,supplementary,A2_T15
K_ffpe_only__softimpute__01_raw__post0,K_ffpe_only,softimpute,01_raw,False,0.02951040968224061,0.16116663792060892,0.1952428987381615,0.274287251416863,0.8299645846126239,0.34703919692997964,0.20651361137672722,0.16505179943946852,False,False,False,False,True,False,False,False,supplementary,A2_T15
K_ffpe_only__softimpute__01_raw__post1,K_ffpe_only,softimpute,01_raw,True,0.061799060169386764,0.19083347006721516,0.20360126835231193,0.18596150028281072,0.8299645846126239,0.3913220855850047,0.3139974987248118,0.16054882471793114,False,False,False,False,True,False,False,False,supplementary,A2_T15
K_ffpe_only__softimpute__02_median_scaling__post0,K_ffpe_only,softimpute,02_median_scaling,False,0.540778532511996,0.6625031817334892,0.7572454106871398,0.6338488292385087,0.8187787445959027,0.5857850677336222,0.1041677801193941,0.6485939885427834,False,False,False,False,True,False,False,False,supplementary,A2_T15
K_ffpe_only__softimpute__02_median_scaling__post1,K_ffpe_only,softimpute,02_median_scaling,True,0.7278736308964164,0.7651700775018987,0.8639173239460068,0.7897302809752662,0.8299645846126239,0.5840577310309162,0.2725628812245222,0.786672828329897,False,False,True,True,True,False,False,True,supplementary,A2_T15
K_ffpe_only__softimpute__03_limma__post0,K_ffpe_only,softimpute,03_limma,False,0.6791171669856871,0.6097847562352577,0.7811538332728509,0.6785610740065102,0.7968081906941041,0.5440868425016054,0.31973045224264396,0.6871542076250765,False,False,False,False,False,False,False,False,supplementary,A2_T15
K_ffpe_only__softimpute__03_limma__post1,K_ffpe_only,softimpute,03_limma,True,0.6922538188812682,0.6095446136142054,0.7888547947820791,0.6502292452512145,0.7966542500710472,0.5405896757540228,0.4812894061610006,0.6852206181321918,False,False,False,False,False,False,False,False,supplementary,A2_T15
K_ffpe_only__softimpute__04_sva__post0,K_ffpe_only,softimpute,04_sva,False,0.6919567271494552,0.8468619238657182,0.6275256078886269,0.7468193532437079,0.28266469873664735,0.6177631175093345,0.6797374406371299,0.728290903036877,False,True,False,True,False,False,False,False,supplementary,A2_T15
K_ffpe_only__softimpute__04_sva__post1,K_ffpe_only,softimpute,04_sva,True,0.6987671278416858,0.8493917757249485,0.6604404326377459,0.744050467667804,0.2814752599372711,0.6121957834245008,0.6600039434484992,0.7381624509680461,False,True,False,True,False,False,False,True,supplementary,A2_T15
K_ffpe_only__softimpute__05_combat__post0,K_ffpe_only,softimpute,05_combat,False,0.6806900090087391,0.6428559941733536,0.7151311727404257,0.5540957173840569,0.5871098763182854,0.6489958711420591,0.6358383457276618,0.6481932233266438,False,False,False,False,False,False,False,False,supplementary,A2_T15
K_ffpe_only__softimpute__05_combat__post1,K_ffpe_only,softimpute,05_combat,True,0.6800020625517393,0.6414540433732889,0.7001248357011975,0.5493455647411813,0.5825374882371791,0.6488919625608937,0.42903657871516854,0.6427316265918519,False,False,False,False,False,False,False,False,supplementary,A2_T15
K_ffpe_only__softimpute__06_combat_seq__post0,K_ffpe_only,softimpute,06_combat_seq,False,0.07159741003434933,0.19327717162788513,0.380591943246689,0.28483458381873145,0.36095882950044345,0.757331749465611,0.6106652379265738,0.23257527718191373,False,False,False,False,False,False,False,False,supplementary,A2_T15
K_ffpe_only__softimpute__06_combat_seq__post1,K_ffpe_only,softimpute,06_combat_seq,True,0.10689104154882886,0.2484239141904395,0.42485203971556734,0.2082711461887977,0.3554283356205203,0.7298228722121028,0.6660353990514076,0.24710953541090835,False,False,False,False,False,False,False,False,supplementary,A2_T15
K_ffpe_only__softimpute__07_pycombat__post0,K_ffpe_only,softimpute,07_pycombat,False,0.6590835504358281,0.5650050090674104,0.7003917485797208,0.665924809805104,0.7894436759994113,0.5853904593736281,0.316281105218764,0.6476012794720158,False,False,False,False,False,False,False,False,supplementary,A2_T15
K_ffpe_only__softimpute__07_pycombat__post1,K_ffpe_only,softimpute,07_pycombat,True,0.6652684548045984,0.5615313025794798,0.6597913398413082,0.6397468188475556,0.7876478398718535,0.5842941958861854,0.20767658973240463,0.6315844790182356,False,False,False,False,False,False,False,False,supplementary,A2_T15
K_ffpe_only__softimpute__08_inmoose_combatseq__post0,K_ffpe_only,softimpute,08_inmoose_combatseq,False,0.07146665689627403,0.19330622788079077,0.38046211627689003,0.30049246524799317,0.36095882950044345,0.757331749465611,0.610623421417416,0.23643186657548698,False,False,False,False,False,False,False,False,supplementary,A2_T15
K_ffpe_only__softimpute__08_inmoose_combatseq__post1,K_ffpe_only,softimpute,08_inmoose_combatseq,True,0.10664838151728892,0.24855244323753592,0.42472221274576827,0.21979785588265044,0.3554283356205203,0.7298228722121028,0.667101720034932,0.2499302233458109,False,False,False,False,False,False,False,False,supplementary,A2_T15
K_ffpe_only__softimpute__09_ruv__post0,K_ffpe_only,softimpute,09_ruv,False,0.5879909505249791,0.4416330077682209,0.5688575070572471,0.34961532122428957,0.2986571062371674,0.5634127792075957,0.45510438752746685,0.4870241966436842,False,False,False,False,False,False,False,False,supplementary,A2_T15
K_ffpe_only__softimpute__09_ruv__post1,K_ffpe_only,softimpute,09_ruv,True,0.624472480737031,0.41418479128747987,0.5989005317347579,0.34667453916834917,0.29508000186699457,0.5834576597103732,0.6566223492818216,0.49605808573190446,False,False,False,False,False,False,False,False,supplementary,A2_T15
K_ffpe_only__softimpute__10_mnn__post0,K_ffpe_only,softimpute,10_mnn,False,0.30589696652719667,0.6483965066523678,0.5981391355636185,0.5436941823398748,0.18337481813610387,0.573171269297907,0.1758911925817475,0.5240316977707644,False,False,False,False,False,False,False,False,supplementary,A2_T15
K_ffpe_only__softimpute__10_mnn__post1,K_ffpe_only,softimpute,10_mnn,True,0.30593998512902537,0.6509675409994998,0.5606471564112758,0.5200453433621888,0.18281261890587738,0.5735568581223228,0.13428476784309323,0.5094000064754974,False,False,False,False,False,False,False,False,supplementary,A2_T15
K_ffpe_only__softimpute__11_harmony__post0,K_ffpe_only,softimpute,11_harmony,False,0.030972866558287102,0.49105838884635333,0.28272616318061883,0.45899132089465583,0.17029315665421263,0.31956667738024663,0.08243737139738039,0.3159371848699788,False,False,False,False,False,False,False,False,supplementary,A2_T15
K_ffpe_only__softimpute__11_harmony__post1,K_ffpe_only,softimpute,11_harmony,True,0.0575513390432382,0.47973210868772426,0.2926485825519282,0.4161115772597701,0.17018424854675998,0.3469664373811459,0.21571405799876792,0.3115109018856652,False,False,False,False,False,False,False,False,supplementary,A2_T15
K_ffpe_only__softimpute__12_scanorama__post0,K_ffpe_only,softimpute,12_scanorama,False,0.2226621175031746,0.6410751586666849,0.5816647095073971,0.48742816420252993,0.1314896881646732,0.5844011649296679,0.14213225470085541,0.48320753746994666,False,False,False,False,False,False,False,False,supplementary,A2_T15
K_ffpe_only__softimpute__12_scanorama__post1,K_ffpe_only,softimpute,12_scanorama,True,0.2252168956934107,0.6565189823340475,0.5869438502586953,0.5219525364938212,0.1295068248308832,0.5874340536582618,0.12028185525675096,0.49765806619499364,False,False,False,False,False,False,False,False,supplementary,A2_T15
K_ffpe_only__softimpute__13_fsmvn__post0,K_ffpe_only,softimpute,13_fsmvn,False,0.7092713339488993,0.6883034912209631,0.8224787959034063,0.6523932904559808,0.8217306833262875,0.42566634357209043,0.27476402511297665,0.7181117278823124,False,False,True,False,True,False,False,False,supplementary,A2_T15
K_ffpe_only__softimpute__13_fsmvn__post1,K_ffpe_only,softimpute,13_fsmvn,True,0.7164822466034619,0.7234590695218522,0.8342731113464738,0.6314136041324079,0.8215059759968337,0.4250300616853836,0.48134828260739204,0.726407007901049,False,False,True,False,True,False,False,False,supplementary,A2_T15
K_ffpe_only__softimpute__14_qsmooth__post0,K_ffpe_only,softimpute,14_qsmooth,False,0.01100456804875582,0.16811274755463534,0.2163606410270196,0.27564251413117175,0.4773530997342694,0.30985076891467234,0.48303951976595044,0.16778011769039564,False,False,False,False,False,False,False,False,supplementary,A2_T15
K_ffpe_only__softimpute__14_qsmooth__post1,K_ffpe_only,softimpute,14_qsmooth,True,0.058500206489288775,0.1901450386447278,0.22704150152570401,0.20348128766907775,0.468917630977201,0.3196050802968201,0.5140591111282065,0.16979200858219956,False,False,False,False,False,False,False,False,supplementary,A2_T15
K_ffpe_only__softimpute__15_fsqn_py__post0,K_ffpe_only,softimpute,15_fsqn_py,False,0.17301964598090375,0.24288861284110697,0.5378164201624736,0.3243329412690148,0.43685836558672847,0.2962654208309309,0.36276012705776833,0.31951440506337475,False,False,False,False,False,False,False,False,supplementary,A2_T15
K_ffpe_only__softimpute__15_fsqn_py__post1,K_ffpe_only,softimpute,15_fsqn_py,True,0.19577028230503854,0.25906051137717717,0.5396964412753433,0.20831267816139318,0.4290690977248052,0.2962654208309309,0.30280206004640975,0.30070997827973805,False,False,False,False,False,False,False,False,supplementary,A2_T15
K_ffpe_only__softimpute__16_fsqn_r__post0,K_ffpe_only,softimpute,16_fsqn_r,False,0.029734223469169884,0.16214876100206047,0.19172664180239593,0.2768241947385967,0.7889117575807373,0.30953089174750453,0.2071220762291928,0.16510845525305573,False,False,False,False,False,False,False,False,supplementary,A2_T15
K_ffpe_only__softimpute__16_fsqn_r__post1,K_ffpe_only,softimpute,16_fsqn_r,True,0.06163119982918981,0.18986409692096742,0.19978492384275645,0.17853683843828544,0.7867885870416877,0.31934917856308587,0.31392349118151053,0.15745426475779978,False,False,False,False,False,False,False,False,supplementary,A2_T15
K_ffpe_only__softimpute__17_quantile__post0,K_ffpe_only,softimpute,17_quantile,False,0.1729077390874391,0.24280982019110597,0.5378164201624736,0.32435386177110687,0.43685836558672847,0.2962654208309309,0.36269740229403163,0.3194719603030314,False,False,False,False,False,False,False,False,supplementary,A2_T15
K_ffpe_only__softimpute__17_quantile__post1,K_ffpe_only,softimpute,17_quantile,True,0.19565837541157388,0.25911443582863053,0.5396964412753433,0.20833359866348522,0.4290690977248052,0.2962654208309309,0.3026138857551996,0.30070071279475824,False,False,False,False,False,False,False,False,supplementary,A2_T15
K_ffpe_only__softimpute__18_rank__post0,K_ffpe_only,softimpute,18_rank,False,0.16803627749912908,0.23590515116801367,0.42741690889032924,0.24848211175331414,0.48410787823644197,0.34703919692997964,0.35130983801074617,0.26996011232769657,False,False,False,False,False,False,False,False,supplementary,A2_T15
K_ffpe_only__softimpute__18_rank__post1,K_ffpe_only,softimpute,18_rank,True,0.18986397459573048,0.255574157093751,0.43017393399052467,0.25139901409558624,0.4753672088608335,0.3913220855850047,0.2715995472056703,0.2817527699438981,False,False,False,False,False,False,False,False,supplementary,A2_T15
K_ffpe_only__softimpute__19_tdm__post0,K_ffpe_only,softimpute,19_tdm,False,0.019131337956945348,0.1673903758203923,0.3838803558959248,0.24086597206354438,0.52347916769817,0.30660264728813313,0.21843811424435097,0.2028170104342017,False,False,False,False,False,False,False,False,supplementary,A2_T15
K_ffpe_only__softimpute__19_tdm__post1,K_ffpe_only,softimpute,19_tdm,True,0.0404990579218843,0.19416946080816735,0.4206848306816349,0.15832679060394136,0.5201655873017829,0.3148180758202465,0.2578210729812879,0.20342003500390698,False,False,False,False,False,False,False,False,supplementary,A2_T15
K_ffpe_only__softimpute__21_harmonizr__post0,K_ffpe_only,softimpute,21_harmonizr,False,0.6288990070721411,0.7105608629846611,0.8001245922283838,0.5734143308248708,0.7954441677456472,0.4966407306218148,0.0748402405230176,0.6782496982775142,False,False,False,False,False,False,False,False,supplementary,A2_T15
K_ffpe_only__softimpute__21_harmonizr__post1,K_ffpe_only,softimpute,21_harmonizr,True,0.649546999490566,0.6681573241016834,0.7929054969766237,0.5112210306297128,0.7932391636037248,0.522330280737974,0.19397393016871434,0.6554577127996465,False,False,False,False,False,False,False,False,supplementary,A2_T15
K_ffpe_only__softimpute__25_angel__post0,K_ffpe_only,softimpute,25_angel,False,0.5770587824904574,0.4427697207663766,0.5263379225942191,0.3391142592793757,0.4653011431908597,0.4405510786158024,0.5293384103906292,0.47132017128260717,False,False,False,False,False,False,False,False,supplementary,A2_T15
K_ffpe_only__softimpute__25_angel__post1,K_ffpe_only,softimpute,25_angel,True,0.579697432322082,0.46375802833396484,0.45449024750328476,0.3183450890198267,0.46606041047407565,0.44277806521927593,0.4790014644579708,0.4540726992947896,False,False,False,False,False,False,False,False,supplementary,A2_T15
K_ffpe_only__softimpute__26_xpn__post0,K_ffpe_only,softimpute,26_xpn,False,0.6036994124653978,0.7210890318552416,0.7963799417549381,0.5970084056592112,0.7120958211372749,0.2962654208309309,0.282884377333452,0.6795441979336972,False,False,False,False,False,False,False,False,supplementary,A2_T15
K_ffpe_only__softimpute__26_xpn__post1,K_ffpe_only,softimpute,26_xpn,True,0.6192202313616494,0.7303503950712817,0.8166961082451124,0.5956912755700229,0.7111787869458598,0.2962654208309309,0.1758086457065269,0.6904895025620166,False,False,True,False,False,False,False,False,supplementary,A2_T15
K_ffpe_only__softimpute__27_dwd__post0,K_ffpe_only,softimpute,27_dwd,False,0.029734223469169884,0.16214876100206047,0.19172664180239593,0.2768241947385967,0.7889117575807373,0.30953089174750453,0.2071220762291928,0.16510845525305573,False,False,False,False,False,False,False,False,supplementary,A2_T15
K_ffpe_only__softimpute__27_dwd__post1,K_ffpe_only,softimpute,27_dwd,True,0.06163119982918981,0.18986409692096742,0.19978492384275645,0.17853683843828544,0.7867885870416877,0.31934917856308587,0.31392349118151053,0.15745426475779978,False,False,False,False,False,False,False,False,supplementary,A2_T15
K_ffpe_only__softimpute__28_npn__post0,K_ffpe_only,softimpute,28_npn,False,0.6793416831171362,0.7033982975385896,0.6204630081569293,0.6611168588905578,0.7078384690350584,0.2818480389822856,0.284504088223883,0.6660799619258033,False,False,False,False,False,False,False,False,supplementary,A2_T15
K_ffpe_only__softimpute__28_npn__post1,K_ffpe_only,softimpute,28_npn,True,0.6827854538831224,0.6996740995467383,0.6110315450413437,0.6177802916509029,0.7067745664034452,0.2817892722202954,0.316012603155036,0.6528178475305269,False,False,False,False,False,False,False,False,supplementary,A2_T15
K_ffpe_only__softimpute__29_combat_ref__post0,K_ffpe_only,softimpute,29_combat_ref,False,0.6805592558706637,0.6435527421269452,0.7082130953506315,0.5643978379026308,0.5807828254533308,0.6599092737717144,0.6361453403281447,0.6491807328127178,False,False,False,False,False,False,False,False,supplementary,A2_T15
K_ffpe_only__softimpute__29_combat_ref__post1,K_ffpe_only,softimpute,29_combat_ref,True,0.6799832163071288,0.6416736468225283,0.6920920564998982,0.52363921217547,0.5762511307880299,0.659041132436975,0.42918183162752077,0.6343470329512564,False,False,False,False,False,False,False,False,supplementary,A2_T15
K_ffpe_only__softimpute__31_ruv3prps__post0,K_ffpe_only,softimpute,31_ruv3prps,False,0.09369960678071493,0.2241444531159612,0.24550328297742985,0.27932741615879353,0.2940748153665372,0.42258566454731616,0.436252211190712,0.2106686897582249,False,False,False,False,False,False,False,False,supplementary,A2_T15
K_ffpe_only__softimpute__31_ruv3prps__post1,K_ffpe_only,softimpute,31_ruv3prps,True,0.11669705867479764,0.24801020511118313,0.2576159132722222,0.2509172244842918,0.29376192508863946,0.44597183421216663,0.46034859537915035,0.2183101003856237,False,False,False,False,False,False,False,False,supplementary,A2_T15
K_ffpe_only__softimpute__20_shambhala__post0,K_ffpe_only,softimpute,20_shambhala,False,0.17904611313178231,0.24613953220700646,0.5221415787803816,0.3381384498975514,0.3664547881382592,0.2962654208309309,0.278249130589269,0.32136641850418046,False,False,False,False,False,False,False,False,supplementary,A2_T15
K_ffpe_only__softimpute__20_shambhala__post1,K_ffpe_only,softimpute,20_shambhala,True,0.2103582120930616,0.2681630274412667,0.5309191265840493,0.30006982240984703,0.36260789380312647,0.2962654208309309,0.26568933700739344,0.32737754713205613,False,False,False,False,False,False,False,False,supplementary,A2_T15
K_ffpe_only__strict__01_raw__post0,K_ffpe_only,strict,01_raw,False,0.03871738546165574,0.19428142928381112,0.22819726827333886,0.25582962807580073,0.8052026410950851,0.3112026692881488,0.16969643161918355,0.1792564277736516,False,False,False,False,True,False,False,False,supplementary,A2_T15
K_ffpe_only__strict__01_raw__post1,K_ffpe_only,strict,01_raw,True,0.06034602641564562,0.2276809955234438,0.23977531269604271,0.2108904042882347,0.8052026410950851,0.30810312722159405,0.213793888093029,0.1846731847308417,False,False,False,False,True,False,False,False,supplementary,A2_T15
K_ffpe_only__strict__02_median_scaling__post0,K_ffpe_only,strict,02_median_scaling,False,0.5337831810962568,0.6959018898783672,0.7860973777265535,0.6403498799459101,0.7935257994611263,0.6094168100718873,0.10228484806786939,0.6640330821617718,False,False,False,False,False,False,False,False,supplementary,A2_T15
K_ffpe_only__strict__02_median_scaling__post1,K_ffpe_only,strict,02_median_scaling,True,0.7165097550971484,0.7743938799241423,0.8775928148038659,0.7694447545165436,0.8052026410950851,0.5973254531529442,0.276858876790961,0.784485301085425,False,True,True,True,True,False,False,True,supplementary,A2_T15
K_ffpe_only__strict__03_limma__post0,K_ffpe_only,strict,03_limma,False,0.6931189610077052,0.6172321133868035,0.8123548623703623,0.7017430318059056,0.7723444018399896,0.5098407400150797,0.30386395218783113,0.7061122421426941,False,False,True,False,False,False,False,False,supplementary,A2_T15
K_ffpe_only__strict__03_limma__post1,K_ffpe_only,strict,03_limma,True,0.6936413882729067,0.6148849109143265,0.7639037982210521,0.648730929005143,0.793822613810764,0.5091940407854866,0.24061104200785766,0.6802902566033572,False,False,False,False,False,False,False,False,supplementary,A2_T15
K_ffpe_only__strict__04_sva__post0,K_ffpe_only,strict,04_sva,False,0.6617607121586138,0.7938793541737079,0.6769809979036129,0.6214202342646734,0.2772971113887224,0.6040452720065338,0.5852056598841776,0.688510324625152,False,True,False,False,False,False,False,False,supplementary,A2_T15
K_ffpe_only__strict__04_sva__post1,K_ffpe_only,strict,04_sva,True,0.7002177619183182,0.8208052918204801,0.704749558554162,0.6490878323962497,0.27687652659010276,0.6095896231964681,0.6966002616256544,0.7187151111723025,False,True,False,False,False,False,False,False,supplementary,A2_T15
K_ffpe_only__strict__05_combat__post0,K_ffpe_only,strict,05_combat,False,0.6502893191191289,0.6825263130665791,0.7441740421910393,0.5796375995924529,0.5690768890087087,0.6564013806922613,0.6833238383203345,0.6641568184923,False,False,False,False,False,False,False,False,supplementary,A2_T15
K_ffpe_only__strict__05_combat__post1,K_ffpe_only,strict,05_combat,True,0.6462293873589223,0.7265848343669227,0.7382821447891871,0.5301369946397066,0.5634829343193494,0.6562875844636101,0.4523857713606612,0.6603083402886847,False,False,False,False,False,False,False,False,supplementary,A2_T15
K_ffpe_only__strict__06_combat_seq__post0,K_ffpe_only,strict,06_combat_seq,False,0.08608227076411337,0.3273118136881979,0.40185765312393634,0.31395146518431394,0.33625161335185705,0.7598615158458085,0.7430564089165457,0.2823008006901404,False,False,False,False,False,False,False,False,supplementary,A2_T15
K_ffpe_only__strict__06_combat_seq__post1,K_ffpe_only,strict,06_combat_seq,True,0.11258886999322003,0.3759579681826181,0.4452486216957188,0.26023012552301256,0.33224320148246317,0.7321746020825151,0.6817885563289352,0.2985063963486424,False,False,False,False,False,False,False,False,supplementary,A2_T15
K_ffpe_only__strict__07_pycombat__post0,K_ffpe_only,strict,07_pycombat,False,0.6430085231848608,0.6559822247419282,0.7494942581107273,0.6782316088746382,0.7698229713979429,0.5359689956333676,0.3378750625328161,0.6816791537280387,False,False,False,False,False,False,False,False,supplementary,A2_T15
K_ffpe_only__strict__07_pycombat__post1,K_ffpe_only,strict,07_pycombat,True,0.6477209622681794,0.6716711957828052,0.758948264771997,0.6387450508122847,0.7677816344617661,0.5420498694094844,0.40421598989152835,0.6792713684088166,False,False,False,False,False,False,False,False,supplementary,A2_T15
K_ffpe_only__strict__08_inmoose_combatseq__post0,K_ffpe_only,strict,08_inmoose_combatseq,False,0.08632493079565332,0.3271667925512697,0.4019874800937353,0.32091784254746913,0.33625161335185705,0.7598615158458085,0.7445446777658755,0.28409926149703185,False,False,False,False,False,False,False,False,supplementary,A2_T15
K_ffpe_only__strict__08_inmoose_combatseq__post1,K_ffpe_only,strict,08_inmoose_combatseq,True,0.11305534381168927,0.3760283847239033,0.44537844866551773,0.2669104145518293,0.33224320148246317,0.7321746020825151,0.6817785282319114,0.3003431479382349,False,False,False,False,False,False,False,False,supplementary,A2_T15
K_ffpe_only__strict__09_ruv__post0,K_ffpe_only,strict,09_ruv,False,0.6105530658742973,0.525899701399696,0.6479465271771452,0.3846585481883257,0.2735552869834525,0.5621883000055853,0.1542113082402568,0.542264460659866,False,False,False,False,False,False,False,False,supplementary,A2_T15
K_ffpe_only__strict__09_ruv__post1,K_ffpe_only,strict,09_ruv,True,0.6411117832808292,0.5376324800217192,0.6744376955813902,0.3743087244299771,0.27030228173925663,0.5786488200122689,0.3227067090422274,0.5568726708284789,False,False,False,False,False,False,False,False,supplementary,A2_T15
K_ffpe_only__strict__10_mnn__post0,K_ffpe_only,strict,10_mnn,False,0.34061332937523175,0.7003926508549841,0.6694688041476374,0.5594925139438798,0.1990138796188658,0.5613776894769006,0.3261462714149497,0.5674918245804332,False,False,False,False,False,False,False,False,supplementary,A2_T15
K_ffpe_only__strict__10_mnn__post1,K_ffpe_only,strict,10_mnn,True,0.3418525577514487,0.6826932382527163,0.6296622747149946,0.5398217730546929,0.19837560235669002,0.5616353274344492,0.26571326024539116,0.5485074609434631,False,False,False,False,False,False,False,False,supplementary,A2_T15
K_ffpe_only__strict__11_harmony__post0,K_ffpe_only,strict,11_harmony,False,0.040663406539483,0.508469116127126,0.3452683067398344,0.5323171750392377,0.18904327394031925,0.3107026074020695,0.15208089473921352,0.35667950111142027,False,False,False,False,False,False,False,False,supplementary,A2_T15
K_ffpe_only__strict__11_harmony__post1,K_ffpe_only,strict,11_harmony,True,0.06275793602484239,0.5099520578885,0.3534439271414336,0.44956995913291353,0.1894606416536785,0.3368784178963594,0.25825687853485735,0.34393097004692236,False,False,False,False,False,False,False,False,supplementary,A2_T15
K_ffpe_only__strict__12_scanorama__post0,K_ffpe_only,strict,12_scanorama,False,0.1764858917715189,0.5921717301908112,0.5137035362577294,0.5201758108801594,0.07206628839527487,0.5783083435795061,0.3126926382456977,0.45063424227505466,False,False,False,False,False,False,False,False,supplementary,A2_T15
K_ffpe_only__strict__12_scanorama__post1,K_ffpe_only,strict,12_scanorama,True,0.17885478277888697,0.5736196525080739,0.4935760983553529,0.4935620104658697,0.07177943712782887,0.5786904599562931,0.31075464061191654,0.4349031360270459,False,False,False,False,False,False,False,False,supplementary,A2_T15
K_ffpe_only__strict__13_fsmvn__post0,K_ffpe_only,strict,13_fsmvn,False,0.7180141477938891,0.7007073518267729,0.8355800348968283,0.6593105973486962,0.7966823221986933,0.4206174930022823,0.3663449142529353,0.7284030329665466,False,False,True,False,False,False,False,False,supplementary,A2_T15
K_ffpe_only__strict__13_fsmvn__post1,K_ffpe_only,strict,13_fsmvn,True,0.7328311589527388,0.6810471122477691,0.8533739756785906,0.6192266718608945,0.7965394484721124,0.42604672372506286,0.4307648383719824,0.7216197296849982,False,False,True,False,False,False,False,False,supplementary,A2_T15
K_ffpe_only__strict__14_qsmooth__post0,K_ffpe_only,strict,14_qsmooth,False,0.015210499675985064,0.17766830072783232,0.2543504763639976,0.2558980457966085,0.45680680291190856,0.2970917456565124,0.09844367492246531,0.17578183064110586,False,False,False,False,False,False,False,False,supplementary,A2_T15
K_ffpe_only__strict__14_qsmooth__post1,K_ffpe_only,strict,14_qsmooth,True,0.050750946760412495,0.2041350465905426,0.26676979096400644,0.22480811947723095,0.44352860992813786,0.30810312722159405,0.18092628043443176,0.18661597594804813,False,False,False,False,False,False,False,False,supplementary,A2_T15
K_ffpe_only__strict__15_fsqn_py__post0,K_ffpe_only,strict,15_fsqn_py,False,0.17696524190618176,0.2700003121754964,0.6104922180033396,0.3065462629652798,0.4564374347708249,0.29599895461669856,0.2708455017252634,0.3410010087625744,False,False,False,False,False,False,False,False,supplementary,A2_T15
K_ffpe_only__strict__15_fsqn_py__post1,K_ffpe_only,strict,15_fsqn_py,True,0.20752313991077417,0.2925302739353743,0.6202249824756899,0.2772596483407813,0.4430763963919052,0.30807721628822776,0.3703914058965061,0.34938451116565494,False,False,False,False,False,False,False,False,supplementary,A2_T15
K_ffpe_only__strict__16_fsqn_r__post0,K_ffpe_only,strict,16_fsqn_r,False,0.038717385461655734,0.1942005426066311,0.22819726827333886,0.26698048044110984,0.7698229713979429,0.29760354912398096,0.1695709820917101,0.1820239191956839,False,False,False,False,False,False,False,False,supplementary,A2_T15
K_ffpe_only__strict__16_fsqn_r__post1,K_ffpe_only,strict,16_fsqn_r,True,0.0608778768031525,0.22779918449844536,0.23977531269604271,0.23008367264377466,0.7677816344617661,0.30899878328966385,0.21408683773969725,0.18963401166035382,False,False,False,False,False,False,False,False,supplementary,A2_T15
K_ffpe_only__strict__17_quantile__post0,K_ffpe_only,strict,17_quantile,False,0.1767225818746418,0.2700791048254974,0.6106220449731387,0.3065671834673719,0.4564374347708249,0.29599895461669856,0.2708455017252634,0.34099772878516244,False,False,False,False,False,False,False,False,supplementary,A2_T15
K_ffpe_only__strict__17_quantile__post1,K_ffpe_only,strict,17_quantile,True,0.20746718646404183,0.2925841983868276,0.6203548094454888,0.2772805688428734,0.4430763963919052,0.30807721628822776,0.3703914058965061,0.3494216907848079,False,False,False,False,False,False,False,False,supplementary,A2_T15
K_ffpe_only__strict__18_rank__post0,K_ffpe_only,strict,18_rank,False,0.1727104388061267,0.2554902208167142,0.5025040969487674,0.29962073395938765,0.45723786821972234,0.2970917456565124,0.2909921920918221,0.307581372632749,False,False,False,False,False,False,False,False,supplementary,A2_T15
K_ffpe_only__strict__18_rank__post1,K_ffpe_only,strict,18_rank,True,0.20341705826275552,0.2758594307103113,0.5101965898667858,0.26195551443458454,0.4440017089655438,0.30810312722159405,0.3622260442807057,0.31285714831860933,False,False,False,False,False,False,False,False,supplementary,A2_T15
K_ffpe_only__strict__19_tdm__post0,K_ffpe_only,strict,19_tdm,False,0.026686223840007794,0.19191031609679599,0.37192212641500483,0.24788047407318614,0.5022813882391755,0.2920298734080961,0.2074909903493939,0.2095997851062487,False,False,False,False,False,False,False,False,supplementary,A2_T15
K_ffpe_only__strict__19_tdm__post1,K_ffpe_only,strict,19_tdm,True,0.04399761156040351,0.22512454151475605,0.4038626659659234,0.15248369624255045,0.49838882021008696,0.3025605711105187,0.19935911190348785,0.20636712882090835,False,False,False,False,False,False,False,False,supplementary,A2_T15
K_ffpe_only__strict__21_harmonizr__post0,K_ffpe_only,strict,21_harmonizr,False,0.6009011548416823,0.6946609004895788,0.8104360973096287,0.542256342639242,0.7698229713979429,0.49194486318173786,0.1431691842776967,0.6620636238200329,False,False,True,False,False,False,False,False,supplementary,A2_T15
K_ffpe_only__strict__21_harmonizr__post1,K_ffpe_only,strict,21_harmonizr,True,0.6040351331457917,0.7091367251650413,0.7989582904782648,0.5132676251016058,0.7677816344617661,0.49505535228658026,0.12597861024695112,0.656349443472676,False,False,False,False,False,False,False,False,supplementary,A2_T15
K_ffpe_only__strict__25_angel__post0,K_ffpe_only,strict,25_angel,False,0.5782709120739578,0.5760717258886177,0.5884583276833358,0.4116775732966741,0.42666189415676053,0.4644517885076933,0.3604284025520468,0.5386196347356463,False,False,False,False,False,False,False,False,supplementary,A2_T15
K_ffpe_only__strict__25_angel__post1,K_ffpe_only,strict,25_angel,True,0.5936451165517318,0.6213221468634615,0.6321660093423115,0.3538975438543918,0.4267294478331632,0.4724333565202591,0.4280637877607478,0.5502577041529741,False,False,False,False,False,False,False,False,supplementary,A2_T15
K_ffpe_only__strict__26_xpn__post0,K_ffpe_only,strict,26_xpn,False,0.5900615792263347,0.694679554901739,0.8044846402991314,0.5970362746897512,0.6847993907875372,0.4115639686356759,0.32514916396382454,0.6715655122792391,False,False,False,False,False,False,False,False,supplementary,A2_T15
K_ffpe_only__strict__26_xpn__post1,K_ffpe_only,strict,26_xpn,True,0.618606499308893,0.7093554071658688,0.8373965925011796,0.5802815558710384,0.6835798366051559,0.4118302877122968,0.1720514239317249,0.6864100137117449,False,False,True,False,False,False,False,False,supplementary,A2_T15
K_ffpe_only__strict__27_dwd__post0,K_ffpe_only,strict,27_dwd,False,0.038717385461655734,0.1942005426066311,0.22819726827333886,0.26698048044110984,0.7698229713979429,0.29760354912398096,0.1695709820917101,0.1820239191956839,False,False,False,False,False,False,False,False,supplementary,A2_T15
K_ffpe_only__strict__27_dwd__post1,K_ffpe_only,strict,27_dwd,True,0.0608778768031525,0.22779918449844536,0.23977531269604271,0.17854420837344503,0.7677816344617661,0.30899878328966385,0.21408683773969725,0.17674914559277138,False,False,False,False,False,False,False,False,supplementary,A2_T15
K_ffpe_only__strict__28_npn__post0,K_ffpe_only,strict,28_npn,False,0.6766836017538012,0.6858841731730602,0.6341766139304397,0.6497014192978053,0.6925242205538388,0.2811477816621453,0.38692310305389355,0.6616114520387766,False,False,False,False,False,False,False,False,supplementary,A2_T15
K_ffpe_only__strict__28_npn__post1,K_ffpe_only,strict,28_npn,True,0.6810968420717478,0.7531232200699053,0.6251333842421989,0.6452712735472705,0.6916058722763799,0.2810890149001551,0.3853277180234698,0.6761561799827807,False,False,False,False,False,False,False,False,supplementary,A2_T15
K_ffpe_only__strict__29_combat_ref__post0,K_ffpe_only,strict,29_combat_ref,False,0.6502333656723965,0.6825760494636745,0.7441740421910393,0.5772586744230475,0.5689950554058357,0.6564013806922613,0.6833238383203345,0.6635605329375394,False,False,False,False,False,False,False,False,supplementary,A2_T15
K_ffpe_only__strict__29_combat_ref__post1,K_ffpe_only,strict,29_combat_ref,True,0.646387824576814,0.7266097025654704,0.7382414513733817,0.5301160741376146,0.5634011007164763,0.6562875844636101,0.4523857713606612,0.6603387631633202,False,False,False,False,False,False,False,False,supplementary,A2_T15
K_ffpe_only__strict__31_ruv3prps__post0,K_ffpe_only,strict,31_ruv3prps,False,0.09445527095515108,0.24105989707363618,0.30736907001266195,0.28651919928978925,0.25570889232308486,0.40730412879320016,0.08694027722341825,0.23235085933280963,False,False,False,False,False,False,False,False,supplementary,A2_T15
K_ffpe_only__strict__31_ruv3prps__post1,K_ffpe_only,strict,31_ruv3prps,True,0.1279166026752771,0.2694070217700121,0.33416949427203846,0.22679927555503948,0.26309153171164473,0.38811632487678555,0.24825585081877027,0.23957309856809178,False,False,False,False,False,False,False,False,supplementary,A2_T15
K_ffpe_only__strict__33_amdbnorm__post0,K_ffpe_only,strict,33_amdbnorm,False,0.7213972242876354,0.6442665798111986,0.86364983188849,0.712226282293801,0.45138144072506886,0.5351523230350935,0.32678160894571423,0.7353849795702813,False,False,True,True,False,False,False,False,supplementary,A2_T15
K_ffpe_only__strict__33_amdbnorm__post1,K_ffpe_only,strict,33_amdbnorm,True,0.7224226472863281,0.6915720085919366,0.8573287966085824,0.6680656308177538,0.43591643396640367,0.5357952849693574,0.365244117589447,0.7348472708261503,False,False,True,False,False,False,False,False,supplementary,A2_T15
K_ffpe_only__strict__20_shambhala__post0,K_ffpe_only,strict,20_shambhala,False,0.17866386212696142,0.2645041675820361,0.5546498526593702,0.3059053314504257,0.33664475671700517,0.5702531184786771,0.15762242489985295,0.3259308034546983,False,False,False,False,False,False,False,False,supplementary,A2_T15
K_ffpe_only__strict__20_shambhala__post1,K_ffpe_only,strict,20_shambhala,True,0.21272768838752937,0.28285363751799336,0.5723806850682137,0.2860145038825605,0.32935710573605825,0.573906663079648,0.31065798323976335,0.33849412871407425,False,False,False,False,False,False,False,False,supplementary,A2_T15
S0_no_removal__knn__01_raw__post0,S0_no_removal,knn,01_raw,False,0.13122781639752973,0.30196175413023224,0.30956149655616516,0.25521734112050437,0.815203048029243,0.432872368477138,0.43202143161370865,0.2494921020511079,False,False,False,False,True,False,False,False,supplementary,A2_T15
S0_no_removal__knn__01_raw__post1,S0_no_removal,knn,01_raw,True,0.1566603439013713,0.311691989591745,0.3214607603616812,0.2799248605611732,0.815203048029243,0.4355812097554201,0.5243367465030694,0.26743448860399266,False,False,False,False,True,False,False,False,supplementary,A2_T15
S0_no_removal__knn__02_median_scaling__post0,S0_no_removal,knn,02_median_scaling,False,0.5131714708082783,0.5940918673748673,0.5672677230965516,0.6075788935513484,0.6408294699312059,0.4244620522839042,0.2552177675952438,0.5705274887077614,False,False,False,False,False,False,False,False,supplementary,A2_T15
S0_no_removal__knn__02_median_scaling__post1,S0_no_removal,knn,02_median_scaling,True,0.6669505302489507,0.6563681789025075,0.6608388840983713,0.6927051423472738,0.6256554503872321,0.39455194272592675,0.26040754598465854,0.6692156838992758,False,False,False,False,False,False,False,False,supplementary,A2_T15
S0_no_removal__knn__03_limma__post0,S0_no_removal,knn,03_limma,False,0.670650144397552,0.5352483100217005,0.6762145269580158,0.6326996049018384,0.6582896312505541,0.39327432265541157,0.26808803112856877,0.6287031465697767,False,False,False,False,False,False,False,False,supplementary,A2_T15
S0_no_removal__knn__03_limma__post1,S0_no_removal,knn,03_limma,True,0.6732393177357232,0.4973143451617383,0.6753553231823377,0.6201581890921015,0.65609530383283,0.3850477364622515,0.3046311758507449,0.6165167937929752,False,False,False,False,False,False,False,False,supplementary,A2_T15
S0_no_removal__knn__04_sva__post0,S0_no_removal,knn,04_sva,False,0.16210135003503715,0.29408600157355663,0.3124979475432582,0.27947894053110595,0.6765766555734921,0.42011427396479545,0.43537312200687517,0.2620410599207395,False,False,False,False,False,False,False,False,supplementary,A2_T15
S0_no_removal__knn__04_sva__post1,S0_no_removal,knn,04_sva,True,0.1931074465682408,0.306961536722833,0.32570918898373263,0.2825460598348742,0.6759675026281907,0.42357592111737585,0.528931171804761,0.27708105802742017,False,False,False,False,False,False,False,False,supplementary,A2_T15
S0_no_removal__knn__05_combat__post0,S0_no_removal,knn,05_combat,False,0.4340964902955221,0.3989004102508043,0.40944360617575704,0.4925582763613842,0.4409704287695831,0.2940205520594678,0.5223883170419367,0.43374969577086697,False,False,False,False,False,False,False,False,supplementary,A2_T15
S0_no_removal__knn__05_combat__post1,S0_no_removal,knn,05_combat,True,0.44588001947842526,0.42154809849275177,0.4214957074742093,0.47383316591845587,0.43893594454922447,0.2941433869118507,0.5276338944288994,0.44068924784096053,False,False,False,False,False,False,False,False,supplementary,A2_T15
S0_no_removal__knn__06_combat_seq__post0,S0_no_removal,knn,06_combat_seq,False,0.15930275354630374,0.32055240387953327,0.5178881281933457,0.27510998192074027,0.3417747238972353,0.5767875067380842,0.7088342474957225,0.3182133168849808,False,False,False,False,False,False,False,False,supplementary,A2_T15
S0_no_removal__knn__06_combat_seq__post1,S0_no_removal,knn,06_combat_seq,True,0.19868120777956008,0.36206726250967236,0.538466767870992,0.3063134949928329,0.33993682114295254,0.5768123760972536,0.6992402369586215,0.3513821832882643,False,False,False,False,False,False,False,False,supplementary,A2_T15
S0_no_removal__knn__07_pycombat__post0,S0_no_removal,knn,07_pycombat,False,0.647231209018588,0.5168280031721728,0.6561120229732997,0.6082517735409717,0.669415384217532,0.6302415281601096,0.3090904253006833,0.6071057521762581,False,False,False,False,False,False,False,False,supplementary,A2_T15
S0_no_removal__knn__07_pycombat__post1,S0_no_removal,knn,07_pycombat,True,0.6497591158925544,0.5226940652978288,0.6556775066015759,0.5838141089885643,0.6677232435632726,0.6303784947204698,0.3527114176787555,0.6029861991951309,False,False,False,False,False,False,False,False,supplementary,A2_T15
S0_no_removal__knn__08_inmoose_combatseq__post0,S0_no_removal,knn,08_inmoose_combatseq,False,0.15882252508511716,0.3206141668419593,0.5177815598893314,0.26177768470881413,0.3417747238972353,0.5767875067380842,0.7087347799115059,0.3147489841313055,False,False,False,False,False,False,False,False,supplementary,A2_T15
S0_no_removal__knn__08_inmoose_combatseq__post1,S0_no_removal,knn,08_inmoose_combatseq,True,0.19845884617292225,0.36208971343278634,0.5387523872045497,0.2888430688050704,0.33993682114295254,0.5768123760972536,0.6989615968230304,0.34703600390383216,False,False,False,False,False,False,False,False,supplementary,A2_T15
S0_no_removal__knn__09_ruv__post0,S0_no_removal,knn,09_ruv,False,0.4698055070485461,0.4761847833651027,0.680972895014057,0.42071981280182286,0.28347185790614726,0.45626960062101374,0.40140277900489457,0.5119207495573822,False,False,False,False,False,False,False,False,supplementary,A2_T15
S0_no_removal__knn__09_ruv__post1,S0_no_removal,knn,09_ruv,True,0.5254380902060232,0.4592887709067744,0.6845841802064611,0.43336232862313206,0.2824199131876435,0.4869339729547935,0.4396035773313789,0.5256683424855977,False,False,False,False,False,False,False,False,supplementary,A2_T15
S0_no_removal__knn__10_mnn__post0,S0_no_removal,knn,10_mnn,False,0.36640283544608826,0.6984530515650746,0.8127699298694582,0.657927402878062,0.20343113485645253,0.8369681310711183,0.337592438496273,0.6338883049396707,False,False,True,False,False,True,False,False,supplementary,A2_T15
S0_no_removal__knn__10_mnn__post1,S0_no_removal,knn,10_mnn,True,0.43064046412809875,0.7356479467093406,0.8506529384489099,0.6411555937305344,0.20328849762937426,0.830720260012066,0.34505933451807685,0.6645242357542209,False,False,True,False,False,True,False,False,supplementary,A2_T15
S0_no_removal__knn__11_harmony__post0,S0_no_removal,knn,11_harmony,False,0.28812767748378365,0.48162000659533677,0.31208147776295936,0.45395970683766523,0.18659670329827385,0.729544236842789,0.23347209359474452,0.38394721716993624,False,False,False,False,False,False,False,False,supplementary,A2_T15
S0_no_removal__knn__11_harmony__post1,S0_no_removal,knn,11_harmony,True,0.29796615536550947,0.47665436840526026,0.3152452941426388,0.4447419136229185,0.18593902532620585,0.72933948810049,0.25354972879003573,0.3836519328840818,False,False,False,False,False,False,False,False,supplementary,A2_T15
S0_no_removal__knn__12_scanorama__post0,S0_no_removal,knn,12_scanorama,False,0.31230208955205013,0.4735461444057371,0.6731161440696235,0.5655941213631912,0.20203126973365174,0.8177150386311552,0.40280073089692203,0.5061396248476504,False,False,False,False,False,True,False,False,supplementary,A2_T15
S0_no_removal__knn__12_scanorama__post1,S0_no_removal,knn,12_scanorama,True,0.2803063512079224,0.49061263976874103,0.6951495190425266,0.5067553975673528,0.20214687941003834,0.8059559133836496,0.5647057176938458,0.4932059768966357,False,False,False,False,False,True,False,False,supplementary,A2_T15
S0_no_removal__knn__13_fsmvn__post0,S0_no_removal,knn,13_fsmvn,False,0.7101694438515013,0.654671888352083,0.5029836613904977,0.5957364948861876,0.6341054306551668,0.6468502453727528,0.2441892387743448,0.6158903721200675,False,False,False,False,False,False,False,False,supplementary,A2_T15
S0_no_removal__knn__13_fsmvn__post1,S0_no_removal,knn,13_fsmvn,True,0.7147073021161943,0.655562050193636,0.5076803711802067,0.5647691843208722,0.6360075943121006,0.6478773004850595,0.2541719501771454,0.6106797269527273,False,False,False,False,False,False,False,False,supplementary,A2_T15
S0_no_removal__knn__14_qsmooth__post0,S0_no_removal,knn,14_qsmooth,False,0.08645573068765242,0.2002477997037545,0.4460469235058424,0.307391940541534,0.46935099958602267,0.43349360736540565,0.4737949323176646,0.26003559860969583,False,False,False,False,False,False,False,False,supplementary,A2_T15
S0_no_removal__knn__14_qsmooth__post1,S0_no_removal,knn,14_qsmooth,True,0.11023842033905615,0.20892838302042804,0.45994713506135054,0.283166822065421,0.4624095527703709,0.4365448476695204,0.5332367555483796,0.2655701901215639,False,False,False,False,False,False,False,False,supplementary,A2_T15
S0_no_removal__knn__15_fsqn_py__post0,S0_no_removal,knn,15_fsqn_py,False,0.3766199256867834,0.38773899267340617,0.38130185999266686,0.37901397228738687,0.4696891735897683,0.4263489712928766,0.4969557315208501,0.3811686876600608,False,False,False,False,False,False,False,False,supplementary,A2_T15
S0_no_removal__knn__15_fsqn_py__post1,S0_no_removal,knn,15_fsqn_py,True,0.4045192536128805,0.3970077355425958,0.3826847256733896,0.3784568393442161,0.46215334900981075,0.42927664530369636,0.5540723675296019,0.39066713854327045,False,False,False,False,False,False,False,False,supplementary,A2_T15
S0_no_removal__knn__16_fsqn_r__post0,S0_no_removal,knn,16_fsqn_r,False,0.6776285070537575,0.7171381294597405,0.7516779906556632,0.6597032681149587,0.5932848610998762,0.5466940326982632,0.2802592873691715,0.70153697382103,False,False,False,False,False,False,False,False,supplementary,A2_T15
S0_no_removal__knn__16_fsqn_r__post1,S0_no_removal,knn,16_fsqn_r,True,0.6760867769079716,0.7183383917502248,0.7470794154075542,0.6445398508939438,0.5909002095396388,0.5468304801032622,0.3016750023547902,0.6965111087399236,False,False,False,False,False,False,False,False,supplementary,A2_T15
S0_no_removal__knn__17_quantile__post0,S0_no_removal,knn,17_quantile,False,0.3790935082484273,0.3931699816157036,0.6747729131462405,0.3850070495707002,0.47040431751544604,0.42885835745803236,0.494577787893326,0.45801086314526795,False,False,False,False,False,False,False,False,supplementary,A2_T15
S0_no_removal__knn__17_quantile__post1,S0_no_removal,knn,17_quantile,True,0.40759259344342164,0.392279048218467,0.6773926497224332,0.39286036377994277,0.46260353896149164,0.43164575227882634,0.5531093921057039,0.4675311637910662,False,False,False,False,False,False,False,False,supplementary,A2_T15
S0_no_removal__knn__18_rank__post0,S0_no_removal,knn,18_rank,False,0.3898294849974368,0.3876812839225577,0.5108708291860807,0.38270566298465036,0.47150509622387415,0.4326339575135445,0.4830457111428095,0.41777181527268137,False,False,False,False,False,False,False,False,supplementary,A2_T15
S0_no_removal__knn__18_rank__post1,S0_no_removal,knn,18_rank,True,0.41593027293127594,0.39443990383463196,0.5138798511469318,0.3857338831509761,0.4642968163271679,0.435582169247528,0.5409957747084951,0.42749597776595394,False,False,False,False,False,False,False,False,supplementary,A2_T15
S0_no_removal__knn__19_tdm__post0,S0_no_removal,knn,19_tdm,False,0.11585821329921528,0.3043789762959878,0.3476417867926974,0.2478487079213272,0.5341465428307974,0.38618137493341653,0.4435017342916366,0.25393192107730694,False,False,False,False,False,False,False,False,supplementary,A2_T15
S0_no_removal__knn__19_tdm__post1,S0_no_removal,knn,19_tdm,True,0.14059059831302828,0.32105136989048605,0.352998704286385,0.24919872573631724,0.5323966168966977,0.3890622809997633,0.5005576514069291,0.26595984955655416,False,False,False,False,False,False,False,False,supplementary,A2_T15
S0_no_removal__knn__21_harmonizr__post0,S0_no_removal,knn,21_harmonizr,False,0.3868932972090829,0.4771834903081454,0.4767856407067646,0.4106350442452611,0.7166861823501491,0.26145797251365827,0.2678952136800698,0.4378743681173135,False,False,False,False,False,False,False,False,supplementary,A2_T15
S0_no_removal__knn__21_harmonizr__post1,S0_no_removal,knn,21_harmonizr,True,0.4040624454233534,0.4473196082049833,0.48402891973794115,0.4253895917085832,0.7154151793445354,0.26100328928254884,0.3492517668942819,0.44020014126871526,False,False,False,False,False,False,False,False,supplementary,A2_T15
S0_no_removal__knn__25_angel__post0,S0_no_removal,knn,25_angel,False,0.6393910514885102,0.7311070289311532,0.5466467036398058,0.538359403351736,0.3795042524619517,0.35899124805764565,0.6321130642482234,0.6138760468528013,False,False,False,False,False,False,False,False,supplementary,A2_T15
S0_no_removal__knn__25_angel__post1,S0_no_removal,knn,25_angel,True,0.6421923573403898,0.7347161939045554,0.5526256879638405,0.5302684215008009,0.3778816025067145,0.35864135651848517,0.6320432591423656,0.6149506651773966,False,False,False,False,False,False,False,False,supplementary,A2_T15
S0_no_removal__knn__26_xpn__post0,S0_no_removal,knn,26_xpn,False,0.561621070654141,0.722652877343051,0.4167540245878894,0.6151073985513414,0.5852854275656993,0.4932649635761479,0.2610619191299802,0.5790338427841057,False,False,False,False,False,False,False,False,supplementary,A2_T15
S0_no_removal__knn__26_xpn__post1,S0_no_removal,knn,26_xpn,True,0.5882160329592493,0.7176180571631057,0.4148547859631059,0.6286574759150934,0.5815517824360398,0.4983502648010153,0.24417695354655927,0.5873365880001384,False,False,False,False,False,False,False,False,supplementary,A2_T15
S0_no_removal__knn__27_dwd__post0,S0_no_removal,knn,27_dwd,False,0.1313171619414207,0.3033484203565455,0.3119445998765162,0.26635063824034216,0.7159445616131298,0.43257599226433213,0.432905502833932,0.25324020510370615,False,False,False,False,False,False,False,False,supplementary,A2_T15
S0_no_removal__knn__27_dwd__post1,S0_no_removal,knn,27_dwd,True,0.1561818770181498,0.3117143241474699,0.3242360513196042,0.27995158656779207,0.7143731896461335,0.43568919327401273,0.5241261752507966,0.268020959763254,False,False,False,False,False,False,False,False,supplementary,A2_T15
S0_no_removal__knn__28_npn__post0,S0_no_removal,knn,28_npn,False,0.6676112598731968,0.653576491535415,0.17244623600039094,0.6019458607938394,0.6380639454546666,0.20171410953546004,0.27074933050407035,0.5238949620507105,False,False,False,False,False,False,False,False,supplementary,A2_T15
S0_no_removal__knn__28_npn__post1,S0_no_removal,knn,28_npn,True,0.6684240513502921,0.6365515943189428,0.5485720274610402,0.6161382511645728,0.6346201350414638,0.20207213561321957,0.30474232640610494,0.617421481073712,False,False,False,False,False,False,False,False,supplementary,A2_T15
S0_no_removal__knn__29_combat_ref__post0,S0_no_removal,knn,29_combat_ref,False,0.5253298831952663,0.43874813001627816,0.1826352117341809,0.4563597357708911,0.5368899284193519,0.570208881854242,0.8299567506659747,0.40076824017915413,False,False,False,False,False,False,True,False,supplementary,A2_T15
S0_no_removal__knn__29_combat_ref__post1,S0_no_removal,knn,29_combat_ref,True,0.5409063635704295,0.45206212244572486,0.19241604026674486,0.4458368978174997,0.5355020552745855,0.5734965732678455,0.8196819121264781,0.4078053560250997,False,False,False,False,False,False,True,False,supplementary,A2_T15
S0_no_removal__knn__31_ruv3prps__post0,S0_no_removal,knn,31_ruv3prps,False,0.1313171619414207,0.3033484203565455,0.3119445998765162,0.26635063824034216,0.7106853843915542,0.4076596667528132,0.432905502833932,0.25324020510370615,False,False,False,False,False,False,False,False,supplementary,A2_T15
S0_no_removal__knn__31_ruv3prps__post1,S0_no_removal,knn,31_ruv3prps,True,0.1561818770181498,0.3117143241474699,0.3242360513196042,0.27995158656779207,0.7091856726734793,0.41093244571261467,0.5241261752507966,0.268020959763254,False,False,False,False,False,False,False,False,supplementary,A2_T15
S0_no_removal__knn__36_explobatch__post0,S0_no_removal,knn,36_explobatch,False,0.1313171619414207,0.3034584773493241,0.3100198013089244,0.2663065182346076,0.7447607629217102,0.4326339575135445,0.43293180272237525,0.2527754897085692,False,False,False,False,False,False,False,False,supplementary,A2_T15
S0_no_removal__knn__36_explobatch__post1,S0_no_removal,knn,36_explobatch,True,0.15665349072151286,0.3116085403181549,0.32240077826678415,0.2799248605611732,0.7441076709120164,0.435582169247528,0.5242316793154527,0.2676469174669063,False,False,False,False,False,False,False,False,supplementary,A2_T15
S0_no_removal__knn__20_shambhala__post0,S0_no_removal,knn,20_shambhala,False,0.24938169863044604,0.3673226278811652,0.708093117484997,0.41060050190850256,0.3162096783790594,0.7858278386789145,0.37362771453028687,0.4338494864762777,False,False,False,False,False,False,False,False,supplementary,A2_T15
S0_no_removal__knn__20_shambhala__post1,S0_no_removal,knn,20_shambhala,True,0.27329904224664664,0.3793744963807458,0.7095674744740457,0.4015442068612154,0.31502345097303885,,,0.4409463049906634,False,False,False,False,False,False,False,False,supplementary,A2_T15
S0_no_removal__softimpute__01_raw__post0,S0_no_removal,softimpute,01_raw,False,0.20874027577914447,0.2708971943923274,0.1634905679470596,0.2722442783596869,0.815203048029243,0.4602405633610565,0.5954006387767297,0.2288430791195546,False,False,False,False,True,False,False,False,supplementary,A2_T15
S0_no_removal__softimpute__01_raw__post1,S0_no_removal,softimpute,01_raw,True,0.2270819998317748,0.27551447335887075,0.17047512154942615,0.2781521210455459,0.815203048029243,0.46501964731883594,0.6260972271970413,0.2378059289464044,False,False,False,False,True,False,False,False,supplementary,A2_T15
S0_no_removal__softimpute__02_median_scaling__post0,S0_no_removal,softimpute,02_median_scaling,False,0.6126740979247611,0.6043134264122846,0.416929248557353,0.6606554650460559,0.6368150532927294,0.36648377528149095,0.24502543243231067,0.5736430594851136,False,False,False,False,False,False,False,False,supplementary,A2_T15
S0_no_removal__softimpute__02_median_scaling__post1,S0_no_removal,softimpute,02_median_scaling,True,0.7318980409718235,0.6486500009944541,0.4543458772427247,0.6990041949097066,0.6191142904241004,0.3361862008839632,0.27012362090146863,0.6334745285296772,False,False,False,False,False,False,False,False,supplementary,A2_T15
S0_no_removal__softimpute__03_limma__post0,S0_no_removal,softimpute,03_limma,False,0.7328455683121199,0.5238899038150404,0.5385719891471883,0.6385635333683779,0.6556856994102757,0.3502101291980145,0.26883851480390125,0.6084677486606817,False,False,False,False,False,False,False,False,supplementary,A2_T15
S0_no_removal__softimpute__03_limma__post1,S0_no_removal,softimpute,03_limma,True,0.7327761858871255,0.5299005492282511,0.5500891289974875,0.6271066243650654,0.6507366165649798,0.35133264353284477,0.22808499511196056,0.6099681221194824,False,False,False,False,False,False,False,False,supplementary,A2_T15
S0_no_removal__softimpute__04_sva__post0,S0_no_removal,softimpute,04_sva,False,0.24592669196777106,0.27259778503817,0.1713709466693198,0.303483620175073,0.6774042726938941,0.4571769671933134,0.5685304007494733,0.24834476096258346,False,False,False,False,False,False,False,False,supplementary,A2_T15
S0_no_removal__softimpute__04_sva__post1,S0_no_removal,softimpute,04_sva,True,0.26770775309338934,0.28724562801413395,0.1778201318535464,0.29851857921371633,0.6768299131159803,0.4599206916829992,0.6138470679085466,0.25782302304369653,False,False,False,False,False,False,False,False,supplementary,A2_T15
S0_no_removal__softimpute__05_combat__post0,S0_no_removal,softimpute,05_combat,False,0.6613586158497198,0.43195120066440607,0.22972056037289407,0.5562154775766626,0.36724590175939126,0.33678503138227256,0.5938140275015602,0.4698114636159206,False,False,False,False,False,False,False,False,supplementary,A2_T15
S0_no_removal__softimpute__05_combat__post1,S0_no_removal,softimpute,05_combat,True,0.6651819566874663,0.4423758777955365,0.24225381834578136,0.5483292773085175,0.37877605387618424,0.33554495591206457,0.6230955489077262,0.47453523253432545,False,False,False,False,False,False,False,False,supplementary,A2_T15
S0_no_removal__softimpute__06_combat_seq__post0,S0_no_removal,softimpute,06_combat_seq,False,0.22387354787764008,0.270187054353804,0.40778515575618746,0.26945097758756176,0.3261172257644409,0.47446406350140574,0.75465986484568,0.29282418389379833,False,False,False,False,False,False,False,False,supplementary,A2_T15
S0_no_removal__softimpute__06_combat_seq__post1,S0_no_removal,softimpute,06_combat_seq,True,0.2472889715450848,0.2920345798661974,0.41468954458187246,0.26677521298441875,0.32671884389095135,0.4772235682775106,0.7253907999953912,0.3051970772443934,False,False,False,False,False,False,False,False,supplementary,A2_T15
S0_no_removal__softimpute__07_pycombat__post0,S0_no_removal,softimpute,07_pycombat,False,0.7162514265598003,0.5223902881290665,0.5634927405242058,0.6035267178844808,0.6708784361598187,0.5896344372043882,0.3577483193644612,0.6014152932743884,False,False,False,False,False,False,False,False,supplementary,A2_T15
S0_no_removal__softimpute__07_pycombat__post1,S0_no_removal,softimpute,07_pycombat,True,0.7189886236234295,0.49256439948349123,0.5627935791952747,0.6080296885680901,0.6696303489093195,0.5898635451623628,0.39122979595525215,0.5955940727175714,False,False,False,False,False,False,False,False,supplementary,A2_T15
S0_no_removal__softimpute__08_inmoose_combatseq__post0,S0_no_removal,softimpute,08_inmoose_combatseq,False,0.22399839866944207,0.2701611015972867,0.4078917240602017,0.23657631747355995,0.3261172257644409,0.47446406350140574,0.7581515986705973,0.2846568854501226,False,False,False,False,False,False,False,False,supplementary,A2_T15
S0_no_removal__softimpute__08_inmoose_combatseq__post1,S0_no_removal,softimpute,08_inmoose_combatseq,True,0.2474138223368868,0.29193700669786266,0.4147961128858867,0.24765322474088824,0.32671884389095135,0.4772235682775106,0.7513195865219615,0.30045004166538114,False,False,False,False,False,False,False,False,supplementary,A2_T15
S0_no_removal__softimpute__09_ruv__post0,S0_no_removal,softimpute,09_ruv,False,0.5014273042553316,0.3520836982712002,0.5489505745112199,0.41195034819402787,0.277986299208529,0.37804471663187844,0.5789930118920465,0.45360298130794485,False,False,False,False,False,False,False,False,supplementary,A2_T15
S0_no_removal__softimpute__09_ruv__post1,S0_no_removal,softimpute,09_ruv,True,0.5006539759712244,0.35730232262220724,0.5584959613960642,0.40754391601572754,0.27911192523461525,0.3755091907076923,0.5860725879656004,0.4559990440013058,False,False,False,False,False,False,False,False,supplementary,A2_T15
S0_no_removal__softimpute__10_mnn__post0,S0_no_removal,softimpute,10_mnn,False,0.4241803883513216,0.6033130339883542,0.722307016965549,0.5467219488119619,0.057208290861840316,0.8306566948525137,0.3209318989461898,0.5741305970292967,False,False,False,False,False,True,False,False,supplementary,A2_T15
S0_no_removal__softimpute__10_mnn__post1,S0_no_removal,softimpute,10_mnn,True,0.27558201955131306,0.5950212778665741,0.572000860533649,0.4510985950517612,0.05751351770812319,0.8228683997956362,0.2970162175057441,0.4734256882508243,False,False,False,False,False,True,False,False,supplementary,A2_T15
S0_no_removal__softimpute__11_harmony__post0,S0_no_removal,softimpute,11_harmony,False,0.3608287827197243,0.45835991474166066,0.19284783542294118,0.392946676799255,0.18268173641340404,0.7175610021935226,0.31468986067050175,0.3512458024208953,False,False,False,False,False,False,False,False,supplementary,A2_T15
S0_no_removal__softimpute__11_harmony__post1,S0_no_removal,softimpute,11_harmony,True,0.3695034380359284,0.46292349788253034,0.19258918072123093,0.39095181756915676,0.18233816825737856,0.7173765440933885,0.2625259714551959,0.3539919835522116,False,False,False,False,False,False,False,False,supplementary,A2_T15
S0_no_removal__softimpute__12_scanorama__post0,S0_no_removal,softimpute,12_scanorama,False,0.4017240488598654,0.6097651904175029,0.6326872462312944,0.5429935178722085,0.1619774962614816,0.8202204548874349,0.41472968449735675,0.5467925008452177,False,False,False,False,False,True,False,False,supplementary,A2_T15
S0_no_removal__softimpute__12_scanorama__post1,S0_no_removal,softimpute,12_scanorama,True,0.4005319655870702,0.618308129036432,0.6311079067503346,0.5502751828972804,0.1616209321723277,0.8111519334660003,0.43026708465016544,0.5500557960677793,False,False,False,False,False,True,False,False,supplementary,A2_T15
S0_no_removal__softimpute__13_fsmvn__post0,S0_no_removal,softimpute,13_fsmvn,False,0.7518714606046135,0.6608975498700228,0.4726050218094959,0.5730141656523997,0.6460624137352408,0.6416144701629968,0.3368479151982032,0.614597049484133,False,False,False,False,False,False,False,False,supplementary,A2_T15
S0_no_removal__softimpute__13_fsmvn__post1,S0_no_removal,softimpute,13_fsmvn,True,0.7669492136256744,0.5996595785536102,0.5925026861497604,0.5718994904306798,0.6676611642950055,0.6940063721359736,0.3771971051901441,0.6327527421899313,False,False,False,False,False,False,False,False,supplementary,A2_T15
S0_no_removal__softimpute__14_qsmooth__post0,S0_no_removal,softimpute,14_qsmooth,False,0.14533197029163913,0.19338019572262563,0.3295937522947753,0.27872696586757456,0.4239131779507302,0.4624127044955071,0.6036272528674592,0.23675822104415367,False,False,False,False,False,False,False,False,supplementary,A2_T15
S0_no_removal__softimpute__14_qsmooth__post1,S0_no_removal,softimpute,14_qsmooth,True,0.16804504256948763,0.20112595783266424,0.3391560983472396,0.27295992938450947,0.4181095961920809,0.465760791881235,0.6278907774622864,0.24532175703347525,False,False,False,False,False,False,False,False,supplementary,A2_T15
S0_no_removal__softimpute__15_fsqn_py__post0,S0_no_removal,softimpute,15_fsqn_py,False,0.44358482877996547,0.35783100832686904,0.2921951140818096,0.4291864391580019,0.3473393917130761,0.13293735494717063,0.2858809239688751,0.38069934758666146,False,False,False,False,False,False,False,False,supplementary,A2_T15
S0_no_removal__softimpute__15_fsqn_py__post1,S0_no_removal,softimpute,15_fsqn_py,True,0.43875161628130177,0.3598903455181005,0.29362714233670595,0.4187180363949992,0.3460479194160025,0.13293735494717063,0.2719051447294462,0.3777467851327768,False,False,False,False,False,False,False,False,supplementary,A2_T15
S0_no_removal__softimpute__16_fsqn_r__post0,S0_no_removal,softimpute,16_fsqn_r,False,0.7006413340517199,0.7281152869494316,0.7044285302831876,0.6769666530824967,0.589535709924445,0.5856568237416964,0.34561274466112474,0.7025379510917089,False,False,False,False,False,False,False,False,supplementary,A2_T15
S0_no_removal__softimpute__16_fsqn_r__post1,S0_no_removal,softimpute,16_fsqn_r,True,0.6989622250293046,0.7483011471271921,0.6998388922860503,0.6671236902410842,0.5860952951389214,0.5859539089044523,0.3609067652473196,0.7035564886709078,False,False,False,False,False,False,False,False,supplementary,A2_T15
S0_no_removal__softimpute__17_quantile__post0,S0_no_removal,softimpute,17_quantile,False,0.433423952726029,0.35408561028312185,0.5876091928320408,0.4386741730117977,0.3473393917130761,0.13293735494717063,0.28325050465116464,0.45344823221324737,False,False,False,False,False,False,False,False,supplementary,A2_T15
S0_no_removal__softimpute__17_quantile__post1,S0_no_removal,softimpute,17_quantile,True,0.4288878554710822,0.3666434759448265,0.5895943876306156,0.429279809054328,0.3460479194160025,0.13293735494717063,0.2675767356242113,0.45360138202521305,False,False,False,False,False,False,False,False,supplementary,A2_T15
S0_no_removal__softimpute__18_rank__post0,S0_no_removal,softimpute,18_rank,False,0.5293611073524063,0.3911809358761561,0.4079665696963143,0.4210947961695052,0.43008316079379194,0.4602405633610565,0.5946906720106935,0.4374008522735955,False,False,False,False,False,False,False,False,supplementary,A2_T15
S0_no_removal__softimpute__18_rank__post1,S0_no_removal,softimpute,18_rank,True,0.48505614001223074,0.3943387563594446,0.4181517733752312,0.4506858982320353,0.4314596488836443,0.44484754430921497,0.5845755126761712,0.43705814199473547,False,False,False,False,False,False,False,False,supplementary,A2_T15
S0_no_removal__softimpute__19_tdm__post1,S0_no_removal,softimpute,19_tdm,True,0.20074018711197175,0.3139306821007193,0.30148044277539493,0.24646688632247402,0.5266941581386119,0.40938694801741926,0.6883997098959709,0.26565454957763995,False,False,False,False,False,False,False,False,supplementary,A2_T15
S0_no_removal__softimpute__21_harmonizr__post0,S0_no_removal,softimpute,21_harmonizr,False,0.6188636054453179,0.5922873468709718,0.4291664481594828,0.49081350166081295,0.7384104794061481,0.28421423348052255,0.2639300428075254,0.5327827255341464,False,False,False,False,False,False,False,False,supplementary,A2_T15
S0_no_removal__softimpute__21_harmonizr__post1,S0_no_removal,softimpute,21_harmonizr,True,0.6334314117446757,0.5564601549468571,0.42821465427793365,0.4949770501819294,0.7373221500003958,0.2826185874033338,0.30547223046415306,0.5282708177878489,False,False,False,False,False,False,False,False,supplementary,A2_T15
S0_no_removal__softimpute__25_angel__post0,S0_no_removal,softimpute,25_angel,False,0.6779543970852816,0.7249373250666459,0.46674643945263283,0.5333612193784829,0.36708258728737686,0.3859504772299628,0.6570105723791315,0.6007498452457608,False,False,False,False,False,False,False,False,supplementary,A2_T15
S0_no_removal__softimpute__25_angel__post1,S0_no_removal,softimpute,25_angel,True,0.679415215126472,0.7312092550137667,0.4790402892935255,0.5456256369442234,0.36850940017905104,0.38422881098294165,0.6556716953752255,0.6088225990944969,False,False,False,False,False,False,False,False,supplementary,A2_T15
S0_no_removal__softimpute__26_xpn__post0,S0_no_removal,softimpute,26_xpn,False,0.6194990945707345,0.6564944641582718,0.3944916528296586,0.6150871487839094,0.5934934073387582,0.13293735494717063,0.3074771952681503,0.5713930900856437,False,False,False,False,False,False,False,False,supplementary,A2_T15
S0_no_removal__softimpute__26_xpn__post1,S0_no_removal,softimpute,26_xpn,True,0.6385742125108507,0.6731886967698328,0.405380571788822,0.6140124391970783,0.5891597609900692,0.13293735494717063,0.3224151230557772,0.5827889800666459,False,False,False,False,False,False,False,False,supplementary,A2_T15
S0_no_removal__softimpute__27_dwd__post0,S0_no_removal,softimpute,27_dwd,False,0.21426128786872248,0.2703248610010202,0.16789201518511093,0.2715443462541168,0.7339537552994305,0.4626593537375407,0.6010863731590251,0.23100562757724258,False,False,False,False,False,False,False,False,supplementary,A2_T15
S0_no_removal__softimpute__27_dwd__post1,S0_no_removal,softimpute,27_dwd,True,0.23145047138039257,0.28403396568256506,0.17469424439123132,0.27708914649250294,0.7326077674881712,0.46593610990944245,0.6262254586695909,0.241816956986673,False,False,False,False,False,False,False,False,supplementary,A2_T15
S0_no_removal__softimpute__28_npn__post0,S0_no_removal,softimpute,28_npn,False,0.7125483057478843,0.6779854189697742,0.1013114735490808,0.649365063153024,0.651486372755134,0.1967418256573828,0.330346896802584,0.5353025653549408,False,False,False,False,False,False,False,False,supplementary,A2_T15
S0_no_removal__softimpute__28_npn__post1,S0_no_removal,softimpute,28_npn,True,0.7120294188284068,0.6672098142427774,0.10231957436292516,0.6149486182945957,0.6484422561377795,0.19716709661528878,0.3693776866681681,0.5241268564321763,False,False,False,False,False,False,False,False,supplementary,A2_T15
S0_no_removal__softimpute__29_combat_ref__post0,S0_no_removal,softimpute,29_combat_ref,False,0.642467454899582,0.44485398624348377,0.10785284874484238,0.5611216539070262,0.391606801323241,0.45007295813324105,0.8405839658226274,0.4390739859487336,False,False,False,False,False,False,True,False,supplementary,A2_T15
S0_no_removal__softimpute__31_ruv3prps__post0,S0_no_removal,softimpute,31_ruv3prps,False,0.21426128786872248,0.2703248610010202,0.16789201518511093,0.2715443462541168,0.7324148982252061,0.4714333362585491,0.6010863731590251,0.23100562757724258,False,False,False,False,False,False,False,False,supplementary,A2_T15
S0_no_removal__softimpute__36_explobatch__post0,S0_no_removal,softimpute,36_explobatch,False,0.20874027577914447,0.2708971943923274,0.1634905679470596,0.2722442783596869,0.815203048029243,0.4602405633610565,0.5954006387767297,0.2288430791195546,False,False,False,False,True,False,False,False,supplementary,A2_T15
S0_no_removal__softimpute__36_explobatch__post1,S0_no_removal,softimpute,36_explobatch,True,0.2270819998317748,0.27551447335887075,0.17047512154942615,0.2781521210455459,0.815203048029243,0.46501964731883594,0.6260972271970413,0.2378059289464044,False,False,False,False,True,False,False,False,supplementary,A2_T15
S0_no_removal__softimpute__20_shambhala__post0,S0_no_removal,softimpute,20_shambhala,False,0.34558559397165983,0.37693690843494715,0.6428389567943492,0.4702082571562839,0.3205791171541538,0.13293735494717063,0.4649380759246431,0.45889242908931005,False,False,False,False,False,False,False,False,supplementary,A2_T15
S0_no_removal__softimpute__20_shambhala__post1,S0_no_removal,softimpute,20_shambhala,True,0.34145026458300703,0.37601253236944543,0.6416620139001824,0.42825000917369116,0.31952801857447044,0.13293735494717063,0.45258716268109994,0.4468437050065815,False,False,False,False,False,False,False,False,supplementary,A2_T15
S0_no_removal__strict__01_raw__post0,S0_no_removal,strict,01_raw,False,0.12162785275533787,0.29172692427897656,0.3491262115766398,0.27413135363251995,0.7904512778656556,0.4303456504412485,0.5202291484120078,0.2591530855608686,False,False,False,False,False,False,False,False,supplementary,A2_T15
S0_no_removal__strict__01_raw__post1,S0_no_removal,strict,01_raw,True,0.14819769674882657,0.3032821615355859,0.36345334570094845,0.2943477159875002,0.7904512778656556,0.4316728027071778,0.5965587779198024,0.27732022999321526,False,False,False,False,False,False,False,False,supplementary,A2_T15
S0_no_removal__strict__02_median_scaling__post0,S0_no_removal,strict,02_median_scaling,False,0.49603178582540325,0.6375729328551473,0.603371879742689,0.6064351078652461,0.6178226766252395,0.4509174121199467,0.2685524170924597,0.5858529265721214,False,False,False,False,False,False,False,False,supplementary,A2_T15
S0_no_removal__strict__02_median_scaling__post1,S0_no_removal,strict,02_median_scaling,True,0.6427298638956928,0.6856252102695046,0.6983443539035133,0.6980532393963094,0.6054099640986793,0.42363792244287984,0.28927402847799366,0.6811881668662549,False,False,False,False,False,False,False,False,supplementary,A2_T15
S0_no_removal__strict__03_limma__post0,S0_no_removal,strict,03_limma,False,0.659396772112112,0.6012446847569307,0.7123998777150291,0.640294881687955,0.6333946802051428,0.43107244403663403,0.2667523308856493,0.6533340540680067,False,False,False,False,False,False,False,False,supplementary,A2_T15
S0_no_removal__strict__03_limma__post1,S0_no_removal,strict,03_limma,True,0.6604779477858236,0.5461937854669917,0.7128914198351428,0.641254883104401,0.6319076754652078,0.4209775994818908,0.30522095573065205,0.6402045090480898,False,False,False,False,False,False,False,False,supplementary,A2_T15
S0_no_removal__strict__04_sva__post0,S0_no_removal,strict,04_sva,False,0.14239173491763427,0.283876329503197,0.35068204091551847,0.3068553586939522,0.6576397627273507,0.4134804956162385,0.5326040862089406,0.2709513660075755,False,False,False,False,False,False,False,False,supplementary,A2_T15
S0_no_removal__strict__04_sva__post1,S0_no_removal,strict,04_sva,True,0.17276538720764428,0.3061418161012785,0.3658348497149286,0.28671648127445853,0.6570060056332835,0.4143050003225488,0.5937688136196669,0.2828646335745775,False,False,False,False,False,False,False,False,supplementary,A2_T15
S0_no_removal__strict__05_combat__post0,S0_no_removal,strict,05_combat,False,0.5766320938333059,0.5081479524376459,0.5322212176165714,0.5582343365577108,0.43259679660495726,0.34480259910475497,0.5753867171889098,0.5438089001113084,False,False,False,False,False,False,False,False,supplementary,A2_T15
S0_no_removal__strict__05_combat__post1,S0_no_removal,strict,05_combat,True,0.5810183063312028,0.486937898928144,0.5328839475920123,0.5638739472855473,0.43072248157758425,0.3437929698092949,0.5571668729948523,0.5411785250342266,False,False,False,False,False,False,False,False,supplementary,A2_T15
S0_no_removal__strict__06_combat_seq__post0,S0_no_removal,strict,06_combat_seq,False,0.14646127856550042,0.34042244023207147,0.5428446610570427,0.32385099771426323,0.3196884302356732,0.5936162426133855,0.7729232589310647,0.3383948443922194,False,False,False,False,False,False,False,False,supplementary,A2_T15
S0_no_removal__strict__06_combat_seq__post1,S0_no_removal,strict,06_combat_seq,True,0.1862715157760519,0.37388902357241366,0.5660219700596961,0.3044377206689689,0.31984564273506016,0.5940401113283515,0.7675183299322011,0.3576550575192826,False,False,False,False,False,False,False,False,supplementary,A2_T15
S0_no_removal__strict__07_pycombat__post0,S0_no_removal,strict,07_pycombat,False,0.6521859703339168,0.609543439371849,0.6819529534538504,0.6358573337590733,0.5956701232769162,0.37096581091145536,0.31189056976849655,0.6448849242296724,False,False,False,False,False,False,False,False,supplementary,A2_T15
S0_no_removal__strict__07_pycombat__post1,S0_no_removal,strict,07_pycombat,True,0.6541888564624947,0.6127092535483408,0.6814882830907493,0.6271585355426695,0.5923892443432085,0.37043653458851794,0.35182113032077744,0.6438862321610636,False,False,False,False,False,False,False,False,supplementary,A2_T15
S0_no_removal__strict__08_inmoose_combatseq__post0,S0_no_removal,strict,08_inmoose_combatseq,False,0.14631455614303676,0.34038133183315156,0.542559041723485,0.30759076879080394,0.3196884302356732,0.5936162426133855,0.7729622004992416,0.3342114246226193,False,False,False,False,False,False,False,False,supplementary,A2_T15
S0_no_removal__strict__08_inmoose_combatseq__post1,S0_no_removal,strict,08_inmoose_combatseq,True,0.1864777533994645,0.37385294742791914,0.5659154017556819,0.3062841903030857,0.31984564273506016,0.5940401113283515,0.7680343972494498,0.35813257322153785,False,False,False,False,False,False,False,False,supplementary,A2_T15
S0_no_removal__strict__09_ruv__post0,S0_no_removal,strict,09_ruv,False,0.37796696185536544,0.4798801107974046,0.7218648758611823,0.4425093050158358,0.2472982759268058,0.3784633412715836,0.5825835321924722,0.5055553133824471,False,False,False,False,False,False,False,False,supplementary,A2_T15
S0_no_removal__strict__09_ruv__post1,S0_no_removal,strict,09_ruv,True,0.3810260798101747,0.4982693378727546,0.7222160512054127,0.4191235842994685,0.24815373120124207,0.38025643649017704,0.5849120798021156,0.5051587632969525,False,False,False,False,False,False,False,False,supplementary,A2_T15
S0_no_removal__strict__10_mnn__post0,S0_no_removal,strict,10_mnn,False,0.5139426513370096,0.6953814298809325,0.8320975284707549,0.6850765944720358,0.12273765357796397,0.8046588069477627,0.42863709567525105,0.6816245510401833,False,False,True,False,False,True,False,False,supplementary,A2_T15
S0_no_removal__strict__10_mnn__post1,S0_no_removal,strict,10_mnn,True,0.5065761862453865,0.7409873454752807,0.7385741916451568,0.6565704333245024,0.14923365329880556,0.7925261683260134,0.4315787837431849,0.6606770391725816,False,False,False,False,False,True,False,False,supplementary,A2_T15
S0_no_removal__strict__11_harmony__post0,S0_no_removal,strict,11_harmony,False,0.2720659433724799,0.5363551730673219,0.3590649791208632,0.4421948654616306,0.21594484269633532,0.7035142558770052,0.2864005503301385,0.4024202402555739,False,False,False,False,False,False,False,False,supplementary,A2_T15
S0_no_removal__strict__11_harmony__post1,S0_no_removal,strict,11_harmony,True,0.2738162487378013,0.536570069611101,0.3616680528892643,0.4729710315568681,0.22049644286907677,0.7037127430067713,0.27964414893696654,0.41125635069875865,False,False,False,False,False,False,False,False,supplementary,A2_T15
S0_no_removal__strict__12_scanorama__post0,S0_no_removal,strict,12_scanorama,False,0.4193930455034965,0.564578438094221,0.7418215922297884,0.5291761862906706,0.1060301541228346,0.7995588361590638,0.49264145906938933,0.5637423155295441,False,False,False,False,False,True,False,False,supplementary,A2_T15
S0_no_removal__strict__12_scanorama__post1,S0_no_removal,strict,12_scanorama,True,0.1881037435420447,0.5569001323677857,0.7740756835110625,0.5099550411191924,0.10531644253295203,0.7909374569294092,0.48236353504898605,0.5072586501350214,False,False,False,False,False,True,False,False,supplementary,A2_T15
S0_no_removal__strict__13_fsmvn__post0,S0_no_removal,strict,13_fsmvn,False,0.7175054557805056,0.6879573289100956,0.5709465692479789,0.6297277981028655,0.6234457234523162,0.6209102970687347,0.33170721041230655,0.6515342880103614,False,False,False,False,False,False,False,False,supplementary,A2_T15
S0_no_removal__strict__13_fsmvn__post1,S0_no_removal,strict,13_fsmvn,True,0.7264613137544562,0.6802160673048967,0.5832408212014838,0.612912140066529,0.6205109580199939,0.6218307611205162,0.3708097435336223,0.6507075855818415,False,False,False,False,False,False,False,False,supplementary,A2_T15
S0_no_removal__strict__14_qsmooth__post0,S0_no_removal,strict,14_qsmooth,False,0.08545490721887915,0.2081769344837874,0.5206532082314561,0.28716831788749764,0.4370151080282159,0.4299402223684082,0.5900947426962031,0.27536334195540507,False,False,False,False,False,False,False,False,supplementary,A2_T15
S0_no_removal__strict__14_qsmooth__post1,S0_no_removal,strict,14_qsmooth,True,0.11306089830868826,0.21503873147311217,0.5351085521241967,0.27055566631156186,0.4331332229428993,0.4311584771215665,0.6511673066650266,0.28344096205438973,False,False,False,False,False,False,False,False,supplementary,A2_T15
S0_no_removal__strict__15_fsqn_py__post0,S0_no_removal,strict,15_fsqn_py,False,0.39914170301878865,0.43125591478388897,0.42022524450491217,0.4205572044026214,0.4356013916381858,0.422765782978955,0.5783564069598548,0.41779501667755276,False,False,False,False,False,False,False,False,supplementary,A2_T15
S0_no_removal__strict__15_fsqn_py__post1,S0_no_removal,strict,15_fsqn_py,True,0.4263141030985463,0.4262663193425737,0.4217389351003642,0.44345949143863383,0.43176499620280834,0.4235212573651704,0.5961380525502737,0.4294447122450295,False,False,False,False,False,False,False,False,supplementary,A2_T15
S0_no_removal__strict__16_fsqn_r__post0,S0_no_removal,strict,16_fsqn_r,False,0.6641590952564408,0.7623756097798574,0.7761121532581255,0.684408931432379,0.5886330973325639,0.3589216017436561,0.3292338221776517,0.7217639474317007,False,False,False,False,False,False,False,False,supplementary,A2_T15
S0_no_removal__strict__16_fsqn_r__post1,S0_no_removal,strict,16_fsqn_r,True,0.6632513901222983,0.7751551782309203,0.7711749651516744,0.6724704552664678,0.5859126227068517,0.5010577586424942,0.36925542380839244,0.7205129971928401,False,True,False,False,False,False,False,False,supplementary,A2_T15
S0_no_removal__strict__17_quantile__post0,S0_no_removal,strict,17_quantile,False,0.40206407071760014,0.4255672379998746,0.7269033335139538,0.4221877853313524,0.43578618084460746,0.42226451101744705,0.5732656235643693,0.4941806068906952,False,False,False,False,False,False,False,False,supplementary,A2_T15
S0_no_removal__strict__17_quantile__post1,S0_no_removal,strict,17_quantile,True,0.42888694677547395,0.42112265522864883,0.7289498656294771,0.43332690901846865,0.43192943870132744,0.42304873059615977,0.5978953084343709,0.5030715941630172,False,False,False,False,False,False,False,False,supplementary,A2_T15
S0_no_removal__strict__18_rank__post0,S0_no_removal,strict,18_rank,False,0.40604468026908,0.39768550827253557,0.5968951293245921,0.4023807579537477,0.4387476135767695,0.4303456504412485,0.5487860726759909,0.4507515189549889,False,False,False,False,False,False,False,False,supplementary,A2_T15
S0_no_removal__strict__18_rank__post1,S0_no_removal,strict,18_rank,True,0.43294908952077776,0.39792232549751205,0.6006606254693799,0.4339002732939353,0.4348241415331232,0.4316728027071778,0.5779336039477111,0.46635807844540134,False,False,False,False,False,False,False,False,supplementary,A2_T15
S0_no_removal__strict__19_tdm__post0,S0_no_removal,strict,19_tdm,False,0.10610119806275016,0.2979551228407238,0.36236123227345407,0.27327610192596374,0.5231310036838148,0.3838517434158934,0.5036330635025505,0.2599234137757229,False,False,False,False,False,False,False,False,supplementary,A2_T15
S0_no_removal__strict__19_tdm__post1,S0_no_removal,strict,19_tdm,True,0.13233133550069892,0.32085487075106495,0.3675502441461788,0.27171533038600854,0.5220335127163872,0.3844161352710723,0.5722214348274438,0.2731129451959878,False,False,False,False,False,False,False,False,supplementary,A2_T15
S0_no_removal__strict__21_harmonizr__post0,S0_no_removal,strict,21_harmonizr,False,0.5604878891294098,0.6317077016795384,0.6128904099069908,0.537595717454817,0.7073904098539329,0.2980170517039497,0.23781808298012003,0.585670429542689,False,False,False,False,False,False,False,False,supplementary,A2_T15
S0_no_removal__strict__21_harmonizr__post1,S0_no_removal,strict,21_harmonizr,True,0.5695996578469686,0.5908264327617511,0.7201493303296078,0.5203381358359365,0.7062402650316995,0.2974458842854776,0.25762431825260906,0.600228389193566,False,False,False,False,False,False,False,False,supplementary,A2_T15
S0_no_removal__strict__25_angel__post0,S0_no_removal,strict,25_angel,False,0.633327475192877,0.7374014249292072,0.5988640321408103,0.5469998823681558,0.3849037600716204,0.40354082012766673,0.5966160941435596,0.6291482036577626,False,False,False,False,False,False,False,False,supplementary,A2_T15
S0_no_removal__strict__25_angel__post1,S0_no_removal,strict,25_angel,True,0.6363227726052059,0.7498125595155948,0.6065112611471334,0.5688583395967437,0.3860787824529991,0.4025467886337179,0.5665938768838126,0.6403762332161694,False,False,False,False,False,False,False,False,supplementary,A2_T15
S0_no_removal__strict__26_xpn__post0,S0_no_removal,strict,26_xpn,False,0.6154193506635651,0.7372065126268876,0.5111955574786091,0.6422878185115607,0.5806836370256192,0.4870419034132329,0.30126020885172333,0.6265273098201556,False,False,False,False,False,False,False,False,supplementary,A2_T15
S0_no_removal__strict__26_xpn__post1,S0_no_removal,strict,26_xpn,True,0.6355568726034592,0.7397509566330486,0.5277282368309935,0.6270291454510202,0.5766034901080644,0.48735384616662386,0.28304821238836364,0.6325163028796303,False,False,False,False,False,False,False,False,supplementary,A2_T15
S0_no_removal__strict__27_dwd__post0,S0_no_removal,strict,27_dwd,False,0.12134500379120307,0.28483780773415396,0.35011099223912856,0.27666386289726497,0.7067861044304591,0.43073775204098963,0.5357470247999043,0.2582394166654376,False,False,False,False,False,False,False,False,supplementary,A2_T15
S0_no_removal__strict__27_dwd__post1,S0_no_removal,strict,27_dwd,True,0.14830891392337928,0.3032632351673284,0.3644381263634373,0.2910961381439027,0.7051496713983941,0.43192316509704737,0.597079679841534,0.27677660339951193,False,False,False,False,False,False,False,False,supplementary,A2_T15
S0_no_removal__strict__28_npn__post1,S0_no_removal,strict,28_npn,True,0.6560163198920065,0.7029966419780646,0.19718018866744758,0.6286104939951621,0.6252986063480633,0.21971314965927405,0.37187010197334874,0.5462009111331702,False,False,False,False,False,False,False,False,supplementary,A2_T15
S0_no_removal__strict__29_combat_ref__post1,S0_no_removal,strict,29_combat_ref,True,0.6764415091219902,0.5434191474495534,0.1803093773160769,0.550471085347783,0.5151776851046078,0.7168268809837466,0.8584373536557947,0.48766027980885085,False,False,False,False,False,False,True,False,supplementary,A2_T15
S0_no_removal__strict__31_ruv3prps__post0,S0_no_removal,strict,31_ruv3prps,False,0.12134500379120307,0.28483780773415396,0.35011099223912856,0.27666386289726497,0.7067861044304591,0.43073775204098963,0.5357470247999043,0.2582394166654376,False,False,False,False,False,False,False,False,supplementary,A2_T15
S0_no_removal__strict__31_ruv3prps__post1,S0_no_removal,strict,31_ruv3prps,True,0.14830891392337928,0.3032632351673284,0.3644381263634373,0.3182845248180863,0.7051496713983941,0.43192316509704737,0.597079679841534,0.2835737000680578,False,False,False,False,False,False,False,False,supplementary,A2_T15
S0_no_removal__strict__33_amdbnorm__post0,S0_no_removal,strict,33_amdbnorm,False,0.7503540926545322,0.6981102708724519,0.702516764601695,0.6770810089275214,0.4249203223971794,0.5916438889765328,0.4100723460816971,0.7070155342640501,False,False,False,False,False,False,False,False,supplementary,A2_T15
S0_no_removal__strict__33_amdbnorm__post1,S0_no_removal,strict,33_amdbnorm,True,0.7446320304364541,0.7059235282147058,0.7558832304046466,0.67376556025882,0.4080140216331667,0.6109055505395783,0.3781542918727826,0.7200510873286567,False,False,False,False,False,False,False,False,supplementary,A2_T15
S0_no_removal__strict__36_explobatch__post0,S0_no_removal,strict,36_explobatch,False,0.12157909734791995,0.2846766618075649,0.3491262115766398,0.2757792228194028,0.7591485660364654,0.43031029559645617,0.5369161387917746,0.25779029838788187,False,False,False,False,False,False,False,False,supplementary,A2_T15
S0_no_removal__strict__36_explobatch__post1,S0_no_removal,strict,36_explobatch,True,0.14829278994015407,0.3032851769347237,0.2319246481577312,0.2824238674620169,0.7588205745819517,0.4316728027071778,0.5983719319042594,0.24148162062365647,False,False,False,False,False,False,False,False,supplementary,A2_T15
S0_no_removal__strict__20_shambhala__post0,S0_no_removal,strict,20_shambhala,False,0.25823953689780194,0.3677872030596015,0.7552115499562821,0.40615078875969257,0.3025964579508179,0.7879167250418848,0.4111670520084633,0.44684726966834454,False,False,False,False,False,False,False,False,supplementary,A2_T15
S0_no_removal__strict__20_shambhala__post1,S0_no_removal,strict,20_shambhala,True,0.28651534115561395,0.41136959955046654,0.6195205103313198,0.40845780659458913,0.3000291985849844,0.7882935914307386,0.44589987629317546,0.43146581440799736,False,False,False,False,False,False,False,False,supplementary,A2_T15
