run_id,strat,imp,method,post_rm,harshness_level,is_clustermap_best,is_prediction_best,is_confirmed_bad,is_degenerate_folds,is_raw,n_mc,n_folds_total,frac_singleclass,generalizability_index,pv_lobo3_f1_macro_mean,f1_mc_mean,pv_lobo2_auc_macro_mean,mk_rho_mean_markers,xb_margin_delta,f1_mc_min,pct_pv_lobo3_f1_macro_mean,pct_f1_mc_mean,pct_pv_lobo2_auc_macro_mean,pct_mk_rho_mean_markers,pct_xb_margin_delta,pct_f1_mc_min
G_affymetrix_only__strict__01_raw__post1,G_affymetrix_only,strict,01_raw,True,low,False,False,False,True,True,0.0,,,0.9824648797111983,0.9993746091307066,,,1.0,0.1500515632388086,,0.9946260635915808,,,0.9677708146821844,0.9849977608598298,
G_affymetrix_only__strict__04_sva__post1,G_affymetrix_only,strict,04_sva,True,low,False,False,False,True,False,0.0,,,0.9824648797111983,0.9993746091307066,,,1.0,0.1500515632388086,,0.9946260635915808,,,0.9677708146821844,0.9849977608598298,
G_affymetrix_only__strict__36_explobatch__post1,G_affymetrix_only,strict,36_explobatch,True,medium,False,False,False,True,False,0.0,,,0.9824648797111983,0.9993746091307066,,,1.0,0.1500515632388086,,0.9946260635915808,,,0.9677708146821844,0.9849977608598298,
G_affymetrix_only__softimpute__01_raw__post1,G_affymetrix_only,softimpute,01_raw,True,low,False,False,False,True,True,0.0,,,0.9767923912800892,0.9993746091307066,,,1.0,0.10902022306687606,,0.9946260635915808,,,0.9677708146821844,0.9679802955665024,
G_affymetrix_only__softimpute__04_sva__post1,G_affymetrix_only,softimpute,04_sva,True,low,False,False,False,True,False,0.0,,,0.9767923912800892,0.9993746091307066,,,1.0,0.10902022306687606,,0.9946260635915808,,,0.9677708146821844,0.9679802955665024,
G_affymetrix_only__softimpute__36_explobatch__post1,G_affymetrix_only,softimpute,36_explobatch,True,medium,False,False,False,True,False,0.0,,,0.9767923912800892,0.9993746091307066,,,1.0,0.10902022306687606,,0.9946260635915808,,,0.9677708146821844,0.9679802955665024,
G_affymetrix_only__strict__16_fsqn_r__post1,G_affymetrix_only,strict,16_fsqn_r,True,high,False,False,False,True,False,0.0,,,0.958964231623448,0.9993746091307066,,,0.999999936564081,0.15002030480849163,,0.9946260635915808,,,0.8986123545210385,0.983654276757725,
G_affymetrix_only__strict__31_ruv3prps__post1,G_affymetrix_only,strict,31_ruv3prps,True,medium,False,False,False,True,False,0.0,,,0.958964231623448,0.9993746091307066,,,0.999999936564081,0.15002030480849163,,0.9946260635915808,,,0.8986123545210385,0.983654276757725,
G_affymetrix_only__knn__04_sva__post1,G_affymetrix_only,knn,04_sva,True,low,False,False,False,True,False,0.0,,,0.9568640437655348,0.9993746091307066,,,1.0,0.06811450848079978,,0.9946260635915808,,,0.9677708146821844,0.9081952530228392,
G_affymetrix_only__knn__01_raw__post1,G_affymetrix_only,knn,01_raw,True,low,False,False,False,True,True,0.0,,,0.9568640437655348,0.9993746091307066,,,1.0,0.06811450848079978,,0.9946260635915808,,,0.9677708146821844,0.9081952530228392,
G_affymetrix_only__knn__36_explobatch__post1,G_affymetrix_only,knn,36_explobatch,True,medium,False,False,False,True,False,0.0,,,0.9568640437655348,0.9993746091307066,,,1.0,0.06811450848079978,,0.9946260635915808,,,0.9677708146821844,0.9081952530228392,
G_affymetrix_only__softimpute__16_fsqn_r__post1,G_affymetrix_only,softimpute,16_fsqn_r,True,high,False,False,False,True,False,0.0,,,0.9543362409413717,0.9993746091307066,,,0.9999999438972392,0.1090011884576077,,0.9946260635915808,,,0.9015219337511191,0.9668607254814151,
G_affymetrix_only__softimpute__31_ruv3prps__post1,G_affymetrix_only,softimpute,31_ruv3prps,True,medium,False,False,False,True,False,0.0,,,0.9531420996706705,0.9993746091307066,,,0.999999943245146,0.10634260098599388,,0.9946260635915808,,,0.9010743061772605,0.9637259292431706,
G_affymetrix_only__knn__16_fsqn_r__post1,G_affymetrix_only,knn,16_fsqn_r,True,high,False,False,False,True,False,0.0,,,0.9367215379625469,0.9993746091307066,,,0.9999999469483156,0.06878793046994858,,0.9946260635915808,,,0.9024171888988362,0.9131213613972234,
G_affymetrix_only__knn__31_ruv3prps__post1,G_affymetrix_only,knn,31_ruv3prps,True,medium,False,False,False,True,False,0.0,,,0.9331389805103262,0.9993746091307066,,,0.9999999463614978,0.06612653996787701,,0.9946260635915808,,,0.9019695613249776,0.9028213166144201,
A_confirmed_bad__strict__29_combat_ref__post0,A_confirmed_bad,strict,29_combat_ref,False,medium,False,True,True,False,False,11.0,21.0,0.47619047619047616,0.9024764871059837,0.9582480341414058,0.9214363636363636,0.9977019821084018,0.9579455768177756,0.07783779089582987,0.6433,0.987460815047022,0.999540018399264,1.0,0.5094001790510295,0.9283475145544111,0.9901103955841767
A_confirmed_bad__strict__29_combat_ref__post1,A_confirmed_bad,strict,29_combat_ref,True,medium,False,True,True,False,False,11.0,20.0,0.44999999999999996,0.9023272779146976,0.9575477667825232,0.9239636363636364,0.9976085596510956,0.9570954207773814,0.07785340006907582,0.6433,0.987012987012987,1.0,0.999540018399264,0.5085049239033125,0.928795342588446,0.9901103955841767
S0_no_removal__strict__29_combat_ref__post1,S0_no_removal,strict,29_combat_ref,True,medium,False,True,False,False,False,11.0,23.0,0.5217391304347826,0.8875499220358614,0.9344634457653228,0.8657727272727272,0.9797074766385122,0.952579423471682,0.07613700958094405,0.5414,0.9820868786386028,0.9972401103955841,0.9931002759889604,0.5040286481647269,0.9256605463502016,0.9231830726770929
C_rnaseq_only__softimpute__05_combat__post1,C_rnaseq_only,softimpute,05_combat,True,medium,False,True,False,True,False,4.0,5.0,0.19999999999999996,0.8820202365842656,0.8642732343127187,0.84905,0.949814514146294,0.990158857791458,0.09314683016916703,0.6378,0.9019256605463501,0.9912603495860166,0.8827046918123275,0.5783348254252462,0.9493954321540529,0.9885004599816007
I_rare_batches_removed__strict__29_combat_ref__post0,I_rare_batches_removed,strict,29_combat_ref,False,medium,False,True,False,False,False,9.0,15.0,0.4,0.8805238466417067,0.9057351088224294,0.8431666666666666,0.9772382719838048,0.943412952632612,0.07334801485364056,0.5414,0.9668607254814151,0.9862005519779209,0.984820607175713,0.4995523724261415,0.922525750111957,0.9231830726770929
C_rnaseq_only__strict__01_raw__post0,C_rnaseq_only,strict,01_raw,False,low,False,False,False,False,True,5.0,6.0,0.16666666666666663,0.8800934281836432,0.8230148344056015,0.7997,0.9674381220658302,1.0,0.0,0.7422,0.8141513658755039,0.9277828886844526,0.9638914443422263,0.9677708146821844,0.6094939543215405,0.9974701011959521
A_confirmed_bad__knn__29_combat_ref__post1,A_confirmed_bad,knn,29_combat_ref,True,medium,False,True,True,False,False,10.0,20.0,0.5,0.8774464560261893,0.9353784733389684,0.87209,0.988141824950708,0.9760598935608782,0.012767770599698025,0.6133,0.9829825347066726,0.9977000919963201,0.9990800367985281,0.5340196956132498,0.7720555306762203,0.9788408463661453
I_rare_batches_removed__strict__29_combat_ref__post1,I_rare_batches_removed,strict,29_combat_ref,True,medium,False,True,False,False,False,9.0,14.0,0.3571428571428571,0.8760149151043697,0.8894957965809186,0.8284555555555556,0.9770518870642037,0.9470687044685904,0.07068933999446808,0.5414,0.948499776085983,0.9797608095676172,0.984360625574977,0.5031333930170099,0.9171518137035378,0.9231830726770929
C_rnaseq_only__strict__04_sva__post0,C_rnaseq_only,strict,04_sva,False,low,False,False,False,False,False,5.0,6.0,0.16666666666666663,0.8695546634234721,0.8249179515175847,0.8019999999999999,0.9674381220658302,0.999999848157392,0.0,0.7398,0.8179579041648007,0.9326126954921803,0.9638914443422263,0.8968218442256043,0.6094939543215405,0.9965501379944802
C_rnaseq_only__strict__36_explobatch__post0,C_rnaseq_only,strict,36_explobatch,False,medium,False,False,False,False,False,5.0,6.0,0.16666666666666663,0.8695546634234721,0.8249179515175847,0.8019999999999999,0.9674381220658302,0.999999848157392,0.0,0.7398,0.8179579041648007,0.9326126954921803,0.9638914443422263,0.8968218442256043,0.6094939543215405,0.9965501379944802
B_extended_bad__strict__05_combat__post1,B_extended_bad,strict,05_combat,True,medium,False,True,True,False,False,10.0,15.0,0.33333333333333337,0.8694023289652133,0.9015926543730098,0.8524499999999999,0.9449922530500544,0.9623555622619826,0.0815327922001835,0.6683,0.9592476489028213,0.9940202391904324,0.8206071757129715,0.5120859444941809,0.93551276309897,0.9949402023919043
B_extended_bad__strict__05_combat__post0,B_extended_bad,strict,05_combat,False,medium,False,True,True,False,False,10.0,16.0,0.375,0.8685326298159531,0.9039175991174948,0.84759,0.9449392375428032,0.9632042012515336,0.08131989699791908,0.6398,0.9650694133452754,0.9898804047838087,0.8192272309107635,0.5129811996418979,0.9346171070309002,0.9894204231830727
K_ffpe_only__softimpute__13_fsmvn__post1,K_ffpe_only,softimpute,13_fsmvn,True,medium,False,False,False,True,False,2.0,7.0,0.7142857142857143,0.8681055788552592,0.6422244329658068,0.8489,0.9628006431888791,0.9999999999658492,0.08111745821447622,0.7756,0.3967756381549485,0.9908003679852806,0.9553817847286109,0.9326320501342883,0.9332736229287953,0.999770009199632
B_extended_bad__knn__05_combat__post1,B_extended_bad,knn,05_combat,True,medium,False,True,True,False,False,10.0,15.0,0.33333333333333337,0.8676064014963051,0.8959674638869009,0.8446,0.960689815641478,0.9803389273273276,0.015884478222606524,0.6143,0.955217196596507,0.9880404783808647,0.9512419503219871,0.5465532676812892,0.7845947156291984,0.9799908003679852
K_ffpe_only__strict__13_fsmvn__post1,K_ffpe_only,strict,13_fsmvn,True,medium,False,False,False,True,False,2.0,7.0,0.7142857142857143,0.8671237640536386,0.6361479239004716,0.8363499999999999,0.9545331732328756,0.9999999999418288,0.1052692835150146,0.7756,0.3909538737124944,0.983440662373505,0.9346826126954921,0.9315129811996419,0.9623824451410659,0.999770009199632
C_rnaseq_only__strict__05_combat__post0,C_rnaseq_only,strict,05_combat,False,medium,False,False,False,False,False,5.0,6.0,0.16666666666666663,0.8654181522236454,0.8362609749147425,0.8156000000000001,0.9486046567019112,0.9788753963974962,0.13177091670566166,0.6447,0.8477384684281236,0.9590616375344986,0.8707451701931923,0.5434198746642793,0.980743394536498,0.9908003679852806
K_ffpe_only__knn__13_fsmvn__post1,K_ffpe_only,knn,13_fsmvn,True,medium,False,False,False,True,False,2.0,7.0,0.7142857142857143,0.863739495848184,0.6247553102594348,0.8376,0.9526759150228886,0.9999999999658492,0.11112310542668419,0.7472,0.37662337662337664,0.984360625574977,0.920883164673413,0.9326320501342883,0.9695476936856248,0.9983900643974241
C_rnaseq_only__strict__05_combat__post1,C_rnaseq_only,strict,05_combat,True,medium,False,True,False,False,False,5.0,5.0,0.0,0.8603273021447452,0.8077145767044099,0.80772,0.953526090683376,0.9789565724891116,0.13108384468128098,0.6373,0.7792207792207793,0.9420423183072677,0.9305427782888684,0.5438675022381378,0.9793999104343932,0.9868905243790248
E3_iterative_r3__strict__05_combat__post0,E3_iterative_r3,strict,05_combat,False,medium,False,True,False,False,False,10.0,18.0,0.4444444444444444,0.8585891110793705,0.9084372631606106,0.83779,0.9419079745128468,0.9560596806314248,0.08017697107262434,0.5855,0.9686520376175548,0.984820607175713,0.7943882244710212,0.5067144136078783,0.9323779668607255,0.9645814167433303
E3_iterative_r3__strict__05_combat__post1,E3_iterative_r3,strict,05_combat,True,medium,False,True,False,False,False,10.0,17.0,0.4117647058823529,0.8584703526248957,0.903198269467223,0.8367799999999999,0.9428137051725994,0.9551135584471648,0.08038303888889098,0.5855,0.9623824451410659,0.983900643974241,0.8022079116835327,0.5049239033124441,0.9328257948947604,0.9645814167433303
C_rnaseq_only__strict__31_ruv3prps__post0,C_rnaseq_only,strict,31_ruv3prps,False,medium,False,False,False,False,False,5.0,6.0,0.16666666666666663,0.8551547361439081,0.8219047486739282,0.79836,0.9674381220658302,0.9999884867437668,0.0,0.7422,0.8119122257053292,0.9231830726770929,0.9638914443422263,0.824977618621307,0.6094939543215405,0.9974701011959521
E1_iterative_r1__knn__05_combat__post1,E1_iterative_r1,knn,05_combat,True,medium,False,True,False,False,False,10.0,19.0,0.4736842105263158,0.8547779617142409,0.9171529300016636,0.85125,0.9475264309430772,0.9763722658509753,0.01715727032436376,0.6267,0.9731303179579042,0.9935602575896965,0.8518859245630175,0.5349149507609668,0.7926556202418271,0.9825206991720331
E3_iterative_r3__knn__05_combat__post1,E3_iterative_r3,knn,05_combat,True,medium,False,True,False,False,False,10.0,17.0,0.4117647058823529,0.8544149539225331,0.907715068305758,0.84805,0.948414915716352,0.9766295897033044,0.015712765576019194,0.6143,0.9682042095835199,0.9903403863845446,0.8684452621895125,0.5362578334825425,0.7832512315270936,0.9799908003679852
B_extended_bad__knn__05_combat__post0,B_extended_bad,knn,05_combat,False,medium,False,True,True,False,False,10.0,16.0,0.375,0.8533448126389224,0.8929400734335126,0.83324,0.9487050726880591,0.9807820443474304,0.015947589992462485,0.6143,0.9534258844603672,0.9820607175712971,0.8712051517939282,0.5483437779767234,0.7850425436632333,0.9799908003679852
A_confirmed_bad__knn__29_combat_ref__post0,A_confirmed_bad,knn,29_combat_ref,False,medium,False,True,True,False,False,11.0,21.0,0.47619047619047616,0.8531877345865772,0.8822234950118225,0.8413454545454545,0.9866718856011604,0.976534823347807,0.00723440781478879,0.5414,0.935064935064935,0.9857405703771849,0.9986200551977921,0.535810205908684,0.7407075682937752,0.9231830726770929
C_rnaseq_only__strict__25_angel__post1,C_rnaseq_only,strict,25_angel,True,high,False,True,False,True,False,4.0,5.0,0.19999999999999996,0.8508500957484294,0.8315305096997803,0.806325,0.9733196090916802,0.9221594202857504,0.06176225499586063,0.7667,0.8392297357814599,0.9397424103035878,0.9788408463661453,0.45255147717099375,0.8956560680698612,0.9990800367985281
C_rnaseq_only__softimpute__05_combat__post0,C_rnaseq_only,softimpute,05_combat,False,medium,False,False,False,False,False,5.0,6.0,0.16666666666666663,0.8508226324583772,0.8471228898394099,0.8272,0.9373763248402656,0.9831225994285708,0.11441102920128898,0.6462,0.8705776981639051,0.9774609015639374,0.7410303587856486,0.553715308863026,0.9708911777877295,0.9912603495860166
E2_iterative_r2__knn__05_combat__post1,E2_iterative_r2,knn,05_combat,True,medium,False,True,False,False,False,10.0,18.0,0.4444444444444444,0.8501875971798247,0.911091019823712,0.8445199999999999,0.9467987613900208,0.9776315210434298,0.019442636535728308,0.5746,0.9704433497536946,0.9875804967801288,0.8394664213431463,0.5398388540734109,0.8051948051948052,0.9586016559337627
A_confirmed_bad__knn__05_combat__post1,A_confirmed_bad,knn,05_combat,True,medium,False,True,True,False,False,10.0,20.0,0.5,0.8493991890888065,0.9204061495969944,0.8449099999999999,0.946912226586058,0.9768731182058932,0.017115150728354678,0.5855,0.974473802060009,0.9885004599816007,0.8399264029438822,0.5371530886302597,0.7917599641737573,0.9645814167433303
E3_iterative_r3__knn__05_combat__post0,E3_iterative_r3,knn,05_combat,False,medium,False,True,False,False,False,10.0,18.0,0.4444444444444444,0.8476603210938206,0.9064127842042464,0.8440200000000001,0.9457872913984008,0.9771216958588784,0.015760845849538963,0.6143,0.9673085535154501,0.9871205151793928,0.8293468261269549,0.5380483437779767,0.7841468875951635,0.9799908003679852
A_confirmed_bad__strict__05_combat__post0,A_confirmed_bad,strict,05_combat,False,medium,False,True,True,False,False,11.0,21.0,0.47619047619047616,0.8468391572659545,0.90879233810425,0.8288272727272727,0.9357980160850684,0.9577283716017057,0.08130791341620514,0.5855,0.9690998656515898,0.9802207911683533,0.7240110395584176,0.508952551477171,0.9341692789968652,0.9645814167433303
A_confirmed_bad__strict__05_combat__post1,A_confirmed_bad,strict,05_combat,True,medium,False,True,True,False,False,11.0,20.0,0.44999999999999996,0.8436558804010236,0.9031907127919492,0.8269272727272727,0.935550451661604,0.9568741864434228,0.08132141704874185,0.5855,0.9619346171070309,0.9760809567617296,0.7171113155473781,0.5071620411817368,0.935064935064935,0.9645814167433303
C_rnaseq_only__strict__06_combat_seq__post0,C_rnaseq_only,strict,06_combat_seq,False,medium,False,False,False,False,False,5.0,6.0,0.16666666666666663,0.8247609348174224,0.8074539844911208,0.7782199999999999,0.9660195552298844,0.91084205731705,0.11471884080030148,0.5928,0.7781012091356919,0.859935602575897,0.9615915363385464,0.4098030438675022,0.971562919838782,0.9675712971481141
C_rnaseq_only__strict__08_inmoose_combatseq__post0,C_rnaseq_only,strict,08_inmoose_combatseq,False,medium,False,False,False,False,False,5.0,6.0,0.16666666666666663,0.8247609348174224,0.8074539844911208,0.7782199999999999,0.9660195552298844,0.91084205731705,0.11471884080030148,0.5928,0.7781012091356919,0.859935602575897,0.9615915363385464,0.4098030438675022,0.971562919838782,0.9675712971481141
S0_no_removal__softimpute__01_raw__post1,S0_no_removal,softimpute,01_raw,True,low,False,False,False,False,True,11.0,23.0,0.5217391304347826,0.8241276096436726,0.8142819195192624,0.8110090909090908,0.9347751263701743,1.0,0.002459651569546195,0.4884,0.7933273622928795,0.9510119595216191,0.7104415823367065,0.9677708146821844,0.7068965517241379,0.8153173873045079
S0_no_removal__softimpute__36_explobatch__post1,S0_no_removal,softimpute,36_explobatch,True,medium,False,False,False,False,False,11.0,23.0,0.5217391304347826,0.8241276096436726,0.8142819195192624,0.8110090909090908,0.9347751263701743,1.0,0.002459651569546195,0.4884,0.7933273622928795,0.9510119595216191,0.7104415823367065,0.9677708146821844,0.7068965517241379,0.8153173873045079
E1_iterative_r1__strict__05_combat__post1,E1_iterative_r1,strict,05_combat,True,medium,False,True,False,False,False,11.0,19.0,0.42105263157894735,0.8229430386559139,0.8958194142589246,0.8212727272727274,0.9400746292891204,0.9544321509077326,0.07947440335879286,0.4854,0.9543215405284371,0.9678012879484821,0.7700091996320148,0.5044762757385854,0.9314823107926556,0.8095676172953082
E2_iterative_r2__strict__01_raw__post1,E2_iterative_r2,strict,01_raw,True,low,False,False,False,False,True,10.0,18.0,0.4444444444444444,0.8198060210502826,0.8496497053729798,0.77685,0.9308625290541358,1.0,0.0014225502600421214,0.5088,0.8759516345723243,0.8537258509659613,0.6688132474701012,0.9677708146821844,0.6898790864308105,0.8626954921803128
E1_iterative_r1__strict__05_combat__post0,E1_iterative_r1,strict,05_combat,False,medium,False,True,False,False,False,11.0,20.0,0.44999999999999996,0.8183350534506948,0.8971178164828553,0.8164909090909092,0.9404489110647029,0.9553537077508344,0.07928818184628184,0.4752,0.9556650246305419,0.9613615455381784,0.7750689972401104,0.5053715308863026,0.9310344827586207,0.781508739650414
E2_iterative_r2__strict__01_raw__post0,E2_iterative_r2,strict,01_raw,False,low,False,False,False,False,True,11.0,19.0,0.42105263157894735,0.8182002739650441,0.8310570136061389,0.7748818181818181,0.9473118204115264,1.0,0.0,0.48,0.8367666815942678,0.8461361545538179,0.8486660533578657,0.9677708146821844,0.6094939543215405,0.8003679852805887
G_affymetrix_only__softimpute__19_tdm__post1,G_affymetrix_only,softimpute,19_tdm,True,high,False,False,False,True,False,0.0,,,0.8178084276932793,0.914518317503392,,,0.9454005188988788,0.13152796825979168,,0.9717868338557993,,,0.5013428827215757,0.9802955665024631,
G_affymetrix_only__strict__14_qsmooth__post1,G_affymetrix_only,strict,14_qsmooth,True,high,False,False,False,True,False,0.0,,,0.8166928668117196,0.9924433249370276,,,0.9308515752261444,0.1500515632388086,,0.9905956112852664,,,0.4744852282900627,0.9849977608598298,
J_ff_only__softimpute__29_combat_ref__post0,J_ff_only,softimpute,29_combat_ref,False,medium,False,True,False,False,False,7.0,15.0,0.5333333333333333,0.8143093622426173,0.9352329586095156,0.8630142857142857,0.9116508908685969,0.9435248855517734,0.04444895664334403,0.6389,0.9825347066726378,0.9963201471941122,0.5505979760809567,0.5,0.8674429019256605,0.9889604415823368
E2_iterative_r2__strict__36_explobatch__post0,E2_iterative_r2,strict,36_explobatch,False,medium,False,False,False,False,False,11.0,19.0,0.42105263157894735,0.8123882342078165,0.8311894652599691,0.7751090909090909,0.9472969041662438,0.9999999538427432,1.1102230246251565e-16,0.48,0.8378862516793552,0.8486660533578657,0.8472861085556578,0.9053267681289168,0.6347962382445141,0.8003679852805887
A_confirmed_bad__softimpute__01_raw__post0,A_confirmed_bad,softimpute,01_raw,False,low,False,False,True,False,True,11.0,21.0,0.47619047619047616,0.8118934483159922,0.8380180345908237,0.7821181818181817,0.942568729069565,1.0,0.0,0.4723,0.8497536945812808,0.875344986200552,0.8012879484820608,0.9677708146821844,0.6094939543215405,0.7677092916283349
A_confirmed_bad__softimpute__36_explobatch__post0,A_confirmed_bad,softimpute,36_explobatch,False,medium,False,False,True,False,False,11.0,21.0,0.47619047619047616,0.8118934483159922,0.8380180345908237,0.7821181818181817,0.942568729069565,1.0,0.0,0.4723,0.8497536945812808,0.875344986200552,0.8012879484820608,0.9677708146821844,0.6094939543215405,0.7677092916283349
G_affymetrix_only__knn__19_tdm__post1,G_affymetrix_only,knn,19_tdm,True,high,False,False,False,True,False,0.0,,,0.8118371867793038,0.9569752281616688,,,0.9470286843479104,0.08969493760541741,,0.986565158978952,,,0.5026857654431512,0.9462606359158083,
J_ff_only__knn__29_combat_ref__post1,J_ff_only,knn,29_combat_ref,True,medium,False,True,False,False,False,7.0,14.0,0.5,0.81182827816555,0.9313601663596962,0.8645285714285714,0.9116123997889556,0.941796370927137,0.04210209088933836,0.6358,0.9789520824003582,0.9967801287948482,0.5496780128794848,0.4973142345568487,0.8629646215853113,0.985280588776449
J_ff_only__strict__29_combat_ref__post1,J_ff_only,strict,29_combat_ref,True,medium,False,True,False,False,False,7.0,14.0,0.5,0.8111183713645832,0.9299139020848672,0.8616428571428572,0.9115984799671294,0.9405567281336636,0.041701327623204,0.6373,0.9780564263322884,0.9954001839926403,0.5492180312787488,0.495076096687556,0.8620689655172413,0.9868905243790248
J_ff_only__knn__29_combat_ref__post0,J_ff_only,knn,29_combat_ref,False,medium,False,True,False,False,False,7.0,15.0,0.5333333333333333,0.8107888800102959,0.9319921607461434,0.8560857142857143,0.9090093931074412,0.9435350486311624,0.044530226418483476,0.6375,0.9802955665024631,0.9944802207911684,0.5335786568537259,0.5004476275738585,0.8678907299596955,0.9880404783808647
J_ff_only__softimpute__29_combat_ref__post1,J_ff_only,softimpute,29_combat_ref,True,medium,False,True,False,False,False,7.0,14.0,0.5,0.8101861209562927,0.9304894758139446,0.8627857142857144,0.9100501113585746,0.9417857630393858,0.04205558966177181,0.6373,0.9785042543663234,0.9958601655933763,0.5404783808647654,0.4968666069829902,0.8625167935512763,0.9868905243790248
G_affymetrix_only__softimpute__14_qsmooth__post1,G_affymetrix_only,softimpute,14_qsmooth,True,high,False,False,False,True,False,0.0,,,0.8099757804014897,0.9905362776025236,,,0.9300567327466228,0.10902022306687606,,0.9896999552171966,,,0.4722470904207699,0.9679802955665024,
E2_iterative_r2__strict__36_explobatch__post1,E2_iterative_r2,strict,36_explobatch,True,medium,False,False,False,False,False,10.0,18.0,0.4444444444444444,0.8098546771899655,0.8500272142596099,0.7774,0.9308625290541358,0.9999999528759416,0.0014225502600421214,0.5088,0.877742946708464,0.8555657773689053,0.6688132474701012,0.9044315129811996,0.6898790864308105,0.8626954921803128
I_rare_batches_removed__softimpute__29_combat_ref__post0,I_rare_batches_removed,softimpute,29_combat_ref,False,medium,False,True,False,False,False,9.0,15.0,0.4,0.8096090129057147,0.9321646268919466,0.8890666666666667,0.931837846661948,0.8841066674287951,0.09052073376594638,0.5414,0.980743394536498,0.9986200551977921,0.6793928242870285,0.329006266786034,0.9467084639498433,0.9231830726770929
I_rare_batches_removed__softimpute__29_combat_ref__post1,I_rare_batches_removed,softimpute,29_combat_ref,True,medium,False,True,False,False,False,9.0,14.0,0.3571428571428571,0.8091358754373958,0.9278319562885494,0.8898666666666666,0.9310615235101426,0.8979654783995331,0.08316408828524247,0.5414,0.9771607702642185,0.9990800367985281,0.6734130634774609,0.3424350940017905,0.9395432154052844,0.9231830726770929
I_rare_batches_removed__knn__29_combat_ref__post1,I_rare_batches_removed,knn,29_combat_ref,True,medium,False,True,False,False,False,9.0,14.0,0.3571428571428571,0.808784587573567,0.8593833641438123,0.7829,0.9621859586336492,0.9309160846750948,0.06877924153277337,0.4615,0.8961038961038961,0.8794848206071757,0.9544618215271389,0.4749328558639212,0.9126735333631886,0.735050597976081
J_ff_only__strict__29_combat_ref__post0,J_ff_only,strict,29_combat_ref,False,medium,False,True,False,False,False,7.0,15.0,0.5333333333333333,0.8082309444285847,0.9344501063376752,0.8613428571428571,0.9067265423279312,0.9423337198489072,0.04408094183580691,0.6373,0.9816390506045678,0.9949402023919043,0.5211591536338547,0.4982094897045658,0.8665472458575907,0.9868905243790248
I_rare_batches_removed__knn__29_combat_ref__post0,I_rare_batches_removed,knn,29_combat_ref,False,medium,False,True,False,False,False,9.0,15.0,0.4,0.8072610550403548,0.8683545696207186,0.7822444444444445,0.96049458980698,0.922168841784287,0.07262334323993669,0.4615,0.9081952530228392,0.8767249310027599,0.9498620055197792,0.4529991047448523,0.9207344379758173,0.735050597976081
S0_no_removal__softimpute__27_dwd__post1,S0_no_removal,softimpute,27_dwd,True,medium,False,False,False,False,False,11.0,23.0,0.5217391304347826,0.8070468951843853,0.8155697337061826,0.8131181818181819,0.9347745027250436,0.9999976439400452,0.0012435670713885072,0.4897,0.7984773846842812,0.9558417663293468,0.7097516099356026,0.8715308863025962,0.6860725481415136,0.8206071757129715
E3_iterative_r3__strict__01_raw__post0,E3_iterative_r3,strict,01_raw,False,low,False,False,False,False,True,10.0,18.0,0.4444444444444444,0.8069410930440291,0.8497711850511679,0.7770699999999999,0.9308704914810852,1.0,0.0,0.5088,0.8768472906403941,0.8546458141674333,0.6701931922723091,0.9677708146821844,0.6094939543215405,0.8626954921803128
E1_iterative_r1__strict__01_raw__post1,E1_iterative_r1,strict,01_raw,True,low,False,False,False,False,True,11.0,19.0,0.42105263157894735,0.8067372633109668,0.8310570136061389,0.7748818181818181,0.9472969041662438,1.0,-0.0008042777552385028,0.48,0.8367666815942678,0.8461361545538179,0.8472861085556578,0.9677708146821844,0.5420958351992835,0.8003679852805887
E3_iterative_r3__strict__15_fsqn_py__post1,E3_iterative_r3,strict,15_fsqn_py,True,high,False,False,False,False,False,10.0,17.0,0.4117647058823529,0.8065065592049342,0.8561900521079738,0.7921400000000001,0.951658506628368,0.9117061916261926,0.020129889961297165,0.5353,0.8893864755933721,0.906623735050598,0.9112235510579577,0.41316025067144135,0.8078817733990148,0.9107635694572217
E1_iterative_r1__strict__01_raw__post0,E1_iterative_r1,strict,01_raw,False,low,False,False,False,False,True,11.0,20.0,0.44999999999999996,0.8063721069961863,0.828206160349567,0.7651181818181818,0.9504852430476346,1.0,0.0,0.4615,0.8246753246753247,0.8079576816927323,0.8932842686292548,0.9677708146821844,0.6094939543215405,0.735050597976081
C_rnaseq_only__strict__01_raw__post1,C_rnaseq_only,strict,01_raw,True,low,False,False,False,True,True,4.0,5.0,0.19999999999999996,0.8053144205381572,0.7528963938874951,0.704425,0.9356186907474252,1.0,0.09663819840017074,0.595,0.6200179131213615,0.6000459981600736,0.7201011959521619,0.9677708146821844,0.954769368562472,0.96918123275069
E2_iterative_r2__strict__31_ruv3prps__post0,E2_iterative_r2,strict,31_ruv3prps,False,medium,False,False,False,False,False,11.0,19.0,0.42105263157894735,0.8040591320595327,0.8310570136061389,0.7748818181818181,0.9472969041662438,0.999995935196995,5.772684240290538e-06,0.48,0.8367666815942678,0.8461361545538179,0.8472861085556578,0.849373321396598,0.6444245409762651,0.8003679852805887
C_rnaseq_only__strict__06_combat_seq__post1,C_rnaseq_only,strict,06_combat_seq,True,medium,False,False,False,False,False,5.0,5.0,0.0,0.8040175709050429,0.7689371887752566,0.7689199999999999,0.9692684685707148,0.9105570146012796,0.11820478805129231,0.6329,0.6710703090013435,0.8203771849126035,0.968491260349586,0.4066696508504924,0.9729064039408867,0.984590616375345
C_rnaseq_only__strict__08_inmoose_combatseq__post1,C_rnaseq_only,strict,08_inmoose_combatseq,True,medium,False,False,False,False,False,5.0,5.0,0.0,0.8040175709050429,0.7689371887752566,0.7689199999999999,0.9692684685707148,0.9105570146012796,0.11820478805129231,0.6329,0.6710703090013435,0.8203771849126035,0.968491260349586,0.4066696508504924,0.9729064039408867,0.984590616375345
E3_iterative_r3__strict__17_quantile__post1,E3_iterative_r3,strict,17_quantile,True,high,False,False,False,False,False,10.0,17.0,0.4117647058823529,0.8024997626440248,0.8579956422248556,0.7928200000000001,0.9496697341195736,0.9117168236774184,0.020132192542149374,0.5353,0.8929690998656515,0.9089236430542779,0.8804047838086476,0.41360787824529993,0.8083296014330497,0.9107635694572217
E3_iterative_r3__strict__36_explobatch__post0,E3_iterative_r3,strict,36_explobatch,False,medium,False,False,False,False,False,10.0,18.0,0.4444444444444444,0.8007528916868223,0.8499757990226988,0.7773,0.9308704914810852,0.9999999528759416,1.1102230246251565e-16,0.5088,0.877295118674429,0.8551057957681693,0.6701931922723091,0.9044315129811996,0.6347962382445141,0.8626954921803128
K_ffpe_only__softimpute__09_ruv__post1,K_ffpe_only,softimpute,09_ruv,True,medium,False,False,False,True,False,2.0,7.0,0.7142857142857143,0.8006100210266421,0.7873766096271513,0.84675,0.9726168605600884,0.7213626156159171,0.12034983588603099,0.7304,0.7214509628302732,0.9894204231830727,0.9760809567617296,0.14726947179946284,0.9735781459919391,0.9958601655933763
C_rnaseq_only__knn__25_angel__post1,C_rnaseq_only,knn,25_angel,True,high,False,False,False,True,False,4.0,5.0,0.19999999999999996,0.799556057358747,0.7892020777017662,0.757075,0.9747964506986486,0.9270811228707638,0.03366483170690604,0.6792,0.7268248992386923,0.7842686292548298,0.9816007359705612,0.4628469113697404,0.8463949843260188,0.9954001839926403
E2_iterative_r2__strict__31_ruv3prps__post1,E2_iterative_r2,strict,31_ruv3prps,True,medium,False,False,False,False,False,10.0,18.0,0.4444444444444444,0.7995114953258673,0.8495481672194818,0.77668,0.9308625290541358,0.999995850090924,0.001428727831793597,0.5088,0.8750559785042543,0.8532658693652254,0.6688132474701012,0.8466875559534467,0.690550828481863,0.8626954921803128
A_confirmed_bad__strict__08_inmoose_combatseq__post1,A_confirmed_bad,strict,08_inmoose_combatseq,True,medium,False,True,True,False,False,11.0,20.0,0.44999999999999996,0.798358401150096,0.9037134645554342,0.8277727272727272,0.9390366714086524,0.8641069918302142,0.03386228408386638,0.5582,0.964397671294223,0.9790708371665133,0.7614995400183993,0.2889435989256938,0.8470667263770713,0.9491720331186753
A_confirmed_bad__strict__06_combat_seq__post1,A_confirmed_bad,strict,06_combat_seq,True,medium,False,True,True,False,False,11.0,20.0,0.44999999999999996,0.798358401150096,0.9037134645554342,0.8277727272727272,0.9390366714086524,0.8641069918302142,0.03386228408386638,0.5582,0.964397671294223,0.9790708371665133,0.7614995400183993,0.2889435989256938,0.8470667263770713,0.9491720331186753
E2_iterative_r2__strict__04_sva__post0,E2_iterative_r2,strict,04_sva,False,low,False,False,False,False,False,11.0,19.0,0.42105263157894735,0.7978401018205359,0.8309891508038889,0.7747636363636363,0.9474864043228224,0.99808569942181,0.002301669285666552,0.48,0.835423197492163,0.843836246550138,0.8509659613615456,0.7533572068039391,0.703090013434841,0.8003679852805887
E1_iterative_r1__strict__36_explobatch__post1,E1_iterative_r1,strict,36_explobatch,True,medium,False,False,False,False,False,11.0,19.0,0.42105263157894735,0.797166132239529,0.8312555880193445,0.7752272727272728,0.9472969041662438,0.9999999538427432,-0.0008042777552385028,0.48,0.83833407971339,0.8495860165593376,0.8472861085556578,0.9053267681289168,0.5420958351992835,0.8003679852805887
A_confirmed_bad__strict__01_raw__post1,A_confirmed_bad,strict,01_raw,True,low,False,False,True,False,True,11.0,20.0,0.44999999999999996,0.7971301606567237,0.8298784305398769,0.7748181818181817,0.9482308159614838,1.0,-0.0007550519054395632,0.4615,0.8318405732198836,0.8447562097516099,0.859475620975161,0.9677708146821844,0.5438871473354232,0.735050597976081
E1_iterative_r1__strict__04_sva__post1,E1_iterative_r1,strict,04_sva,True,low,False,False,False,False,False,11.0,19.0,0.42105263157894735,0.7956777923006308,0.8309891508038889,0.7747636363636363,0.9474938624454636,0.998020760708974,0.0014781762763840245,0.48,0.835423197492163,0.843836246550138,0.8514259429622815,0.7511190689346464,0.6918943125839677,0.8003679852805887
E1_iterative_r1__strict__36_explobatch__post0,E1_iterative_r1,strict,36_explobatch,False,medium,False,False,False,False,False,11.0,20.0,0.44999999999999996,0.795504734188195,0.8280836836103547,0.7648909090909091,0.9504780600366998,0.9999999547706692,0.0,0.4615,0.8240035826242723,0.8058877644894205,0.8925942962281509,0.9059982094897046,0.6094939543215405,0.735050597976081
B_extended_bad__softimpute__01_raw__post0,B_extended_bad,softimpute,01_raw,False,low,False,False,True,False,True,10.0,16.0,0.375,0.7952301702285158,0.8151613862540587,0.81243,0.9422778111069284,1.0,0.0,0.4267,0.796462158531124,0.9546918123275069,0.797148114075437,0.9677708146821844,0.6094939543215405,0.6458141674333027
B_extended_bad__softimpute__36_explobatch__post0,B_extended_bad,softimpute,36_explobatch,False,medium,False,False,True,False,False,10.0,16.0,0.375,0.7952301702285158,0.8151613862540587,0.81243,0.9422778111069284,1.0,0.0,0.4267,0.796462158531124,0.9546918123275069,0.797148114075437,0.9677708146821844,0.6094939543215405,0.6458141674333027
E2_iterative_r2__strict__05_combat__post1,E2_iterative_r2,strict,05_combat,True,medium,False,True,False,False,False,11.0,18.0,0.38888888888888884,0.7951645243924067,0.8862467148654729,0.8150727272727273,0.9402222794435756,0.957079548124426,0.07763584187389871,0.4329,0.9431258396775638,0.9586016559337627,0.7723091076356946,0.5080572963294538,0.9278996865203761,0.6609935602575897
E1_iterative_r1__strict__08_inmoose_combatseq__post0,E1_iterative_r1,strict,08_inmoose_combatseq,False,medium,False,True,False,False,False,11.0,20.0,0.44999999999999996,0.7951265391714545,0.8990058141293729,0.8185909090909091,0.9406759894800504,0.8653522015343788,0.029108853472412766,0.5534,0.957680250783699,0.9666513339466422,0.781738730450782,0.29297224709042075,0.8269144648454994,0.9448022079116836
E1_iterative_r1__strict__06_combat_seq__post0,E1_iterative_r1,strict,06_combat_seq,False,medium,False,True,False,False,False,11.0,20.0,0.44999999999999996,0.7951265391714545,0.8990058141293729,0.8185909090909091,0.9406759894800504,0.8653522015343788,0.029108853472412766,0.5534,0.957680250783699,0.9666513339466422,0.781738730450782,0.29297224709042075,0.8269144648454994,0.9448022079116836
E3_iterative_r3__strict__31_ruv3prps__post0,E3_iterative_r3,strict,31_ruv3prps,False,medium,False,False,False,False,False,10.0,18.0,0.4444444444444444,0.7941760452120014,0.8504495769866794,0.7782899999999999,0.9308704914810852,0.999995850090924,6.177571751808664e-06,0.5088,0.8795342588446037,0.8606255749770009,0.6701931922723091,0.8466875559534467,0.645320197044335,0.8626954921803128
E2_iterative_r2__softimpute__01_raw__post0,E2_iterative_r2,softimpute,01_raw,False,low,False,False,False,False,True,11.0,19.0,0.42105263157894735,0.7933748115424305,0.8007502022687653,0.7837909090909091,0.946737166636906,1.0,0.0,0.454,0.757501119570085,0.8829346826126955,0.8383164673413064,0.9677708146821844,0.6094939543215405,0.704231830726771
E2_iterative_r2__softimpute__36_explobatch__post0,E2_iterative_r2,softimpute,36_explobatch,False,medium,False,False,False,False,False,11.0,19.0,0.42105263157894735,0.7933748115424305,0.8007502022687653,0.7837909090909091,0.946737166636906,1.0,0.0,0.454,0.757501119570085,0.8829346826126955,0.8383164673413064,0.9677708146821844,0.6094939543215405,0.704231830726771
C_rnaseq_only__strict__25_angel__post0,C_rnaseq_only,strict,25_angel,False,high,False,False,False,False,False,5.0,6.0,0.16666666666666663,0.7929785030339013,0.7917623105060736,0.7593799999999999,0.978498588197124,0.908376134485134,0.054565333485409595,0.5777,0.7362292879534259,0.7916283348666053,0.9903403863845446,0.39480752014324083,0.8858038513210927,0.9590616375344986
C_rnaseq_only__strict__04_sva__post1,C_rnaseq_only,strict,04_sva,True,low,False,False,False,True,False,4.0,5.0,0.19999999999999996,0.7927392945232196,0.7525903795389276,0.7040500000000001,0.9356186907474252,0.9999997546309808,0.09663819840017074,0.595,0.6182266009852216,0.5991260349586016,0.7201011959521619,0.8950313339301701,0.954769368562472,0.96918123275069
C_rnaseq_only__strict__36_explobatch__post1,C_rnaseq_only,strict,36_explobatch,True,medium,False,False,False,True,False,4.0,5.0,0.19999999999999996,0.7927392945232196,0.7525903795389276,0.7040500000000001,0.9356186907474252,0.9999997546309808,0.09663819840017074,0.595,0.6182266009852216,0.5991260349586016,0.7201011959521619,0.8950313339301701,0.954769368562472,0.96918123275069
E1_iterative_r1__strict__31_ruv3prps__post0,E1_iterative_r1,strict,31_ruv3prps,False,medium,False,False,False,False,False,11.0,20.0,0.44999999999999996,0.792681714581282,0.828206160349567,0.7651181818181818,0.9504780600366998,0.99999601688199,5.97650303624242e-06,0.4615,0.8246753246753247,0.8079576816927323,0.8925942962281509,0.850940017905103,0.6448723690103001,0.735050597976081
E2_iterative_r2__strict__14_qsmooth__post1,E2_iterative_r2,strict,14_qsmooth,True,high,False,True,False,False,False,10.0,18.0,0.4444444444444444,0.7918289122854492,0.8675588424095283,0.8125600000000001,0.9518537534098352,0.9086213008943204,0.0014096789795459141,0.5265,0.9059561128526645,0.9553817847286109,0.9139834406623735,0.39615040286481645,0.6892073443797582,0.890294388224471
C_rnaseq_only__softimpute__25_angel__post1,C_rnaseq_only,softimpute,25_angel,True,high,False,False,False,True,False,4.0,5.0,0.19999999999999996,0.7915418794538377,0.793447418779278,0.77,0.954542501705106,0.9332517448387624,0.016948211432017746,0.6083,0.7402597402597403,0.8265869365225391,0.9351425942962281,0.4798567591763653,0.7908643081056874,0.9765409383624655
E1_iterative_r1__strict__08_inmoose_combatseq__post1,E1_iterative_r1,strict,08_inmoose_combatseq,True,medium,False,True,False,False,False,11.0,19.0,0.42105263157894735,0.791472363448486,0.8971833975001706,0.8249,0.938979664396768,0.8669475176008907,0.0288137299213157,0.5451,0.9563367666815943,0.9744710211591536,0.7601195952161913,0.299686660698299,0.8242274966412897,0.9339926402943882
E1_iterative_r1__strict__06_combat_seq__post1,E1_iterative_r1,strict,06_combat_seq,True,medium,False,True,False,False,False,11.0,19.0,0.42105263157894735,0.791472363448486,0.8971833975001706,0.8249,0.938979664396768,0.8669475176008907,0.0288137299213157,0.5451,0.9563367666815943,0.9744710211591536,0.7601195952161913,0.299686660698299,0.8242274966412897,0.9339926402943882
C_rnaseq_only__softimpute__01_raw__post0,C_rnaseq_only,softimpute,01_raw,False,low,False,False,False,False,True,5.0,6.0,0.16666666666666663,0.7905108098164867,0.7494243821977556,0.7114,0.957490163496824,1.0,0.0,0.6478,0.6025526197939991,0.6262649494020239,0.9448022079116836,0.9677708146821844,0.6094939543215405,0.9921803127874885
C_rnaseq_only__softimpute__36_explobatch__post0,C_rnaseq_only,softimpute,36_explobatch,False,medium,False,False,False,False,False,5.0,6.0,0.16666666666666663,0.7905108098164867,0.7494243821977556,0.7114,0.957490163496824,1.0,0.0,0.6478,0.6025526197939991,0.6262649494020239,0.9448022079116836,0.9677708146821844,0.6094939543215405,0.9921803127874885
G_affymetrix_only__knn__14_qsmooth__post1,G_affymetrix_only,knn,14_qsmooth,True,high,False,False,False,True,False,0.0,,,0.7904958623014994,0.9905362776025236,,,0.9292294529923738,0.06880731095727588,,0.9896999552171966,,,0.468218442256043,0.9135691894312584,
G_affymetrix_only__softimpute__02_median_scaling__post1,G_affymetrix_only,softimpute,02_median_scaling,True,low,False,False,False,True,False,0.0,,,0.7897563647108301,0.7421383647798742,,,0.9999999930239984,0.04225651749578385,,0.583296014330497,,,0.9221128021486124,0.8638602776533811,
E1_iterative_r1__softimpute__01_raw__post0,E1_iterative_r1,softimpute,01_raw,False,low,False,False,False,False,True,11.0,20.0,0.44999999999999996,0.7892728454523922,0.8097093102098449,0.7819545454545455,0.946550126224864,1.0,0.0,0.4354,0.7830273175100761,0.8741950321987121,0.8353265869365225,0.9677708146821844,0.6094939543215405,0.6658233670653174
E1_iterative_r1__softimpute__36_explobatch__post0,E1_iterative_r1,softimpute,36_explobatch,False,medium,False,False,False,False,False,11.0,20.0,0.44999999999999996,0.7892728454523922,0.8097093102098449,0.7819545454545455,0.946550126224864,1.0,0.0,0.4354,0.7830273175100761,0.8741950321987121,0.8353265869365225,0.9677708146821844,0.6094939543215405,0.6658233670653174
J_ff_only__strict__05_combat__post1,J_ff_only,strict,05_combat,True,medium,False,True,False,False,False,7.0,14.0,0.5,0.7887065429798684,0.9239112712541874,0.8505428571428572,0.8934060731997171,0.940714964393773,0.034985664886121204,0.5963,0.9749216300940439,0.9931002759889604,0.4438822447102116,0.4955237242614145,0.8535602328705777,0.9712511499540019
J_ff_only__strict__05_combat__post0,J_ff_only,strict,05_combat,False,medium,False,True,False,False,False,7.0,15.0,0.5333333333333333,0.7885063932370633,0.9277485299474711,0.8497,0.8923067280587297,0.9424867050719914,0.03750817126747652,0.5963,0.9767129422301836,0.9917203311867525,0.4337626494940202,0.4986571172784244,0.8589341692789969,0.9712511499540019
J_ff_only__knn__05_combat__post0,J_ff_only,knn,05_combat,False,medium,False,True,False,False,False,7.0,15.0,0.5333333333333333,0.7884719455757553,0.9285184946142768,0.8504428571428572,0.8920614151669597,0.943691093294109,0.0352737320844938,0.6013,0.9776085982982534,0.9921803127874885,0.4319227230910764,0.500895255147717,0.8549037169726825,0.9733210671573137
A_confirmed_bad__strict__04_sva__post1,A_confirmed_bad,strict,04_sva,True,low,False,False,True,False,False,11.0,20.0,0.44999999999999996,0.78792545305304,0.8298542873120184,0.7744,0.9484620207920966,0.9982375621336398,0.0018378016020276222,0.4615,0.8311688311688312,0.8426862925482981,0.8693652253909844,0.7538048343777977,0.6954769368562472,0.735050597976081
E2_iterative_r2__strict__05_combat__post0,E2_iterative_r2,strict,05_combat,False,medium,False,True,False,False,False,11.0,19.0,0.42105263157894735,0.7875746943401456,0.8850009340994301,0.8049181818181819,0.9404101430104296,0.9579656529868736,0.07747065112012264,0.4204,0.941782355575459,0.937442502299908,0.7741490340386384,0.509847806624888,0.9274518584863413,0.6347746090156394
E1_iterative_r1__strict__31_ruv3prps__post1,E1_iterative_r1,strict,31_ruv3prps,True,medium,False,False,False,False,False,11.0,19.0,0.42105263157894735,0.7871163047718778,0.8310570136061389,0.7748818181818181,0.9472969041662438,0.999995935196995,-0.0007985050709985453,0.48,0.8367666815942678,0.8461361545538179,0.8472861085556578,0.849373321396598,0.5427675772503359,0.8003679852805887
E1_iterative_r1__strict__04_sva__post0,E1_iterative_r1,strict,04_sva,False,low,False,False,False,False,False,11.0,20.0,0.44999999999999996,0.786565864425422,0.827660857531123,0.7654090909090908,0.9507692844548812,0.9980606744178936,0.0022760446329771478,0.4615,0.8213166144200627,0.8104875804967802,0.8978840846366145,0.752461951656222,0.7021943573667712,0.735050597976081
K_ffpe_only__softimpute__03_limma__post1,K_ffpe_only,softimpute,03_limma,True,low,False,False,False,True,False,2.0,7.0,0.7142857142857143,0.7865011117159312,0.6514484532046442,0.8311999999999999,0.9280980174020216,0.9999897195021769,0.036181380614444314,0.7472,0.41155396327810123,0.9816007359705612,0.6448942042318307,0.8263205013428827,0.8562472010747872,0.9983900643974241
S0_no_removal__softimpute__04_sva__post1,S0_no_removal,softimpute,04_sva,True,low,False,False,False,False,False,11.0,23.0,0.5217391304347826,0.7863713654343046,0.8103339921713733,0.8083363636363636,0.9333560264157248,0.998748610426665,0.0034362861308231962,0.4871,0.7841468875951635,0.9434222631094756,0.6964121435142594,0.76544315129812,0.7183161665920287,0.8104875804967802
F_microarray_only__strict__08_inmoose_combatseq__post0,F_microarray_only,strict,08_inmoose_combatseq,False,medium,False,True,False,False,False,6.0,18.0,0.6666666666666667,0.7860894955279948,0.9451483998822188,0.8381833333333333,0.9269357521111672,0.8285571368953922,0.0888294219327172,0.5918,0.9856695029108822,0.985280588776449,0.6366145354185833,0.19717994628469113,0.945141065830721,0.9666513339466422
A_confirmed_bad__strict__36_explobatch__post1,A_confirmed_bad,strict,36_explobatch,True,medium,False,False,True,False,False,11.0,20.0,0.44999999999999996,0.785864866714617,0.8298784305398769,0.7748181818181817,0.9482308159614838,0.9999999419160172,-0.0007550519054395632,0.4615,0.8318405732198836,0.8447562097516099,0.859475620975161,0.9001790510295434,0.5438871473354232,0.735050597976081
A_confirmed_bad__strict__01_raw__post0,A_confirmed_bad,strict,01_raw,False,low,False,False,True,False,True,11.0,21.0,0.47619047619047616,0.7853253566882618,0.7742603526401323,0.7691,0.9502930986646084,1.0,0.0,0.4615,0.6896551724137931,0.8215271389144434,0.8884544618215271,0.9677708146821844,0.6094939543215405,0.735050597976081
E3_iterative_r3__strict__18_rank__post1,E3_iterative_r3,strict,18_rank,True,high,False,False,False,False,False,9.0,17.0,0.47058823529411764,0.7850407547205966,0.8284957784705681,0.7917000000000001,0.9494258874100316,0.906924991817208,0.011882489703270993,0.5536,0.8262427227944469,0.9045538178472861,0.8762649494020239,0.38988361683079675,0.767577250335871,0.9457221711131555
C_rnaseq_only__knn__25_angel__post0,C_rnaseq_only,knn,25_angel,False,high,False,False,False,False,False,5.0,6.0,0.16666666666666663,0.7841573276146301,0.786295517484391,0.7585200000000001,0.9677649126110044,0.9185582157303734,0.022947036610352245,0.608,0.7196596506941334,0.7888684452621895,0.9655013799448022,0.4431512981199642,0.8119122257053292,0.9758509659613616
C_rnaseq_only__softimpute__25_angel__post0,C_rnaseq_only,softimpute,25_angel,False,high,False,False,False,False,False,5.0,6.0,0.16666666666666663,0.7837699707656194,0.7934537156510117,0.7670999999999999,0.9730414324139096,0.9237873466823392,0.0033210317092577935,0.6541,0.7407075682937752,0.8160073597056118,0.9774609015639374,0.4574753804834378,0.7178683385579937,0.9931002759889604
I_rare_batches_removed__softimpute__01_raw__post1,I_rare_batches_removed,softimpute,01_raw,True,low,False,True,False,False,True,9.0,14.0,0.3571428571428571,0.7837167943700587,0.8733749752402442,0.8079777777777778,0.898315293374609,1.0,0.0018774482875211773,0.455,0.916256157635468,0.9425022999080037,0.4714811407543698,0.9677708146821844,0.6961486789072996,0.7081416743330267
J_ff_only__knn__05_combat__post1,J_ff_only,knn,05_combat,True,medium,False,True,False,False,False,7.0,14.0,0.5,0.7825089323809787,0.9243360628072588,0.8504714285714287,0.88984517337909,0.9419577229379338,0.03264626857693265,0.6,0.9753694581280788,0.9926402943882244,0.41674333026678934,0.4977618621307073,0.8396775638154949,0.9728610855565777
C_rnaseq_only__strict__31_ruv3prps__post1,C_rnaseq_only,strict,31_ruv3prps,True,medium,False,False,False,True,False,4.0,5.0,0.19999999999999996,0.7812171361454386,0.7528963938874951,0.704425,0.9356186907474252,0.9999815595420268,0.09663819840017074,0.595,0.6200179131213615,0.6000459981600736,0.7201011959521619,0.8231871083258728,0.954769368562472,0.96918123275069
E1_iterative_r1__knn__36_explobatch__post1,E1_iterative_r1,knn,36_explobatch,True,medium,False,False,False,False,False,10.0,19.0,0.4736842105263158,0.7811352085754222,0.7766624953362308,0.72319,0.940645049118667,1.0,0.0023951182922063996,0.5106,0.6979399910434393,0.6681232750689973,0.7805887764489421,0.9677708146821844,0.7055530676220332,0.8668353265869365
E1_iterative_r1__knn__01_raw__post1,E1_iterative_r1,knn,01_raw,True,low,False,False,False,False,True,10.0,19.0,0.4736842105263158,0.7811352085754222,0.7766624953362308,0.72319,0.940645049118667,1.0,0.0023951182922063996,0.5106,0.6979399910434393,0.6681232750689973,0.7805887764489421,0.9677708146821844,0.7055530676220332,0.8668353265869365
E2_iterative_r2__strict__04_sva__post1,E2_iterative_r2,strict,04_sva,True,low,False,False,False,False,False,10.0,18.0,0.4444444444444444,0.7808794019037376,0.8492399317819478,0.7757,0.928403385859556,0.9980454705531816,0.003866647953847391,0.4999,0.8746081504702194,0.8518859245630175,0.6485740570377185,0.7520143240823635,0.7201074787281684,0.8380864765409384
F_microarray_only__strict__06_combat_seq__post0,F_microarray_only,strict,06_combat_seq,False,medium,False,True,False,False,False,6.0,18.0,0.6666666666666667,0.780579844291414,0.9362492805892716,0.8115,0.9270321177304603,0.8285571368953922,0.0888294219327172,0.5918,0.9834303627407076,0.952621895124195,0.6384544618215271,0.19717994628469113,0.945141065830721,0.9666513339466422
E2_iterative_r2__strict__06_combat_seq__post0,E2_iterative_r2,strict,06_combat_seq,False,medium,False,True,False,False,False,11.0,19.0,0.42105263157894735,0.7801356416144006,0.8842012844762613,0.8024181818181817,0.9383334178413216,0.866806899774273,0.02823232533326081,0.5451,0.9404388714733543,0.9346826126954921,0.7509199632014719,0.2987914055505819,0.8219883564711151,0.9339926402943882
E2_iterative_r2__strict__08_inmoose_combatseq__post0,E2_iterative_r2,strict,08_inmoose_combatseq,False,medium,False,True,False,False,False,11.0,19.0,0.42105263157894735,0.7799843400086055,0.8841465555870208,0.8023272727272727,0.9383334178413216,0.866806899774273,0.02823232533326081,0.5451,0.9399910434393193,0.9342226310947562,0.7509199632014719,0.2987914055505819,0.8219883564711151,0.9339926402943882
B_extended_bad__strict__01_raw__post0,B_extended_bad,strict,01_raw,False,low,False,False,True,False,True,10.0,16.0,0.375,0.7799542355128071,0.7885805355006178,0.7512000000000001,0.9329125847074956,1.0,0.0,0.5421,0.7245857590685177,0.7617295308187673,0.6895124195032198,0.9677708146821844,0.6094939543215405,0.9266329346826127
C_rnaseq_only__knn__01_raw__post0,C_rnaseq_only,knn,01_raw,False,low,False,False,False,False,True,5.0,6.0,0.16666666666666663,0.7798761471301474,0.7412804023994184,0.7016199999999999,0.9629229753691038,1.0,0.0,0.6093,0.580832960143305,0.5873965041398344,0.9563017479300828,0.9677708146821844,0.6094939543215405,0.9774609015639374
C_rnaseq_only__knn__36_explobatch__post0,C_rnaseq_only,knn,36_explobatch,False,medium,False,False,False,False,False,5.0,6.0,0.16666666666666663,0.7798761471301474,0.7412804023994184,0.7016199999999999,0.9629229753691038,1.0,0.0,0.6093,0.580832960143305,0.5873965041398344,0.9563017479300828,0.9677708146821844,0.6094939543215405,0.9774609015639374
E3_iterative_r3__strict__04_sva__post0,E3_iterative_r3,strict,04_sva,False,low,False,False,False,False,False,10.0,18.0,0.4444444444444444,0.7790415887696772,0.8490411542294339,0.77535,0.9283409359617278,0.9980671705049068,0.0025910608050931927,0.4999,0.8741603224361845,0.8502759889604415,0.6481140754369825,0.7529095792300806,0.7107030900134348,0.8380864765409384
A_confirmed_bad__knn__08_inmoose_combatseq__post1,A_confirmed_bad,knn,08_inmoose_combatseq,True,medium,False,True,True,False,False,10.0,20.0,0.5,0.7785173716848179,0.9044613529115194,0.81017,0.9517067043961764,0.8567484364706532,0.03179877567062561,0.4633,0.9661889834303627,0.9482520699172033,0.9121435142594296,0.2611906893464637,0.8363188535602328,0.7470101195952162
A_confirmed_bad__knn__06_combat_seq__post1,A_confirmed_bad,knn,06_combat_seq,True,medium,False,True,True,False,False,10.0,20.0,0.5,0.7784407080846952,0.9044613529115194,0.81017,0.9516864434890292,0.8567484364706532,0.03179877567062561,0.4633,0.9661889834303627,0.9482520699172033,0.9116835326586936,0.2611906893464637,0.8363188535602328,0.7470101195952162
A_confirmed_bad__strict__27_dwd__post1,A_confirmed_bad,strict,27_dwd,True,medium,False,False,True,False,False,11.0,20.0,0.44999999999999996,0.7782302162780481,0.8297519109086948,0.7749636363636363,0.9482308159614838,0.9999960725003746,-0.0007483814471985761,0.4615,0.8304970891177788,0.8475160993560258,0.859475620975161,0.8520590868397493,0.544782803403493,0.735050597976081
A_confirmed_bad__strict__31_ruv3prps__post1,A_confirmed_bad,strict,31_ruv3prps,True,medium,False,False,True,False,False,11.0,20.0,0.44999999999999996,0.7782302162780481,0.8297519109086948,0.7749636363636363,0.9482308159614838,0.9999960725003746,-0.0007483814471985761,0.4615,0.8304970891177788,0.8475160993560258,0.859475620975161,0.8520590868397493,0.544782803403493,0.735050597976081
S0_no_removal__knn__29_combat_ref__post1,S0_no_removal,knn,29_combat_ref,True,medium,False,True,False,False,False,11.0,23.0,0.5217391304347826,0.7772115999141108,0.9152275436472522,0.824409090909091,0.9745210353273436,0.969021448429085,-0.0036899541920518697,0.4615,0.9726824899238692,0.9724011039558418,0.9806807727690893,0.518800358102059,0.48365427675772504,0.735050597976081
S0_no_removal__softimpute__29_combat_ref__post0,S0_no_removal,softimpute,29_combat_ref,False,medium,False,True,False,False,False,11.0,24.0,0.5416666666666667,0.7771384156596532,0.946437048302154,0.8870818181818181,0.9319356720034556,0.8801594521235586,0.08280120512912975,0.4615,0.9861173309449172,0.9981600735970562,0.6807727690892365,0.3245299910474485,0.9381997313031796,0.735050597976081
E1_iterative_r1__softimpute__01_raw__post1,E1_iterative_r1,softimpute,01_raw,True,low,False,False,False,False,True,10.0,19.0,0.4736842105263158,0.7768972358342929,0.8658305867040667,0.77815,0.9482853566402414,1.0,0.001162591577722638,0.2737,0.9034930586654725,0.859015639374425,0.8629254829806807,0.9677708146821844,0.6827138378862517,0.38546458141674333
E1_iterative_r1__softimpute__36_explobatch__post1,E1_iterative_r1,softimpute,36_explobatch,True,medium,False,False,False,False,False,10.0,19.0,0.4736842105263158,0.7768972358342929,0.8658305867040667,0.77815,0.9482853566402414,1.0,0.001162591577722638,0.2737,0.9034930586654725,0.859015639374425,0.8629254829806807,0.9677708146821844,0.6827138378862517,0.38546458141674333
F_microarray_only__strict__06_combat_seq__post1,F_microarray_only,strict,06_combat_seq,True,medium,False,True,False,False,False,6.0,17.0,0.6470588235294117,0.7759802287442307,0.931383892240636,0.80865,0.9272544394437668,0.8267390473193283,0.09649070547145111,0.5549,0.9793999104343932,0.9438822447102115,0.6393744250229991,0.19449418084153983,0.9518584863412449,0.9468721251149954
F_microarray_only__strict__08_inmoose_combatseq__post1,F_microarray_only,strict,08_inmoose_combatseq,True,medium,False,True,False,False,False,6.0,17.0,0.6470588235294117,0.7755948851491672,0.9315564889010628,0.8089333333333334,0.9269186423578702,0.8267390473193283,0.09649070547145111,0.5549,0.9798477384684281,0.9443422263109476,0.6361545538178472,0.19449418084153983,0.9518584863412449,0.9468721251149954
C_rnaseq_only__knn__31_ruv3prps__post0,C_rnaseq_only,knn,31_ruv3prps,False,medium,False,False,False,False,False,5.0,6.0,0.16666666666666663,0.7748109528033842,0.7412804023994184,0.7016199999999999,0.9629229753691038,0.9999932856969151,0.003096562104267564,0.6093,0.580832960143305,0.5873965041398344,0.9563017479300828,0.8312444046553268,0.7156291983878191,0.9774609015639374
A_confirmed_bad__strict__36_explobatch__post0,A_confirmed_bad,strict,36_explobatch,False,medium,False,False,True,False,False,11.0,21.0,0.47619047619047616,0.7745139341535108,0.7746126934864173,0.7695454545454545,0.9502930986646084,0.9999999430606972,0.0,0.4615,0.690550828481863,0.8229070837166513,0.8884544618215271,0.900626678603402,0.6094939543215405,0.735050597976081
B_extended_bad__knn__08_inmoose_combatseq__post0,B_extended_bad,knn,08_inmoose_combatseq,False,medium,False,False,True,False,False,10.0,16.0,0.375,0.7732799692803688,0.8822966878705772,0.81188,0.9462593131277096,0.8701902866223143,0.03410582999090139,0.4682,0.9357366771159875,0.953771849126035,0.8321067157313707,0.3088630259623993,0.8490819525302284,0.7601195952161913
A_confirmed_bad__strict__27_dwd__post0,A_confirmed_bad,strict,27_dwd,False,medium,False,False,True,False,False,11.0,21.0,0.47619047619047616,0.7732576945801762,0.7747504961011505,0.7698090909090909,0.9502930986646084,0.9999961498254836,6.664923296817449e-06,0.4615,0.6912225705329154,0.8249770009199632,0.8884544618215271,0.8538495971351835,0.6459919390953873,0.735050597976081
A_confirmed_bad__strict__31_ruv3prps__post0,A_confirmed_bad,strict,31_ruv3prps,False,medium,False,False,True,False,False,11.0,21.0,0.47619047619047616,0.7732576945801762,0.7747504961011505,0.7698090909090909,0.9502930986646084,0.9999961498254836,6.664923296817449e-06,0.4615,0.6912225705329154,0.8249770009199632,0.8884544618215271,0.8538495971351835,0.6459919390953873,0.735050597976081
E2_iterative_r2__knn__08_inmoose_combatseq__post1,E2_iterative_r2,knn,08_inmoose_combatseq,True,medium,False,False,False,False,False,10.0,18.0,0.4444444444444444,0.7731331823162138,0.9036115094091444,0.8265499999999999,0.9473799898849778,0.8601184174714063,0.03499098903586517,0.4583,0.9630541871921182,0.9753909843606255,0.8498160073597056,0.2755147717099373,0.85423197492163,0.7207911683532658
E2_iterative_r2__knn__06_combat_seq__post1,E2_iterative_r2,knn,06_combat_seq,True,medium,False,False,False,False,False,10.0,18.0,0.4444444444444444,0.7731331823162138,0.9036115094091444,0.8265499999999999,0.9473799898849778,0.8601184174714063,0.03499098903586517,0.4583,0.9630541871921182,0.9753909843606255,0.8498160073597056,0.2755147717099373,0.85423197492163,0.7207911683532658
B_extended_bad__knn__06_combat_seq__post0,B_extended_bad,knn,06_combat_seq,False,medium,False,False,True,False,False,10.0,16.0,0.375,0.773126608670094,0.8822966878705772,0.81188,0.9462446994967464,0.8702032579616024,0.034101635108869544,0.4682,0.9357366771159875,0.953771849126035,0.8311867525298988,0.3093106535362578,0.8486341244961935,0.7601195952161913
S0_no_removal__knn__29_combat_ref__post0,S0_no_removal,knn,29_combat_ref,False,medium,False,True,False,False,False,11.0,24.0,0.5416666666666667,0.7730598206996819,0.918834244970586,0.8248090909090909,0.9692705912737484,0.9695900107234467,-0.006239559217191104,0.4615,0.974025974025974,0.9733210671573137,0.96918123275069,0.5201432408236347,0.46663681146439767,0.735050597976081
E3_iterative_r3__strict__18_rank__post0,E3_iterative_r3,strict,18_rank,False,high,False,False,False,False,False,10.0,18.0,0.4444444444444444,0.7721812123834196,0.8505947769158178,0.80188,0.9522721285867176,0.9116717232120568,0.0,0.521,0.8804299149126735,0.9319227230910764,0.9190432382704692,0.41271262309758283,0.6094939543215405,0.8794848206071757
E1_iterative_r1__knn__06_combat_seq__post1,E1_iterative_r1,knn,06_combat_seq,True,medium,False,False,False,False,False,10.0,19.0,0.4736842105263158,0.7715107234389896,0.9090189929269596,0.8271900000000001,0.947548663784646,0.8589397847842526,0.03217513133368777,0.4583,0.9699955217196596,0.9770009199632015,0.8525758969641214,0.2710384959713518,0.8376623376623377,0.7207911683532658
E1_iterative_r1__knn__08_inmoose_combatseq__post1,E1_iterative_r1,knn,08_inmoose_combatseq,True,medium,False,False,False,False,False,10.0,19.0,0.4736842105263158,0.7713594218331945,0.9089454410858382,0.8270500000000001,0.947548663784646,0.8589397847842526,0.03217513133368777,0.4583,0.9695476936856248,0.9765409383624655,0.8525758969641214,0.2710384959713518,0.8376623376623377,0.7207911683532658
E3_iterative_r3__strict__14_qsmooth__post0,E3_iterative_r3,strict,14_qsmooth,False,high,False,True,False,False,False,10.0,18.0,0.4444444444444444,0.7713124985841385,0.8683126743210975,0.8141400000000001,0.9517960663375904,0.9054143774405592,-5.013263738840035e-05,0.5265,0.9077474249888043,0.9581416743330267,0.9130634774609016,0.3836168307967771,0.5750111957008509,0.890294388224471
B_extended_bad__knn__06_combat_seq__post1,B_extended_bad,knn,06_combat_seq,True,medium,False,False,True,False,False,10.0,15.0,0.33333333333333337,0.7712990780027762,0.8707299405166763,0.80622,0.9476550521226532,0.8709920819218401,0.034746655290671224,0.4682,0.9124496193461711,0.9390524379024839,0.8546458141674333,0.3102059086839749,0.851321092700403,0.7601195952161913
B_extended_bad__knn__08_inmoose_combatseq__post1,B_extended_bad,knn,08_inmoose_combatseq,True,medium,False,False,True,False,False,10.0,15.0,0.33333333333333337,0.7712224478126829,0.8707299405166763,0.80622,0.9476541992849208,0.8709788012094952,0.034750883828038814,0.4682,0.9124496193461711,0.9390524379024839,0.8541858325666973,0.3097582811101164,0.851768920734438,0.7601195952161913
S0_no_removal__softimpute__36_explobatch__post0,S0_no_removal,softimpute,36_explobatch,False,medium,False,False,False,False,False,11.0,24.0,0.5416666666666667,0.7704939884562019,0.7742519103917389,0.8158636363636362,0.9186533284739368,1.0,0.0,0.4847,0.6889834303627407,0.9606715731370745,0.5871665133394665,0.9677708146821844,0.6094939543215405,0.8088776448942042
S0_no_removal__softimpute__01_raw__post0,S0_no_removal,softimpute,01_raw,False,low,False,False,False,False,True,11.0,24.0,0.5416666666666667,0.7704939884562019,0.7742519103917389,0.8158636363636362,0.9186533284739368,1.0,0.0,0.4847,0.6889834303627407,0.9606715731370745,0.5871665133394665,0.9677708146821844,0.6094939543215405,0.8088776448942042
E3_iterative_r3__strict__14_qsmooth__post1,E3_iterative_r3,strict,14_qsmooth,True,high,False,True,False,False,False,10.0,17.0,0.4117647058823529,0.7697407277314771,0.8759988272630461,0.807,0.9508796698300652,0.9060608016182948,-0.00043087329257440743,0.5354,0.922525750111957,0.9406623735050598,0.8997240110395585,0.38585496866606983,0.5579937304075235,0.9116835326586936
E3_iterative_r3__knn__08_inmoose_combatseq__post0,E3_iterative_r3,knn,08_inmoose_combatseq,False,medium,False,False,False,False,False,10.0,18.0,0.4444444444444444,0.7693251886005902,0.9016966796918608,0.82312,0.9467074239264542,0.860727911754454,0.03435851354478736,0.4583,0.9596954769368562,0.9705611775528978,0.8373965041398344,0.2773052820053715,0.8502015226153157,0.7207911683532658
B_extended_bad__softimpute__01_raw__post1,B_extended_bad,softimpute,01_raw,True,low,False,False,True,False,True,10.0,15.0,0.33333333333333337,0.769178622351634,0.7973817658941786,0.8131999999999999,0.9428541933400234,1.0,-0.0031345032118808014,0.4267,0.7476489028213166,0.9565317387304508,0.8031278748850046,0.9677708146821844,0.4941782355575459,0.6458141674333027
B_extended_bad__softimpute__36_explobatch__post1,B_extended_bad,softimpute,36_explobatch,True,medium,False,False,True,False,False,10.0,15.0,0.33333333333333337,0.769178622351634,0.7973817658941786,0.8131999999999999,0.9428541933400234,1.0,-0.0031345032118808014,0.4267,0.7476489028213166,0.9565317387304508,0.8031278748850046,0.9677708146821844,0.4941782355575459,0.6458141674333027
E3_iterative_r3__knn__06_combat_seq__post0,E3_iterative_r3,knn,06_combat_seq,False,medium,False,False,False,False,False,10.0,18.0,0.4444444444444444,0.7690992489891227,0.9015202779177828,0.8228,0.9467074239264542,0.860727911754454,0.03435851354478736,0.4583,0.9587998208687863,0.9701011959521619,0.8373965041398344,0.2773052820053715,0.8502015226153157,0.7207911683532658
B_extended_bad__strict__36_explobatch__post0,B_extended_bad,strict,36_explobatch,False,medium,False,False,True,False,False,10.0,16.0,0.375,0.7687938424086628,0.7894784025427158,0.75058,0.932922023617308,0.9999999391661024,0.0,0.5421,0.7272727272727273,0.7594296228150874,0.6902023919043239,0.8997314234556849,0.6094939543215405,0.9266329346826127
E2_iterative_r2__knn__01_raw__post1,E2_iterative_r2,knn,01_raw,True,low,False,False,False,False,True,10.0,18.0,0.4444444444444444,0.7687870646447829,0.7660605240722385,0.7182000000000001,0.9405507440544582,1.0,0.0023240061949418855,0.5054,0.6585311240483654,0.6547838086476541,0.7773689052437902,0.9677708146821844,0.7037617554858934,0.8505059797608095
E2_iterative_r2__knn__36_explobatch__post1,E2_iterative_r2,knn,36_explobatch,True,medium,False,False,False,False,False,10.0,18.0,0.4444444444444444,0.7687870646447829,0.7660605240722385,0.7182000000000001,0.9405507440544582,1.0,0.0023240061949418855,0.5054,0.6585311240483654,0.6547838086476541,0.7773689052437902,0.9677708146821844,0.7037617554858934,0.8505059797608095
E3_iterative_r3__strict__15_fsqn_py__post0,E3_iterative_r3,strict,15_fsqn_py,False,high,False,False,False,False,False,10.0,18.0,0.4444444444444444,0.7685726062961726,0.8359137336484138,0.7967000000000001,0.9498322767307324,0.9099343627378226,0.0008925209813919199,0.5246,0.8463949843260188,0.921343146274149,0.8831646734130635,0.39973142345568485,0.6748768472906403,0.8859245630174793
A_confirmed_bad__strict__04_sva__post0,A_confirmed_bad,strict,04_sva,False,low,False,False,True,False,False,11.0,21.0,0.47619047619047616,0.7669440376712405,0.7747566535855235,0.7697454545454545,0.950216186225915,0.9982723964916737,0.0025617412121676786,0.4615,0.6918943125839677,0.8238270469181233,0.8863845446182153,0.7542524619516562,0.7102552619793999,0.735050597976081
E3_iterative_r3__strict__08_inmoose_combatseq__post1,E3_iterative_r3,strict,08_inmoose_combatseq,True,medium,False,True,False,False,False,10.0,17.0,0.4117647058823529,0.7667359524163658,0.8865576131357294,0.81135,0.9312005458798024,0.8685089752579372,0.02887566873476155,0.5286,0.9442454097626511,0.9519319227230911,0.6745630174793008,0.3050581915846016,0.8251231527093597,0.8994940202391905
E3_iterative_r3__strict__06_combat_seq__post1,E3_iterative_r3,strict,06_combat_seq,True,medium,False,True,False,False,False,10.0,17.0,0.4117647058823529,0.7667359524163658,0.8865576131357294,0.81135,0.9312005458798024,0.8685089752579372,0.02887566873476155,0.5286,0.9442454097626511,0.9519319227230911,0.6745630174793008,0.3050581915846016,0.8251231527093597,0.8994940202391905
A_confirmed_bad__knn__01_raw__post1,A_confirmed_bad,knn,01_raw,True,low,False,False,True,False,True,10.0,20.0,0.5,0.7665912344305216,0.7471362213761779,0.72756,0.9429429905311116,1.0,0.002260161657671289,0.5028,0.5958351992834752,0.6828426862925483,0.8051977920883164,0.9677708146821844,0.7010747872816838,0.8468261269549218
A_confirmed_bad__knn__36_explobatch__post1,A_confirmed_bad,knn,36_explobatch,True,medium,False,False,True,False,False,10.0,20.0,0.5,0.7665912344305216,0.7471362213761779,0.72756,0.9429429905311116,1.0,0.002260161657671289,0.5028,0.5958351992834752,0.6828426862925483,0.8051977920883164,0.9677708146821844,0.7010747872816838,0.8468261269549218
F_microarray_only__strict__36_explobatch__post1,F_microarray_only,strict,36_explobatch,True,medium,False,False,False,False,False,6.0,17.0,0.6470588235294117,0.7663326106509767,0.8222826981493109,0.7707833333333333,0.880781433455567,1.0,0.004924154101489109,0.5267,0.812807881773399,0.8302667893284269,0.3675252989880405,0.9677708146821844,0.7277205553067622,0.8919043238270469
E3_iterative_r3__knn__06_combat_seq__post1,E3_iterative_r3,knn,06_combat_seq,True,medium,False,False,False,False,False,10.0,17.0,0.4117647058823529,0.76545955311757,0.8927803501451077,0.8177899999999999,0.9452716608954906,0.8612812617278769,0.03483424855730766,0.4583,0.9529780564263323,0.9641214351425943,0.8219871205151794,0.2799910474485228,0.8528884908195253,0.7207911683532658
E3_iterative_r3__knn__08_inmoose_combatseq__post1,E3_iterative_r3,knn,08_inmoose_combatseq,True,medium,False,False,False,False,False,10.0,17.0,0.4117647058823529,0.7652315879116521,0.8927547558860218,0.81775,0.9452668664570392,0.8612812617278769,0.03483424855730766,0.4583,0.9525302283922974,0.9636614535418583,0.8215271389144434,0.2799910474485228,0.8528884908195253,0.7207911683532658
B_extended_bad__strict__31_ruv3prps__post0,B_extended_bad,strict,31_ruv3prps,False,medium,False,False,True,False,False,10.0,16.0,0.375,0.7652215045834377,0.7896284447116063,0.75082,0.932922023617308,0.999995492883304,2.7879472344061185e-06,0.5421,0.7299596954769368,0.7608095676172953,0.6902023919043239,0.8433303491495077,0.6403940886699507,0.9266329346826127
F_microarray_only__strict__01_raw__post1,F_microarray_only,strict,01_raw,True,low,False,False,False,False,True,6.0,17.0,0.6470588235294117,0.764898283787598,0.8202181924494272,0.7697833333333334,0.8807829685634851,1.0,0.004924154101489109,0.527,0.8078817733990148,0.8242870285188593,0.36798528058877644,0.9677708146821844,0.7277205553067622,0.8937442502299908
S0_no_removal__strict__01_raw__post0,S0_no_removal,strict,01_raw,False,low,False,False,False,False,True,11.0,24.0,0.5416666666666667,0.7648845337778133,0.7728504304751308,0.7708454545454546,0.9095672220396194,1.0,0.0,0.578,0.6833855799373041,0.8307267709291628,0.5374885004599816,0.9677708146821844,0.6094939543215405,0.9604415823367065
E3_iterative_r3__strict__17_quantile__post0,E3_iterative_r3,strict,17_quantile,False,high,False,False,False,False,False,10.0,18.0,0.4444444444444444,0.7647252137188589,0.8377363794249371,0.7958299999999999,0.948273246634926,0.9099423188215198,0.000894749302532305,0.5246,0.8486341244961935,0.9162833486660533,0.8620055197792088,0.40017905102954343,0.6753246753246753,0.8859245630174793
C_rnaseq_only__knn__05_combat__post0,C_rnaseq_only,knn,05_combat,False,medium,False,False,False,False,False,5.0,6.0,0.16666666666666663,0.7645720682298315,0.8006766468785939,0.76604,0.9100519971888172,0.9832157575607932,0.10794980038448221,0.5704,0.7568293775190327,0.8118675252989881,0.5409383624655014,0.5550581915846016,0.9655172413793104,0.9572217111315547
S0_no_removal__strict__08_inmoose_combatseq__post1,S0_no_removal,strict,08_inmoose_combatseq,True,medium,False,False,False,False,False,11.0,23.0,0.5217391304347826,0.7628999427159813,0.8882696423621887,0.7717454545454546,0.9470391584240392,0.8517230199395889,0.0742884318851415,0.476,0.9467084639498433,0.8348666053357866,0.8419963201471942,0.23970456580125335,0.9236453201970444,0.7904783808647654
S0_no_removal__strict__06_combat_seq__post1,S0_no_removal,strict,06_combat_seq,True,medium,False,False,False,False,False,11.0,23.0,0.5217391304347826,0.7626719775100633,0.8881834976395198,0.7715636363636363,0.9470391584240392,0.8517230199395889,0.0742884318851415,0.476,0.9462606359158083,0.8339466421343146,0.8419963201471942,0.23970456580125335,0.9236453201970444,0.7904783808647654
F_microarray_only__softimpute__36_explobatch__post1,F_microarray_only,softimpute,36_explobatch,True,medium,False,False,False,False,False,6.0,17.0,0.6470588235294117,0.7622956352438904,0.8681757540989864,0.7963333333333334,0.8402007212849825,1.0,0.008077838251597191,0.4999,0.906627854903717,0.9192732290708372,0.1952621895124195,0.9677708146821844,0.7467532467532467,0.8380864765409384
F_microarray_only__softimpute__01_raw__post1,F_microarray_only,softimpute,01_raw,True,low,False,False,False,False,True,6.0,17.0,0.6470588235294117,0.7622956352438904,0.8681757540989864,0.7963333333333334,0.8402007212849825,1.0,0.008077838251597191,0.4999,0.906627854903717,0.9192732290708372,0.1952621895124195,0.9677708146821844,0.7467532467532467,0.8380864765409384
B_extended_bad__strict__08_inmoose_combatseq__post1,B_extended_bad,strict,08_inmoose_combatseq,True,medium,False,False,True,False,False,10.0,15.0,0.33333333333333337,0.7617875668982772,0.8740730857221091,0.8136699999999999,0.9383851877736904,0.8800708318014507,0.03306465120174751,0.4749,0.9187192118226601,0.9574517019319227,0.7522999080036799,0.3238585496866607,0.8407971339005822,0.7775988960441582
B_extended_bad__strict__06_combat_seq__post1,B_extended_bad,strict,06_combat_seq,True,medium,False,False,True,False,False,10.0,15.0,0.33333333333333337,0.7617875668982772,0.8740730857221091,0.8136699999999999,0.9383851877736904,0.8800708318014507,0.03306465120174751,0.4749,0.9187192118226601,0.9574517019319227,0.7522999080036799,0.3238585496866607,0.8407971339005822,0.7775988960441582
B_extended_bad__strict__04_sva__post0,B_extended_bad,strict,04_sva,False,low,False,False,True,False,False,10.0,16.0,0.375,0.7591158097087624,0.7903993902323774,0.752,0.930146872249384,0.9978441510384284,0.0031506682026790633,0.5421,0.7348858038513211,0.765409383624655,0.6619135234590616,0.7497761862130707,0.716077026421854,0.9266329346826127
E2_iterative_r2__softimpute__36_explobatch__post1,E2_iterative_r2,softimpute,36_explobatch,True,medium,False,False,False,False,False,10.0,18.0,0.4444444444444444,0.7590635933059829,0.8438911450132098,0.7584299999999999,0.9483806194378706,1.0,0.0011472515714504028,0.2737,0.8645320197044335,0.7881784728610856,0.8670653173873045,0.9677708146821844,0.6813703537841469,0.38546458141674333
E2_iterative_r2__softimpute__01_raw__post1,E2_iterative_r2,softimpute,01_raw,True,low,False,False,False,False,True,10.0,18.0,0.4444444444444444,0.7590635933059829,0.8438911450132098,0.7584299999999999,0.9483806194378706,1.0,0.0011472515714504028,0.2737,0.8645320197044335,0.7881784728610856,0.8670653173873045,0.9677708146821844,0.6813703537841469,0.38546458141674333
B_extended_bad__strict__08_inmoose_combatseq__post0,B_extended_bad,strict,08_inmoose_combatseq,False,medium,False,False,True,False,False,10.0,16.0,0.375,0.7582801090910452,0.8796386448626644,0.8105800000000001,0.9359374953387932,0.8780295288984267,0.033629741633692145,0.4749,0.928795342588446,0.9503219871205152,0.7256209751609936,0.3220680393912265,0.8452754142409314,0.7775988960441582
B_extended_bad__strict__06_combat_seq__post0,B_extended_bad,strict,06_combat_seq,False,medium,False,False,True,False,False,10.0,16.0,0.375,0.7579008422793322,0.8794785105806111,0.8103200000000002,0.9359374953387932,0.8780295288984267,0.033629741633692145,0.4749,0.9278996865203761,0.9489420423183073,0.7256209751609936,0.3220680393912265,0.8452754142409314,0.7775988960441582
S0_no_removal__strict__06_combat_seq__post0,S0_no_removal,strict,06_combat_seq,False,medium,False,False,False,False,False,11.0,24.0,0.5416666666666667,0.7577471973764477,0.8919913043657957,0.7695909090909091,0.9456998102233268,0.8523847784738177,0.06860740550369165,0.476,0.9507389162561576,0.8233670653173873,0.827506899724011,0.2428379588182632,0.9115539632781012,0.7904783808647654
E3_iterative_r3__strict__01_raw__post1,E3_iterative_r3,strict,01_raw,True,low,False,False,False,False,True,10.0,17.0,0.4117647058823529,0.757485346240314,0.8391007331833147,0.76515,0.9281491570900866,1.0,-0.00035890126089899166,0.4556,0.8522167487684729,0.8086476540938362,0.6462741490340387,0.9677708146821844,0.5595611285266457,0.7104415823367065
S0_no_removal__strict__08_inmoose_combatseq__post0,S0_no_removal,strict,08_inmoose_combatseq,False,medium,False,False,False,False,False,11.0,24.0,0.5416666666666667,0.7573659049702846,0.8919220184403321,0.769490909090909,0.9456983337404636,0.8523847784738177,0.06860740550369165,0.476,0.9502910882221227,0.8219871205151794,0.827046918123275,0.2428379588182632,0.9115539632781012,0.7904783808647654
E3_iterative_r3__softimpute__01_raw__post0,E3_iterative_r3,softimpute,01_raw,False,low,False,False,False,False,True,10.0,18.0,0.4444444444444444,0.7571676369006207,0.8407819897693876,0.7792,0.9482614250969872,1.0,0.0,0.2737,0.8555754590237349,0.8636154553817847,0.8610855565777369,0.9677708146821844,0.6094939543215405,0.38546458141674333
E3_iterative_r3__softimpute__36_explobatch__post0,E3_iterative_r3,softimpute,36_explobatch,False,medium,False,False,False,False,False,10.0,18.0,0.4444444444444444,0.7571676369006207,0.8407819897693876,0.7792,0.9482614250969872,1.0,0.0,0.2737,0.8555754590237349,0.8636154553817847,0.8610855565777369,0.9677708146821844,0.6094939543215405,0.38546458141674333
J_ff_only__strict__01_raw__post1,J_ff_only,strict,01_raw,True,low,False,False,False,False,True,7.0,14.0,0.5,0.7564960836761697,0.7176443455062408,0.7210285714285715,0.96316454046829,1.0,4.377450641035452e-05,0.4749,0.5244066278549037,0.6632934682612696,0.9574517019319227,0.9677708146821844,0.6484549932825795,0.7775988960441582
H_affymetrix_extended__softimpute__01_raw__post0,H_affymetrix_extended,softimpute,01_raw,False,low,False,False,False,False,True,6.0,12.0,0.5,0.7564054469075517,0.8553700287880557,0.7825833333333333,0.8520553524523005,1.0,0.0,0.5667,0.8884908195253023,0.8790248390064398,0.23873045078196872,0.9677708146821844,0.6094939543215405,0.9549218031278749
S0_no_removal__strict__36_explobatch__post0,S0_no_removal,strict,36_explobatch,False,medium,False,False,False,False,False,11.0,24.0,0.5416666666666667,0.7552709027823111,0.7730095962857796,0.7711909090909091,0.9095672220396194,0.9999999599596936,0.0,0.578,0.6842812360053739,0.8330266789328427,0.5374885004599816,0.9068934646374217,0.6094939543215405,0.9604415823367065
B_extended_bad__strict__14_qsmooth__post0,B_extended_bad,strict,14_qsmooth,False,high,False,False,True,False,False,10.0,16.0,0.375,0.7551179889966017,0.8028402685960674,0.79869,0.9519307333431042,0.8942382500298256,0.00041203666981637355,0.5444,0.7653381101656964,0.9245630174793008,0.9149034038638455,0.3325872873769024,0.6632333184057322,0.9300827966881324
G_affymetrix_only__knn__02_median_scaling__post1,G_affymetrix_only,knn,02_median_scaling,True,low,False,False,False,True,False,0.0,,,0.7542463145062471,0.7421383647798742,,,0.9995857745269764,0.04896761295147867,,0.583296014330497,,,0.8039391226499553,0.8755038065382893,
G_affymetrix_only__strict__05_combat__post1,G_affymetrix_only,strict,05_combat,True,medium,False,False,False,True,False,0.0,,,0.7524245992433564,0.9905362776025236,,,0.9570305773632156,0.01050344400312414,,0.9896999552171966,,,0.5076096687555953,0.7599641737572772,
E1_iterative_r1__knn__31_ruv3prps__post1,E1_iterative_r1,knn,31_ruv3prps,True,medium,False,False,False,False,False,10.0,19.0,0.4736842105263158,0.7518609131418926,0.7768691493414259,0.72344,0.940645049118667,0.9990280938625524,0.003068179669848292,0.5106,0.6990595611285266,0.6697332106715731,0.7805887764489421,0.7797672336615935,0.7151813703537842,0.8668353265869365
S0_no_removal__strict__27_dwd__post0,S0_no_removal,strict,27_dwd,False,medium,False,False,False,False,False,11.0,24.0,0.5416666666666667,0.7518260543712487,0.77203922948913,0.7706636363636363,0.9095672220396194,0.9999964413441604,3.842954742483418e-06,0.578,0.6827138378862517,0.8295768169273229,0.5374885004599816,0.8574306177260519,0.6433049708911778,0.9604415823367065
S0_no_removal__strict__31_ruv3prps__post0,S0_no_removal,strict,31_ruv3prps,False,medium,False,False,False,False,False,11.0,24.0,0.5416666666666667,0.7518260543712487,0.77203922948913,0.7706636363636363,0.9095672220396194,0.9999964413441604,3.842954742483418e-06,0.578,0.6827138378862517,0.8295768169273229,0.5374885004599816,0.8574306177260519,0.6433049708911778,0.9604415823367065
E3_iterative_r3__strict__06_combat_seq__post0,E3_iterative_r3,strict,06_combat_seq,False,medium,False,False,False,False,False,10.0,18.0,0.4444444444444444,0.7513145822751568,0.8926570129870635,0.8104700000000001,0.9342275313438806,0.8679132251109895,0.028387841607588116,0.4749,0.95141065830721,0.9496320147194113,0.703541858325667,0.30282005371530885,0.822884012539185,0.7775988960441582
E3_iterative_r3__strict__08_inmoose_combatseq__post0,E3_iterative_r3,strict,08_inmoose_combatseq,False,medium,False,False,False,False,False,10.0,18.0,0.4444444444444444,0.7513145822751568,0.8926570129870635,0.8104700000000001,0.9342275313438806,0.8679132251109895,0.028387841607588116,0.4749,0.95141065830721,0.9496320147194113,0.703541858325667,0.30282005371530885,0.822884012539185,0.7775988960441582
F_microarray_only__softimpute__16_fsqn_r__post1,F_microarray_only,softimpute,16_fsqn_r,True,high,False,False,False,False,False,6.0,17.0,0.6470588235294117,0.751284006504307,0.873777994995345,0.7963333333333334,0.8400233815272212,0.999999685674618,0.008073869128622735,0.4999,0.9178235557545903,0.9192732290708372,0.19342226310947563,0.8930170098478066,0.7460815047021944,0.8380864765409384
F_microarray_only__softimpute__31_ruv3prps__post1,F_microarray_only,softimpute,31_ruv3prps,True,medium,False,False,False,False,False,6.0,17.0,0.6470588235294117,0.7509108498859739,0.873777994995345,0.7963333333333334,0.8400233815272212,0.9999996815518032,0.007635823199933334,0.4999,0.9178235557545903,0.9192732290708372,0.19342226310947563,0.8925693822739481,0.7442901925660547,0.8380864765409384
E1_iterative_r1__knn__06_combat_seq__post0,E1_iterative_r1,knn,06_combat_seq,False,medium,False,False,False,False,False,11.0,20.0,0.44999999999999996,0.7504049534688956,0.8722667922575985,0.7722454545454546,0.9515222657291912,0.8588304868821834,0.033958834385450554,0.4591,0.9153605015673981,0.8371665133394665,0.9086936522539099,0.2696956132497762,0.8479623824451411,0.7235510579576817
C_rnaseq_only__knn__05_combat__post1,C_rnaseq_only,knn,05_combat,True,medium,False,False,False,False,False,5.0,5.0,0.0,0.7503731679599163,0.7575011505186805,0.7575,0.9320653158089904,0.9832514595458126,0.11002864511565102,0.5136,0.6372592924317062,0.7856485740570377,0.6821527138914444,0.5559534467323187,0.9690998656515898,0.8721251149954001
H_affymetrix_extended__strict__01_raw__post0,H_affymetrix_extended,strict,01_raw,False,low,False,False,False,False,True,6.0,12.0,0.5,0.7500948790585834,0.8530873215018157,0.7456833333333334,0.8859018909247756,1.0,0.0,0.5275,0.8853560232870578,0.7424103035878565,0.39926402943882244,0.9677708146821844,0.6094939543215405,0.8962741490340387
F_microarray_only__strict__16_fsqn_r__post1,F_microarray_only,strict,16_fsqn_r,True,high,False,False,False,False,False,6.0,17.0,0.6470588235294117,0.7490095034470238,0.8193081625640536,0.7672,0.8807963931842397,0.9999995376587116,0.0049280380741628105,0.5267,0.8027317510076131,0.8176172953081877,0.3686752529898804,0.8842882721575649,0.7288401253918495,0.8919043238270469
F_microarray_only__strict__31_ruv3prps__post1,F_microarray_only,strict,31_ruv3prps,True,medium,False,False,False,False,False,6.0,17.0,0.6470588235294117,0.7490095034470238,0.8193081625640536,0.7672,0.8807963931842397,0.9999995376587116,0.0049280380741628105,0.5267,0.8027317510076131,0.8176172953081877,0.3686752529898804,0.8842882721575649,0.7288401253918495,0.8919043238270469
E1_iterative_r1__knn__08_inmoose_combatseq__post0,E1_iterative_r1,knn,08_inmoose_combatseq,False,medium,False,False,False,False,False,11.0,20.0,0.44999999999999996,0.7484157510546067,0.8720196340710625,0.7717909090909092,0.9515222657291912,0.8588304868821834,0.033958834385450554,0.4566,0.9144648454993283,0.8353265869365225,0.9086936522539099,0.2696956132497762,0.8479623824451411,0.7143514259429623
C_rnaseq_only__knn__08_inmoose_combatseq__post0,C_rnaseq_only,knn,08_inmoose_combatseq,False,medium,False,False,False,False,False,5.0,6.0,0.16666666666666663,0.7478730146552147,0.7589865015522804,0.7108000000000001,0.9560554055028658,0.9041229499467796,0.0941961691634493,0.5644,0.6419614867890729,0.6235050597976081,0.9381324747010119,0.37936436884512087,0.9509628302731751,0.953311867525299
C_rnaseq_only__knn__06_combat_seq__post0,C_rnaseq_only,knn,06_combat_seq,False,medium,False,False,False,False,False,5.0,6.0,0.16666666666666663,0.7478730146552147,0.7589865015522804,0.7108000000000001,0.9560554055028658,0.9041229499467796,0.0941961691634493,0.5644,0.6419614867890729,0.6235050597976081,0.9381324747010119,0.37936436884512087,0.9509628302731751,0.953311867525299
E2_iterative_r2__strict__08_inmoose_combatseq__post1,E2_iterative_r2,strict,08_inmoose_combatseq,True,medium,False,False,False,False,False,10.0,18.0,0.4444444444444444,0.7476713238094895,0.8905151130693927,0.80594,0.9340666306922448,0.8670607772179596,0.026128189777570365,0.4749,0.9491715181370354,0.9381324747010119,0.7012419503219871,0.30102954341987465,0.8188535602328706,0.7775988960441582
E2_iterative_r2__strict__06_combat_seq__post1,E2_iterative_r2,strict,06_combat_seq,True,medium,False,False,False,False,False,10.0,18.0,0.4444444444444444,0.7476713238094895,0.8905151130693927,0.80594,0.9340666306922448,0.8670607772179596,0.026128189777570365,0.4749,0.9491715181370354,0.9381324747010119,0.7012419503219871,0.30102954341987465,0.8188535602328706,0.7775988960441582
E3_iterative_r3__softimpute__05_combat__post0,E3_iterative_r3,softimpute,05_combat,False,medium,False,True,False,False,False,10.0,18.0,0.4444444444444444,0.7476180348740739,0.8983156469377813,0.82086,0.9056670081394697,0.8928397592071196,0.1286875486310432,0.4615,0.9570085087326466,0.9673413063477461,0.516559337626495,0.3316920322291853,0.9780564263322884,0.735050597976081
E3_iterative_r3__strict__36_explobatch__post1,E3_iterative_r3,strict,36_explobatch,True,medium,False,False,False,False,False,10.0,17.0,0.4117647058823529,0.7474241210809828,0.8393833664649442,0.76563,0.9281491570900866,0.9999999518677692,-0.00035890126089899166,0.4556,0.8535602328705777,0.8109475620975161,0.6462741490340387,0.9037600716204118,0.5595611285266457,0.7104415823367065
S0_no_removal__strict__01_raw__post1,S0_no_removal,strict,01_raw,True,low,False,False,False,False,True,11.0,23.0,0.5217391304347826,0.746559907754047,0.8034825438911007,0.7514818181818181,0.9151157541193016,1.0,-0.0011310129175183259,0.5246,0.767577250335871,0.7626494940202392,0.5696872125114996,0.9677708146821844,0.5257501119570085,0.8859245630174793
S0_no_removal__strict__14_qsmooth__post1,S0_no_removal,strict,14_qsmooth,True,high,False,False,False,False,False,11.0,23.0,0.5217391304347826,0.7464124318425057,0.8333834257639208,0.7780545454545454,0.9470782857054896,0.9151551015234866,-0.0011291365496380323,0.604,0.8414688759516346,0.858325666973321,0.8431462741490341,0.4333034914950761,0.5279892521271832,0.9742410303587856
S0_no_removal__softimpute__27_dwd__post0,S0_no_removal,softimpute,27_dwd,False,medium,False,False,False,False,False,11.0,24.0,0.5416666666666667,0.7457877557170102,0.7836618510778477,0.8158363636363636,0.9186607865965782,0.9999976869353756,-0.0010573475444620728,0.4834,0.7140618002686968,0.9597516099356026,0.5880864765409384,0.8733213965980304,0.5324675324675324,0.8070377184912604
B_extended_bad__softimpute__05_combat__post1,B_extended_bad,softimpute,05_combat,True,medium,False,True,True,False,False,10.0,15.0,0.33333333333333337,0.7452150803197988,0.8765918117926593,0.81746,0.9120320028532254,0.8977817775125759,0.12129350251781473,0.4581,0.9234214061800269,0.9632014719411224,0.5524379024839007,0.3406445837063563,0.974473802060009,0.7171113155473781
B_extended_bad__strict__18_rank__post0,B_extended_bad,strict,18_rank,False,high,False,False,True,False,False,10.0,16.0,0.375,0.7450131745218745,0.7742488944414168,0.7943,0.951165550192839,0.9120568841559112,0.0,0.5468,0.6883116883116883,0.9109935602575897,0.9043238270469182,0.41629364368845123,0.6094939543215405,0.9406623735050598
C_rnaseq_only__strict__19_tdm__post1,C_rnaseq_only,strict,19_tdm,True,high,False,False,False,True,False,4.0,5.0,0.19999999999999996,0.744197834366419,0.7574695696473985,0.696825,0.9455881631381784,0.9653932882121532,0.09662182396502617,0.5852,0.6368114643976713,0.5717571297148114,0.8256669733210672,0.5143240823634736,0.9534258844603672,0.9632014719411224
E2_iterative_r2__softimpute__05_combat__post1,E2_iterative_r2,softimpute,05_combat,True,medium,False,True,False,False,False,11.0,18.0,0.38888888888888884,0.7432502482321232,0.8796322462959405,0.806509090909091,0.901067839969066,0.9103177540235102,0.1082079120789774,0.4615,0.9283475145544111,0.9402023919043239,0.4852805887764489,0.40465532676812893,0.9659650694133453,0.735050597976081
S0_no_removal__strict__14_qsmooth__post0,S0_no_removal,strict,14_qsmooth,False,high,False,False,False,False,False,11.0,24.0,0.5416666666666667,0.7428922334878583,0.7744930000296456,0.7756272727272727,0.9498958857324368,0.9165478034314032,1.6246147184206805e-06,0.5667,0.690103000447828,0.8514259429622815,0.8836246550137995,0.43822739480752015,0.6390506045678459,0.9549218031278749
I_rare_batches_removed__softimpute__27_dwd__post1,I_rare_batches_removed,softimpute,27_dwd,True,medium,False,True,False,False,False,9.0,14.0,0.3571428571428571,0.74283792244221,0.8707199052878701,0.8038555555555555,0.8983195971980811,0.9999971705894244,-0.00023602395269334275,0.455,0.9117778772951187,0.9365225390984361,0.4724011039558418,0.8643688451208594,0.5638154948499776,0.7081416743330267
S0_no_removal__softimpute__31_ruv3prps__post0,S0_no_removal,softimpute,31_ruv3prps,False,medium,False,False,False,False,False,11.0,24.0,0.5416666666666667,0.7428024693603165,0.7836618510778477,0.8158363636363636,0.9186607865965782,0.9999976292053794,-0.0013577774224509676,0.4834,0.7140618002686968,0.9597516099356026,0.5880864765409384,0.8701880035810206,0.5176892073443797,0.8070377184912604
E1_iterative_r1__knn__04_sva__post1,E1_iterative_r1,knn,04_sva,True,low,False,False,False,False,False,10.0,19.0,0.4736842105263158,0.7424954074619694,0.7748349284934756,0.72292,0.9387175356105047,0.997083974742415,0.0052860785908980246,0.5106,0.6923421406180027,0.6674333026678932,0.7571297148114076,0.7390331244404655,0.7321988356471115,0.8668353265869365
B_extended_bad__strict__01_raw__post1,B_extended_bad,strict,01_raw,True,low,False,False,True,False,True,10.0,15.0,0.33333333333333337,0.7424900936843916,0.7542603761867454,0.74608,0.9315109369942676,1.0,-0.0010927963006870378,0.5333,0.6278549037169727,0.7447102115915364,0.6766329346826127,0.9677708146821844,0.5313479623824452,0.906623735050598
E3_iterative_r3__strict__04_sva__post1,E3_iterative_r3,strict,04_sva,True,low,False,False,False,False,False,10.0,17.0,0.4117647058823529,0.7423103145467272,0.8387678224728029,0.76446,0.925974666495443,0.9980256835149676,0.0022840339340158833,0.4556,0.851768920734438,0.8054277828886844,0.6320147194112236,0.7515666965085049,0.7026421854008061,0.7104415823367065
E2_iterative_r2__knn__31_ruv3prps__post1,E2_iterative_r2,knn,31_ruv3prps,True,medium,False,False,False,False,False,10.0,18.0,0.4444444444444444,0.7403792587693317,0.7662154761641681,0.71862,0.9405507440544582,0.9990276862684002,0.003172309678265761,0.5054,0.6596506941334528,0.6582336706531738,0.7773689052437902,0.7790957923008057,0.7174205105239588,0.8505059797608095
F_microarray_only__softimpute__08_inmoose_combatseq__post0,F_microarray_only,softimpute,08_inmoose_combatseq,False,medium,False,True,False,False,False,6.0,18.0,0.6666666666666667,0.7398417485038206,0.9429456290921808,0.8292666666666667,0.8939714164519504,0.8234781566464506,0.08243849997308583,0.5274,0.9852216748768473,0.9811407543698252,0.44710211591536336,0.19247985675917637,0.9377519032691446,0.8953541858325667
A_confirmed_bad__knn__05_combat__post0,A_confirmed_bad,knn,05_combat,False,medium,False,True,True,False,False,11.0,21.0,0.47619047619047616,0.7396406399669382,0.876289734409924,0.7710999999999999,0.9313051640446072,0.9773311368828048,0.009076115806792573,0.4581,0.9229735781459919,0.8321067157313707,0.6752529898804048,0.5384959713518352,0.7519032691446484,0.7171113155473781
S0_no_removal__softimpute__04_sva__post0,S0_no_removal,softimpute,04_sva,False,low,False,False,False,False,False,11.0,24.0,0.5416666666666667,0.7395130152836501,0.7581939798742733,0.8183909090909091,0.9168054482836644,0.9987714831593878,0.0010037304368457067,0.4858,0.6399462606359158,0.9659613615455381,0.5758969641214351,0.7658907788719785,0.6793551276309897,0.8100275988960441
S0_no_removal__strict__04_sva__post0,S0_no_removal,strict,04_sva,False,low,False,False,False,False,False,11.0,24.0,0.5416666666666667,0.739330912381623,0.7705143632621709,0.7649,0.9094965737185466,0.999199529094316,0.0007627412653546939,0.578,0.6753246753246753,0.8065777368905244,0.5354185832566697,0.788272157564906,0.6699507389162561,0.9604415823367065
B_extended_bad__strict__15_fsqn_py__post0,B_extended_bad,strict,15_fsqn_py,False,high,False,False,True,False,False,10.0,16.0,0.375,0.7392599589612394,0.7688159814379851,0.78589,0.9512504363604432,0.9101371145066812,0.0006616709178922653,0.5295,0.6703985669502911,0.8886844526218951,0.905703771849126,0.40196956132497763,0.6681594267801164,0.9006439742410304
E2_iterative_r2__knn__06_combat_seq__post0,E2_iterative_r2,knn,06_combat_seq,False,medium,False,False,False,False,False,11.0,19.0,0.42105263157894735,0.7385278381329395,0.8612261827670538,0.7739272727272727,0.949612010797131,0.8599562474153888,0.03673593605860115,0.4455,0.8996865203761756,0.8417663293468262,0.8781048758049678,0.2741718889883617,0.8578145991939096,0.6796228150873965
E2_iterative_r2__knn__08_inmoose_combatseq__post0,E2_iterative_r2,knn,08_inmoose_combatseq,False,medium,False,False,False,False,False,11.0,19.0,0.42105263157894735,0.738453200127267,0.8610725551708276,0.7736636363636364,0.9496194689197724,0.8599562474153888,0.03673593605860115,0.4455,0.8992386923421406,0.8403863845446182,0.8794848206071757,0.2741718889883617,0.8578145991939096,0.6796228150873965
F_microarray_only__softimpute__06_combat_seq__post0,F_microarray_only,softimpute,06_combat_seq,False,medium,False,True,False,False,False,6.0,18.0,0.6666666666666667,0.7379271506851749,0.9429121144600576,0.8291666666666666,0.8930359180622128,0.8234790722734238,0.08243835787619297,0.5274,0.9847738468428123,0.9806807727690893,0.4365225390984361,0.19292748433303492,0.9373040752351097,0.8953541858325667
S0_no_removal__strict__36_explobatch__post1,S0_no_removal,strict,36_explobatch,True,medium,False,False,False,False,False,11.0,23.0,0.5217391304347826,0.7379267322145674,0.8051734054170033,0.7521727272727272,0.9151157541193016,0.9999999592182064,-0.0011310129175183259,0.5246,0.7725033587102552,0.7672493100275989,0.5696872125114996,0.9064458370635631,0.5257501119570085,0.8859245630174793
B_extended_bad__strict__17_quantile__post0,B_extended_bad,strict,17_quantile,False,high,False,False,True,False,False,10.0,16.0,0.375,0.7376540411375344,0.7686657637508756,0.7855000000000001,0.9522694378209056,0.910147250804752,0.000661310877865473,0.521,0.6695029108822212,0.8882244710211592,0.9185832566697332,0.40241718889883615,0.6677115987460815,0.8794848206071757
E3_iterative_r3__strict__31_ruv3prps__post1,E3_iterative_r3,strict,31_ruv3prps,True,medium,False,False,False,False,False,10.0,17.0,0.4117647058823529,0.7375349108543287,0.8392375179346249,0.7653800000000001,0.9281491570900866,0.9999957613442214,-0.00035246891451701234,0.4556,0.8531124048365427,0.8100275988960441,0.6462741490340387,0.8451208594449419,0.5602328705776982,0.7104415823367065
A_confirmed_bad__knn__31_ruv3prps__post1,A_confirmed_bad,knn,31_ruv3prps,True,medium,False,False,True,False,False,10.0,20.0,0.5,0.737309715776299,0.7467874355042132,0.72756,0.9429429905311116,0.999048229563826,0.0028113505149570672,0.5028,0.5940438871473355,0.6828426862925483,0.8051977920883164,0.7815577439570277,0.7133900582176445,0.8468261269549218
H_affymetrix_extended__knn__25_angel__post0,H_affymetrix_extended,knn,25_angel,False,high,False,True,False,False,False,6.0,12.0,0.5,0.7372998477537479,0.8926989704405656,0.8167333333333334,0.9082379638222128,0.9209879692009196,0.01072709956398521,0.4729,0.9520824003582624,0.9618215271389144,0.5285188592456301,0.4494180841539839,0.7630989699955217,0.7688592456301748
H_affymetrix_extended__strict__27_dwd__post0,H_affymetrix_extended,strict,27_dwd,False,medium,False,False,False,False,False,6.0,12.0,0.5,0.737180935557813,0.8501017566111191,0.7401333333333334,0.8859018909247756,0.9999996166113424,4.757049304471295e-08,0.5286,0.8784146887595163,0.7205611775528978,0.39926402943882244,0.8896598030438675,0.635691894312584,0.8994940202391905
H_affymetrix_extended__strict__16_fsqn_r__post0,H_affymetrix_extended,strict,16_fsqn_r,False,high,False,False,False,False,False,6.0,12.0,0.5,0.737180935557813,0.8501017566111191,0.7401333333333334,0.8859018909247756,0.9999996166113424,4.757049304471295e-08,0.5286,0.8784146887595163,0.7205611775528978,0.39926402943882244,0.8896598030438675,0.635691894312584,0.8994940202391905
F_microarray_only__strict__36_explobatch__post0,F_microarray_only,strict,36_explobatch,False,medium,False,False,False,False,False,6.0,18.0,0.6666666666666667,0.7370003379051645,0.7896258020830503,0.8100166666666667,0.8653330861673286,1.0,0.0,0.5125,0.729511867442902,0.9466421343146274,0.2980680772769089,0.9677708146821844,0.6094939543215405,0.8705151793928243
F_microarray_only__strict__01_raw__post0,F_microarray_only,strict,01_raw,False,low,False,False,False,False,True,6.0,18.0,0.6666666666666667,0.7366573772990628,0.7896117138460841,0.8094833333333332,0.8653392265990009,1.0,0.0,0.5122,0.729064039408867,0.9448022079116836,0.29944802207911686,0.9677708146821844,0.6094939543215405,0.8693652253909844
I_rare_batches_removed__strict__14_qsmooth__post1,I_rare_batches_removed,strict,14_qsmooth,True,high,False,True,False,False,False,9.0,14.0,0.3571428571428571,0.7364059694404115,0.8597673220146926,0.7963777777777777,0.9365796579846865,0.9128202824528948,-0.0011271858054900386,0.5406,0.896551724137931,0.9204231830726771,0.7318307267709292,0.42076991942703673,0.528437080161218,0.9204231830726771
F_microarray_only__strict__04_sva__post1,F_microarray_only,strict,04_sva,True,low,False,False,False,False,False,6.0,17.0,0.6470588235294117,0.7361782082600458,0.8201716673729709,0.7695166666666666,0.8807399126299618,0.9991753524390576,0.006057217208414067,0.5276,0.8074339453649798,0.8224471021159153,0.3670653173873045,0.7864816472694718,0.7366771159874608,0.8969641214351426
F_microarray_only__softimpute__04_sva__post0,F_microarray_only,softimpute,04_sva,False,low,False,False,False,False,False,6.0,18.0,0.6666666666666667,0.7361696793588063,0.8023699595387035,0.82445,0.8592768088418143,0.9986282833204868,0.0023323963476571397,0.5489,0.7635467980295566,0.9728610855565777,0.27092916283348667,0.7627573858549687,0.7048813255709807,0.9420423183072677
I_rare_batches_removed__strict__25_angel__post0,I_rare_batches_removed,strict,25_angel,False,high,False,False,False,False,False,9.0,15.0,0.4,0.7353224729662736,0.8314503012215918,0.7999222222222222,0.927906937085025,0.9151470607814914,0.04255064533124664,0.454,0.838781907747425,0.9282428702851886,0.6435142594296228,0.43285586392121755,0.864308105687416,0.704231830726771
E3_iterative_r3__softimpute__36_explobatch__post1,E3_iterative_r3,softimpute,36_explobatch,True,medium,False,False,False,False,False,10.0,17.0,0.4117647058823529,0.7345396526335158,0.8289018212234373,0.71028,0.9368907936268897,1.0,0.002151233721444379,0.3753,0.8278101209135692,0.6202851885924563,0.735510579576817,0.9677708146821844,0.6992834751455441,0.5565777368905244
E3_iterative_r3__softimpute__01_raw__post1,E3_iterative_r3,softimpute,01_raw,True,low,False,False,False,False,True,10.0,17.0,0.4117647058823529,0.7345396526335158,0.8289018212234373,0.71028,0.9368907936268897,1.0,0.002151233721444379,0.3753,0.8278101209135692,0.6202851885924563,0.735510579576817,0.9677708146821844,0.6992834751455441,0.5565777368905244
A_confirmed_bad__knn__27_dwd__post1,A_confirmed_bad,knn,27_dwd,True,medium,False,False,True,False,False,10.0,20.0,0.5,0.734473772251009,0.7467874355042132,0.72756,0.9429429905311116,0.9990231664900198,0.0022599928846427364,0.5028,0.5940438871473355,0.6828426862925483,0.8051977920883164,0.7775290957923008,0.7004030452306315,0.8468261269549218
F_microarray_only__softimpute__04_sva__post1,F_microarray_only,softimpute,04_sva,True,low,False,False,False,False,False,6.0,17.0,0.6470588235294117,0.734338332294874,0.8696332757094399,0.8013333333333333,0.8434315752246185,0.9985919547288304,0.010617386267157192,0.4999,0.9104343931930139,0.9310027598896045,0.20423183072677092,0.7609668755595345,0.761307657859382,0.8380864765409384
J_ff_only__strict__27_dwd__post1,J_ff_only,strict,27_dwd,True,medium,False,False,False,False,False,7.0,14.0,0.5,0.733963403377447,0.7174888053819187,0.7207142857142858,0.96316454046829,0.9999939452980472,4.789982809105808e-05,0.4749,0.5235109717868338,0.6628334866605335,0.9574517019319227,0.8334825425246195,0.6489028213166145,0.7775988960441582
F_microarray_only__softimpute__06_combat_seq__post1,F_microarray_only,softimpute,06_combat_seq,True,medium,False,True,False,False,False,6.0,17.0,0.6470588235294117,0.7335411666882661,0.9376947601590204,0.8236833333333333,0.890074859245102,0.8208270505030835,0.09661995089429165,0.5242,0.9843260188087775,0.9719411223551058,0.4190432382704692,0.19024171888988362,0.9525302283922974,0.8831646734130635
F_microarray_only__softimpute__08_inmoose_combatseq__post1,F_microarray_only,softimpute,08_inmoose_combatseq,True,medium,False,True,False,False,False,6.0,17.0,0.6470588235294117,0.7321632808905378,0.9370009245035306,0.8217,0.8902631666658689,0.8208261071117586,0.09662015741473529,0.5164,0.9838781907747425,0.96918123275069,0.4208831646734131,0.18979409131602507,0.9529780564263323,0.8762649494020239
E3_iterative_r3__knn__36_explobatch__post1,E3_iterative_r3,knn,36_explobatch,True,medium,False,False,False,False,False,10.0,17.0,0.4117647058823529,0.7321103812418995,0.8023379056596848,0.7072,0.9417873369559024,1.0,-0.0005455282007652551,0.4539,0.7624272279444694,0.6129254829806807,0.7920883164673413,0.9677708146821844,0.5559785042543663,0.7014719411223551
E3_iterative_r3__knn__01_raw__post1,E3_iterative_r3,knn,01_raw,True,low,False,False,False,False,True,10.0,17.0,0.4117647058823529,0.7321103812418995,0.8023379056596848,0.7072,0.9417873369559024,1.0,-0.0005455282007652551,0.4539,0.7624272279444694,0.6129254829806807,0.7920883164673413,0.9677708146821844,0.5559785042543663,0.7014719411223551
I_rare_batches_removed__strict__06_combat_seq__post0,I_rare_batches_removed,strict,06_combat_seq,False,medium,False,True,False,False,False,9.0,15.0,0.4,0.7317917201313043,0.8514096548455643,0.7586777777777778,0.9334241552652708,0.8685158268401141,0.07643293241133553,0.476,0.8817733990147784,0.7893284268629255,0.6973321067157314,0.30572963294538946,0.9261083743842364,0.7904783808647654
G_affymetrix_only__strict__06_combat_seq__post1,G_affymetrix_only,strict,06_combat_seq,True,medium,False,False,False,True,False,0.0,,,0.7312733110127608,1.0,,,0.8307870080687325,0.2793702520292378,,0.9991043439319302,,,0.20008952551477172,0.9946260635915808,
I_rare_batches_removed__strict__08_inmoose_combatseq__post0,I_rare_batches_removed,strict,08_inmoose_combatseq,False,medium,False,True,False,False,False,9.0,15.0,0.4,0.7308718571599208,0.8518530372042339,0.7594222222222222,0.9328952907466592,0.8683495728727224,0.07643805735011572,0.476,0.8826690550828482,0.7920883164673413,0.6890524379024839,0.3043867502238138,0.9265562024182714,0.7904783808647654
B_extended_bad__strict__36_explobatch__post1,B_extended_bad,strict,36_explobatch,True,medium,False,False,True,False,False,10.0,15.0,0.33333333333333337,0.7306942981448353,0.7540961203195279,0.7458400000000001,0.9315109369942676,0.999999937753124,-0.0010927963006870378,0.5333,0.6274070756829377,0.7428702851885924,0.6766329346826127,0.8992837958818263,0.5313479623824452,0.906623735050598
B_extended_bad__strict__04_sva__post1,B_extended_bad,strict,04_sva,True,low,False,False,True,False,False,10.0,15.0,0.33333333333333337,0.7304176157679936,0.756060826704823,0.74536,0.9292658477679968,0.99779468282681,0.002074585135667384,0.5333,0.632333184057322,0.7401103955841767,0.65639374425023,0.7493285586392122,0.6977160770264218,0.906623735050598
G_affymetrix_only__strict__08_inmoose_combatseq__post1,G_affymetrix_only,strict,08_inmoose_combatseq,True,medium,False,False,False,True,False,0.0,,,0.730377989044985,1.0,,,0.8286482741362298,0.2762956014851872,,0.9991043439319302,,,0.19785138764547897,0.9941782355575459,
G_affymetrix_only__softimpute__06_combat_seq__post1,G_affymetrix_only,softimpute,06_combat_seq,True,medium,False,False,False,True,False,0.0,,,0.7296318762684953,1.0,,,0.8277529175276467,0.24786340642014565,,0.9991043439319302,,,0.19606087735004477,0.9937304075235109,
S0_no_removal__strict__27_dwd__post1,S0_no_removal,strict,27_dwd,True,medium,False,False,False,False,False,11.0,23.0,0.5217391304347826,0.7294912988057286,0.8037065611445443,0.7521363636363637,0.9151157541193016,0.9999963752038395,-0.0011269364939799908,0.5246,0.7695924764890282,0.766099356025759,0.5696872125114996,0.8565353625783348,0.5291088222122705,0.8859245630174793
S0_no_removal__strict__31_ruv3prps__post1,S0_no_removal,strict,31_ruv3prps,True,medium,False,False,False,False,False,11.0,23.0,0.5217391304347826,0.7294912988057286,0.8037065611445443,0.7521363636363637,0.9151157541193016,0.9999963752038395,-0.0011269364939799908,0.5246,0.7695924764890282,0.766099356025759,0.5696872125114996,0.8565353625783348,0.5291088222122705,0.8859245630174793
C_rnaseq_only__strict__19_tdm__post0,C_rnaseq_only,strict,19_tdm,False,high,False,False,False,False,False,5.0,6.0,0.16666666666666663,0.729314319133462,0.7715640937076141,0.73654,0.95672174078249,0.9757149873115668,-0.001274124886397665,0.66,0.6789072995969547,0.7079116835326587,0.9406623735050598,0.5326768128916741,0.5221674876847291,0.9935602575896965
E2_iterative_r2__knn__04_sva__post1,E2_iterative_r2,knn,04_sva,True,low,False,False,False,False,False,10.0,18.0,0.4444444444444444,0.7292876589442914,0.7643394364736193,0.71399,0.9390207426345794,0.9971402334281642,0.005195353951040649,0.5054,0.6538289296909987,0.6384544618215271,0.7608095676172953,0.7403760071620412,0.7317510076130765,0.8505059797608095
A_confirmed_bad__knn__04_sva__post1,A_confirmed_bad,knn,04_sva,True,low,False,False,True,False,False,10.0,20.0,0.5,0.7291980646946081,0.7486684633520607,0.72904,0.9403895451060033,0.9970283711420967,0.005170418156877465,0.5028,0.600089565606807,0.6856025758969642,0.7732290708371665,0.7381378692927484,0.7313031795790417,0.8468261269549218
F_microarray_only__strict__16_fsqn_r__post0,F_microarray_only,strict,16_fsqn_r,False,high,False,False,False,False,False,6.0,18.0,0.6666666666666667,0.7285653178340215,0.7896764644584784,0.8095666666666667,0.8653361563831649,0.9999995495136162,3.3661476304125415e-06,0.5122,0.7306314375279892,0.9454921803127875,0.2987580496780129,0.885183527305282,0.6419614867890729,0.8693652253909844
F_microarray_only__strict__31_ruv3prps__post0,F_microarray_only,strict,31_ruv3prps,False,medium,False,False,False,False,False,6.0,18.0,0.6666666666666667,0.7285653178340215,0.7896764644584784,0.8095666666666667,0.8653361563831649,0.9999995495136162,3.3661476304125415e-06,0.5122,0.7306314375279892,0.9454921803127875,0.2987580496780129,0.885183527305282,0.6419614867890729,0.8693652253909844
I_rare_batches_removed__strict__25_angel__post1,I_rare_batches_removed,strict,25_angel,True,high,False,False,False,False,False,9.0,14.0,0.3571428571428571,0.7285166027992492,0.821587055210664,0.8002,0.9272562105645288,0.9143581914501812,0.0402742761838652,0.454,0.8096730855351545,0.9287028518859246,0.639834406623735,0.4279319606087735,0.8607254814151366,0.704231830726771
S0_no_removal__softimpute__08_inmoose_combatseq__post1,S0_no_removal,softimpute,08_inmoose_combatseq,True,medium,False,False,False,False,False,11.0,23.0,0.5217391304347826,0.7283198684558659,0.9031258810005146,0.7986727272727272,0.9288408293290772,0.8471565765708269,0.05454999444303538,0.4581,0.961486789072996,0.9241030358785649,0.6513339466421343,0.23075201432408238,0.8851321092700403,0.7171113155473781
I_rare_batches_removed__strict__09_ruv__post0,I_rare_batches_removed,strict,09_ruv,False,medium,False,False,False,False,False,9.0,15.0,0.4,0.7282174670999648,0.8059565963394827,0.8074555555555556,0.9456715345302342,0.7146630253164309,0.0024600159660955745,0.6072,0.7747424988804299,0.9411223551057958,0.8265869365225391,0.14458370635631154,0.7075682937751904,0.9747010119595216
G_affymetrix_only__knn__06_combat_seq__post1,G_affymetrix_only,knn,06_combat_seq,True,medium,False,False,False,True,False,0.0,,,0.7279897733236419,1.0,,,0.8277937647286832,0.20696769486889166,,0.9991043439319302,,,0.19650850492390332,0.9883564711150918,
G_affymetrix_only__knn__08_inmoose_combatseq__post1,G_affymetrix_only,knn,08_inmoose_combatseq,True,medium,False,False,False,True,False,0.0,,,0.7269452421645797,1.0,,,0.826389328171042,0.20423182550603225,,0.9991043439319302,,,0.19382273948075202,0.9879086430810569,
A_confirmed_bad__softimpute__36_explobatch__post1,A_confirmed_bad,softimpute,36_explobatch,True,medium,False,False,True,False,False,10.0,20.0,0.5,0.7242078334835321,0.8448254614367924,0.74721,0.9454142342823956,1.0,0.0010295226340982233,0.1831,0.8685624720107479,0.7477000919963201,0.8242870285188593,0.9677708146821844,0.6800268696820421,0.25689972401103955
A_confirmed_bad__softimpute__01_raw__post1,A_confirmed_bad,softimpute,01_raw,True,low,False,False,True,False,True,10.0,20.0,0.5,0.7242078334835321,0.8448254614367924,0.74721,0.9454142342823956,1.0,0.0010295226340982233,0.1831,0.8685624720107479,0.7477000919963201,0.8242870285188593,0.9677708146821844,0.6800268696820421,0.25689972401103955
I_rare_batches_removed__softimpute__18_rank__post1,I_rare_batches_removed,softimpute,18_rank,True,high,False,True,False,False,False,9.0,14.0,0.3571428571428571,0.723758711494734,0.8539673810955787,0.7802666666666667,0.938740376002009,0.8641791796274808,0.0018774482875211773,0.5004,0.8871473354231975,0.8679852805887764,0.7575896964121435,0.28961504028648166,0.6961486789072996,0.844066237350506
A_confirmed_bad__strict__06_combat_seq__post0,A_confirmed_bad,strict,06_combat_seq,False,medium,False,False,True,False,False,11.0,21.0,0.47619047619047616,0.7235259524567419,0.8875689474730402,0.7882545454545454,0.9404646172690728,0.8612352946315947,0.03354607940733423,0.402,0.945141065830721,0.8948942042318307,0.7757589696412144,0.2790957923008057,0.8443797581728616,0.6018859245630175
A_confirmed_bad__strict__08_inmoose_combatseq__post0,A_confirmed_bad,strict,08_inmoose_combatseq,False,medium,False,False,True,False,False,11.0,21.0,0.47619047619047616,0.7235259524567419,0.8875689474730402,0.7882545454545454,0.9404646172690728,0.8612352946315947,0.03354607940733423,0.402,0.945141065830721,0.8948942042318307,0.7757589696412144,0.2790957923008057,0.8443797581728616,0.6018859245630175
S0_no_removal__strict__04_sva__post1,S0_no_removal,strict,04_sva,True,low,False,False,False,False,False,11.0,23.0,0.5217391304347826,0.7234820578253139,0.8035818705337943,0.7518181818181818,0.9151364044056236,0.999184579828532,-0.00022220463650723943,0.5246,0.7684729064039408,0.7635694572217111,0.5708371665133395,0.7869292748433303,0.5651589789520824,0.8859245630174793
I_rare_batches_removed__strict__09_ruv__post1,I_rare_batches_removed,strict,09_ruv,True,medium,False,False,False,False,False,8.0,14.0,0.4285714285714286,0.7231478005011339,0.8100147725540748,0.80815,0.9394085914153166,0.7017687220147292,0.004699778621830075,0.6306,0.7836990595611285,0.9429622815087396,0.765869365225391,0.1369740376007162,0.7254814151365876,0.983900643974241
S0_no_removal__knn__06_combat_seq__post0,S0_no_removal,knn,06_combat_seq,False,medium,False,False,False,False,False,11.0,24.0,0.5416666666666667,0.7225246519547195,0.8768213535588325,0.7364272727272727,0.9494889865896528,0.8491663881107306,0.06560205229621774,0.4502,0.9245409762651142,0.7072217111315547,0.8771849126034958,0.23522829006266785,0.9021495745633676,0.6888224471021159
J_ff_only__strict__31_ruv3prps__post1,J_ff_only,strict,31_ruv3prps,True,medium,False,False,False,False,False,6.0,14.0,0.5714285714285714,0.7225072489562514,0.800497994777568,0.77535,0.9691118444628256,0.7398410761374393,0.03175705062122386,0.4744,0.7559337214509628,0.8502759889604415,0.9673413063477461,0.15353625783348254,0.8356471115091805,0.7723091076356946
S0_no_removal__knn__08_inmoose_combatseq__post0,S0_no_removal,knn,08_inmoose_combatseq,False,medium,False,False,False,False,False,11.0,24.0,0.5416666666666667,0.7224479883545968,0.8768213535588325,0.7364272727272727,0.9494887843920204,0.8491663881107306,0.06560205229621774,0.4502,0.9245409762651142,0.7072217111315547,0.8767249310027599,0.23522829006266785,0.9021495745633676,0.6888224471021159
H_affymetrix_extended__knn__25_angel__post1,H_affymetrix_extended,knn,25_angel,True,high,False,True,False,False,False,6.0,11.0,0.4545454545454546,0.7212669893354318,0.8821798432650811,0.8180166666666667,0.9081666130494696,0.920892487818054,0.0011854303603061611,0.4729,0.9341692789968652,0.9655013799448022,0.5280588776448942,0.4476275738585497,0.6833855799373041,0.7688592456301748
E3_iterative_r3__knn__31_ruv3prps__post1,E3_iterative_r3,knn,31_ruv3prps,True,medium,False,False,False,False,False,10.0,17.0,0.4117647058823529,0.7208828212847006,0.8025841222621738,0.70751,0.9417873369559024,0.9990065293608827,0.0003338044088057046,0.457,0.7648902821316614,0.6140754369825207,0.7920883164673413,0.7766338406445837,0.6623376623376623,0.7152713891444342
B_extended_bad__strict__31_ruv3prps__post1,B_extended_bad,strict,31_ruv3prps,True,medium,False,False,True,False,False,10.0,15.0,0.33333333333333337,0.7205305214842544,0.7537416545011238,0.7453000000000001,0.9315109369942676,0.9999953899102292,-0.0010902467504675384,0.5333,0.6260635915808329,0.7389604415823368,0.6766329346826127,0.842882721575649,0.5320197044334976,0.906623735050598
C_rnaseq_only__knn__36_explobatch__post1,C_rnaseq_only,knn,36_explobatch,True,medium,False,False,False,True,False,4.0,5.0,0.19999999999999996,0.7196316722994975,0.6969660678143881,0.6381,0.9304086881021256,1.0,0.05227226633479776,0.5456,0.4767129422301836,0.38937442502299907,0.6649034038638455,0.9677708146821844,0.880206000895656,0.9388224471021159
C_rnaseq_only__knn__01_raw__post1,C_rnaseq_only,knn,01_raw,True,low,False,False,False,True,True,4.0,5.0,0.19999999999999996,0.7196316722994975,0.6969660678143881,0.6381,0.9304086881021256,1.0,0.05227226633479776,0.5456,0.4767129422301836,0.38937442502299907,0.6649034038638455,0.9677708146821844,0.880206000895656,0.9388224471021159
B_extended_bad__knn__36_explobatch__post1,B_extended_bad,knn,36_explobatch,True,medium,False,False,True,False,False,10.0,15.0,0.33333333333333337,0.7185558756537995,0.7884756946540737,0.69381,0.93523458269991,1.0,-0.0007055822982038329,0.4774,0.7234661889834304,0.5618675252989881,0.7134314627414904,0.9677708146821844,0.5492610837438424,0.7955381784728611
B_extended_bad__knn__01_raw__post1,B_extended_bad,knn,01_raw,True,low,False,False,True,False,True,10.0,15.0,0.33333333333333337,0.7185558756537995,0.7884756946540737,0.69381,0.93523458269991,1.0,-0.0007055822982038329,0.4774,0.7234661889834304,0.5618675252989881,0.7134314627414904,0.9677708146821844,0.5492610837438424,0.7955381784728611
I_rare_batches_removed__softimpute__08_inmoose_combatseq__post0,I_rare_batches_removed,softimpute,08_inmoose_combatseq,False,medium,False,False,False,False,False,9.0,15.0,0.4,0.7182873364875308,0.8643987973414439,0.7799222222222222,0.9184727280700136,0.8538040747890098,0.10081712302479168,0.4653,0.9023734885803851,0.8670653173873045,0.5850965961361545,0.24597135183527305,0.9603672189879087,0.7488500459981601
C_rnaseq_only__softimpute__01_raw__post1,C_rnaseq_only,softimpute,01_raw,True,low,False,False,False,True,True,4.0,5.0,0.19999999999999996,0.7178464712788175,0.7535970985013222,0.693575,0.8611476439768238,1.0,0.08397292699727266,0.545,0.6242722794446932,0.5602575896964122,0.28173873045078196,0.9677708146821844,0.9408866995073891,0.9321527138914444
C_rnaseq_only__softimpute__36_explobatch__post1,C_rnaseq_only,softimpute,36_explobatch,True,medium,False,False,False,True,False,4.0,5.0,0.19999999999999996,0.7178464712788175,0.7535970985013222,0.693575,0.8611476439768238,1.0,0.08397292699727266,0.545,0.6242722794446932,0.5602575896964122,0.28173873045078196,0.9677708146821844,0.9408866995073891,0.9321527138914444
C_rnaseq_only__softimpute__31_ruv3prps__post0,C_rnaseq_only,softimpute,31_ruv3prps,False,medium,False,False,False,False,False,5.0,6.0,0.16666666666666663,0.7177441810489156,0.749117364653896,0.71102,0.957490163496824,0.9999914138695558,-0.02531773106250379,0.6478,0.6005373936408419,0.625114995400184,0.9448022079116836,0.8272157564905999,0.3166144200626959,0.9921803127874885
J_ff_only__knn__01_raw__post1,J_ff_only,knn,01_raw,True,low,False,False,False,False,True,7.0,14.0,0.5,0.7172662757972802,0.7134157865489275,0.7125714285714285,0.948181904013653,1.0,-0.00024881582482461084,0.4747,0.5127630989699955,0.6297148114075437,0.8580956761729531,0.9677708146821844,0.5620241827138379,0.7732290708371665
F_microarray_only__strict__04_sva__post0,F_microarray_only,strict,04_sva,False,low,False,False,False,False,False,6.0,18.0,0.6666666666666667,0.7170953947001867,0.789498379201361,0.8096333333333333,0.8652376158585362,0.999196722961617,0.000940270658086495,0.5102,0.7281683833407971,0.9461821527138914,0.297148114075437,0.7878245299910475,0.67756381549485,0.8656853725850966
H_affymetrix_extended__strict__25_angel__post0,H_affymetrix_extended,strict,25_angel,False,high,False,True,False,False,False,6.0,12.0,0.5,0.7163766186275429,0.9037099510887026,0.8277333333333333,0.9196994815075132,0.9272031471333908,-0.0068115482847676545,0.4997,0.9637259292431706,0.9783808647654094,0.593376264949402,0.4632945389435989,0.46484549932825797,0.8346366145354186
S0_no_removal__softimpute__06_combat_seq__post1,S0_no_removal,softimpute,06_combat_seq,True,medium,False,False,False,False,False,11.0,23.0,0.5217391304347826,0.7162537628033313,0.8857986456239836,0.7618545454545455,0.928798362519931,0.8471565765708269,0.05454999444303538,0.476,0.9426780116435289,0.7980680772769089,0.6504139834406624,0.23075201432408238,0.8851321092700403,0.7904783808647654
C_rnaseq_only__softimpute__04_sva__post0,C_rnaseq_only,softimpute,04_sva,False,low,True,False,False,False,False,5.0,6.0,0.16666666666666663,0.7154994212165149,0.814414257049665,0.77988,0.9223762948159986,0.7966906984222741,0.04485232186283361,0.608,0.793999104343932,0.8666053357865685,0.6140754369825207,0.17412712623097581,0.8683385579937304,0.9758509659613616
I_rare_batches_removed__knn__08_inmoose_combatseq__post0,I_rare_batches_removed,knn,08_inmoose_combatseq,False,medium,False,False,False,False,False,9.0,15.0,0.4,0.7145432031539157,0.8362500842876628,0.7378444444444444,0.9371732172628688,0.8562683895917808,0.08604144615577936,0.476,0.8472906403940886,0.7115915363385464,0.7387304507819688,0.25738585496866606,0.941782355575459,0.7904783808647654
I_rare_batches_removed__knn__06_combat_seq__post0,I_rare_batches_removed,knn,06_combat_seq,False,medium,False,False,False,False,False,9.0,15.0,0.4,0.7140086169575368,0.8360454558756529,0.7375111111111111,0.9371287348914576,0.856267989837901,0.0860414636981427,0.476,0.8468428123600538,0.7097516099356026,0.7378104875804968,0.25693822739480754,0.942230183609494,0.7904783808647654
I_rare_batches_removed__softimpute__01_raw__post0,I_rare_batches_removed,softimpute,01_raw,False,low,False,False,False,False,True,9.0,15.0,0.4,0.7140082787847231,0.8110046127944972,0.7824666666666666,0.9005738827127381,1.0,0.0,0.3773,0.787281683833408,0.8781048758049678,0.4816007359705612,0.9677708146821844,0.6094939543215405,0.5597976080956761
E3_iterative_r3__knn__04_sva__post1,E3_iterative_r3,knn,04_sva,True,low,False,False,False,False,False,10.0,17.0,0.4117647058823529,0.7138204563592133,0.8018732432977278,0.70652,0.9406122301989503,0.9970300958717018,0.0024773898388394944,0.449,0.7599641737572772,0.609935602575897,0.7787488500459981,0.738585496866607,0.7080161218092252,0.687672493100276
S0_no_removal__softimpute__08_inmoose_combatseq__post0,S0_no_removal,softimpute,08_inmoose_combatseq,False,medium,False,False,False,False,False,11.0,24.0,0.5416666666666667,0.713612907232345,0.8863883320653895,0.7531181818181818,0.9310399467782268,0.8482498843878543,0.04627819346205381,0.476,0.9435736677115988,0.7695492180312787,0.672493100275989,0.2329901521933751,0.8725929243170623,0.7904783808647654
A_confirmed_bad__softimpute__31_ruv3prps__post0,A_confirmed_bad,softimpute,31_ruv3prps,False,medium,False,False,True,False,False,11.0,21.0,0.47619047619047616,0.7134156159373172,0.8380162036167421,0.7821181818181817,0.942568729069565,0.9999977284126872,-0.07495732715216769,0.4723,0.8490819525302284,0.875344986200552,0.8012879484820608,0.873769024171889,0.11330049261083744,0.7677092916283349
A_confirmed_bad__knn__08_inmoose_combatseq__post0,A_confirmed_bad,knn,08_inmoose_combatseq,False,medium,False,False,True,False,False,11.0,21.0,0.47619047619047616,0.7121444418349542,0.8801693728857823,0.7724454545454545,0.94701730198385,0.8566819657057453,0.03350997335340922,0.377,0.9305866547245858,0.8385464581416743,0.8410763569457221,0.2602954341987466,0.8434841021047917,0.5588776448942042
E2_iterative_r2__softimpute__05_combat__post0,E2_iterative_r2,softimpute,05_combat,False,medium,False,True,False,False,False,11.0,19.0,0.42105263157894735,0.7120987522058981,0.8720759554871841,0.7825181818181818,0.8952252919266319,0.8967369978843657,0.12444046680904997,0.4559,0.9149126735333631,0.8785648574057038,0.45170193192272307,0.3384064458370636,0.9762651141961487,0.7127414903403864
H_affymetrix_extended__strict__25_angel__post1,H_affymetrix_extended,strict,25_angel,True,high,False,True,False,False,False,6.0,11.0,0.4545454545454546,0.7107083484354811,0.8959375309622548,0.82485,0.9203117167525224,0.9255112816222792,-0.00908944115646071,0.4997,0.954769368562472,0.9737810487580497,0.5988960441582337,0.4610564010743062,0.4411106135244066,0.8346366145354186
J_ff_only__knn__08_inmoose_combatseq__post0,J_ff_only,knn,08_inmoose_combatseq,False,medium,False,False,False,False,False,7.0,15.0,0.5333333333333333,0.7102911503137556,0.8823862279703037,0.7525000000000001,0.9383920826605652,0.8516792056684195,0.017731591620759435,0.4739,0.9364084191670399,0.7681692732290708,0.7534498620055198,0.23880931065353625,0.7946708463949843,0.7702391904323828
A_confirmed_bad__knn__06_combat_seq__post0,A_confirmed_bad,knn,06_combat_seq,False,medium,False,False,True,False,False,11.0,21.0,0.47619047619047616,0.7100806014149929,0.8797728283284421,0.7716909090909091,0.94701730198385,0.8566819657057453,0.03350997335340922,0.367,0.929243170622481,0.8344066237350506,0.8410763569457221,0.2602954341987466,0.8434841021047917,0.5519779208831647
J_ff_only__knn__06_combat_seq__post0,J_ff_only,knn,06_combat_seq,False,medium,False,False,False,False,False,7.0,15.0,0.5333333333333333,0.7099159346909429,0.8822177182283343,0.7521428571428571,0.938433842126044,0.8516792056684195,0.017731591620759435,0.4739,0.9346171070309002,0.7667893284268629,0.7543698252069917,0.23880931065353625,0.7946708463949843,0.7702391904323828
J_ff_only__strict__06_combat_seq__post0,J_ff_only,strict,06_combat_seq,False,medium,False,False,False,False,False,7.0,15.0,0.5333333333333333,0.7094337633750479,0.8790008514931603,0.7452428571428572,0.942005685278754,0.8520898773785303,0.016454923462856597,0.4718,0.9274518584863413,0.7382704691812327,0.795768169273229,0.24171888988361684,0.786833855799373,0.766559337626495
B_extended_bad__strict__14_qsmooth__post1,B_extended_bad,strict,14_qsmooth,True,high,False,False,True,False,False,10.0,15.0,0.33333333333333337,0.7093530557321444,0.7622368957334335,0.79374,0.9509275927535636,0.9022290667600432,-0.0012390968478206421,0.5333,0.6466636811464398,0.9098436062557498,0.9001839926402944,0.3701880035810206,0.522615315718764,0.906623735050598
I_rare_batches_removed__softimpute__06_combat_seq__post0,I_rare_batches_removed,softimpute,06_combat_seq,False,medium,False,False,False,False,False,9.0,15.0,0.4,0.7084422951496113,0.8575203515423478,0.7684555555555556,0.9182167173170198,0.8538040747890098,0.10081712302479168,0.4653,0.8925212718316167,0.8192272309107635,0.5837166513339467,0.24597135183527305,0.9603672189879087,0.7488500459981601
J_ff_only__strict__08_inmoose_combatseq__post0,J_ff_only,strict,08_inmoose_combatseq,False,medium,False,False,False,False,False,7.0,15.0,0.5333333333333333,0.7082858683776876,0.8787310999011871,0.7446571428571429,0.9418943267041436,0.8520859401211708,0.016457168409116485,0.4718,0.9270040304523063,0.734130634774609,0.7934682612695492,0.2412712623097583,0.787281683833408,0.766559337626495
I_rare_batches_removed__strict__01_raw__post0,I_rare_batches_removed,strict,01_raw,False,low,False,False,False,False,True,9.0,15.0,0.4,0.7072861891073309,0.8090784553328694,0.7188444444444444,0.8971837897558236,1.0,0.0,0.469,0.7819077474249888,0.6596136154553818,0.4632014719411224,0.9677708146821844,0.6094939543215405,0.7617295308187673
J_ff_only__strict__08_inmoose_combatseq__post1,J_ff_only,strict,08_inmoose_combatseq,True,medium,False,False,False,False,False,7.0,14.0,0.5,0.7069633857370746,0.8692599818683763,0.7430428571428571,0.9440030837484364,0.8537902367405279,0.016478517243734503,0.4675,0.9097626511419615,0.7283808647654094,0.81278748850046,0.2448522829006267,0.7881773399014779,0.7578196872125115
B_extended_bad__knn__04_sva__post1,B_extended_bad,knn,04_sva,True,low,False,False,True,False,False,10.0,15.0,0.33333333333333337,0.7069437989152405,0.7883712513592294,0.6943400000000001,0.934687403896539,0.9969494902356222,0.002495430011891897,0.4822,0.7227944469323779,0.562557497700092,0.7083716651333947,0.7363473589973142,0.7084639498432602,0.8031278748850046
J_ff_only__strict__06_combat_seq__post1,J_ff_only,strict,06_combat_seq,True,medium,False,False,False,False,False,7.0,14.0,0.5,0.7068866887269225,0.8692599818683763,0.7430428571428571,0.9439478996622032,0.8537942956661886,0.016476274088943477,0.4675,0.9097626511419615,0.7283808647654094,0.812327506899724,0.24529991047448524,0.7877295118674429,0.7578196872125115
C_rnaseq_only__softimpute__04_sva__post1,C_rnaseq_only,softimpute,04_sva,True,low,False,False,False,False,False,5.0,5.0,0.0,0.7064890296325546,0.7754431461460043,0.77546,0.932513343495129,0.7971081904937951,0.047309639883295396,0.5724,0.6945812807881774,0.8509659613615456,0.6862925482980681,0.17502238137869292,0.8741603224361845,0.9579116835326587
H_affymetrix_extended__strict__31_ruv3prps__post1,H_affymetrix_extended,strict,31_ruv3prps,True,medium,False,False,False,False,False,5.0,11.0,0.5454545454545454,0.7060606485408284,0.8773069675651073,0.7359600000000001,0.9130061573702134,0.7770631840118812,0.09411250436489976,0.545,0.9261083743842364,0.7051517939282429,0.5570377184912604,0.1656222023276634,0.9502910882221227,0.9321527138914444
J_ff_only__softimpute__08_inmoose_combatseq__post0,J_ff_only,softimpute,08_inmoose_combatseq,False,medium,False,False,False,False,False,7.0,15.0,0.5333333333333333,0.7056934601309343,0.8812708271544321,0.7711142857142858,0.9316346593744864,0.8501360838535106,0.01809618332699936,0.4667,0.9328257948947604,0.8325666973321068,0.6784728610855566,0.2374664279319606,0.7991491267353337,0.7536798528058878
J_ff_only__softimpute__06_combat_seq__post0,J_ff_only,softimpute,06_combat_seq,False,medium,False,False,False,False,False,7.0,15.0,0.5333333333333333,0.7056248989086122,0.8803019825725844,0.7712857142857142,0.9317186735065158,0.8501360838535106,0.01809618332699936,0.4667,0.9310344827586207,0.8334866605335787,0.6789328426862925,0.2374664279319606,0.7991491267353337,0.7536798528058878
I_rare_batches_removed__softimpute__14_qsmooth__post1,I_rare_batches_removed,softimpute,14_qsmooth,True,high,False,False,False,False,False,9.0,14.0,0.3571428571428571,0.7053949950296455,0.8426036793249889,0.7669999999999999,0.938554365654426,0.8660648445890495,-0.00023294655177574786,0.5472,0.8602776533811016,0.8155473781048758,0.7548298068077277,0.2963294538943599,0.5642633228840125,0.9411223551057958
E3_iterative_r3__knn__01_raw__post0,E3_iterative_r3,knn,01_raw,False,low,False,False,False,False,True,10.0,18.0,0.4444444444444444,0.7050101934177958,0.7940677563988615,0.68927,0.9393193718176768,1.0,0.0,0.4031,0.7427227944469323,0.5420883164673413,0.764489420423183,0.9677708146821844,0.6094939543215405,0.6034958601655934
E3_iterative_r3__knn__36_explobatch__post0,E3_iterative_r3,knn,36_explobatch,False,medium,False,False,False,False,False,10.0,18.0,0.4444444444444444,0.7050101934177958,0.7940677563988615,0.68927,0.9393193718176768,1.0,0.0,0.4031,0.7427227944469323,0.5420883164673413,0.764489420423183,0.9677708146821844,0.6094939543215405,0.6034958601655934
H_affymetrix_extended__strict__16_fsqn_r__post1,H_affymetrix_extended,strict,16_fsqn_r,True,high,False,False,False,False,False,5.0,11.0,0.5454545454545454,0.7048901239347112,0.8432535072238426,0.74712,0.8435807119507015,0.9999996046249944,0.005646510302486307,0.4769,0.8622928795342588,0.7467801287948482,0.2049218031278749,0.8878692927484333,0.7333184057321989,0.7941582336706532
H_affymetrix_extended__strict__27_dwd__post1,H_affymetrix_extended,strict,27_dwd,True,medium,False,False,False,False,False,5.0,11.0,0.5454545454545454,0.7048901239347112,0.8432535072238426,0.74712,0.8435807119507015,0.9999996046249944,0.005646510302486307,0.4769,0.8622928795342588,0.7467801287948482,0.2049218031278749,0.8878692927484333,0.7333184057321989,0.7941582336706532
I_rare_batches_removed__softimpute__25_angel__post0,I_rare_batches_removed,softimpute,25_angel,False,high,False,False,False,False,False,9.0,15.0,0.4,0.704795486245917,0.8165102715382571,0.8029444444444445,0.933443373582331,0.8681686829935071,0.029024424453605868,0.4354,0.799373040752351,0.9356025758969642,0.6977920883164673,0.30393912264995526,0.8262427227944469,0.6658233670653174
E3_iterative_r3__softimpute__05_combat__post1,E3_iterative_r3,softimpute,05_combat,True,medium,False,False,False,False,False,10.0,17.0,0.4117647058823529,0.7047025861706434,0.8590275237814186,0.7641899999999999,0.9137702066829884,0.9067336817881868,0.11218089335156717,0.4059,0.8952082400358262,0.8040478380864765,0.562097516099356,0.38854073410922113,0.9699955217196596,0.608325666973321
F_microarray_only__softimpute__25_angel__post0,F_microarray_only,softimpute,25_angel,False,high,False,False,False,False,False,6.0,18.0,0.6666666666666667,0.7045073543718711,0.8113851451601439,0.8432499999999999,0.9087276596065508,0.872547747264171,0.012860243252182602,0.4997,0.7881773399014779,0.9866605335786569,0.531278748850046,0.3124440465532677,0.77384684281236,0.8346366145354186
J_ff_only__knn__06_combat_seq__post1,J_ff_only,knn,06_combat_seq,True,medium,False,False,False,False,False,7.0,14.0,0.5,0.7043465909812053,0.8714710539614349,0.7474714285714285,0.9404216290665844,0.8534505397123674,0.017861919871567933,0.4653,0.9137931034482759,0.7490800367985281,0.7746090156393745,0.24418084153983885,0.7955665024630542,0.7488500459981601
J_ff_only__knn__08_inmoose_combatseq__post1,J_ff_only,knn,08_inmoose_combatseq,True,medium,False,False,False,False,False,7.0,14.0,0.5,0.7041932637809599,0.8714710539614349,0.7474714285714285,0.9404072140436864,0.8534505397123674,0.017861919871567933,0.4653,0.9137931034482759,0.7490800367985281,0.7736890524379025,0.24418084153983885,0.7955665024630542,0.7488500459981601
J_ff_only__softimpute__08_inmoose_combatseq__post1,J_ff_only,softimpute,08_inmoose_combatseq,True,medium,False,False,False,False,False,7.0,14.0,0.5,0.7039704753469108,0.8743281785455551,0.7741857142857143,0.93068367091343,0.8519153253000624,0.018178910389911818,0.4667,0.9198387819077474,0.8422263109475621,0.6674333026678932,0.24059982094897045,0.8000447828034035,0.7536798528058878
B_extended_bad__strict__17_quantile__post1,B_extended_bad,strict,17_quantile,True,high,False,False,True,False,False,9.0,15.0,0.4,0.7037952090220948,0.770570845869649,0.7671444444444444,0.9438706733547044,0.9049232985442466,0.009163655511416291,0.4753,0.6762203313927452,0.8169273229070837,0.8114075436982521,0.3818263205013429,0.7523510971786834,0.7840386384544619
I_rare_batches_removed__strict__14_qsmooth__post0,I_rare_batches_removed,strict,14_qsmooth,False,high,False,False,False,False,False,9.0,15.0,0.4,0.7035259217109086,0.7798996578069872,0.7618222222222222,0.9329222587684318,0.9146003243766356,2.2045236447443273e-06,0.5689,0.7057769816390506,0.797608095676173,0.6908923643054278,0.43017009847806625,0.6399462606359158,0.9567617295308187
J_ff_only__softimpute__06_combat_seq__post1,J_ff_only,softimpute,06_combat_seq,True,medium,False,False,False,False,False,7.0,14.0,0.5,0.7034480093072034,0.8734005842651978,0.7745714285714286,0.930641911447951,0.8519153253000624,0.018178910389911818,0.4667,0.916703985669503,0.8431462741490341,0.6665133394664213,0.24059982094897045,0.8000447828034035,0.7536798528058878
F_microarray_only__softimpute__25_angel__post1,F_microarray_only,softimpute,25_angel,True,high,False,False,False,False,False,6.0,17.0,0.6470588235294117,0.7031620617329314,0.8009880743377195,0.8458833333333334,0.9091088626023126,0.8755979740545977,0.010022429446887526,0.5088,0.7581728616211375,0.9889604415823368,0.5344986200551978,0.3178155774395703,0.7568293775190327,0.8626954921803128
C_rnaseq_only__knn__06_combat_seq__post1,C_rnaseq_only,knn,06_combat_seq,True,medium,False,False,False,False,False,5.0,5.0,0.0,0.7028576066006452,0.7164128319172993,0.7164400000000001,0.9656616971041978,0.9034976216947928,0.09922980394250902,0.4659,0.5201522615315719,0.6488040478380864,0.9602115915363385,0.3771262309758281,0.9594715629198388,0.7513799448022079
C_rnaseq_only__knn__08_inmoose_combatseq__post1,C_rnaseq_only,knn,08_inmoose_combatseq,True,medium,False,False,False,False,False,5.0,5.0,0.0,0.7028576066006452,0.7164128319172993,0.7164400000000001,0.9656616971041978,0.9034976216947928,0.09922980394250902,0.4659,0.5201522615315719,0.6488040478380864,0.9602115915363385,0.3771262309758281,0.9594715629198388,0.7513799448022079
I_rare_batches_removed__strict__01_raw__post1,I_rare_batches_removed,strict,01_raw,True,low,False,False,False,False,True,9.0,14.0,0.3571428571428571,0.7013602610451848,0.8341629932737806,0.7506555555555556,0.8980689610578543,1.0,-0.001129566041791208,0.4246,0.8437080161218092,0.7598896044158233,0.47010119595216193,0.9677708146821844,0.5273175100761308,0.6393744250229991
C_rnaseq_only__strict__18_rank__post0,C_rnaseq_only,strict,18_rank,False,high,False,False,False,False,False,5.0,6.0,0.16666666666666663,0.700953885636832,0.7520613016551131,0.70504,0.9784479695280092,0.9106042237253544,0.0,0.6097,0.6157635467980296,0.6044158233670653,0.9898804047838087,0.40778871978513875,0.6094939543215405,0.9783808647654094
C_rnaseq_only__strict__17_quantile__post0,C_rnaseq_only,strict,17_quantile,False,high,False,False,False,False,False,5.0,6.0,0.16666666666666663,0.7008216998544435,0.7512879785662232,0.70674,0.979764915303285,0.906572815000956,0.0005863690141483247,0.5454,0.6090461262875057,0.6108555657773689,0.9935602575896965,0.38764547896150403,0.6659202866099417,0.937902483900644
B_extended_bad__strict__15_fsqn_py__post1,B_extended_bad,strict,15_fsqn_py,True,high,False,False,True,False,False,9.0,15.0,0.4,0.7001315943818379,0.7693157787534762,0.7623444444444445,0.9438638944456236,0.9049113463896616,0.009164012722101877,0.4753,0.6726377071204658,0.7989880404783809,0.8109475620975161,0.38137869292748433,0.7527989252127183,0.7840386384544619
I_rare_batches_removed__softimpute__25_angel__post1,I_rare_batches_removed,softimpute,25_angel,True,high,False,False,False,False,False,9.0,14.0,0.3571428571428571,0.6993983328177228,0.8035843830487722,0.8033111111111111,0.9330376238811934,0.8751516494294658,0.025436500584497868,0.4354,0.7689207344379758,0.9360625574977001,0.6922723091076357,0.3164726947179946,0.8168383340797134,0.6658233670653174
A_confirmed_bad__softimpute__05_combat__post1,A_confirmed_bad,softimpute,05_combat,True,medium,False,True,True,False,False,11.0,20.0,0.44999999999999996,0.6989851251659345,0.8783794135902843,0.7824000000000001,0.8999526130684564,0.8974487793426396,0.10662974757258842,0.4059,0.9265562024182714,0.8776448942042319,0.47746090156393745,0.3397493285586392,0.9641737572772056,0.608325666973321
I_rare_batches_removed__knn__25_angel__post1,I_rare_batches_removed,knn,25_angel,True,high,False,False,False,False,False,9.0,14.0,0.3571428571428571,0.6989663007351532,0.7814218909348049,0.7863444444444444,0.9302081020122492,0.9077494096534032,0.031521513519500555,0.454,0.7093596059113301,0.889604415823367,0.6628334866605335,0.39301700984780663,0.8347514554411106,0.704231830726771
I_rare_batches_removed__strict__06_combat_seq__post1,I_rare_batches_removed,strict,06_combat_seq,True,medium,False,False,False,False,False,9.0,14.0,0.3571428571428571,0.6988248225232406,0.8384540743970825,0.7549888888888889,0.9085493717078033,0.8679314076332079,0.08621698851048731,0.476,0.8508732646663681,0.7746090156393745,0.53081876724931,0.3034914950760967,0.9426780116435289,0.7904783808647654
J_ff_only__knn__31_ruv3prps__post1,J_ff_only,knn,31_ruv3prps,True,medium,False,False,False,False,False,6.0,14.0,0.5714285714285714,0.6986936785682268,0.7753306015252539,0.7627833333333335,0.9715439149623688,0.7442369205425985,0.03586862578785871,0.4559,0.6932377966860725,0.8012879484820608,0.9733210671573137,0.1557743957027753,0.8557993730407524,0.7127414903403864
C_rnaseq_only__knn__31_ruv3prps__post1,C_rnaseq_only,knn,31_ruv3prps,True,medium,False,False,False,True,False,4.0,5.0,0.19999999999999996,0.6980779564228176,0.6971898826684558,0.638375,0.9304318878051694,0.9999892479450372,0.05792693518463543,0.5456,0.4782803403493059,0.39006439742410304,0.6655933762649494,0.8258728737690242,0.8898343036274071,0.9388224471021159
H_affymetrix_extended__strict__01_raw__post1,H_affymetrix_extended,strict,01_raw,True,low,False,False,False,False,True,5.0,11.0,0.5454545454545454,0.6978798091302565,0.8279182728077829,0.71286,0.8436090963001286,1.0,0.00564648736891965,0.4924,0.8231079265562025,0.6320147194112236,0.20561177552897883,0.9677708146821844,0.7326466636811464,0.8261269549218031
I_rare_batches_removed__softimpute__08_inmoose_combatseq__post1,I_rare_batches_removed,softimpute,08_inmoose_combatseq,True,medium,False,False,False,False,False,9.0,14.0,0.3571428571428571,0.697842955132328,0.8484620594517276,0.7701888888888889,0.9071381439940556,0.8526821523113918,0.1140278642433396,0.4653,0.8723690103000448,0.828426862925483,0.5234590616375345,0.24350940017905104,0.9704433497536946,0.7488500459981601
S0_no_removal__softimpute__06_combat_seq__post0,S0_no_removal,softimpute,06_combat_seq,False,medium,False,False,False,False,False,11.0,24.0,0.5416666666666667,0.6976508281457218,0.8839266425398394,0.7477454545454546,0.931046453179224,0.8482498843878543,0.04627819346205381,0.4581,0.9386475593372146,0.7516099356025759,0.672953081876725,0.2329901521933751,0.8725929243170623,0.7171113155473781
I_rare_batches_removed__strict__08_inmoose_combatseq__post1,I_rare_batches_removed,strict,08_inmoose_combatseq,True,medium,False,False,False,False,False,9.0,14.0,0.3571428571428571,0.6971444003339807,0.8381614316945518,0.7545333333333333,0.9071957642233992,0.8677616554953826,0.08622201390523959,0.476,0.8504254366323332,0.7727690892364305,0.5239190432382704,0.30214861235452106,0.9431258396775638,0.7904783808647654
F_microarray_only__knn__06_combat_seq__post1,F_microarray_only,knn,06_combat_seq,True,medium,False,True,False,False,False,6.0,17.0,0.6470588235294117,0.6969094804785168,0.9276672569496804,0.7955666666666666,0.8831596152221663,0.8319777788022169,0.02939415433915732,0.5164,0.9762651141961487,0.9153633854645814,0.3845446182152714,0.20098478066248882,0.8280340349305867,0.8762649494020239
S0_no_removal__softimpute__19_tdm__post1,S0_no_removal,softimpute,19_tdm,True,high,False,False,False,False,False,11.0,23.0,0.5217391304347826,0.6965091359031982,0.8469163100026454,0.796,0.9199386092869052,0.9765301434315136,-0.003077490822046003,0.4705,0.8696820420958352,0.9172033118675254,0.5970561177552898,0.5353625783348255,0.49664128974473803,0.7631094756209752
B_extended_bad__knn__36_explobatch__post0,B_extended_bad,knn,36_explobatch,False,medium,False,False,True,False,False,10.0,16.0,0.375,0.696439577144074,0.7267041774763907,0.7017100000000001,0.941776947411033,1.0,0.0,0.4437,0.5443349753694581,0.5890064397424103,0.7907083716651334,0.9677708146821844,0.6094939543215405,0.6773229070837167
B_extended_bad__knn__01_raw__post0,B_extended_bad,knn,01_raw,False,low,False,False,True,False,True,10.0,16.0,0.375,0.696439577144074,0.7267041774763907,0.7017100000000001,0.941776947411033,1.0,0.0,0.4437,0.5443349753694581,0.5890064397424103,0.7907083716651334,0.9677708146821844,0.6094939543215405,0.6773229070837167
I_rare_batches_removed__knn__25_angel__post0,I_rare_batches_removed,knn,25_angel,False,high,False,False,False,False,False,9.0,15.0,0.4,0.6962951865888124,0.7894860683090077,0.7780222222222223,0.930382169870288,0.9067599483258186,0.03138650586249736,0.454,0.7277205553067622,0.8578656853725851,0.6642134314627415,0.38943598925693823,0.8343036274070756,0.704231830726771
H_affymetrix_extended__knn__01_raw__post1,H_affymetrix_extended,knn,01_raw,True,low,False,False,False,False,True,5.0,11.0,0.5454545454545454,0.6961534705110143,0.814070291684099,0.77644,0.8284701374026755,1.0,0.004929467374980401,0.4354,0.7926556202418271,0.8528058877644894,0.16835326586936522,0.9677708146821844,0.729511867442902,0.6658233670653174
B_extended_bad__strict__25_angel__post0,B_extended_bad,strict,25_angel,False,high,False,False,True,False,False,10.0,16.0,0.375,0.6960373457780703,0.8279656394534376,0.79545,0.942952973606935,0.910147261111376,-0.011526361808293806,0.4809,0.8235557545902373,0.9149034038638455,0.8063477460901564,0.40286481647269473,0.425884460367219,0.8026678932842686
J_ff_only__knn__27_dwd__post1,J_ff_only,knn,27_dwd,True,medium,False,False,False,False,False,7.0,14.0,0.5,0.695711858309983,0.7134790694200079,0.7126857142857144,0.948181904013653,0.999994071359958,-0.0002455455508747484,0.4747,0.5136587550380654,0.6310947562097516,0.8580956761729531,0.8352730528200537,0.5629198387819078,0.7732290708371665
A_confirmed_bad__softimpute__05_combat__post0,A_confirmed_bad,softimpute,05_combat,False,medium,False,True,True,False,False,11.0,21.0,0.47619047619047616,0.695555945136579,0.8832171976135693,0.780590909090909,0.8954457397124931,0.8850601905111463,0.12244847060675645,0.4059,0.9381997313031796,0.8689052437902484,0.453081876724931,0.3299015219337511,0.9749216300940439,0.608325666973321
J_ff_only__softimpute__01_raw__post1,J_ff_only,softimpute,01_raw,True,low,False,False,False,False,True,7.0,14.0,0.5,0.6953764833788262,0.7206330550539087,0.7142999999999999,0.9331357250136596,1.0,-0.00024767043557405444,0.4749,0.5297805642633229,0.640754369825207,0.6938822447102115,0.9677708146821844,0.5624720107478728,0.7775988960441582
G_affymetrix_only__knn__25_angel__post0,G_affymetrix_only,knn,25_angel,False,high,False,False,False,True,False,2.0,3.0,0.33333333333333337,0.6952316691278376,0.7417815686267422,0.6369499999999999,0.9560049718015098,0.9155329515542928,0.05299130051172518,0.5598,0.5826242722794447,0.3859245630174793,0.936982520699172,0.43375111906893465,0.8813255709807434,0.9507819687212512
E1_iterative_r1__softimpute__05_combat__post1,E1_iterative_r1,softimpute,05_combat,True,medium,False,False,False,False,False,11.0,19.0,0.42105263157894735,0.694942853393213,0.8691623847609439,0.7774909090909091,0.9027648817821544,0.8953919007702871,0.10701613682638639,0.4059,0.9090909090909091,0.8560257589696412,0.4963201471941122,0.3352730528200537,0.9646215853112405,0.608325666973321
B_extended_bad__strict__18_rank__post1,B_extended_bad,strict,18_rank,True,high,False,False,True,False,False,9.0,15.0,0.4,0.6933003479604708,0.7566374900846728,0.7560222222222222,0.9453041635169788,0.9070885702715276,0.008411897931989265,0.4753,0.6345723242274967,0.7782888684452622,0.8229070837166513,0.39077887197851385,0.7492163009404389,0.7840386384544619
E2_iterative_r2__softimpute__31_ruv3prps__post0,E2_iterative_r2,softimpute,31_ruv3prps,False,medium,False,False,False,False,False,11.0,19.0,0.42105263157894735,0.693292479206988,0.8004713422878664,0.7833000000000001,0.9467419610753574,0.999997635307224,-0.07763836637260918,0.454,0.7554858934169278,0.8822447102115916,0.8390064397424103,0.8708594449418084,0.10792655620241827,0.704231830726771
F_microarray_only__softimpute__14_qsmooth__post1,F_microarray_only,softimpute,14_qsmooth,True,high,False,False,False,False,False,6.0,17.0,0.6470588235294117,0.6929423223202948,0.8401693535321596,0.7921833333333334,0.8998081763634029,0.8431681414367228,0.008291297157354716,0.5492,0.8549037169726825,0.9070837166513339,0.4770009199632015,0.22739480752014324,0.7487684729064039,0.9425022999080037
I_rare_batches_removed__strict__04_sva__post1,I_rare_batches_removed,strict,04_sva,True,low,False,False,False,False,False,9.0,14.0,0.3571428571428571,0.6918444365737259,0.8340510895156756,0.7504222222222222,0.8979715213265058,0.9988919155634646,0.0007775442140958155,0.4246,0.8432601880877743,0.7585096596136155,0.46826126954921804,0.7708146821844225,0.670846394984326,0.6393744250229991
H_affymetrix_extended__strict__04_sva__post0,H_affymetrix_extended,strict,04_sva,False,low,False,False,False,False,False,6.0,12.0,0.5,0.6916472429423305,0.852582429057256,0.7448166666666666,0.8861434792848074,0.997936073609926,-0.0037724458974169317,0.5275,0.8835647111509181,0.735510579576817,0.40110395584176634,0.7506714413607878,0.4827586206896552,0.8962741490340387
E1_iterative_r1__softimpute__05_combat__post0,E1_iterative_r1,softimpute,05_combat,False,medium,False,False,False,False,False,11.0,20.0,0.44999999999999996,0.6912735211812094,0.8757410089073983,0.7775545454545455,0.8969352760517147,0.8828243658885333,0.1228782308370564,0.4059,0.922077922077922,0.8564857405703772,0.45906163753449863,0.3258728737690242,0.9758172861621137,0.608325666973321
B_extended_bad__knn__31_ruv3prps__post1,B_extended_bad,knn,31_ruv3prps,True,medium,False,False,True,False,False,10.0,15.0,0.33333333333333337,0.6912685691355874,0.7890289504947942,0.69448,0.93523458269991,0.9990385538879254,-0.00017937672146184358,0.4798,0.7263770712046574,0.563017479300828,0.7134314627414904,0.7802148612354521,0.5665024630541872,0.7980680772769089
K_ffpe_only__strict__08_inmoose_combatseq__post0,K_ffpe_only,strict,08_inmoose_combatseq,False,medium,False,False,False,True,False,3.0,8.0,0.625,0.6912575165015845,0.860174419295592,0.6271,0.9522231486578168,0.861587192765429,0.4477758788586074,0.4531,0.8978952082400359,0.3560257589696412,0.9181232750689973,0.2813339301700985,0.9979847738468428,0.6961821527138914
F_microarray_only__softimpute__36_explobatch__post0,F_microarray_only,softimpute,36_explobatch,False,medium,False,False,False,False,False,6.0,18.0,0.6666666666666667,0.6910840427462529,0.7513520767734386,0.7947000000000001,0.848639843208104,1.0,0.0,0.49,0.609717868338558,0.9132934682612696,0.2247010119595216,0.9677708146821844,0.6094939543215405,0.8215271389144434
F_microarray_only__softimpute__01_raw__post0,F_microarray_only,softimpute,01_raw,False,low,False,False,False,False,True,6.0,18.0,0.6666666666666667,0.6910840427462529,0.7513520767734386,0.7947000000000001,0.848639843208104,1.0,0.0,0.49,0.609717868338558,0.9132934682612696,0.2247010119595216,0.9677708146821844,0.6094939543215405,0.8215271389144434
B_extended_bad__softimpute__31_ruv3prps__post0,B_extended_bad,softimpute,31_ruv3prps,False,medium,False,False,True,False,False,10.0,16.0,0.375,0.6904823738212448,0.8077107069047964,0.80067,0.9422778111069284,0.9999974817929788,-0.06160732857691675,0.4167,0.7787729511867443,0.9296228150873965,0.797148114075437,0.8683974932855864,0.1406180026869682,0.6283348666053358
F_microarray_only__knn__08_inmoose_combatseq__post1,F_microarray_only,knn,08_inmoose_combatseq,True,medium,False,True,False,False,False,6.0,17.0,0.6470588235294117,0.6903082750801378,0.924796094995878,0.7874500000000001,0.8805111493127727,0.8320245512588137,0.029577272088334106,0.5164,0.9758172861621137,0.8928242870285189,0.3656853725850966,0.20143240823634737,0.8298253470667264,0.8762649494020239
E1_iterative_r1__softimpute__31_ruv3prps__post0,E1_iterative_r1,softimpute,31_ruv3prps,False,medium,False,False,False,False,False,11.0,20.0,0.44999999999999996,0.6900456781503904,0.8095348705970071,0.7816454545454546,0.946550126224864,0.9999976827949504,-0.07601510237068143,0.4354,0.7823555754590238,0.8735050597976081,0.8353265869365225,0.8726499552372426,0.11061352440662786,0.6658233670653174
B_extended_bad__strict__25_angel__post1,B_extended_bad,strict,25_angel,True,high,False,False,True,False,False,10.0,15.0,0.33333333333333337,0.6899115205000754,0.8230718827300385,0.79581,0.9423840903427364,0.9085605500177664,-0.012786021257860103,0.4836,0.8145991939095387,0.9158233670653174,0.7989880404783809,0.39525514771709935,0.4070756829377519,0.8077276908923643
A_confirmed_bad__knn__14_qsmooth__post1,A_confirmed_bad,knn,14_qsmooth,True,high,False,False,True,False,False,10.0,20.0,0.5,0.6898717645629331,0.7551052350849082,0.7271799999999999,0.9528719818041854,0.8982828669314786,0.00226116783163699,0.5073,0.6300940438871473,0.6807727690892365,0.9236430542778289,0.3455684870188004,0.7017465293327362,0.8574057037718491
B_extended_bad__softimpute__05_combat__post0,B_extended_bad,softimpute,05_combat,False,medium,False,False,True,False,False,10.0,16.0,0.375,0.6895529460993982,0.8479424255268158,0.7592800000000001,0.9130371185281594,0.8934589090106695,0.12513363206724365,0.4059,0.8710255261979399,0.7911683532658693,0.5574977000919963,0.3321396598030439,0.9771607702642185,0.608325666973321
E3_iterative_r3__knn__04_sva__post0,E3_iterative_r3,knn,04_sva,False,low,False,False,False,False,False,10.0,18.0,0.4444444444444444,0.6893991027956491,0.7952292901666804,0.69173,0.9392702343055758,0.997092792479028,0.0029768107354327666,0.415,0.7447380206000895,0.5528978840846366,0.7635694572217111,0.7399283795881826,0.7142857142857143,0.6209751609935602
A_confirmed_bad__softimpute__04_sva__post0,A_confirmed_bad,softimpute,04_sva,False,low,False,False,True,False,False,11.0,21.0,0.47619047619047616,0.6889714452293064,0.8372315169886582,0.7806272727272727,0.9484324982419822,0.9976772130251622,-0.07100171867196009,0.4447,0.8481862964621585,0.8693652253909844,0.8689052437902484,0.7484333034914951,0.12046574115539632,0.6784728610855566
I_rare_batches_removed__strict__18_rank__post1,I_rare_batches_removed,strict,18_rank,True,high,False,False,False,False,False,9.0,14.0,0.3571428571428571,0.6887243445289437,0.8442676117451514,0.7623222222222222,0.9152826733196088,0.9141583997006444,-0.001129566041791208,0.551,0.8665472458575907,0.7985280588776449,0.5712971481140754,0.42569382273948075,0.5273175100761308,0.9429622815087396
J_ff_only__strict__25_angel__post0,J_ff_only,strict,25_angel,False,high,False,False,False,False,False,7.0,15.0,0.5333333333333333,0.6886125583203736,0.8319422769504674,0.7125857142857143,0.9731508300864689,0.938424887793416,-0.0256286867498704,0.5159,0.8410210479175997,0.6301747930082797,0.9779208831646734,0.4919427036705461,0.31527093596059114,0.875344986200552
K_ffpe_only__strict__06_combat_seq__post0,K_ffpe_only,strict,06_combat_seq,False,medium,False,False,False,True,False,3.0,8.0,0.625,0.6885783416861916,0.8598729190217678,0.6263,0.9514448395343872,0.861587192765429,0.4477758788586074,0.4531,0.8969995521719659,0.3518859245630175,0.9070837166513339,0.2813339301700985,0.9979847738468428,0.6961821527138914
J_ff_only__knn__25_angel__post0,J_ff_only,knn,25_angel,False,high,False,False,False,False,False,7.0,15.0,0.5333333333333333,0.6884181300527867,0.8186740179244386,0.7096142857142856,0.9723296314380822,0.9365324227782365,-0.028948281082413096,0.556,0.8016121809225257,0.6182152713891444,0.9751609935602575,0.4892569382273948,0.2987012987012987,0.9475620975160993
I_rare_batches_removed__strict__04_sva__post0,I_rare_batches_removed,strict,04_sva,False,low,False,False,False,False,False,9.0,15.0,0.4,0.6881087606801558,0.8090406546471416,0.7187777777777778,0.8970880540902038,0.9989162345469254,0.0016570546965591904,0.469,0.781012091356919,0.6591536338546458,0.4613615455381785,0.7712623097582811,0.6941334527541424,0.7617295308187673
E2_iterative_r2__strict__19_tdm__post0,E2_iterative_r2,strict,19_tdm,False,high,False,False,False,False,False,11.0,19.0,0.42105263157894735,0.687928420672007,0.7668042273015749,0.737890909090909,0.951086859680604,0.9677082738912256,-0.0031331668091049147,0.5,0.6609941782355575,0.7120515179392825,0.9024839006439742,0.5161145926589078,0.4948499776085983,0.8410763569457221
S0_no_removal__softimpute__14_qsmooth__post1,S0_no_removal,softimpute,14_qsmooth,True,high,False,False,False,False,False,11.0,23.0,0.5217391304347826,0.6879240889710246,0.8019931915078111,0.7576272727272727,0.9418964709055752,0.8640369341405381,0.0012474406030321128,0.4875,0.761307657859382,0.7861085556577737,0.7939282428702852,0.288272157564906,0.6865203761755486,0.8114075436982521
D_malignant_only__strict__01_raw__post1,D_malignant_only,strict,01_raw,True,low,False,False,False,False,True,10.0,17.0,0.4117647058823529,0.6870398060980446,0.7756559944937919,0.76633,0.9205367993679944,1.0,-0.0009219545294629761,0.3333,0.6954769368562472,0.81278748850046,0.6021159153633855,0.9677708146821844,0.5364979847738468,0.5075896964121435
E1_iterative_r1__strict__19_tdm__post1,E1_iterative_r1,strict,19_tdm,True,high,False,False,False,False,False,11.0,19.0,0.42105263157894735,0.6859111355143703,0.7669890124425064,0.7378363636363637,0.9510916541190552,0.9677599890200346,-0.003921491550050837,0.5,0.6632333184057322,0.7111315547378105,0.9029438822447102,0.5165622202327663,0.4805194805194805,0.8410763569457221
D_malignant_only__softimpute__06_combat_seq__post0,D_malignant_only,softimpute,06_combat_seq,False,medium,False,True,False,False,False,10.0,18.0,0.4444444444444444,0.685710013438281,0.8613650738357082,0.75046,0.9530675502046908,0.8663333797429302,0.05388399690836482,0.25,0.9001343484102104,0.7589696412143514,0.9259429622815087,0.29767233661593556,0.8835647111509181,0.34797608095676175
C_rnaseq_only__strict__15_fsqn_py__post0,C_rnaseq_only,strict,15_fsqn_py,False,high,False,False,False,False,False,5.0,6.0,0.16666666666666663,0.6848982281468361,0.7433568656030606,0.69458,0.9780227022968154,0.906573486981172,0.0005867946940095736,0.5372,0.5862068965517241,0.5639374425022999,0.9880404783808647,0.38809310653536255,0.6663681146439767,0.9167433302667893
S0_no_removal__knn__06_combat_seq__post1,S0_no_removal,knn,06_combat_seq,True,medium,False,False,False,False,False,11.0,23.0,0.5217391304347826,0.6847226413838773,0.8701045823271,0.7335909090909091,0.9295262710611536,0.8481665925656134,0.0724867675002171,0.4476,0.9113300492610837,0.7010119595216191,0.6577736890524379,0.232094897045658,0.9200626959247649,0.6860625574977001
G_affymetrix_only__knn__25_angel__post1,G_affymetrix_only,knn,25_angel,True,high,False,False,False,True,False,0.0,,,0.6846764098330794,0.78419452887538,,,0.9009592901731645,0.1538719848778461,,0.7151813703537842,,,0.35273052820053713,0.9861173309449172,
D_malignant_only__softimpute__08_inmoose_combatseq__post0,D_malignant_only,softimpute,08_inmoose_combatseq,False,medium,False,True,False,False,False,10.0,18.0,0.4444444444444444,0.6846489100132942,0.860093118098954,0.74817,0.9531958014691804,0.866333378346797,0.053884071728978744,0.25,0.8974473802060009,0.7529898804047838,0.9282428702851886,0.297224709042077,0.8840125391849529,0.34797608095676175
S0_no_removal__knn__08_inmoose_combatseq__post1,S0_no_removal,knn,08_inmoose_combatseq,True,medium,False,False,False,False,False,11.0,23.0,0.5217391304347826,0.6842646853775914,0.8697831509929365,0.7329181818181819,0.92955374683904,0.8481665925656134,0.0724867675002171,0.4476,0.9108822212270488,0.6982520699172033,0.6582336706531738,0.232094897045658,0.9200626959247649,0.6860625574977001
E3_iterative_r3__knn__31_ruv3prps__post0,E3_iterative_r3,knn,31_ruv3prps,False,medium,False,False,False,False,False,10.0,18.0,0.4444444444444444,0.6839037457343227,0.7940155206280625,0.68918,0.9393193718176768,0.9990276862684002,0.000789880259656317,0.4044,0.74205105239588,0.5409383624655014,0.764489420423183,0.7790957923008057,0.6717420510523959,0.6051057957681693
J_ff_only__strict__25_angel__post1,J_ff_only,strict,25_angel,True,high,False,False,False,False,False,7.0,14.0,0.5,0.6838923757818804,0.8198364466643258,0.7158428571428571,0.9745766470197904,0.9397052871439472,-0.027179561121345786,0.5112,0.8056426332288401,0.6467341306347746,0.9811407543698252,0.4928379588182632,0.30855351545006715,0.8684452621895125
D_malignant_only__strict__25_angel__post1,D_malignant_only,strict,25_angel,True,high,False,False,False,False,False,10.0,17.0,0.4117647058823529,0.6838362329937189,0.7634655564775796,0.75579,0.942524065680576,0.9414411507021828,0.04492664366372706,0.3333,0.6524854455888939,0.7773689052437902,0.8003679852805887,0.4964189794091316,0.8687863860277654,0.5075896964121435
H_affymetrix_extended__softimpute__18_rank__post0,H_affymetrix_extended,softimpute,18_rank,False,high,False,True,False,False,False,6.0,12.0,0.5,0.6832067923275545,0.8886960607206134,0.8172166666666666,0.90188412089069,0.8347929606044037,0.0,0.521,0.9471562919838782,0.9627414903403864,0.4935602575896964,0.20680393912264997,0.6094939543215405,0.8794848206071757
E1_iterative_r1__softimpute__04_sva__post0,E1_iterative_r1,softimpute,04_sva,False,low,False,False,False,False,False,11.0,20.0,0.44999999999999996,0.6825812774627883,0.811135556569152,0.7845454545454547,0.950559631112898,0.9976701682015516,-0.07217288818302015,0.4318,0.7877295118674429,0.8863845446182153,0.8946642134314627,0.7479856759176365,0.11957008508732647,0.6591536338546458
E2_iterative_r2__strict__25_angel__post0,E2_iterative_r2,strict,25_angel,False,high,False,True,False,False,False,11.0,19.0,0.42105263157894735,0.6821678254905549,0.853480450572052,0.7925090909090908,0.9378573001167388,0.9162682094213048,-0.002903567817544195,0.4135,0.8858038513210927,0.9075436982520699,0.7465501379944802,0.4359892569382274,0.4979847738468428,0.6191352345906164
I_rare_batches_removed__strict__27_dwd__post0,I_rare_batches_removed,strict,27_dwd,False,medium,False,False,False,False,False,9.0,15.0,0.4,0.6812285159456944,0.8090772984990598,0.7183888888888889,0.8971829879263694,0.9999957252161936,-5.726938311356733e-07,0.469,0.7814599193909538,0.655933762649494,0.46274149034038636,0.8442256042972247,0.5812807881773399,0.7617295308187673
I_rare_batches_removed__strict__27_dwd__post1,I_rare_batches_removed,strict,27_dwd,True,medium,False,False,False,False,False,9.0,14.0,0.3571428571428571,0.6808107962494575,0.8343322478077381,0.7508444444444444,0.8980667680465428,0.9999956297702608,-0.0011302651836898048,0.4246,0.8441558441558441,0.7612695492180312,0.4696412143514259,0.8437779767233662,0.5266457680250783,0.6393744250229991
B_extended_bad__softimpute__04_sva__post1,B_extended_bad,softimpute,04_sva,True,low,False,False,True,False,False,10.0,15.0,0.33333333333333337,0.6803926811807154,0.8074043747146346,0.8117300000000001,0.942920810914464,0.9975077682014566,-0.06320568794381443,0.4367,0.7774294670846394,0.953081876724931,0.8040478380864765,0.7430617726051925,0.13569189431258397,0.6690432382704692
D_malignant_only__strict__06_combat_seq__post1,D_malignant_only,strict,06_combat_seq,True,medium,False,False,False,False,False,10.0,17.0,0.4117647058823529,0.6794078779180476,0.8436313084272379,0.7342299999999999,0.9476230076493746,0.8646329647129861,0.07882575448888374,0.3,0.8634124496193462,0.703771849126035,0.8532658693652254,0.29118173679498655,0.9303627407075683,0.4344526218951242
D_malignant_only__strict__08_inmoose_combatseq__post1,D_malignant_only,strict,08_inmoose_combatseq,True,medium,False,False,False,False,False,10.0,17.0,0.4117647058823529,0.6790265855118846,0.8433783308436316,0.7338,0.9476236582894744,0.8646329647129861,0.07882575448888374,0.3,0.8629646215853113,0.7014719411223551,0.8537258509659613,0.29118173679498655,0.9303627407075683,0.4344526218951242
F_microarray_only__knn__08_inmoose_combatseq__post0,F_microarray_only,knn,08_inmoose_combatseq,False,medium,False,False,False,False,False,6.0,18.0,0.6666666666666667,0.6786034355025347,0.9185332498484312,0.7561166666666667,0.895717147185269,0.834240232946036,0.01657162768385001,0.5126,0.9735781459919391,0.7787488500459981,0.4540018399264029,0.20456580125335722,0.7895208240035826,0.8712051517939282
I_rare_batches_removed__softimpute__27_dwd__post0,I_rare_batches_removed,softimpute,27_dwd,False,medium,False,False,False,False,False,9.0,15.0,0.4,0.677763798064564,0.8105814582761331,0.7794777777777777,0.9005943314246679,0.9999972323728852,-0.0020028810764733396,0.3773,0.7850425436632333,0.8656853725850966,0.48206071757129715,0.8657117278424351,0.5082848186296463,0.5597976080956761
S0_no_removal__strict__25_angel__post0,S0_no_removal,strict,25_angel,False,high,False,False,False,False,False,11.0,24.0,0.5416666666666667,0.6773716777660126,0.7856169099626437,0.7450363636363636,0.9335098116023492,0.925065761252801,0.01908707388125025,0.4272,0.7178683385579937,0.7364305427782889,0.6987120515179392,0.459265890778872,0.8042991491267353,0.6476540938362465
H_affymetrix_extended__softimpute__16_fsqn_r__post0,H_affymetrix_extended,softimpute,16_fsqn_r,False,high,False,False,False,False,False,6.0,12.0,0.5,0.6765997332430636,0.8537731420462413,0.7793833333333334,0.8520644564200752,0.9999996191931328,-0.04157051849720228,0.5667,0.8864755933721451,0.8645354185832567,0.2394204231830727,0.8905550581915846,0.22369010300044784,0.9549218031278749
H_affymetrix_extended__softimpute__27_dwd__post0,H_affymetrix_extended,softimpute,27_dwd,False,medium,False,False,False,False,False,6.0,12.0,0.5,0.6765997332430636,0.8537731420462413,0.7793833333333334,0.8520644564200752,0.9999996191931328,-0.04157051849720228,0.5667,0.8864755933721451,0.8645354185832567,0.2394204231830727,0.8905550581915846,0.22369010300044784,0.9549218031278749
E1_iterative_r1__strict__25_angel__post0,E1_iterative_r1,strict,25_angel,False,high,False,False,False,False,False,11.0,20.0,0.44999999999999996,0.6761986644354335,0.85428904647849,0.7913818181818182,0.9365015112156786,0.9167045321525285,-0.00844187823974174,0.4273,0.8875951634572324,0.9029438822447102,0.7309107635694572,0.44001790510295435,0.4473802060008957,0.6483440662373505
S0_no_removal__strict__09_ruv__post1,S0_no_removal,strict,09_ruv,True,medium,False,False,False,False,False,11.0,23.0,0.5217391304347826,0.6758986898739342,0.7523995496191216,0.7669090909090909,0.944067142725142,0.6824815558638838,0.00705723771707345,0.5534,0.6175548589341693,0.8146274149034038,0.8137074517019319,0.12444046553267682,0.7402597402597403,0.9448022079116836
B_extended_bad__softimpute__04_sva__post0,B_extended_bad,softimpute,04_sva,False,low,False,False,True,False,False,10.0,16.0,0.375,0.6749714713019158,0.8061518677324399,0.79078,0.9423602283906516,0.997563486187923,-0.05810348052388503,0.4466,0.7751903269144649,0.9011039558417663,0.7980680772769089,0.7439570277529096,0.14912673533363188,0.6823827046918123
F_microarray_only__knn__36_explobatch__post0,F_microarray_only,knn,36_explobatch,False,medium,False,False,False,False,False,6.0,18.0,0.6666666666666667,0.6748678202203519,0.7494149034445332,0.7612,0.8480131925334196,1.0,0.0,0.5066,0.6016569637259293,0.7946182152713891,0.2219411223551058,0.9677708146821844,0.6094939543215405,0.8537258509659613
F_microarray_only__knn__01_raw__post0,F_microarray_only,knn,01_raw,False,low,False,False,False,False,True,6.0,18.0,0.6666666666666667,0.6748678202203519,0.7494149034445332,0.7612,0.8480131925334196,1.0,0.0,0.5066,0.6016569637259293,0.7946182152713891,0.2219411223551058,0.9677708146821844,0.6094939543215405,0.8537258509659613
S0_no_removal__strict__25_angel__post1,S0_no_removal,strict,25_angel,True,high,False,False,False,False,False,11.0,23.0,0.5217391304347826,0.674630703309675,0.7734704638083784,0.7454909090909091,0.9332457802898592,0.924566426329816,0.01803445680790028,0.4364,0.6865203761755486,0.7405703771849126,0.6954921803127875,0.4583706356311549,0.7984773846842812,0.6683532658693653
J_ff_only__softimpute__31_ruv3prps__post1,J_ff_only,softimpute,31_ruv3prps,True,medium,False,False,False,False,False,6.0,14.0,0.5714285714285714,0.6745370390452928,0.7694438425614478,0.74345,0.9714082959014826,0.7440188896125176,0.034757959581354525,0.435,0.6735333631885356,0.7304507819687213,0.9728610855565777,0.15532676812891674,0.8522167487684729,0.6628334866605335
B_extended_bad__knn__31_ruv3prps__post0,B_extended_bad,knn,31_ruv3prps,False,medium,False,False,True,False,False,10.0,16.0,0.375,0.6741658618252058,0.7265940295996782,0.70165,0.941776947411033,0.9990609203726551,0.00041949662290252654,0.4431,0.5436632333184057,0.5883164673413064,0.7907083716651334,0.7824529991047449,0.6636811464397672,0.6761729530818767
C_rnaseq_only__strict__10_mnn__post0,C_rnaseq_only,strict,10_mnn,False,medium,False,False,False,False,False,5.0,6.0,0.16666666666666663,0.6740639740217205,0.8295855615156933,0.79936,0.9621657823314648,-0.0460109421938116,-0.022733822076109966,0.6372,0.8298253470667264,0.9268629254829807,0.954001839926403,0.020590868397493287,0.3273622928795343,0.9857405703771849
E2_iterative_r2__softimpute__04_sva__post0,E2_iterative_r2,softimpute,04_sva,False,low,False,False,False,False,False,11.0,19.0,0.42105263157894735,0.6737939731589818,0.7994353345426187,0.7815090909090909,0.9506159029886124,0.9976333749471652,-0.07404122209755942,0.4318,0.7519032691446484,0.8730450781968722,0.8955841766329347,0.747538048343778,0.11553963278101209,0.6591536338546458
E3_iterative_r3__strict__25_angel__post0,E3_iterative_r3,strict,25_angel,False,high,False,False,False,False,False,10.0,18.0,0.4444444444444444,0.6736779788388757,0.8523449325392681,0.7911400000000001,0.9360955313721068,0.9145407264138928,-0.00880682292656998,0.431,0.8831168831168831,0.9020239190432383,0.7281508739650414,0.42927484333034915,0.4437975817286162,0.655703771849126
F_microarray_only__softimpute__16_fsqn_r__post0,F_microarray_only,softimpute,16_fsqn_r,False,high,False,False,False,False,False,6.0,18.0,0.6666666666666667,0.6736161596959404,0.7513658941855498,0.7946333333333334,0.8486801170703675,0.9999996937360072,-3.5581006784801694e-06,0.4896,0.6106135244066279,0.9123735050597976,0.22562097516099355,0.8939122649955237,0.5794894760412002,0.8196872125114996
B_extended_bad__knn__04_sva__post0,B_extended_bad,knn,04_sva,False,low,False,False,True,False,False,10.0,16.0,0.375,0.6734447953213886,0.7264537302611516,0.70214,0.9406180268468344,0.9970188508790664,0.0031533083302587306,0.4395,0.5432154052843708,0.5919963201471942,0.7792088316467342,0.7376902417188899,0.716524854455889,0.672033118675253
J_ff_only__softimpute__27_dwd__post1,J_ff_only,softimpute,27_dwd,True,medium,False,False,False,False,False,7.0,14.0,0.5,0.6731319598503074,0.7204200270972788,0.7138714285714285,0.9331357250136596,0.9999941387922824,-0.0002443996387982983,0.4749,0.528884908195253,0.6379944802207912,0.6938822447102115,0.8370635631154879,0.5633676668159426,0.7775988960441582
C_rnaseq_only__strict__18_rank__post1,C_rnaseq_only,strict,18_rank,True,high,False,False,False,True,False,4.0,5.0,0.19999999999999996,0.672835660837714,0.7481751796139232,0.6917,0.9448428393449898,0.8894850433349824,0.09663819840017074,0.4753,0.5991939095387371,0.5517479300827967,0.8164673413063478,0.3307967770814682,0.954769368562472,0.7840386384544619
E2_iterative_r2__strict__25_angel__post1,E2_iterative_r2,strict,25_angel,True,high,False,True,False,False,False,11.0,18.0,0.38888888888888884,0.6728318226492771,0.8438349923244393,0.7902545454545454,0.9356600604219436,0.9155769422303376,-0.003625732266732351,0.4202,0.8638602776533811,0.8988040478380864,0.7221711131554738,0.4341987466427932,0.48410210479175997,0.6338546458141674
C_rnaseq_only__softimpute__31_ruv3prps__post1,C_rnaseq_only,softimpute,31_ruv3prps,True,medium,False,False,False,True,False,4.0,5.0,0.19999999999999996,0.6722856628591036,0.7535970985013222,0.693575,0.8610548451646486,0.9999862494745854,0.023070172497873243,0.545,0.6242722794446932,0.5602575896964122,0.28058877644894203,0.8236347358997315,0.812807881773399,0.9321527138914444
D_malignant_only__knn__36_explobatch__post1,D_malignant_only,knn,36_explobatch,True,medium,False,False,False,False,False,10.0,17.0,0.4117647058823529,0.6721773329749364,0.7264003934866751,0.73042,0.9386315050738012,1.0,-0.00015344730291561026,0.3333,0.5425436632333184,0.6906623735050598,0.7559797608095676,0.9677708146821844,0.5685176892073444,0.5075896964121435
D_malignant_only__knn__01_raw__post1,D_malignant_only,knn,01_raw,True,low,False,False,False,False,True,10.0,17.0,0.4117647058823529,0.6721773329749364,0.7264003934866751,0.73042,0.9386315050738012,1.0,-0.00015344730291561026,0.3333,0.5425436632333184,0.6906623735050598,0.7559797608095676,0.9677708146821844,0.5685176892073444,0.5075896964121435
D_malignant_only__strict__04_sva__post1,D_malignant_only,strict,04_sva,True,low,False,False,False,False,False,10.0,17.0,0.4117647058823529,0.671748453099441,0.7736281509940265,0.7617700000000001,0.920456864006713,0.9990633032383068,0.0001840357129702097,0.3333,0.6874160322436185,0.797148114075437,0.5998160073597056,0.7829006266786034,0.6556202418271384,0.5075896964121435
E1_iterative_r1__knn__05_combat__post0,E1_iterative_r1,knn,05_combat,False,medium,False,True,False,False,False,11.0,20.0,0.44999999999999996,0.6714812197981348,0.8622869823384555,0.7543,0.9300341352166576,0.9768496652304692,0.009076096788083854,0.2837,0.9010300044782803,0.7723091076356946,0.6614535418583257,0.536705461056401,0.7514554411106136,0.40593376264949405
D_malignant_only__strict__06_combat_seq__post0,D_malignant_only,strict,06_combat_seq,False,medium,False,True,False,False,False,10.0,18.0,0.4444444444444444,0.671182678840404,0.8514665010759661,0.7327,0.9483943999346136,0.8652065321263576,0.06803311560121905,0.2727,0.8822212270488132,0.6968721251149954,0.8679852805887764,0.29207699194270365,0.9070756829377519,0.38086476540938363
D_malignant_only__strict__36_explobatch__post1,D_malignant_only,strict,36_explobatch,True,medium,False,False,False,False,False,10.0,17.0,0.4117647058823529,0.6710338774697021,0.7735367858360723,0.76169,0.9205089294907745,0.9999999078916536,-0.0009219545294629761,0.3333,0.6869682042095835,0.796688132474701,0.6009659613615456,0.8974932855863921,0.5364979847738468,0.5075896964121435
H_affymetrix_extended__softimpute__01_raw__post1,H_affymetrix_extended,softimpute,01_raw,True,low,False,False,False,False,True,5.0,11.0,0.5454545454545454,0.6700035439748618,0.8804674975387891,0.73804,0.8410095196049439,1.0,-0.00016158567723756345,0.426,0.9314823107926556,0.7134314627414904,0.19779208831646733,0.9677708146821844,0.5669502910882221,0.6425942962281509
F_microarray_only__softimpute__31_ruv3prps__post0,F_microarray_only,softimpute,31_ruv3prps,False,medium,False,False,False,False,False,6.0,18.0,0.6666666666666667,0.6698842928223453,0.7513658941855498,0.7946333333333334,0.8486801170703675,0.99999968971895,-0.00045918497016594895,0.4896,0.6106135244066279,0.9123735050597976,0.22562097516099355,0.8934646374216652,0.5575459023734886,0.8196872125114996
S0_no_removal__strict__09_ruv__post0,S0_no_removal,strict,09_ruv,False,medium,False,False,False,False,False,11.0,24.0,0.5416666666666667,0.6697914836641528,0.7591640004420009,0.7677454545454545,0.9402144230003832,0.6800892045358824,0.007933229798969155,0.5385,0.6430810568741603,0.8187672493100276,0.7718491260349586,0.12220232766338407,0.7451858486341245,0.9176632934682613
F_microarray_only__strict__17_quantile__post0,F_microarray_only,strict,17_quantile,False,high,False,False,False,False,False,6.0,18.0,0.6666666666666667,0.669590918662652,0.7979467709218857,0.7794,0.8999763510176579,0.920973650481964,-0.00011345975631510408,0.5322,0.7496641289744738,0.8652253909843606,0.4781508739650414,0.44874664279319604,0.571204657411554,0.9045538178472861
J_ff_only__strict__04_sva__post1,J_ff_only,strict,04_sva,True,low,False,False,False,False,False,7.0,14.0,0.5,0.6695675111104279,0.6998283017936241,0.6853999999999999,0.9457544018841458,0.9968660885130154,0.0002854687562878766,0.4749,0.4827586206896552,0.53081876724931,0.828886844526219,0.7354521038495971,0.6618898343036274,0.7775988960441582
A_confirmed_bad__strict__17_quantile__post0,A_confirmed_bad,strict,17_quantile,False,high,False,False,True,False,False,11.0,21.0,0.47619047619047616,0.6695013829035723,0.8108817360510411,0.7577454545454546,0.9474636086516988,0.9106650584147962,-0.0002581240904885318,0.416,0.786833855799373,0.7865685372585096,0.8505059797608095,0.40823634735899733,0.5611285266457681,0.6237350505979761
D_malignant_only__strict__08_inmoose_combatseq__post0,D_malignant_only,strict,08_inmoose_combatseq,False,medium,False,True,False,False,False,10.0,18.0,0.4444444444444444,0.669203604398366,0.8501280076995241,0.7303499999999999,0.9483761820118212,0.8652065321263576,0.06803311560121905,0.2727,0.8790864308105687,0.6899724011039559,0.8661453541858326,0.29207699194270365,0.9070756829377519,0.38086476540938363
F_microarray_only__strict__15_fsqn_py__post0,F_microarray_only,strict,15_fsqn_py,False,high,False,False,False,False,False,6.0,18.0,0.6666666666666667,0.6689796354561208,0.7978120959479161,0.7789833333333332,0.8999763510176579,0.920973650481964,-0.00011345975631510408,0.5322,0.7492163009404389,0.8620055197792088,0.4781508739650414,0.44874664279319604,0.571204657411554,0.9045538178472861
D_malignant_only__knn__06_combat_seq__post1,D_malignant_only,knn,06_combat_seq,True,medium,False,False,False,False,False,10.0,17.0,0.4117647058823529,0.668580486726261,0.830753384897542,0.71233,0.9508237571564132,0.8571161082373591,0.07019294932089348,0.32,0.8334079713390058,0.6287948482060718,0.8983440662373505,0.26365264100268576,0.9160322436184505,0.47125114995400186
C_rnaseq_only__strict__15_fsqn_py__post1,C_rnaseq_only,strict,15_fsqn_py,True,high,False,False,False,True,False,4.0,5.0,0.19999999999999996,0.6673242512869182,0.7476360268123906,0.6996249999999999,0.9130029802285196,0.8831352947955824,0.09723225734389207,0.6272,0.5974025974025974,0.5814167433302668,0.5565777368905244,0.3272157564905998,0.9583519928347515,0.9829806807727691
I_rare_batches_removed__knn__08_inmoose_combatseq__post1,I_rare_batches_removed,knn,08_inmoose_combatseq,True,medium,False,False,False,False,False,9.0,14.0,0.3571428571428571,0.6667795520252472,0.8278760883215935,0.7391666666666666,0.8976356138683707,0.8553195755573707,0.09709161099364205,0.476,0.82243618450515,0.7145814167433303,0.46550137994480223,0.25067144136078784,0.9570085087326466,0.7904783808647654
C_rnaseq_only__knn__22_tmm__post1,C_rnaseq_only,knn,22_tmm,True,low,False,False,False,True,False,4.0,5.0,0.19999999999999996,0.6667179511539988,0.7560692547624738,0.699925,0.9417044795159956,0.7671190507652685,0.04920087526761607,0.5673,0.632781012091357,0.5818767249310027,0.7897884084636615,0.1629364368845121,0.8766233766233766,0.9563017479300828
I_rare_batches_removed__knn__06_combat_seq__post1,I_rare_batches_removed,knn,06_combat_seq,True,medium,False,False,False,False,False,9.0,14.0,0.3571428571428571,0.6666262582350312,0.8278760883215935,0.7391666666666666,0.897500791159214,0.8553191667181756,0.09709162821512707,0.476,0.82243618450515,0.7145814167433303,0.46458141674333026,0.25022381378692926,0.9574563367666816,0.7904783808647654
H_affymetrix_extended__softimpute__25_angel__post0,H_affymetrix_extended,softimpute,25_angel,False,high,False,True,False,False,False,6.0,12.0,0.5,0.6665547948737114,0.9146115912025036,0.8362666666666666,0.9222455305779054,0.8947212648984745,-0.03460730537485596,0.4997,0.9722346618898343,0.9829806807727691,0.6117755289788408,0.333034914950761,0.264666368114644,0.8346366145354186
E1_iterative_r1__strict__25_angel__post1,E1_iterative_r1,strict,25_angel,True,high,False,False,False,False,False,11.0,19.0,0.42105263157894735,0.6662836793700196,0.8482813288350135,0.7904,0.9341443795636604,0.9160641549300556,-0.009230497087206246,0.4273,0.8714733542319749,0.8997240110395585,0.702851885924563,0.43554162936436885,0.43976712942230184,0.6483440662373505
E3_iterative_r3__strict__25_angel__post1,E3_iterative_r3,strict,25_angel,True,high,False,True,False,False,False,10.0,17.0,0.4117647058823529,0.6653003169648155,0.8444498441152729,0.79145,0.9344586961405296,0.9138524825974128,-0.009786967266289581,0.431,0.8678907299596955,0.9038638454461821,0.7051517939282429,0.42479856759176365,0.4343931930138827,0.655703771849126
A_confirmed_bad__softimpute__14_qsmooth__post0,A_confirmed_bad,softimpute,14_qsmooth,False,high,False,False,True,False,False,11.0,21.0,0.47619047619047616,0.6648437657626682,0.8605040344284824,0.8022636363636363,0.9528735793209466,0.8546926848269825,-0.0734137534460278,0.5107,0.8983430362740707,0.9337626494940202,0.9241030358785649,0.2484333034914951,0.11643528884908196,0.8679852805887764
G_affymetrix_only__knn__03_limma__post1,G_affymetrix_only,knn,03_limma,True,low,False,False,False,True,False,0.0,,,0.6647369701887653,0.9962358845671268,,,0.9999999968815982,-0.11061852623257962,,0.9910434393193014,,,0.9270367054610564,0.0761307657859382,
G_affymetrix_only__knn__13_fsmvn__post1,G_affymetrix_only,knn,13_fsmvn,True,medium,False,False,False,True,False,0.0,,,0.6644323375407252,0.9010989010989012,,,1.0,-0.12790504372522704,,0.9583519928347515,,,0.9677708146821844,0.06717420510523958,
S0_no_removal__softimpute__18_rank__post0,S0_no_removal,softimpute,18_rank,False,high,False,False,False,False,False,11.0,24.0,0.5416666666666667,0.6639134295769406,0.7679087722929548,0.7989636363636364,0.928989770221462,0.8640096755642996,0.0,0.5002,0.664128974473802,0.9259429622815087,0.6531738730450782,0.28782452999104746,0.6094939543215405,0.8429162833486661
E2_iterative_r2__softimpute__31_ruv3prps__post1,E2_iterative_r2,softimpute,31_ruv3prps,True,medium,False,False,False,False,False,10.0,18.0,0.4444444444444444,0.6629414498488816,0.8530177525355248,0.77769,0.9483806194378706,0.9999975858320994,-0.07489844492505332,0.2737,0.8849081952530229,0.8569457221711132,0.8670653173873045,0.8695165622202328,0.11374832064487236,0.38546458141674333
C_rnaseq_only__strict__10_mnn__post1,C_rnaseq_only,strict,10_mnn,True,medium,False,True,False,False,False,5.0,5.0,0.0,0.6624608567957274,0.7979796126363434,0.79798,0.964622172362024,-0.0452667977388249,-0.02273509308149868,0.6602,0.7501119570085087,0.922723091076357,0.9590616375344986,0.021933751119068933,0.32691446484549935,0.9940202391904324
F_microarray_only__strict__25_angel__post0,F_microarray_only,strict,25_angel,False,high,False,False,False,False,False,6.0,18.0,0.6666666666666667,0.6623428099564372,0.7802691452819216,0.7889333333333334,0.8847520217489576,0.937175842831026,0.021810821378302203,0.443,0.7062248096730855,0.8965041398344066,0.3951241950321987,0.4905998209489705,0.8101209135691895,0.6754829806807727
H_affymetrix_extended__softimpute__25_angel__post1,H_affymetrix_extended,softimpute,25_angel,True,high,False,True,False,False,False,6.0,11.0,0.4545454545454546,0.6621551703179055,0.9067030334366522,0.8362333333333334,0.9223603503073812,0.8951071028110796,-0.03915873188704644,0.4997,0.967756381549485,0.9825206991720331,0.6131554737810487,0.3334825425246195,0.2413793103448276,0.8346366145354186
D_malignant_only__strict__31_ruv3prps__post1,D_malignant_only,strict,31_ruv3prps,True,medium,False,False,False,False,False,10.0,17.0,0.4117647058823529,0.6618016057004218,0.7738309648032757,0.76267,0.9205089294907745,0.9999940843226464,-0.0009208410175039483,0.3333,0.6878638602776533,0.8008279668813247,0.6009659613615456,0.8357206803939122,0.5378414688759516,0.5075896964121435
I_rare_batches_removed__strict__15_fsqn_py__post1,I_rare_batches_removed,strict,15_fsqn_py,True,high,False,False,False,False,False,9.0,14.0,0.3571428571428571,0.6611386191056473,0.8391924679809456,0.7547777777777778,0.9186481132053304,0.9123791799018104,-0.00012258176961310596,0.4706,0.8526645768025078,0.7736890524379025,0.5864765409383624,0.41942703670546105,0.5700850873264667,0.764489420423183
H_affymetrix_extended__knn__16_fsqn_r__post1,H_affymetrix_extended,knn,16_fsqn_r,True,high,False,False,False,False,False,5.0,11.0,0.5454545454545454,0.6597253639816189,0.827248742734794,0.77378,0.828420098185385,0.9994173065620514,0.0005500884324656785,0.4354,0.8201970443349754,0.8410763569457221,0.16766329346826128,0.7987914055505819,0.6648007165248545,0.6658233670653174
H_affymetrix_extended__knn__27_dwd__post1,H_affymetrix_extended,knn,27_dwd,True,medium,False,False,False,False,False,5.0,11.0,0.5454545454545454,0.6597253639816189,0.827248742734794,0.77378,0.828420098185385,0.9994173065620514,0.0005500884324656785,0.4354,0.8201970443349754,0.8410763569457221,0.16766329346826128,0.7987914055505819,0.6648007165248545,0.6658233670653174
E2_iterative_r2__knn__05_combat__post0,E2_iterative_r2,knn,05_combat,False,medium,False,True,False,False,False,11.0,19.0,0.42105263157894735,0.6596443073621985,0.8558908593916291,0.7545636363636364,0.930983442857948,0.978092862436744,0.011499425747612091,0.2282,0.8889386475593373,0.7732290708371665,0.672033118675253,0.5411817367949866,0.7657859381997313,0.31669733210671575
C_rnaseq_only__strict__14_qsmooth__post0,C_rnaseq_only,strict,14_qsmooth,False,high,False,False,False,False,False,5.0,6.0,0.16666666666666663,0.6595710069103017,0.7307311519947453,0.67814,0.9788395824045004,0.9096490253404476,6.836419763622814e-08,0.5077,0.5602328705776982,0.5114995400183993,0.9912603495860166,0.39883616830796775,0.6368114643976713,0.858785648574057
H_affymetrix_extended__strict__18_rank__post0,H_affymetrix_extended,strict,18_rank,False,high,False,False,False,False,False,6.0,12.0,0.5,0.6591176463659618,0.8338003507659494,0.7338166666666667,0.8954881331369409,0.9145419117183052,0.0,0.5381,0.8428123600537394,0.7019319227230911,0.45354185832566696,0.4297224709042077,0.6094939543215405,0.9172033118675254
C_rnaseq_only__strict__17_quantile__post1,C_rnaseq_only,strict,17_quantile,True,high,False,False,False,True,False,4.0,5.0,0.19999999999999996,0.6588224184721488,0.7518660117306125,0.704925,0.89796903932963,0.8831344117164663,0.09723167954994394,0.6295,0.6135244066278549,0.6034958601655934,0.4678012879484821,0.3267681289167413,0.9579041648007165,0.983440662373505
C_rnaseq_only__strict__14_qsmooth__post1,C_rnaseq_only,strict,14_qsmooth,True,high,False,False,False,True,False,4.0,5.0,0.19999999999999996,0.6582850253415246,0.7194446388059287,0.671725,0.9309630170067156,0.8881212945915705,0.09663845583825337,0.6032,0.5270935960591133,0.4908003679852806,0.671573137074517,0.3303491495076097,0.9561128526645768,0.9737810487580497
E3_iterative_r3__strict__20_shambhala__post0,E3_iterative_r3,strict,20_shambhala,False,high,False,False,False,False,False,10.0,18.0,0.4444444444444444,0.6580179447366544,0.8117030787523463,0.79621,0.9488838821064972,0.8564155105379195,-0.043254281853142174,0.527,0.7886251679355127,0.9181232750689973,0.8725850965961361,0.25828111011638316,0.21674876847290642,0.8937442502299908
A_confirmed_bad__strict__15_fsqn_py__post0,A_confirmed_bad,strict,15_fsqn_py,False,high,False,False,True,False,False,11.0,21.0,0.47619047619047616,0.6576468497968327,0.8083428234754515,0.7552363636363637,0.9481286184268458,0.91067378054409,-0.00025757742788568017,0.3801,0.7796686072548141,0.7755289788408464,0.8574057037718491,0.40868397493285585,0.5615763546798029,0.563017479300828
D_malignant_only__softimpute__25_angel__post1,D_malignant_only,softimpute,25_angel,True,high,False,False,False,False,False,10.0,17.0,0.4117647058823529,0.6574633528175301,0.7716835544150449,0.75522,0.940356605956724,0.9412035221626858,0.011506316971601205,0.3125,0.6793551276309897,0.7750689972401104,0.7727690892364305,0.4959713518352731,0.7662337662337663,0.45538178472861085
D_malignant_only__knn__31_ruv3prps__post1,D_malignant_only,knn,31_ruv3prps,True,medium,False,False,False,False,False,10.0,17.0,0.4117647058823529,0.6572861041745487,0.7337606437847616,0.74383,0.938629404945807,0.9999948555236088,-0.0007687324124712736,0.3333,0.5647111509180475,0.7313707451701932,0.7552897884084636,0.8415398388540735,0.5432154052843708,0.5075896964121435
B_extended_bad__softimpute__31_ruv3prps__post1,B_extended_bad,softimpute,31_ruv3prps,True,medium,False,False,True,False,False,10.0,15.0,0.33333333333333337,0.6568630668279982,0.7761933166773178,0.7811600000000001,0.9428541933400234,0.999997424292836,-0.06640618283660693,0.3858,0.6959247648902821,0.8721251149954001,0.8031278748850046,0.8679498657117278,0.13121361397223466,0.5708371665133395
H_affymetrix_extended__strict__08_inmoose_combatseq__post0,H_affymetrix_extended,strict,08_inmoose_combatseq,False,medium,False,False,False,False,False,6.0,12.0,0.5,0.6566901436773276,0.9030972699208198,0.8101166666666667,0.8809052428036466,0.8344206634722243,0.004335354791974166,0.4615,0.961038961038961,0.9471021159153634,0.3693652253909844,0.20501342882721577,0.7225705329153606,0.735050597976081
F_microarray_only__knn__06_combat_seq__post0,F_microarray_only,knn,06_combat_seq,False,medium,False,False,False,False,False,6.0,18.0,0.6666666666666667,0.6564740212049671,0.9137935022780544,0.7421166666666666,0.9002930668070535,0.8341944952538438,0.016389308019658155,0.4743,0.9713390058217645,0.7258509659613616,0.47930082796688134,0.20411817367949867,0.7863860277653381,0.7718491260349586
E2_iterative_r2__strict__20_shambhala__post0,E2_iterative_r2,strict,20_shambhala,False,high,False,False,False,False,False,11.0,19.0,0.42105263157894735,0.6562877553886882,0.7999889427384301,0.7849545454545453,0.9513033531518172,0.8560242148293389,-0.04189820999967098,0.5361,0.7532467532467533,0.8873045078196872,0.906163753449862,0.25559534467323186,0.22212270488132557,0.9132934682612696
E1_iterative_r1__softimpute__31_ruv3prps__post1,E1_iterative_r1,softimpute,31_ruv3prps,True,medium,False,False,False,False,False,10.0,19.0,0.4736842105263158,0.6560717005355224,0.8568614578255819,0.7652599999999999,0.9482853566402414,0.999997635307224,-0.07319839767636016,0.2737,0.890729959695477,0.8095676172953082,0.8629254829806807,0.8708594449418084,0.11688311688311688,0.38546458141674333
H_affymetrix_extended__strict__06_combat_seq__post0,H_affymetrix_extended,strict,06_combat_seq,False,medium,False,False,False,False,False,6.0,12.0,0.5,0.6560001044561649,0.901805860180184,0.8075333333333333,0.8810247900083162,0.8344617254570632,0.004335354791974166,0.4615,0.9601433049708912,0.9415823367065317,0.37074517019319225,0.20590868397493287,0.7225705329153606,0.735050597976081
A_confirmed_bad__strict__17_quantile__post1,A_confirmed_bad,strict,17_quantile,True,high,False,False,True,False,False,11.0,20.0,0.44999999999999996,0.6559358637315543,0.8019876557118737,0.7563454545454547,0.9483076897478344,0.9101562751424204,-0.0020673532583149745,0.4137,0.7608598298253471,0.781048758049678,0.8643054277828887,0.40331244404655325,0.5064935064935064,0.6195952161913524
D_malignant_only__strict__01_raw__post0,D_malignant_only,strict,01_raw,False,low,False,False,False,False,True,10.0,18.0,0.4444444444444444,0.65590034261553,0.7113524031469458,0.73929,0.9255073061718664,1.0,0.0,0.3333,0.5069413345275414,0.7152713891444342,0.6283348666053358,0.9677708146821844,0.6094939543215405,0.5075896964121435
H_affymetrix_extended__strict__04_sva__post1,H_affymetrix_extended,strict,04_sva,True,low,False,False,False,False,False,5.0,11.0,0.5454545454545454,0.6557296243884877,0.8284718582681422,0.7117,0.8445691556566455,0.9978707220767172,0.0016240858833833638,0.4939,0.825794894760412,0.6278748850045999,0.20929162833486661,0.7502238137869293,0.6936856247201075,0.827506899724011
C_rnaseq_only__knn__19_tdm__post0,C_rnaseq_only,knn,19_tdm,False,high,False,False,False,False,False,5.0,6.0,0.16666666666666663,0.6553588113899721,0.7077430368584156,0.66136,0.9595615443467916,0.9831269975062324,-0.0005127244419905752,0.5386,0.49843260188087773,0.4558417663293468,0.9489420423183073,0.5541629364368845,0.5566502463054187,0.9181232750689973
D_malignant_only__softimpute__18_rank__post1,D_malignant_only,softimpute,18_rank,True,high,False,False,False,False,False,10.0,17.0,0.4117647058823529,0.6552702579687438,0.7705557250982575,0.75898,0.9437519521775256,0.9283902558587644,0.0025044157272237078,0.3226,0.6757725033587103,0.7897884084636615,0.8100275988960441,0.4655326768128917,0.7093596059113301,0.48114075436982523
I_rare_batches_removed__strict__17_quantile__post1,I_rare_batches_removed,strict,17_quantile,True,high,False,False,False,False,False,9.0,14.0,0.3571428571428571,0.6552699904118847,0.8349113018836148,0.7481111111111111,0.9176169478661874,0.9123761324073508,-0.00011653657536442319,0.4706,0.8450515002239141,0.7525298988040479,0.5800367985280589,0.41897940913160253,0.5705329153605015,0.764489420423183
D_malignant_only__knn__08_inmoose_combatseq__post1,D_malignant_only,knn,08_inmoose_combatseq,True,medium,False,False,False,False,False,10.0,17.0,0.4117647058823529,0.654204533002317,0.8210013909421162,0.69576,0.9508556385213,0.8571160670758111,0.07019294932089348,0.32,0.8087774294670846,0.5671573137074517,0.8988040478380864,0.26320501342882724,0.9160322436184505,0.47125114995400186
F_microarray_only__strict__25_angel__post1,F_microarray_only,strict,25_angel,True,high,False,False,False,False,False,6.0,17.0,0.6470588235294117,0.6537881317266975,0.7690995067500609,0.7888333333333334,0.8862979705578315,0.9360975762140152,0.01704784534614162,0.443,0.6717420510523959,0.8955841766329347,0.40248390064397427,0.486123545210385,0.7913121361397224,0.6754829806807727
A_confirmed_bad__softimpute__14_qsmooth__post1,A_confirmed_bad,softimpute,14_qsmooth,True,high,False,False,True,False,False,11.0,20.0,0.44999999999999996,0.6537594938143929,0.852927374199736,0.8011636363636363,0.9527731563204616,0.8565285026013127,-0.0783875161945135,0.4965,0.8840125391849529,0.9305427782888684,0.921803127874885,0.25872873769024174,0.09628302731751008,0.8311867525298988
C_rnaseq_only__knn__19_tdm__post1,C_rnaseq_only,knn,19_tdm,True,high,False,False,False,True,False,4.0,5.0,0.19999999999999996,0.6534767161511298,0.7066815896019675,0.6432249999999999,0.9388469160928072,0.9757155697264476,0.05170812792763446,0.5063,0.4948499776085983,0.40248390064397427,0.7589696412143514,0.5331244404655326,0.8790864308105687,0.8523459061637535
H_affymetrix_extended__softimpute__18_rank__post1,H_affymetrix_extended,softimpute,18_rank,True,high,False,False,False,False,False,6.0,11.0,0.4545454545454546,0.6534468893243337,0.8747220619720566,0.81015,0.9004808165314963,0.8402685192227158,-0.00461116013080809,0.521,0.9207344379758173,0.9475620975160993,0.4797608095676173,0.22023276633840644,0.4729064039408867,0.8794848206071757
F_microarray_only__strict__18_rank__post0,F_microarray_only,strict,18_rank,False,high,False,False,False,False,False,6.0,18.0,0.6666666666666667,0.6532955643130764,0.7859339405729204,0.75185,0.8960602542959532,0.921318020368818,0.0,0.5406,0.718987908643081,0.7642594296228151,0.4560717571297148,0.45053715308863024,0.6094939543215405,0.9204231830726771
K_ffpe_only__strict__06_combat_seq__post1,K_ffpe_only,strict,06_combat_seq,True,medium,False,False,False,True,False,3.0,7.0,0.5714285714285714,0.6528506480076707,0.8415874103489529,0.6303333333333333,0.9360987177770088,0.8594137268145229,0.44266829261481905,0.4531,0.8566950291088222,0.36614535418583255,0.7286108555657773,0.2723813786929275,0.997089117778773,0.6961821527138914
K_ffpe_only__strict__04_sva__post0,K_ffpe_only,strict,04_sva,False,low,True,False,False,True,False,3.0,8.0,0.625,0.6523847922660164,0.7762756590760362,0.7478333333333333,0.8962005608548188,0.7058904386205108,0.09196727821623912,0.5414,0.6963725929243171,0.7520699172033118,0.4567617295308188,0.13742166517457474,0.948499776085983,0.9231830726770929
D_malignant_only__knn__06_combat_seq__post0,D_malignant_only,knn,06_combat_seq,False,medium,False,True,False,False,False,10.0,18.0,0.4444444444444444,0.6519378867114776,0.8431127321316896,0.7175900000000001,0.941063328514172,0.8583180830803113,0.060125500302929846,0.3103,0.8611733094491715,0.6522539098436062,0.7861085556577737,0.26857654431512984,0.893193013882669,0.4503219871205152
I_rare_batches_removed__softimpute__18_rank__post0,I_rare_batches_removed,softimpute,18_rank,False,high,False,False,False,False,False,9.0,15.0,0.4,0.6514939350092526,0.7818316962576495,0.7795444444444445,0.935592468269816,0.8670537167178135,0.0,0.454,0.7107030900134348,0.8661453541858326,0.7180312787488501,0.30035810205908686,0.6094939543215405,0.704231830726771
A_confirmed_bad__strict__15_fsqn_py__post1,A_confirmed_bad,strict,15_fsqn_py,True,high,False,False,True,False,False,11.0,20.0,0.44999999999999996,0.6513400655030656,0.8013941726392287,0.7564909090909091,0.9484955051475924,0.9101660541331836,-0.002066807561963868,0.3966,0.7590685176892074,0.7819687212511499,0.8698252069917203,0.40376007162041183,0.5069413345275414,0.5864765409383624
S0_no_removal__knn__01_raw__post1,S0_no_removal,knn,01_raw,True,low,False,False,False,False,True,11.0,23.0,0.5217391304347826,0.6505605494898344,0.7631780151484426,0.7109090909090909,0.9045423664434686,1.0,-0.0006007113881488224,0.4016,0.6506941334527542,0.6241950321987121,0.5078196872125115,0.9677708146821844,0.5530676220331393,0.5998160073597056
E1_iterative_r1__softimpute__08_inmoose_combatseq__post0,E1_iterative_r1,softimpute,08_inmoose_combatseq,False,medium,False,False,False,False,False,11.0,20.0,0.44999999999999996,0.6505210630151832,0.8891652871429541,0.804390909090909,0.9507522446212388,0.8620182029818085,-0.05743605328606283,0.4466,0.948051948051948,0.936982520699172,0.8969641214351426,0.2822291853178156,0.15651589789520823,0.6823827046918123
K_ffpe_only__strict__08_inmoose_combatseq__post1,K_ffpe_only,strict,08_inmoose_combatseq,True,medium,False,False,False,True,False,3.0,7.0,0.5714285714285714,0.6500059924253314,0.8419369557256337,0.6311666666666667,0.9343644896978556,0.8594137268145229,0.44266829261481905,0.4531,0.8584863412449619,0.37120515179392827,0.7046918123275069,0.2723813786929275,0.997089117778773,0.6961821527138914
C_rnaseq_only__strict__23_vst__post1,C_rnaseq_only,strict,23_vst,True,low,False,False,False,False,False,5.0,5.0,0.0,0.6498157378910674,0.6995956280768973,0.6996,0.9767161097533344,0.8450155090951601,0.006580294434446965,0.5244,0.48231079265562027,0.5809567617295308,0.983900643974241,0.22918531781557744,0.7389162561576355,0.8836246550137995
E1_iterative_r1__softimpute__06_combat_seq__post0,E1_iterative_r1,softimpute,06_combat_seq,False,medium,False,False,False,False,False,11.0,20.0,0.44999999999999996,0.6497645549862074,0.8881189099562157,0.8024909090909091,0.9507299436750324,0.8620182029818085,-0.05743605328606283,0.4466,0.9458128078817734,0.9351425942962281,0.8965041398344066,0.2822291853178156,0.15651589789520823,0.6823827046918123
E3_iterative_r3__softimpute__31_ruv3prps__post0,E3_iterative_r3,softimpute,31_ruv3prps,False,medium,False,False,False,False,False,10.0,18.0,0.4444444444444444,0.6496410877000595,0.8356205918050631,0.7699100000000001,0.9482614250969872,0.9999975858320994,-0.07604547565348607,0.2737,0.8459471562919839,0.8256669733210672,0.8610855565777369,0.8695165622202328,0.11016569637259292,0.38546458141674333
H_affymetrix_extended__softimpute__04_sva__post0,H_affymetrix_extended,softimpute,04_sva,False,low,False,False,False,False,False,6.0,12.0,0.5,0.6496394061182625,0.8563115832889788,0.7844666666666668,0.8519996482258924,0.9975764218101092,-0.04877812040090729,0.5667,0.8898343036274071,0.8850045998160073,0.23827046918123276,0.7448522829006267,0.18495297805642633,0.9549218031278749
E1_iterative_r1__softimpute__04_sva__post1,E1_iterative_r1,softimpute,04_sva,True,low,False,False,False,False,False,10.0,19.0,0.4736842105263158,0.6485466530988777,0.8658350813284633,0.7801400000000001,0.9483525427885376,0.997622347559728,-0.06957246623988134,0.2737,0.9041648007165248,0.8675252989880404,0.8652253909843606,0.7466427931960609,0.12225705329153605,0.38546458141674333
C_rnaseq_only__strict__09_ruv__post1,C_rnaseq_only,strict,09_ruv,True,medium,False,False,False,True,False,4.0,5.0,0.19999999999999996,0.6472508988659819,0.7338805851893451,0.68975,0.9574976106972498,0.8055194111079435,0.022475098044888453,0.4971,0.5656068069861173,0.5446182152713891,0.9461821527138914,0.18397493285586392,0.8110165696372593,0.8321067157313707
I_rare_batches_removed__strict__31_ruv3prps__post1,I_rare_batches_removed,strict,31_ruv3prps,True,medium,False,False,False,False,False,9.0,14.0,0.3571428571428571,0.6466173223486118,0.8030120268891164,0.7214555555555555,0.9341000729160792,0.7639136808243718,0.033173376173610686,0.4626,0.7657859381997313,0.6642134314627415,0.7019319227230911,0.16159355416293644,0.8414688759516346,0.7447102115915364
D_malignant_only__knn__08_inmoose_combatseq__post0,D_malignant_only,knn,08_inmoose_combatseq,False,medium,False,True,False,False,False,10.0,18.0,0.4444444444444444,0.6465292396184509,0.8396912632126748,0.71144,0.9410752152386308,0.8583180429741878,0.060125500302929846,0.3103,0.8540080609046127,0.6269549218031278,0.7865685372585096,0.26812891674127126,0.893193013882669,0.4503219871205152
G_affymetrix_only__strict__09_ruv__post0,G_affymetrix_only,strict,09_ruv,False,medium,False,False,False,True,False,2.0,3.0,0.33333333333333337,0.6460698963736492,0.7347510702025453,0.6735500000000001,0.9756484048929968,0.6893028144411181,0.019093247121113766,0.528,0.567845947156292,0.4954001839926403,0.9825206991720331,0.12802148612354522,0.8047469771607703,0.8978840846366145
E2_iterative_r2__softimpute__08_inmoose_combatseq__post0,E2_iterative_r2,softimpute,08_inmoose_combatseq,False,medium,False,False,False,False,False,11.0,19.0,0.42105263157894735,0.6455179026759784,0.8820624522967772,0.8021999999999999,0.9504387509548308,0.8631766499128125,-0.058752617199184176,0.4466,0.9337214509628303,0.9333026678932843,0.891674333026679,0.2853625783348254,0.14666368114643977,0.6823827046918123
J_ff_only__softimpute__19_tdm__post1,J_ff_only,softimpute,19_tdm,True,high,False,False,False,False,False,7.0,14.0,0.5,0.6454684637316227,0.7575027020318608,0.72,0.9381051832289125,0.9684953162141968,-0.00111985698623851,0.4749,0.6377071204657412,0.6609935602575897,0.7479300827966882,0.5183527305282005,0.5302283922973579,0.7775988960441582
F_microarray_only__strict__17_quantile__post1,F_microarray_only,strict,17_quantile,True,high,False,False,False,False,False,6.0,17.0,0.6470588235294117,0.6447620996385798,0.8307558352791982,0.7262333333333334,0.8673401175745796,0.9191037831081856,0.0048029767247442234,0.5223,0.8343036274070756,0.6780128794848206,0.3042778288868445,0.44427036705461054,0.72615315718764,0.8815547378104875
D_malignant_only__strict__36_explobatch__post0,D_malignant_only,strict,36_explobatch,False,medium,False,False,False,False,False,10.0,18.0,0.4444444444444444,0.6445323738900871,0.7113379428584987,0.7395400000000001,0.9255079298169974,0.9999999102534058,0.0,0.3333,0.5064935064935064,0.7166513339466422,0.6290248390064398,0.8979409131602507,0.6094939543215405,0.5075896964121435
A_confirmed_bad__softimpute__06_combat_seq__post0,A_confirmed_bad,softimpute,06_combat_seq,False,medium,False,False,True,False,False,11.0,21.0,0.47619047619047616,0.6443987230149008,0.8811799796364312,0.7791636363636364,0.945752794311364,0.8582321630338491,-0.05649654688568956,0.4886,0.932154052843708,0.8626954921803128,0.828196872125115,0.2665622202327663,0.1605463502015226,0.8162373505059798
A_confirmed_bad__softimpute__08_inmoose_combatseq__post0,A_confirmed_bad,softimpute,08_inmoose_combatseq,False,medium,False,False,True,False,False,11.0,21.0,0.47619047619047616,0.6443987230149008,0.8811799796364312,0.7791636363636364,0.945752794311364,0.8582321630338491,-0.05649654688568956,0.4886,0.932154052843708,0.8626954921803128,0.828196872125115,0.2665622202327663,0.1605463502015226,0.8162373505059798
E2_iterative_r2__softimpute__04_sva__post1,E2_iterative_r2,softimpute,04_sva,True,low,False,False,False,False,False,10.0,18.0,0.4444444444444444,0.6443325899056537,0.8563705706317808,0.7786500000000001,0.948306235161557,0.9975837885727958,-0.0715177662909317,0.2737,0.890282131661442,0.8610855565777369,0.8638454461821528,0.7452999104744852,0.1200179131213614,0.38546458141674333
D_malignant_only__strict__25_angel__post0,D_malignant_only,strict,25_angel,False,high,False,False,False,False,False,10.0,18.0,0.4444444444444444,0.6442557796487184,0.7135487826161412,0.74961,0.9353536047224092,0.9424952034902424,0.047201983093483946,0.3333,0.5141065830721003,0.7562097516099356,0.7148114075436982,0.4991047448522829,0.8737124944021496,0.5075896964121435
E2_iterative_r2__strict__17_quantile__post0,E2_iterative_r2,strict,17_quantile,False,high,False,False,False,False,False,11.0,19.0,0.42105263157894735,0.6437887226674377,0.8180688186582704,0.745090909090909,0.9530131301663474,0.9104792580823194,0.0008872990492078126,0.2292,0.8011643528884909,0.7368905243790248,0.9250229990800368,0.40599820948970455,0.6744290192566055,0.31922723091076355
F_microarray_only__strict__15_fsqn_py__post1,F_microarray_only,strict,15_fsqn_py,True,high,False,False,False,False,False,6.0,17.0,0.6470588235294117,0.643773575214786,0.8303313456441161,0.72465,0.8673401175745796,0.9191037831081856,0.0048029767247442234,0.5223,0.8325123152709359,0.6738730450781969,0.3042778288868445,0.44427036705461054,0.72615315718764,0.8815547378104875
F_microarray_only__softimpute__19_tdm__post1,F_microarray_only,softimpute,19_tdm,True,high,False,False,False,False,False,6.0,17.0,0.6470588235294117,0.6432602733125484,0.8125047318429074,0.7516666666666666,0.8209174789709905,0.9855694263705452,0.006298290269830031,0.5025,0.7913121361397224,0.7631094756209752,0.15363385464581417,0.5680393912264996,0.7380206000895656,0.8454461821527139
D_malignant_only__softimpute__06_combat_seq__post1,D_malignant_only,softimpute,06_combat_seq,True,medium,False,False,False,False,False,10.0,17.0,0.4117647058823529,0.643107909578252,0.8431708548164835,0.73339,0.9472293134629536,0.8653918177141889,0.0662665768453945,0.1818,0.8616211374832065,0.6996320147194113,0.8459061637534498,0.29409131602506716,0.90371697268249,0.2536798528058878
F_microarray_only__strict__14_qsmooth__post1,F_microarray_only,strict,14_qsmooth,True,high,False,False,False,False,False,6.0,17.0,0.6470588235294117,0.6427662525780168,0.8441642479554224,0.7396666666666666,0.9008061168613016,0.9190394541861222,0.0049365619565431285,0.4119,0.8656515897895208,0.7180312787488501,0.4834406623735051,0.44359892569382275,0.7299596954769368,0.6159153633854646
A_confirmed_bad__softimpute__18_rank__post0,A_confirmed_bad,softimpute,18_rank,False,high,False,False,True,False,False,11.0,21.0,0.47619047619047616,0.6415631587410853,0.8202703062481262,0.7902818181818181,0.8759753972557941,0.8538397374562914,0.0,0.5544,0.8083296014330497,0.8992640294388224,0.33946642134314625,0.2466427931960609,0.6094939543215405,0.9461821527138914
C_rnaseq_only__softimpute__18_rank__post1,C_rnaseq_only,softimpute,18_rank,True,high,False,False,False,True,False,4.0,5.0,0.19999999999999996,0.6412303104165075,0.714516624157022,0.6637,0.9462516213125806,0.8993647620477483,0.08397292699727266,0.4658,0.51589789520824,0.4609015639374425,0.8316467341306347,0.34735899731423453,0.9408866995073891,0.7506899724011039
E3_iterative_r3__softimpute__04_sva__post0,E3_iterative_r3,softimpute,04_sva,False,low,False,False,False,False,False,10.0,18.0,0.4444444444444444,0.6410991241072891,0.8426281392190152,0.78095,0.9483311815341324,0.9976089979729844,-0.07256002083644575,0.2737,0.8607254814151366,0.8716651333946642,0.8647654093836247,0.7457475380483438,0.11822660098522167,0.38546458141674333
E3_iterative_r3__knn__25_angel__post0,E3_iterative_r3,knn,25_angel,False,high,False,False,False,False,False,10.0,18.0,0.4444444444444444,0.6408731277264338,0.7929378347148494,0.78948,0.9284039450727016,0.9100031532339602,-0.02207702966028091,0.4901,0.7389162561576355,0.8978840846366145,0.6490340386384544,0.40152193375111905,0.33497536945812806,0.8229070837166513
D_malignant_only__softimpute__08_inmoose_combatseq__post1,D_malignant_only,softimpute,08_inmoose_combatseq,True,medium,False,False,False,False,False,10.0,17.0,0.4117647058823529,0.6407556785178811,0.8414483687829096,0.7304700000000001,0.9472130474604604,0.8653918162813153,0.06626664978160396,0.1818,0.8562472010747872,0.6913523459061638,0.8454461821527139,0.2936436884512086,0.9041648007165248,0.2536798528058878
A_confirmed_bad__softimpute__31_ruv3prps__post1,A_confirmed_bad,softimpute,31_ruv3prps,True,medium,False,False,True,False,False,10.0,20.0,0.5,0.6405594959317589,0.8495999205104836,0.7567600000000001,0.9454142342823956,0.9999976827949504,-0.0722673784775934,0.2615,0.8755038065382893,0.7838086476540939,0.8242870285188593,0.8726499552372426,0.11912225705329153,0.36798528058877644
D_malignant_only__strict__31_ruv3prps__post0,D_malignant_only,strict,31_ruv3prps,False,medium,False,False,False,False,False,10.0,18.0,0.4444444444444444,0.6399940604602554,0.7115500118311231,0.7397400000000001,0.9255079298169974,0.9999942360066808,1.0751034532074932e-06,0.3333,0.5078369905956113,0.718951241950322,0.6290248390064398,0.8379588182632051,0.638602776533811,0.5075896964121435
S0_no_removal__softimpute__18_rank__post1,S0_no_removal,softimpute,18_rank,True,high,False,False,False,False,False,11.0,23.0,0.5217391304347826,0.6396250924361,0.7575860249282909,0.7979727272727272,0.9287683884447968,0.8659575476327196,-0.0034512702631122605,0.5002,0.638154948499776,0.922263109475621,0.6499540018399264,0.29588182632050136,0.4885803851321093,0.8429162833486661
S0_no_removal__knn__04_sva__post1,S0_no_removal,knn,04_sva,True,low,False,False,False,False,False,11.0,23.0,0.5217391304347826,0.6394463392660358,0.7645136431698635,0.7133818181818182,0.90477454620954,0.9975698158382706,0.001477987849849094,0.4016,0.6542767577250336,0.6361545538178472,0.5105795768169273,0.7444046553267681,0.6914464845499328,0.5998160073597056
H_affymetrix_extended__strict__17_quantile__post0,H_affymetrix_extended,strict,17_quantile,False,high,False,False,False,False,False,6.0,12.0,0.5,0.6393384667949847,0.8144260814691203,0.7219333333333333,0.8980404584082955,0.9142368765642716,0.0007019841406661342,0.4875,0.7944469323779668,0.6651333946642134,0.468951241950322,0.4272605192479857,0.6688311688311688,0.8114075436982521
I_rare_batches_removed__strict__18_rank__post0,I_rare_batches_removed,strict,18_rank,False,high,False,False,False,False,False,9.0,15.0,0.4,0.6386552052915979,0.7682414728214585,0.7566666666666666,0.9331990889106366,0.9159078397540604,0.0,0.426,0.6663681146439767,0.7833486660533578,0.6950321987120515,0.4350940017905103,0.6094939543215405,0.6425942962281509
S0_no_removal__knn__31_ruv3prps__post1,S0_no_removal,knn,31_ruv3prps,True,medium,False,False,False,False,False,11.0,23.0,0.5217391304347826,0.6386283054692218,0.7630514261724102,0.7107272727272728,0.9045469479191356,0.9988419834172428,0.0011914070347892047,0.4016,0.6491267353336319,0.6218951241950322,0.5089696412143514,0.7681289167412713,0.683833407971339,0.5998160073597056
C_rnaseq_only__softimpute__03_limma__post1,C_rnaseq_only,softimpute,03_limma,True,low,False,False,False,True,False,4.0,5.0,0.19999999999999996,0.638385927047531,0.6675766759117377,0.624925,0.967876959288704,0.9868387762795188,0.008742663441330456,0.4672,0.43752798925212716,0.34774609015639374,0.9659613615455381,0.5711727842435094,0.7510076130765786,0.7568997240110396
C_rnaseq_only__knn__04_sva__post0,C_rnaseq_only,knn,04_sva,False,low,True,False,False,False,False,5.0,6.0,0.16666666666666663,0.6383695238756971,0.7478075186851028,0.70804,0.9305854423825416,0.7784489156107313,0.06121178846772679,0.525,0.5982982534706672,0.6159153633854646,0.6660533578656854,0.1665174574753805,0.8952082400358262,0.8882244710211592
J_ff_only__knn__19_tdm__post1,J_ff_only,knn,19_tdm,True,high,False,False,False,False,False,7.0,14.0,0.5,0.6383001577851739,0.7269634333421571,0.7145857142857143,0.9448794308273928,0.968212683141126,-0.001121125469297879,0.4749,0.5459023734885804,0.641674333026679,0.8173873045078197,0.5174574753804835,0.5297805642633229,0.7775988960441582
E2_iterative_r2__strict__15_fsqn_py__post0,E2_iterative_r2,strict,15_fsqn_py,False,high,False,False,False,False,False,11.0,19.0,0.42105263157894735,0.6380290125905086,0.8149773682586541,0.7442636363636363,0.952118510782317,0.9104713672476386,0.0008850980949982601,0.2187,0.7957904164800716,0.7332106715731371,0.9167433302667893,0.40555058191584603,0.6739811912225705,0.30289788408463664
H_affymetrix_extended__strict__15_fsqn_py__post0,H_affymetrix_extended,strict,15_fsqn_py,False,high,False,False,False,False,False,6.0,12.0,0.5,0.6378919863649052,0.8127362865672781,0.7187666666666667,0.8980404584082955,0.9142368765642716,0.0007019841406661342,0.4875,0.7922077922077922,0.6586936522539099,0.468951241950322,0.4272605192479857,0.6688311688311688,0.8114075436982521
B_extended_bad__strict__20_shambhala__post1,B_extended_bad,strict,20_shambhala,True,high,False,False,True,False,False,9.0,15.0,0.4,0.6378919372641488,0.7853911795559124,0.7917111111111111,0.9431378573014444,0.861152858471229,-0.03081749721984406,0.4997,0.7174205105239588,0.9052437902483901,0.8068077276908924,0.2784243509400179,0.28481862964621585,0.8346366145354186
B_extended_bad__strict__20_shambhala__post0,B_extended_bad,strict,20_shambhala,False,high,False,False,True,False,False,10.0,16.0,0.375,0.6378247539365997,0.7625450560935327,0.775,0.9487348965238258,0.861296951281382,-0.03434165298654446,0.5361,0.6475593372145096,0.8482060717571297,0.8716651333946642,0.28066248880931066,0.26556202418271385,0.9132934682612696
E2_iterative_r2__softimpute__06_combat_seq__post0,E2_iterative_r2,softimpute,06_combat_seq,False,medium,False,False,False,False,False,11.0,19.0,0.42105263157894735,0.6371414688125986,0.8800067765907267,0.7986454545454545,0.9504387509548308,0.8631766499128125,-0.058752617199184176,0.4267,0.9296909986565159,0.9236430542778289,0.891674333026679,0.2853625783348254,0.14666368114643977,0.6458141674333027
E3_iterative_r3__knn__25_angel__post1,E3_iterative_r3,knn,25_angel,True,high,False,False,False,False,False,10.0,17.0,0.4117647058823529,0.6365171224689893,0.78132803925475,0.79014,0.9277614309689604,0.9108634255553631,-0.02181209764427794,0.4901,0.7089117778772951,0.8983440662373505,0.6425942962281509,0.41047448522829005,0.33587102552619796,0.8229070837166513
D_malignant_only__strict__04_sva__post0,D_malignant_only,strict,04_sva,False,low,False,False,False,False,False,10.0,18.0,0.4444444444444444,0.6365021158794145,0.7104273857372633,0.7379,0.925544422249412,0.9990873458875522,0.0010679129919348718,0.3333,0.5047021943573667,0.7125114995400184,0.6297148114075437,0.7837958818263205,0.6806986117330945,0.5075896964121435
E1_iterative_r1__strict__20_shambhala__post0,E1_iterative_r1,strict,20_shambhala,False,high,False,False,False,False,False,11.0,20.0,0.44999999999999996,0.6364879148034971,0.806590774437271,0.7806818181818183,0.9464774243875118,0.8562422835143841,-0.04264065674359119,0.5088,0.7760859829825347,0.8698252069917203,0.8339466421343146,0.25649059982094896,0.21988356471115092,0.8626954921803128
B_extended_bad__strict__19_tdm__post0,B_extended_bad,strict,19_tdm,False,high,False,False,True,False,False,10.0,16.0,0.375,0.6355457895492639,0.7409825523833393,0.74892,0.9375987361036008,0.9721356302208316,-0.0029261374693940745,0.4565,0.5799373040752351,0.7548298068077277,0.7442502299908004,0.5228290062667861,0.4975369458128079,0.7138914443422263
E3_iterative_r3__softimpute__31_ruv3prps__post1,E3_iterative_r3,softimpute,31_ruv3prps,True,medium,False,False,False,False,False,10.0,17.0,0.4117647058823529,0.6355318425063666,0.8400106234008108,0.72916,0.9368907936268897,0.9999975342421294,-0.07587931575941453,0.3753,0.8544558889386475,0.6862925482980681,0.735510579576817,0.868845120859445,0.11150918047469771,0.5565777368905244
F_microarray_only__knn__04_sva__post0,F_microarray_only,knn,04_sva,False,low,False,False,False,False,False,6.0,18.0,0.6666666666666667,0.6345393545834735,0.7497798038729352,0.7614000000000001,0.84782495642396,0.998606605032006,-0.00010307533786479972,0.5066,0.6041200179131213,0.7953081876724931,0.22079116835326587,0.761414503133393,0.5718763994626064,0.8537258509659613
E1_iterative_r1__strict__17_quantile__post0,E1_iterative_r1,strict,17_quantile,False,high,False,False,False,False,False,11.0,20.0,0.44999999999999996,0.6343648048684417,0.8025055706799415,0.751209090909091,0.949341165899563,0.9120896654797214,0.0008707064595364633,0.2275,0.7644424540976265,0.7621895124195032,0.87442502299908,0.41718889883616833,0.6730855351545006,0.31485740570377185
C_rnaseq_only__knn__17_quantile__post0,C_rnaseq_only,knn,17_quantile,False,high,False,False,False,False,False,5.0,6.0,0.16666666666666663,0.6343541792189177,0.7289437716574118,0.6760200000000001,0.9707801066070784,0.9182161213650868,0.0009046278472594205,0.4315,0.5517241379310345,0.5055197792088316,0.9724011039558418,0.4422560429722471,0.6762203313927452,0.6580036798528058
F_microarray_only__knn__16_fsqn_r__post0,F_microarray_only,knn,16_fsqn_r,False,high,False,False,False,False,False,6.0,18.0,0.6666666666666667,0.6316285915257093,0.7506343898569479,0.7629666666666667,0.8480274243506148,0.9995075515672326,-0.002472331493636515,0.5066,0.6065830721003135,0.8024379024839007,0.22286108555657774,0.8025962399283796,0.5015673981191222,0.8537258509659613
G_affymetrix_only__strict__02_median_scaling__post1,G_affymetrix_only,strict,02_median_scaling,True,low,False,False,False,True,False,0.0,,,0.6314496892399525,0.7577639751552795,,,0.9999999856438044,-0.021676585310758056,,0.6390506045678459,,,0.918531781557744,0.3367666815942678,
D_malignant_only__strict__14_qsmooth__post1,D_malignant_only,strict,14_qsmooth,True,high,False,False,False,False,False,10.0,17.0,0.4117647058823529,0.630718693426005,0.7748807652605624,0.76264,0.9407445633953984,0.9276783679515788,-0.0009216780527017687,0.3333,0.6927899686520376,0.8003679852805887,0.7824287028518859,0.4637421665174575,0.5373936408419167,0.5075896964121435
K_ffpe_only__knn__05_combat__post0,K_ffpe_only,knn,05_combat,False,medium,False,False,False,True,False,3.0,8.0,0.625,0.6306560647583648,0.8770063066213697,0.6740333333333334,0.6945505850823568,0.9919586770578188,0.23279437721865026,0.4615,0.9254366323331841,0.49747010119595214,0.03242870285188593,0.6020590868397493,0.9914912673533364,0.735050597976081
K_ffpe_only__knn__29_combat_ref__post0,K_ffpe_only,knn,29_combat_ref,False,medium,False,False,False,True,False,3.0,8.0,0.625,0.6305068221570492,0.8770063066213697,0.6740333333333334,0.6945505850823568,0.9919532696141998,0.2327943749429523,0.4615,0.9254366323331841,0.49747010119595214,0.03242870285188593,0.6016114592658908,0.9910434393193014,0.735050597976081
H_affymetrix_extended__strict__14_qsmooth__post1,H_affymetrix_extended,strict,14_qsmooth,True,high,False,False,False,False,False,5.0,11.0,0.5454545454545454,0.6298808787402684,0.8484182102763875,0.66954,0.8911049879176028,0.9122092046794428,0.0056506763758504275,0.5051,0.8719211822660099,0.4816007359705612,0.4245630174793008,0.41808415398388543,0.7339901477832512,0.8491260349586016
B_extended_bad__strict__19_tdm__post1,B_extended_bad,strict,19_tdm,True,high,False,False,True,False,False,10.0,15.0,0.33333333333333337,0.6288519000113625,0.7846820195927277,0.72985,0.9325496343882494,0.9714353069207636,-0.004037178870778035,0.4466,0.716077026421854,0.6881324747010119,0.6867525298988041,0.5210384959713519,0.4787281683833408,0.6823827046918123
E1_iterative_r1__strict__15_fsqn_py__post0,E1_iterative_r1,strict,15_fsqn_py,False,high,False,False,False,False,False,11.0,20.0,0.44999999999999996,0.6288190353307712,0.8001237231610053,0.7488727272727274,0.9488517093968816,0.912081021932357,0.0008685565438324439,0.2187,0.7541424093148231,0.7543698252069917,0.8721251149954001,0.41674127126230975,0.6726377071204658,0.30289788408463664
E3_iterative_r3__softimpute__18_rank__post0,E3_iterative_r3,softimpute,18_rank,False,high,False,False,False,False,False,10.0,18.0,0.4444444444444444,0.6280276063214923,0.8284680482148263,0.78693,0.8673611122200514,0.8541859183112281,0.0,0.5265,0.825347066726377,0.890524379024839,0.3049678012879485,0.247538048343778,0.6094939543215405,0.890294388224471
S0_no_removal__knn__25_angel__post0,S0_no_removal,knn,25_angel,False,high,False,False,False,False,False,11.0,24.0,0.5416666666666667,0.6277911050221118,0.8263322191783233,0.7689545454545456,0.929188685817228,0.9125960577794964,-0.011614830828165501,0.4166,0.819525302283923,0.8210671573137075,0.6554737810487581,0.42032229185317815,0.42409314823107924,0.6262649494020239
D_malignant_only__softimpute__25_angel__post0,D_malignant_only,softimpute,25_angel,False,high,False,False,False,False,False,10.0,18.0,0.4444444444444444,0.6261291771897548,0.7253460541151019,0.75027,0.9375122068468432,0.9365012550593808,0.012778606904188305,0.3125,0.5400806090461263,0.7575896964121435,0.7424103035878565,0.4888093106535363,0.7725033587102552,0.45538178472861085
E1_iterative_r1__strict__19_tdm__post0,E1_iterative_r1,strict,19_tdm,False,high,False,False,False,False,False,11.0,20.0,0.44999999999999996,0.6259868790336341,0.7106373167216815,0.7319,0.950373768026092,0.9684804273790152,-0.003103629677588482,0.4286,0.5055978504254366,0.6950321987120515,0.890064397424103,0.517905102954342,0.4952978056426332,0.6520239190432383
F_microarray_only__strict__18_rank__post1,F_microarray_only,strict,18_rank,True,high,False,False,False,False,False,6.0,17.0,0.6470588235294117,0.6258218510847724,0.8316533132414591,0.7243333333333334,0.8790530429843846,0.919457413979962,0.004924154101489109,0.4559,0.8403493058665472,0.672723091076357,0.35533578656853726,0.44606087735004474,0.7277205553067622,0.7127414903403864
H_affymetrix_extended__strict__31_ruv3prps__post0,H_affymetrix_extended,strict,31_ruv3prps,False,medium,False,False,False,False,False,6.0,12.0,0.5,0.6255290737413126,0.8457703398982273,0.70505,0.9084583332610656,0.7782982612141014,0.07274098323714467,0.4344,0.8692342140618002,0.6048758049678012,0.5298988040478381,0.16606982990152194,0.9211822660098522,0.6619135234590616
S0_no_removal__knn__14_qsmooth__post1,S0_no_removal,knn,14_qsmooth,True,high,False,False,False,False,False,11.0,23.0,0.5217391304347826,0.6253881626085558,0.7838100701194751,0.7339909090909091,0.9236345168181288,0.9007248292385196,-0.0005996220811503861,0.4831,0.7147335423197492,0.702391904323827,0.6237350505979761,0.35183527305282003,0.5535154500671742,0.8061177552897885
C_rnaseq_only__knn__15_fsqn_py__post0,C_rnaseq_only,knn,15_fsqn_py,False,high,False,False,False,False,False,5.0,6.0,0.16666666666666663,0.6253143812612406,0.7178808689586864,0.66272,0.9738793008836432,0.9182191550911166,0.0009045420784653535,0.4391,0.5248544558889386,0.45722171113155474,0.9797608095676172,0.44270367054610565,0.6757725033587103,0.671573137074517
C_rnaseq_only__knn__14_qsmooth__post0,C_rnaseq_only,knn,14_qsmooth,False,high,False,False,False,False,False,5.0,6.0,0.16666666666666663,0.6251412490443143,0.7304758376387354,0.67786,0.9724995765086872,0.919200279340734,0.0,0.4283,0.5593372145096283,0.5105795768169273,0.9756209751609936,0.4449418084153984,0.6094939543215405,0.6508739650413984
G_affymetrix_only__strict__19_tdm__post1,G_affymetrix_only,strict,19_tdm,True,high,False,False,False,True,False,0.0,,,0.6249287197022819,0.555956678700361,,,0.9919647202109464,0.1449602434553317,,0.2897447380206001,,,0.6025067144136079,0.9825347066726378,
C_rnaseq_only__softimpute__19_tdm__post0,C_rnaseq_only,softimpute,19_tdm,False,high,False,False,False,False,False,5.0,6.0,0.16666666666666663,0.6243717769403808,0.747700827936488,0.7079000000000001,0.9370335264213232,0.9824934452276834,-0.02955071840096457,0.5584,0.5978504254366324,0.6154553817847286,0.7373505059797608,0.5514771709937332,0.29377519032691446,0.9503219871205152
C_rnaseq_only__strict__20_shambhala__post0,C_rnaseq_only,strict,20_shambhala,False,high,False,False,False,False,False,5.0,6.0,0.16666666666666663,0.6238756329631344,0.7468238672125014,0.69616,0.980988038490172,0.8461367921919176,-0.016097189432267567,0.6076,0.5947156291983878,0.5694572217111316,0.9963201471941122,0.229632945389436,0.3779668607254814,0.9751609935602575
S0_no_removal__softimpute__09_ruv__post0,S0_no_removal,softimpute,09_ruv,False,medium,False,False,False,False,False,11.0,24.0,0.5416666666666667,0.6238599293733419,0.7669036905096484,0.8017272727272728,0.9356619404994252,0.6710145871287143,-0.000876978134492723,0.474,0.6627854903716973,0.9314627414903404,0.7226310947562098,0.11459265890778872,0.5405284370801612,0.7711591536338547
A_confirmed_bad__softimpute__18_rank__post1,A_confirmed_bad,softimpute,18_rank,True,high,False,False,True,False,False,11.0,20.0,0.44999999999999996,0.6232092174912031,0.8119922168592263,0.7905454545454546,0.8785120358380111,0.8577330654896063,-0.0038985763653304195,0.5636,0.7890729959695477,0.9001839926402944,0.35096596136154556,0.26544315129811996,0.48096730855351544,0.952621895124195
S0_no_removal__knn__25_angel__post1,S0_no_removal,knn,25_angel,True,high,False,False,False,False,False,11.0,23.0,0.5217391304347826,0.6232045282998323,0.8195126036197438,0.7705454545454546,0.92931490521576,0.9117921913186722,-0.012403842532676124,0.4166,0.8038513210927004,0.828886844526219,0.6568537258509659,0.41405550581915845,0.40931482310792655,0.6262649494020239
E2_iterative_r2__softimpute__20_shambhala__post0,E2_iterative_r2,softimpute,20_shambhala,False,high,False,True,False,False,False,11.0,19.0,0.42105263157894735,0.6228047789424753,0.8663102734136264,0.7937000000000001,0.94129510989987,0.8004455266861946,-0.17491040495787485,0.5444,0.9050604567845947,0.9093836246550138,0.7879484820607175,0.17905102954341987,0.025302283922973578,0.9300827966881324
E1_iterative_r1__softimpute__20_shambhala__post0,E1_iterative_r1,softimpute,20_shambhala,False,high,False,True,False,False,False,11.0,20.0,0.44999999999999996,0.622595378186903,0.8749003324489827,0.7960909090909091,0.9407468584281674,0.7967559592874837,-0.17721486521199625,0.5444,0.9216300940438872,0.9176632934682613,0.7828886844526219,0.17457475380483437,0.008732646663681147,0.9300827966881324
B_extended_bad__knn__18_rank__post1,B_extended_bad,knn,18_rank,True,high,False,False,True,False,False,10.0,15.0,0.33333333333333337,0.6225900405120869,0.7378025579150744,0.7363,0.9564900560000092,0.9005729196226827,-0.00419222705529898,0.4506,0.5741155396327811,0.7065317387304508,0.9397424103035878,0.35004476275738583,0.4755933721450963,0.6895124195032198
F_microarray_only__knn__01_raw__post1,F_microarray_only,knn,01_raw,True,low,False,False,False,False,True,6.0,17.0,0.6470588235294117,0.6223239173489102,0.7717314028423019,0.6928666666666666,0.8447273036784884,1.0,0.010140764974763683,0.3792,0.6800268696820421,0.5558877644894205,0.21044158233670654,0.9677708146821844,0.75794894760412,0.5618675252989881
F_microarray_only__knn__36_explobatch__post1,F_microarray_only,knn,36_explobatch,True,medium,False,False,False,False,False,6.0,17.0,0.6470588235294117,0.6223239173489102,0.7717314028423019,0.6928666666666666,0.8447273036784884,1.0,0.010140764974763683,0.3792,0.6800268696820421,0.5558877644894205,0.21044158233670654,0.9677708146821844,0.75794894760412,0.5618675252989881
A_confirmed_bad__strict__19_tdm__post0,A_confirmed_bad,strict,19_tdm,False,high,False,False,True,False,False,11.0,21.0,0.47619047619047616,0.6218440918504564,0.682320289416597,0.7232545454545455,0.951485816207426,0.9763456467955492,-0.0014995265000220526,0.4286,0.45499328257948946,0.6692732290708372,0.9075436982520699,0.5344673231871083,0.5127630989699955,0.6520239190432383
G_affymetrix_only__softimpute__25_angel__post0,G_affymetrix_only,softimpute,25_angel,False,high,False,False,False,True,False,2.0,3.0,0.33333333333333337,0.6217332059146243,0.7427756784962479,0.6367,0.933636498930491,0.8570771320768084,0.050452298757381886,0.5401,0.5853112404836542,0.3850045998160074,0.6996320147194113,0.26275738585496866,0.8781907747424988,0.9195032198712052
H_affymetrix_extended__strict__20_shambhala__post1,H_affymetrix_extended,strict,20_shambhala,True,high,False,False,False,False,False,5.0,9.0,0.4444444444444444,0.6216167140862928,0.884051552923169,0.8006399999999999,0.9019179858846968,0.8609016568276168,-0.04717121573012184,0.527,0.9395432154052844,0.9291628334866605,0.49402023919043236,0.27797672336615936,0.19525302283922974,0.8937442502299908
E3_iterative_r3__softimpute__04_sva__post1,E3_iterative_r3,softimpute,04_sva,True,low,False,False,False,False,False,10.0,17.0,0.4117647058823529,0.6206340066190937,0.8471024608492516,0.74116,0.9366175061119536,0.9975578301080392,-0.07238292811866076,0.3538,0.8701298701298701,0.7221711131554738,0.7327506899724011,0.743509400179051,0.11867442901925661,0.5365685372585096
K_ffpe_only__knn__06_combat_seq__post0,K_ffpe_only,knn,06_combat_seq,False,medium,False,False,False,True,False,3.0,8.0,0.625,0.6203942301686483,0.8485157521768975,0.6263333333333333,0.9054847954886974,0.8630694945839487,0.457153867875874,0.4531,0.8730407523510971,0.3530358785648574,0.515639374425023,0.2846911369740376,0.9997760859829825,0.6961821527138914
A_confirmed_bad__strict__19_tdm__post1,A_confirmed_bad,strict,19_tdm,True,high,False,False,True,False,False,11.0,20.0,0.44999999999999996,0.6203225767512871,0.7018562098695725,0.7240454545454545,0.951235511345748,0.9758220113428444,-0.002245356720279812,0.4138,0.4867890729959696,0.671573137074517,0.9052437902483901,0.5335720680393913,0.5047021943573667,0.6200551977920883
E1_iterative_r1__softimpute__17_quantile__post0,E1_iterative_r1,softimpute,17_quantile,False,high,False,False,False,False,False,11.0,20.0,0.44999999999999996,0.6202756401935442,0.8386599621759807,0.7906727272727273,0.9497671455823242,0.8346538113715646,-0.17721486521199625,0.5143,0.851321092700403,0.9006439742410304,0.8808647654093836,0.20635631154879142,0.008732646663681147,0.8737350505979761
S0_no_removal__strict__19_tdm__post0,S0_no_removal,strict,19_tdm,False,high,False,False,False,False,False,11.0,24.0,0.5416666666666667,0.6202082288356286,0.7303394185615127,0.7563,0.8983455759329502,0.9806691083621948,-0.009723087533694053,0.5421,0.5588893864755934,0.7801287948482061,0.47286108555657774,0.5478961504028648,0.4348410210479176,0.9266329346826127
K_ffpe_only__knn__08_inmoose_combatseq__post0,K_ffpe_only,knn,08_inmoose_combatseq,False,medium,False,False,False,True,False,3.0,8.0,0.625,0.6200896347726371,0.8485157521768975,0.6263333333333333,0.9053538300111972,0.8630694870488038,0.457153867875874,0.4531,0.8730407523510971,0.3530358785648574,0.5142594296228151,0.28424350940017906,0.9997760859829825,0.6961821527138914
E2_iterative_r2__softimpute__20_shambhala__post1,E2_iterative_r2,softimpute,20_shambhala,True,high,False,True,False,False,False,11.0,18.0,0.38888888888888884,0.6200526576155662,0.8608033859262931,0.7950454545454545,0.9396646214865582,0.804287448207117,-0.17491040495787485,0.5444,0.8987908643081057,0.9139834406623735,0.7686292548298068,0.18352730528200537,0.025302283922973578,0.9300827966881324
E2_iterative_r2__softimpute__17_quantile__post0,E2_iterative_r2,softimpute,17_quantile,False,high,False,False,False,False,False,11.0,19.0,0.42105263157894735,0.6200274733075285,0.8294099172760844,0.7917000000000001,0.9496547622596688,0.8350555731835438,-0.17491040495787485,0.5143,0.8289296909986565,0.9045538178472861,0.8799448022079117,0.20769919427036707,0.025302283922973578,0.8737350505979761
G_affymetrix_only__softimpute__25_angel__post1,G_affymetrix_only,softimpute,25_angel,True,high,False,False,False,True,False,0.0,,,0.6199146761305253,0.7804878048780488,,,0.8226216932548879,0.1042561030591807,,0.7066726377071205,,,0.19158460161145927,0.961486789072996,
A_confirmed_bad__strict__20_shambhala__post0,A_confirmed_bad,strict,20_shambhala,False,high,False,False,True,False,False,11.0,21.0,0.47619047619047616,0.6199091234266698,0.8070862240137968,0.7667454545454546,0.944846702865854,0.8558833609652634,-0.028546922083451887,0.467,0.7765338110165696,0.8137074517019319,0.8169273229070837,0.25425246195165624,0.30228392297357815,0.7557497700091996
E1_iterative_r1__softimpute__20_shambhala__post1,E1_iterative_r1,softimpute,20_shambhala,True,high,False,True,False,False,False,11.0,19.0,0.42105263157894735,0.6197990361811035,0.8684738787045511,0.7953181818181818,0.9406061165811952,0.8004437216566833,-0.17721486521199625,0.5444,0.9086430810568742,0.9144434222631095,0.7782888684452622,0.17860340196956132,0.008732646663681147,0.9300827966881324
K_ffpe_only__softimpute__06_combat_seq__post0,K_ffpe_only,softimpute,06_combat_seq,False,medium,False,False,False,True,False,3.0,8.0,0.625,0.6194916669996205,0.7445991916984295,0.6255666666666667,0.9441245144922656,0.8596685118893322,0.4043721909752476,0.4531,0.5877742946708464,0.34889604415823366,0.8146274149034038,0.2732766338406446,0.9961934617107031,0.6961821527138914
J_ff_only__softimpute__25_angel__post0,J_ff_only,softimpute,25_angel,False,high,False,False,False,False,False,7.0,15.0,0.5333333333333333,0.6194404439228117,0.7877252872689523,0.7033571428571428,0.9282185758217342,0.9369098009833936,-0.02922704121745845,0.5826,0.7223466188983431,0.5979760809567617,0.6471941122355106,0.4901521933751119,0.29646215853112406,0.9625114995400184
E3_iterative_r3__strict__20_shambhala__post1,E3_iterative_r3,strict,20_shambhala,True,high,False,False,False,False,False,9.0,17.0,0.47058823529411764,0.6194161639907674,0.8050373246355754,0.7877444444444444,0.935850078950484,0.8558276040060147,-0.03958561868866295,0.4997,0.7720555306762203,0.8932842686292548,0.7244710211591536,0.25335720680393914,0.238692342140618,0.8346366145354186
K_ffpe_only__softimpute__08_inmoose_combatseq__post0,K_ffpe_only,softimpute,08_inmoose_combatseq,False,medium,False,False,False,True,False,3.0,8.0,0.625,0.619415003399498,0.7445991916984295,0.6255666666666667,0.94412077262148,0.8596685118893322,0.4043721909752476,0.4531,0.5877742946708464,0.34889604415823366,0.8141674333026679,0.2732766338406446,0.9961934617107031,0.6961821527138914
E1_iterative_r1__softimpute__17_quantile__post1,E1_iterative_r1,softimpute,17_quantile,True,high,False,False,False,False,False,11.0,19.0,0.42105263157894735,0.6185080338102775,0.8287101866785085,0.7888999999999999,0.9498129580678248,0.8383670729238936,-0.17721486521199625,0.5238,0.8271383788625168,0.8960441582336707,0.8822447102115916,0.2144136078782453,0.008732646663681147,0.8824747010119596
A_confirmed_bad__strict__20_shambhala__post1,A_confirmed_bad,strict,20_shambhala,True,high,False,False,True,False,False,10.0,20.0,0.5,0.6177541563677609,0.8194930666922018,0.7721,0.9378439283372378,0.8552886294861803,-0.025512700108442643,0.467,0.8034034930586654,0.8357865685372585,0.7460901563937442,0.24977618621307074,0.31571876399462606,0.7557497700091996
S0_no_removal__softimpute__14_qsmooth__post0,S0_no_removal,softimpute,14_qsmooth,False,high,False,False,False,False,False,11.0,24.0,0.5416666666666667,0.6177528998340747,0.7551108605188922,0.7495909090909091,0.9365878790014798,0.8664409452535148,-0.0010537413645000937,0.4672,0.6305418719211823,0.7557497700091996,0.7322907083716651,0.2981199641897941,0.5329153605015674,0.7568997240110396
S0_no_removal__strict__19_tdm__post1,S0_no_removal,strict,19_tdm,True,high,False,False,False,False,False,11.0,23.0,0.5217391304347826,0.6173944169651983,0.7636815473416538,0.7361181818181819,0.9150538564372364,0.980279021257521,-0.010622872903734204,0.48,0.6529332736229287,0.7056117755289788,0.5685372585096596,0.5461056401074306,0.43081056874160323,0.8003679852805887
F_microarray_only__softimpute__14_qsmooth__post0,F_microarray_only,softimpute,14_qsmooth,False,high,False,False,False,False,False,6.0,18.0,0.6666666666666667,0.617273380435421,0.7473628162702224,0.7727666666666666,0.8979341316042552,0.8471166031269367,0.00019894011914795007,0.5361,0.5969547693685625,0.8390064397424103,0.46734130634774607,0.23008057296329454,0.6569637259292431,0.9132934682612696
J_ff_only__knn__25_angel__post1,J_ff_only,knn,25_angel,True,high,False,False,False,False,False,7.0,14.0,0.5,0.6171450548484437,0.7928733465737025,0.6802571428571429,0.9620657303296516,0.9357132854782848,-0.030553169832089888,0.4605,0.7384684281236006,0.5170193192272309,0.953541858325667,0.4838854073410922,0.2857142857142857,0.7242410303587856
G_affymetrix_only__knn__11_harmony__post1,G_affymetrix_only,knn,11_harmony,True,medium,False,False,False,True,False,0.0,,,0.6169449922575598,0.8278388278388278,,,0.5613451749839594,0.08664262733131056,,0.8217644424540976,,,0.085496866606983,0.9435736677115988,
S0_no_removal__knn__36_explobatch__post1,S0_no_removal,knn,36_explobatch,True,medium,False,False,False,False,False,11.0,23.0,0.5217391304347826,0.61694285960963,0.7631305551111612,0.7107272727272728,0.9045456196439674,0.9988534570311096,-0.0006007118912360054,0.4016,0.6502463054187192,0.6218951241950322,0.5082796688132475,0.7690241718889884,0.5523958799820868,0.5998160073597056
S0_no_removal__knn__27_dwd__post1,S0_no_removal,knn,27_dwd,True,medium,False,False,False,False,False,11.0,23.0,0.5217391304347826,0.6163862800089085,0.7630514261724102,0.7107272727272728,0.9045469479191356,0.9988076865761458,-0.000602357166807399,0.4016,0.6491267353336319,0.6218951241950322,0.5089696412143514,0.7667860340196956,0.5517241379310345,0.5998160073597056
F_microarray_only__knn__31_ruv3prps__post0,F_microarray_only,knn,31_ruv3prps,False,medium,False,False,False,False,False,6.0,18.0,0.6666666666666667,0.6162531289471471,0.7506343898569479,0.7629666666666667,0.8480274243506148,0.9995081304886348,-0.0124209768762501,0.5066,0.6065830721003135,0.8024379024839007,0.22286108555657774,0.8030438675022381,0.4088669950738916,0.8537258509659613
D_malignant_only__softimpute__36_explobatch__post0,D_malignant_only,softimpute,36_explobatch,False,medium,False,False,False,False,False,10.0,18.0,0.4444444444444444,0.6153014560470339,0.7594724517810979,0.72483,0.9258635319180945,1.0,0.0,0.1304,0.6437527989252128,0.6745630174793008,0.6310947562097516,0.9677708146821844,0.6094939543215405,0.16513339466421342
D_malignant_only__softimpute__01_raw__post0,D_malignant_only,softimpute,01_raw,False,low,False,False,False,False,True,10.0,18.0,0.4444444444444444,0.6153014560470339,0.7594724517810979,0.72483,0.9258635319180945,1.0,0.0,0.1304,0.6437527989252128,0.6745630174793008,0.6310947562097516,0.9677708146821844,0.6094939543215405,0.16513339466421342
K_ffpe_only__strict__04_sva__post1,K_ffpe_only,strict,04_sva,True,low,False,False,False,True,False,3.0,7.0,0.5714285714285714,0.6150439523640816,0.8661525370618638,0.7184666666666666,0.8734139252732062,0.7007012661563412,0.08894280274592065,0.4581,0.9046126287505598,0.65639374425023,0.3298068077276909,0.13652641002685764,0.9458128078817734,0.7171113155473781
C_rnaseq_only__knn__10_mnn__post0,C_rnaseq_only,knn,10_mnn,False,medium,False,False,False,False,False,5.0,6.0,0.16666666666666663,0.6143501664862828,0.7896018642382693,0.74752,0.9827074152024304,0.0263751004394243,-0.04456690870823021,0.5583,0.728616211374832,0.749770009199632,0.9972401103955841,0.051924798567591766,0.20868786386027766,0.9498620055197792
E2_iterative_r2__strict__18_rank__post1,E2_iterative_r2,strict,18_rank,True,high,False,False,False,False,False,11.0,18.0,0.38888888888888884,0.613957832849172,0.7876628989685788,0.7169181818181818,0.9489301650116152,0.9140754306844288,0.018956253438903614,0.1558,0.7218987908643081,0.6499540018399264,0.8730450781968722,0.4252461951656222,0.8038513210927004,0.20975160993560257
J_ff_only__strict__01_raw__post0,J_ff_only,strict,01_raw,False,low,False,False,False,False,True,7.0,15.0,0.5333333333333333,0.6139447712488937,0.6563312684347546,0.6930571428571428,0.9584369533931444,1.0,0.0,0.1412,0.41827138378862516,0.5574977000919963,0.9473321067157314,0.9677708146821844,0.6094939543215405,0.18330266789328428
I_rare_batches_removed__strict__17_quantile__post0,I_rare_batches_removed,strict,17_quantile,False,high,False,False,False,False,False,9.0,15.0,0.4,0.6136132089799278,0.7492278097052464,0.7265222222222223,0.9291108712359928,0.9141650357521012,0.0009449779666799718,0.426,0.6009852216748769,0.6789328426862925,0.6550137994480221,0.4261414503133393,0.6780116435288849,0.6425942962281509
H_affymetrix_extended__softimpute__16_fsqn_r__post1,H_affymetrix_extended,softimpute,16_fsqn_r,True,high,False,False,False,False,False,5.0,11.0,0.5454545454545454,0.6135286406652051,0.8826476593584537,0.74298,0.8409945598762713,0.999999607289713,-0.038021621979196674,0.4474,0.9370801612180922,0.7274609015639374,0.1971021159153634,0.8887645478961504,0.24608150470219436,0.6846826126954921
H_affymetrix_extended__softimpute__27_dwd__post1,H_affymetrix_extended,softimpute,27_dwd,True,medium,False,False,False,False,False,5.0,11.0,0.5454545454545454,0.6135286406652051,0.8826476593584537,0.74298,0.8409945598762713,0.999999607289713,-0.038021621979196674,0.4474,0.9370801612180922,0.7274609015639374,0.1971021159153634,0.8887645478961504,0.24608150470219436,0.6846826126954921
E2_iterative_r2__softimpute__18_rank__post0,E2_iterative_r2,softimpute,18_rank,False,high,False,False,False,False,False,11.0,19.0,0.42105263157894735,0.6128532922366096,0.8335947212887124,0.7913454545454546,0.8542744470617905,0.8558888397481986,0.0,0.4887,0.8423645320197044,0.9024839006439742,0.250229990800368,0.25470008952551476,0.6094939543215405,0.8178472861085556
D_malignant_only__softimpute__36_explobatch__post1,D_malignant_only,softimpute,36_explobatch,True,medium,False,False,False,False,False,10.0,17.0,0.4117647058823529,0.6125644831255924,0.7520027451547409,0.68928,0.9215237821744248,1.0,0.0025044157272237078,0.1667,0.6150918047469771,0.5430082796688133,0.609705611775529,0.9677708146821844,0.7093596059113301,0.23045078196872126
D_malignant_only__softimpute__01_raw__post1,D_malignant_only,softimpute,01_raw,True,low,False,False,False,False,True,10.0,17.0,0.4117647058823529,0.6125644831255924,0.7520027451547409,0.68928,0.9215237821744248,1.0,0.0025044157272237078,0.1667,0.6150918047469771,0.5430082796688133,0.609705611775529,0.9677708146821844,0.7093596059113301,0.23045078196872126
E2_iterative_r2__softimpute__17_quantile__post1,E2_iterative_r2,softimpute,17_quantile,True,high,False,False,False,False,False,11.0,18.0,0.38888888888888884,0.6124557148538914,0.8171687736235824,0.7880363636363636,0.9497844189545688,0.8388175557014853,-0.17491040495787485,0.5074,0.799820868786386,0.8937442502299908,0.8817847286108556,0.21575649059982094,0.025302283922973578,0.858325666973321
E1_iterative_r1__softimpute__18_rank__post0,E1_iterative_r1,softimpute,18_rank,False,high,False,False,False,False,False,11.0,20.0,0.44999999999999996,0.6123451306994515,0.8419918247595779,0.791409090909091,0.8512952275784562,0.8548326093824308,0.0,0.4887,0.8589341692789969,0.9034038638454461,0.23551057957681693,0.24888093106535364,0.6094939543215405,0.8178472861085556
C_rnaseq_only__softimpute__20_shambhala__post0,C_rnaseq_only,softimpute,20_shambhala,False,high,False,False,False,False,False,5.0,6.0,0.16666666666666663,0.6120823533801343,0.7805693434793793,0.7502,0.9719856077561746,0.8296868395299768,-0.07836364208357416,0.5452,0.7071204657411554,0.7571297148114076,0.9742410303587856,0.19919427036705462,0.0987460815047022,0.9360625574977001
A_confirmed_bad__strict__18_rank__post0,A_confirmed_bad,strict,18_rank,False,high,False,False,True,False,False,11.0,21.0,0.47619047619047616,0.6115523425443586,0.8011415787663975,0.7361909090909091,0.94539961740722,0.912384529032852,0.0,0.2527,0.7586206896551724,0.7060717571297148,0.8233670653173873,0.41987466427931963,0.6094939543215405,0.3518859245630175
K_ffpe_only__strict__02_median_scaling__post1,K_ffpe_only,strict,02_median_scaling,True,low,False,False,False,True,False,3.0,7.0,0.5714285714285714,0.6107923798046201,0.5224091432329644,0.6728999999999999,0.8934970968458954,1.0,0.06006120354071037,0.4367,0.19659650694133451,0.49402023919043236,0.4448022079116835,0.9677708146821844,0.8925212718316167,0.6690432382704692
B_extended_bad__knn__14_qsmooth__post1,B_extended_bad,knn,14_qsmooth,True,high,False,False,True,False,False,10.0,15.0,0.33333333333333337,0.6106858373570256,0.7932398242972174,0.7027599999999999,0.950177259757126,0.8964950879287783,-0.000714617692010866,0.3754,0.7393640841916704,0.5952161913523459,0.8859245630174793,0.337958818263205,0.5476936856247201,0.5579576816927323
C_rnaseq_only__knn__18_rank__post1,C_rnaseq_only,knn,18_rank,True,high,False,False,False,True,False,4.0,5.0,0.19999999999999996,0.6102747316940093,0.6972723544765107,0.6577999999999999,0.9323011332121616,0.9028474512899036,0.05227226633479776,0.4777,0.4787281683833408,0.44710211591536336,0.6858325666973321,0.37332139659803043,0.880206000895656,0.796458141674333
I_rare_batches_removed__strict__15_fsqn_py__post0,I_rare_batches_removed,strict,15_fsqn_py,False,high,False,False,False,False,False,9.0,15.0,0.4,0.6102641298034114,0.750398032545844,0.7280666666666666,0.9277972222315782,0.9141676581282008,0.0009396287785456425,0.4166,0.6050156739811913,0.6839926402943882,0.6430542778288868,0.42658907788719785,0.6766681594267802,0.6262649494020239
G_affymetrix_only__strict__25_angel__post0,G_affymetrix_only,strict,25_angel,False,high,False,False,False,True,False,2.0,3.0,0.33333333333333337,0.6101979452267362,0.6790292409991943,0.65855,0.911396503567831,0.9166231239748502,0.037422881599464664,0.5369,0.4509628302731751,0.44894204231830726,0.547838086476541,0.4386750223813787,0.8584863412449619,0.9162833486660533
E2_iterative_r2__strict__20_shambhala__post1,E2_iterative_r2,strict,20_shambhala,True,high,False,False,False,False,False,10.0,18.0,0.4444444444444444,0.6099312275371579,0.7836189798169527,0.78451,0.936405775509606,0.8554149131445499,-0.03874142288221494,0.4997,0.7133900582176445,0.8859245630174793,0.7304507819687213,0.25111906893464636,0.24406627854903717,0.8346366145354186
E1_iterative_r1__strict__17_quantile__post1,E1_iterative_r1,strict,17_quantile,True,high,False,False,False,False,False,11.0,19.0,0.42105263157894735,0.6098016964382503,0.799289535070546,0.7469636363636364,0.9515623601430035,0.9113549180495876,-0.001315765243167899,0.2292,0.7510076130765786,0.7460901563937442,0.9098436062557498,0.41136974037600715,0.5212718316166592,0.31922723091076355
D_malignant_only__strict__17_quantile__post0,D_malignant_only,strict,17_quantile,False,high,False,False,False,False,False,10.0,18.0,0.4444444444444444,0.6095074546474487,0.7198705651350322,0.75739,0.9376328601169468,0.9295994661288473,3.3079129782453975e-05,0.3226,0.5279892521271832,0.7851885924563018,0.7447102115915364,0.4704565801253357,0.6475593372145096,0.48114075436982523
S0_no_removal__knn__09_ruv__post1,S0_no_removal,knn,09_ruv,True,medium,False,False,False,False,False,11.0,23.0,0.5217391304347826,0.6093074449071126,0.7395810734536827,0.7321727272727273,0.9137507139673215,0.6833082025506907,0.028395024496692733,0.5128,0.5781459919390954,0.6959521619135235,0.5616375344986201,0.12488809310653537,0.8235557545902373,0.8716651333946642
C_rnaseq_only__strict__12_scanorama__post1,C_rnaseq_only,strict,12_scanorama,True,medium,False,False,False,False,False,5.0,5.0,0.0,0.609093865500458,0.7614725010162612,0.7615000000000001,0.9442664598296724,0.2101301870037496,-0.022733776423783048,0.6622,0.6462158531124048,0.795768169273229,0.8150873965041399,0.07520143240823635,0.3278101209135692,0.9944802207911684
S0_no_removal__knn__01_raw__post0,S0_no_removal,knn,01_raw,False,low,False,False,False,False,True,11.0,24.0,0.5416666666666667,0.6089292448957725,0.7242900206216291,0.7131727272727273,0.9013423229119728,1.0,0.0,0.2935,0.535602328705777,0.6338546458141674,0.4889604415823367,0.9677708146821844,0.6094939543215405,0.41789328426862926
J_ff_only__knn__04_sva__post1,J_ff_only,knn,04_sva,True,low,False,False,False,False,False,7.0,14.0,0.5,0.6088638596394511,0.6995839402220316,0.6849,0.9289746874407896,0.9968539293881502,-0.00015905502897606283,0.448,0.4818629646215853,0.5298988040478381,0.6527138914443422,0.73455684870188,0.567398119122257,0.6867525298988041
D_malignant_only__softimpute__18_rank__post0,D_malignant_only,softimpute,18_rank,False,high,False,False,False,False,False,10.0,18.0,0.4444444444444444,0.6086000625304692,0.7191600888588302,0.75379,0.941398159653404,0.9301383100294084,0.0,0.3226,0.5266457680250783,0.7718491260349586,0.7893284268629255,0.473142345568487,0.6094939543215405,0.48114075436982523
D_malignant_only__strict__15_fsqn_py__post0,D_malignant_only,strict,15_fsqn_py,False,high,False,False,False,False,False,10.0,18.0,0.4444444444444444,0.6085936016393566,0.719669958365881,0.7565,0.9375414264873164,0.9295978168078036,2.5836323702621566e-05,0.3226,0.5275414240931482,0.7824287028518859,0.7433302667893285,0.4700089525514772,0.6471115091804747,0.48114075436982523
A_confirmed_bad__softimpute__15_fsqn_py__post0,A_confirmed_bad,softimpute,15_fsqn_py,False,high,False,False,True,False,False,11.0,21.0,0.47619047619047616,0.6085727134246481,0.8123280729296156,0.7663181818181819,0.9522824306108588,0.8380373959244726,-0.17623414150224465,0.5296,0.7908643081056874,0.812327506899724,0.9195032198712052,0.21307072515666964,0.014106583072100314,0.9015639374425023
H_affymetrix_extended__knn__04_sva__post1,H_affymetrix_extended,knn,04_sva,True,low,False,False,False,False,False,5.0,11.0,0.5454545454545454,0.6079600644486954,0.8121897954793038,0.7723,0.8286660022358419,0.9973364212473298,-0.008922654967272181,0.4354,0.7904164800716524,0.8380864765409384,0.1688132474701012,0.7417188898836168,0.44290192566054637,0.6658233670653174
A_confirmed_bad__strict__14_qsmooth__post0,A_confirmed_bad,strict,14_qsmooth,False,high,False,False,True,False,False,11.0,21.0,0.47619047619047616,0.6076382802841197,0.8033275606030036,0.7467818181818182,0.950039086164822,0.8992501549376838,0.00010602057430408873,0.1798,0.7671294223018361,0.7456301747930083,0.8854645814167433,0.346911369740376,0.6506941334527542,0.25
E1_iterative_r1__strict__15_fsqn_py__post1,E1_iterative_r1,strict,15_fsqn_py,True,high,False,False,False,False,False,11.0,19.0,0.42105263157894735,0.6074796948001401,0.7974677438664282,0.7458909090909092,0.9514326058857364,0.9113463719028146,-0.0013179680881031386,0.2275,0.748320644872369,0.7433302667893285,0.906623735050598,0.41092211280214863,0.5208240035826243,0.31485740570377185
F_microarray_only__strict__09_ruv__post1,F_microarray_only,strict,09_ruv,True,medium,False,False,False,False,False,5.0,17.0,0.7058823529411764,0.6072518156089115,0.7381753914535149,0.7641199999999999,0.8933609049071798,0.6604004217645789,0.057502482756611795,0.4901,0.5745633676668159,0.8035878564857406,0.44250229990800366,0.11101163831692032,0.8889386475593373,0.8229070837166513
E1_iterative_r1__strict__20_shambhala__post1,E1_iterative_r1,strict,20_shambhala,True,high,False,False,False,False,False,10.0,19.0,0.4736842105263158,0.6072253441848701,0.7926565386539659,0.7849999999999999,0.9339315818812904,0.8556645854711389,-0.03941766865196916,0.4906,0.7375727720555306,0.8877644894204232,0.7005519779208832,0.25201432408236346,0.24093148231079264,0.8245170193192273
E3_iterative_r3__softimpute__18_rank__post1,E3_iterative_r3,softimpute,18_rank,True,high,False,False,False,False,False,10.0,17.0,0.4117647058823529,0.6070770301795142,0.8200904284178119,0.78739,0.868659260939981,0.8583620165356131,-0.004235124802420831,0.5265,0.8069861173309449,0.8923643054277829,0.30864765409383627,0.26902417188898836,0.47514554411106136,0.890294388224471
D_malignant_only__knn__25_angel__post1,D_malignant_only,knn,25_angel,True,high,False,False,False,False,False,10.0,17.0,0.4117647058823529,0.6069767327948569,0.7915886121546105,0.7649,0.9382119320779304,0.9299348808391475,-0.016711637161134718,0.3333,0.7357814599193909,0.8065777368905244,0.7493100275988961,0.4709042076991943,0.3716972682489924,0.5075896964121435
E2_iterative_r2__strict__18_rank__post0,E2_iterative_r2,strict,18_rank,False,high,False,False,False,False,False,11.0,19.0,0.42105263157894735,0.6065589386252979,0.8086460482221863,0.7412818181818182,0.95451099774194,0.9121721878897886,0.0,0.1388,0.7801164352888491,0.7230910763569457,0.9342226310947562,0.41763652641002685,0.6094939543215405,0.17479300827966882
E1_iterative_r1__softimpute__15_fsqn_py__post0,E1_iterative_r1,softimpute,15_fsqn_py,False,high,False,False,False,False,False,11.0,20.0,0.44999999999999996,0.6064477085077645,0.8308651539396926,0.7807454545454546,0.9460957365488878,0.8377853009625191,-0.17721486521199625,0.5238,0.8347514554411106,0.8702851885924563,0.8302667893284269,0.21217547000895254,0.008732646663681147,0.8824747010119596
C_rnaseq_only__strict__09_ruv__post0,C_rnaseq_only,strict,09_ruv,False,medium,False,False,False,False,False,5.0,6.0,0.16666666666666663,0.6062114702624193,0.7661157187416601,0.73286,0.8516929518494458,0.7916053674504412,0.06670758593258463,0.5873,0.6592028660994178,0.6977920883164673,0.23781048758049678,0.170993733213966,0.9055082848186297,0.9659613615455381
J_ff_only__softimpute__25_angel__post1,J_ff_only,softimpute,25_angel,True,high,False,False,False,False,False,7.0,14.0,0.5,0.6061906214051558,0.7708535021860256,0.7001571428571428,0.9268059771712782,0.9381828654637558,-0.030440095626022234,0.5826,0.677115987460815,0.5837166513339467,0.6356945722171113,0.4914950760966876,0.28660994178235555,0.9625114995400184
I_rare_batches_removed__knn__01_raw__post0,I_rare_batches_removed,knn,01_raw,False,low,False,False,False,False,True,9.0,15.0,0.4,0.606035528729208,0.772926936037238,0.6380555555555555,0.8899157943426645,1.0,0.0,0.3837,0.683833407971339,0.3886844526218951,0.41766329346826125,0.9677708146821844,0.6094939543215405,0.5687672493100276
C_rnaseq_only__softimpute__23_vst__post1,C_rnaseq_only,softimpute,23_vst,True,low,False,False,False,True,False,4.0,5.0,0.19999999999999996,0.6059725176442856,0.7293875177815041,0.678625,0.93656347865414,0.8160537356441404,0.0021004810013960373,0.5607,0.5553067622033139,0.5119595216191353,0.7313707451701932,0.18710832587287377,0.6983878190774743,0.9517019319227231
E1_iterative_r1__strict__18_rank__post0,E1_iterative_r1,strict,18_rank,False,high,False,False,False,False,False,11.0,20.0,0.44999999999999996,0.6056793953814605,0.7976721915744583,0.7396727272727273,0.9497731650457524,0.913755407363063,0.0,0.1815,0.7487684729064039,0.718491260349586,0.8813247470101196,0.42300805729632945,0.6094939543215405,0.2529898804047838
B_extended_bad__knn__17_quantile__post1,B_extended_bad,knn,17_quantile,True,high,False,False,True,False,False,10.0,15.0,0.33333333333333337,0.6056660578641319,0.7280422796127984,0.71719,0.9536143284331312,0.8999379317797714,-0.0039994009136734565,0.4409,0.5508284818629646,0.6508739650413984,0.9314627414903404,0.34825425246195163,0.47962382445141066,0.672953081876725
E1_iterative_r1__knn__14_qsmooth__post1,E1_iterative_r1,knn,14_qsmooth,True,high,False,False,False,False,False,10.0,19.0,0.4736842105263158,0.6054784598421407,0.7695636513804626,0.71079,0.952457901411944,0.8982359446232486,0.002398046499701434,0.2602,0.6744290192566055,0.6228150873965042,0.9204231830726771,0.3446732318710833,0.7062248096730855,0.36430542778288866
C_rnaseq_only__knn__18_rank__post0,C_rnaseq_only,knn,18_rank,False,high,False,False,False,False,False,5.0,6.0,0.16666666666666663,0.6051930928247593,0.7202222788548834,0.6777599999999999,0.9687801620709876,0.9193317100740244,0.0,0.3866,0.528437080161218,0.5101195952161913,0.9664213431462741,0.44538943598925695,0.6094939543215405,0.5712971481140754
G_affymetrix_only__softimpute__11_harmony__post1,G_affymetrix_only,softimpute,11_harmony,True,medium,False,False,False,True,False,0.0,,,0.6050042477511375,0.8295537673738113,,,0.5228081051246605,0.06816732967764905,,0.8293775190326914,,,0.076544315129812,0.9090909090909091,
A_confirmed_bad__softimpute__15_fsqn_py__post1,A_confirmed_bad,softimpute,15_fsqn_py,True,high,False,False,True,False,False,11.0,20.0,0.44999999999999996,0.6044465987374834,0.8019004987677846,0.7644000000000001,0.952777095185104,0.8416833111678901,-0.17623414150224465,0.5296,0.7604120017913122,0.8049678012879485,0.922263109475621,0.2233661593554163,0.014106583072100314,0.9015639374425023
C_rnaseq_only__softimpute__14_qsmooth__post1,C_rnaseq_only,softimpute,14_qsmooth,True,high,False,False,False,True,False,4.0,5.0,0.19999999999999996,0.6044408658899462,0.708651939390718,0.663975,0.9140929289438428,0.9070713682938752,0.017141968178183364,0.5393,0.5002239140170175,0.4613615455381785,0.5639374425022999,0.39033124440465533,0.7922077922077922,0.9185832566697332
C_rnaseq_only__strict__12_scanorama__post0,C_rnaseq_only,strict,12_scanorama,False,medium,False,False,False,False,False,5.0,6.0,0.16666666666666663,0.6039664842130762,0.7788724676257082,0.7453000000000001,0.9434542831035572,0.2062444195420296,-0.022733756176205766,0.595,0.703537841468876,0.7389604415823368,0.8091076356945722,0.0747538048343778,0.32825794894760413,0.96918123275069
D_malignant_only__strict__14_qsmooth__post0,D_malignant_only,strict,14_qsmooth,False,high,False,False,False,False,False,10.0,18.0,0.4444444444444444,0.603752359472984,0.7114702499694394,0.75198,0.9391169800306212,0.9292930532648814,2.496487566672201e-07,0.3226,0.5073891625615764,0.764949402023919,0.7631094756209752,0.4686660698299015,0.6372592924317062,0.48114075436982523
D_malignant_only__strict__18_rank__post0,D_malignant_only,strict,18_rank,False,high,False,False,False,False,False,10.0,18.0,0.4444444444444444,0.6032575752562715,0.72468358195482,0.75912,0.9360594135978274,0.9301945726951278,0.0,0.3226,0.5378414688759516,0.7907083716651334,0.7267709291628335,0.4735899731423456,0.6094939543215405,0.48114075436982523
D_malignant_only__knn__14_qsmooth__post1,D_malignant_only,knn,14_qsmooth,True,high,False,False,False,False,False,10.0,17.0,0.4117647058823529,0.6030716463833664,0.7320379870912268,0.71782,0.9489862977850796,0.9343687329118258,-0.000153356001322158,0.3226,0.5615763546798029,0.6527138914443422,0.8735050597976081,0.4803043867502238,0.5691894312583968,0.48114075436982523
E2_iterative_r2__strict__17_quantile__post1,E2_iterative_r2,strict,17_quantile,True,high,False,False,False,False,False,11.0,18.0,0.38888888888888884,0.6030021286260631,0.7954107119396938,0.7446090909090909,0.951142469072797,0.909694457339769,-0.00137119973606048,0.2292,0.7456336766681594,0.733670653173873,0.9034038638454461,0.39928379588182633,0.5167935512763099,0.31922723091076355
C_rnaseq_only__knn__04_sva__post1,C_rnaseq_only,knn,04_sva,True,low,False,False,False,False,False,5.0,5.0,0.0,0.6029131762208498,0.6832408246108793,0.68326,0.9375485029691129,0.7786336968955679,0.05870784540466101,0.4994,0.45723242274966414,0.5252989880404784,0.7437902483900644,0.16696508504923904,0.8916256157635468,0.8325666973321068
E1_iterative_r1__softimpute__15_fsqn_py__post1,E1_iterative_r1,softimpute,15_fsqn_py,True,high,False,False,False,False,False,11.0,19.0,0.42105263157894735,0.6026542385499294,0.8230724292994959,0.7830818181818181,0.9438268551598992,0.8414805592778621,-0.17721486521199625,0.5167,0.8150470219435737,0.8813247470101196,0.8104875804967802,0.22291853178155774,0.008732646663681147,0.8774149034038639
E1_iterative_r1__softimpute__19_tdm__post0,E1_iterative_r1,softimpute,19_tdm,False,high,False,False,False,False,False,11.0,20.0,0.44999999999999996,0.6019331396503707,0.8107904050164313,0.7536999999999999,0.9394671065030232,0.9746852455512168,-0.06593442252380977,0.4166,0.7859381997313032,0.7713891444342227,0.7672493100275989,0.5290957923008057,0.13166144200626959,0.6262649494020239
C_rnaseq_only__strict__22_tmm__post0,C_rnaseq_only,strict,22_tmm,False,low,False,False,False,False,False,5.0,6.0,0.16666666666666663,0.6014916596294971,0.7214278888156697,0.66568,0.979677720137306,0.81495917150332,-0.0017650323997016049,0.5411,0.5306762203313927,0.4668813247470101,0.9926402943882244,0.18576544315129812,0.5116435288849082,0.921343146274149
J_ff_only__strict__27_dwd__post0,J_ff_only,strict,27_dwd,False,medium,False,False,False,False,False,7.0,15.0,0.5333333333333333,0.6000862249880672,0.657118362455687,0.6947428571428571,0.9584369533931444,0.999994124566153,4.150454434692641e-06,0.1429,0.4200626959247649,0.5643974241030358,0.9473321067157314,0.8366159355416294,0.6439767129422301,0.18813247470101196
F_microarray_only__strict__09_ruv__post0,F_microarray_only,strict,09_ruv,False,medium,False,False,False,False,False,6.0,18.0,0.6666666666666667,0.5993850970949445,0.7517941843048441,0.7769833333333334,0.8516520939169382,0.6646435144326338,0.049120774321675886,0.5321,0.6130765785938199,0.8541858325666973,0.23689052437902483,0.11280214861235452,0.8759516345723243,0.9034038638454461
C_rnaseq_only__strict__22_tmm__post1,C_rnaseq_only,strict,22_tmm,True,low,False,False,False,True,False,4.0,5.0,0.19999999999999996,0.5989787423104461,0.7402161440868829,0.681775,0.8846470765174206,0.8006010242811334,0.09288108786873539,0.5975,0.5790416480071653,0.5206991720331187,0.3937442502299908,0.17949865711727842,0.9489476041200179,0.9719411223551058
E2_iterative_r2__knn__25_angel__post0,E2_iterative_r2,knn,25_angel,False,high,False,False,False,False,False,11.0,19.0,0.42105263157894735,0.5987851454976983,0.7830285742486909,0.7652,0.9247121273139302,0.9133313786841596,-0.019933003930481363,0.4429,0.7124944021495746,0.8091076356945722,0.62557497700092,0.42211280214861235,0.3488580385132109,0.6745630174793008
A_confirmed_bad__strict__18_rank__post1,A_confirmed_bad,strict,18_rank,True,high,False,False,True,False,False,11.0,20.0,0.44999999999999996,0.5985284801390809,0.7887945364947909,0.7400000000000001,0.948359342013132,0.91191130056944,-0.001808035619579429,0.2554,0.7254814151365876,0.7198712051517939,0.8656853725850966,0.41450313339301703,0.5105239587998208,0.35510579576816925
A_confirmed_bad__softimpute__17_quantile__post0,A_confirmed_bad,softimpute,17_quantile,False,high,False,False,True,False,False,11.0,21.0,0.47619047619047616,0.5981775910440849,0.8052037362279874,0.7531545454545455,0.9519329740121822,0.8348480147937621,-0.17623414150224465,0.5344,0.7729511867442902,0.7700091996320148,0.9153633854645814,0.20725156669650852,0.014106583072100314,0.9093836246550138
S0_no_removal__knn__18_rank__post1,S0_no_removal,knn,18_rank,True,high,False,False,False,False,False,11.0,23.0,0.5217391304347826,0.5980675397288996,0.7811067857221182,0.7054545454545454,0.9283023753406796,0.9018022503183823,-0.0006007118912360054,0.4542,0.7080161218092252,0.6076356945722171,0.6476540938362465,0.3657117278424351,0.5523958799820868,0.7069917203311867
J_ff_only__softimpute__01_raw__post0,J_ff_only,softimpute,01_raw,False,low,False,False,False,False,True,7.0,15.0,0.5333333333333333,0.5979339234009745,0.6651044669501327,0.7118571428571429,0.8964966824300149,1.0,0.0,0.3252,0.43260188087774293,0.6283348666053358,0.4579116835326587,0.9677708146821844,0.6094939543215405,0.49149034038638456
S0_no_removal__softimpute__09_ruv__post1,S0_no_removal,softimpute,09_ruv,True,medium,False,False,False,False,False,11.0,23.0,0.5217391304347826,0.5979174276523157,0.7546343768163798,0.7995727272727273,0.9337642953393908,0.6748875343329122,-0.008977661400071668,0.474,0.6287505597850426,0.9273229070837167,0.7000919963201472,0.11817367949865712,0.44200626959247646,0.7711591536338547
K_ffpe_only__strict__05_combat__post0,K_ffpe_only,strict,05_combat,False,medium,False,False,False,True,False,3.0,8.0,0.625,0.5977096340513223,0.8580940679733619,0.6235666666666667,0.7248003039904428,0.9921498487686228,0.23349260768056823,0.4531,0.8940886699507389,0.33877644894204234,0.05358785648574057,0.6105640107430618,0.9930586654724586,0.6961821527138914
K_ffpe_only__strict__29_combat_ref__post0,K_ffpe_only,strict,29_combat_ref,False,medium,False,False,False,True,False,3.0,8.0,0.625,0.5976350294556791,0.8580940679733619,0.6235666666666667,0.7248003039904428,0.9921498384238632,0.23349260768056823,0.4531,0.8940886699507389,0.33877644894204234,0.05358785648574057,0.6101163831692032,0.9930586654724586,0.6961821527138914
S0_no_removal__knn__14_qsmooth__post0,S0_no_removal,knn,14_qsmooth,False,high,False,False,False,False,False,11.0,24.0,0.5416666666666667,0.5971671244067526,0.7353499638146296,0.7243545454545455,0.9382629349516076,0.9024778057306324,7.049599429764797e-07,0.3923,0.5691894312583968,0.6734130634774609,0.750229990800368,0.3719785138764548,0.638154948499776,0.5800367985280589
A_confirmed_bad__softimpute__19_tdm__post0,A_confirmed_bad,softimpute,19_tdm,False,high,False,False,True,False,False,11.0,21.0,0.47619047619047616,0.5971169148802007,0.8198207826921932,0.7476272727272728,0.941292531707454,0.9750242328947412,-0.06488565346896286,0.3878,0.8051948051948052,0.750229990800368,0.7874885004599816,0.5308863025962399,0.1330049261083744,0.5758969641214351
S0_no_removal__softimpute__05_combat__post0,S0_no_removal,softimpute,05_combat,False,medium,False,False,False,False,False,11.0,24.0,0.5416666666666667,0.5968975303195743,0.8544049198747325,0.7404181818181819,0.7307008548846101,0.877978516053652,0.13479289456083837,0.4085,0.8880429914912673,0.7212511499540019,0.05611775528978841,0.3213965980304387,0.9811912225705329,0.6133854645814167
C_rnaseq_only__softimpute__19_tdm__post1,C_rnaseq_only,softimpute,19_tdm,True,high,False,False,False,True,False,4.0,5.0,0.19999999999999996,0.5967984177461528,0.7373943904218633,0.674925,0.849554725699511,0.9752668766171352,0.016913576259409147,0.5628,0.5732198835647111,0.5018399264029438,0.23137074517019318,0.5317815577439571,0.7904164800716524,0.952161913523459
S0_no_removal__knn__15_fsqn_py__post1,S0_no_removal,knn,15_fsqn_py,True,high,False,False,False,False,False,11.0,23.0,0.5217391304347826,0.5966593012268242,0.7777228453101488,0.6994545454545454,0.92968610296004,0.9011778123237132,-0.0003757075103874019,0.4608,0.7017465293327362,0.5800367985280589,0.6591536338546458,0.35541629364368843,0.5584415584415584,0.7251609935602575
S0_no_removal__knn__17_quantile__post1,S0_no_removal,knn,17_quantile,True,high,False,False,False,False,False,11.0,23.0,0.5217391304347826,0.5965724094243625,0.7779209907229799,0.6987909090909091,0.9296387120758236,0.9012122192108534,-0.00036507246195277565,0.4608,0.7021943573667712,0.577736890524379,0.6586936522539099,0.3567591763652641,0.5588893864755934,0.7251609935602575
J_ff_only__knn__01_raw__post0,J_ff_only,knn,01_raw,False,low,False,False,False,False,True,7.0,15.0,0.5333333333333333,0.596007514414641,0.6563082147225073,0.6930142857142857,0.9356033544420012,1.0,0.0,0.2213,0.41782355575459024,0.5565777368905244,0.718721251149954,0.9677708146821844,0.6094939543215405,0.30565777368905245
B_extended_bad__knn__15_fsqn_py__post1,B_extended_bad,knn,15_fsqn_py,True,high,False,False,True,False,False,10.0,15.0,0.33333333333333337,0.5958956211218553,0.7259072140443324,0.71783,0.9534204529976192,0.8999443512098771,-0.0039994758068232494,0.4159,0.541424093148231,0.6531738730450782,0.9300827966881324,0.3487018800358102,0.47917599641737574,0.6228150873965042
S0_no_removal__softimpute__05_combat__post1,S0_no_removal,softimpute,05_combat,True,medium,False,False,False,False,False,11.0,23.0,0.5217391304347826,0.5953441777214857,0.849689155098085,0.7414727272727273,0.7314339504676018,0.8798496318858785,0.1293856894425524,0.4085,0.8763994626063591,0.7240110395584176,0.05657773689052438,0.3231871083258729,0.9785042543663234,0.6133854645814167
H_affymetrix_extended__softimpute__19_tdm__post0,H_affymetrix_extended,softimpute,19_tdm,False,high,False,False,False,False,False,6.0,12.0,0.5,0.5942567585349172,0.844218268746859,0.7451500000000001,0.8190056662705809,0.9960962087481114,-0.039677597077487026,0.5,0.8660994178235557,0.7373505059797608,0.15179392824287027,0.7309758281110116,0.23824451410658307,0.8410763569457221
E1_iterative_r1__softimpute__18_rank__post1,E1_iterative_r1,softimpute,18_rank,True,high,False,False,False,False,False,11.0,19.0,0.42105263157894735,0.5938960950392188,0.8334361007143546,0.7909909090909092,0.8546157271023804,0.8588561235943784,-0.003938731386713024,0.4887,0.8419167039856695,0.9015639374425023,0.2516099356025759,0.270367054610564,0.4800716524854456,0.8178472861085556
B_extended_bad__knn__25_angel__post0,B_extended_bad,knn,25_angel,False,high,False,False,True,False,False,10.0,16.0,0.375,0.5930895940495303,0.7776094268801874,0.76762,0.937526057378722,0.90999059367694,-0.03554851784763047,0.4205,0.7012987012987013,0.8183072677092916,0.7428702851885924,0.40107430617726053,0.2592924317062248,0.6356945722171113
D_malignant_only__strict__18_rank__post1,D_malignant_only,strict,18_rank,True,high,False,False,False,False,False,10.0,17.0,0.4117647058823529,0.5930367379845366,0.7680872152607997,0.7416,0.9321547508343444,0.9286037648573792,-0.0009219545294629761,0.3226,0.6654724585759069,0.7247010119595216,0.6835326586936522,0.4668755595344673,0.5364979847738468,0.48114075436982523
F_microarray_only__softimpute__18_rank__post0,F_microarray_only,softimpute,18_rank,False,high,False,False,False,False,False,6.0,18.0,0.6666666666666667,0.5928387797183609,0.7859339405729204,0.75185,0.8960602542959532,0.921318020368818,-0.03787110828937679,0.5406,0.718987908643081,0.7642594296228151,0.4560717571297148,0.45053715308863024,0.24675324675324675,0.9204231830726771
B_extended_bad__knn__25_angel__post1,B_extended_bad,knn,25_angel,True,high,False,False,True,False,False,10.0,15.0,0.33333333333333337,0.5925819585589714,0.7660013961916382,0.7729999999999999,0.9384214494894564,0.9099449535288208,-0.03488605128691502,0.4249,0.6578593819973131,0.8399264029438822,0.7539098436062558,0.40062667860340195,0.26287505597850425,0.640294388224471
E2_iterative_r2__knn__25_angel__post1,E2_iterative_r2,knn,25_angel,True,high,False,False,False,False,False,11.0,18.0,0.38888888888888884,0.5925613649641679,0.7695191635223738,0.7630272727272728,0.9245623539509568,0.9144250216170764,-0.019596877625821518,0.4429,0.6739811912225705,0.8031278748850046,0.625114995400184,0.42837958818263205,0.35020152261531573,0.6745630174793008
F_microarray_only__knn__16_fsqn_r__post1,F_microarray_only,knn,16_fsqn_r,True,high,False,False,False,False,False,6.0,17.0,0.6470588235294117,0.592532641774838,0.7718646284278294,0.6932499999999999,0.8447391931913246,0.9994945827727612,0.007368958949762305,0.3792,0.6813703537841469,0.5581876724931003,0.21136154553817849,0.8012533572068039,0.7411553963278101,0.5618675252989881
F_microarray_only__knn__18_rank__post0,F_microarray_only,knn,18_rank,False,high,False,False,False,False,False,6.0,18.0,0.6666666666666667,0.5923710180989671,0.7296293788526241,0.7292333333333333,0.9051169581721064,0.9234337871596882,-2.3630753420711414e-07,0.4681,0.5566502463054187,0.68721251149954,0.5124195032198712,0.45702775290957925,0.5821764442454097,0.7587396504139834
D_malignant_only__strict__17_quantile__post1,D_malignant_only,strict,17_quantile,True,high,False,False,False,False,False,10.0,17.0,0.4117647058823529,0.5922802091011866,0.7687821300376719,0.74071,0.93133209599811,0.9279929341198564,-0.0008814641971012227,0.3226,0.6699507389162561,0.7217111315547378,0.6757129714811407,0.4650850492390331,0.5400806090461263,0.48114075436982523
K_ffpe_only__softimpute__02_median_scaling__post1,K_ffpe_only,softimpute,02_median_scaling,True,low,False,False,False,True,False,3.0,7.0,0.5714285714285714,0.5921505079246364,0.523455390856448,0.6845666666666667,0.8645501941213748,1.0,0.07149686643284514,0.4267,0.19838781907747424,0.5280588776448942,0.2939282428702852,0.9677708146821844,0.9189431258396775,0.6458141674333027
F_microarray_only__softimpute__15_fsqn_py__post0,F_microarray_only,softimpute,15_fsqn_py,False,high,False,False,False,False,False,6.0,18.0,0.6666666666666667,0.5918597714206815,0.7902703691312795,0.8234333333333334,0.9045092651912392,0.8448349425452742,-0.05170312277991114,0.5452,0.7335423197492164,0.9714811407543699,0.5071297148114076,0.22851387645478963,0.17442901925660545,0.9360625574977001
E3_iterative_r3__softimpute__20_shambhala__post0,E3_iterative_r3,softimpute,20_shambhala,False,high,False,False,False,False,False,10.0,18.0,0.4444444444444444,0.5916777075072673,0.859065705267485,0.77109,0.9372830603369552,0.7999484973424243,-0.17605776163729558,0.5246,0.8956560680698612,0.8316467341306347,0.7396504139834407,0.17815577439570277,0.01903269144648455,0.8859245630174793
F_microarray_only__softimpute__17_quantile__post0,F_microarray_only,softimpute,17_quantile,False,high,False,False,False,False,False,6.0,18.0,0.6666666666666667,0.5916338318092138,0.7901838435090934,0.8231666666666667,0.9045092651912392,0.8448349425452742,-0.05170312277991114,0.5452,0.7326466636811464,0.9710211591536339,0.5071297148114076,0.22851387645478963,0.17442901925660545,0.9360625574977001
A_confirmed_bad__softimpute__04_sva__post1,A_confirmed_bad,softimpute,04_sva,True,low,False,False,True,False,False,10.0,20.0,0.5,0.5914568537198513,0.8511405094442879,0.75982,0.9455396505443252,0.9976305015992836,-0.06853524595243082,0.14,0.8808777429467085,0.7932382704691813,0.8252069917203312,0.7470904207699194,0.12270488132557097,0.1796228150873965
H_affymetrix_extended__knn__31_ruv3prps__post1,H_affymetrix_extended,knn,31_ruv3prps,True,medium,False,False,False,False,False,5.0,11.0,0.5454545454545454,0.5914349027465536,0.8023521844964082,0.76692,0.8919887664884225,0.7467620911025582,-6.676794975843392e-05,0.4843,0.7630989699955217,0.8150873965041399,0.4310027598896044,0.1575649059982095,0.5736677115987461,0.8081876724931003
S0_no_removal__knn__04_sva__post0,S0_no_removal,knn,04_sva,False,low,False,False,False,False,False,11.0,24.0,0.5416666666666667,0.5906376534150882,0.7253193399135732,0.7141636363636364,0.9029865259457628,0.9976149196322194,0.001980849625888126,0.2962,0.5396327810120913,0.6389144434222631,0.4972401103955842,0.7461951656222023,0.696820420958352,0.4250229990800368
H_affymetrix_extended__strict__06_combat_seq__post1,H_affymetrix_extended,strict,06_combat_seq,True,medium,False,False,False,False,False,5.0,11.0,0.5454545454545454,0.5904291699138925,0.8914529840249922,0.7671,0.8785977887323645,0.8341716842896715,-0.0035580800490547793,0.4615,0.9498432601880877,0.8164673413063478,0.3514259429622815,0.20367054610564012,0.48611733094491716,0.735050597976081
C_rnaseq_only__knn__15_fsqn_py__post1,C_rnaseq_only,knn,15_fsqn_py,True,high,False,False,False,True,False,4.0,5.0,0.19999999999999996,0.5904002885724869,0.7164976504115931,0.6572,0.9120211261295856,0.9012945769014744,0.053719726985648975,0.4753,0.5208240035826243,0.44434222631094755,0.5519779208831647,0.35810205908683973,0.8831168831168831,0.7840386384544619
S0_no_removal__softimpute__25_angel__post0,S0_no_removal,softimpute,25_angel,False,high,False,False,False,False,False,11.0,24.0,0.5416666666666667,0.5901618429292657,0.8261871766530432,0.7813272727272728,0.9280607488717946,0.8724883280293362,-0.030519319450777793,0.4057,0.8190774742498881,0.8725850965961361,0.6444342226310947,0.3119964189794091,0.2861621137483206,0.6067157313707452
S0_no_removal__knn__31_ruv3prps__post0,S0_no_removal,knn,31_ruv3prps,False,medium,False,False,False,False,False,11.0,24.0,0.5416666666666667,0.5894181046776389,0.7241806554966556,0.7129272727272727,0.9013421207143404,0.9988638374898996,0.0015924370071064287,0.2935,0.5349305866547246,0.6327046918123275,0.48827046918123274,0.7694717994628469,0.6932377966860725,0.41789328426862926
A_confirmed_bad__softimpute__17_quantile__post1,A_confirmed_bad,softimpute,17_quantile,True,high,False,False,True,False,False,11.0,20.0,0.44999999999999996,0.589332935305115,0.7923694788896307,0.7482454545454545,0.9518952860747631,0.8385209340235242,-0.17623414150224465,0.5296,0.7371249440214958,0.7534498620055198,0.9144434222631095,0.2153088630259624,0.014106583072100314,0.9015639374425023
E2_iterative_r2__softimpute__18_rank__post1,E2_iterative_r2,softimpute,18_rank,True,high,False,False,False,False,False,11.0,18.0,0.38888888888888884,0.5891874897982076,0.8229278425768695,0.7889363636363637,0.8554502072013362,0.8600176269200078,-0.004170001696686576,0.4887,0.8137035378414689,0.8969641214351426,0.2548298068077277,0.2748433303491495,0.47693685624720106,0.8178472861085556
E3_iterative_r3__knn__14_qsmooth__post1,E3_iterative_r3,knn,14_qsmooth,True,high,False,False,False,False,False,10.0,17.0,0.4117647058823529,0.5890901193872343,0.7659965211644565,0.68067,0.9502260135733293,0.8973458568236125,-0.0005542246676858431,0.3909,0.6574115539632781,0.5179392824287029,0.8868445262189513,0.3393017009847807,0.5553067622033139,0.577736890524379
E2_iterative_r2__softimpute__15_fsqn_py__post1,E2_iterative_r2,softimpute,15_fsqn_py,True,high,False,False,False,False,False,11.0,18.0,0.38888888888888884,0.5888668772744925,0.8146333206841425,0.7849272727272727,0.9358515375574976,0.8419758251550098,-0.17491040495787485,0.5167,0.7948947604120018,0.8868445262189513,0.7249310027598896,0.22381378692927484,0.025302283922973578,0.8774149034038639
E3_iterative_r3__softimpute__20_shambhala__post1,E3_iterative_r3,softimpute,20_shambhala,True,high,False,True,False,False,False,10.0,17.0,0.4117647058823529,0.5887360738589642,0.8505115898594187,0.7699499999999999,0.937160034213676,0.8038603836204878,-0.17605776163729558,0.5246,0.8799820868786385,0.8261269549218031,0.7382704691812327,0.18307967770814682,0.01903269144648455,0.8859245630174793
S0_no_removal__softimpute__25_angel__post1,S0_no_removal,softimpute,25_angel,True,high,False,False,False,False,False,11.0,23.0,0.5217391304347826,0.5887275243646063,0.8196082253017188,0.7823272727272728,0.9281432695576644,0.8748157700904092,-0.0324100582135724,0.4095,0.8042991491267353,0.8771849126034958,0.6453541858325667,0.3160250671441361,0.2749664128974474,0.6145354185832567
J_ff_only__softimpute__19_tdm__post0,J_ff_only,softimpute,19_tdm,False,high,False,False,False,False,False,7.0,15.0,0.5333333333333333,0.5886093436393105,0.6784435345106815,0.7144714285714285,0.9205102497864408,0.9695329311780088,-0.0008626296073496187,0.4749,0.4500671742051052,0.641214351425943,0.6016559337626495,0.5196956132497762,0.541424093148231,0.7775988960441582
E2_iterative_r2__strict__15_fsqn_py__post1,E2_iterative_r2,strict,15_fsqn_py,True,high,False,False,False,False,False,11.0,18.0,0.38888888888888884,0.5885966898596166,0.7530873573256057,0.7155272727272727,0.9473257095685936,0.9122517230129128,0.019834451279401977,0.1446,0.6215853112404837,0.6448942042318307,0.8491260349586016,0.41853178155774395,0.8060904612628751,0.19135234590616376
D_malignant_only__strict__15_fsqn_py__post1,D_malignant_only,strict,15_fsqn_py,True,high,False,False,False,False,False,10.0,17.0,0.4117647058823529,0.5883058888715386,0.7684972498982485,0.73792,0.9302564810806316,0.9279917047714672,-0.0008900325094826633,0.3226,0.6686072548141514,0.7129714811407544,0.6632934682612696,0.4646374216651746,0.5391849529780565,0.48114075436982523
F_microarray_only__knn__04_sva__post1,F_microarray_only,knn,04_sva,True,low,False,False,False,False,False,6.0,17.0,0.6470588235294117,0.5882238953113351,0.7709956343441757,0.6907833333333334,0.8446579563975481,0.9985696808835204,0.009932270563100531,0.3884,0.67756381549485,0.5492180312787488,0.20975160993560257,0.7605192479856759,0.7559337214509628,0.5763569457221711
B_extended_bad__softimpute__15_fsqn_py__post0,B_extended_bad,softimpute,15_fsqn_py,False,high,False,False,True,False,False,10.0,16.0,0.375,0.5880548213833248,0.7658241111456547,0.75778,0.9502825138514563,0.838870637012406,-0.15815254565332948,0.5524,0.6569637259292431,0.7870285188592456,0.8873045078196872,0.2162041181736795,0.03694581280788178,0.9438822447102115
K_ffpe_only__knn__08_inmoose_combatseq__post1,K_ffpe_only,knn,08_inmoose_combatseq,True,medium,False,False,False,True,False,3.0,7.0,0.5714285714285714,0.5874561586232984,0.8422875444732091,0.6319666666666667,0.8711049383146149,0.8604503492916293,0.4545373169306845,0.4531,0.8596059113300493,0.37465501379944804,0.31922723091076355,0.27618621307072516,0.9988804299149127,0.6961821527138914
E2_iterative_r2__softimpute__15_fsqn_py__post0,E2_iterative_r2,softimpute,15_fsqn_py,False,high,False,False,False,False,False,11.0,19.0,0.42105263157894735,0.5872413508524993,0.8242987598222108,0.7844727272727273,0.9366756039082126,0.838232277264857,-0.17491040495787485,0.5048,0.8172861621137483,0.8854645814167433,0.733670653173873,0.2135183527305282,0.025302283922973578,0.8482060717571297
H_affymetrix_extended__softimpute__11_harmony__post0,H_affymetrix_extended,softimpute,11_harmony,False,medium,False,False,False,False,False,6.0,12.0,0.5,0.5872160822970922,0.8735975161762886,0.7921166666666667,0.8442307122321658,0.5360604156990492,-0.00283063803665784,0.5361,0.9171518137035378,0.905933762649494,0.20791168353265868,0.0801253357206804,0.49888042991491266,0.9132934682612696
K_ffpe_only__softimpute__05_combat__post0,K_ffpe_only,softimpute,05_combat,False,medium,False,False,False,True,False,3.0,8.0,0.625,0.5871763094705192,0.8571034222241048,0.624,0.663761224967207,0.9908424681914634,0.2302565381781455,0.4531,0.8918495297805643,0.34153633854645815,0.02276908923643054,0.5805729632945389,0.9901477832512315,0.6961821527138914
F_microarray_only__softimpute__19_tdm__post0,F_microarray_only,softimpute,19_tdm,False,high,False,False,False,False,False,6.0,18.0,0.6666666666666667,0.5870118880350982,0.7273264844259288,0.7925166666666666,0.8278605732154235,0.9860411481723078,-0.0025446120087472823,0.496,0.5467980295566502,0.9080036798528058,0.16605335786568537,0.5698299015219338,0.5011195700850873,0.8302667893284269
K_ffpe_only__softimpute__29_combat_ref__post0,K_ffpe_only,softimpute,29_combat_ref,False,medium,False,False,False,True,False,3.0,8.0,0.625,0.5866196296397095,0.8571034222241048,0.624,0.6637630959025999,0.9908109742821838,0.20167291083645428,0.4531,0.8918495297805643,0.34153633854645815,0.023459061637534497,0.5796777081468218,0.987012987012987,0.6961821527138914
J_ff_only__strict__20_shambhala__post0,J_ff_only,strict,20_shambhala,False,high,False,False,False,False,False,7.0,15.0,0.5333333333333333,0.5864840385700424,0.75465605129267,0.7561428571428571,0.977696862241431,0.8474429832607282,-0.07738455982390624,0.4753,0.6291983878190774,0.7792088316467342,0.9866605335786569,0.2314234556848702,0.10837438423645321,0.7840386384544619
K_ffpe_only__knn__06_combat_seq__post1,K_ffpe_only,knn,06_combat_seq,True,medium,False,False,False,True,False,3.0,7.0,0.5714285714285714,0.5863041456169787,0.8422875444732091,0.6319666666666667,0.8691723910838188,0.8604503573291172,0.4545373169306845,0.4531,0.8596059113300493,0.37465501379944804,0.31186752529898804,0.2766338406445837,0.9988804299149127,0.6961821527138914
H_affymetrix_extended__softimpute__04_sva__post1,H_affymetrix_extended,softimpute,04_sva,True,low,False,False,False,False,False,5.0,11.0,0.5454545454545454,0.5861811322554116,0.8840092826154123,0.74594,0.8412302553309987,0.9974999886696518,-0.045659328303185864,0.4525,0.9390953873712494,0.7437902483900644,0.19871205151793928,0.7426141450313339,0.20152261531571877,0.6913523459061638
F_microarray_only__softimpute__17_quantile__post1,F_microarray_only,softimpute,17_quantile,True,high,False,False,False,False,False,6.0,17.0,0.6470588235294117,0.5861605493413674,0.7773344169017713,0.8221833333333334,0.9039710966107082,0.8484540079620682,-0.05170329735167873,0.5452,0.7008508732646663,0.9696412143514259,0.5029898804047838,0.2338854073410922,0.1735333631885356,0.9360625574977001
F_microarray_only__softimpute__15_fsqn_py__post1,F_microarray_only,softimpute,15_fsqn_py,True,high,False,False,False,False,False,6.0,17.0,0.6470588235294117,0.5859325841354496,0.7771625458412226,0.8215666666666667,0.9039710966107082,0.8484540079620682,-0.05170329735167873,0.5452,0.7004030452306315,0.968721251149954,0.5029898804047838,0.2338854073410922,0.1735333631885356,0.9360625574977001
B_extended_bad__softimpute__18_rank__post0,B_extended_bad,softimpute,18_rank,False,high,False,False,True,False,False,10.0,16.0,0.375,0.5854220773340982,0.768487187632455,0.74393,0.8921376403229638,0.8576853726051944,0.0,0.4831,0.6681594267801164,0.7318307267709292,0.43238270469181234,0.26454789615040286,0.6094939543215405,0.8061177552897885
A_confirmed_bad__knn__36_explobatch__post0,A_confirmed_bad,knn,36_explobatch,False,medium,False,False,True,False,False,11.0,21.0,0.47619047619047616,0.5850855434714158,0.729105698609147,0.6847454545454545,0.9471504741704124,1.0,0.0,0.0,0.5528437080161218,0.5287488500459981,0.8447562097516099,0.9677708146821844,0.6094939543215405,0.0068997240110395585
A_confirmed_bad__knn__01_raw__post0,A_confirmed_bad,knn,01_raw,False,low,False,False,True,False,True,11.0,21.0,0.47619047619047616,0.5850855434714158,0.729105698609147,0.6847454545454545,0.9471504741704124,1.0,0.0,0.0,0.5528437080161218,0.5287488500459981,0.8447562097516099,0.9677708146821844,0.6094939543215405,0.0068997240110395585
E1_iterative_r1__softimpute__14_qsmooth__post0,E1_iterative_r1,softimpute,14_qsmooth,False,high,False,False,False,False,False,11.0,20.0,0.44999999999999996,0.5846639804538303,0.8014599019395641,0.786009090909091,0.9510464546922022,0.85555861034932,-0.07453899357969251,0.4003,0.7595163457232422,0.8891444342226311,0.9015639374425023,0.25156669650850494,0.1141961486789073,0.5919963201471942
D_malignant_only__softimpute__19_tdm__post1,D_malignant_only,softimpute,19_tdm,True,high,False,False,False,False,False,10.0,17.0,0.4117647058823529,0.5841581523936106,0.7733636255914383,0.74558,0.9298674504172972,0.979899007733347,-0.023363847935505666,0.3636,0.6856247201074788,0.7419503219871205,0.6600735970561178,0.5452103849597135,0.3233318405732199,0.5487580496780129
E2_iterative_r2__knn__17_quantile__post0,E2_iterative_r2,knn,17_quantile,False,high,False,False,False,False,False,11.0,19.0,0.42105263157894735,0.5840542932139748,0.7564977623008474,0.7026727272727272,0.9533807945484016,0.9013577182007352,0.00016839308386484841,0.2398,0.6341244961934617,0.5947562097516099,0.9291628334866605,0.35966875559534467,0.6542767577250336,0.33233670653173875
K_ffpe_only__softimpute__08_inmoose_combatseq__post1,K_ffpe_only,softimpute,08_inmoose_combatseq,True,medium,False,False,False,True,False,3.0,7.0,0.5714285714285714,0.5835204853913671,0.8416075101864429,0.6304,0.8715071894240797,0.8568556230254535,0.40331883005317415,0.4531,0.8578145991939096,0.3668353265869365,0.32290708371665133,0.2620859444941808,0.9952978056426333,0.6961821527138914
H_affymetrix_extended__knn__01_raw__post0,H_affymetrix_extended,knn,01_raw,False,low,False,False,False,False,True,6.0,12.0,0.5,0.5833334386041251,0.766411563445005,0.7133333333333334,0.8653455145407779,1.0,0.0,0.2353,0.6605463502015226,0.6356945722171113,0.2999080036798528,0.9677708146821844,0.6094939543215405,0.3265869365225391
G_affymetrix_only__strict__09_ruv__post1,G_affymetrix_only,strict,09_ruv,True,medium,False,False,False,True,False,2.0,2.0,0.0,0.5832247633395528,0.5980097446436448,0.5980000000000001,0.9605040820203404,0.6889536066408802,0.044127551741408755,0.56,0.3493058665472459,0.25390984360625574,0.9503219871205152,0.12757385854968667,0.8669950738916257,0.9512419503219871
B_extended_bad__softimpute__20_shambhala__post0,B_extended_bad,softimpute,20_shambhala,False,high,False,False,True,False,False,10.0,16.0,0.375,0.5829834343523961,0.8197550290639659,0.7562300000000001,0.9396296901988472,0.8033233244828024,-0.15815254565332948,0.5421,0.8047469771607703,0.7796688132474701,0.7681692732290708,0.18173679498657117,0.03694581280788178,0.9266329346826127
E1_iterative_r1__knn__17_quantile__post0,E1_iterative_r1,knn,17_quantile,False,high,False,False,False,False,False,11.0,20.0,0.44999999999999996,0.5827353607193971,0.7636891834898559,0.6949636363636363,0.9539208232258036,0.901422153783724,0.00016500649219686192,0.2381,0.6533811016569637,0.5653173873045079,0.9328426862925483,0.36168307967770813,0.6533811016569637,0.3298068077276909
J_ff_only__softimpute__27_dwd__post0,J_ff_only,softimpute,27_dwd,False,medium,False,False,False,False,False,7.0,15.0,0.5333333333333333,0.5823542634560828,0.665475991501976,0.7126571428571429,0.8964966824300149,0.9999943122707424,3.2917603002280416e-06,0.3252,0.43304970891177785,0.6306347746090156,0.4579116835326587,0.8397493285586393,0.6412897447380206,0.49149034038638456
C_rnaseq_only__strict__26_xpn__post0,C_rnaseq_only,strict,26_xpn,False,high,False,False,False,False,False,5.0,6.0,0.16666666666666663,0.5822588749944431,0.6677450309542504,0.6254,0.9346664355545984,0.9813562430655698,0.024539724853166134,0.4188,0.43842364532019706,0.3482060717571297,0.7079116835326587,0.549686660698299,0.8163905060456784,0.6329346826126955
E1_iterative_r1__strict__18_rank__post1,E1_iterative_r1,strict,18_rank,True,high,False,False,False,False,False,11.0,19.0,0.42105263157894735,0.5822310006718949,0.7392461997083377,0.7149090909090909,0.9432022627529906,0.9157552030489506,0.018695332404639164,0.1667,0.5759068517689208,0.6430542778288868,0.8072677092916284,0.43464637421665175,0.8020600089565607,0.23045078196872126
K_ffpe_only__knn__02_median_scaling__post1,K_ffpe_only,knn,02_median_scaling,True,low,False,False,False,True,False,3.0,7.0,0.5714285714285714,0.5819514833295778,0.5162743212385061,0.6744666666666667,0.8887197439639968,0.9999978798828156,0.06390534137959786,0.4167,0.17733990147783252,0.4990800367985281,0.4126034958601656,0.8751119068934646,0.8992386923421406,0.6283348666053358
K_ffpe_only__softimpute__06_combat_seq__post1,K_ffpe_only,softimpute,06_combat_seq,True,medium,False,False,False,True,False,3.0,7.0,0.5714285714285714,0.5819105497887912,0.8416075101864429,0.6304,0.8695970934179978,0.8568556230254535,0.40331883005317415,0.4531,0.8578145991939096,0.3668353265869365,0.31324747010119597,0.2620859444941808,0.9952978056426333,0.6961821527138914
G_affymetrix_only__knn__18_rank__post1,G_affymetrix_only,knn,18_rank,True,high,False,False,False,True,False,0.0,,,0.5818217633733331,0.6733001658374793,,,0.9033302461856996,0.07501212205547392,,0.44469323779668607,,,0.37600716204118173,0.9247648902821317,
E2_iterative_r2__softimpute__19_tdm__post0,E2_iterative_r2,softimpute,19_tdm,False,high,False,False,False,False,False,11.0,19.0,0.42105263157894735,0.5816748415549887,0.7938272815527365,0.7416,0.9380806493483792,0.9744124598819736,-0.06968375976264046,0.4166,0.741603224361845,0.7247010119595216,0.7474701011959521,0.5282005371530887,0.12180922525750112,0.6262649494020239
E1_iterative_r1__strict__14_qsmooth__post0,E1_iterative_r1,strict,14_qsmooth,False,high,False,False,False,False,False,11.0,20.0,0.44999999999999996,0.5812840903914506,0.8001400481530082,0.7396636363636364,0.953331688881998,0.9021949621343572,0.0002783313486729444,0.1132,0.754590237348858,0.7175712971481141,0.9287028518859246,0.36974037600716203,0.6614420062695925,0.05565777368905244
H_affymetrix_extended__strict__08_inmoose_combatseq__post1,H_affymetrix_extended,strict,08_inmoose_combatseq,True,medium,False,False,False,False,False,5.0,11.0,0.5454545454545454,0.5809654543921655,0.8848621260983838,0.7525999999999999,0.8786126497549596,0.8341299848761751,-0.0035580800490547793,0.4615,0.9408866995073891,0.7686292548298068,0.3518859245630175,0.20322291853178157,0.48611733094491716,0.735050597976081
D_malignant_only__strict__19_tdm__post1,D_malignant_only,strict,19_tdm,True,high,False,False,False,False,False,10.0,17.0,0.4117647058823529,0.5807422703089872,0.7342353472378403,0.7566200000000001,0.9271543713903212,0.9811499021223709,-0.009445832710471558,0.3333,0.5669502910882221,0.7828886844526219,0.6389144434222631,0.5492390331244404,0.438871473354232,0.5075896964121435
K_ffpe_only__knn__13_fsmvn__post0,K_ffpe_only,knn,13_fsmvn,False,medium,False,False,False,True,False,3.0,8.0,0.625,0.5801475199801999,0.587788391954934,0.6415666666666667,0.8913305509728392,0.9999999999679838,0.0976727120776672,0.2975,0.3385579937304075,0.39742410303587855,0.4250229990800368,0.9335273052820053,0.9587998208687863,0.4275528978840846
S0_no_removal__knn__15_fsqn_py__post0,S0_no_removal,knn,15_fsqn_py,False,high,False,False,False,False,False,11.0,24.0,0.5416666666666667,0.579903501577885,0.7282153769349834,0.7063272727272728,0.9287000752882492,0.9029210096893616,0.00021257407725028266,0.4223,0.5512763098969996,0.609475620975161,0.6494940202391905,0.373769024171889,0.6574115539632781,0.6379944802207912
H_affymetrix_extended__knn__08_inmoose_combatseq__post1,H_affymetrix_extended,knn,08_inmoose_combatseq,True,medium,False,False,False,False,False,5.0,11.0,0.5454545454545454,0.5793992183857447,0.8174862332114525,0.79872,0.8591423441944197,0.8363763052106299,-0.018973001974641135,0.5368,0.800268696820421,0.9250229990800368,0.26954921803127874,0.20904207699194272,0.35691894312583966,0.9155933762649494
D_malignant_only__knn__25_angel__post0,D_malignant_only,knn,25_angel,False,high,False,False,False,False,False,10.0,18.0,0.4444444444444444,0.5791622752256624,0.7520025859922184,0.76259,0.9341408802582384,0.9287292533481588,-0.015813129057306363,0.3333,0.6144200626959248,0.7999080036798528,0.702391904323827,0.4673231871083259,0.38334079713390057,0.5075896964121435
K_ffpe_only__strict__13_fsmvn__post0,K_ffpe_only,strict,13_fsmvn,False,medium,False,False,False,True,False,3.0,8.0,0.625,0.5790535412553346,0.5825876865819286,0.6438333333333334,0.8922666933887853,0.9999999999454648,0.09154133416254812,0.2975,0.33004926108374383,0.4034038638454462,0.43330266789328425,0.9319606087735004,0.948051948051948,0.4275528978840846
J_ff_only__knn__27_dwd__post0,J_ff_only,knn,27_dwd,False,medium,False,False,False,False,False,7.0,15.0,0.5333333333333333,0.5789814408597284,0.6557024041683742,0.6917142857142856,0.9356033544420012,0.999994246868739,3.2912515256500186e-06,0.2213,0.4173757277205553,0.5524379024839007,0.718721251149954,0.8388540734109221,0.6408419167039857,0.30565777368905245
E2_iterative_r2__strict__14_qsmooth__post0,E2_iterative_r2,strict,14_qsmooth,False,high,False,False,False,False,False,11.0,19.0,0.42105263157894735,0.5788223725285944,0.7954076890030676,0.7427545454545453,0.953186102840722,0.9078353149212997,-0.00010115142687339151,0.1188,0.7451858486341245,0.7267709291628335,0.9277828886844526,0.39346463742166515,0.5723242274966412,0.10740570377184913
S0_no_removal__knn__17_quantile__post0,S0_no_removal,knn,17_quantile,False,high,False,False,False,False,False,11.0,24.0,0.5416666666666667,0.5786062303390914,0.7274283846193734,0.7051636363636363,0.9289134281255615,0.902955526233899,0.00022193516271939995,0.4187,0.5472458575906852,0.6057957681692733,0.6522539098436062,0.3746642793196061,0.6592028660994178,0.6324747010119596
J_ff_only__softimpute__04_sva__post1,J_ff_only,softimpute,04_sva,True,low,False,False,False,False,False,7.0,14.0,0.5,0.578254793835978,0.7004486937739625,0.6875285714285714,0.9154374342084346,0.9968572577745588,-0.00013551662130517617,0.3871,0.48365427675772504,0.5354185832566697,0.5722171113155474,0.7350044762757386,0.5696372592924317,0.5735970561177552
I_rare_batches_removed__knn__18_rank__post1,I_rare_batches_removed,knn,18_rank,True,high,False,False,False,False,False,9.0,14.0,0.3571428571428571,0.5775679160580568,0.7818286171626255,0.6629444444444444,0.93864910928602,0.9022667557959302,-0.0009254855557024322,0.4191,0.7102552619793999,0.4595216191352346,0.7566697332106715,0.37063563115487913,0.5349305866547246,0.6333946642134315
F_microarray_only__softimpute__09_ruv__post0,F_microarray_only,softimpute,09_ruv,False,medium,False,False,False,False,False,6.0,18.0,0.6666666666666667,0.5767723777073702,0.8189718150581374,0.8275833333333334,0.9179978316914128,0.6325673946035374,-0.04297834316021265,0.4747,0.8020600089565607,0.9779208831646734,0.5827966881324746,0.10653536257833482,0.2180922525750112,0.7732290708371665
E2_iterative_r2__softimpute__14_qsmooth__post0,E2_iterative_r2,softimpute,14_qsmooth,False,high,False,False,False,False,False,11.0,19.0,0.42105263157894735,0.5767294272243166,0.7903396463222935,0.7831454545454545,0.9507529217524598,0.8561308502916156,-0.07644574231437468,0.3942,0.7339901477832512,0.8817847286108556,0.8974241030358786,0.25604297224709044,0.109717868338558,0.5814167433302668
F_microarray_only__softimpute__05_combat__post1,F_microarray_only,softimpute,05_combat,True,medium,False,False,False,False,False,6.0,17.0,0.6470588235294117,0.5767278618399587,0.8638173785138209,0.70825,0.7007387335787343,0.8846183114477119,0.1995658946680013,0.4,0.9014778325123153,0.6163753449862005,0.03541858325666973,0.3294538943598926,0.986565158978952,0.5910763569457221
E1_iterative_r1__softimpute__08_inmoose_combatseq__post1,E1_iterative_r1,softimpute,08_inmoose_combatseq,True,medium,False,False,False,False,False,10.0,19.0,0.4736842105263158,0.5765505955545146,0.8888274741730082,0.79887,0.951172292685873,0.8621906091300483,-0.05615873575180019,0.1698,0.9476041200179132,0.9254829806807727,0.9047838086476541,0.2831244404655327,0.16233766233766234,0.23597056117755288
E1_iterative_r1__softimpute__14_qsmooth__post1,E1_iterative_r1,softimpute,14_qsmooth,True,high,False,False,False,False,False,11.0,19.0,0.42105263157894735,0.5754660565307058,0.7898971687252399,0.7842181818181818,0.951043473494386,0.8574339643162965,-0.07958490343518654,0.3891,0.7321988356471115,0.8840846366145354,0.9006439742410304,0.26410026857654434,0.09449171518137035,0.577276908923643
I_rare_batches_removed__knn__01_raw__post1,I_rare_batches_removed,knn,01_raw,True,low,False,False,False,False,True,9.0,14.0,0.3571428571428571,0.5746487023990069,0.7652366106515112,0.6553888888888889,0.8841819679169755,1.0,-0.0009254855557024322,0.3126,0.6551724137931034,0.4411223551057958,0.39006439742410304,0.9677708146821844,0.5349305866547246,0.4588316467341306
C_rnaseq_only__knn__14_qsmooth__post1,C_rnaseq_only,knn,14_qsmooth,True,high,False,False,False,True,False,4.0,5.0,0.19999999999999996,0.5741964388685257,0.6991436979502562,0.642625,0.907678781711594,0.9028441975551412,0.05227226633479776,0.4753,0.48096730855351544,0.3999540018399264,0.5271389144434223,0.3728737690241719,0.880206000895656,0.7840386384544619
E1_iterative_r1__strict__14_qsmooth__post1,E1_iterative_r1,strict,14_qsmooth,True,high,False,False,False,False,False,11.0,19.0,0.42105263157894735,0.5737550571106365,0.7960983087200776,0.7431,0.9531861028407218,0.9080755475934312,-0.0009011326465027114,0.1188,0.7460815047021944,0.7290708371665133,0.9273229070837167,0.39391226499552373,0.5387371249440215,0.10740570377184913
I_rare_batches_removed__knn__15_fsqn_py__post1,I_rare_batches_removed,knn,15_fsqn_py,True,high,False,False,False,False,False,9.0,14.0,0.3571428571428571,0.5736774869061604,0.7887905086330783,0.6739111111111111,0.9321825765754947,0.901563612052859,-0.0006746842355414007,0.416,0.7250335871025526,0.49678012879484823,0.6844526218951242,0.3621307072515667,0.5499328257948948,0.6237350505979761
I_rare_batches_removed__knn__17_quantile__post1,I_rare_batches_removed,knn,17_quantile,True,high,False,False,False,False,False,9.0,14.0,0.3571428571428571,0.5736754279016808,0.7885766242097215,0.6736555555555556,0.932736619697938,0.9016058270396652,-0.0006616732348563859,0.4147,0.7241379310344828,0.49586016559337626,0.6881324747010119,0.36257833482542523,0.5508284818629646,0.6205151793928243
J_ff_only__knn__19_tdm__post0,J_ff_only,knn,19_tdm,False,high,False,False,False,False,False,7.0,15.0,0.5333333333333333,0.5734828041752493,0.664116611801915,0.7097428571428571,0.937302739330344,0.96925781050218,-0.0008635299359551762,0.4,0.43081056874160323,0.6186752529898804,0.7401103955841767,0.5192479856759177,0.5409762651141962,0.5910763569457221
S0_no_removal__strict__17_quantile__post1,S0_no_removal,strict,17_quantile,True,high,False,False,False,False,False,11.0,23.0,0.5217391304347826,0.5731482639569475,0.8032863576534338,0.7156363636363636,0.934252961890732,0.9149937306881024,-0.00133255011500244,0.2649,0.7666815942678011,0.6453541858325667,0.704231830726771,0.43196060877350045,0.5203761755485894,0.3702851885924563
F_microarray_only__softimpute__05_combat__post0,F_microarray_only,softimpute,05_combat,False,medium,False,False,False,False,False,6.0,18.0,0.6666666666666667,0.5727810309952249,0.8714482760113698,0.70845,0.700865711199677,0.8644049628806436,0.2097598858534937,0.4,0.9131213613972234,0.6172953081876725,0.035878564857405704,0.29051029543419876,0.9888042991491267,0.5910763569457221
G_affymetrix_only__softimpute__05_combat__post1,G_affymetrix_only,softimpute,05_combat,True,medium,False,False,False,True,False,0.0,,,0.5720247399931282,0.989260897030954,,,0.9559976377442874,-0.04230893531276836,,0.9885803851321092,,,0.5062667860340196,0.22122704881325572,
I_rare_batches_removed__knn__27_dwd__post0,I_rare_batches_removed,knn,27_dwd,False,medium,False,False,False,False,False,9.0,15.0,0.4,0.5716468489093002,0.7731389949597186,0.6384,0.8898981540946748,0.9992075548266512,-1.9038340399180065e-06,0.3837,0.6847290640394089,0.390524379024839,0.4172033118675253,0.7887197851387645,0.5799373040752351,0.5687672493100276
B_extended_bad__softimpute__15_fsqn_py__post1,B_extended_bad,softimpute,15_fsqn_py,True,high,False,False,True,False,False,10.0,15.0,0.33333333333333337,0.5715760146831151,0.7513704746456161,0.75909,0.9485767698414928,0.8428406324680819,-0.15815254565332948,0.527,0.6112852664576802,0.7902483900643974,0.8702851885924563,0.2269471799462847,0.03694581280788178,0.8937442502299908
B_extended_bad__softimpute__08_inmoose_combatseq__post1,B_extended_bad,softimpute,08_inmoose_combatseq,True,medium,False,False,True,False,False,10.0,15.0,0.33333333333333337,0.5714945378718715,0.8218185698851724,0.78701,0.9449690859301512,0.8747343252998496,-0.04471434456313572,0.2737,0.8107926556202418,0.891214351425943,0.8199172033118676,0.31535362578334825,0.20622480967308554,0.38546458141674333
B_extended_bad__softimpute__06_combat_seq__post1,B_extended_bad,softimpute,06_combat_seq,True,medium,False,False,True,False,False,10.0,15.0,0.33333333333333337,0.5714945378718715,0.8218185698851724,0.78701,0.9449690859301512,0.8747343252998496,-0.04471434456313572,0.2737,0.8107926556202418,0.891214351425943,0.8199172033118676,0.31535362578334825,0.20622480967308554,0.38546458141674333
B_extended_bad__softimpute__18_rank__post1,B_extended_bad,softimpute,18_rank,True,high,False,False,True,False,False,10.0,15.0,0.33333333333333337,0.5712651172088912,0.7530870546016912,0.74901,0.8907859387311328,0.8622083358369715,-0.005289858097192013,0.5146,0.6211374832064487,0.7552897884084636,0.42272309107635697,0.2837958818263205,0.4702194357366771,0.87442502299908
S0_no_removal__strict__15_fsqn_py__post1,S0_no_removal,strict,15_fsqn_py,True,high,False,False,False,False,False,11.0,23.0,0.5217391304347826,0.5712479121195118,0.8024172077450424,0.7138272727272728,0.9334814890531749,0.9149840723895506,-0.0013374791174697864,0.2696,0.7639946260635916,0.6375344986200552,0.6982520699172033,0.4315129811996419,0.5199283475145544,0.37626494940202393
S0_no_removal__knn__36_explobatch__post0,S0_no_removal,knn,36_explobatch,False,medium,False,False,False,False,False,11.0,24.0,0.5416666666666667,0.5707484418772365,0.7240677370303845,0.7125272727272727,0.9013429735520728,0.9988747959282912,-2.817822086775834e-10,0.2935,0.5338110165696373,0.6292548298068077,0.48942042318307266,0.7699194270367055,0.5841916703985669,0.41789328426862926
E1_iterative_r1__knn__18_rank__post0,E1_iterative_r1,knn,18_rank,False,high,False,False,False,False,False,11.0,20.0,0.44999999999999996,0.5705726068442569,0.7561570131385514,0.6958818181818182,0.9579248781399898,0.9020214855705349,0.0,0.2137,0.6336766681594268,0.5685372585096596,0.9466421343146274,0.3683974932855864,0.6094939543215405,0.296688132474701
D_malignant_only__softimpute__15_fsqn_py__post0,D_malignant_only,softimpute,15_fsqn_py,False,high,False,False,False,False,False,10.0,18.0,0.4444444444444444,0.5704998141049367,0.7060019724097125,0.75642,0.9452810303003608,0.927853452118603,-0.015938485197720398,0.3226,0.4917151813703538,0.781508739650414,0.8224471021159153,0.464189794091316,0.3819973130317958,0.48114075436982523
S0_no_removal__knn__27_dwd__post0,S0_no_removal,knn,27_dwd,False,medium,False,False,False,False,False,11.0,24.0,0.5416666666666667,0.5703109088655994,0.7241806554966556,0.7129272727272727,0.9013421207143404,0.9988301876447648,-1.494065015927859e-06,0.2935,0.5349305866547246,0.6327046918123275,0.48827046918123274,0.7676812891674127,0.58038513210927,0.41789328426862926
E1_iterative_r1__knn__01_raw__post0,E1_iterative_r1,knn,01_raw,False,low,False,False,False,False,True,11.0,20.0,0.44999999999999996,0.5702706203197226,0.7454152707816942,0.6506909090909091,0.9448882684277768,1.0,0.0,0.0,0.5909090909090909,0.4282428702851886,0.8183072677092916,0.9677708146821844,0.6094939543215405,0.0068997240110395585
E1_iterative_r1__knn__36_explobatch__post0,E1_iterative_r1,knn,36_explobatch,False,medium,False,False,False,False,False,11.0,20.0,0.44999999999999996,0.5702706203197226,0.7454152707816942,0.6506909090909091,0.9448882684277768,1.0,0.0,0.0,0.5909090909090909,0.4282428702851886,0.8183072677092916,0.9677708146821844,0.6094939543215405,0.0068997240110395585
K_ffpe_only__strict__07_pycombat__post1,K_ffpe_only,strict,07_pycombat,True,medium,False,False,False,True,False,3.0,7.0,0.5714285714285714,0.5702547243840571,0.6474273378647675,0.6370999999999999,0.9090597981918764,0.9999999635197544,0.03858742874910509,0.2364,0.40349305866547247,0.38638454461821525,0.5340386384544619,0.9093554162936437,0.8598298253470668,0.32842686292548295
C_rnaseq_only__knn__11_harmony__post1,C_rnaseq_only,knn,11_harmony,True,medium,False,False,False,True,False,4.0,5.0,0.19999999999999996,0.5697631137666735,0.6469288093733122,0.5991,0.9540067540468816,0.6653384245737729,0.03241850047506556,0.5148,0.40214957456336764,0.2562097516099356,0.9333026678932843,0.11324977618621307,0.838781907747425,0.874885004599816
E1_iterative_r1__softimpute__06_combat_seq__post1,E1_iterative_r1,softimpute,06_combat_seq,True,medium,False,False,False,False,False,10.0,19.0,0.4736842105263158,0.5696571028213177,0.8831497847636879,0.78809,0.951164559451525,0.8621906091300483,-0.05615873575180019,0.1702,0.9377519032691446,0.8942042318307267,0.9038638454461821,0.2831244404655327,0.16233766233766234,0.23666053357865685
E2_iterative_r2__knn__14_qsmooth__post1,E2_iterative_r2,knn,14_qsmooth,True,high,False,False,False,False,False,10.0,18.0,0.4444444444444444,0.5696455186697081,0.7523364955815594,0.70003,0.950647926852478,0.8980065757338817,0.002329235695204046,0.1956,0.6171070309001343,0.5827966881324746,0.8960441582336707,0.3428827215756491,0.7044334975369458,0.2746090156393744
C_rnaseq_only__softimpute__10_mnn__post0,C_rnaseq_only,softimpute,10_mnn,False,medium,False,False,False,False,False,5.0,6.0,0.16666666666666663,0.5694979585261656,0.7679507614652273,0.72542,0.985136904694983,0.0047316384916691,-0.07836477368093575,0.5459,0.664576802507837,0.6752529898804048,0.9981600735970562,0.04252461951656222,0.096730855351545,0.9397424103035878
E2_iterative_r2__strict__19_tdm__post1,E2_iterative_r2,strict,19_tdm,True,high,False,False,False,False,False,10.0,18.0,0.4444444444444444,0.5693732252242762,0.7789226962664775,0.71099,0.9354228649052746,0.966952120068609,-0.0017897722958605256,0.249,0.7039856695029109,0.624655013799448,0.7152713891444342,0.5152193375111906,0.5109717868338558,0.34613615455381785
B_extended_bad__softimpute__17_quantile__post0,B_extended_bad,softimpute,17_quantile,False,high,False,False,True,False,False,10.0,16.0,0.375,0.5692996829108142,0.7599836734447277,0.74662,0.9477770886410712,0.8344570311793543,-0.15815254565332948,0.5428,0.6448723690103001,0.7451701931922723,0.8551057957681693,0.20546105640107432,0.03694581280788178,0.9282428702851886
S0_no_removal__strict__17_quantile__post0,S0_no_removal,strict,17_quantile,False,high,False,False,False,False,False,11.0,24.0,0.5416666666666667,0.5692815172907737,0.7652436125250072,0.7273,0.9409915660857352,0.916389183684,-0.00019617784807757221,0.2082,0.6556202418271384,0.6812327506899724,0.7856485740570377,0.4368845120859445,0.5660546350201523,0.2902483900643974
D_malignant_only__knn__05_combat__post0,D_malignant_only,knn,05_combat,False,medium,False,False,False,False,False,10.0,18.0,0.4444444444444444,0.569232821788728,0.848644604872294,0.73548,0.8158389997240333,0.9805102450715368,0.0012684686721534666,0.3125,0.8737124944021496,0.7046918123275069,0.14719411223551057,0.5474485228290062,0.6869682042095835,0.45538178472861085
S0_no_removal__strict__15_fsqn_py__post0,S0_no_removal,strict,15_fsqn_py,False,high,False,False,False,False,False,11.0,24.0,0.5416666666666667,0.5690596622782359,0.7651209243588034,0.7266181818181818,0.9406253624368353,0.9163793813837544,-0.00020054462588070532,0.2155,0.6547245857590686,0.6793928242870285,0.7796688132474701,0.43643688451208595,0.5656068069861173,0.2985280588776449
E1_iterative_r1__knn__25_angel__post0,E1_iterative_r1,knn,25_angel,False,high,False,False,False,False,False,11.0,20.0,0.44999999999999996,0.5690006433229944,0.7903845293246282,0.7412454545454547,0.9262720504507952,0.9221108415476652,-0.044171450432361814,0.4318,0.7344379758172862,0.7226310947562098,0.6338546458141674,0.4521038495971352,0.21182266009852216,0.6591536338546458
D_malignant_only__knn__18_rank__post0,D_malignant_only,knn,18_rank,False,high,False,False,False,False,False,10.0,18.0,0.4444444444444444,0.568563666571442,0.6782253888213474,0.71423,0.937823428153892,0.9362786579078264,0.0,0.3226,0.4491715181370354,0.6393744250229991,0.7456301747930083,0.4865711727842435,0.6094939543215405,0.48114075436982523
H_affymetrix_extended__softimpute__08_inmoose_combatseq__post1,H_affymetrix_extended,softimpute,08_inmoose_combatseq,True,medium,False,True,False,False,False,5.0,11.0,0.5454545454545454,0.5681545756223328,0.903992317176435,0.79416,0.8563617283721484,0.8390160174426684,-0.05197106085164971,0.5261,0.9655172413793104,0.9103035878564857,0.2575896964121435,0.21665174574753804,0.16995073891625614,0.8889144434222631
B_extended_bad__softimpute__20_shambhala__post1,B_extended_bad,softimpute,20_shambhala,True,high,False,False,True,False,False,10.0,15.0,0.33333333333333337,0.5681311814863715,0.8048250970120117,0.75335,0.9393489635757656,0.8075683020019934,-0.15815254565332948,0.521,0.7716077026421854,0.7704691812327507,0.765409383624655,0.18487018800358102,0.03694581280788178,0.8794848206071757
H_affymetrix_extended__softimpute__31_ruv3prps__post1,H_affymetrix_extended,softimpute,31_ruv3prps,True,medium,False,False,False,False,False,6.0,11.0,0.4545454545454546,0.5676841084821179,0.8512227909574779,0.7318000000000001,0.8944983001641479,0.6972154527261473,-0.027880141502455213,0.5462,0.8813255709807434,0.6945722171113156,0.4494020239190432,0.13473589973142344,0.3058665472458576,0.9402023919043239
J_ff_only__strict__20_shambhala__post1,J_ff_only,strict,20_shambhala,True,high,False,False,False,False,False,7.0,14.0,0.5,0.5676618465066284,0.733805480165521,0.7472714285714286,0.9782374306251352,0.849172523873077,-0.07736721682382885,0.4681,0.5651589789520824,0.7483900643974241,0.9889604415823368,0.2358997314234557,0.10882221227048813,0.7587396504139834
E2_iterative_r2__softimpute__14_qsmooth__post1,E2_iterative_r2,softimpute,14_qsmooth,True,high,False,False,False,False,False,11.0,18.0,0.38888888888888884,0.56754790851697,0.7782154820697613,0.7822363636363636,0.9508619510026654,0.858056491070862,-0.08174896902873502,0.3834,0.7026421854008061,0.8762649494020239,0.8992640294388224,0.26589077887197854,0.09314823107926556,0.5680772769089236
H_affymetrix_extended__softimpute__06_combat_seq__post1,H_affymetrix_extended,softimpute,06_combat_seq,True,medium,False,True,False,False,False,5.0,11.0,0.5454545454545454,0.5672548349553332,0.9030245135296354,0.79256,0.8566028038779907,0.8390193691522329,-0.05197106085164971,0.5261,0.9605911330049262,0.9084636614535418,0.25850965961361544,0.2170993733213966,0.16995073891625614,0.8889144434222631
E3_iterative_r3__strict__19_tdm__post0,E3_iterative_r3,strict,19_tdm,False,high,False,False,False,False,False,10.0,18.0,0.4444444444444444,0.5671420537917847,0.7792001681208437,0.7114900000000001,0.9353318425863304,0.968108381015855,-0.0031825076428089183,0.249,0.7044334975369458,0.6274149034038639,0.7143514259429623,0.5170098478066248,0.4935064935064935,0.34613615455381785
H_affymetrix_extended__softimpute__11_harmony__post1,H_affymetrix_extended,softimpute,11_harmony,True,medium,False,False,False,False,False,6.0,11.0,0.4545454545454546,0.566559551665835,0.8621002127733406,0.7921166666666667,0.8449311379494538,0.5390710368470107,-0.01548638965097393,0.5361,0.9005821764442454,0.905933762649494,0.21205151793928242,0.08057296329453895,0.38692342140618,0.9132934682612696
D_malignant_only__knn__15_fsqn_py__post0,D_malignant_only,knn,15_fsqn_py,False,high,False,False,False,False,False,10.0,18.0,0.4444444444444444,0.5662502976146669,0.6819012843282517,0.71784,0.9381745749593394,0.9359879595732142,-5.1219901311794214e-05,0.3226,0.45454545454545453,0.6536338546458141,0.7483900643974241,0.4852282900626679,0.5745633676668159,0.48114075436982523
E1_iterative_r1__knn__15_fsqn_py__post0,E1_iterative_r1,knn,15_fsqn_py,False,high,False,False,False,False,False,11.0,20.0,0.44999999999999996,0.5658373684002808,0.7600677445524151,0.6889727272727272,0.9528302415275772,0.901395216997864,0.0001647905176669351,0.1949,0.645320197044335,0.5400183992640294,0.9231830726770929,0.3603401969561325,0.6529332736229287,0.2732290708371665
A_confirmed_bad__knn__17_quantile__post0,A_confirmed_bad,knn,17_quantile,False,high,False,False,True,False,False,11.0,21.0,0.47619047619047616,0.5650348145581408,0.7583443110889851,0.7132454545454545,0.9542271988649352,0.9012246757500164,0.00013239296693112745,0.1335,0.6403940886699507,0.6352345906163753,0.9337626494940202,0.35720680393912263,0.6520376175548589,0.17157313707451702
E1_iterative_r1__knn__25_angel__post1,E1_iterative_r1,knn,25_angel,True,high,False,False,False,False,False,10.0,19.0,0.4736842105263158,0.5648299906692359,0.7920696573801456,0.74531,0.9252291693414486,0.9241386791230862,-0.044303519161264515,0.4122,0.7366771159874608,0.7396504139834407,0.6269549218031278,0.45792300805729635,0.21047917599641738,0.6172953081876725
D_malignant_only__softimpute__14_qsmooth__post1,D_malignant_only,softimpute,14_qsmooth,True,high,False,False,False,False,False,10.0,17.0,0.4117647058823529,0.5648085153662371,0.7496162961599515,0.72322,0.9420021700389394,0.928393936523336,-0.016460402641095384,0.3226,0.6032243618450515,0.6688132474701012,0.7953081876724931,0.4659803043867502,0.37438423645320196,0.48114075436982523
D_malignant_only__knn__17_quantile__post0,D_malignant_only,knn,17_quantile,False,high,False,False,False,False,False,10.0,18.0,0.4444444444444444,0.5646403286020617,0.680484004231266,0.71489,0.9382505235593572,0.936023233008304,-3.1052794001007467e-05,0.3226,0.45275414240931483,0.6425942962281509,0.749770009199632,0.4856759176365264,0.5759068517689208,0.48114075436982523
A_confirmed_bad__knn__04_sva__post0,A_confirmed_bad,knn,04_sva,False,low,False,False,True,False,False,11.0,21.0,0.47619047619047616,0.5641544684285741,0.7293538634185907,0.6853272727272727,0.9469243824476452,0.9970878664664607,0.002803133620336351,0.0,0.554858934169279,0.5303587856485741,0.8403863845446182,0.7394807520143241,0.7129422301836095,0.0068997240110395585
C_rnaseq_only__knn__17_quantile__post1,C_rnaseq_only,knn,17_quantile,True,high,False,False,False,True,False,4.0,5.0,0.19999999999999996,0.5640613800184752,0.6886087790032553,0.62585,0.9111262042512522,0.901289952741065,0.053718736360869435,0.4753,0.46350201522615314,0.35096596136154556,0.5455381784728611,0.3576544315129812,0.8826690550828482,0.7840386384544619
E2_iterative_r2__knn__15_fsqn_py__post0,E2_iterative_r2,knn,15_fsqn_py,False,high,False,False,False,False,False,11.0,19.0,0.42105263157894735,0.5637769922960816,0.753931489738842,0.6983727272727273,0.9521886163019136,0.9013309265087852,0.00016815590812069292,0.1798,0.6269592476489029,0.5758969641214351,0.9172033118675254,0.35877350044762757,0.6538289296909987,0.25
E2_iterative_r2__softimpute__08_inmoose_combatseq__post1,E2_iterative_r2,softimpute,08_inmoose_combatseq,True,medium,False,False,False,False,False,10.0,18.0,0.4444444444444444,0.563445246241218,0.8813335338643169,0.7965099999999999,0.9504295630086284,0.8633646142034075,-0.05753129875392843,0.1471,0.9332736229287953,0.920883164673413,0.890524379024839,0.2862578334825425,0.15562024182713838,0.19411223551057957
C_rnaseq_only__knn__10_mnn__post1,C_rnaseq_only,knn,10_mnn,True,medium,False,False,False,False,False,5.0,5.0,0.0,0.5625973241456129,0.7330227146403606,0.733,0.980885873542074,0.0234016186041561,-0.044567398688192594,0.5087,0.5624720107478728,0.6987120515179392,0.9958601655933763,0.050581915846016116,0.2077922077922078,0.860165593376265
A_confirmed_bad__knn__18_rank__post0,A_confirmed_bad,knn,18_rank,False,high,False,False,True,False,False,11.0,21.0,0.47619047619047616,0.5623580243336501,0.7532722739129007,0.6984727272727272,0.9570967130815902,0.9017832132241704,0.0,0.1833,0.6229287953425885,0.5763569457221711,0.9415823367065317,0.364816472694718,0.6094939543215405,0.25896964121435145
H_affymetrix_extended__knn__18_rank__post0,H_affymetrix_extended,knn,18_rank,False,high,False,False,False,False,False,6.0,12.0,0.5,0.5621566267093424,0.7872344154985402,0.7427166666666668,0.874480698314158,0.9144324557876856,0.0,0.3684,0.7210031347962382,0.7263109475620975,0.3344066237350506,0.4288272157564906,0.6094939543215405,0.5528978840846366
I_rare_batches_removed__softimpute__09_ruv__post0,I_rare_batches_removed,softimpute,09_ruv,False,medium,False,False,False,False,False,9.0,15.0,0.4,0.5617734728235882,0.8065754336356672,0.7958888888888889,0.9321686717438356,0.6735533729919977,-0.004391558167793741,0.2831,0.7756381549484997,0.9167433302667893,0.6839926402943882,0.11683079677708147,0.4738020600089566,0.4036338546458142
S0_no_removal__knn__18_rank__post0,S0_no_removal,knn,18_rank,False,high,False,False,False,False,False,11.0,24.0,0.5416666666666667,0.561768740417405,0.7244393419251031,0.7018090909090909,0.9243739803892468,0.9035344737333004,-2.817822086775834e-10,0.4314,0.5364979847738468,0.5901563937442502,0.624655013799448,0.37779767233661593,0.5841916703985669,0.6573137074517019
F_microarray_only__knn__25_angel__post0,F_microarray_only,knn,25_angel,False,high,False,False,False,False,False,6.0,18.0,0.6666666666666667,0.561448781602255,0.7679610183855554,0.7709999999999999,0.9016373905819356,0.9293055845186824,-0.041998913526598236,0.451,0.6650246305418719,0.8311867525298988,0.49126034958601655,0.4691136974037601,0.22167487684729065,0.6904323827046918
A_confirmed_bad__knn__31_ruv3prps__post0,A_confirmed_bad,knn,31_ruv3prps,False,medium,False,False,True,False,False,11.0,21.0,0.47619047619047616,0.5611141758548063,0.7280345669144468,0.6829999999999999,0.94714962133268,0.9990676816719308,0.0002186652847270265,0.0,0.5501567398119123,0.5236890524379025,0.843836246550138,0.7833482542524619,0.6587550380653829,0.0068997240110395585
A_confirmed_bad__knn__25_angel__post1,A_confirmed_bad,knn,25_angel,True,high,False,False,True,False,False,11.0,20.0,0.44999999999999996,0.5610396154267917,0.805630114933388,0.7552636363636364,0.919931073009576,0.9223047014540952,-0.052919144949550856,0.4011,0.7733990147783252,0.7759889604415824,0.5965961361545539,0.45434198746642795,0.16793551276309898,0.5979760809567617
F_microarray_only__knn__12_scanorama__post0,F_microarray_only,knn,12_scanorama,False,medium,False,False,False,False,False,6.0,18.0,0.6666666666666667,0.5597782290338181,0.822031323084424,0.8179166666666666,0.9008309360189086,-0.0058855768595431,-0.10535694605022372,0.6249,0.812360053739364,0.9650413983440662,0.484360625574977,0.03401969561324977,0.08105687416032244,0.9818307267709292
I_rare_batches_removed__softimpute__19_tdm__post1,I_rare_batches_removed,softimpute,19_tdm,True,high,False,False,False,False,False,9.0,14.0,0.3571428571428571,0.5597370672475134,0.8345622954363667,0.7536222222222223,0.8879014087458579,0.9743161520826368,-0.007069844667792424,0.248,0.8446036721898791,0.7709291628334867,0.40846366145354185,0.526857654431513,0.46350201522615314,0.34406623735050595
F_microarray_only__knn__18_rank__post1,F_microarray_only,knn,18_rank,True,high,False,False,False,False,False,6.0,17.0,0.6470588235294117,0.5596467654397973,0.7119785485725798,0.7240333333333333,0.9047155147503928,0.9229602392148308,-0.005924692077359017,0.4624,0.5087326466636811,0.671113155473781,0.5101195952161913,0.45613249776186215,0.4675324675324675,0.7442502299908004
K_ffpe_only__softimpute__04_sva__post0,K_ffpe_only,softimpute,04_sva,False,low,True,False,False,True,False,3.0,8.0,0.625,0.5595420994402244,0.8766447117557372,0.6763333333333333,0.806236874420494,0.6912517943632128,0.08111851850553764,0.4615,0.9238692342140618,0.5064397424103035,0.12925482980680772,0.12891674127126232,0.9337214509628303,0.735050597976081
F_microarray_only__strict__14_qsmooth__post0,F_microarray_only,strict,14_qsmooth,False,high,False,False,False,False,False,6.0,18.0,0.6666666666666667,0.5576360888597416,0.767128914623204,0.698,0.8838552268408675,0.9209117314557618,9.917708162943129e-06,0.4163,0.6636811464397672,0.5754369825206992,0.3873045078196872,0.44807520143240825,0.6466636811464398,0.624655013799448
S0_no_removal__strict__10_mnn__post1,S0_no_removal,strict,10_mnn,True,medium,False,False,False,False,False,10.0,23.0,0.5652173913043479,0.5576293295374602,0.6278393405842484,0.76159,0.949584904459038,-0.0301353507694636,-0.019261430197247353,0.5361,0.380653828929691,0.796228150873965,0.8776448942042319,0.025067144136078783,0.3528884908195253,0.9132934682612696
F_microarray_only__knn__12_scanorama__post1,F_microarray_only,knn,12_scanorama,True,medium,False,False,False,False,False,6.0,17.0,0.6470588235294117,0.557397982050158,0.8152777923424385,0.8178166666666667,0.9011822865571564,-0.0063321598429653,-0.10535699209779281,0.6249,0.7975817286162113,0.9645814167433303,0.48666053357865685,0.03312444046553268,0.08060904612628751,0.9818307267709292
D_malignant_only__softimpute__31_ruv3prps__post0,D_malignant_only,softimpute,31_ruv3prps,False,medium,False,False,False,False,False,10.0,18.0,0.4444444444444444,0.5573792746927916,0.7591188329374907,0.7242,0.9258635319180945,0.9999967582232816,-0.016552525333474677,0.1304,0.6426332288401254,0.672033118675253,0.6310947562097516,0.859892569382274,0.3734885803851321,0.16513339466421342
C_rnaseq_only__knn__22_tmm__post0,C_rnaseq_only,knn,22_tmm,False,low,False,False,False,False,False,5.0,6.0,0.16666666666666663,0.5569059997116194,0.6898707249871489,0.6291399999999999,0.9750834120959272,0.7944498349724974,-0.0013803579961687573,0.5003,0.46394984326018807,0.3624655013799448,0.9820607175712971,0.17323187108325871,0.5161218092252575,0.84360625574977
E2_iterative_r2__softimpute__06_combat_seq__post1,E2_iterative_r2,softimpute,06_combat_seq,True,medium,False,False,False,False,False,10.0,18.0,0.4444444444444444,0.5569046875918816,0.8801115699192873,0.7943,0.9504343574470796,0.8633646142034075,-0.05753129875392843,0.131,0.9301388266905508,0.9109935602575897,0.890984360625575,0.2862578334825425,0.15562024182713838,0.16743330266789327
A_confirmed_bad__softimpute__20_shambhala__post0,A_confirmed_bad,softimpute,20_shambhala,False,high,False,False,True,False,False,11.0,21.0,0.47619047619047616,0.5566426093013578,0.8645368293411028,0.766809090909091,0.9349251805316618,0.7976437674627086,-0.17623414150224465,0.4583,0.9028213166144201,0.8141674333026679,0.7120515179392825,0.17591763652641002,0.014106583072100314,0.7207911683532658
H_affymetrix_extended__softimpute__31_ruv3prps__post0,H_affymetrix_extended,softimpute,31_ruv3prps,False,medium,False,False,False,False,False,6.0,12.0,0.5,0.5562595739797144,0.8570248706906426,0.7184666666666667,0.8919024124476882,0.6919242032680887,-0.028591843829900612,0.544,0.8911777877295118,0.6568537258509659,0.4296228150873965,0.12981199641897942,0.3013882669055083,0.9287028518859246
A_confirmed_bad__softimpute__20_shambhala__post1,A_confirmed_bad,softimpute,20_shambhala,True,high,False,True,True,False,False,11.0,20.0,0.44999999999999996,0.5562066341437593,0.8580744896422351,0.7650545454545454,0.9356432322666712,0.801276282959272,-0.17623414150224465,0.4583,0.8934169278996865,0.8072677092916284,0.7217111315547378,0.17994628469113697,0.014106583072100314,0.7207911683532658
K_ffpe_only__strict__05_combat__post1,K_ffpe_only,strict,05_combat,True,medium,False,False,False,True,False,3.0,7.0,0.5714285714285714,0.5561683438526627,0.7240578560209278,0.6628,0.6860225981254002,0.9916241951895844,0.2271829778775511,0.4615,0.5331392745185849,0.4579116835326587,0.029668813247470102,0.5917636526410027,0.9894760412001792,0.735050597976081
K_ffpe_only__strict__29_combat_ref__post1,K_ffpe_only,strict,29_combat_ref,True,medium,False,False,False,True,False,3.0,7.0,0.5714285714285714,0.5560937392570197,0.7240578560209278,0.6628,0.6860225981254002,0.9916241841551744,0.2271829778775511,0.4615,0.5331392745185849,0.4579116835326587,0.029668813247470102,0.5913160250671441,0.9894760412001792,0.735050597976081
E3_iterative_r3__softimpute__08_inmoose_combatseq__post0,E3_iterative_r3,softimpute,08_inmoose_combatseq,False,medium,False,False,False,False,False,10.0,18.0,0.4444444444444444,0.5557933075590281,0.8742987384390932,0.78442,0.949897328018871,0.8634440118010356,-0.05829290255262265,0.1562,0.9193909538737125,0.8845446182152714,0.8840846366145354,0.2871530886302596,0.1484549932825795,0.21113155473781048
A_confirmed_bad__strict__14_qsmooth__post1,A_confirmed_bad,strict,14_qsmooth,True,high,False,False,True,False,False,11.0,20.0,0.44999999999999996,0.5556145429859088,0.7990587626340477,0.7413636363636363,0.9504970504777172,0.901722629851302,-0.0006739299963917089,0.1071,0.7505597850425436,0.7235510579576817,0.8937442502299908,0.36347358997314233,0.5503806538289296,0.05197792088316467
I_rare_batches_removed__softimpute__09_ruv__post1,I_rare_batches_removed,softimpute,09_ruv,True,medium,False,False,False,False,False,9.0,14.0,0.3571428571428571,0.5555662394446724,0.7935402302027771,0.7970999999999999,0.9331453167201555,0.6804274631916741,-0.008061157148460785,0.2825,0.7411553963278101,0.921803127874885,0.6945722171113156,0.12264995523724262,0.4509628302731751,0.40225390984360626
G_affymetrix_only__softimpute__15_fsqn_py__post1,G_affymetrix_only,softimpute,15_fsqn_py,True,high,False,False,False,True,False,0.0,,,0.555054349431221,0.750975800156128,,,0.8216388607012097,0.04405161170889027,,0.6083743842364532,,,0.19091316025067145,0.8658755038065383,
G_affymetrix_only__softimpute__17_quantile__post1,G_affymetrix_only,softimpute,17_quantile,True,high,False,False,False,True,False,0.0,,,0.555054349431221,0.750975800156128,,,0.8216388607012097,0.04405161170889027,,0.6083743842364532,,,0.19091316025067145,0.8658755038065383,
J_ff_only__softimpute__14_qsmooth__post0,J_ff_only,softimpute,14_qsmooth,False,high,False,False,False,False,False,7.0,15.0,0.5333333333333333,0.5550145279495637,0.7754850141808098,0.6912857142857144,0.9743991482837344,0.8978480252409246,6.730957123668446e-05,0.1224,0.6950291088222122,0.5501379944802208,0.9802207911683533,0.341987466427932,0.6502463054187192,0.11246550137994481
K_ffpe_only__softimpute__25_angel__post0,K_ffpe_only,softimpute,25_angel,False,high,False,False,False,True,False,3.0,8.0,0.625,0.5547881930731668,0.7506030442562741,0.6831333333333333,0.85365703838153,0.9355230429153218,0.024344802005269783,0.4286,0.6059113300492611,0.5243790248390064,0.24793008279668813,0.4834377797672337,0.8150470219435737,0.6520239190432383
C_rnaseq_only__strict__26_xpn__post1,C_rnaseq_only,strict,26_xpn,True,high,False,False,False,True,False,4.0,5.0,0.19999999999999996,0.5546790185176813,0.5172728703624985,0.6466,0.9637950359432408,0.9786705879074324,0.03252149940287574,0.2781,0.1813703537841469,0.4126034958601656,0.9581416743330267,0.5425246195165622,0.8392297357814599,0.3942042318307268
D_malignant_only__knn__14_qsmooth__post0,D_malignant_only,knn,14_qsmooth,False,high,False,False,False,False,False,10.0,18.0,0.4444444444444444,0.5543292957001144,0.632826532710701,0.66033,0.9499343130908406,0.9359675941083132,6.52141715073995e-08,0.3226,0.3846842812360054,0.4540018399264029,0.8850045998160073,0.4847806624888093,0.6363636363636364,0.48114075436982523
I_rare_batches_removed__knn__09_ruv__post1,I_rare_batches_removed,knn,09_ruv,True,medium,False,False,False,False,False,9.0,14.0,0.3571428571428571,0.5533820876800614,0.7166184375155095,0.6734777777777778,0.9307706280718566,0.6847347047417395,0.03203752474922683,0.4417,0.5217196596506941,0.49494020239190434,0.6678932842686293,0.12533572068039392,0.8369905956112853,0.6734130634774609
E2_iterative_r2__knn__18_rank__post0,E2_iterative_r2,knn,18_rank,False,high,False,False,False,False,False,11.0,19.0,0.42105263157894735,0.5527020044171388,0.739304798230072,0.6880000000000001,0.957359252527526,0.9019641334864446,0.0,0.2001,0.5768025078369906,0.5372585096596136,0.9434222631094756,0.36772605192479857,0.6094939543215405,0.281508739650414
K_ffpe_only__softimpute__01_raw__post1,K_ffpe_only,softimpute,01_raw,True,low,False,False,False,True,True,3.0,7.0,0.5714285714285714,0.5524544356690044,0.6149508516892632,0.5881333333333333,0.8366286365715311,1.0,0.030511348847989228,0.4615,0.36587550380653827,0.22746090156393745,0.1858325666973321,0.9677708146821844,0.8327362292879534,0.735050597976081
C_rnaseq_only__strict__20_shambhala__post1,C_rnaseq_only,strict,20_shambhala,True,high,False,False,False,True,False,4.0,5.0,0.19999999999999996,0.5522021167646481,0.7612623438723247,0.703175,0.9269918678374252,0.8272618068107327,-0.007668447375523191,0.4753,0.64576802507837,0.5965961361545539,0.6379944802207912,0.19516562220232767,0.4536497984773847,0.7840386384544619
F_microarray_only__knn__25_angel__post1,F_microarray_only,knn,25_angel,True,high,False,False,False,False,False,6.0,17.0,0.6470588235294117,0.5521694619955525,0.7537051407876155,0.77005,0.9014243418429286,0.9291991722300867,-0.043682302072275914,0.451,0.6251679355127631,0.827046918123275,0.4898804047838086,0.4677708146821844,0.21271831616659204,0.6904323827046918
E3_iterative_r3__softimpute__08_inmoose_combatseq__post1,E3_iterative_r3,softimpute,08_inmoose_combatseq,True,medium,False,False,False,False,False,10.0,17.0,0.4117647058823529,0.5518489243600956,0.8682520591357502,0.7867200000000001,0.9496136184335052,0.8655847951318236,-0.06324847547353352,0.1538,0.9072995969547694,0.890064397424103,0.8787948482060718,0.29476275738585495,0.13502015226153158,0.20515179392824287
E3_iterative_r3__knn__20_shambhala__post0,E3_iterative_r3,knn,20_shambhala,False,high,False,False,False,False,False,10.0,18.0,0.4444444444444444,0.5515789305973725,0.8217212631431045,0.71463,0.9204016263564312,0.8425079864896675,-0.040295622870837766,0.478,0.8101209135691895,0.6421343146274149,0.5993560257589696,0.2251566696508505,0.2355575459023735,0.797148114075437
E3_iterative_r3__softimpute__17_quantile__post0,E3_iterative_r3,softimpute,17_quantile,False,high,False,False,False,False,False,10.0,18.0,0.4444444444444444,0.5515616660184697,0.8234370469294284,0.77215,0.9209202234492968,0.833291545743411,-0.17605776163729558,0.4952,0.8163905060456784,0.8367065317387304,0.6053357865685373,0.20232766338406447,0.01903269144648455,0.8295768169273229
F_microarray_only__knn__31_ruv3prps__post1,F_microarray_only,knn,31_ruv3prps,True,medium,False,False,False,False,False,6.0,17.0,0.6470588235294117,0.551033877210905,0.7718646284278294,0.6932499999999999,0.8447391931913246,0.9994951766794724,-0.003270612721438526,0.3792,0.6813703537841469,0.5581876724931003,0.21136154553817849,0.8017009847806625,0.4917151813703538,0.5618675252989881
K_ffpe_only__knn__04_sva__post0,K_ffpe_only,knn,04_sva,False,low,True,False,False,True,False,3.0,8.0,0.625,0.5505664274082069,0.8746086700627823,0.6662666666666667,0.8198968801700719,0.6874122575924243,0.0940960857768876,0.4474,0.9202866099417824,0.4696412143514259,0.15271389144434222,0.12623097582811102,0.9498432601880877,0.6846826126954921
I_rare_batches_removed__knn__17_quantile__post0,I_rare_batches_removed,knn,17_quantile,False,high,False,False,False,False,False,9.0,15.0,0.4,0.550553437776267,0.717525319813138,0.6682111111111111,0.9330070512102168,0.9036637669900336,0.00024705679858177954,0.3871,0.5239587998208688,0.4751609935602576,0.6918123275068997,0.37869292748433303,0.6600985221674877,0.5735970561177552
K_ffpe_only__softimpute__04_sva__post1,K_ffpe_only,softimpute,04_sva,True,low,False,False,False,True,False,3.0,7.0,0.5714285714285714,0.5505066156947472,0.858850380795164,0.6759333333333334,0.8066432571789511,0.6940240623894524,0.0674378591735828,0.4615,0.8947604120017913,0.5050597976080957,0.1297148114075437,0.13205013428827217,0.9064039408866995,0.735050597976081
E2_iterative_r2__knn__01_raw__post0,E2_iterative_r2,knn,01_raw,False,low,False,False,False,False,True,11.0,19.0,0.42105263157894735,0.55040601036613,0.7146415682784054,0.6481,0.9408601629078592,1.0,0.0,0.0,0.5165696372592924,0.41766329346826125,0.7840386384544619,0.9677708146821844,0.6094939543215405,0.0068997240110395585
E2_iterative_r2__knn__36_explobatch__post0,E2_iterative_r2,knn,36_explobatch,False,medium,False,False,False,False,False,11.0,19.0,0.42105263157894735,0.55040601036613,0.7146415682784054,0.6481,0.9408601629078592,1.0,0.0,0.0,0.5165696372592924,0.41766329346826125,0.7840386384544619,0.9677708146821844,0.6094939543215405,0.0068997240110395585
F_microarray_only__softimpute__18_rank__post1,F_microarray_only,softimpute,18_rank,True,high,False,False,False,False,False,6.0,17.0,0.6470588235294117,0.5499896373215242,0.8316533132414591,0.7243333333333334,0.8790530429843846,0.919457413979962,-0.03294695418788768,0.4559,0.8403493058665472,0.672723091076357,0.35533578656853726,0.44606087735004474,0.2727272727272727,0.7127414903403864
E1_iterative_r1__knn__17_quantile__post1,E1_iterative_r1,knn,17_quantile,True,high,False,False,False,False,False,11.0,19.0,0.42105263157894735,0.5499642080936895,0.7556464491925569,0.7012090909090909,0.9534033291689168,0.9013577182007352,-0.0033888160586368343,0.2191,0.6318853560232871,0.5850965961361545,0.9296228150873965,0.35966875559534467,0.48992386923421405,0.30358785648574055
C_rnaseq_only__strict__21_harmonizr__post0,C_rnaseq_only,strict,21_harmonizr,False,medium,False,False,False,False,False,5.0,6.0,0.16666666666666663,0.5496488811165386,0.5859788873302557,0.5756,0.9388527866215576,0.9999880277470218,0.03040403396323943,0.2499,0.33587102552619796,0.19871205151793928,0.7594296228150874,0.8245299910474485,0.8320644872369011,0.3472861085556578
F_microarray_only__strict__19_tdm__post1,F_microarray_only,strict,19_tdm,True,high,False,False,False,False,False,6.0,17.0,0.6470588235294117,0.5489773368669989,0.7363705950512871,0.7174,0.8392110937426454,0.9846378259689468,-0.004042072811249575,0.5,0.5709807433945365,0.6513339466421343,0.18997240110395583,0.5622202327663384,0.4782803403493059,0.8410763569457221
I_rare_batches_removed__knn__18_rank__post0,I_rare_batches_removed,knn,18_rank,False,high,False,False,False,False,False,9.0,15.0,0.4,0.5488639231105156,0.7106659204392435,0.6582333333333333,0.9368495875567662,0.904309879100522,0.0,0.4097,0.5060456784594716,0.44802207911683534,0.734590616375345,0.3800358102059087,0.6094939543215405,0.6149954001839927
E1_iterative_r1__knn__04_sva__post0,E1_iterative_r1,knn,04_sva,False,low,False,False,False,False,False,11.0,20.0,0.44999999999999996,0.5487342386236121,0.7454061949697052,0.6514545454545455,0.9438971841892008,0.9971435235049004,0.002781988006866465,0.0,0.5902373488580385,0.4300827966881325,0.8118675252989881,0.7408236347358997,0.7124944021495746,0.0068997240110395585
C_rnaseq_only__strict__11_harmony__post1,C_rnaseq_only,strict,11_harmony,True,medium,False,False,False,True,False,4.0,5.0,0.19999999999999996,0.5483021849336361,0.7243669759223108,0.674175,0.8508944738840677,0.6815029803813405,0.08301098673179674,0.5724,0.5360501567398119,0.4981600735970561,0.23505059797608097,0.12354521038495972,0.9390953873712494,0.9579116835326587
B_extended_bad__softimpute__17_quantile__post1,B_extended_bad,softimpute,17_quantile,True,high,False,False,True,False,False,10.0,15.0,0.33333333333333337,0.5481991878833653,0.744800402161981,0.74175,0.9460256647326426,0.8384227860636552,-0.15815254565332948,0.527,0.5884460367218988,0.7253909843606255,0.8298068077276909,0.21486123545210384,0.03694581280788178,0.8937442502299908
E3_iterative_r3__softimpute__06_combat_seq__post0,E3_iterative_r3,softimpute,06_combat_seq,False,medium,False,False,False,False,False,10.0,18.0,0.4444444444444444,0.5481814841024247,0.8731508976593122,0.78305,0.9499050612532188,0.8634440118010356,-0.05829290255262265,0.1348,0.9158083296014331,0.8808647654093836,0.8845446182152714,0.2871530886302596,0.1484549932825795,0.17226310947562098
D_malignant_only__softimpute__14_qsmooth__post0,D_malignant_only,softimpute,14_qsmooth,False,high,False,False,False,False,False,10.0,18.0,0.4444444444444444,0.5480978213009274,0.6835975750223134,0.73354,0.9424093589471044,0.930126931245684,-0.016179143161485443,0.3226,0.458128078817734,0.7005519779208832,0.7994480220791168,0.4726947179946285,0.37662337662337664,0.48114075436982523
E1_iterative_r1__knn__31_ruv3prps__post0,E1_iterative_r1,knn,31_ruv3prps,False,medium,False,False,False,False,False,11.0,20.0,0.44999999999999996,0.5479304027830121,0.7449811808913251,0.6506909090909091,0.9448882684277768,0.9990483720699794,0.0003492362216073186,0.0,0.5893416927899686,0.4282428702851886,0.8183072677092916,0.7820053715308863,0.6627854903716973,0.0068997240110395585
A_confirmed_bad__knn__27_dwd__post0,A_confirmed_bad,knn,27_dwd,False,medium,False,False,True,False,False,11.0,21.0,0.47619047619047616,0.5478288113052797,0.7280345669144468,0.6829999999999999,0.94714962133268,0.9990431294759125,-2.602972085652411e-07,0.0,0.5501567398119123,0.5236890524379025,0.843836246550138,0.7806624888093107,0.5817286162113748,0.0068997240110395585
D_malignant_only__strict__19_tdm__post0,D_malignant_only,strict,19_tdm,False,high,False,False,False,False,False,10.0,18.0,0.4444444444444444,0.5477517252542379,0.7083519357866146,0.7366699999999999,0.9170843794128256,0.9816632211059226,-0.00891710785553268,0.3333,0.49888042991491266,0.7083716651333947,0.577736890524379,0.5505819158460161,0.4433497536945813,0.5075896964121435
I_rare_batches_removed__knn__15_fsqn_py__post0,I_rare_batches_removed,knn,15_fsqn_py,False,high,False,False,False,False,False,9.0,15.0,0.4,0.5474345707146694,0.7153701388896037,0.6648222222222222,0.9322420537000284,0.903621651687078,0.0002357754144938773,0.3886,0.5194805194805194,0.4650413983440662,0.6853725850965962,0.3782452999104745,0.6596506941334528,0.5768169273229071
F_microarray_only__softimpute__09_ruv__post1,F_microarray_only,softimpute,09_ruv,True,medium,False,False,False,False,False,6.0,17.0,0.6470588235294117,0.5473065539783639,0.8058790326200799,0.8214833333333332,0.918764924890866,0.6368598576398331,-0.05119339741544837,0.4373,0.774294670846395,0.968261269549218,0.5892364305427783,0.10698299015219337,0.17510076130765787,0.6699632014719411
F_microarray_only__strict__19_tdm__post0,F_microarray_only,strict,19_tdm,False,high,False,False,False,False,False,6.0,18.0,0.6666666666666667,0.5468495584258993,0.7335548371702604,0.7377166666666667,0.8308226943642472,0.9850863693278584,-0.009654288865956762,0.4968,0.5642633228840125,0.7106715731370745,0.17387304507819687,0.5649059982094897,0.43573667711598746,0.8316467341306347
F_microarray_only__knn__15_fsqn_py__post0,F_microarray_only,knn,15_fsqn_py,False,high,False,False,False,False,False,6.0,18.0,0.6666666666666667,0.546846122925135,0.7301599986826905,0.7347666666666667,0.9131912468066328,0.9226808503348816,-0.1053581896212342,0.5418,0.5584415584415584,0.704231830726771,0.5588776448942042,0.4554610564010743,0.07904164800716525,0.9250229990800368
K_ffpe_only__strict__07_pycombat__post0,K_ffpe_only,strict,07_pycombat,False,medium,False,False,False,True,False,3.0,8.0,0.625,0.5465433940955226,0.5608297882862278,0.6306999999999999,0.9069794201837889,0.9999999657997698,0.03421368806582642,0.2364,0.29825347066726376,0.3689052437902484,0.5229990800367985,0.9111459265890779,0.8495297805642633,0.32842686292548295
S0_no_removal__strict__18_rank__post0,S0_no_removal,strict,18_rank,False,high,False,False,False,False,False,11.0,24.0,0.5416666666666667,0.5463662177436074,0.7580095784767821,0.7153363636363637,0.9387749508151956,0.917834056018105,0.0,0.1417,0.6394984326018809,0.6439742410303588,0.7585096596136155,0.44180841539838855,0.6094939543215405,0.18491260349586017
F_microarray_only__knn__17_quantile__post0,F_microarray_only,knn,17_quantile,False,high,False,False,False,False,False,6.0,18.0,0.6666666666666667,0.5455448673175,0.7299632226800965,0.7341833333333333,0.9131900756544532,0.9226808503348816,-0.1053581896212342,0.5394,0.5579937304075235,0.703311867525299,0.5584176632934683,0.4554610564010743,0.07904164800716525,0.9190432382704692
J_ff_only__knn__20_shambhala__post0,J_ff_only,knn,20_shambhala,False,high,False,False,False,False,False,7.0,15.0,0.5333333333333333,0.5454914327088233,0.7668302321331196,0.6812142857142857,0.9585646451373376,0.869382866509895,-0.07034913320984004,0.4567,0.6614420062695925,0.5202391904323828,0.9480220791168353,0.3070725156669651,0.12136139722346619,0.7148114075436982
E3_iterative_r3__strict__09_ruv__post1,E3_iterative_r3,strict,09_ruv,True,medium,False,False,False,False,False,10.0,17.0,0.4117647058823529,0.5454188926040354,0.8057900665850467,0.6787799999999999,0.9201921488428622,0.6968277863000983,0.0006120668099587334,0.3975,0.77384684281236,0.5124195032198712,0.5979760809567617,0.13384064458370637,0.6672637707120466,0.5871665133394665
B_extended_bad__knn__18_rank__post0,B_extended_bad,knn,18_rank,False,high,False,False,True,False,False,10.0,16.0,0.375,0.5453110229299601,0.7393044370629532,0.69675,0.9574089055376576,0.9006710756766942,-1.9986341981415023e-07,0.1769,0.5763546798029556,0.5712971481140754,0.9438822447102115,0.3513876454789615,0.5826242722794447,0.24632014719411224
E3_iterative_r3__softimpute__06_combat_seq__post1,E3_iterative_r3,softimpute,06_combat_seq,True,medium,False,False,False,False,False,10.0,17.0,0.4117647058823529,0.5451872935272247,0.8665702006511556,0.78386,0.9496136184335052,0.8655847951318236,-0.06324847547353352,0.1379,0.9055082848186297,0.8836246550137995,0.8787948482060718,0.29476275738585495,0.13502015226153158,0.1734130634774609
B_extended_bad__softimpute__08_inmoose_combatseq__post0,B_extended_bad,softimpute,08_inmoose_combatseq,False,medium,False,False,True,False,False,10.0,16.0,0.375,0.5447548163413057,0.8199510207856844,0.77013,0.9447871274830906,0.8731438515537339,-0.04058862252935669,0.189,0.8063143752798925,0.827736890524379,0.8157773689052438,0.31356311548791405,0.23443797581728615,0.27069917203311866
B_extended_bad__softimpute__06_combat_seq__post0,B_extended_bad,softimpute,06_combat_seq,False,medium,False,False,True,False,False,10.0,16.0,0.375,0.5447548163413057,0.8199510207856844,0.77013,0.9447871274830906,0.8731438515537339,-0.04058862252935669,0.189,0.8063143752798925,0.827736890524379,0.8157773689052438,0.31356311548791405,0.23443797581728615,0.27069917203311866
C_rnaseq_only__softimpute__22_tmm__post1,C_rnaseq_only,softimpute,22_tmm,True,low,False,False,False,True,False,4.0,5.0,0.19999999999999996,0.5447510988838674,0.7306414588260619,0.67145,0.8860971912892849,0.7498995760194519,0.0021004810013960373,0.5821,0.5597850425436632,0.4889604415823367,0.4006439742410304,0.15890778871978514,0.6983878190774743,0.9618215271389144
I_rare_batches_removed__knn__27_dwd__post1,I_rare_batches_removed,knn,27_dwd,True,medium,False,False,False,False,False,9.0,14.0,0.3571428571428571,0.5443903785573093,0.7652729342240859,0.6554444444444445,0.8839550956107178,0.9991898821297984,-0.0009275980267022255,0.3126,0.6560680698611733,0.44158233670653174,0.38822447102115915,0.7873769024171889,0.5342588446036722,0.4588316467341306
I_rare_batches_removed__softimpute__05_combat__post1,I_rare_batches_removed,softimpute,05_combat,True,medium,False,False,False,False,False,9.0,14.0,0.3571428571428571,0.5441230647737934,0.7599095677818996,0.7201888888888889,0.6913290985135686,0.8980666692980585,0.13127970186642324,0.4043,0.6444245409762651,0.6619135234590616,0.03035878564857406,0.3437779767233662,0.9798477384684281,0.6044158233670653
C_rnaseq_only__softimpute__13_fsmvn__post1,C_rnaseq_only,softimpute,13_fsmvn,True,medium,False,False,False,True,False,4.0,5.0,0.19999999999999996,0.543720161549618,0.6676166894654243,0.5845,0.9549871176420948,0.9858535799789075,-0.022092372982697395,0.4706,0.43797581728616214,0.2203311867525299,0.9360625574977001,0.5693822739480752,0.3340797133900582,0.764489420423183
J_ff_only__knn__15_fsqn_py__post0,J_ff_only,knn,15_fsqn_py,False,high,False,False,False,False,False,7.0,15.0,0.5333333333333333,0.5434703031233422,0.6591526483102669,0.7000142857142857,0.9773954854448408,0.907339510762224,0.0012422785401968728,0.1446,0.42498880429914915,0.5823367065317387,0.9857405703771849,0.39122649955237243,0.6851768920734438,0.19135234590616376
B_extended_bad__knn__14_qsmooth__post0,B_extended_bad,knn,14_qsmooth,False,high,False,False,True,False,False,10.0,16.0,0.375,0.543360122809175,0.697932812947119,0.68296,0.9566957897942908,0.8962300768990363,3.4840699014715426e-06,0.2419,0.47917599641737574,0.5229990800367985,0.9402023919043239,0.3370635631154879,0.6426332288401254,0.3380864765409384
E1_iterative_r1__knn__20_shambhala__post0,E1_iterative_r1,knn,20_shambhala,False,high,False,False,False,False,False,11.0,20.0,0.44999999999999996,0.5430716389772205,0.8154193207505731,0.7256636363636364,0.9318697768073138,0.8423706682850736,-0.04088773348445174,0.4275,0.7980295566502463,0.6761729530818767,0.6798528058877645,0.22470904207699194,0.23063143752798926,0.6490340386384544
S0_no_removal__strict__18_rank__post1,S0_no_removal,strict,18_rank,True,high,False,False,False,False,False,11.0,23.0,0.5217391304347826,0.54298288306724,0.796902110215209,0.7051272727272727,0.9331073477694496,0.9164662341909398,-0.0011310129175183259,0.1793,0.7465293327362292,0.6053357865685373,0.6931922723091076,0.4377797672336616,0.5257501119570085,0.24931002759889603
J_ff_only__strict__15_fsqn_py__post0,J_ff_only,strict,15_fsqn_py,False,high,False,False,False,False,False,7.0,15.0,0.5333333333333333,0.5424944000066608,0.658098300054651,0.6977571428571429,0.98064708378571,0.9059904128283218,0.0013596365426271628,0.1429,0.4236453201970443,0.5745170193192273,0.9954001839926403,0.38495971351835273,0.6883116883116883,0.18813247470101196
B_extended_bad__knn__20_shambhala__post1,B_extended_bad,knn,20_shambhala,True,high,False,False,True,False,False,9.0,15.0,0.4,0.5421021884529325,0.8003499859500237,0.7307111111111112,0.9355866301197808,0.8391772679712358,-0.035861665460813485,0.4075,0.755038065382893,0.6918123275068997,0.7175712971481141,0.21754700089525514,0.25794894760412,0.6126954921803128
B_extended_bad__knn__15_fsqn_py__post0,B_extended_bad,knn,15_fsqn_py,False,high,False,False,True,False,False,10.0,16.0,0.375,0.5419088273699183,0.7291731786254166,0.69869,0.9614057437343926,0.9000487167583917,0.00018767486543869172,0.1293,0.5535154500671742,0.577276908923643,0.952621895124195,0.3495971351835273,0.6560680698611733,0.1623735050597976
C_rnaseq_only__strict__07_pycombat__post0,C_rnaseq_only,strict,07_pycombat,False,medium,False,False,False,False,False,5.0,6.0,0.16666666666666663,0.5417463382912989,0.6017961294423305,0.58996,0.9517691438133682,0.9825597939710288,0.012704049806149253,0.2982,0.3528884908195253,0.23137074517019318,0.9126034958601656,0.5519247985675918,0.7716077026421854,0.4300827966881325
C_rnaseq_only__strict__11_harmony__post0,C_rnaseq_only,strict,11_harmony,False,medium,False,False,False,False,False,5.0,6.0,0.16666666666666663,0.5414126662112495,0.7829237704877249,0.74472,0.8995149944858372,0.7001818131973974,-0.03741255253490927,0.5484,0.7115987460815048,0.734590616375345,0.4760809567617295,0.1360787824529991,0.24854455888938648,0.9415823367065317
J_ff_only__knn__17_quantile__post0,J_ff_only,knn,17_quantile,False,high,False,False,False,False,False,7.0,15.0,0.5333333333333333,0.5404542110751686,0.65740589891923,0.6962571428571429,0.9788279510949957,0.9073560817511972,0.001241611459876002,0.1412,0.42230183609493954,0.5699172033118676,0.9908003679852806,0.39167412712623095,0.6847290640394089,0.18330266789328428
K_ffpe_only__knn__28_npn__post1,K_ffpe_only,knn,28_npn,True,high,False,False,False,True,False,3.0,7.0,0.5714285714285714,0.5403523338141305,0.6513602251559141,0.6302666666666666,0.8914907740089828,0.9999160056583016,0.017574641352982878,0.2975,0.41110613524406625,0.3656853725850966,0.4264029438822447,0.8182632050134289,0.7931034482758621,0.4275528978840846
F_microarray_only__strict__02_median_scaling__post1,F_microarray_only,strict,02_median_scaling,True,low,False,False,False,False,False,5.0,17.0,0.7058823529411764,0.5403023364581702,0.3884192303385965,0.5696,0.946461090396634,0.9999999979128084,0.022223337861689285,0.3159,0.019704433497536946,0.18307267709291627,0.8334866605335787,0.9301700984780662,0.8105687416032243,0.46481140754369826
E3_iterative_r3__strict__19_tdm__post1,E3_iterative_r3,strict,19_tdm,True,high,False,False,False,False,False,10.0,17.0,0.4117647058823529,0.5402340028512783,0.7691995126168102,0.70278,0.9320049489118976,0.9673471093088946,-0.00359759946223992,0.2103,0.6721898790864308,0.5956761729530818,0.6816927322907084,0.5156669650850493,0.4845499328257949,0.29162833486660533
D_malignant_only__softimpute__04_sva__post0,D_malignant_only,softimpute,04_sva,False,low,False,False,False,False,False,10.0,18.0,0.4444444444444444,0.540165626874814,0.7573453608267275,0.71964,0.9256216820939892,0.998405105025173,-0.014254113137032898,0.1304,0.6359158083296015,0.6605335786568537,0.6301747930082797,0.7555953446732319,0.393640841916704,0.16513339466421342
C_rnaseq_only__knn__26_xpn__post1,C_rnaseq_only,knn,26_xpn,True,high,False,False,False,True,False,4.0,5.0,0.19999999999999996,0.5401637245931863,0.5288747520073052,0.648775,0.9654850482303938,0.98082776558976,0.009394244415549258,0.2466,0.21540528437080161,0.4208831646734131,0.9595216191352346,0.5487914055505819,0.7536945812807881,0.3426862925482981
J_ff_only__strict__17_quantile__post0,J_ff_only,strict,17_quantile,False,high,False,False,False,False,False,7.0,15.0,0.5333333333333333,0.5400875655705683,0.6572029654029825,0.6958285714285715,0.9798031287969224,0.9060203376096284,0.0013601198599710873,0.1412,0.42095835199283477,0.5680772769089236,0.9940202391904324,0.38540734109221125,0.6887595163457232,0.18330266789328428
E3_iterative_r3__strict__09_ruv__post0,E3_iterative_r3,strict,09_ruv,False,medium,False,False,False,False,False,10.0,18.0,0.4444444444444444,0.5398622388656288,0.7714785158367873,0.6935800000000001,0.9194412883572726,0.6964853104213172,0.0012754213664323277,0.3975,0.6780116435288849,0.5611775528978841,0.5924563017479301,0.13294538943598927,0.6874160322436185,0.5871665133394665
J_ff_only__softimpute__15_fsqn_py__post0,J_ff_only,softimpute,15_fsqn_py,False,high,False,False,False,False,False,7.0,15.0,0.5333333333333333,0.5398068012688283,0.6656941488466429,0.6977,0.9783130037284808,0.906442516844866,0.0012425251780411317,0.1319,0.43349753694581283,0.5740570377184913,0.9894204231830727,0.38719785138764545,0.6856247201074788,0.1690432382704692
S0_no_removal__knn__19_tdm__post1,S0_no_removal,knn,19_tdm,True,high,False,False,False,False,False,11.0,23.0,0.5217391304347826,0.5387719149275029,0.7731866666544751,0.6762272727272728,0.9046983741867988,0.977513920642606,-0.010299387223162926,0.3786,0.6851768920734438,0.5059797608095676,0.5096596136154554,0.5389435989256938,0.432154052843708,0.5607175712971482
K_ffpe_only__knn__09_ruv__post1,K_ffpe_only,knn,09_ruv,True,medium,False,False,False,True,False,2.0,7.0,0.7142857142857143,0.5385900307735705,0.6080301950568602,0.62845,0.972277092241244,0.7266458670193875,0.14950507748156078,0.2834,0.3573667711598746,0.36062557497700093,0.9747010119595216,0.15085049239033124,0.9829825347066726,0.40501379944802207
C_rnaseq_only__knn__23_vst__post1,C_rnaseq_only,knn,23_vst,True,low,False,False,False,True,False,4.0,5.0,0.19999999999999996,0.5385413187509259,0.6754228316635111,0.6093500000000001,0.9077238478014148,0.8375174621668656,0.04920087526761607,0.5219,0.44648454993282577,0.28794848206071755,0.5275988960441582,0.211727842435094,0.8766233766233766,0.8808647654093836
D_malignant_only__softimpute__31_ruv3prps__post1,D_malignant_only,softimpute,31_ruv3prps,True,medium,False,False,False,False,False,10.0,17.0,0.4117647058823529,0.5381191320999491,0.7519846318801825,0.68925,0.9216996778140276,0.9999966729056124,-0.01660310716915281,0.1667,0.6139722346618899,0.5413983440662373,0.6108555657773689,0.8594449418084154,0.37259292431706226,0.23045078196872126
I_rare_batches_removed__softimpute__05_combat__post0,I_rare_batches_removed,softimpute,05_combat,False,medium,False,False,False,False,False,9.0,15.0,0.4,0.5380322259745126,0.7656152334349517,0.7138222222222222,0.6918939807867096,0.8778331243816425,0.14288932920548403,0.4019,0.6565158978952083,0.6370745170193193,0.030818767249310028,0.3205013428827216,0.9820868786386028,0.6011959521619136
I_rare_batches_removed__softimpute__19_tdm__post0,I_rare_batches_removed,softimpute,19_tdm,False,high,False,False,False,False,False,9.0,15.0,0.4,0.5376861787826912,0.7927227881862875,0.7598444444444445,0.8785059302658818,0.9749909168696014,-0.009060749340921825,0.2662,0.7380206000895656,0.7939282428702852,0.35050597976080955,0.5304386750223814,0.44155844155844154,0.3716651333946642
K_ffpe_only__knn__28_npn__post0,K_ffpe_only,knn,28_npn,False,high,False,False,False,True,False,3.0,8.0,0.625,0.5374622252852849,0.6023268710847784,0.6341333333333333,0.8921611414503715,0.9999212645448948,0.017598937315568178,0.3091,0.35333631885356026,0.3781048758049678,0.4328426862925483,0.8196060877350044,0.793551276309897,0.44733210671573137
B_extended_bad__strict__09_ruv__post1,B_extended_bad,strict,09_ruv,True,medium,False,False,True,False,False,10.0,15.0,0.33333333333333337,0.5373104178725451,0.7897216729616768,0.70061,0.9128874251494205,0.7227988446267469,3.641134587528683e-05,0.3721,0.7313031795790417,0.5846366145354186,0.5561177552897885,0.14905998209489704,0.6480071652485445,0.5547378104875805
C_rnaseq_only__knn__21_harmonizr__post0,C_rnaseq_only,knn,21_harmonizr,False,medium,False,False,False,False,False,5.0,6.0,0.16666666666666663,0.5371876420387675,0.5756412423983348,0.54768,0.9493392770642448,0.9999930039700308,0.015104246161956714,0.1928,0.3206448723690103,0.14259429622815087,0.8739650413983441,0.8303491495076096,0.7828034034930587,0.27276908923643056
J_ff_only__strict__14_qsmooth__post1,J_ff_only,strict,14_qsmooth,True,high,False,False,False,False,False,7.0,14.0,0.5,0.537091595335003,0.7012545729687422,0.6746142857142857,0.9792721909454942,0.9010466422871284,-0.00022336021193303246,0.2353,0.4849977608598298,0.5,0.9921803127874885,0.3540734109221128,0.5647111509180475,0.3265869365225391
E1_iterative_r1__knn__20_shambhala__post1,E1_iterative_r1,knn,20_shambhala,True,high,False,False,False,False,False,11.0,19.0,0.42105263157894735,0.537044057227683,0.8005974173632696,0.7214,0.9329462692770129,0.8428050238893044,-0.04091827330967768,0.4298,0.7563815494849978,0.6637534498620056,0.6913523459061638,0.22649955237242614,0.23018360949395433,0.6540938362465502
E3_iterative_r3__softimpute__17_quantile__post1,E3_iterative_r3,softimpute,17_quantile,True,high,False,False,False,False,False,10.0,17.0,0.4117647058823529,0.5369992739724603,0.8120792536950534,0.77227,0.9094365011674368,0.8370851521375805,-0.17605776163729558,0.4952,0.7895208240035826,0.8376264949402024,0.5349586016559338,0.21128021486123547,0.01903269144648455,0.8295768169273229
H_affymetrix_extended__knn__27_dwd__post0,H_affymetrix_extended,knn,27_dwd,False,medium,False,False,False,False,False,6.0,12.0,0.5,0.5368981257846533,0.7668736253567978,0.7142666666666667,0.8653466856929575,0.9994349776606296,-0.0035754674270531694,0.24,0.6621137483206448,0.640064397424103,0.3005979760809568,0.8001342882721576,0.4852216748768473,0.33325666973321066
H_affymetrix_extended__knn__16_fsqn_r__post0,H_affymetrix_extended,knn,16_fsqn_r,False,high,False,False,False,False,False,6.0,12.0,0.5,0.5368981257846533,0.7668736253567978,0.7142666666666667,0.8653466856929575,0.9994349776606296,-0.0035754674270531694,0.24,0.6621137483206448,0.640064397424103,0.3005979760809568,0.8001342882721576,0.4852216748768473,0.33325666973321066
S0_no_removal__strict__33_amdbnorm__post0,S0_no_removal,strict,33_amdbnorm,False,high,True,False,False,False,False,11.0,24.0,0.5416666666666667,0.5365864200459003,0.5369314739045752,0.6903818181818182,0.9397518200198852,0.90945794482974,0.007466045048940884,0.3401,0.23779668607254814,0.547378104875805,0.7690892364305428,0.39794091316025065,0.7433945364979848,0.5239190432382704
H_affymetrix_extended__softimpute__15_fsqn_py__post0,H_affymetrix_extended,softimpute,15_fsqn_py,False,high,False,False,False,False,False,6.0,12.0,0.5,0.5365294737111853,0.8443384482331493,0.7829333333333334,0.8873119642735874,0.8149650805664799,-0.14727610436510352,0.4938,0.867218987908643,0.8801747930082797,0.40501379944802207,0.18643688451208595,0.0535154500671742,0.8268169273229071
H_affymetrix_extended__softimpute__17_quantile__post0,H_affymetrix_extended,softimpute,17_quantile,False,high,False,False,False,False,False,6.0,12.0,0.5,0.5365294737111853,0.8443384482331493,0.7829333333333334,0.8873119642735874,0.8149650805664799,-0.14727610436510352,0.4938,0.867218987908643,0.8801747930082797,0.40501379944802207,0.18643688451208595,0.0535154500671742,0.8268169273229071
A_confirmed_bad__softimpute__08_inmoose_combatseq__post1,A_confirmed_bad,softimpute,08_inmoose_combatseq,True,medium,False,False,True,False,False,10.0,20.0,0.5,0.536465113408176,0.8854488993462544,0.7763,0.9480972117259768,0.8582892115209282,-0.055380661497408334,0.125,0.942230183609494,0.8523459061637535,0.8564857405703772,0.2674574753804834,0.164576802507837,0.13569457221711131
A_confirmed_bad__softimpute__06_combat_seq__post1,A_confirmed_bad,softimpute,06_combat_seq,True,medium,False,False,True,False,False,10.0,20.0,0.5,0.5358558557960951,0.8848925938396104,0.77519,0.9481049449603248,0.8582892115209282,-0.055380661497408334,0.125,0.9413345275414241,0.8491260349586016,0.8569457221711132,0.2674574753804834,0.164576802507837,0.13569457221711131
J_ff_only__strict__04_sva__post0,J_ff_only,strict,04_sva,False,low,False,False,False,False,False,7.0,15.0,0.5333333333333333,0.5356840471788018,0.6413190622234611,0.6608999999999999,0.9404959376433896,0.9969593129607291,0.0002741822603469224,0.1432,0.3949843260188088,0.45446182152713893,0.7764489420423183,0.7372426141450313,0.6609941782355575,0.18997240110395583
E2_iterative_r2__knn__17_quantile__post1,E2_iterative_r2,knn,17_quantile,True,high,False,False,False,False,False,11.0,18.0,0.38888888888888884,0.5354130528978845,0.7294243762785259,0.6802545454545454,0.9531449958385536,0.901793177195368,-0.0007091620078617522,0.2165,0.5557545902373489,0.516559337626495,0.9264029438822448,0.36526410026857653,0.54858934169279,0.2999080036798528
A_confirmed_bad__knn__15_fsqn_py__post0,A_confirmed_bad,knn,15_fsqn_py,False,high,False,False,True,False,False,11.0,21.0,0.47619047619047616,0.5351826660027155,0.7555951533364459,0.7082545454545455,0.953025920084461,0.9012061880780898,0.0001318415072222301,0.0696,0.6314375279892521,0.6168353265869365,0.9254829806807727,0.35631154879140553,0.651589789520824,0.029438822447102116
J_ff_only__softimpute__20_shambhala__post1,J_ff_only,softimpute,20_shambhala,True,high,False,False,False,False,False,7.0,14.0,0.5,0.5349235267497546,0.7349641281332547,0.7202,0.9413287826686928,0.8794047378342289,-0.07829426588381605,0.4706,0.5682937751903269,0.6623735050597976,0.7888684452621895,0.3227394807520143,0.10277653381101656,0.764489420423183
A_confirmed_bad__strict__09_ruv__post1,A_confirmed_bad,strict,09_ruv,True,medium,False,False,True,False,False,11.0,20.0,0.44999999999999996,0.5347511282318272,0.7812329057002068,0.7068090909090908,0.9168744767257646,0.6927228822415845,-0.0032065404632584116,0.4494,0.7084639498432602,0.6122355105795768,0.5763569457221711,0.13115487914055507,0.49216300940438873,0.6881324747010119
B_extended_bad__knn__20_shambhala__post0,B_extended_bad,knn,20_shambhala,False,high,False,False,True,False,False,10.0,16.0,0.375,0.5346209303615558,0.8000178071373422,0.71282,0.939058157350932,0.8425249657727916,-0.03881522651671987,0.3988,0.7536945812807881,0.6315547378104875,0.7626494940202392,0.2260519247985676,0.24361845051500225,0.5901563937442502
A_confirmed_bad__knn__18_rank__post1,A_confirmed_bad,knn,18_rank,True,high,False,False,True,False,False,11.0,20.0,0.44999999999999996,0.5343185081542554,0.7370077407308185,0.6901272727272727,0.9567641407564934,0.9017233157850776,-0.003500965959912672,0.2116,0.5723242274966412,0.546458141674333,0.9411223551057958,0.3639212175470009,0.4872369010300045,0.29484820607175716
B_extended_bad__softimpute__14_qsmooth__post0,B_extended_bad,softimpute,14_qsmooth,False,high,False,False,True,False,False,10.0,16.0,0.375,0.5339895032124983,0.7561565807626256,0.75596,0.9033729778155634,0.8540656942347133,-0.060497194398290044,0.5321,0.6332288401253918,0.7778288868445262,0.4990800367985281,0.24709042076991944,0.14330497089117777,0.9034038638454461
H_affymetrix_extended__softimpute__10_mnn__post0,H_affymetrix_extended,softimpute,10_mnn,False,medium,False,False,False,False,False,6.0,12.0,0.5,0.5339125498794942,0.8226930443691797,0.8170000000000001,0.9021978740338022,-0.0664307392326472,-0.14727542177556718,0.5088,0.8132557098074339,0.9622815087396505,0.49494020239190434,0.01477170993733214,0.05553067622033139,0.8626954921803128
A_confirmed_bad__knn__17_quantile__post1,A_confirmed_bad,knn,17_quantile,True,high,False,False,True,False,False,11.0,20.0,0.44999999999999996,0.533865117042966,0.7426843078520327,0.7065272727272727,0.9546842828672992,0.901161938409753,-0.003365063963262638,0.1654,0.5848634124496194,0.610395584176633,0.9356025758969642,0.3549686660698299,0.4908195253022839,0.2265409383624655
K_ffpe_only__knn__04_sva__post1,K_ffpe_only,knn,04_sva,True,low,False,False,False,True,False,2.0,7.0,0.7142857142857143,0.5338590000722986,0.895496729797346,0.63515,0.7873410640383767,0.6886131488363807,0.09676057480106498,0.44,0.9538737124944021,0.38086476540938363,0.11223551057957681,0.12712623097582812,0.9565606806986118,0.672493100275989
C_rnaseq_only__softimpute__12_scanorama__post0,C_rnaseq_only,softimpute,12_scanorama,False,medium,False,False,False,False,False,5.0,6.0,0.16666666666666663,0.5332288256302954,0.7720151238363608,0.73992,0.9290212075653856,0.121369825366285,-0.07836340080541482,0.5956,0.6820420958351993,0.7194112235510579,0.6536338546458141,0.0729632945389436,0.10076130765785939,0.9705611775528978
F_microarray_only__knn__15_fsqn_py__post1,F_microarray_only,knn,15_fsqn_py,True,high,False,False,False,False,False,6.0,17.0,0.6470588235294117,0.5323819157479314,0.7134774239151442,0.7324833333333333,0.9127409524864106,0.9222511450086924,-0.10535826806034201,0.528,0.5132109270040305,0.6964121435142594,0.5549678012879485,0.4536705461056401,0.07814599193909538,0.8978840846366145
D_malignant_only__knn__36_explobatch__post0,D_malignant_only,knn,36_explobatch,False,medium,False,False,False,False,False,10.0,18.0,0.4444444444444444,0.5322940545935771,0.6106684467013191,0.70241,0.922778785818989,1.0,0.0,0.0909,0.3598298253470667,0.59360625574977,0.6177552897884084,0.9677708146821844,0.6094939543215405,0.0453081876724931
D_malignant_only__knn__01_raw__post0,D_malignant_only,knn,01_raw,False,low,False,False,False,False,True,10.0,18.0,0.4444444444444444,0.5322940545935771,0.6106684467013191,0.70241,0.922778785818989,1.0,0.0,0.0909,0.3598298253470667,0.59360625574977,0.6177552897884084,0.9677708146821844,0.6094939543215405,0.0453081876724931
A_confirmed_bad__softimpute__19_tdm__post1,A_confirmed_bad,softimpute,19_tdm,True,high,False,False,True,False,False,10.0,20.0,0.5,0.5316483225116663,0.8748875725644482,0.75225,0.9335558047841476,0.97437735834647,-0.062381438530474675,0.125,0.9211822660098522,0.7677092916283349,0.6991720331186753,0.52775290957923,0.13837886251679354,0.13569457221711131
F_microarray_only__knn__17_quantile__post1,F_microarray_only,knn,17_quantile,True,high,False,False,False,False,False,6.0,17.0,0.6470588235294117,0.5313933913241374,0.7129353177554215,0.7309333333333333,0.9127409524864106,0.9222511450086924,-0.10535826806034201,0.528,0.5114196148678908,0.6922723091076357,0.5549678012879485,0.4536705461056401,0.07814599193909538,0.8978840846366145
E1_iterative_r1__knn__18_rank__post1,E1_iterative_r1,knn,18_rank,True,high,False,False,False,False,False,11.0,19.0,0.42105263157894735,0.5313373044447556,0.739172103570105,0.6877727272727273,0.9574912647015004,0.9019641334864446,-0.003557188637468456,0.1961,0.5754590237348858,0.5363385464581417,0.9457221711131555,0.36772605192479857,0.4867890729959696,0.27598896044158233
F_microarray_only__knn__02_median_scaling__post1,F_microarray_only,knn,02_median_scaling,True,low,False,False,False,False,False,5.0,17.0,0.7058823529411764,0.5311588943498967,0.4779580958660342,0.6180399999999999,0.9148542714443768,0.9994271197410312,0.04045089849064176,0.3577,0.0980743394536498,0.3169273229070837,0.5676172953081877,0.7994628469113697,0.8611733094491715,0.5436982520699172
E2_iterative_r2__knn__20_shambhala__post1,E2_iterative_r2,knn,20_shambhala,True,high,False,False,False,False,False,10.0,18.0,0.4444444444444444,0.5307938105413346,0.8071172233820039,0.70153,0.9188502888543894,0.8391786748223871,-0.03510914935599485,0.4666,0.7769816390506046,0.5864765409383624,0.5896964121435143,0.2179946284691137,0.26108374384236455,0.7525298988040479
F_microarray_only__strict__10_mnn__post1,F_microarray_only,strict,10_mnn,True,medium,False,False,False,False,False,5.0,17.0,0.7058823529411764,0.5307564868819947,0.625659697376466,0.79932,0.9087644392958184,0.0043025358657096,-0.01383617713901808,0.5337,0.37707120465741156,0.9264029438822448,0.531738730450782,0.04073410922112802,0.40035826242722794,0.9082336706531738
S0_no_removal__knn__12_scanorama__post1,S0_no_removal,knn,12_scanorama,True,medium,False,False,False,False,False,10.0,23.0,0.5652173913043479,0.5300209668367756,0.794270591695316,0.75982,0.8932049657608885,0.0114512411181599,-0.02963080158918363,0.5092,0.7433945364979848,0.7932382704691813,0.4392824287028519,0.046105640107430616,0.2928795342588446,0.8652253909843606
K_ffpe_only__softimpute__13_fsmvn__post0,K_ffpe_only,softimpute,13_fsmvn,False,medium,False,False,False,True,False,3.0,8.0,0.625,0.529770024705328,0.5798590457771688,0.6378666666666666,0.8143087939941855,0.9999999999679838,0.08287482466338864,0.3091,0.32691446484549935,0.38822447102115915,0.14397424103035877,0.9335273052820053,0.9386475593372146,0.44733210671573137
C_rnaseq_only__strict__02_median_scaling__post0,C_rnaseq_only,strict,02_median_scaling,False,low,False,False,False,False,False,5.0,6.0,0.16666666666666663,0.5290877815162779,0.5492156815159501,0.54374,0.9623909526646144,0.9828312731146414,0.06670013122094787,0.2561,0.27183161665920286,0.13339466421343146,0.9549218031278749,0.5523724261414503,0.9050604567845947,0.35694572217111314
E2_iterative_r2__knn__04_sva__post0,E2_iterative_r2,knn,04_sva,False,low,False,False,False,False,False,11.0,19.0,0.42105263157894735,0.5290774590158982,0.7131659926883973,0.648190909090909,0.9407611935784044,0.9971993642431316,0.0027636177663663553,0.0,0.5123152709359606,0.41858325666973323,0.7833486660533578,0.7412712623097583,0.7120465741155396,0.0068997240110395585
G_affymetrix_only__knn__05_combat__post1,G_affymetrix_only,knn,05_combat,True,medium,False,False,False,True,False,0.0,,,0.5287347635231437,0.989260897030954,,,0.955961403429304,-0.08325103613333829,,0.9885803851321092,,,0.5058191584601611,0.09180474697716078,
E2_iterative_r2__knn__31_ruv3prps__post0,E2_iterative_r2,knn,31_ruv3prps,False,medium,False,False,False,False,False,11.0,19.0,0.42105263157894735,0.5286286830836971,0.7146792711641136,0.6481,0.9408676210305004,0.9990479807875974,0.0005264708220057424,0.0,0.5172413793103449,0.41766329346826125,0.7847286108555658,0.7811101163831692,0.664128974473802,0.0068997240110395585
S0_no_removal__strict__05_combat__post0,S0_no_removal,strict,05_combat,False,medium,False,False,False,False,False,11.0,24.0,0.5416666666666667,0.5280843026311612,0.8107610853096157,0.6345,0.7095606767404867,0.9359605348152724,0.06048959539329307,0.3957,0.7854903716972682,0.37902483900643974,0.04185832566697332,0.4843330349149508,0.8943125839677564,0.5834866605335787
B_extended_bad__strict__09_ruv__post0,B_extended_bad,strict,09_ruv,False,medium,False,False,True,False,False,10.0,16.0,0.375,0.5277458689457307,0.7372895544864901,0.70537,0.9186737894816625,0.7221678213986235,0.0012341128913360144,0.3823,0.5727720555306762,0.6067157313707452,0.5887764489420423,0.1486123545210385,0.6842812360053739,0.5653173873045079
I_rare_batches_removed__knn__14_qsmooth__post1,I_rare_batches_removed,knn,14_qsmooth,True,high,False,False,False,False,False,9.0,14.0,0.3571428571428571,0.5272577769085129,0.7693724120494574,0.6506222222222222,0.9279844138870144,0.900873224986746,-0.0009227531903441277,0.349,0.6730855351545006,0.4273229070837167,0.6439742410303588,0.3522829006266786,0.535602328705777,0.531278748850046
K_ffpe_only__knn__10_mnn__post0,K_ffpe_only,knn,10_mnn,False,medium,False,False,False,True,False,3.0,8.0,0.625,0.5271090858646744,0.4819093581471897,0.7666666666666666,0.9037125895715696,-0.0049384514541635,0.01799180053617716,0.5353,0.10434393193013883,0.8132474701011959,0.500459981600736,0.03625783348254252,0.7975817286162113,0.9107635694572217
K_ffpe_only__knn__10_mnn__post1,K_ffpe_only,knn,10_mnn,True,medium,False,False,False,True,False,2.0,7.0,0.7142857142857143,0.5264506122517961,0.4228608365529111,0.6453,0.969597170836014,-0.0049867404817187,0.017991687206497964,0.5337,0.03940886699507389,0.4080036798528059,0.9705611775528978,0.03581020590868397,0.7966860725481415,0.9082336706531738
H_affymetrix_extended__softimpute__29_combat_ref__post0,H_affymetrix_extended,softimpute,29_combat_ref,False,medium,False,False,False,False,False,6.0,12.0,0.5,0.5257483001160538,0.8353260060313391,0.6889833333333333,0.6043266786035353,0.8657710581064316,0.06346910360495928,0.3824,0.8454993282579489,0.5404783808647654,0.00827966881324747,0.2954341987466428,0.8987908643081057,0.5660073597056118
J_ff_only__softimpute__20_shambhala__post0,J_ff_only,softimpute,20_shambhala,False,high,False,False,False,False,False,7.0,15.0,0.5333333333333333,0.5256909757746722,0.7452717633752932,0.7044285714285714,0.9401772587748972,0.8814769257987283,-0.07829426588381605,0.4706,0.5897895208240036,0.6007359705611776,0.7709291628334867,0.3254252461951656,0.10277653381101656,0.764489420423183
E2_iterative_r2__knn__20_shambhala__post0,E2_iterative_r2,knn,20_shambhala,False,high,False,False,False,False,False,11.0,19.0,0.42105263157894735,0.5253566129645485,0.8032130237705271,0.7170818181818182,0.9274376127213833,0.8421991536905151,-0.037580800568719375,0.4156,0.7662337662337663,0.6504139834406624,0.641674333026679,0.2242614145031334,0.24720107478728168,0.6223551057957681
J_ff_only__softimpute__14_qsmooth__post1,J_ff_only,softimpute,14_qsmooth,True,high,False,False,False,False,False,7.0,14.0,0.5,0.5243865253598701,0.7504139135429343,0.6713857142857143,0.9701527553724684,0.9018674250619336,-0.0005658475447350986,0.129,0.6054635020152261,0.4880404783808648,0.9714811407543699,0.36615935541629363,0.554411106135244,0.1607635694572217
H_affymetrix_extended__knn__06_combat_seq__post1,H_affymetrix_extended,knn,06_combat_seq,True,medium,False,False,False,False,False,5.0,11.0,0.5454545454545454,0.5242090814357278,0.7847231185891005,0.72664,0.8591497411491542,0.8363707043030257,-0.019251671848253937,0.5368,0.716524854455889,0.6798528058877645,0.2700091996320147,0.20859444941808417,0.35467980295566504,0.9155933762649494
E1_iterative_r1__knn__15_fsqn_py__post1,E1_iterative_r1,knn,15_fsqn_py,True,high,False,False,False,False,False,11.0,19.0,0.42105263157894735,0.5242056142615179,0.7521048780425341,0.6952181818181818,0.9521975509074182,0.9013309265087852,-0.0033890506712658253,0.1488,0.6162113748320645,0.5657773689052438,0.9176632934682613,0.35877350044762757,0.4894760412001791,0.19733210671573137
E2_iterative_r2__knn__18_rank__post1,E2_iterative_r2,knn,18_rank,True,high,False,False,False,False,False,11.0,18.0,0.38888888888888884,0.5236938002889245,0.7166317724574699,0.6742363636363636,0.9572893189740204,0.9024092035122484,-0.0008815049376069695,0.1879,0.5221674876847291,0.49862005519779207,0.9425022999080037,0.37153088630259623,0.5396327810120913,0.26770929162833484
D_malignant_only__strict__09_ruv__post0,D_malignant_only,strict,09_ruv,False,medium,False,False,False,False,False,10.0,18.0,0.4444444444444444,0.5235301170245902,0.6952470316110719,0.73741,0.9510445165351484,0.714337248252271,-0.009829546382767063,0.3226,0.4715629198387819,0.7092916283348666,0.9011039558417663,0.144136078782453,0.43394536497984776,0.48114075436982523
G_affymetrix_only__softimpute__15_fsqn_py__post0,G_affymetrix_only,softimpute,15_fsqn_py,False,high,False,False,False,True,False,2.0,3.0,0.33333333333333337,0.5232197723680191,0.6791351406224629,0.5254,0.9433185318877252,0.8557583880555709,0.00021862969340707972,0.508,0.45141065830721006,0.10901563937442502,0.8084176632934683,0.2526857654431513,0.6580832960143305,0.859705611775529
D_malignant_only__softimpute__04_sva__post1,D_malignant_only,softimpute,04_sva,True,low,False,False,False,False,False,10.0,17.0,0.4117647058823529,0.5228805409451387,0.7515578798072436,0.68852,0.9212761391995123,0.9983630814862122,-0.014416852815949843,0.1667,0.6121809225257501,0.5395584176632935,0.6080956761729531,0.7547000895255148,0.3922973578145992,0.23045078196872126
G_affymetrix_only__strict__18_rank__post1,G_affymetrix_only,strict,18_rank,True,high,False,False,False,True,False,0.0,,,0.5228637192873293,0.714859437751004,,,0.8956002702636459,0.0029782259668767463,,0.5179131213613972,,,0.33594449418084155,0.7147335423197492,
J_ff_only__knn__14_qsmooth__post1,J_ff_only,knn,14_qsmooth,True,high,False,False,False,False,False,7.0,14.0,0.5,0.522523832511508,0.7066323151205381,0.6672142857142856,0.9729172323136348,0.902530244003551,-0.0005696853116294864,0.1875,0.49440214957456335,0.4733210671573137,0.9770009199632015,0.37242614145031333,0.5539632781012092,0.2640294388224471
E3_iterative_r3__softimpute__14_qsmooth__post0,E3_iterative_r3,softimpute,14_qsmooth,False,high,False,False,False,False,False,10.0,18.0,0.4444444444444444,0.5213496068609752,0.7734362189036091,0.76848,0.9192872220729006,0.8546564243763809,-0.0751721331152505,0.4373,0.6860725481415136,0.8196872125114996,0.5915363385464582,0.24798567591763654,0.11285266457680251,0.6699632014719411
G_affymetrix_only__softimpute__17_quantile__post0,G_affymetrix_only,softimpute,17_quantile,False,high,False,False,False,True,False,2.0,3.0,0.33333333333333337,0.5212346211426305,0.6782749728989198,0.5241,0.9433185318877252,0.8557583880555709,0.00021862969340707972,0.5054,0.4496193461710703,0.10809567617295308,0.8084176632934683,0.2526857654431513,0.6580832960143305,0.8505059797608095
H_affymetrix_extended__softimpute__15_fsqn_py__post1,H_affymetrix_extended,softimpute,15_fsqn_py,True,high,False,False,False,False,False,6.0,11.0,0.4545454545454546,0.520584787526255,0.8315632814973836,0.7809333333333334,0.8776540273264386,0.8199152882334836,-0.14727610436510352,0.4912,0.8396775638154949,0.8712051517939282,0.3452161913523459,0.18822739480752015,0.0535154500671742,0.8256669733210672
K_ffpe_only__knn__05_combat__post1,K_ffpe_only,knn,05_combat,True,medium,False,False,False,True,False,3.0,7.0,0.5714285714285714,0.5201147609250937,0.6958338006680973,0.6236,0.6945749072424641,0.9914215371376212,0.2334173059409808,0.4531,0.4722346618898343,0.33969641214351426,0.033348666053357866,0.5868397493285586,0.9923869234214062,0.6961821527138914
K_ffpe_only__knn__29_combat_ref__post1,K_ffpe_only,knn,29_combat_ref,True,medium,False,False,False,True,False,3.0,7.0,0.5714285714285714,0.5199655183237781,0.6958338006680973,0.6236,0.6945749072424641,0.9914214050264252,0.23341730378431014,0.4531,0.4722346618898343,0.33969641214351426,0.033348666053357866,0.5863921217547001,0.9919390953873712,0.6961821527138914
F_microarray_only__softimpute__02_median_scaling__post1,F_microarray_only,softimpute,02_median_scaling,True,low,False,False,False,False,False,5.0,17.0,0.7058823529411764,0.5197295827050654,0.3507526940063248,0.57734,0.9250521778266292,0.9999996776046696,0.08383060171546952,0.3083,0.011195700850873265,0.20285188592456302,0.6260349586016559,0.8921217547000895,0.9399910434393193,0.44618215271389144
E2_iterative_r2__knn__15_fsqn_py__post1,E2_iterative_r2,knn,15_fsqn_py,True,high,False,False,False,False,False,11.0,18.0,0.38888888888888884,0.5185694092299098,0.7289839607207499,0.6794181818181818,0.9524022408796072,0.901766327236698,-0.0007094231509110482,0.1571,0.5521719659650695,0.5137994480220791,0.9199632014719411,0.36436884512085943,0.5481415136587551,0.21297148114075437
A_confirmed_bad__knn__15_fsqn_py__post1,A_confirmed_bad,knn,15_fsqn_py,True,high,False,False,True,False,False,11.0,20.0,0.44999999999999996,0.5184336397838804,0.7416005700163619,0.7045454545454546,0.9529794578190204,0.901143623733058,-0.00336564318624899,0.1266,0.5821764442454097,0.6016559337626495,0.9245630174793008,0.35452103849597133,0.490371697268249,0.15731370745170192
H_affymetrix_extended__knn__12_scanorama__post0,H_affymetrix_extended,knn,12_scanorama,False,medium,False,False,False,False,False,6.0,12.0,0.5,0.5183464933029425,0.7754346549073903,0.789,0.9241750257228034,-0.0073629877626456,-0.15170260559393084,0.4883,0.6941334527541424,0.8974241030358786,0.6241950321987121,0.03222918531781558,0.04746977160770264,0.8146274149034038
B_extended_bad__knn__17_quantile__post0,B_extended_bad,knn,17_quantile,False,high,False,False,True,False,False,10.0,16.0,0.375,0.5177922362525121,0.7270816362544446,0.69149,0.9606051662367564,0.9000424712784171,0.00018774186902859036,0.111,0.5463502015226153,0.5505979760809567,0.9507819687212512,0.34914950760966873,0.6565158978952083,0.05335786568537258
J_ff_only__knn__15_fsqn_py__post1,J_ff_only,knn,15_fsqn_py,True,high,False,False,False,False,False,7.0,14.0,0.5,0.5177277294771062,0.6364596085618868,0.7023857142857143,0.9780849286673418,0.9059291284543444,-0.0013545501590384035,0.1667,0.39140170174652933,0.5929162833486661,0.9885004599816007,0.38406445837063563,0.5190326914464846,0.23045078196872126
K_ffpe_only__softimpute__05_combat__post1,K_ffpe_only,softimpute,05_combat,True,medium,False,False,False,True,False,3.0,7.0,0.5714285714285714,0.5174221294135415,0.696003563740271,0.624,0.6633735515626783,0.9902302790203064,0.23171427336451694,0.4531,0.4753694581280788,0.34153633854645815,0.021619135234590615,0.5792300805729633,0.9905956112852664,0.6961821527138914
B_extended_bad__knn__19_tdm__post0,B_extended_bad,knn,19_tdm,False,high,False,False,True,False,False,10.0,16.0,0.375,0.517184917528632,0.7396327870750581,0.6308400000000001,0.9419425232652154,0.972836797688324,-0.0014958938134256305,0.233,0.5785938199731303,0.3693652253909844,0.7948482060717571,0.5237242614145031,0.5132109270040305,0.3233670653173873
K_ffpe_only__softimpute__29_combat_ref__post1,K_ffpe_only,softimpute,29_combat_ref,True,medium,False,False,False,True,False,3.0,7.0,0.5714285714285714,0.5170167177784976,0.696003563740271,0.624,0.663761224967207,0.9901962121461324,0.20194715605593094,0.4531,0.4753694581280788,0.34153633854645815,0.02276908923643054,0.5787824529991047,0.987460815047022,0.6961821527138914
H_affymetrix_extended__softimpute__17_quantile__post1,H_affymetrix_extended,softimpute,17_quantile,True,high,False,False,False,False,False,6.0,11.0,0.4545454545454546,0.5166570225589316,0.8286958366693843,0.7805166666666666,0.8776540273264386,0.8199152882334836,-0.14727610436510352,0.4887,0.8266905508284819,0.8684452621895125,0.3452161913523459,0.18822739480752015,0.0535154500671742,0.8178472861085556
B_extended_bad__softimpute__14_qsmooth__post1,B_extended_bad,softimpute,14_qsmooth,True,high,False,False,True,False,False,10.0,15.0,0.33333333333333337,0.5166095816388362,0.7346910365399513,0.74839,0.9016776856127022,0.8563814048246104,-0.06665690566461824,0.5321,0.567398119122257,0.7539098436062558,0.4917203311867525,0.25783348254252464,0.12539184952978055,0.9034038638454461
E1_iterative_r1__strict__09_ruv__post0,E1_iterative_r1,strict,09_ruv,False,medium,False,False,False,False,False,11.0,20.0,0.44999999999999996,0.5161401788708502,0.7788319451538361,0.6992454545454545,0.9143613704088618,0.696931716005523,-0.004596991924230687,0.426,0.703090013434841,0.578656853725851,0.5648574057037719,0.13428827215756492,0.47335423197492166,0.6425942962281509
S0_no_removal__strict__10_mnn__post0,S0_no_removal,strict,10_mnn,False,medium,True,False,False,False,False,11.0,24.0,0.5416666666666667,0.515965030864257,0.6124802744125889,0.7319454545454547,0.9461758299021676,-0.0316440766613278,-0.019257420941670045,0.4948,0.3631885356023287,0.6954921803127875,0.8307267709291628,0.024619516562220233,0.35333631885356026,0.828426862925483
D_malignant_only__knn__18_rank__post1,D_malignant_only,knn,18_rank,True,high,False,False,False,False,False,9.0,17.0,0.47058823529411764,0.515651142254954,0.6611665139329252,0.6892888888888888,0.9515839103933744,0.932973545088905,-0.037271131467135676,0.3226,0.42857142857142855,0.5436982520699172,0.9103035878564857,0.4794091316025067,0.2507836990595611,0.48114075436982523
D_malignant_only__strict__09_ruv__post1,D_malignant_only,strict,09_ruv,True,medium,False,False,False,False,False,10.0,17.0,0.4117647058823529,0.5155902720398409,0.6657106377223321,0.74375,0.9520515666254978,0.7190117510012741,-0.012341222632630655,0.3125,0.4343931930138827,0.7309107635694572,0.9158233670653174,0.14637421665174574,0.4106583072100313,0.45538178472861085
E1_iterative_r1__knn__19_tdm__post0,E1_iterative_r1,knn,19_tdm,False,high,False,False,False,False,False,11.0,20.0,0.44999999999999996,0.5153679406500761,0.7070644428730949,0.6552272727272727,0.942367043876708,0.9751169193780936,-0.0014111767799384056,0.225,0.49664128974473803,0.4402023919043238,0.7985280588776449,0.5313339301700984,0.5145544111061352,0.3109475620975161
H_affymetrix_extended__softimpute__29_combat_ref__post1,H_affymetrix_extended,softimpute,29_combat_ref,True,medium,False,False,False,False,False,6.0,11.0,0.4545454545454546,0.5153455389794775,0.8163718338568863,0.6809166666666666,0.5880794050613612,0.8739016549495714,0.05506812781678211,0.3824,0.7989252127183162,0.5183992640294388,0.007359705611775529,0.3146821844225604,0.8866995073891626,0.5660073597056118
J_ff_only__strict__15_fsqn_py__post1,J_ff_only,strict,15_fsqn_py,True,high,False,False,False,False,False,7.0,14.0,0.5,0.5149378777306649,0.6345568792400551,0.6995142857142858,0.981308072726234,0.9046691985187314,-0.0011530634250491723,0.16,0.3878190774742499,0.5804967801287948,0.9967801287948482,0.38048343777976723,0.5244066278549037,0.21964121435142595
J_ff_only__strict__17_quantile__post1,J_ff_only,strict,17_quantile,True,high,False,False,False,False,False,7.0,14.0,0.5,0.5144778627198996,0.6344930414990751,0.6994,0.9805576859123376,0.9046971024237396,-0.001152625545919439,0.16,0.38692342140618,0.5795768169273229,0.9949402023919043,0.3809310653536258,0.5248544558889386,0.21964121435142595
A_confirmed_bad__knn__25_angel__post0,A_confirmed_bad,knn,25_angel,False,high,False,False,True,False,False,11.0,21.0,0.47619047619047616,0.5144484647063742,0.7685330408094051,0.7393363636363636,0.9082694330319372,0.9216751903412608,-0.052063690335215074,0.3681,0.6690550828481863,0.7157313707451702,0.5289788408463661,0.4512085944494181,0.16927899686520376,0.5524379024839007
J_ff_only__softimpute__15_fsqn_py__post1,J_ff_only,softimpute,15_fsqn_py,True,high,False,False,False,False,False,7.0,14.0,0.5,0.5138557333330616,0.6601230332898844,0.6948857142857143,0.9791356187787906,0.9050041746226988,-0.0013475743485018565,0.15,0.42678011643528885,0.5648574057037719,0.9917203311867525,0.38227394807520143,0.5194805194805194,0.19802207911683534
A_confirmed_bad__strict__09_ruv__post0,A_confirmed_bad,strict,09_ruv,False,medium,False,False,True,False,False,11.0,21.0,0.47619047619047616,0.5136097702641781,0.752725431908469,0.7030181818181819,0.9150009275354296,0.6900103439922168,-0.0022633118896940863,0.4354,0.6188983430362741,0.5961361545538179,0.5680772769089236,0.12846911369740377,0.5042543663233319,0.6658233670653174
H_affymetrix_extended__knn__19_tdm__post0,H_affymetrix_extended,knn,19_tdm,False,high,False,False,False,False,False,6.0,12.0,0.5,0.5134964335013689,0.7683427566628409,0.70755,0.8229808098580115,0.9966169984287432,-0.015858099874966114,0.3429,0.6672637707120466,0.6145354185832567,0.1577736890524379,0.7336615935541629,0.3824451410658307,0.5252989880404784
D_malignant_only__knn__28_npn__post1,D_malignant_only,knn,28_npn,True,high,False,False,False,False,False,9.0,17.0,0.47058823529411764,0.5132265235249752,0.6519895875877475,0.6900333333333334,0.8741957201314333,0.9999289927755574,-0.015391607769904492,0.3925,0.41200179131213616,0.545998160073597,0.3316467341306348,0.8213965980304386,0.3878190774742499,0.5804967801287948
A_confirmed_bad__knn__20_shambhala__post0,A_confirmed_bad,knn,20_shambhala,False,high,False,False,True,False,False,11.0,21.0,0.47619047619047616,0.5131101371211156,0.7844940769578508,0.7060454545454546,0.9290285858889128,0.8405505408142228,-0.041339193271641816,0.428,0.7156291983878191,0.608555657773689,0.6540938362465502,0.22112802148612354,0.22884012539184953,0.6504139834406624
G_affymetrix_only__strict__17_quantile__post0,G_affymetrix_only,strict,17_quantile,False,high,False,False,False,True,False,2.0,3.0,0.33333333333333337,0.5129577868338182,0.4908880593664046,0.5206500000000001,0.936923744612832,0.91162402266136,0.03464266972323138,0.5073,0.11957008508732647,0.10119595216191353,0.7366605335786569,0.412041181736795,0.8508732646663681,0.8574057037718491
A_confirmed_bad__knn__19_tdm__post1,A_confirmed_bad,knn,19_tdm,True,high,False,False,True,False,False,10.0,20.0,0.5,0.5128400475081841,0.7354431471399316,0.61767,0.917771135661936,0.9749522396741614,0.0007879377266699628,0.2857,0.5696372592924317,0.31508739650413986,0.5814167433302668,0.5299910474485229,0.671294223018361,0.4096136154553818
E1_iterative_r1__knn__19_tdm__post1,E1_iterative_r1,knn,19_tdm,True,high,False,False,False,False,False,10.0,19.0,0.4736842105263158,0.5127991723657929,0.7483721738184839,0.60989,0.922314638868516,0.9745348847830776,0.0009402073275875944,0.2615,0.5996417375727721,0.2907083716651334,0.6126954921803128,0.5286481647269472,0.677115987460815,0.36798528058877644
S0_no_removal__strict__05_combat__post1,S0_no_removal,strict,05_combat,True,medium,False,False,False,False,False,11.0,23.0,0.5217391304347826,0.5119395521802351,0.7994386788642257,0.6187909090909091,0.7125860121944811,0.9347668157170316,0.05821099792916967,0.3957,0.7523510971786834,0.31922723091076355,0.04553817847286108,0.4807520143240824,0.890282131661442,0.5834866605335787
G_affymetrix_only__softimpute__04_sva__post0,G_affymetrix_only,softimpute,04_sva,False,low,False,False,False,True,False,2.0,3.0,0.33333333333333337,0.511731009373932,0.6958849551034901,0.54445,0.7427680272185433,1.0,0.0,0.4879,0.4738020600089566,0.13523459061637536,0.07083716651333946,0.9677708146821844,0.6094939543215405,0.8132474701011959
G_affymetrix_only__softimpute__01_raw__post0,G_affymetrix_only,softimpute,01_raw,False,low,False,False,False,True,True,2.0,3.0,0.33333333333333337,0.511731009373932,0.6958849551034901,0.54445,0.7427680272185433,1.0,0.0,0.4879,0.4738020600089566,0.13523459061637536,0.07083716651333946,0.9677708146821844,0.6094939543215405,0.8132474701011959
G_affymetrix_only__softimpute__36_explobatch__post0,G_affymetrix_only,softimpute,36_explobatch,False,medium,False,False,False,True,False,2.0,3.0,0.33333333333333337,0.511731009373932,0.6958849551034901,0.54445,0.7427680272185433,1.0,0.0,0.4879,0.4738020600089566,0.13523459061637536,0.07083716651333946,0.9677708146821844,0.6094939543215405,0.8132474701011959
J_ff_only__knn__17_quantile__post1,J_ff_only,knn,17_quantile,True,high,False,False,False,False,False,7.0,14.0,0.5,0.5115059453849321,0.6334922687050835,0.6964571428571428,0.9772671093822002,0.9059442013745646,-0.001355236942117588,0.1644,0.38557993730407525,0.5703771849126035,0.985280588776449,0.3845120859444942,0.5185848634124496,0.2247010119595216
H_affymetrix_extended__knn__04_sva__post0,H_affymetrix_extended,knn,04_sva,False,low,False,False,False,False,False,6.0,12.0,0.5,0.5114596986351837,0.7663563992160465,0.7132333333333333,0.8653313346137766,0.99741780891841,-0.01261925044661294,0.2353,0.6600985221674877,0.6347746090156394,0.29760809567617297,0.7421665174574754,0.40752351097178685,0.3265869365225391
E2_iterative_r2__strict__09_ruv__post0,E2_iterative_r2,strict,09_ruv,False,medium,False,False,False,False,False,11.0,19.0,0.42105263157894735,0.5109963000828579,0.7708402204746988,0.7062,0.9145141918412878,0.6968121879063303,-0.005838470580931454,0.4071,0.6766681594267802,0.609015639374425,0.5662373505059798,0.13339301700984782,0.46842812360053737,0.6122355105795768
K_ffpe_only__softimpute__18_rank__post0,K_ffpe_only,softimpute,18_rank,False,high,False,False,False,True,False,3.0,8.0,0.625,0.510618493046615,0.6224617954446832,0.7301666666666667,0.8352427169861407,0.9310255998768402,0.0,0.4615,0.3730407523510972,0.6885924563017479,0.18215271389144433,0.4753804834377798,0.6094939543215405,0.735050597976081
J_ff_only__strict__14_qsmooth__post0,J_ff_only,strict,14_qsmooth,False,high,False,False,False,False,False,7.0,15.0,0.5333333333333333,0.5097538466955771,0.6663638141285059,0.6894857142857143,0.9734388640344604,0.8964248997706177,6.546863251444268e-05,0.1224,0.43573667711598746,0.5441582336706532,0.9793008279668813,0.3375111906893465,0.6493506493506493,0.11246550137994481
D_malignant_only__knn__05_combat__post1,D_malignant_only,knn,05_combat,True,medium,False,False,False,False,False,10.0,17.0,0.4117647058823529,0.5097003568850488,0.8254244264693462,0.71057,0.809534407505493,0.9799960470920466,-0.003852226828994443,0.3125,0.8186296462158531,0.6209751609935602,0.13569457221711131,0.545658012533572,0.4818629646215853,0.45538178472861085
C_rnaseq_only__softimpute__06_combat_seq__post1,C_rnaseq_only,softimpute,06_combat_seq,True,medium,False,False,False,False,False,5.0,5.0,0.0,0.509674776758834,0.6969739030249344,0.69698,0.751403500981776,0.90141791362849,0.06254913586307687,0.4375,0.4776085982982535,0.5729070837166513,0.07796688132474701,0.36101163831692035,0.8976712942230184,0.670883164673413
C_rnaseq_only__softimpute__08_inmoose_combatseq__post1,C_rnaseq_only,softimpute,08_inmoose_combatseq,True,medium,False,False,False,False,False,5.0,5.0,0.0,0.509674776758834,0.6969739030249344,0.69698,0.751403500981776,0.90141791362849,0.06254913586307687,0.4375,0.4776085982982535,0.5729070837166513,0.07796688132474701,0.36101163831692035,0.8976712942230184,0.670883164673413
K_ffpe_only__strict__28_npn__post1,K_ffpe_only,strict,28_npn,True,high,False,False,False,True,False,3.0,7.0,0.5714285714285714,0.5095929601918727,0.6496550788092714,0.6185,0.8789186069772041,0.9999141602391248,0.008684764381727324,0.2857,0.40752351097178685,0.31830726770929163,0.35418583256669733,0.8178155774395702,0.7501119570085087,0.4096136154553818
J_ff_only__knn__04_sva__post0,J_ff_only,knn,04_sva,False,low,False,False,False,False,False,7.0,15.0,0.5333333333333333,0.5095783204671654,0.6444320066992667,0.6675714285714286,0.8969429322404112,0.9969474410309492,0.00012692940769865046,0.2431,0.3981191222570533,0.47378104875804966,0.4595216191352346,0.7358997314234557,0.651141961486789,0.3390064397424103
E3_iterative_r3__knn__14_qsmooth__post0,E3_iterative_r3,knn,14_qsmooth,False,high,False,False,False,False,False,10.0,18.0,0.4444444444444444,0.5093930361588661,0.7241051474054434,0.65378,0.9527903311446624,0.8972617137392888,3.844537420638616e-07,0.1427,0.5342588446036722,0.43606255749770007,0.922723091076357,0.3388540734109221,0.6377071204657412,0.18675252989880406
J_ff_only__softimpute__18_rank__post1,J_ff_only,softimpute,18_rank,True,high,False,False,False,False,False,7.0,14.0,0.5,0.5091055638946967,0.6801010139278489,0.6934571428571428,0.9692108570794687,0.9074124220550962,-0.0026409492259967804,0.1412,0.451858486341245,0.5588776448942042,0.9678012879484821,0.39256938227394805,0.5002239140170175,0.18330266789328428
A_confirmed_bad__knn__20_shambhala__post1,A_confirmed_bad,knn,20_shambhala,True,high,False,False,True,False,False,11.0,20.0,0.44999999999999996,0.5087811870565151,0.7718117285682393,0.7049454545454545,0.9298200588393032,0.8409448961276247,-0.04136627191962494,0.4315,0.6806986117330945,0.6039558417663293,0.6596136154553818,0.2224709042076992,0.22794446932377968,0.6580036798528058
K_ffpe_only__softimpute__09_ruv__post0,K_ffpe_only,softimpute,09_ruv,False,medium,False,False,False,True,False,3.0,8.0,0.625,0.5082383834374963,0.7278586955161221,0.6755333333333334,0.8425898533926425,0.7229334683761649,0.10242073797917028,0.4474,0.54858934169279,0.5032198712051518,0.20239190432382706,0.1495076096687556,0.961038961038961,0.6846826126954921
I_rare_batches_removed__knn__19_tdm__post1,I_rare_batches_removed,knn,19_tdm,True,high,False,False,False,False,False,9.0,14.0,0.3571428571428571,0.5072607692631963,0.7502284068978083,0.639888888888889,0.8970301692246585,0.9769619890857516,-0.01096720771893267,0.4125,0.6045678459471563,0.3932842686292548,0.4604415823367065,0.5376007162041182,0.4299149126735334,0.6177552897884084
D_malignant_only__strict__28_npn__post1,D_malignant_only,strict,28_npn,True,high,False,False,False,False,False,9.0,17.0,0.47058823529411764,0.5063854540785575,0.6441706274334581,0.6795333333333333,0.8709912908062526,0.9999258227614316,-0.013979020887791651,0.3985,0.39767129422301833,0.5142594296228151,0.31830726770929163,0.8205013428827216,0.39856695029108824,0.5890064397424103
I_rare_batches_removed__knn__14_qsmooth__post0,I_rare_batches_removed,knn,14_qsmooth,False,high,False,False,False,False,False,9.0,15.0,0.4,0.5060574012611662,0.7104607992353441,0.6338333333333334,0.9224447419905808,0.9029485140245136,2.0022426625021517e-06,0.3422,0.5051500223914017,0.37718491260349585,0.6154553817847286,0.37421665174574753,0.6394984326018809,0.5248390064397425
D_malignant_only__knn__17_quantile__post1,D_malignant_only,knn,17_quantile,True,high,False,False,False,False,False,9.0,17.0,0.47058823529411764,0.5060019990107628,0.6510120507225658,0.6767666666666667,0.951503659219986,0.932699012764657,-0.03730810032442089,0.3226,0.4106583072100313,0.5073597056117756,0.9080036798528058,0.4789615040286482,0.24988804299149125,0.48114075436982523
E1_iterative_r1__strict__09_ruv__post1,E1_iterative_r1,strict,09_ruv,True,medium,False,False,False,False,False,11.0,19.0,0.42105263157894735,0.5056826888788423,0.7632305976438986,0.6979,0.9145664839377936,0.6975055034585421,-0.007089701384407121,0.426,0.651589789520824,0.5749770009199632,0.5666973321067157,0.135183527305282,0.4630541871921182,0.6425942962281509
K_ffpe_only__strict__28_npn__post0,K_ffpe_only,strict,28_npn,False,high,False,False,False,True,False,3.0,8.0,0.625,0.5056113309112583,0.6050025677099822,0.6217,0.8783764254914819,0.9999195309976596,0.008712986724762124,0.2975,0.3537841468875952,0.3325666973321067,0.3500459981600736,0.8191584601611459,0.7505597850425436,0.4275528978840846
H_affymetrix_extended__knn__12_scanorama__post1,H_affymetrix_extended,knn,12_scanorama,True,medium,False,False,False,False,False,6.0,11.0,0.4545454545454546,0.5055347466561134,0.7543592122459682,0.7872666666666667,0.9223635664452396,-0.0064435884920944,-0.15170289365689876,0.4896,0.6283027317510076,0.8919043238270469,0.6136154553817847,0.03267681289167413,0.047021943573667714,0.8196872125114996
J_ff_only__knn__14_qsmooth__post0,J_ff_only,knn,14_qsmooth,False,high,False,False,False,False,False,7.0,15.0,0.5333333333333333,0.5053893089868854,0.6657069588796227,0.6823142857142858,0.9696218324444844,0.8984513323923469,6.690494155114912e-05,0.1212,0.43394536497984776,0.5216191352345906,0.9710211591536339,0.3460161145926589,0.6497984773846843,0.10993560257589696
K_ffpe_only__softimpute__14_qsmooth__post0,K_ffpe_only,softimpute,14_qsmooth,False,high,False,False,False,True,False,3.0,8.0,0.625,0.5052343572354866,0.7296311282573131,0.7382666666666666,0.8557413356766906,0.9308412832808748,-0.02944719291946485,0.4615,0.5570980743394537,0.7138914443422263,0.2562097516099356,0.4740376007162041,0.29511867442901923,0.735050597976081
D_malignant_only__knn__15_fsqn_py__post1,D_malignant_only,knn,15_fsqn_py,True,high,False,False,False,False,False,9.0,17.0,0.47058823529411764,0.5051830399528451,0.6481289641098259,0.6730666666666667,0.9527316398521876,0.9326638573771224,-0.03730739161126595,0.3226,0.40528437080161217,0.4944802207911684,0.921343146274149,0.4785138764547896,0.2503358710255262,0.48114075436982523
J_ff_only__softimpute__04_sva__post0,J_ff_only,softimpute,04_sva,False,low,False,False,False,False,False,7.0,15.0,0.5333333333333333,0.5047624715060383,0.6455741802277368,0.6699999999999999,0.8449504792072571,0.9969506747614304,0.00014868279710822385,0.3573,0.4012539184952978,0.48390064397424104,0.2125114995400184,0.7367949865711728,0.6524854455888939,0.5416283348666053
I_rare_batches_removed__strict__31_ruv3prps__post0,I_rare_batches_removed,strict,31_ruv3prps,False,medium,False,False,False,False,False,9.0,15.0,0.4,0.5044190145135751,0.724528578048255,0.6869222222222222,0.9265893996318446,0.766848465121591,0.023044820614670197,0.2488,0.5369458128078818,0.5349586016559338,0.6343146274149034,0.16248880931065354,0.812360053739364,0.3454461821527139
H_affymetrix_extended__knn__18_rank__post1,H_affymetrix_extended,knn,18_rank,True,high,False,False,False,False,False,6.0,11.0,0.4545454545454546,0.5043330008385648,0.7627895109496741,0.73325,0.8778301356973047,0.913774469491904,-0.009487379724641642,0.3195,0.6480071652485445,0.6991720331186753,0.3468261269549218,0.423455684870188,0.43797581728616214,0.4705611775528979
D_malignant_only__knn__19_tdm__post1,D_malignant_only,knn,19_tdm,True,high,False,False,False,False,False,10.0,17.0,0.4117647058823529,0.5042688084309426,0.6695773694177283,0.69265,0.9124672915383226,0.9792976261805452,-0.008030740135599401,0.3226,0.4406627854903717,0.5542778288868445,0.5533578656853726,0.5443151298119964,0.451858486341245,0.48114075436982523
B_extended_bad__softimpute__19_tdm__post1,B_extended_bad,softimpute,19_tdm,True,high,False,False,True,False,False,10.0,15.0,0.33333333333333337,0.5032790019472165,0.815173912219174,0.72365,0.9360672760448948,0.972091446233856,-0.05379760337418449,0.125,0.7971339005821765,0.6701931922723091,0.7272309107635695,0.5219337511190689,0.16748768472906403,0.13569457221711131
D_malignant_only__knn__31_ruv3prps__post0,D_malignant_only,knn,31_ruv3prps,False,medium,False,False,False,False,False,10.0,18.0,0.4444444444444444,0.5023364046187961,0.6119210659786931,0.70457,0.922778785818989,0.9999949884682156,-0.0007422947136335178,0.0909,0.36094939543215404,0.6021159153633855,0.6177552897884084,0.8424350940017905,0.5454545454545454,0.0453081876724931
E3_iterative_r3__knn__17_quantile__post0,E3_iterative_r3,knn,17_quantile,False,high,False,False,False,False,False,10.0,18.0,0.4444444444444444,0.5020394828026832,0.7331250245927388,0.66945,0.9535459085850048,0.9005906411781318,0.00018078645357755274,0.0739,0.5629198387819078,0.48114075436982523,0.9310027598896045,0.3504923903312444,0.6551724137931034,0.03150873965041398
E3_iterative_r3__softimpute__14_qsmooth__post1,E3_iterative_r3,softimpute,14_qsmooth,True,high,False,False,False,False,False,10.0,17.0,0.4117647058823529,0.5013869331230394,0.758612421417673,0.76592,0.9160423686158404,0.856574079150157,-0.08058627123358286,0.4172,0.6408419167039857,0.8114075436982521,0.5735970561177552,0.25917636526410026,0.09404388714733543,0.6292548298068077
E2_iterative_r2__knn__19_tdm__post0,E2_iterative_r2,knn,19_tdm,False,high,False,False,False,False,False,11.0,19.0,0.42105263157894735,0.5013409700511807,0.698565270310369,0.6448818181818182,0.939045826477748,0.9749126849212268,-0.0014079276540146513,0.2273,0.4805194805194805,0.40708371665133397,0.7621895124195032,0.5295434198746642,0.5150022391401702,0.3137074517019319
B_extended_bad__softimpute__19_tdm__post0,B_extended_bad,softimpute,19_tdm,False,high,False,False,True,False,False,10.0,16.0,0.375,0.5012728765692703,0.8303491536180967,0.7318,0.9290338761439508,0.9728098767440944,-0.053952859422684796,0.125,0.8329601433049709,0.6941122355105795,0.6545538178472861,0.5232766338406446,0.1670398566950291,0.13569457221711131
E3_iterative_r3__softimpute__15_fsqn_py__post0,E3_iterative_r3,softimpute,15_fsqn_py,False,high,False,False,False,False,False,10.0,18.0,0.4444444444444444,0.5011248605340431,0.8120975070999523,0.75634,0.882839508945733,0.8365962641008968,-0.17605776163729558,0.4906,0.7899686520376176,0.7805887764489421,0.3827046918123275,0.20993733213965982,0.01903269144648455,0.8245170193192273
E3_iterative_r3__knn__20_shambhala__post1,E3_iterative_r3,knn,20_shambhala,True,high,False,False,False,False,False,9.0,17.0,0.47058823529411764,0.5010486092726962,0.8048066700066423,0.6966444444444444,0.9179676172715648,0.839445229681101,-0.037356834511333536,0.4089,0.7711598746081505,0.5708371665133395,0.5823367065317387,0.21844225604297224,0.24944021495745633,0.6140754369825207
E3_iterative_r3__knn__15_fsqn_py__post0,E3_iterative_r3,knn,15_fsqn_py,False,high,False,False,False,False,False,10.0,18.0,0.4444444444444444,0.5009903116298466,0.7340392157293416,0.6713899999999999,0.9518460421132796,0.9006007963484118,0.00018046728098142228,0.0762,0.5660546350201523,0.48850045998160074,0.9135234590616376,0.35094001790510293,0.6547245857590686,0.03219871205151794
E1_iterative_r1__softimpute__19_tdm__post1,E1_iterative_r1,softimpute,19_tdm,True,high,False,False,False,False,False,10.0,19.0,0.4736842105263158,0.500408811574259,0.8529893067189055,0.72168,0.929316375006294,0.974016123911156,-0.06329677336127681,0.125,0.8844603672189879,0.6646734130634775,0.6573137074517019,0.5259623992837958,0.13434841021047916,0.13569457221711131
E2_iterative_r2__strict__09_ruv__post1,E2_iterative_r2,strict,09_ruv,True,medium,False,False,False,False,False,11.0,18.0,0.38888888888888884,0.499931632337623,0.7537274582846943,0.7039454545454545,0.914709313851474,0.6975156982931042,-0.008461821090405275,0.4166,0.625615763546798,0.5984360625574977,0.5671573137074517,0.13563115487914054,0.44648454993282577,0.6262649494020239
D_malignant_only__softimpute__15_fsqn_py__post1,D_malignant_only,softimpute,15_fsqn_py,True,high,False,False,False,False,False,10.0,17.0,0.4117647058823529,0.4997588406294462,0.7276166265982766,0.7031799999999999,0.9230754418579608,0.9260471894186184,-0.016353497694000796,0.2795,0.5481415136587551,0.5970561177552898,0.6205151793928243,0.46150402864816475,0.3748320644872369,0.39650413983440663
C_rnaseq_only__knn__26_xpn__post0,C_rnaseq_only,knn,26_xpn,False,high,False,False,False,False,False,5.0,6.0,0.16666666666666663,0.49969325855516417,0.5834912735056977,0.55504,0.9657250421765896,0.983798818056966,0.0025927098699431994,0.2021,0.3318405732198836,0.1531738730450782,0.9609015639374425,0.5577439570277529,0.7111509180474698,0.28334866605335784
K_ffpe_only__knn__26_xpn__post0,K_ffpe_only,knn,26_xpn,False,high,False,False,False,True,False,3.0,8.0,0.625,0.49914066215531633,0.5950829768017472,0.6083333333333334,0.8901176902231626,0.9992212963954606,0.09068825178856407,0.1547,0.3470667263770712,0.28380864765409386,0.41950321987120515,0.7891674127126231,0.9471562919838782,0.2081416743330267
A_confirmed_bad__knn__19_tdm__post0,A_confirmed_bad,knn,19_tdm,False,high,False,False,True,False,False,11.0,21.0,0.47619047619047616,0.4991058351042219,0.6825152817710697,0.6223636363636363,0.9381898596363364,0.9755120844825738,-0.0014297892968876402,0.2857,0.45588893864755936,0.33394664213431463,0.7488500459981601,0.5322291853178156,0.5141065830721003,0.4096136154553818
D_malignant_only__softimpute__19_tdm__post0,D_malignant_only,softimpute,19_tdm,False,high,False,False,False,False,False,10.0,18.0,0.4444444444444444,0.49903146785195246,0.6765195969040769,0.72628,0.9192504259029696,0.980454465281162,-0.023682305321660768,0.2857,0.4473802060008957,0.6784728610855566,0.5910763569457221,0.5470008952551477,0.3206448723690103,0.4096136154553818
H_affymetrix_extended__knn__10_mnn__post0,H_affymetrix_extended,knn,10_mnn,False,medium,False,False,False,False,False,6.0,12.0,0.5,0.4989998561396714,0.8146604313181,0.8009,0.8818564103110902,-0.0181270771336654,-0.15170568792319722,0.49,0.7953425884460367,0.9300827966881324,0.3776448942042318,0.025962399283795883,0.043439319301388266,0.8215271389144434
J_ff_only__softimpute__18_rank__post0,J_ff_only,softimpute,18_rank,False,high,False,False,False,False,False,7.0,15.0,0.5333333333333333,0.49869118432050596,0.6744399112843247,0.6770142857142857,0.9732999842383576,0.9087801177756304,0.0,0.1111,0.44603672189879084,0.5078196872125115,0.9783808647654094,0.39659803043867503,0.6094939543215405,0.053817847286108556
H_affymetrix_extended__softimpute__08_inmoose_combatseq__post0,H_affymetrix_extended,softimpute,08_inmoose_combatseq,False,medium,False,False,False,False,False,6.0,12.0,0.5,0.4982253263504918,0.7832899547695763,0.73345,0.873546515498391,0.8397664141620257,-0.0485858966800517,0.5,0.7129422301836095,0.7000919963201472,0.33072677092916286,0.2188898836168308,0.18562472010747874,0.8410763569457221
H_affymetrix_extended__softimpute__06_combat_seq__post0,H_affymetrix_extended,softimpute,06_combat_seq,False,medium,False,False,False,False,False,6.0,12.0,0.5,0.4977673369341767,0.7829638049951959,0.7328,0.8735489046186334,0.8397806126396794,-0.0485858966800517,0.5,0.7120465741155396,0.6973321067157314,0.3311867525298988,0.21933751119068934,0.18562472010747874,0.8410763569457221
G_affymetrix_only__knn__18_rank__post0,G_affymetrix_only,knn,18_rank,False,high,False,False,False,True,False,2.0,3.0,0.33333333333333337,0.4977615277537893,0.6774204293994478,0.52245,0.9176829111288196,0.9170377677634816,-6.383892081074372e-07,0.4951,0.44872369010300045,0.10671573137074516,0.5804967801287948,0.44091316025067145,0.580832960143305,0.828886844526219
J_ff_only__strict__18_rank__post0,J_ff_only,strict,18_rank,False,high,False,False,False,False,False,7.0,15.0,0.5333333333333333,0.4968703275601323,0.6453523675693772,0.6704428571428572,0.97611322784852,0.908617967766565,0.0,0.1188,0.40035826242722794,0.4852805887764489,0.9829806807727691,0.39570277529095793,0.6094939543215405,0.10740570377184913
C_rnaseq_only__knn__12_scanorama__post1,C_rnaseq_only,knn,12_scanorama,True,medium,False,False,False,True,False,4.0,5.0,0.19999999999999996,0.4967427360102497,0.699146727952916,0.642625,0.9515538635267252,0.1198757994030018,-0.044568329623956404,0.5351,0.48141513658755036,0.3999540018399264,0.9093836246550138,0.07251566696508505,0.20734437975817285,0.9098436062557498
F_microarray_only__strict__05_combat__post0,F_microarray_only,strict,05_combat,False,medium,False,False,False,False,False,6.0,18.0,0.6666666666666667,0.49634941872900756,0.8214593501879094,0.5560333333333333,0.7072249992941279,0.9219745505427608,0.08231785589338342,0.3957,0.8092252575011196,0.15639374425023,0.040478380864765406,0.45165622202327665,0.9368562472010747,0.5834866605335787
E3_iterative_r3__softimpute__19_tdm__post0,E3_iterative_r3,softimpute,19_tdm,False,high,False,False,False,False,False,10.0,18.0,0.4444444444444444,0.4962575083989609,0.8439704688231404,0.72008,0.9306490331777956,0.9737292979812596,-0.06831175376332888,0.125,0.8652037617554859,0.6614535418583257,0.6669733210671573,0.5250671441360788,0.12315270935960591,0.13569457221711131
J_ff_only__knn__18_rank__post1,J_ff_only,knn,18_rank,True,high,False,False,False,False,False,7.0,14.0,0.5,0.49614054431202614,0.6247369235122313,0.6798857142857143,0.9695634880007246,0.9082677591001244,-0.002647598857884015,0.1622,0.3761755485893417,0.516099356025759,0.9696412143514259,0.39435989256938225,0.4997760859829825,0.22079116835326587
G_affymetrix_only__softimpute__16_fsqn_r__post0,G_affymetrix_only,softimpute,16_fsqn_r,False,high,False,False,False,True,False,2.0,3.0,0.33333333333333337,0.4959549462045593,0.6958849551034901,0.54445,0.7427757027581336,0.9999999501713738,-7.922501607804389e-06,0.4879,0.4738020600089566,0.13523459061637536,0.07198712051517939,0.9033124440465533,0.5781459919390954,0.8132474701011959
H_affymetrix_extended__strict__12_scanorama__post1,H_affymetrix_extended,strict,12_scanorama,True,medium,False,False,False,False,False,5.0,11.0,0.5454545454545454,0.49580372054741423,0.8039414793012006,0.79434,0.8983153249606232,0.0348354964609027,-0.05701284628392023,0.4044,0.7702642185400806,0.9116835326586936,0.47194112235510577,0.05684870188003581,0.15897895208240037,0.6051057957681693
C_rnaseq_only__softimpute__14_qsmooth__post0,C_rnaseq_only,softimpute,14_qsmooth,False,high,False,False,False,False,False,5.0,6.0,0.16666666666666663,0.49538450408493406,0.6861159270525315,0.63542,0.9588603666492724,0.9225196885777835,-0.02866954555892942,0.297,0.4612628750559785,0.3822447102115915,0.9484820607175714,0.4547896150402865,0.3000447828034035,0.4254829806807728
H_affymetrix_extended__strict__21_harmonizr__post1,H_affymetrix_extended,strict,21_harmonizr,True,medium,False,False,False,False,False,5.0,11.0,0.5454545454545454,0.4949058086569041,0.5980379447104203,0.53074,0.8158680724348446,0.999999590278376,0.016737526555576143,0.4446,0.3497536945812808,0.11729530818767249,0.14765409383624656,0.8867502238137869,0.7899686520376176,0.6780128794848206
C_rnaseq_only__strict__23_vst__post0,C_rnaseq_only,strict,23_vst,False,low,False,False,False,False,False,5.0,6.0,0.16666666666666663,0.4946044917160777,0.6584404409262421,0.60078,0.9717416143057068,0.843903704229005,-0.0017650323997016049,0.3852,0.42409314823107924,0.26034958601655933,0.9737810487580497,0.2278424350940018,0.5116435288849082,0.5699172033118676
E3_iterative_r3__knn__19_tdm__post0,E3_iterative_r3,knn,19_tdm,False,high,False,False,False,False,False,10.0,18.0,0.4444444444444444,0.4944366734150414,0.7577384327220376,0.60515,0.9288968306537704,0.9742308279801876,-0.001445160767421183,0.2598,0.638602776533811,0.27230910763569455,0.6517939282428703,0.5264100268576545,0.5136587550380654,0.3638454461821527
J_ff_only__strict__18_rank__post1,J_ff_only,strict,18_rank,True,high,False,False,False,False,False,7.0,14.0,0.5,0.49427055553696864,0.6247050066781114,0.6798000000000001,0.976629218284176,0.9073762748531178,-0.002568669311425187,0.15,0.3757277205553068,0.515639374425023,0.983440662373505,0.39212175470008953,0.5006717420510524,0.19802207911683534
J_ff_only__knn__18_rank__post0,J_ff_only,knn,18_rank,False,high,False,False,False,False,False,7.0,15.0,0.5333333333333333,0.49387619550627176,0.6445732328552777,0.6687714285714286,0.968862805371273,0.909609543336064,0.0,0.1224,0.39856695029108824,0.47746090156393745,0.9668813247470102,0.39838854073410923,0.6094939543215405,0.11246550137994481
F_microarray_only__strict__05_combat__post1,F_microarray_only,strict,05_combat,True,medium,False,False,False,False,False,6.0,17.0,0.6470588235294117,0.4937420627828508,0.8104751752364721,0.5567666666666667,0.7074173014724673,0.928532189701572,0.0780889695612293,0.3957,0.7845947156291984,0.15731370745170192,0.04093836246550138,0.4664279319606088,0.9296909986565159,0.5834866605335787
G_affymetrix_only__knn__01_raw__post0,G_affymetrix_only,knn,01_raw,False,low,False,False,False,True,True,2.0,3.0,0.33333333333333337,0.493102681511077,0.6576006735092915,0.5093,0.7420604353449771,1.0,0.0,0.4825,0.42274966412897447,0.08555657773689053,0.06853725850965961,0.9677708146821844,0.6094939543215405,0.8045078196872125
E3_iterative_r3__softimpute__15_fsqn_py__post1,E3_iterative_r3,softimpute,15_fsqn_py,True,high,False,False,False,False,False,10.0,17.0,0.4117647058823529,0.49304664033612355,0.7993967208865251,0.75484,0.8735459381741965,0.8403745753559106,-0.17605776163729558,0.5088,0.7514554411106136,0.7741490340386384,0.33026678932842685,0.220680393912265,0.01903269144648455,0.8626954921803128
G_affymetrix_only__knn__04_sva__post0,G_affymetrix_only,knn,04_sva,False,low,False,False,False,True,False,2.0,3.0,0.33333333333333337,0.4929160864968958,0.6573726919017078,0.5093,0.7420604353449771,1.0,0.0,0.4825,0.4216300940438871,0.08555657773689053,0.06853725850965961,0.9677708146821844,0.6094939543215405,0.8045078196872125
G_affymetrix_only__knn__36_explobatch__post0,G_affymetrix_only,knn,36_explobatch,False,medium,False,False,False,True,False,2.0,3.0,0.33333333333333337,0.4929160864968958,0.6573726919017078,0.5093,0.7420604353449771,1.0,0.0,0.4825,0.4216300940438871,0.08555657773689053,0.06853725850965961,0.9677708146821844,0.6094939543215405,0.8045078196872125
F_microarray_only__strict__02_median_scaling__post0,F_microarray_only,strict,02_median_scaling,False,low,False,False,False,False,False,6.0,18.0,0.6666666666666667,0.4928285317497017,0.4424594358051347,0.6524166666666666,0.817029963708458,0.9999999981803972,0.02765035103869362,0.3833,0.05508284818629646,0.4328426862925483,0.14949402023919042,0.9306177260519248,0.8213166144200627,0.5676172953081877
E3_iterative_r3__softimpute__19_tdm__post1,E3_iterative_r3,softimpute,19_tdm,True,high,False,False,False,False,False,10.0,17.0,0.4117647058823529,0.4923969638575359,0.8275484128667685,0.71529,0.9345679376144478,0.9730702718597282,-0.06808218857352,0.125,0.8208687863860278,0.6435142594296228,0.7065317387304508,0.5241718889883616,0.12360053739364084,0.13569457221711131
C_rnaseq_only__knn__12_scanorama__post0,C_rnaseq_only,knn,12_scanorama,False,medium,False,False,False,False,False,5.0,6.0,0.16666666666666663,0.4918393355599442,0.7257209000197924,0.68294,0.9345167593682108,0.1096825662991069,-0.04456727852789,0.5299,0.5405284370801612,0.5225390984360626,0.7060717571297148,0.0711727842435094,0.20824003582624273,0.9024839006439742
E2_iterative_r2__softimpute__19_tdm__post1,E2_iterative_r2,softimpute,19_tdm,True,high,False,False,False,False,False,10.0,18.0,0.4444444444444444,0.49183731890966925,0.8416050989950465,0.7159,0.9299233972013392,0.9737297418871296,-0.06715936246466342,0.125,0.8571428571428571,0.6471941122355106,0.6605335786568537,0.5255147717099373,0.12494402149574563,0.13569457221711131
H_affymetrix_extended__strict__09_ruv__post0,H_affymetrix_extended,strict,09_ruv,False,medium,False,False,False,False,False,6.0,12.0,0.5,0.4908449834680604,0.7432406346281097,0.7341666666666667,0.7142645302324881,0.6538872626968207,0.005691698403533008,0.471,0.5857590685176892,0.702851885924563,0.04737810487580497,0.10877350044762757,0.7344379758172862,0.765869365225391
K_ffpe_only__softimpute__14_qsmooth__post1,K_ffpe_only,softimpute,14_qsmooth,True,high,False,False,False,True,False,3.0,7.0,0.5714285714285714,0.4908268798271589,0.7358248259014525,0.6689666666666666,0.8692376157625147,0.9264835004272718,-0.01549347103447929,0.4615,0.5700850873264667,0.47907083716651333,0.312327506899724,0.4619516562220233,0.3864755933721451,0.735050597976081
E1_iterative_r1__knn__14_qsmooth__post0,E1_iterative_r1,knn,14_qsmooth,False,high,False,False,False,False,False,11.0,20.0,0.44999999999999996,0.4907093073365197,0.7366181922238255,0.6495181818181819,0.9456382991671158,0.8981134011610579,-7.446320898929493e-05,0.1538,0.5714285714285714,0.42410303587856485,0.8261269549218031,0.3442256042972247,0.5732198835647111,0.20515179392824287
K_ffpe_only__softimpute__25_angel__post1,K_ffpe_only,softimpute,25_angel,True,high,False,False,False,True,False,2.0,7.0,0.7142857142857143,0.49055911462404617,0.7309333709527246,0.5809,0.7920989696758791,0.935318989483262,0.024347522029967927,0.467,0.5606806986117331,0.2125114995400184,0.11637534498620056,0.4825425246195166,0.8154948499776086,0.7557497700091996
E3_iterative_r3__knn__18_rank__post0,E3_iterative_r3,knn,18_rank,False,high,False,False,False,False,False,10.0,18.0,0.4444444444444444,0.49045788294190173,0.7269451516938992,0.65954,0.9563109028113004,0.9011838843991344,0.0,0.0846,0.5450067174205105,0.45262189512419504,0.9388224471021159,0.355863921217547,0.6094939543215405,0.04093836246550138
C_rnaseq_only__softimpute__06_combat_seq__post0,C_rnaseq_only,softimpute,06_combat_seq,False,medium,False,False,False,False,False,5.0,6.0,0.16666666666666663,0.48958395196828314,0.7075070237977062,0.649,0.7571314929157187,0.9020469122122664,0.057112465987652294,0.4455,0.4973130317957904,0.42249310027598896,0.0811867525298988,0.3690689346463742,0.8878190774742499,0.6796228150873965
C_rnaseq_only__softimpute__08_inmoose_combatseq__post0,C_rnaseq_only,softimpute,08_inmoose_combatseq,False,medium,False,False,False,False,False,5.0,6.0,0.16666666666666663,0.48958395196828314,0.7075070237977062,0.649,0.7571314929157187,0.9020469122122664,0.057112465987652294,0.4455,0.4973130317957904,0.42249310027598896,0.0811867525298988,0.3690689346463742,0.8878190774742499,0.6796228150873965
E2_iterative_r2__strict__10_mnn__post0,E2_iterative_r2,strict,10_mnn,False,medium,False,False,False,False,False,11.0,19.0,0.42105263157894735,0.48933631234293823,0.7279205812179119,0.753109090909091,0.9320692651199896,0.0832537489553202,-0.04966442394194681,0.4487,0.5490371697268249,0.7690892364305428,0.6826126954921803,0.06803939122649955,0.1800268696820421,0.68721251149954
J_ff_only__strict__10_mnn__post1,J_ff_only,strict,10_mnn,True,medium,False,False,False,False,False,6.0,14.0,0.5714285714285714,0.48894581027929274,0.7262649224240201,0.6881333333333334,0.9841918263230168,0.0318957760547313,-0.08432758847968569,0.4554,0.541871921182266,0.5379484820607175,0.9977000919963201,0.05550581915846016,0.09135691894312584,0.7092916283348666
E2_iterative_r2__knn__19_tdm__post1,E2_iterative_r2,knn,19_tdm,True,high,False,False,False,False,False,10.0,18.0,0.4444444444444444,0.4888534159802278,0.7183088561622262,0.60867,0.9125096351654336,0.974319639862547,0.0008726374926748548,0.2615,0.5257501119570085,0.2842686292548298,0.5542778288868445,0.5273052820053715,0.6735333631885356,0.36798528058877644
F_microarray_only__strict__10_mnn__post0,F_microarray_only,strict,10_mnn,False,medium,False,False,False,False,False,6.0,18.0,0.6666666666666667,0.48863859238039,0.5896769960460003,0.7476833333333334,0.895918694506738,0.0017586664084078,-0.013835123058956733,0.5513,0.3412449619346171,0.7511499540018399,0.4549218031278749,0.04028648164726947,0.40080609046126286,0.9434222631094756
J_ff_only__knn__10_mnn__post1,J_ff_only,knn,10_mnn,True,medium,False,False,False,False,False,6.0,14.0,0.5714285714285714,0.4884601393934463,0.7435021863626642,0.6854,0.9702877862462392,0.0382799940013613,-0.07824626206322671,0.442,0.587102552619794,0.531278748850046,0.9719411223551058,0.05953446732318711,0.1070309001343484,0.6738730450781969
H_affymetrix_extended__knn__20_shambhala__post1,H_affymetrix_extended,knn,20_shambhala,True,high,False,False,False,False,False,5.0,9.0,0.4444444444444444,0.48829785944255466,0.8231845565479047,0.7017800000000001,0.8913885888464759,0.7674628511245337,-0.14401145762888773,0.5137,0.8154948499776086,0.5896964121435143,0.4254829806807728,0.16338406445837064,0.06314375279892522,0.8725850965961361
D_malignant_only__knn__04_sva__post1,D_malignant_only,knn,04_sva,True,low,False,False,False,False,False,10.0,17.0,0.4117647058823529,0.48817323620627273,0.7233729054487883,0.67213,0.9373144988007388,0.8686070462218282,0.023500239256275424,0.0909,0.5324675324675324,0.49126034958601655,0.7405703771849126,0.306177260519248,0.8132557098074339,0.0453081876724931
S0_no_removal__strict__33_amdbnorm__post1,S0_no_removal,strict,33_amdbnorm,True,high,False,False,False,False,False,10.0,23.0,0.5652173913043479,0.4878680621897388,0.4963232716139947,0.69451,0.9466026410702638,0.9053441189449852,-0.001356784809261935,0.3285,0.1303179579041648,0.5634774609015639,0.8362465501379944,0.38316920322291853,0.5181370353784147,0.49586016559337626
C_rnaseq_only__knn__20_shambhala__post1,C_rnaseq_only,knn,20_shambhala,True,high,False,False,False,True,False,4.0,5.0,0.19999999999999996,0.4876919181370392,0.7329051091560518,0.667725,0.9211583425065492,0.8293799612852814,-0.03011633984158646,0.4777,0.5620241827138379,0.4742410303587857,0.6071757129714811,0.19829901521933752,0.2879534258844604,0.796458141674333
A_confirmed_bad__knn__14_qsmooth__post0,A_confirmed_bad,knn,14_qsmooth,False,high,False,False,True,False,False,11.0,21.0,0.47619047619047616,0.48732404303885474,0.7334892527183466,0.6721454545454546,0.946606955424213,0.8982578402226398,-6.532773541656489e-05,0.1224,0.5638154948499776,0.4917203311867525,0.8367065317387304,0.3451208594449418,0.5741155396327811,0.11246550137994481
I_rare_batches_removed__softimpute__14_qsmooth__post0,I_rare_batches_removed,softimpute,14_qsmooth,False,high,False,False,False,False,False,9.0,15.0,0.4,0.4869303289405154,0.7121475580215333,0.6644111111111112,0.9302001144734604,0.8688938597433686,-0.0020001307745037278,0.3203,0.509628302731751,0.4622815087396504,0.6623735050597976,0.30662488809310656,0.5087326466636811,0.47194112235510577
C_rnaseq_only__knn__13_fsmvn__post1,C_rnaseq_only,knn,13_fsmvn,True,medium,False,False,False,True,False,4.0,5.0,0.19999999999999996,0.48675923143126276,0.6396021402932964,0.5682,0.957130564452176,0.9870474343992822,-0.03741032005020284,0.3964,0.393640841916704,0.17847286108555657,0.9420423183072677,0.571620411817368,0.2489923869234214,0.5857865685372585
D_malignant_only__softimpute__05_combat__post0,D_malignant_only,softimpute,05_combat,False,medium,False,False,False,False,False,10.0,18.0,0.4444444444444444,0.4863661727627044,0.7946333007443712,0.65556,0.7329406355685817,0.9788470442624052,0.0015382812016704883,0.303,0.7438423645320197,0.4420423183072677,0.05703771849126035,0.5429722470904208,0.6927899686520376,0.4395124195032199
H_affymetrix_extended__strict__12_scanorama__post0,H_affymetrix_extended,strict,12_scanorama,False,medium,False,False,False,False,False,6.0,12.0,0.5,0.4863206551937629,0.7888124024044396,0.7728,0.9210683407538142,0.0301997252514369,-0.05701453367968623,0.3514,0.7259292431706225,0.8394664213431463,0.6062557497700092,0.05461056401074306,0.1580832960143305,0.5335786568537259
K_ffpe_only__softimpute__15_fsqn_py__post0,K_ffpe_only,softimpute,15_fsqn_py,False,high,False,False,False,True,False,3.0,8.0,0.625,0.4862464984523409,0.612312674139943,0.7067666666666668,0.8707098349310262,0.9300300675666924,-0.011790818807068781,0.4615,0.3625167935512763,0.6115455381784729,0.31784728610855567,0.4715756490599821,0.4189431258396776,0.735050597976081
K_ffpe_only__strict__10_mnn__post0,K_ffpe_only,strict,10_mnn,False,medium,False,False,False,True,False,3.0,8.0,0.625,0.4862048293683956,0.5631264797769204,0.7186,0.8916101052790398,0.0256223038027953,0.009551613456364183,0.4605,0.30228392297357815,0.6577736890524379,0.42686292548298066,0.051477170993733216,0.754590237348858,0.7242410303587856
K_ffpe_only__softimpute__17_quantile__post0,K_ffpe_only,softimpute,17_quantile,False,high,False,False,False,True,False,3.0,8.0,0.625,0.48616983485221826,0.612312674139943,0.7067666666666668,0.870657448740026,0.9300300675666924,-0.011790818807068781,0.4615,0.3625167935512763,0.6115455381784729,0.3173873045078197,0.4715756490599821,0.4189431258396776,0.735050597976081
C_rnaseq_only__strict__13_fsmvn__post0,C_rnaseq_only,strict,13_fsmvn,False,medium,False,False,False,False,False,5.0,6.0,0.16666666666666663,0.48536642485886494,0.5672015693102019,0.5603,0.9373812384423544,0.9829076357315352,0.019800392271715928,0.2447,0.3081056874160322,0.16421343146274148,0.7414903403863845,0.5528200537153088,0.8056426332288401,0.33992640294388227
I_rare_batches_removed__strict__10_mnn__post0,I_rare_batches_removed,strict,10_mnn,False,medium,False,False,False,False,False,9.0,15.0,0.4,0.4852713951477892,0.6722325492436773,0.7553888888888889,0.930882878772672,-0.131972008771001,-0.03430793418857275,0.4654,0.44290192566054637,0.7764489420423183,0.671113155473781,0.0035810205908683975,0.26735333631885355,0.750229990800368
K_ffpe_only__knn__03_limma__post0,K_ffpe_only,knn,03_limma,False,low,False,False,False,True,False,3.0,8.0,0.625,0.4852164916043152,0.5680374930733006,0.6101666666666666,0.875008610066183,0.9999885808034076,0.05851745255896795,0.1831,0.30944917151813706,0.2920883164673413,0.33670653173873044,0.8254252461951657,0.890729959695477,0.25689972401103955
E3_iterative_r3__strict__10_mnn__post0,E3_iterative_r3,strict,10_mnn,False,medium,False,False,False,False,False,10.0,18.0,0.4444444444444444,0.4851022895002293,0.721156334563926,0.7643099999999999,0.9216139567587942,0.0079247436641662,-0.05108542928949744,0.4629,0.5302283922973579,0.8045078196872125,0.610395584176633,0.043867502238137866,0.17644424540976264,0.7451701931922723
I_rare_batches_removed__knn__05_combat__post1,I_rare_batches_removed,knn,05_combat,True,medium,False,False,False,False,False,9.0,14.0,0.3571428571428571,0.4834872154382058,0.7393376278070772,0.6334222222222222,0.7029736747354303,0.937578543197738,0.06627148883610712,0.3345,0.5772503358710255,0.37626494940202393,0.038178472861085555,0.491047448522829,0.9046126287505598,0.5135694572217111
G_affymetrix_only__softimpute__31_ruv3prps__post0,G_affymetrix_only,softimpute,31_ruv3prps,False,medium,False,False,False,True,False,2.0,3.0,0.33333333333333337,0.48341579466161066,0.6958849551034901,0.54445,0.7427757027581336,0.9999999492516288,-0.0023069592615579393,0.4879,0.4738020600089566,0.13523459061637536,0.07198712051517939,0.9028648164726947,0.503358710255262,0.8132474701011959
H_affymetrix_extended__strict__10_mnn__post0,H_affymetrix_extended,strict,10_mnn,False,medium,True,False,False,False,False,6.0,12.0,0.5,0.48304924525310683,0.7292117841842698,0.7291666666666666,0.9128651621647268,-0.0057354044138961,-0.0570153770452102,0.5342,0.554411106135244,0.6867525298988041,0.5556577736890524,0.03491495076096687,0.15763546798029557,0.9089236430542779
C_rnaseq_only__strict__03_limma__post0,C_rnaseq_only,strict,03_limma,False,low,False,False,False,False,False,5.0,6.0,0.16666666666666663,0.48238015670219964,0.5200261456376988,0.50122,0.9608973166242684,0.9836482961894768,0.026106694725112733,0.2159,0.18943125839677563,0.07911683532658693,0.952161913523459,0.5564010743061772,0.8181818181818182,0.29898804047838085
I_rare_batches_removed__knn__05_combat__post0,I_rare_batches_removed,knn,05_combat,False,medium,False,False,False,False,False,9.0,15.0,0.4,0.4822394438012594,0.7532065427579925,0.6267111111111111,0.7042902449855336,0.9198216248920554,0.07093960539744643,0.3343,0.6220331392745185,0.35418583256669733,0.03955841766329347,0.4467323187108326,0.9180474697716077,0.5128794848206072
E1_iterative_r1__knn__11_harmony__post1,E1_iterative_r1,knn,11_harmony,True,medium,False,False,False,False,False,10.0,19.0,0.4736842105263158,0.4816484341816927,0.7826945466102169,0.64809,0.9218335511050406,0.5705748454615097,0.01085079594822247,0.2148,0.7111509180474698,0.41674333026678934,0.6113155473781049,0.08863025962399283,0.7644424540976265,0.29760809567617297
A_confirmed_bad__strict__10_mnn__post0,A_confirmed_bad,strict,10_mnn,False,medium,False,False,True,False,False,11.0,21.0,0.47619047619047616,0.48119852707257177,0.6914936378817131,0.7309545454545454,0.9387404240690632,0.0659532640276347,-0.036381174892634593,0.4295,0.46663681146439767,0.6927322907083716,0.7580496780128795,0.06266786034019696,0.2534706672637707,0.6536338546458141
I_rare_batches_removed__softimpute__12_scanorama__post1,I_rare_batches_removed,softimpute,12_scanorama,True,medium,False,False,False,False,False,8.0,14.0,0.4285714285714286,0.48090059345815367,0.7770057395265375,0.746,0.9205864199426832,-0.0115570423728172,-0.05794094847961884,0.4307,0.6995073891625616,0.7442502299908004,0.6030358785648574,0.02954341987466428,0.1540528437080161,0.6550137994480221
E1_iterative_r1__strict__10_mnn__post0,E1_iterative_r1,strict,10_mnn,False,medium,False,False,False,False,False,11.0,20.0,0.44999999999999996,0.4805385168134933,0.7257600686113719,0.7431545454545454,0.9350632069024124,0.0727698016879488,-0.050468054563699405,0.4312,0.5409762651141962,0.7295308187672493,0.7125114995400184,0.06624888093106536,0.17733990147783252,0.656623735050598
G_affymetrix_only__strict__15_fsqn_py__post0,G_affymetrix_only,strict,15_fsqn_py,False,high,False,False,False,True,False,2.0,3.0,0.33333333333333337,0.48014106248234145,0.4901272461055914,0.5195000000000001,0.936923744612832,0.91162402266136,0.0006070102500592145,0.505,0.11822660098522167,0.0984360625574977,0.7366605335786569,0.412041181736795,0.6668159426780117,0.8486660533578657
E2_iterative_r2__softimpute__03_limma__post0,E2_iterative_r2,softimpute,03_limma,False,low,False,False,False,False,False,11.0,19.0,0.42105263157894735,0.4797337175376802,0.4817691373986593,0.6789727272727273,0.9233581544857322,0.9942419565729732,0.012012609848737477,0.1538,0.1038961038961039,0.5133394664213431,0.6228150873965042,0.6647269471799463,0.7684729064039408,0.20515179392824287
C_rnaseq_only__strict__13_fsmvn__post1,C_rnaseq_only,strict,13_fsmvn,True,medium,False,False,False,True,False,4.0,5.0,0.19999999999999996,0.4796910198274711,0.614948823514627,0.539225,0.9521154472942016,0.9868000871866516,-0.021291857171682027,0.3757,0.3649798477384684,0.1264949402023919,0.9162833486660533,0.5702775290957923,0.34169278996865204,0.5584176632934683
E2_iterative_r2__softimpute__03_limma__post1,E2_iterative_r2,softimpute,03_limma,True,low,False,False,False,False,False,11.0,18.0,0.38888888888888884,0.4792104869707683,0.5027693637769075,0.691,0.9232086130505464,0.9941250426840492,0.0009948199478621578,0.1618,0.14420062695924765,0.5496780128794848,0.6218951241950322,0.6602506714413607,0.6789072995969547,0.2203311867525299
C_rnaseq_only__strict__16_fsqn_r__post0,C_rnaseq_only,strict,16_fsqn_r,False,high,True,False,False,False,False,5.0,6.0,0.16666666666666663,0.4788878537549947,0.5825424547491913,0.57384,0.9119442398589308,0.9829113203840204,0.020418920990174616,0.2987,0.3296014330497089,0.19595216191352346,0.5515179392824286,0.5532676812891674,0.8092252575011196,0.4337626494940202
S0_no_removal__knn__09_ruv__post0,S0_no_removal,knn,09_ruv,False,medium,False,False,False,False,False,11.0,24.0,0.5416666666666667,0.4786536864858002,0.7251737137506328,0.7185545454545454,0.9112176482447494,0.6864049634515246,-0.007535381718235423,0.3584,0.5387371249440215,0.6573137074517019,0.546458141674333,0.12578334825425247,0.45947156291983876,0.5441582336706532
C_rnaseq_only__knn__23_vst__post0,C_rnaseq_only,knn,23_vst,False,low,False,False,False,False,False,5.0,6.0,0.16666666666666663,0.4783657410870517,0.6570480823750703,0.59636,0.9779919466454956,0.8353567018113666,-0.0013803579961687573,0.3244,0.41961486789072994,0.24931002759889603,0.9875804967801288,0.20814682184422562,0.5161218092252575,0.48942042318307266
G_affymetrix_only__softimpute__02_median_scaling__post0,G_affymetrix_only,softimpute,02_median_scaling,False,low,False,False,False,True,False,2.0,3.0,0.33333333333333337,0.4773509516468084,0.5635651203573548,0.46025,0.7428474967086547,0.9999999948592702,0.07022919393812344,0.401,0.303179579041648,0.05174793008279669,0.07267709291628335,0.9243509400179051,0.916703985669503,0.5954461821527139
E2_iterative_r2__strict__10_mnn__post1,E2_iterative_r2,strict,10_mnn,True,medium,False,False,False,False,False,10.0,18.0,0.4444444444444444,0.4770421204000234,0.7250929897882015,0.74524,0.931595162415797,0.0827699407145463,-0.049664412603809605,0.4322,0.5382892969099866,0.7378104875804968,0.6780128794848206,0.067591763652641,0.18047469771607702,0.6600735970561178
B_extended_bad__strict__10_mnn__post0,B_extended_bad,strict,10_mnn,False,medium,False,False,True,False,False,10.0,16.0,0.375,0.47661361276819497,0.745605780812497,0.75958,0.9269466240452022,-0.0817322935534162,-0.04153351841390218,0.4015,0.5915808329601433,0.7925482980680773,0.6375344986200552,0.01342882721575649,0.22615315718763995,0.5984360625574977
I_rare_batches_removed__strict__10_mnn__post1,I_rare_batches_removed,strict,10_mnn,True,medium,False,False,False,False,False,8.0,14.0,0.4285714285714286,0.4765929969051614,0.6409565150946178,0.7289875,0.931574422144183,-0.1287620977067587,-0.034310910393827665,0.4963,0.39453649798477386,0.6849126034958601,0.6775528978840847,0.005371530886302597,0.2664576802507837,0.8307267709291628
E2_iterative_r2__knn__14_qsmooth__post0,E2_iterative_r2,knn,14_qsmooth,False,high,False,False,False,False,False,11.0,19.0,0.42105263157894735,0.4759182566343825,0.7215880697300043,0.6459727272727273,0.9424474467442986,0.8978461976409179,-7.547933511964366e-05,0.1519,0.5311240483654277,0.41030358785648574,0.7999080036798528,0.3415398388540734,0.5727720555306762,0.1998620055197792
D_malignant_only__softimpute__28_npn__post1,D_malignant_only,softimpute,28_npn,True,high,False,False,False,False,False,9.0,17.0,0.47058823529411764,0.47537070474940574,0.6527670604098197,0.6754,0.8523459156256319,0.9999293809560688,-0.031809239694087374,0.4005,0.4142409314823108,0.5027598896044159,0.24103035878564857,0.8218442256042973,0.2798925212718316,0.5924563017479301
E1_iterative_r1__strict__12_scanorama__post1,E1_iterative_r1,strict,12_scanorama,True,medium,False,False,False,False,False,11.0,19.0,0.42105263157894735,0.47515002090132047,0.7205787504497801,0.7629636363636364,0.9201901710225472,-0.0388087954038087,-0.05046578127065304,0.4583,0.529332736229288,0.8017479300827967,0.5975160993560258,0.023276633840644583,0.17823555754590237,0.7207911683532658
A_confirmed_bad__strict__10_mnn__post1,A_confirmed_bad,strict,10_mnn,True,medium,False,False,True,False,False,10.0,20.0,0.5,0.4750353307249608,0.6824937578951065,0.71659,0.9394480194748888,0.0662050375974835,-0.036381172496170566,0.4343,0.4554411106135244,0.6494940202391905,0.7667893284268629,0.06311548791405551,0.25391849529780564,0.6614535418583257
E1_iterative_r1__strict__10_mnn__post1,E1_iterative_r1,strict,10_mnn,True,medium,False,False,False,False,False,10.0,19.0,0.4736842105263158,0.4747830124199564,0.7181298077223556,0.73024,0.9367155555180662,0.0719045202010303,-0.05046805224096962,0.4312,0.5253022839229736,0.6890524379024839,0.734130634774609,0.06580125335720681,0.17778772951186744,0.656623735050598
C_rnaseq_only__softimpute__21_harmonizr__post0,C_rnaseq_only,softimpute,21_harmonizr,False,medium,False,False,False,False,False,5.0,6.0,0.16666666666666663,0.4743764689932728,0.5941083575849361,0.57196,0.8432041725273742,0.9999936701321468,0.02947234150016187,0.3068,0.3452754142409315,0.19089236430542778,0.20377184912603497,0.8325872873769025,0.8289296909986565,0.4448022079116835
E3_iterative_r3__strict__10_mnn__post1,E3_iterative_r3,strict,10_mnn,True,medium,False,False,False,False,False,9.0,17.0,0.47058823529411764,0.4739665631560271,0.7089643980446447,0.7294555555555555,0.9181644455188818,0.0046453519973471,-0.051084622455678574,0.5062,0.5020152261531572,0.687672493100276,0.5832566697332107,0.04207699194270367,0.1768920734437976,0.8518859245630175
K_ffpe_only__strict__03_limma__post0,K_ffpe_only,strict,03_limma,False,low,False,False,False,True,False,3.0,8.0,0.625,0.473915138297394,0.5518996724803695,0.6000666666666666,0.8701848735776698,0.9999920216706786,0.05363770016764574,0.1968,0.28034034930586654,0.25896964121435145,0.3160073597056118,0.8276633840644584,0.8822212270488132,0.2782888684452622
B_extended_bad__strict__10_mnn__post1,B_extended_bad,strict,10_mnn,True,medium,False,False,True,False,False,10.0,15.0,0.33333333333333337,0.4737939491172846,0.7295154304641697,0.75572,0.9250526791926516,-0.0822795501423238,-0.0415339484330981,0.4267,0.5562024182713838,0.7769089236430543,0.6264949402023919,0.012533572068039392,0.22480967308553515,0.6458141674333027
E3_iterative_r3__knn__19_tdm__post1,E3_iterative_r3,knn,19_tdm,True,high,False,False,False,False,False,10.0,17.0,0.4117647058823529,0.4730783555266729,0.7532483535408435,0.62059,0.9356191557814548,0.973607406081614,-0.0020168427351270335,0.125,0.6224809673085535,0.3265869365225391,0.7212511499540019,0.5246195165622203,0.5078369905956113,0.13569457221711131
J_ff_only__strict__31_ruv3prps__post0,J_ff_only,strict,31_ruv3prps,False,medium,False,False,False,False,False,7.0,15.0,0.5333333333333333,0.4725359686877815,0.6607855411952747,0.6535285714285715,0.9695715349101152,0.7400454700362963,0.0014344686704644283,0.1263,0.4276757725033587,0.4356025758969641,0.9701011959521619,0.1539838854073411,0.6909986565158979,0.15685372585096596
C_rnaseq_only__knn__20_shambhala__post0,C_rnaseq_only,knn,20_shambhala,False,high,False,False,False,False,False,5.0,6.0,0.16666666666666663,0.4719147443377611,0.6667953910112329,0.60144,0.9804171278346036,0.8492884442269858,-0.03667596562576603,0.4279,0.4361845051500224,0.26172953081876726,0.9944802207911684,0.23634735899731424,0.2530228392297358,0.6497240110395585
E1_iterative_r1__knn__12_scanorama__post1,E1_iterative_r1,knn,12_scanorama,True,medium,False,False,False,False,False,11.0,19.0,0.42105263157894735,0.4703264499049949,0.7075214041257099,0.7194818181818182,0.9413053127333508,0.0767296203655541,-0.04696526936153134,0.4065,0.4979847738468428,0.6600735970561178,0.7884084636614536,0.06714413607878246,0.1974921630094044,0.6108555657773689
J_ff_only__softimpute__31_ruv3prps__post0,J_ff_only,softimpute,31_ruv3prps,False,medium,False,False,False,False,False,7.0,15.0,0.5333333333333333,0.46970953089983897,0.6373457851663175,0.6532857142857144,0.9599719556853724,0.7443736024311786,0.0029328316178787173,0.1348,0.39184952978056425,0.4346826126954922,0.9494020239190433,0.15622202327663384,0.7138378862516793,0.17226310947562098
H_affymetrix_extended__knn__10_mnn__post1,H_affymetrix_extended,knn,10_mnn,True,medium,False,False,False,False,False,5.0,11.0,0.5454545454545454,0.46877105093492183,0.7970843512562791,0.78086,0.8186609649952291,-0.0214996760961503,-0.15170370000665906,0.5997,0.7469771607702642,0.8707451701931923,0.15041398344066237,0.025514771709937333,0.04657411553963278,0.9724011039558418
K_ffpe_only__softimpute__27_dwd__post1,K_ffpe_only,softimpute,27_dwd,True,medium,False,False,False,True,False,3.0,7.0,0.5714285714285714,0.46848574143995997,0.6149508516892632,0.5881333333333333,0.8362376110744236,0.9999999676956508,-0.015497824101728674,0.4615,0.36587550380653827,0.22746090156393745,0.1846826126954922,0.9124888093106536,0.38535602328705776,0.735050597976081
K_ffpe_only__softimpute__16_fsqn_r__post1,K_ffpe_only,softimpute,16_fsqn_r,True,high,False,False,False,True,False,3.0,7.0,0.5714285714285714,0.46848574143995997,0.6149508516892632,0.5881333333333333,0.8362376110744236,0.9999999676956508,-0.015497824101728674,0.4615,0.36587550380653827,0.22746090156393745,0.1846826126954922,0.9124888093106536,0.38535602328705776,0.735050597976081
C_rnaseq_only__knn__02_median_scaling__post0,C_rnaseq_only,knn,02_median_scaling,False,low,False,False,False,False,False,5.0,6.0,0.16666666666666663,0.46835484418743106,0.4858298127826377,0.48112000000000005,0.9668420008302832,0.9841148979201848,0.04655789933339016,0.1717,0.11330049261083744,0.062557497700092,0.9622815087396505,0.5595344673231871,0.8732646663681146,0.23919043238270468
C_rnaseq_only__strict__28_npn__post0,C_rnaseq_only,strict,28_npn,False,high,False,False,False,False,False,5.0,6.0,0.16666666666666663,0.46803922726224667,0.5461217461488632,0.5400400000000001,0.929989225222042,0.9839249869641076,0.01357070457148557,0.2941,0.264218540080609,0.12787488500459981,0.6609935602575897,0.55863921217547,0.7760859829825347,0.4204231830726771
S0_no_removal__knn__02_median_scaling__post0,S0_no_removal,knn,02_median_scaling,False,low,False,False,False,False,False,11.0,24.0,0.5416666666666667,0.46760932546093503,0.4648442058170796,0.6039818181818182,0.9065912685950588,0.9950655380843332,0.027243116250945554,0.2812,0.07523510971786834,0.26954921803127874,0.5206991720331187,0.7193375111906893,0.8204209583519928,0.40041398344066237
B_extended_bad__knn__11_harmony__post0,B_extended_bad,knn,11_harmony,False,medium,False,False,True,False,False,10.0,16.0,0.375,0.46760556355924415,0.7522429026778773,0.6582399999999999,0.905345951778733,0.5771438449175018,0.01800060744283638,0.241,0.6166592028660994,0.4484820607175713,0.5137994480220791,0.09310653536257833,0.7980295566502463,0.3355565777368905
C_rnaseq_only__knn__03_limma__post0,C_rnaseq_only,knn,03_limma,False,low,False,False,False,False,False,5.0,6.0,0.16666666666666663,0.4668074347325753,0.5357062664312998,0.5152599999999999,0.9639313687255604,0.9848042262499352,0.006017983460906873,0.1586,0.23331840573219884,0.09245630174793008,0.9586016559337627,0.5631154879140555,0.7357814599193909,0.21757129714811407
J_ff_only__knn__31_ruv3prps__post0,J_ff_only,knn,31_ruv3prps,False,medium,False,False,False,False,False,7.0,15.0,0.5333333333333333,0.46603086439588276,0.6608553321167011,0.6597142857142858,0.955518348878942,0.7445729073462737,0.0037055824359015777,0.1176,0.4281236005373936,0.453081876724931,0.9365225390984361,0.15711727842435094,0.7187639946260636,0.10257589696412144
F_microarray_only__knn__14_qsmooth__post0,F_microarray_only,knn,14_qsmooth,False,high,False,False,False,False,False,6.0,18.0,0.6666666666666667,0.4656079260346126,0.7148952988911801,0.6866,0.8877643292275605,0.923036616833988,-0.0024689021991998183,0.2687,0.5185848634124496,0.5326586936522539,0.4080036798528059,0.4565801253357207,0.5020152261531572,0.37580496780128797
J_ff_only__strict__33_amdbnorm__post0,J_ff_only,strict,33_amdbnorm,False,high,False,False,False,False,False,7.0,15.0,0.5333333333333333,0.4655154972036542,0.5690294329848347,0.6421285714285714,0.953693512017688,0.8956230411827862,-0.04798277417253771,0.416,0.3116883116883117,0.3988040478380865,0.9319227230910764,0.3366159355416294,0.1903269144648455,0.6237350505979761
B_extended_bad__knn__11_harmony__post1,B_extended_bad,knn,11_harmony,True,medium,False,False,True,False,False,10.0,15.0,0.33333333333333337,0.4651873480289104,0.73700009081066,0.6587,0.9099293828165712,0.5786429975582543,0.018185065375001863,0.241,0.5718763994626064,0.4494020239190432,0.5400183992640294,0.09355416293643688,0.8007165248544559,0.3355565777368905
E2_iterative_r2__strict__12_scanorama__post1,E2_iterative_r2,strict,12_scanorama,True,medium,False,False,False,False,False,11.0,18.0,0.38888888888888884,0.46494440693867944,0.7291872295551239,0.7786818181818181,0.9102016875570654,-0.0089495516194292,-0.04966309885617415,0.4129,0.5539632781012092,0.8615455381784729,0.5427782888684453,0.03178155774395703,0.18092252575011195,0.6186752529898804
G_affymetrix_only__strict__04_sva__post0,G_affymetrix_only,strict,04_sva,False,low,False,False,False,True,False,2.0,3.0,0.33333333333333337,0.46488568733668667,0.5190615843893117,0.5221,0.7407679016613644,1.0,0.0,0.5067,0.1865203761755486,0.10464581416743331,0.06508739650413983,0.9677708146821844,0.6094939543215405,0.8557957681692733
G_affymetrix_only__strict__36_explobatch__post0,G_affymetrix_only,strict,36_explobatch,False,medium,False,False,False,True,False,2.0,3.0,0.33333333333333337,0.46488568733668667,0.5190615843893117,0.5221,0.7407679016613644,1.0,0.0,0.5067,0.1865203761755486,0.10464581416743331,0.06508739650413983,0.9677708146821844,0.6094939543215405,0.8557957681692733
E3_iterative_r3__knn__11_harmony__post0,E3_iterative_r3,knn,11_harmony,False,medium,False,False,False,False,False,10.0,18.0,0.4444444444444444,0.46444636421444513,0.7682618111638281,0.64359,0.9065260714056418,0.5696946611864879,0.010874606163397749,0.2479,0.6668159426780117,0.4029438822447102,0.5202391904323828,0.08818263205013428,0.7648902821316614,0.34360625574977
G_affymetrix_only__strict__01_raw__post0,G_affymetrix_only,strict,01_raw,False,low,False,False,False,True,True,2.0,3.0,0.33333333333333337,0.4639991464436426,0.5165046761905417,0.5224,0.7400515620134593,1.0,0.0,0.5073,0.17913121361397225,0.1062557497700092,0.06393744250229991,0.9677708146821844,0.6094939543215405,0.8574057037718491
E1_iterative_r1__softimpute__03_limma__post0,E1_iterative_r1,softimpute,03_limma,False,low,False,False,False,False,False,11.0,20.0,0.44999999999999996,0.46383707949321423,0.461280979472484,0.6772727272727272,0.9233504212513842,0.994358338056433,0.0018283676495318701,0.1562,0.07120465741155396,0.5082796688132475,0.6223551057957681,0.675022381378693,0.6950291088222122,0.21113155473781048
A_confirmed_bad__softimpute__03_limma__post0,A_confirmed_bad,softimpute,03_limma,False,low,False,False,True,False,False,11.0,21.0,0.47619047619047616,0.46365084993004446,0.4418459926481997,0.6811636363636363,0.9230664626186204,0.9944466919745346,0.0014976078765379097,0.1562,0.05329153605015674,0.5193192272309107,0.6200551977920883,0.6857654431512982,0.6923421406180027,0.21113155473781048
E3_iterative_r3__softimpute__03_limma__post0,E3_iterative_r3,softimpute,03_limma,False,low,False,False,False,False,False,10.0,18.0,0.4444444444444444,0.4632645249653135,0.4686325115206121,0.67482,0.9197947758389868,0.9941207457027832,0.007419584404099844,0.1515,0.08150470219435736,0.5013799448022079,0.5956761729530818,0.6593554162936437,0.742498880429915,0.19917203311867526
I_rare_batches_removed__strict__02_median_scaling__post0,I_rare_batches_removed,strict,02_median_scaling,False,low,False,False,False,False,False,9.0,15.0,0.4,0.46314566329935875,0.5388631522950074,0.5684222222222223,0.8745408504067699,0.9943468748852272,0.029639111610502866,0.3356,0.24227496641289745,0.17985280588776448,0.33532658693652256,0.6741271262309758,0.8302731751007613,0.5170193192272309
G_affymetrix_only__strict__18_rank__post0,G_affymetrix_only,strict,18_rank,False,high,False,False,False,True,False,2.0,3.0,0.33333333333333337,0.46310884175864375,0.4888028130472792,0.51675,0.935711210401559,0.9119957167946076,-1.6780999512189254e-07,0.5024,0.11621137483206449,0.09544618215271389,0.7233210671573137,0.4156222023276634,0.583296014330497,0.8447562097516099
G_affymetrix_only__knn__09_ruv__post1,G_affymetrix_only,knn,09_ruv,True,medium,False,False,False,True,False,2.0,2.0,0.0,0.46284061832791074,0.6308116311906005,0.6308499999999999,0.9479211052088364,0.7078387916636559,-0.0744321745951455,0.5364,0.38334079713390057,0.36982520699172033,0.8555657773689053,0.1387645478961504,0.11464397671294223,0.9149034038638455
H_affymetrix_extended__strict__18_rank__post1,H_affymetrix_extended,strict,18_rank,True,high,False,False,False,False,False,5.0,11.0,0.5454545454545454,0.4626555343875797,0.6876234352899689,0.6088,0.8916552269408546,0.9067355040414096,0.032279274325139884,0.2667,0.4630541871921182,0.28518859245630174,0.4273229070837167,0.38898836168307965,0.83833407971339,0.3730450781968721
S0_no_removal__strict__20_shambhala__post0,S0_no_removal,strict,20_shambhala,False,high,False,False,False,False,False,11.0,24.0,0.5416666666666667,0.4622902475062815,0.7119601204221192,0.6988909090909091,0.8752154275284179,0.8425248640602236,-0.012151599416344694,0.4557,0.5082848186296463,0.578196872125115,0.3371665133394664,0.22560429722470904,0.412897447380206,0.7115915363385464
E3_iterative_r3__knn__17_quantile__post1,E3_iterative_r3,knn,17_quantile,True,high,False,False,False,False,False,10.0,17.0,0.4117647058823529,0.46204625450726855,0.7062925477808154,0.64871,0.953151710869904,0.901027651880106,-0.0007292773381912809,0.0739,0.4935064935064935,0.4204231830726771,0.9268629254829807,0.3531781557743957,0.5467980295566502,0.03150873965041398
A_confirmed_bad__strict__13_fsmvn__post1,A_confirmed_bad,strict,13_fsmvn,True,medium,False,False,True,False,False,10.0,20.0,0.5,0.4617311940112168,0.5180535632870568,0.66982,0.8910083326991713,0.9946423156933968,-0.00810896112734616,0.3501,0.1831616659202866,0.48298068077276907,0.42410303587856485,0.6974037600716204,0.4496193461710703,0.5331186752529898
E3_iterative_r3__knn__18_rank__post1,E3_iterative_r3,knn,18_rank,True,high,False,False,False,False,False,10.0,17.0,0.4117647058823529,0.46156948762477645,0.702619074117773,0.6457200000000001,0.9560052555380104,0.9016305369473856,-0.0009141469388217471,0.079,0.4872369010300045,0.4093836246550138,0.937442502299908,0.3630259623992838,0.5382892969099866,0.03403863845446182
E2_iterative_r2__strict__12_scanorama__post0,E2_iterative_r2,strict,12_scanorama,False,medium,False,False,False,False,False,11.0,19.0,0.42105263157894735,0.46143761952965906,0.7423352991553491,0.7777909090909091,0.909006970132506,-0.0096533081725131,-0.04966301890704605,0.3948,0.5844155844155844,0.8574057037718491,0.5331186752529898,0.03043867502238138,0.1813703537841469,0.5818767249310027
S0_no_removal__strict__16_fsqn_r__post0,S0_no_removal,strict,16_fsqn_r,False,high,False,False,False,False,False,11.0,24.0,0.5416666666666667,0.46125148763012175,0.5041271631209167,0.6213727272727273,0.8697203643682626,0.9928642867389832,0.018899616745719716,0.3557,0.1477832512315271,0.3316467341306348,0.3137074517019319,0.630259623992838,0.8034034930586654,0.5407083716651334
I_rare_batches_removed__softimpute__02_median_scaling__post0,I_rare_batches_removed,softimpute,02_median_scaling,False,low,False,False,False,False,False,9.0,15.0,0.4,0.4611359212780462,0.5363456784266663,0.5284222222222222,0.8810065050142786,0.9939918795973732,0.105405793128172,0.2979,0.23645320197044334,0.11453541858325667,0.3702851885924563,0.653088630259624,0.9628302731751007,0.4296228150873965
J_ff_only__knn__20_shambhala__post1,J_ff_only,knn,20_shambhala,True,high,False,False,False,False,False,7.0,14.0,0.5,0.4610317961551913,0.7174025329912529,0.6178571428571429,0.9573094212901968,0.8661172633699218,-0.07057248454648368,0.3827,0.5230631437527989,0.31577736890524377,0.9429622815087396,0.29677708146821846,0.12091356918943126,0.5666973321067157
S0_no_removal__knn__02_median_scaling__post1,S0_no_removal,knn,02_median_scaling,True,low,False,False,False,False,False,10.0,23.0,0.5652173913043479,0.46100825356436165,0.4721618293127141,0.6173599999999999,0.8903676240060894,0.9945642211683688,0.029363653743750162,0.2947,0.08822212270488132,0.3137074517019319,0.421803127874885,0.6929274843330349,0.8275862068965517,0.421803127874885
S0_no_removal__softimpute__02_median_scaling__post0,S0_no_removal,softimpute,02_median_scaling,False,low,False,False,False,False,False,11.0,24.0,0.5416666666666667,0.46093839786476454,0.435778860688188,0.5883454545454545,0.8982843667442282,0.9946427201213284,0.06852278264294814,0.2855,0.04926108374384237,0.22953081876724932,0.47102115915363385,0.6978513876454789,0.9108822212270488,0.40708371665133397
B_extended_bad__knn__19_tdm__post1,B_extended_bad,knn,19_tdm,True,high,False,False,True,False,False,10.0,15.0,0.33333333333333337,0.4606521529350836,0.7318879727303091,0.6241,0.926736351233094,0.9721222294852696,-0.002225711218365012,0.1486,0.5611285266457681,0.34314627414903404,0.6352345906163753,0.5223813786929274,0.5051500223914017,0.1968721251149954
E1_iterative_r1__strict__12_scanorama__post0,E1_iterative_r1,strict,12_scanorama,False,medium,False,False,False,False,False,11.0,20.0,0.44999999999999996,0.46053830858264194,0.7037891111105484,0.7721454545454546,0.920202275623936,-0.0403772693676783,-0.050465307215427635,0.4237,0.4885803851321093,0.8362465501379944,0.5984360625574977,0.022829006266786033,0.1786833855799373,0.6384544618215271
K_ffpe_only__strict__33_amdbnorm__post1,K_ffpe_only,strict,33_amdbnorm,True,high,False,False,False,True,False,3.0,7.0,0.5714285714285714,0.46049186767359646,0.6277201744507622,0.6268666666666667,0.9056883242276844,0.9293293516177956,0.015713673281881058,0.1831,0.3802060008956561,0.35556577736890527,0.5170193192272309,0.4695613249776186,0.7836990595611285,0.25689972401103955
E3_iterative_r3__knn__11_harmony__post1,E3_iterative_r3,knn,11_harmony,True,medium,False,False,False,False,False,10.0,17.0,0.4117647058823529,0.4604705361382266,0.7554653857533322,0.64502,0.908800102914018,0.5710597860142597,0.01073499465672978,0.244,0.6309896999552171,0.40754369825206993,0.5321987120515179,0.08907788719785138,0.7635467980295566,0.33946642134314625
K_ffpe_only__softimpute__01_raw__post0,K_ffpe_only,softimpute,01_raw,False,low,False,False,False,True,True,3.0,8.0,0.625,0.45978949769270655,0.498734799912748,0.5489333333333334,0.8589134286796418,1.0,0.0,0.4186,0.13524406627854904,0.14581416743330267,0.2690892364305428,0.9677708146821844,0.6094939543215405,0.6313247470101196
E3_iterative_r3__knn__15_fsqn_py__post1,E3_iterative_r3,knn,15_fsqn_py,True,high,False,False,False,False,False,10.0,17.0,0.4117647058823529,0.4594678625208792,0.707003070239824,0.65107,0.9510480026638836,0.9010379658904346,-0.0007296238521001808,0.0706,0.4957456336766682,0.4291628334866605,0.9020239190432383,0.35362578334825423,0.5463502015226153,0.029898804047838085
H_affymetrix_extended__strict__19_tdm__post0,H_affymetrix_extended,strict,19_tdm,False,high,False,False,False,False,False,6.0,10.0,0.4,0.4591397762473543,0.6449352713570973,0.6663833333333333,0.8537183719708977,0.9964137928996816,-0.022669737467146067,0.3871,0.399910434393193,0.4705611775528979,0.24885004599816007,0.7327663384064458,0.329153605015674,0.5735970561177552
J_ff_only__softimpute__10_mnn__post1,J_ff_only,softimpute,10_mnn,True,medium,False,False,False,False,False,6.0,14.0,0.5714285714285714,0.45835433159828126,0.7299491744108959,0.6697333333333333,0.972720702445786,-0.0056088690530877,-0.07829188093600414,0.4006,0.5575459023734886,0.4825206991720331,0.9765409383624655,0.03536257833482542,0.10523958799820869,0.5929162833486661
C_rnaseq_only__softimpute__12_scanorama__post1,C_rnaseq_only,softimpute,12_scanorama,True,medium,False,False,False,True,False,4.0,5.0,0.19999999999999996,0.4578961468239653,0.7810836371806273,0.73965,0.8276901388995554,0.1333006912413212,-0.07835606945209261,0.6177,0.7075682937751904,0.7171113155473781,0.1655933762649494,0.07430617726051925,0.10165696372592924,0.9811407543698252
S0_no_removal__strict__16_fsqn_r__post1,S0_no_removal,strict,16_fsqn_r,True,high,False,False,False,False,False,11.0,23.0,0.5217391304347826,0.45757416986784444,0.5160627651058092,0.6201363636363637,0.8701924718048966,0.9927496431168736,0.010446805235649115,0.3557,0.1768920734437976,0.32428702851885927,0.31646734130634774,0.6275738585496866,0.7595163457232422,0.5407083716651334
K_ffpe_only__strict__26_xpn__post0,K_ffpe_only,strict,26_xpn,False,high,False,False,False,True,False,3.0,8.0,0.625,0.4574764550600181,0.5599467647892141,0.5881333333333333,0.881544728237387,0.998998077074528,0.08216513834543321,0.125,0.2955665024630542,0.22746090156393745,0.374885004599816,0.7748433303491495,0.9364084191670399,0.13569457221711131
B_extended_bad__knn__03_limma__post1,B_extended_bad,knn,03_limma,True,low,False,False,True,False,False,9.0,15.0,0.4,0.45743597751849197,0.4828891037028328,0.7004,0.9231577133372,0.9942542622994798,-3.813916194583822e-05,0.1446,0.10613524406627856,0.5841766329346826,0.6209751609935602,0.6665174574753805,0.5754590237348858,0.19135234590616376
B_extended_bad__strict__13_fsmvn__post1,B_extended_bad,strict,13_fsmvn,True,medium,False,False,True,False,False,9.0,15.0,0.4,0.4568114925555334,0.5761898078124916,0.6705222222222222,0.8732819606613462,0.9935903652266478,-0.009289535642340252,0.3397,0.32154052843708014,0.4862005519779209,0.32934682612695493,0.6410026857654432,0.4393193013882669,0.5234590616375345
E2_iterative_r2__strict__13_fsmvn__post1,E2_iterative_r2,strict,13_fsmvn,True,medium,False,False,False,False,False,10.0,18.0,0.4444444444444444,0.4567608710283017,0.5456808377959077,0.67766,0.8874762959484925,0.994048448978669,-0.018304784083962078,0.3546,0.2637707120465741,0.5087396504139834,0.40662373505059796,0.6582363473589973,0.36363636363636365,0.5395584176632935
G_affymetrix_only__knn__07_pycombat__post1,G_affymetrix_only,knn,07_pycombat,True,medium,False,False,False,True,False,0.0,,,0.4566644522499182,0.7034035656401945,,,0.9996258463634052,-0.10937447191614946,,0.48813255709807435,,,0.8048343777976723,0.07702642185400806,
G_affymetrix_only__strict__03_limma__post0,G_affymetrix_only,strict,03_limma,False,low,False,False,False,True,False,2.0,3.0,0.33333333333333337,0.4564780354123152,0.5589883526296876,0.42715000000000003,0.7005473823517984,0.999999997750786,0.03624448570893096,0.401,0.2946708463949843,0.027598896044158234,0.034958601655933765,0.9294986571172784,0.8566950291088222,0.5954461821527139
H_affymetrix_extended__strict__15_fsqn_py__post1,H_affymetrix_extended,strict,15_fsqn_py,True,high,False,False,False,False,False,5.0,11.0,0.5454545454545454,0.45617748943788455,0.6941694421222547,0.61186,0.8943711235558744,0.906394434911968,0.03321098328237526,0.2105,0.4702194357366771,0.29622815087396503,0.4487120515179393,0.38652641002685767,0.8421406180026869,0.2932382704691812
H_affymetrix_extended__strict__17_quantile__post1,H_affymetrix_extended,strict,17_quantile,True,high,False,False,False,False,False,5.0,11.0,0.5454545454545454,0.45561669159811574,0.6920984204819719,0.6073000000000001,0.8943711235558744,0.906394434911968,0.03321098328237526,0.2222,0.4670846394984326,0.281048758049678,0.4487120515179393,0.38652641002685767,0.8421406180026869,0.30818767249310025
G_affymetrix_only__knn__02_median_scaling__post0,G_affymetrix_only,knn,02_median_scaling,False,low,False,False,False,True,False,2.0,3.0,0.33333333333333337,0.4555007763002594,0.5590140170317627,0.46015,0.7415649680323781,0.9996893859755144,0.0708456074756072,0.401,0.29511867442901923,0.05105795768169273,0.0671573137074517,0.8066248880931065,0.9175996417375728,0.5954461821527139
K_ffpe_only__strict__33_amdbnorm__post0,K_ffpe_only,strict,33_amdbnorm,False,high,False,False,False,True,False,3.0,8.0,0.625,0.4554794143977239,0.5582376972139969,0.6355666666666666,0.9049092355478412,0.9324205099040148,0.013275715412903344,0.2103,0.29332736229287953,0.3827046918123275,0.5119595216191353,0.4780662488809311,0.7751903269144649,0.29162833486660533
K_ffpe_only__knn__07_pycombat__post0,K_ffpe_only,knn,07_pycombat,False,medium,False,False,False,True,False,3.0,8.0,0.625,0.45547106476419047,0.5546735840114584,0.6065333333333333,0.8616433734135006,0.9999937231280251,0.04554365710164837,0.14,0.28750559785042545,0.27874885004599814,0.2828886844526219,0.833034914950761,0.8710255261979399,0.1796228150873965
I_rare_batches_removed__knn__10_mnn__post0,I_rare_batches_removed,knn,10_mnn,False,medium,False,False,False,False,False,9.0,15.0,0.4,0.45543887263333077,0.6874615705509128,0.7237,0.9328707954884976,0.0666971037060272,-0.029889915251424815,0.3753,0.4626063591580833,0.6706531738730451,0.6885924563017479,0.06356311548791406,0.29064039408866993,0.5565777368905244
J_ff_only__knn__33_amdbnorm__post1,J_ff_only,knn,33_amdbnorm,True,high,False,False,False,False,False,6.0,14.0,0.5714285714285714,0.4551769838609682,0.6278412591142963,0.60785,0.9452154968369072,0.8835042400848031,-0.022624542835712358,0.3979,0.38110165696372594,0.2824287028518859,0.8210671573137075,0.3285586392121755,0.33004926108374383,0.5878564857405704
J_ff_only__softimpute__33_amdbnorm__post0,J_ff_only,softimpute,33_amdbnorm,False,high,False,False,False,False,False,7.0,15.0,0.5333333333333333,0.45511562202357325,0.5442876661835074,0.6326,0.95159273821567,0.8975973901230148,-0.043405948437739594,0.4167,0.2597402597402597,0.37580496780128797,0.9107635694572217,0.3401969561324978,0.21585311240483654,0.6283348666053358
K_ffpe_only__softimpute__03_limma__post0,K_ffpe_only,softimpute,03_limma,False,low,False,False,False,True,False,3.0,8.0,0.625,0.4548147592532153,0.5772274801234519,0.6014666666666667,0.8436841624286754,0.9999903640367664,0.065578877547246,0.1547,0.3237796686072548,0.2621895124195032,0.20653173873045078,0.8267681289167412,0.9014778325123153,0.2081416743330267
B_extended_bad__softimpute__03_limma__post0,B_extended_bad,softimpute,03_limma,False,low,False,False,True,False,False,10.0,16.0,0.375,0.4547678792804441,0.463383803537211,0.65018,0.9205466249379224,0.9937308824112804,0.013973481545692223,0.1528,0.07389162561576355,0.42686292548298066,0.6025758969641214,0.6436884512085944,0.7801164352888491,0.2014719411223551
S0_no_removal__strict__02_median_scaling__post1,S0_no_removal,strict,02_median_scaling,True,low,False,False,False,False,False,10.0,23.0,0.5652173913043479,0.45432773673650634,0.4728426886717623,0.5837600000000001,0.8888315862872809,0.9946807567168792,0.029670695353611998,0.3217,0.08911777877295118,0.21895124195032198,0.41306347746090155,0.6996418979409131,0.8307210031347962,0.4744710211591536
J_ff_only__strict__10_mnn__post0,J_ff_only,strict,10_mnn,False,medium,True,False,False,False,False,7.0,15.0,0.5333333333333333,0.4541366771496249,0.7572452270410488,0.7087714285714286,0.934738226760902,0.0356592233034403,-0.08432902363917028,0.4102,0.6354679802955665,0.6177552897884084,0.7088316467341307,0.05729632945389436,0.09001343484102105,0.6154553817847286
F_microarray_only__strict__07_pycombat__post1,F_microarray_only,strict,07_pycombat,True,medium,False,False,False,False,False,6.0,17.0,0.6470588235294117,0.4540144720986907,0.4420456153077669,0.6209666666666667,0.7957421733738539,0.9999999619329044,0.0043845126019053104,0.3985,0.054187192118226604,0.3298068077276909,0.12005519779208831,0.9073410922112802,0.7236901030004478,0.5890064397424103
I_rare_batches_removed__softimpute__12_scanorama__post0,I_rare_batches_removed,softimpute,12_scanorama,False,medium,False,False,False,False,False,9.0,15.0,0.4,0.45390624783877914,0.7567016545817992,0.7623555555555556,0.9027273083649816,-0.0147155109949543,-0.05794051467624928,0.4065,0.6350201522615315,0.7994480220791168,0.49586016559337626,0.02775290957923008,0.15450067174205107,0.6108555657773689
H_affymetrix_extended__strict__09_ruv__post1,H_affymetrix_extended,strict,09_ruv,True,medium,False,False,False,False,False,5.0,11.0,0.5454545454545454,0.453017076697372,0.7101807960099248,0.66598,0.7116751579986561,0.6550810788818506,0.03300000958659666,0.4663,0.5038065382892969,0.4678012879484821,0.045078196872125116,0.10922112802148612,0.8401253918495298,0.7520699172033118
I_rare_batches_removed__knn__02_median_scaling__post0,I_rare_batches_removed,knn,02_median_scaling,False,low,False,False,False,False,False,9.0,15.0,0.4,0.45293168833086517,0.5521339939832377,0.5477777777777777,0.889134789650324,0.9946573258948362,0.04224702247331069,0.2282,0.2812360053739364,0.14351425942962281,0.4139834406623735,0.6987466427931961,0.8634124496193462,0.31669733210671575
J_ff_only__softimpute__33_amdbnorm__post1,J_ff_only,softimpute,33_amdbnorm,True,high,False,False,False,False,False,6.0,14.0,0.5714285714285714,0.45263338193490005,0.6170729719320407,0.61165,0.9435170163178797,0.8829853924807853,-0.022193469241210684,0.3959,0.3672189879086431,0.2957681692732291,0.8095676172953082,0.3263205013428827,0.3322884012539185,0.5846366145354186
I_rare_batches_removed__knn__19_tdm__post0,I_rare_batches_removed,knn,19_tdm,False,high,False,False,False,False,False,9.0,15.0,0.4,0.45261988200855985,0.6965734243209273,0.6078666666666667,0.8886252379151147,0.9775231251343136,-0.009928730200869484,0.387,0.4760412001791312,0.2828886844526219,0.41214351425942963,0.5393912264995524,0.43349753694581283,0.5717571297148114
J_ff_only__knn__33_amdbnorm__post0,J_ff_only,knn,33_amdbnorm,False,high,False,False,False,False,False,7.0,15.0,0.5333333333333333,0.4524237507822897,0.55070118560737,0.6306571428571429,0.95031723484855,0.8980541721398301,-0.043448950821534216,0.4155,0.27765338110165694,0.3684452621895124,0.889604415823367,0.3433303491495076,0.2136139722346619,0.6218951241950322
E2_iterative_r2__knn__02_median_scaling__post1,E2_iterative_r2,knn,02_median_scaling,True,low,False,False,False,False,False,10.0,18.0,0.4444444444444444,0.4521294339034458,0.463395630806991,0.62574,0.9075754814379532,0.9944296987861332,0.014313761065071984,0.2149,0.07433945364979848,0.35050597976080955,0.5262189512419503,0.6826320501342883,0.781012091356919,0.2980680772769089
B_extended_bad__strict__12_scanorama__post0,B_extended_bad,strict,12_scanorama,False,medium,False,False,True,False,False,10.0,16.0,0.375,0.4520534611563412,0.649272382077198,0.7440800000000001,0.933102422579722,-0.1582997736182577,-0.0415336357020506,0.4289,0.4070756829377519,0.7322907083716651,0.6927322907083716,0.0013428827215756492,0.22570532915360503,0.6531738730450782
C_rnaseq_only__strict__02_median_scaling__post1,C_rnaseq_only,strict,02_median_scaling,True,low,False,False,False,False,False,5.0,5.0,0.0,0.45168600372962814,0.5139691394977493,0.51398,0.9563923333149288,0.9855272523511824,0.06993896809068745,0.0614,0.1724137931034483,0.08923643054277829,0.9392824287028518,0.567591763652641,0.9149126735333631,0.02667893284268629
S0_no_removal__softimpute__02_median_scaling__post1,S0_no_removal,softimpute,02_median_scaling,True,low,False,False,False,False,False,10.0,23.0,0.5652173913043479,0.4513468189332562,0.4256521649584705,0.57754,0.8972420829707397,0.9941020441315234,0.07699460893258142,0.2878,0.04075235109717868,0.20377184912603497,0.46366145354185834,0.6589077887197852,0.9270040304523063,0.4139834406623735
B_extended_bad__strict__12_scanorama__post1,B_extended_bad,strict,12_scanorama,True,medium,False,False,True,False,False,10.0,15.0,0.33333333333333337,0.45119732319026434,0.6722338765995249,0.7373700000000001,0.9376531095250464,-0.1566291170038816,-0.04153374019649947,0.3951,0.4433497536945813,0.7088316467341307,0.7451701931922723,0.0022381378692927483,0.22525750111957007,0.5823367065317387
C_rnaseq_only__knn__16_fsqn_r__post0,C_rnaseq_only,knn,16_fsqn_r,False,high,True,False,False,False,False,5.0,6.0,0.16666666666666663,0.4511511916082987,0.5770016863846148,0.5625,0.9332585385318328,0.9852372307924782,0.0008056991065852337,0.2014,0.3233318405732199,0.16743330266789327,0.6959521619135235,0.5658012533572068,0.6721898790864308,0.2821987120515179
F_microarray_only__strict__07_pycombat__post0,F_microarray_only,strict,07_pycombat,False,medium,False,False,False,False,False,6.0,18.0,0.6666666666666667,0.4509057872737477,0.4183963196902482,0.62065,0.7986936185845519,0.9999999629089836,0.00434942341053246,0.3982,0.03761755485893417,0.3270469181232751,0.12097516099356026,0.9082363473589973,0.7232422749664129,0.5883164673413064
I_rare_batches_removed__softimpute__03_limma__post0,I_rare_batches_removed,softimpute,03_limma,False,low,False,False,False,False,False,9.0,15.0,0.4,0.4508996647706007,0.605514664720648,0.6225999999999999,0.8686580788920247,0.994386394711871,0.07289527243092364,0.1188,0.35467980295566504,0.3357865685372585,0.30818767249310025,0.6777081468218442,0.9216300940438872,0.10740570377184913
I_rare_batches_removed__softimpute__02_median_scaling__post1,I_rare_batches_removed,softimpute,02_median_scaling,True,low,False,False,False,False,False,8.0,14.0,0.4285714285714286,0.450812375459482,0.528025386215023,0.5164625,0.8720250341422128,0.9932505478371062,0.12126394887285308,0.3159,0.21137483206448723,0.09429622815087396,0.32428702851885927,0.6360787824529991,0.974025974025974,0.46481140754369826
E3_iterative_r3__strict__13_fsmvn__post1,E3_iterative_r3,strict,13_fsmvn,True,medium,False,False,False,False,False,9.0,17.0,0.47058823529411764,0.45077313087713183,0.5404100983433666,0.6832333333333334,0.8843740113897812,0.9939196767195144,-0.019191985775836362,0.3529,0.24720107478728168,0.5248390064397425,0.39190432382704693,0.6512981199641898,0.35512763098969996,0.5342686292548298
K_ffpe_only__strict__10_mnn__post1,K_ffpe_only,strict,10_mnn,True,medium,False,False,False,True,False,2.0,7.0,0.7142857142857143,0.4491647957747911,0.5446815783961473,0.70445,0.8571913845296094,0.0272491141255983,0.009551591726079167,0.47,0.26108374384236455,0.6011959521619136,0.2626494940202392,0.05326768128916741,0.7541424093148231,0.7626494940202392
F_microarray_only__strict__03_limma__post1,F_microarray_only,strict,03_limma,True,low,False,False,False,False,False,6.0,17.0,0.6470588235294117,0.4489377216669159,0.3665669218430674,0.6247333333333334,0.8409420380234136,0.9999995610093708,0.0020591443134473364,0.3707,0.012987012987012988,0.3468261269549218,0.19641214351425942,0.8858549686660698,0.6972682489923869,0.5542778288868445
D_malignant_only__softimpute__05_combat__post1,D_malignant_only,softimpute,05_combat,True,medium,False,False,False,False,False,10.0,17.0,0.4117647058823529,0.4484917766276703,0.7793786682944414,0.6432100000000001,0.728594964902734,0.97828939144008,-0.0007288916082702213,0.303,0.7048813255709807,0.40202391904323825,0.05565777368905244,0.5416293643688451,0.5472458575906852,0.4395124195032199
H_affymetrix_extended__knn__15_fsqn_py__post0,H_affymetrix_extended,knn,15_fsqn_py,False,high,False,False,False,False,False,6.0,12.0,0.5,0.4480741247965161,0.7767123628249148,0.7222166666666666,0.8924477063462939,0.9137865331435272,-0.15170462668290324,0.2939,0.6986117330944918,0.6660533578656854,0.43537258509659615,0.4241271262309758,0.045006717420510524,0.41927322907083714
H_affymetrix_extended__knn__17_quantile__post0,H_affymetrix_extended,knn,17_quantile,False,high,False,False,False,False,False,6.0,12.0,0.5,0.44777354717937595,0.7766101408072577,0.722,0.8924477063462939,0.9137865331435272,-0.15170462668290324,0.2939,0.6972682489923869,0.6655933762649494,0.43537258509659615,0.4241271262309758,0.045006717420510524,0.41927322907083714
G_affymetrix_only__strict__16_fsqn_r__post0,G_affymetrix_only,strict,16_fsqn_r,False,high,False,False,False,True,False,2.0,3.0,0.33333333333333337,0.4475250356967231,0.5125108247652811,0.5206500000000001,0.7407755772009548,0.9999999710354116,-1.1376961251474693e-05,0.5067,0.16815942678011644,0.10119595216191353,0.06600735970561178,0.9165174574753805,0.577474249888043,0.8557957681692733
G_affymetrix_only__strict__31_ruv3prps__post0,G_affymetrix_only,strict,31_ruv3prps,False,medium,False,False,False,True,False,2.0,3.0,0.33333333333333337,0.4475250356967231,0.5125108247652811,0.5206500000000001,0.7407755772009548,0.9999999710354116,-1.1376961251474693e-05,0.5067,0.16815942678011644,0.10119595216191353,0.06600735970561178,0.9165174574753805,0.577474249888043,0.8557957681692733
J_ff_only__softimpute__17_quantile__post1,J_ff_only,softimpute,17_quantile,True,high,False,False,False,False,False,7.0,14.0,0.5,0.447510688179145,0.653585744299832,0.6926857142857142,0.9777500205815542,0.9034833789271692,-0.07829426588381605,0.1791,0.4155844155844156,0.5547378104875805,0.9871205151793928,0.3764547896150403,0.10277653381101656,0.24839006439742412
E1_iterative_r1__strict__13_fsmvn__post1,E1_iterative_r1,strict,13_fsmvn,True,medium,False,False,False,False,False,10.0,19.0,0.4736842105263158,0.44735312883181333,0.5441871693901816,0.6689499999999999,0.8847336063250424,0.9941718721213684,-0.01887110028431216,0.3485,0.2592924317062248,0.47838086476540936,0.39466421343146274,0.6636078782452999,0.35781459919390957,0.5303587856485741
G_affymetrix_only__softimpute__19_tdm__post0,G_affymetrix_only,softimpute,19_tdm,False,high,False,False,False,True,False,2.0,3.0,0.33333333333333337,0.4462497625648796,0.7070042641589994,0.56115,0.7260157429847569,0.971657606757396,0.000768250616509758,0.4732,0.4961934617107031,0.16513339466421342,0.054737810487580495,0.5214861235452104,0.6703985669502911,0.7695492180312787
K_ffpe_only__knn__25_angel__post1,K_ffpe_only,knn,25_angel,True,high,False,False,False,True,False,3.0,7.0,0.5714285714285714,0.4457482337945327,0.6849118062005296,0.6186666666666667,0.8837203976086091,0.946762330128336,0.045359276280427296,0.125,0.46036721898790867,0.3187672493100276,0.38684452621895127,0.5022381378692927,0.8705776981639051,0.13569457221711131
H_affymetrix_extended__softimpute__21_harmonizr__post1,H_affymetrix_extended,softimpute,21_harmonizr,True,medium,False,False,False,False,False,5.0,11.0,0.5454545454545454,0.4452565581397783,0.7165344103588306,0.60568,0.7116292001822855,0.9999996289947553,-0.020659643624031332,0.401,0.5212718316166592,0.27414903403863844,0.04461821527138914,0.8912264995523724,0.3448275862068966,0.5954461821527139
F_microarray_only__softimpute__03_limma__post0,F_microarray_only,softimpute,03_limma,False,low,False,False,False,False,False,6.0,18.0,0.6666666666666667,0.44519063177621904,0.4686131053008859,0.6970833333333334,0.8452940937274332,0.9998034774939468,0.027502032319156933,0.1325,0.08105687416032244,0.5735970561177552,0.21343146274149033,0.8119964189794091,0.8208687863860278,0.1701931922723091
G_affymetrix_only__knn__16_fsqn_r__post0,G_affymetrix_only,knn,16_fsqn_r,False,high,False,False,False,True,False,2.0,3.0,0.33333333333333337,0.44515948978682146,0.6593976605721045,0.5093,0.7420604353449771,0.9997806596762316,-0.004184023080519184,0.4825,0.4256605463502015,0.08555657773689053,0.06853725850965961,0.8106535362578334,0.4760412001791312,0.8045078196872125
C_rnaseq_only__knn__13_fsmvn__post0,C_rnaseq_only,knn,13_fsmvn,False,medium,False,False,False,False,False,5.0,6.0,0.16666666666666663,0.44400895075600316,0.5725487297557854,0.54608,0.9493434890127566,0.984184442217009,-0.0018728598664872198,0.1875,0.3166144200626959,0.1389144434222631,0.874885004599816,0.5599820948970456,0.509628302731751,0.2640294388224471
H_affymetrix_extended__strict__14_qsmooth__post0,H_affymetrix_extended,strict,14_qsmooth,False,high,False,False,False,False,False,6.0,12.0,0.5,0.44400125861156253,0.8108328987678988,0.6457,0.8932246579080003,0.9108036993332608,-0.00015821829275847188,0.1035,0.7863860277653381,0.4089236430542778,0.4406623735050598,0.40913160250671443,0.567845947156292,0.05105795768169273
C_rnaseq_only__strict__03_limma__post1,C_rnaseq_only,strict,03_limma,True,low,False,False,False,True,False,4.0,5.0,0.19999999999999996,0.4437257684533316,0.4640943937760922,0.42660000000000003,0.9620610361407284,0.9831777898626496,0.02615599538731861,0.1683,0.0747872816838334,0.02621895124195032,0.953081876724931,0.554610564010743,0.819525302283923,0.23413063477460902
E1_iterative_r1__knn__02_median_scaling__post1,E1_iterative_r1,knn,02_median_scaling,True,low,False,False,False,False,False,10.0,19.0,0.4736842105263158,0.44361793234296587,0.4570189061697074,0.61502,0.9073280911198944,0.9945082778220306,0.008141424000605801,0.2349,0.06806986117330945,0.3068077276908924,0.5248390064397425,0.6884512085944494,0.7478728168383341,0.32566697332106714
S0_no_removal__knn__12_scanorama__post0,S0_no_removal,knn,12_scanorama,False,medium,False,False,False,False,False,11.0,24.0,0.5416666666666667,0.4432608120315993,0.6902358659199006,0.7022181818181819,0.905465872059802,0.0162028563932984,-0.02963045571903722,0.4632,0.46484549932825797,0.5924563017479301,0.515179392824287,0.047896150402864816,0.29332736229287953,0.7458601655933763
S0_no_removal__strict__02_median_scaling__post0,S0_no_removal,strict,02_median_scaling,False,low,False,False,False,False,False,11.0,24.0,0.5416666666666667,0.4428950748833041,0.4507516162761526,0.5790909090909091,0.8962683025113051,0.9951710820729543,0.0295521010299179,0.2719,0.059113300492610835,0.20745170193192272,0.45722171113155474,0.7242614145031334,0.8293775190326914,0.37994480220791166
G_affymetrix_only__strict__02_median_scaling__post0,G_affymetrix_only,strict,02_median_scaling,False,low,False,False,False,True,False,2.0,3.0,0.33333333333333337,0.44262597354027156,0.5312511660639975,0.46025,0.7205382992586946,0.9999999893822906,0.024372335014946456,0.401,0.21988356471115092,0.05174793008279669,0.051517939282428704,0.9212175470008953,0.8159426780116436,0.5954461821527139
D_malignant_only__softimpute__02_median_scaling__post1,D_malignant_only,softimpute,02_median_scaling,True,low,False,False,False,False,False,9.0,17.0,0.47058823529411764,0.4420496080099237,0.5739186339562815,0.5581,0.9028617958415108,0.9999987886984716,-0.02200271069366927,0.314,0.31840573219883567,0.16007359705611776,0.49678012879484823,0.8804834377797672,0.335423197492163,0.4611315547378105
D_malignant_only__strict__05_combat__post0,D_malignant_only,strict,05_combat,False,medium,False,False,False,False,False,10.0,18.0,0.4444444444444444,0.4420197629566811,0.7682065908318925,0.60884,0.6757309525308206,0.9783295524009432,0.0017769006055502468,0.303,0.6659202866099417,0.2856485740570377,0.02437902483900644,0.5420769919427036,0.6945812807881774,0.4395124195032199
E2_iterative_r2__knn__02_median_scaling__post0,E2_iterative_r2,knn,02_median_scaling,False,low,False,False,False,False,False,11.0,19.0,0.42105263157894735,0.4412605058539756,0.4340451559118847,0.593790909090909,0.9012001720550432,0.9946581857457952,0.012288690843078043,0.2818,0.04791759964173757,0.24241030358785648,0.4871205151793928,0.6991942703670546,0.7698163905060457,0.40110395584176634
F_microarray_only__knn__19_tdm__post0,F_microarray_only,knn,19_tdm,False,high,False,False,False,False,False,6.0,18.0,0.6666666666666667,0.44031005746063895,0.7062218214883281,0.6758000000000001,0.8259261089237843,0.9852970110434196,-0.02026421266076789,0.3854,0.4930586654724586,0.5036798528058878,0.16053357865685372,0.5666965085049239,0.3475145544111061,0.5703771849126035
C_rnaseq_only__softimpute__26_xpn__post1,C_rnaseq_only,softimpute,26_xpn,True,high,False,False,False,True,False,4.0,5.0,0.19999999999999996,0.4386777615120132,0.6345238735819884,0.54475,0.9440626833032822,0.9846107818517572,-0.07836364208357416,0.4203,0.38737124944021495,0.13661453541858326,0.8132474701011959,0.5617726051924798,0.0987460815047022,0.6343146274149034
S0_no_removal__strict__26_xpn__post0,S0_no_removal,strict,26_xpn,False,high,False,False,False,False,False,11.0,24.0,0.5416666666666667,0.43847911137853135,0.5129499818878185,0.6272545454545454,0.8489957768487564,0.9926890870330812,0.010630547097297383,0.3247,0.16883116883116883,0.3564857405703772,0.22769089236430542,0.626230975828111,0.7617554858934169,0.4898804047838086
J_ff_only__strict__33_amdbnorm__post1,J_ff_only,strict,33_amdbnorm,True,high,False,False,False,False,False,6.0,14.0,0.5714285714285714,0.43847566153942413,0.5635393906488548,0.6340833333333333,0.9432197616147512,0.8952097568897557,-0.047041110726690705,0.407,0.30273175100761307,0.3776448942042318,0.8077276908923643,0.3348254252461952,0.1961486789072996,0.6117755289788408
A_confirmed_bad__knn__02_median_scaling__post1,A_confirmed_bad,knn,02_median_scaling,True,low,False,False,True,False,False,10.0,20.0,0.5,0.4384409549888084,0.4418604147717033,0.61197,0.9097449721537472,0.9946175875897116,0.006758281361840313,0.2215,0.05373936408419167,0.297148114075437,0.5390984360625575,0.6947179946284691,0.7393640841916704,0.30657773689052437
J_ff_only__softimpute__17_quantile__post0,J_ff_only,softimpute,17_quantile,False,high,False,False,False,False,False,7.0,15.0,0.5333333333333333,0.43839114871854507,0.654867891524093,0.6899,0.977465137965636,0.9050148177726466,-0.07829426588381605,0.1481,0.4169278996865204,0.5455381784728611,0.9862005519779209,0.38272157564906,0.10277653381101656,0.19618215271389144
B_extended_bad__softimpute__03_limma__post1,B_extended_bad,softimpute,03_limma,True,low,False,False,True,False,False,9.0,15.0,0.4,0.43829583345468365,0.4821128841683411,0.6957222222222222,0.9170889561321388,0.99327755964285,-0.0009909774990040088,0.1558,0.10479175996417375,0.5666973321067157,0.578196872125115,0.6365264100268576,0.5338110165696373,0.20975160993560257
E1_iterative_r1__softimpute__25_angel__post0,E1_iterative_r1,softimpute,25_angel,False,high,False,False,False,False,False,11.0,20.0,0.44999999999999996,0.43801736427135696,0.8232552743114276,0.7455272727272728,0.9177670045341793,0.876939616480727,-0.18177083478660405,0.131,0.8159426780116436,0.7410303587856486,0.5809567617295308,0.3191584601611459,0.0035826242722794446,0.16743330266789327
D_malignant_only__softimpute__09_ruv__post1,D_malignant_only,softimpute,09_ruv,True,medium,False,False,False,False,False,10.0,17.0,0.4117647058823529,0.4379473948178327,0.6836264002980329,0.6659499999999999,0.9179278174219314,0.7314753011655202,-0.0015100434770736748,0.3125,0.4585759068517689,0.46734130634774607,0.5818767249310027,0.1521933751119069,0.5123152709359606,0.45538178472861085
D_malignant_only__strict__10_mnn__post0,D_malignant_only,strict,10_mnn,False,medium,True,False,False,False,False,10.0,18.0,0.4444444444444444,0.43744070141633634,0.6287745693759134,0.73941,0.9378827591788648,0.0375419668182972,-0.028131487671051447,0.2917,0.3824451410658307,0.7161913523459061,0.7470101195952162,0.05908683974932856,0.3036274070756829,0.4162833486660534
S0_no_removal__softimpute__03_limma__post0,S0_no_removal,softimpute,03_limma,False,low,False,False,False,False,False,11.0,24.0,0.5416666666666667,0.4374284873919279,0.4815152524725875,0.6721818181818182,0.8931204441225277,0.9949629090885946,0.018818665852838035,0.1154,0.1025526197939991,0.4921803127874885,0.437442502299908,0.7130707251566697,0.8025078369905956,0.07681692732290708
D_malignant_only__knn__19_tdm__post0,D_malignant_only,knn,19_tdm,False,high,False,False,False,False,False,10.0,18.0,0.4444444444444444,0.4372678955696007,0.6280824169712711,0.63107,0.8977997527342841,0.9798639508154436,-0.008094190680276392,0.2857,0.3819973130317958,0.37074517019319225,0.46642134314627415,0.544762757385855,0.4500671742051052,0.4096136154553818
I_rare_batches_removed__strict__05_combat__post0,I_rare_batches_removed,strict,05_combat,False,medium,False,False,False,False,False,9.0,15.0,0.4,0.43704236695989307,0.7042573883271105,0.5812666666666666,0.6358758672243524,0.9321138082106298,0.05430758738302699,0.3576,0.4894760412001791,0.21389144434222632,0.013799448022079117,0.4776186213070725,0.8844603672189879,0.5430082796688133
I_rare_batches_removed__softimpute__10_mnn__post0,I_rare_batches_removed,softimpute,10_mnn,False,medium,False,False,False,False,False,9.0,15.0,0.4,0.43633842131345385,0.6729928468692239,0.7157555555555555,0.9288405654844494,-0.0521401911851329,-0.05794329642010643,0.454,0.4437975817286162,0.6462741490340387,0.6508739650413984,0.019247985675917637,0.1536050156739812,0.704231830726771
H_affymetrix_extended__softimpute__10_mnn__post1,H_affymetrix_extended,softimpute,10_mnn,True,medium,False,False,False,False,False,5.0,11.0,0.5454545454545454,0.43595193830422313,0.7898463954341185,0.74972,0.8183541057719907,-0.0632821605543297,-0.147274118124482,0.5332,0.7317510076130765,0.7566697332106715,0.1499540018399264,0.01611459265890779,0.055978504254366325,0.9052437902483901
A_confirmed_bad__knn__02_median_scaling__post0,A_confirmed_bad,knn,02_median_scaling,False,low,False,False,True,False,False,11.0,21.0,0.47619047619047616,0.4352727803485086,0.4267060321966734,0.5810272727272727,0.9060381930891072,0.9948312730198324,0.004831639701921797,0.2831,0.041648007165248545,0.21343146274149033,0.5183992640294388,0.7076991942703671,0.7268248992386923,0.4036338546458142
S0_no_removal__knn__19_tdm__post0,S0_no_removal,knn,19_tdm,False,high,False,False,False,False,False,11.0,24.0,0.5416666666666667,0.4349584864389731,0.7067565438265205,0.6477727272727273,0.8874216374828704,0.9779732329128336,-0.009604855809773272,0.2276,0.4952978056426332,0.41582336706531736,0.406163753449862,0.540734109221128,0.4361845051500224,0.3155473781048758
E2_iterative_r2__softimpute__25_angel__post0,E2_iterative_r2,softimpute,25_angel,False,high,False,False,False,False,False,11.0,19.0,0.42105263157894735,0.4347782685756791,0.8174936076448439,0.7476727272727272,0.9169310697931228,0.8724115731379274,-0.1794913013360327,0.1294,0.8007165248544559,0.7506899724011039,0.577276908923643,0.3115487914055506,0.005373936408419167,0.16306347746090155
S0_no_removal__strict__12_scanorama__post0,S0_no_removal,strict,12_scanorama,False,medium,False,False,False,False,False,11.0,24.0,0.5416666666666667,0.434645666305155,0.561789501840036,0.7442090909090908,0.9354273230378946,-0.009446823451844,-0.019254764562009696,0.3215,0.30049261083743845,0.7327506899724011,0.7157313707451702,0.03088630259623993,0.3542319749216301,0.47378104875804966
I_rare_batches_removed__strict__05_combat__post1,I_rare_batches_removed,strict,05_combat,True,medium,False,False,False,False,False,9.0,14.0,0.3571428571428571,0.43426261821270457,0.6825834671275742,0.5798222222222222,0.6374556003071727,0.9472207221018089,0.05164799825681532,0.3576,0.4563367666815943,0.20883164673413063,0.01517939282428703,0.5035810205908684,0.8786386027765338,0.5430082796688133
E3_iterative_r3__strict__11_harmony__post1,E3_iterative_r3,strict,11_harmony,True,medium,False,False,False,False,False,10.0,17.0,0.4117647058823529,0.43379421565555276,0.686678485157968,0.6463300000000001,0.934460950222108,0.5996128130843702,-0.012994366935673907,0.3385,0.46171070309001344,0.4116835326586937,0.7056117755289788,0.09892569382273948,0.40528437080161217,0.5195492180312787
H_affymetrix_extended__knn__14_qsmooth__post0,H_affymetrix_extended,knn,14_qsmooth,False,high,False,False,False,False,False,6.0,12.0,0.5,0.43378725711790295,0.7632184326008113,0.6935333333333333,0.8976786083191971,0.9102546768909132,-0.0037139518909241054,0.0839,0.651141961486789,0.5593376264949402,0.4659613615455382,0.40420769919427035,0.4832064487236901,0.038868445262189515
E2_iterative_r2__softimpute__13_fsmvn__post0,E2_iterative_r2,softimpute,13_fsmvn,False,medium,False,False,False,False,False,11.0,19.0,0.42105263157894735,0.4335610207503784,0.5781999645006742,0.7076272727272728,0.8610498229475756,0.9943803287816748,-0.044446409467904624,0.3284,0.3251231527093596,0.6149954001839927,0.2801287948482061,0.6768128916741272,0.20913569189431258,0.4951701931922723
B_extended_bad__strict__07_pycombat__post1,B_extended_bad,strict,07_pycombat,True,medium,False,False,True,False,False,10.0,15.0,0.33333333333333337,0.43327372420390736,0.533050012119477,0.6648099999999999,0.9355024693378038,0.9929967457437264,-0.018856670482808924,0.1532,0.22525750111957007,0.46458141674333026,0.7161913523459061,0.6324977618621307,0.3582624272279445,0.20285188592456302
F_microarray_only__softimpute__02_median_scaling__post0,F_microarray_only,softimpute,02_median_scaling,False,low,False,False,False,False,False,6.0,18.0,0.6666666666666667,0.43315533719396365,0.4496087625774168,0.6020666666666666,0.8255649565763387,0.9999997189374042,0.07792726683063855,0.2108,0.05821764442454098,0.2626494940202392,0.16007359705611776,0.8943598925693823,0.929243170622481,0.29438822447102114
B_extended_bad__strict__07_pycombat__post0,B_extended_bad,strict,07_pycombat,False,medium,False,False,True,False,False,10.0,16.0,0.375,0.4329746627320572,0.5424737838307718,0.66169,0.935521927170062,0.9931550072683584,-0.02085435223224652,0.1464,0.25257501119570086,0.4563017479300828,0.7166513339466422,0.635183527305282,0.34348410210479174,0.1936522539098436
E1_iterative_r1__softimpute__25_angel__post1,E1_iterative_r1,softimpute,25_angel,True,high,False,False,False,False,False,11.0,19.0,0.42105263157894735,0.4327355528992957,0.8126833341669805,0.7433909090909091,0.9173935938951582,0.8804093219850768,-0.18219402668513685,0.131,0.7917599641737573,0.7299908003679852,0.579116835326587,0.3249776186213071,0.003134796238244514,0.16743330266789327
S0_no_removal__strict__20_shambhala__post1,S0_no_removal,strict,20_shambhala,True,high,False,False,False,False,False,11.0,23.0,0.5217391304347826,0.43232163798146644,0.7421604297858255,0.6530454545454546,0.8791111546635784,0.8407995897514681,-0.011584530532954496,0.3871,0.5839677563815495,0.4337626494940202,0.3564857405703772,0.2215756490599821,0.4245409762651142,0.5735970561177552
E1_iterative_r1__strict__07_pycombat__post1,E1_iterative_r1,strict,07_pycombat,True,medium,False,False,False,False,False,11.0,19.0,0.42105263157894735,0.4323138711331836,0.5357402927882516,0.6750727272727273,0.9321528248739412,0.993650256773564,-0.03316392019611669,0.1854,0.23421406180026869,0.5022999080036799,0.6830726770929163,0.6427931960608774,0.27138378862516793,0.2601195952161914
E1_iterative_r1__softimpute__03_limma__post1,E1_iterative_r1,softimpute,03_limma,True,low,False,False,False,False,False,11.0,19.0,0.42105263157894735,0.4320246873042517,0.475698425125803,0.6879000000000001,0.9232083379388396,0.9942461511085342,-0.008960007771700917,0.1667,0.09538737124944022,0.5367985280588776,0.6214351425942962,0.6656222023276633,0.44245409762651144,0.23045078196872126
I_rare_batches_removed__strict__02_median_scaling__post1,I_rare_batches_removed,strict,02_median_scaling,True,low,False,False,False,False,False,8.0,14.0,0.4285714285714286,0.4318598099771463,0.5348533522826345,0.5452875,0.8597281050780466,0.9936441880159428,0.033276385731403735,0.3157,0.23018360949395433,0.1375344986200552,0.2746090156393744,0.6418979409131602,0.8428123600537394,0.4641214351425943
A_confirmed_bad__strict__12_scanorama__post0,A_confirmed_bad,strict,12_scanorama,False,medium,False,False,True,False,False,11.0,21.0,0.47619047619047616,0.4318162301284379,0.6502205938010828,0.6968545454545455,0.9409067889252148,0.0484812511273083,-0.036379146498857984,0.3333,0.4102104791759964,0.5722171113155474,0.7851885924563018,0.06087735004476276,0.2548141513658755,0.5075896964121435
A_confirmed_bad__strict__25_angel__post0,A_confirmed_bad,strict,25_angel,False,high,False,False,True,False,False,11.0,21.0,0.47619047619047616,0.4315012134619188,0.7085959862728523,0.7100818181818181,0.898889460080458,0.9253031455300472,-0.060571013220371006,0.2769,0.4997760859829825,0.6195952161913524,0.4742410303587857,0.45971351835273055,0.14285714285714285,0.39282428702851885
K_ffpe_only__knn__25_angel__post0,K_ffpe_only,knn,25_angel,False,high,False,False,False,True,False,3.0,8.0,0.625,0.4313819273933091,0.5993608917995773,0.6322333333333333,0.8790570911419079,0.9465352123909088,0.04524531452200825,0.125,0.35020152261531573,0.37534498620055196,0.3560257589696412,0.5017905102954342,0.8692342140618002,0.13569457221711131
I_rare_batches_removed__softimpute__03_limma__post1,I_rare_batches_removed,softimpute,03_limma,True,low,False,False,False,False,False,8.0,14.0,0.4285714285714286,0.431329898264963,0.5964176446081016,0.601375,0.8644090428740904,0.9941315881956724,0.07486371361243893,0.1171,0.348410210479176,0.2608095676172953,0.29254829806807725,0.6606982990152194,0.9243170622480967,0.10119595216191353
E3_iterative_r3__strict__07_pycombat__post0,E3_iterative_r3,strict,07_pycombat,False,medium,False,False,False,False,False,10.0,18.0,0.4444444444444444,0.4311927849028064,0.5298204870145289,0.66701,0.9360847706795772,0.993500709402777,-0.034156935431237545,0.187,0.21719659650694134,0.47286108555657774,0.7276908923643054,0.640107430617726,0.2678011643528885,0.26149954001839926
E3_iterative_r3__strict__11_harmony__post0,E3_iterative_r3,strict,11_harmony,False,medium,False,False,False,False,False,10.0,18.0,0.4444444444444444,0.4310510277002435,0.6687377048041733,0.6489,0.9333615491310048,0.5990189712452024,-0.013948860249631712,0.3486,0.4393193013882669,0.421803127874885,0.6968721251149954,0.09847806624888093,0.39901477832512317,0.53081876724931
K_ffpe_only__softimpute__28_npn__post0,K_ffpe_only,softimpute,28_npn,False,high,False,False,False,True,False,3.0,8.0,0.625,0.43099135144032535,0.6094244517461559,0.6314333333333333,0.8215031131504738,0.99992147872765,-0.012318811473900881,0.3167,0.3587102552619794,0.3730450781968721,0.15593376264949402,0.8200537153088631,0.41155396327810123,0.46665133394664216
A_confirmed_bad__strict__33_amdbnorm__post0,A_confirmed_bad,strict,33_amdbnorm,False,high,False,False,True,False,False,11.0,21.0,0.47619047619047616,0.4309817660352722,0.5203189262182759,0.6924727272727274,0.936015755944415,0.9032716517359024,-0.015987165898588063,0.2565,0.19167039856695028,0.5538178472861086,0.7263109475620975,0.37511190689346463,0.380653828929691,0.3583256669733211
E1_iterative_r1__knn__02_median_scaling__post0,E1_iterative_r1,knn,02_median_scaling,False,low,False,False,False,False,False,11.0,20.0,0.44999999999999996,0.43072177076941004,0.4286859892809619,0.5830454545454545,0.9008237397151034,0.9947307325989626,0.0061234063153284835,0.2812,0.0438871473354232,0.21757129714811407,0.48390064397424104,0.7009847806624888,0.7375727720555306,0.40041398344066237
S0_no_removal__strict__28_npn__post1,S0_no_removal,strict,28_npn,True,high,False,False,False,False,False,11.0,23.0,0.5217391304347826,0.43040234496256247,0.4988930353654316,0.612009090909091,0.8680574140248013,0.9952340813979308,0.0005817022897713839,0.3108,0.13569189431258397,0.29760809567617297,0.3063477460901564,0.7260519247985676,0.6654724585759069,0.4512419503219871
J_ff_only__knn__21_harmonizr__post0,J_ff_only,knn,21_harmonizr,False,medium,False,False,False,False,False,7.0,15.0,0.5333333333333333,0.43036111853845466,0.5401490203962288,0.6196571428571429,0.8857092910088309,0.999994154004157,-0.036075756876577936,0.3395,0.24630541871921183,0.3224471021159154,0.3978840846366145,0.8375111906893464,0.2557098074339454,0.5223091076356946
E2_iterative_r2__strict__07_pycombat__post0,E2_iterative_r2,strict,07_pycombat,False,medium,False,False,False,False,False,11.0,19.0,0.42105263157894735,0.4301693493342286,0.5341212436423215,0.6705090909090909,0.9326633027370036,0.9936444734684808,-0.032300607467935616,0.1854,0.2283922973578146,0.48574057037718493,0.68721251149954,0.6423455684870188,0.277205553067622,0.2601195952161914
E1_iterative_r1__strict__07_pycombat__post0,E1_iterative_r1,strict,07_pycombat,False,medium,False,False,False,False,False,11.0,20.0,0.44999999999999996,0.43006764783699286,0.5484640113219079,0.6683,0.9322102774300204,0.9937791398470244,-0.034821149645277494,0.1719,0.2691446484549933,0.4765409383624655,0.6849126034958601,0.6459265890778872,0.2637707120465741,0.24011039558417663
E2_iterative_r2__softimpute__13_fsmvn__post1,E2_iterative_r2,softimpute,13_fsmvn,True,medium,False,False,False,False,False,11.0,18.0,0.38888888888888884,0.4299637868900372,0.5802049481450298,0.7132090909090909,0.8631070478095295,0.9942658147332748,-0.058916789839156325,0.3348,0.32825794894760413,0.6343146274149034,0.2888684452621895,0.6678603401969562,0.14599193909538738,0.514489420423183
H_affymetrix_extended__softimpute__21_harmonizr__post0,H_affymetrix_extended,softimpute,21_harmonizr,False,medium,False,False,False,False,False,6.0,12.0,0.5,0.42923711102055306,0.739441558550542,0.6780333333333334,0.8388232993959536,0.9999996402373382,-0.02264227498788296,0.1154,0.5776981639050605,0.5110395584176632,0.18859245630174792,0.891674127126231,0.3296014330497089,0.07681692732290708
C_rnaseq_only__softimpute__20_shambhala__post1,C_rnaseq_only,softimpute,20_shambhala,True,high,False,False,False,True,False,4.0,5.0,0.19999999999999996,0.42820256904534476,0.7062088038274458,0.64965,0.9193186327215012,0.799352371373599,-0.07836364208357416,0.4753,0.49261083743842365,0.4245630174793008,0.5919963201471942,0.17726051924798567,0.0987460815047022,0.7840386384544619
G_affymetrix_only__knn__31_ruv3prps__post0,G_affymetrix_only,knn,31_ruv3prps,False,medium,False,False,False,True,False,2.0,3.0,0.33333333333333337,0.42791814388650606,0.6593976605721045,0.5093,0.7420604353449771,0.9997800095346124,-0.01658254569458989,0.4825,0.4256605463502015,0.08555657773689053,0.06853725850965961,0.8102059086839749,0.3730407523510972,0.8045078196872125
E2_iterative_r2__softimpute__25_angel__post1,E2_iterative_r2,softimpute,25_angel,True,high,False,False,False,False,False,11.0,18.0,0.38888888888888884,0.4276908990862682,0.8035519779943154,0.7448,0.9168950432713022,0.8763210110662294,-0.17984225049563268,0.1294,0.768025078369906,0.735050597976081,0.5768169273229071,0.3182632050134288,0.0049261083743842365,0.16306347746090155
J_ff_only__softimpute__10_mnn__post0,J_ff_only,softimpute,10_mnn,False,medium,False,False,False,False,False,7.0,15.0,0.5333333333333333,0.4275290032277705,0.7468952963694718,0.684142857142857,0.9607056455550405,-0.0062686649189365,-0.07829228628141138,0.2546,0.5951634572324227,0.5266789328426863,0.9517019319227231,0.03357206803939123,0.10479175996417375,0.3532658693652254
E3_iterative_r3__softimpute__03_limma__post1,E3_iterative_r3,softimpute,03_limma,True,low,False,False,False,False,False,10.0,17.0,0.4117647058823529,0.4271164085747183,0.4810016947795526,0.67773,0.9199283058836564,0.9939988010546336,-0.0038192971858890257,0.1594,0.10120913569189431,0.5096596136154554,0.5961361545538179,0.6544315129811996,0.48231079265562027,0.21895124195032198
E3_iterative_r3__softimpute__02_median_scaling__post1,E3_iterative_r3,softimpute,02_median_scaling,True,low,False,False,False,False,False,9.0,17.0,0.47058823529411764,0.4269414903811792,0.4308327541551219,0.5860444444444445,0.9074640179699244,0.9934831342445356,0.06975234854760587,0.1575,0.04478280340349306,0.22355105795768168,0.5252989880404784,0.6396598030438675,0.9144648454993283,0.21389144434222632
E2_iterative_r2__knn__03_limma__post1,E2_iterative_r2,knn,03_limma,True,low,False,False,False,False,False,10.0,18.0,0.4444444444444444,0.42692895553442783,0.4618744266019741,0.6724,0.9224087690823934,0.9947870147226688,-0.005844995586681723,0.1558,0.07210031347962383,0.4926402943882245,0.6145354185832567,0.7045658012533572,0.46798029556650245,0.20975160993560257
B_extended_bad__softimpute__02_median_scaling__post1,B_extended_bad,softimpute,02_median_scaling,True,low,False,False,True,False,False,9.0,15.0,0.4,0.42675855599357676,0.4237474537974826,0.5865333333333332,0.9085144564199304,0.9930318592000426,0.07001360206526686,0.1584,0.039856695029108824,0.22447102115915363,0.5303587856485741,0.6333930170098478,0.9153605015673981,0.21711131554737811
E2_iterative_r2__softimpute__02_median_scaling__post1,E2_iterative_r2,softimpute,02_median_scaling,True,low,False,False,False,False,False,10.0,18.0,0.4444444444444444,0.4264327608735215,0.4310645486118478,0.59069,0.9005580035592714,0.9936234174603392,0.07330582268284663,0.1668,0.04612628750559785,0.23413063477460902,0.48114075436982523,0.6414503133393017,0.922077922077922,0.23367065317387303
C_rnaseq_only__softimpute__11_harmony__post1,C_rnaseq_only,softimpute,11_harmony,True,medium,False,False,False,True,False,4.0,5.0,0.19999999999999996,0.42632003678672054,0.6834718653588664,0.621225,0.9212118031555864,0.6759126913467604,-0.01523836182101701,0.4301,0.45768025078369906,0.33026678932842685,0.6076356945722171,0.11906893464637422,0.3887147335423197,0.6545538178472861
A_confirmed_bad__strict__16_fsqn_r__post1,A_confirmed_bad,strict,16_fsqn_r,True,high,False,False,True,False,False,11.0,20.0,0.44999999999999996,0.42627039865773214,0.532174594029285,0.6476636363636363,0.8818487816862844,0.9922083071767488,-0.0030808272892585142,0.2985,0.2225705329153605,0.41490340386384544,0.37718491260349585,0.6136974037600716,0.4961934617107031,0.4330726770929163
S0_no_removal__strict__26_xpn__post1,S0_no_removal,strict,26_xpn,True,high,False,False,False,False,False,10.0,23.0,0.5652173913043479,0.4260846126457439,0.5007440062992743,0.59988,0.8521131713814307,0.9925500795280884,0.0106611897042721,0.3493,0.14017017465293327,0.2580496780128795,0.24057037718491261,0.6230975828111012,0.7626511419614868,0.5319687212511499
I_rare_batches_removed__knn__10_mnn__post1,I_rare_batches_removed,knn,10_mnn,True,medium,False,False,False,False,False,8.0,14.0,0.4285714285714286,0.42542563689887275,0.667793128954491,0.7228,0.9109729429496036,0.0644341907634444,-0.029890092943600566,0.3646,0.438871473354232,0.6669733210671573,0.5450781968721251,0.06222023276633841,0.290192566054635,0.5492180312787488
H_affymetrix_extended__strict__10_mnn__post1,H_affymetrix_extended,strict,10_mnn,True,medium,False,False,False,False,False,5.0,11.0,0.5454545454545454,0.42529735575614797,0.7252081607537544,0.7183200000000001,0.8953948821213448,-0.0039908394565455,-0.05701389695974102,0.4552,0.5391849529780565,0.6554737810487581,0.4521619135234591,0.03760071620411817,0.15853112404836542,0.7088316467341307
S0_no_removal__softimpute__03_limma__post1,S0_no_removal,softimpute,03_limma,True,low,False,False,False,False,False,10.0,23.0,0.5652173913043479,0.42488505930374454,0.4705710766051824,0.65352,0.8899261983149349,0.9947734004245864,0.019984996236019736,0.1171,0.08419167039856695,0.43514259429622815,0.4181232750689972,0.7032229185317815,0.8074339453649798,0.10119595216191353
A_confirmed_bad__softimpute__02_median_scaling__post1,A_confirmed_bad,softimpute,02_median_scaling,True,low,False,False,True,False,False,10.0,20.0,0.5,0.42466561797373065,0.3903838505827363,0.5926199999999999,0.9010324268828636,0.9938861722835524,0.06233730430176676,0.1831,0.021495745633676667,0.23827046918123276,0.48482060717571296,0.6495076096687556,0.8969995521719659,0.25689972401103955
C_rnaseq_only__softimpute__10_mnn__post1,C_rnaseq_only,softimpute,10_mnn,True,medium,False,False,False,True,False,4.0,5.0,0.19999999999999996,0.4246478284239887,0.7433622593514779,0.705425,0.8842284472092091,-0.003127893594217,-0.07836164070589413,0.4904,0.5866547245857591,0.6071757129714811,0.390524379024839,0.03849597135183527,0.10120913569189431,0.8238270469181233
E3_iterative_r3__knn__02_median_scaling__post0,E3_iterative_r3,knn,02_median_scaling,False,low,False,False,False,False,False,10.0,18.0,0.4444444444444444,0.42464618868925247,0.4056629899060822,0.5683,0.9048955775115766,0.9945547028044578,0.007407850234395941,0.2794,0.026869682042095836,0.17893284268629256,0.5114995400183993,0.6924798567591763,0.74205105239588,0.3960441582336707
K_ffpe_only__strict__25_angel__post1,K_ffpe_only,strict,25_angel,True,high,False,False,False,True,False,3.0,7.0,0.5714285714285714,0.42366386712787124,0.6801939349723334,0.5741666666666666,0.8795868507993969,0.9362947413611632,0.0687781120311714,0.125,0.4523063143752799,0.1968721251149954,0.3578656853725851,0.4870188003581021,0.9122257053291536,0.13569457221711131
I_rare_batches_removed__softimpute__31_ruv3prps__post1,I_rare_batches_removed,softimpute,31_ruv3prps,True,medium,False,False,False,False,False,9.0,14.0,0.3571428571428571,0.42363555964290883,0.7998957788528279,0.7018111111111112,0.9115066275864168,0.7171116615896932,-0.004371863370285223,0.0733,0.7527989252127183,0.5906163753449862,0.5482980680772769,0.1450313339301701,0.4742498880429915,0.030818767249310028
K_ffpe_only__softimpute__28_npn__post1,K_ffpe_only,softimpute,28_npn,True,high,False,False,False,True,False,3.0,7.0,0.5714285714285714,0.423445545863714,0.6401817761778034,0.6264666666666666,0.8135133588227851,0.9999162340470752,-0.012343320625167582,0.2951,0.39408866995073893,0.3537258509659614,0.14121435142594296,0.8187108325872874,0.4102104791759964,0.42272309107635697
A_confirmed_bad__softimpute__13_fsmvn__post1,A_confirmed_bad,softimpute,13_fsmvn,True,medium,False,False,True,False,False,11.0,20.0,0.44999999999999996,0.42333901781593425,0.5746135032651292,0.7015,0.8693820410432829,0.9944975860284772,-0.06352633209721231,0.3323,0.3188535602328706,0.5860165593376265,0.31278748850046,0.6875559534467324,0.13390058217644424,0.5009199632014719
H_affymetrix_extended__knn__11_harmony__post0,H_affymetrix_extended,knn,11_harmony,False,medium,False,False,False,False,False,6.0,12.0,0.5,0.42307613169118535,0.7414433804508871,0.6758166666666666,0.8490630075534181,0.5550682960305501,0.010637420064736947,0.2699,0.5817286162113748,0.5041398344066237,0.22861085556577737,0.08504923903312445,0.7622033139274519,0.3767249310027599
H_affymetrix_extended__knn__17_quantile__post1,H_affymetrix_extended,knn,17_quantile,True,high,False,False,False,False,False,6.0,11.0,0.4545454545454546,0.4230632806171226,0.7530627568141773,0.7160833333333333,0.8933755102710949,0.9130834234024297,-0.15170462668290324,0.2582,0.6206896551724138,0.6481140754369825,0.4431922723091076,0.4214413607878245,0.045006717420510524,0.35993560257589696
A_confirmed_bad__softimpute__03_limma__post1,A_confirmed_bad,softimpute,03_limma,True,low,False,False,True,False,False,11.0,20.0,0.44999999999999996,0.4229561509582938,0.451536790922905,0.6882454545454546,0.9230234227502624,0.994338456694701,-0.009184670567758901,0.1538,0.06045678459471563,0.5386384544618216,0.6195952161913524,0.6732318710832588,0.4406627854903717,0.20515179392824287
J_ff_only__strict__21_harmonizr__post0,J_ff_only,strict,21_harmonizr,False,medium,False,False,False,False,False,7.0,15.0,0.5333333333333333,0.4228628160454941,0.5319503985370665,0.6178857142857143,0.8851332427746768,0.9999942366177038,-0.0391315734172748,0.3395,0.22167487684729065,0.31646734130634774,0.3960441582336707,0.8384064458370636,0.24227496641289745,0.5223091076356946
S0_no_removal__strict__07_pycombat__post1,S0_no_removal,strict,07_pycombat,True,medium,False,False,False,False,False,11.0,23.0,0.5217391304347826,0.4228232520700248,0.5400132877834076,0.6417909090909091,0.8764735488008562,0.9945331337978088,-0.0034866388414684923,0.2668,0.2458575906851769,0.3978840846366145,0.3417663293468261,0.6902417188898836,0.4876847290640394,0.3735050597976081
C_rnaseq_only__knn__02_median_scaling__post1,C_rnaseq_only,knn,02_median_scaling,True,low,False,False,False,False,False,5.0,5.0,0.0,0.4226046879914864,0.4514665914130087,0.45146,0.9538971189057242,0.9868144145852872,0.04938662503513869,0.1008,0.0600089565606807,0.045078196872125116,0.9323827046918123,0.5707251566696508,0.877295118674429,0.05013799448022079
J_ff_only__softimpute__21_harmonizr__post0,J_ff_only,softimpute,21_harmonizr,False,medium,False,False,False,False,False,7.0,15.0,0.5333333333333333,0.422591783052588,0.5383829477635764,0.6158571428571429,0.8843195916539095,0.999994282386837,-0.03604964468134342,0.3312,0.24093148231079264,0.3095676172953082,0.39144434222631097,0.8393017009847806,0.25660546350201524,0.49770009199632015
H_affymetrix_extended__knn__15_fsqn_py__post1,H_affymetrix_extended,knn,15_fsqn_py,True,high,False,False,False,False,False,6.0,11.0,0.4545454545454546,0.4224560485994919,0.7528553745328179,0.7156833333333333,0.8933755102710949,0.9130834234024297,-0.15170462668290324,0.2582,0.619346171070309,0.6458141674333027,0.4431922723091076,0.4214413607878245,0.045006717420510524,0.35993560257589696
H_affymetrix_extended__knn__02_median_scaling__post0,H_affymetrix_extended,knn,02_median_scaling,False,low,False,False,False,False,False,6.0,12.0,0.5,0.4222144208277026,0.4852741916207523,0.6571666666666667,0.8154270371771872,0.999389434359473,-0.0030954942913460903,0.3542,0.11106135244066279,0.44342226310947563,0.1467341306347746,0.797224709042077,0.4957456336766682,0.5390984360625575
A_confirmed_bad__softimpute__13_fsmvn__post0,A_confirmed_bad,softimpute,13_fsmvn,False,medium,False,False,True,False,False,11.0,21.0,0.47619047619047616,0.42213122804108066,0.5686283373804732,0.6906181818181818,0.867570104387121,0.9946031144846296,-0.04936770108735872,0.3258,0.3103448275862069,0.5482980680772769,0.30542778288868444,0.6942703670546105,0.18226600985221675,0.4921803127874885
E3_iterative_r3__knn__02_median_scaling__post1,E3_iterative_r3,knn,02_median_scaling,True,low,False,False,False,False,False,9.0,17.0,0.47058823529411764,0.42183937617387673,0.4220046414609439,0.5912333333333333,0.9075199536079888,0.994316602527546,0.009353545915691597,0.2215,0.03851321092700403,0.23505059797608097,0.5257589696412144,0.6718889883616831,0.7532467532467533,0.30657773689052437
C_rnaseq_only__knn__11_harmony__post0,C_rnaseq_only,knn,11_harmony,False,medium,False,False,False,False,False,5.0,6.0,0.16666666666666663,0.42145384808598757,0.6983386725754493,0.65446,0.8918394685612212,0.6821036429350613,-0.040590048341433205,0.4909,0.4800716524854456,0.43698252069917204,0.42870285188592455,0.12399283795881827,0.23376623376623376,0.8252069917203312
C_rnaseq_only__strict__28_npn__post1,C_rnaseq_only,strict,28_npn,True,high,False,False,False,True,False,4.0,5.0,0.19999999999999996,0.4207236690350724,0.515859187861739,0.500675,0.9042497209853544,0.9832303010834464,0.012183603994000564,0.3032,0.1755485893416928,0.07773689052437903,0.5050597976080957,0.5555058191584602,0.7693685624720108,0.4411223551057958
I_rare_batches_removed__knn__16_fsqn_r__post1,I_rare_batches_removed,knn,16_fsqn_r,True,high,False,False,False,False,False,8.0,14.0,0.4285714285714286,0.4207107007800188,0.55873652365626,0.6170625,0.8793868480291428,0.992693582320884,-0.008502013928987306,0.3231,0.2942230183609494,0.312327506899724,0.3574057037718491,0.6266786034019696,0.4455888938647559,0.4880404783808648
A_confirmed_bad__knn__03_limma__post1,A_confirmed_bad,knn,03_limma,True,low,False,False,True,False,False,11.0,20.0,0.44999999999999996,0.42062263990315213,0.5318986715430254,0.5978363636363636,0.9310678062696724,0.99458627288602,-0.005500787663484608,0.1569,0.22122704881325572,0.25252989880404786,0.6738730450781969,0.693822739480752,0.4697716077026422,0.2125114995400184
H_affymetrix_extended__softimpute__02_median_scaling__post0,H_affymetrix_extended,softimpute,02_median_scaling,False,low,False,False,False,False,False,6.0,12.0,0.5,0.420489241677866,0.4435948110612041,0.6291333333333333,0.8121215467379346,0.9999999999821724,0.037654520799928815,0.1322,0.05642633228840126,0.3620055197792088,0.14029438822447102,0.9350940017905103,0.8593819973130318,0.16973321067157313
H_affymetrix_extended__knn__14_qsmooth__post1,H_affymetrix_extended,knn,14_qsmooth,True,high,False,False,False,False,False,6.0,11.0,0.4545454545454546,0.4201915376767181,0.7462906962510423,0.7019666666666667,0.8975676921952429,0.9103332921824502,-0.011281099691195395,0.0839,0.5929243170622481,0.5915363385464582,0.4650413983440662,0.40510295434198745,0.4276757725033587,0.038868445262189515
A_confirmed_bad__strict__07_pycombat__post1,A_confirmed_bad,strict,07_pycombat,True,medium,False,False,True,False,False,11.0,20.0,0.44999999999999996,0.4201671599273615,0.5502319070840659,0.6682818181818182,0.9037158505067188,0.9941496498299656,-0.02288676245711574,0.1968,0.277205553067622,0.4760809567617295,0.5009199632014719,0.6624888093106536,0.32601880877742945,0.2782888684452622
C_rnaseq_only__softimpute__02_median_scaling__post1,C_rnaseq_only,softimpute,02_median_scaling,True,low,False,False,False,False,False,5.0,5.0,0.0,0.4194763327120601,0.5191111157685129,0.5191199999999999,0.9014964549856066,0.9885913911279276,0.07415387718440425,0.1769,0.18719211822660098,0.09751609935602576,0.49034038638454464,0.572515666965085,0.9229735781459919,0.24632014719411224
E1_iterative_r1__knn__12_scanorama__post0,E1_iterative_r1,knn,12_scanorama,False,medium,False,False,False,False,False,11.0,20.0,0.44999999999999996,0.4188523174719849,0.657196078763579,0.6954090909090909,0.9420874301184192,0.0763646994464301,-0.046965098900887514,0.3165,0.42051052395879984,0.5662373505059798,0.796228150873965,0.06669650850492391,0.19793999104343932,0.46550137994480223
S0_no_removal__strict__03_limma__post1,S0_no_removal,strict,03_limma,True,low,False,False,False,False,False,11.0,23.0,0.5217391304347826,0.4181288770580247,0.4854921896726282,0.6306090909090909,0.8942689788632272,0.9952843335157308,0.008163142237172405,0.1185,0.11195700850873265,0.3675252989880405,0.44802207911683534,0.7278424350940018,0.748320644872369,0.10510579576816928
B_extended_bad__softimpute__13_fsmvn__post1,B_extended_bad,softimpute,13_fsmvn,True,medium,False,False,True,False,False,9.0,15.0,0.4,0.41811631591662746,0.6120975169322614,0.7314666666666666,0.8401253502143227,0.9933750196319272,-0.08221268827990091,0.3455,0.36139722346618897,0.6936522539098436,0.19457221711131556,0.6383169203222918,0.09270040304523063,0.5280588776448942
C_rnaseq_only__softimpute__21_harmonizr__post1,C_rnaseq_only,softimpute,21_harmonizr,True,medium,False,False,False,True,False,4.0,5.0,0.19999999999999996,0.4179855294212658,0.5542405963773451,0.5166,0.7112650058279071,0.9999932172064184,0.0300879585937609,0.2941,0.28660994178235555,0.09475620975160993,0.04415823367065318,0.8307967770814683,0.8311688311688312,0.4204231830726771
B_extended_bad__knn__02_median_scaling__post0,B_extended_bad,knn,02_median_scaling,False,low,False,False,True,False,False,10.0,16.0,0.375,0.41796386340140196,0.4146563095196988,0.54807,0.9101516532225508,0.9941645039007276,0.01857264154125937,0.2328,0.03403493058665472,0.14443422263109476,0.5423183072677092,0.6629364368845121,0.8016121809225257,0.3224471021159154
A_confirmed_bad__strict__13_fsmvn__post0,A_confirmed_bad,strict,13_fsmvn,False,medium,False,False,True,False,False,11.0,21.0,0.47619047619047616,0.4177117408693345,0.5178636976747265,0.6443636363636364,0.8718794941242158,0.9947489481673932,-0.008280611211437083,0.3066,0.18271383788625167,0.4047838086476541,0.32382704691812325,0.7023276633840645,0.4482758620689655,0.44434222631094755
G_affymetrix_only__strict__07_pycombat__post1,G_affymetrix_only,strict,07_pycombat,True,medium,False,False,False,True,False,2.0,2.0,0.0,0.41767424768559974,0.3821297341421737,0.3821,0.7373917992435852,1.0,0.04971243271193676,0.3815,0.01701746529332736,0.01839926402943882,0.06071757129714812,0.9677708146821844,0.877742946708464,0.5643974241030358
A_confirmed_bad__strict__26_xpn__post1,A_confirmed_bad,strict,26_xpn,True,high,False,False,True,False,False,10.0,20.0,0.5,0.4175619882656106,0.5289724034931557,0.6643,0.7985880875550249,0.9919865339563354,-0.0030267962875732968,0.4049,0.21585311240483654,0.46182152713891444,0.12051517939282429,0.6042972247090421,0.49708911777877296,0.6057957681692733
B_extended_bad__strict__16_fsqn_r__post0,B_extended_bad,strict,16_fsqn_r,False,high,False,False,True,False,False,10.0,16.0,0.375,0.41743606717109394,0.5571106100481613,0.64071,0.8820052849005466,0.99127408513591,-0.007402989191022558,0.279,0.2924317062248097,0.39466421343146274,0.3781048758049678,0.5837063563115488,0.4608150470219436,0.39489420423183075
J_ff_only__knn__10_mnn__post0,J_ff_only,knn,10_mnn,False,medium,False,False,False,False,False,7.0,15.0,0.5333333333333333,0.41738889748080915,0.7448503062061298,0.7052142857142858,0.9138497912382788,0.0402101216186578,-0.07824719603129571,0.393,0.5888938647559337,0.6062557497700092,0.562557497700092,0.05998209489704566,0.10568741603224362,0.5809567617295308
I_rare_batches_removed__knn__02_median_scaling__post1,I_rare_batches_removed,knn,02_median_scaling,True,low,False,False,False,False,False,8.0,14.0,0.4285714285714286,0.41727717028535444,0.506650723166006,0.50405,0.8525595228635491,0.9939994648916476,0.04863967354532406,0.3283,0.15450067174205107,0.08141674333026679,0.24333026678932843,0.6548791405550581,0.8750559785042543,0.4944802207911684
F_microarray_only__knn__14_qsmooth__post1,F_microarray_only,knn,14_qsmooth,True,high,False,False,False,False,False,6.0,17.0,0.6470588235294117,0.4170623267839583,0.7088760938710921,0.5940833333333333,0.9075757688450896,0.9211147370789118,0.007372779984322397,0.0839,0.5015673981191222,0.24379024839006438,0.5266789328426863,0.44986571172784245,0.741603224361845,0.038868445262189515
S0_no_removal__softimpute__12_scanorama__post0,S0_no_removal,softimpute,12_scanorama,False,medium,False,False,False,False,False,11.0,24.0,0.5416666666666667,0.41705087673350644,0.6740976400157775,0.7584090909090908,0.9197042319923464,-0.1024418159413546,-0.06644412805757977,0.3538,0.4455888938647559,0.7874885004599816,0.593836246550138,0.008057296329453895,0.13076578593819974,0.5365685372585096
A_confirmed_bad__strict__25_angel__post1,A_confirmed_bad,strict,25_angel,True,high,False,False,True,False,False,11.0,20.0,0.44999999999999996,0.41668977317516237,0.6923435211125998,0.7054818181818182,0.8957237637526414,0.9249655254389124,-0.06304633620210254,0.2679,0.4675324675324675,0.6080956761729531,0.45446182152713893,0.45881826320501345,0.13703537841468877,0.37419503219871203
C_rnaseq_only__strict__16_fsqn_r__post1,C_rnaseq_only,strict,16_fsqn_r,True,high,False,False,False,True,False,4.0,5.0,0.19999999999999996,0.4163398614387861,0.5461226813551335,0.526125,0.8727921892981216,0.982181603548518,0.019892390724375653,0.3028,0.264666368114644,0.10993560257589696,0.32750689972401104,0.5510295434198746,0.80653828929691,0.43836246550137997
I_rare_batches_removed__strict__20_shambhala__post1,I_rare_batches_removed,strict,20_shambhala,True,high,False,False,False,False,False,9.0,14.0,0.3571428571428571,0.4160415736227316,0.7763350177020074,0.6692333333333333,0.8525069992159443,0.8379389791286416,-0.026789976615186284,0.3701,0.696820420958352,0.4806807727690892,0.24287028518859247,0.2126230975828111,0.309896999552172,0.5533578656853726
S0_no_removal__strict__07_pycombat__post0,S0_no_removal,strict,07_pycombat,False,medium,False,False,False,False,False,11.0,24.0,0.5416666666666667,0.41584533150098196,0.5219436352763007,0.6428454545454545,0.8770361698386955,0.9946337986063206,-0.0038654395239554606,0.27,0.19570085087326466,0.4015639374425023,0.34314627414903404,0.6960608773500447,0.48141513658755036,0.37718491260349585
H_affymetrix_extended__softimpute__02_median_scaling__post1,H_affymetrix_extended,softimpute,02_median_scaling,True,low,False,False,False,False,False,5.0,11.0,0.5454545454545454,0.4149361594009093,0.4846309541558358,0.5334,0.8011778627423122,0.999999999978989,0.04288572112869926,0.2413,0.109717868338558,0.12005519779208831,0.12419503219871206,0.9346463742166518,0.864755933721451,0.3362465501379945
A_confirmed_bad__strict__16_fsqn_r__post0,A_confirmed_bad,strict,16_fsqn_r,False,high,False,False,True,False,False,11.0,21.0,0.47619047619047616,0.41493072184946894,0.5096908043600907,0.6477181818181819,0.8801307194660697,0.9923436686988052,-0.0028604984573440406,0.2985,0.16166592028660995,0.4153633854645814,0.3610855565777369,0.6199641897940913,0.49843260188087773,0.4330726770929163
K_ffpe_only__strict__03_limma__post1,K_ffpe_only,strict,03_limma,True,low,False,False,False,True,False,2.0,7.0,0.7142857142857143,0.4148977818503155,0.5111131758453773,0.48525,0.8313496740830546,0.99999998896559,0.05355094832428037,0.1968,0.16614420062695925,0.06669733210671573,0.17571297148114076,0.9207699194270367,0.8817733990147784,0.2782888684452622
E1_iterative_r1__softimpute__13_fsmvn__post1,E1_iterative_r1,softimpute,13_fsmvn,True,medium,False,False,False,False,False,11.0,19.0,0.42105263157894735,0.41426917429873417,0.5835317332374536,0.6993909090909091,0.8628726747119647,0.9943840869868464,-0.06313561332139905,0.321,0.3322884012539185,0.579116835326587,0.28794848206071755,0.6772605192479857,0.1361397223466189,0.47286108555657774
A_confirmed_bad__strict__02_median_scaling__post0,A_confirmed_bad,strict,02_median_scaling,False,low,False,False,True,False,False,11.0,21.0,0.47619047619047616,0.41426912570512203,0.4523731719646702,0.5868363636363636,0.8959857104276998,0.9947789113856668,0.0038541505762496042,0.2313,0.06135244066278549,0.22493100275988961,0.45538178472861085,0.7036705461056401,0.7192118226600985,0.32106715731370744
C_rnaseq_only__knn__07_pycombat__post0,C_rnaseq_only,knn,07_pycombat,False,medium,False,False,False,False,False,5.0,6.0,0.16666666666666663,0.4142073250191533,0.5696389905925757,0.53638,0.9347574222490648,0.9858473593271048,-0.008304574689716793,0.2329,0.31392745185848636,0.12235510579576817,0.7092916283348666,0.5689346463742166,0.4478280340349306,0.32290708371665133
S0_no_removal__strict__03_limma__post0,S0_no_removal,strict,03_limma,False,low,False,False,False,False,False,11.0,24.0,0.5416666666666667,0.414093500860262,0.4729019645961789,0.6299454545454545,0.892827785102244,0.995371369289756,0.016498774162711727,0.1154,0.08956560680698612,0.36430542778288866,0.43606255749770007,0.7291853178155775,0.7886251679355127,0.07681692732290708
A_confirmed_bad__softimpute__25_angel__post0,A_confirmed_bad,softimpute,25_angel,False,high,False,False,True,False,False,11.0,21.0,0.47619047619047616,0.41378165939134354,0.794989986749812,0.7503363636363637,0.9089674687894242,0.8718781257866159,-0.1890587244217527,0.125,0.7442901925660547,0.7580496780128795,0.5326586936522539,0.311101163831692,0.0008956560680698612,0.13569457221711131
I_rare_batches_removed__strict__20_shambhala__post0,I_rare_batches_removed,strict,20_shambhala,False,high,False,False,False,False,False,9.0,15.0,0.4,0.41373268535968744,0.7056413946128025,0.6737888888888889,0.8547720143101972,0.8400657361514893,-0.027409970128507155,0.458,0.4908195253022839,0.4963201471941122,0.25252989880404786,0.2197851387645479,0.3072100313479624,0.7157313707451702
B_extended_bad__softimpute__25_angel__post0,B_extended_bad,softimpute,25_angel,False,high,False,False,True,False,False,10.0,16.0,0.375,0.4137279918499092,0.8045130193683356,0.72904,0.9208660855900304,0.8700260635796407,-0.1472329943137788,0.1136,0.7707120465741155,0.6856025758969642,0.6044158233670653,0.3079677708146822,0.057321988356471114,0.05634774609015639
S0_no_removal__softimpute__07_pycombat__post1,S0_no_removal,softimpute,07_pycombat,True,medium,False,False,False,False,False,11.0,23.0,0.5217391304347826,0.4137108333255661,0.5922522811591753,0.6840090909090909,0.903769139904543,0.9952924703596108,-0.03152589593105409,0.1171,0.34393193013882667,0.5262189512419503,0.5018399264029438,0.7282900626678603,0.28078817733990147,0.10119595216191353
D_malignant_only__knn__04_sva__post0,D_malignant_only,knn,04_sva,False,low,False,False,False,False,False,10.0,18.0,0.4444444444444444,0.41368111227670573,0.620258395484103,0.61592,0.9260465421013196,0.87004970379396,0.02383698611076779,0.0909,0.3708016121809225,0.31002759889604414,0.6329346826126955,0.3084153983885407,0.8145991939095387,0.0453081876724931
E1_iterative_r1__softimpute__13_fsmvn__post0,E1_iterative_r1,softimpute,13_fsmvn,False,medium,False,False,False,False,False,11.0,20.0,0.44999999999999996,0.41352300335436903,0.5815958425967915,0.6869000000000001,0.8610218970255439,0.9944939705767628,-0.04888857819919179,0.3167,0.329153605015674,0.5344986200551978,0.2796688132474701,0.6871083258728737,0.18405732198835648,0.46665133394664216
E3_iterative_r3__knn__03_limma__post1,E3_iterative_r3,knn,03_limma,True,low,False,False,False,False,False,9.0,17.0,0.47058823529411764,0.41342962959126844,0.4420966179805546,0.6695666666666668,0.9224241299023616,0.9946882785119846,-0.011690050137493246,0.1538,0.05463502015226153,0.48206071757129715,0.6149954001839927,0.7000895255147717,0.4236453201970443,0.20515179392824287
S0_no_removal__softimpute__12_scanorama__post1,S0_no_removal,softimpute,12_scanorama,True,medium,False,False,False,False,False,11.0,23.0,0.5217391304347826,0.41337737628992377,0.6604993004495615,0.757381818181818,0.919525315119136,-0.1023727119716179,-0.0664441475427468,0.3538,0.4272279444693238,0.7847286108555658,0.5929162833486661,0.008504923903312443,0.1303179579041648,0.5365685372585096
I_rare_batches_removed__strict__03_limma__post0,I_rare_batches_removed,strict,03_limma,False,low,False,False,False,False,False,9.0,15.0,0.4,0.4129438608881096,0.571868400099642,0.609311111111111,0.8619379403376953,0.9946519297925218,0.023696865704012693,0.1154,0.31571876399462606,0.28702851885924563,0.2856485740570377,0.6982990152193375,0.8141513658755039,0.07681692732290708
D_malignant_only__softimpute__12_scanorama__post0,D_malignant_only,softimpute,12_scanorama,False,medium,False,False,False,False,False,10.0,18.0,0.4444444444444444,0.4129168814748678,0.6454069698358907,0.7033400000000001,0.9493960380432296,0.0249496472188779,-0.048069995811926114,0.2593,0.40080609046126286,0.5975160993560258,0.875344986200552,0.051029543419874666,0.18987908643081056,0.3629254829806808
E3_iterative_r3__softimpute__13_fsmvn__post0,E3_iterative_r3,softimpute,13_fsmvn,False,medium,False,False,False,False,False,10.0,18.0,0.4444444444444444,0.4128955778170476,0.5655520541665485,0.69065,0.8578797207862254,0.9942619242840854,-0.047161424797681484,0.3284,0.30676220331392745,0.5487580496780129,0.26356945722171116,0.6674127126230975,0.19570085087326466,0.4951701931922723
A_confirmed_bad__strict__12_scanorama__post1,A_confirmed_bad,strict,12_scanorama,True,medium,False,False,True,False,False,10.0,20.0,0.5,0.412874331789223,0.6471030013031859,0.6917,0.9144786272276656,0.0525725985651209,-0.03637995771809299,0.425,0.4025974025974026,0.5517479300827967,0.5657773689052438,0.06177260519247986,0.25436632333184056,0.640984360625575
K_ffpe_only__softimpute__07_pycombat__post0,K_ffpe_only,softimpute,07_pycombat,False,medium,False,False,False,True,False,3.0,8.0,0.625,0.41266464334471326,0.5510226880356741,0.5927333333333333,0.8069945736852207,0.999999977697771,0.013004699407208387,0.125,0.27899686520376177,0.23919043238270468,0.13017479300827967,0.9176365264100269,0.774294670846395,0.13569457221711131
K_ffpe_only__knn__21_harmonizr__post1,K_ffpe_only,knn,21_harmonizr,True,medium,False,False,False,True,False,3.0,7.0,0.5714285714285714,0.4121981170204312,0.5423271356931119,0.36850000000000005,0.8361056832479713,0.9999936421774542,0.07960444343725431,0.1831,0.25212718316166594,0.01609935602575897,0.18399264029438822,0.8321396598030438,0.9319301388266905,0.25689972401103955
A_confirmed_bad__strict__28_npn__post1,A_confirmed_bad,strict,28_npn,True,high,False,False,True,False,False,11.0,20.0,0.44999999999999996,0.411950636085042,0.5400028789104555,0.6248636363636364,0.8603133954570653,0.9948545940882256,-0.011556709668538324,0.319,0.24496193461710702,0.3472861085556578,0.2769089236430543,0.7081468218442256,0.42498880429914915,0.46941122355105797
B_extended_bad__softimpute__13_fsmvn__post0,B_extended_bad,softimpute,13_fsmvn,False,medium,False,False,True,False,False,10.0,16.0,0.375,0.41191702247576495,0.5931016115750578,0.68663,0.8609421607185725,0.9938809860620414,-0.058682924496025746,0.3373,0.3448275862068966,0.5331186752529898,0.27874885004599814,0.6486123545210385,0.14733542319749215,0.5188592456301748
F_microarray_only__knn__05_combat__post0,F_microarray_only,knn,05_combat,False,medium,False,False,False,False,False,6.0,18.0,0.6666666666666667,0.41188025134208606,0.8307542922579699,0.5920166666666667,0.6574681587900476,0.8898506011815355,0.11713021574153326,0.1154,0.8338557993730408,0.23781048758049678,0.019319227230910764,0.3312444046553268,0.9722346618898343,0.07681692732290708
F_microarray_only__knn__02_median_scaling__post0,F_microarray_only,knn,02_median_scaling,False,low,False,False,False,False,False,6.0,18.0,0.6666666666666667,0.41174639917685135,0.4162915763567075,0.51815,0.8270621275934349,0.9995006006284142,0.03364256524432663,0.344,0.036274070756829375,0.09613615455381785,0.16283348666053357,0.8021486123545211,0.8459471562919839,0.5271389144434223
B_extended_bad__strict__26_xpn__post1,B_extended_bad,strict,26_xpn,True,high,False,False,True,False,False,9.0,15.0,0.4,0.41167581849191076,0.5836098416307763,0.6579111111111111,0.7926597532918702,0.9908296898880148,-0.007469004103240362,0.3493,0.33273622928795343,0.4475620975160994,0.11729530818767249,0.5801253357206804,0.46036721898790867,0.5319687212511499
E1_iterative_r1__knn__11_harmony__post0,E1_iterative_r1,knn,11_harmony,False,medium,False,False,False,False,False,11.0,20.0,0.44999999999999996,0.41144250151872197,0.7506349235681748,0.6056181818181818,0.9362416674381784,0.5731770080838642,0.010544699672048186,0.0,0.6072548141513658,0.2732290708371665,0.7299908003679852,0.09042076991942703,0.7608598298253471,0.0068997240110395585
A_confirmed_bad__softimpute__25_angel__post1,A_confirmed_bad,softimpute,25_angel,True,high,False,False,True,False,False,11.0,20.0,0.44999999999999996,0.4111951941802472,0.7848922106971917,0.7506727272727273,0.9095362575419266,0.8753263193182641,-0.18944571610387967,0.125,0.7169726824899239,0.7603495860165593,0.5363385464581417,0.3173679498657117,0.0004478280340349306,0.13569457221711131
E1_iterative_r1__softimpute__02_median_scaling__post1,E1_iterative_r1,softimpute,02_median_scaling,True,low,False,False,False,False,False,10.0,19.0,0.4736842105263158,0.41111048610894324,0.4083332162242592,0.58811,0.9005306411291508,0.9937574945196757,0.06394556653909345,0.1423,0.02821316614420063,0.22631094756209752,0.4806807727690892,0.6454789615040286,0.8996865203761756,0.18629254829806807
E1_iterative_r1__knn__03_limma__post1,E1_iterative_r1,knn,03_limma,True,low,False,False,False,False,False,10.0,19.0,0.4736842105263158,0.41101004020794557,0.4564786686292394,0.6629400000000001,0.9223144478682496,0.9948629399820114,-0.013262144551061783,0.1579,0.06627854903716973,0.45906163753449863,0.6122355105795768,0.7085944494180841,0.4043887147335423,0.2155013799448022
A_confirmed_bad__strict__26_xpn__post0,A_confirmed_bad,strict,26_xpn,False,high,False,False,True,False,False,11.0,21.0,0.47619047619047616,0.41097490350704335,0.5231006393849815,0.6478090909090909,0.843617937313391,0.992148433373048,-0.00328615500447782,0.3597,0.19793999104343932,0.4162833486660534,0.20607175712971482,0.6096687555953447,0.4912673533363189,0.5446182152713891
E1_iterative_r1__strict__26_xpn__post1,E1_iterative_r1,strict,26_xpn,True,high,False,False,False,False,False,10.0,19.0,0.4736842105263158,0.4107711993305312,0.5599475428214672,0.6628999999999999,0.7944664362862567,0.9914385588339604,-0.014257649712562048,0.4065,0.29601433049708914,0.4586016559337627,0.11867525298988041,0.5872873769024172,0.39319301388266903,0.6108555657773689
A_confirmed_bad__strict__07_pycombat__post0,A_confirmed_bad,strict,07_pycombat,False,medium,False,False,True,False,False,11.0,21.0,0.47619047619047616,0.4107364676378695,0.5224925567717889,0.6707363636363636,0.9031619662415772,0.9942659684362176,-0.023215597820481104,0.2079,0.19704433497536947,0.48689052437902486,0.49862005519779207,0.6683079677708147,0.32422749664128975,0.2893284268629255
G_affymetrix_only__strict__11_harmony__post1,G_affymetrix_only,strict,11_harmony,True,medium,False,False,False,True,False,0.0,,,0.4104928607444583,0.8235294117647058,,,0.6525665379425937,-0.027534673340743165,,0.8168383340797134,,,0.10832587287376902,0.3063143752798925,
F_microarray_only__knn__05_combat__post1,F_microarray_only,knn,05_combat,True,medium,False,False,False,False,False,6.0,17.0,0.6470588235294117,0.41018067162067084,0.8218948391208641,0.59305,0.657888684444347,0.8990484902402208,0.10759282950568577,0.1154,0.8114643976712942,0.24149034038638453,0.019779208831646734,0.34646374216651743,0.9650694133452754,0.07681692732290708
A_confirmed_bad__strict__33_amdbnorm__post1,A_confirmed_bad,strict,33_amdbnorm,True,high,False,False,True,False,False,10.0,20.0,0.5,0.4096435370412585,0.5104677323284776,0.69055,0.9260132883933332,0.9032792237474024,-0.016053442421682718,0.2565,0.16480071652485445,0.547838086476541,0.6324747010119596,0.3755595344673232,0.37886251679355126,0.3583256669733211
B_extended_bad__strict__13_fsmvn__post0,B_extended_bad,strict,13_fsmvn,False,medium,False,False,True,False,False,10.0,16.0,0.375,0.4093186218928146,0.5585330872283633,0.63475,0.8603389679480002,0.9937353566823588,-0.009470775533412468,0.2947,0.29377519032691446,0.3804047838086477,0.27736890524379026,0.644136078782453,0.43842364532019706,0.421803127874885
E3_iterative_r3__softimpute__13_fsmvn__post1,E3_iterative_r3,softimpute,13_fsmvn,True,medium,False,False,False,False,False,10.0,17.0,0.4117647058823529,0.4092717439486191,0.5647362118482339,0.6915199999999999,0.8593030067217415,0.9941424811334896,-0.061840883693378146,0.3435,0.3045230631437528,0.5510579576816927,0.2718491260349586,0.6620411817367949,0.14017017465293327,0.5259889604415824
E2_iterative_r2__knn__12_scanorama__post1,E2_iterative_r2,knn,12_scanorama,True,medium,False,False,False,False,False,11.0,18.0,0.38888888888888884,0.40905871848148134,0.7622709145800807,0.7174909090909091,0.9031046065654758,-0.1245103076540486,-0.04340834113717973,0.3006,0.6471115091804747,0.6517939282428703,0.4981600735970561,0.006266786034019696,0.2149574563367667,0.43606255749770007
I_rare_batches_removed__softimpute__07_pycombat__post1,I_rare_batches_removed,softimpute,07_pycombat,True,medium,False,False,False,False,False,9.0,14.0,0.3571428571428571,0.4087644239630756,0.6487753561444796,0.6421222222222221,0.8874895337739517,0.9962048724297268,-0.013756164376478308,0.1188,0.406180026869682,0.3983440662373505,0.40708371665133397,0.7314234556848702,0.40214957456336764,0.10740570377184913
K_ffpe_only__knn__03_limma__post1,K_ffpe_only,knn,03_limma,True,low,False,False,False,True,False,2.0,7.0,0.7142857142857143,0.4085353874232253,0.5154055931044549,0.49620000000000003,0.844461890916983,0.9999957471159732,0.058551064601041036,0.1831,0.17465293327362294,0.07543698252069918,0.20837166513339467,0.8446732318710832,0.8911777877295118,0.25689972401103955
G_affymetrix_only__strict__06_combat_seq__post0,G_affymetrix_only,strict,06_combat_seq,False,medium,False,False,False,True,False,2.0,3.0,0.33333333333333337,0.4082716087404739,0.6925284194074929,0.54005,0.8043504472306238,0.8313687400645595,0.04079273653559917,0.4348,0.46842812360053737,0.12879484820607176,0.12787488500459981,0.20053715308863027,0.8616211374832065,0.6623735050597976
B_extended_bad__softimpute__25_angel__post1,B_extended_bad,softimpute,25_angel,True,high,False,False,True,False,False,10.0,15.0,0.33333333333333337,0.4079398398180281,0.7912103919197168,0.7286400000000001,0.920913455241723,0.8751967574998865,-0.14837093252854905,0.1136,0.735333631885356,0.6844526218951242,0.6048758049678012,0.3169203222918532,0.04970891177787729,0.05634774609015639
E3_iterative_r3__strict__07_pycombat__post1,E3_iterative_r3,strict,07_pycombat,True,medium,False,False,False,False,False,9.0,17.0,0.47058823529411764,0.40790434923821745,0.5104277420463739,0.6453555555555556,0.9346069525667928,0.9933602151495692,-0.03395427277995766,0.187,0.16435288849081953,0.40846366145354185,0.7069917203311867,0.6378692927484333,0.2682489923869234,0.26149954001839926
G_affymetrix_only__knn__17_quantile__post0,G_affymetrix_only,knn,17_quantile,False,high,False,False,False,True,False,2.0,3.0,0.33333333333333337,0.40780212807210203,0.6312156467138231,0.52235,0.9185715417223984,0.9146215101143156,-0.12601784372544853,0.5125,0.3842364532019704,0.10579576816927323,0.5857865685372585,0.4308415398388541,0.06963725929243171,0.8705151793928243
G_affymetrix_only__strict__12_scanorama__post1,G_affymetrix_only,strict,12_scanorama,True,medium,False,True,False,True,False,0.0,,,0.4072238230080974,0.9340439706862091,,,-0.1067639121663096,-0.040762423364114564,,0.9811912225705329,,,0.007609668755595345,0.2328705776981639,
K_ffpe_only__softimpute__10_mnn__post0,K_ffpe_only,softimpute,10_mnn,False,medium,False,False,False,True,False,3.0,8.0,0.625,0.4071174112653326,0.4957551670836025,0.7311,0.8771674974695062,0.1325651305712937,-0.01179220848376239,0.4759,0.12807881773399016,0.6931922723091076,0.34406623735050595,0.0738585496866607,0.41648007165248546,0.7870285188592456
E2_iterative_r2__strict__13_fsmvn__post0,E2_iterative_r2,strict,13_fsmvn,False,medium,False,False,False,False,False,11.0,19.0,0.42105263157894735,0.4071053567453838,0.5314424057063505,0.644090909090909,0.8710183588313218,0.9941718721213684,-0.018487806293250197,0.3214,0.22033139274518584,0.40386384544618215,0.3187672493100276,0.6636078782452999,0.3627407075682938,0.4733210671573137
D_malignant_only__strict__20_shambhala__post1,D_malignant_only,strict,20_shambhala,True,high,False,False,False,False,False,10.0,17.0,0.4117647058823529,0.40624004652753354,0.7061949088516577,0.69604,0.8806544645075989,0.8499377973363316,-0.024745154101552203,0.3125,0.49216300940438873,0.5689972401103955,0.36614535418583255,0.2367949865711728,0.31795790416480074,0.45538178472861085
B_extended_bad__strict__02_median_scaling__post0,B_extended_bad,strict,02_median_scaling,False,low,False,False,True,False,False,10.0,16.0,0.375,0.40617300919597277,0.4789977124477706,0.5730299999999999,0.888287324439327,0.993681903069767,0.012443311026924642,0.2316,0.09852216748768473,0.19319227230910763,0.4098436062557498,0.6432408236347359,0.7707120465741155,0.3215271389144434
K_ffpe_only__softimpute__21_harmonizr__post1,K_ffpe_only,softimpute,21_harmonizr,True,medium,False,False,False,True,False,3.0,7.0,0.5714285714285714,0.4056278391663944,0.5311092739773834,0.3590333333333333,0.7920941646514327,0.9999999679856358,0.10455055221804677,0.1547,0.219435736677116,0.01517939282428703,0.11591536338546458,0.9131602506714414,0.9619346171070309,0.2081416743330267
F_microarray_only__softimpute__20_shambhala__post0,F_microarray_only,softimpute,20_shambhala,False,high,False,False,False,False,False,6.0,18.0,0.6666666666666667,0.40537041137062024,0.7496649106026829,0.72735,0.7766224810951257,0.7826973966009643,-0.05170529177386307,0.4542,0.6036721898790864,0.6816927322907084,0.09981600735970561,0.16875559534467324,0.17129422301836095,0.7069917203311867
E2_iterative_r2__strict__07_pycombat__post1,E2_iterative_r2,strict,07_pycombat,True,medium,False,False,False,False,False,10.0,18.0,0.4444444444444444,0.4052748413514427,0.5175141879972192,0.65123,0.9303731420379304,0.9935100040461572,-0.03210624113649707,0.1706,0.18226600985221675,0.4296228150873965,0.6637534498620056,0.6405550581915846,0.2781012091356919,0.23735050597976082
S0_no_removal__softimpute__20_shambhala__post0,S0_no_removal,softimpute,20_shambhala,False,high,False,False,False,False,False,11.0,24.0,0.5416666666666667,0.40501062746233324,0.7229984594109885,0.7154545454545455,0.8879931874062532,0.7993347280148735,-0.0664456378955422,0.3552,0.5320197044334976,0.6444342226310947,0.4089236430542778,0.17681289167412712,0.1278549037169727,0.5400183992640294
E2_iterative_r2__softimpute__07_pycombat__post1,E2_iterative_r2,softimpute,07_pycombat,True,medium,False,False,False,False,False,11.0,18.0,0.38888888888888884,0.40478682303451513,0.5662061187875743,0.7026636363636364,0.9139997939011852,0.994793614639332,-0.1596079882250287,0.1644,0.3076578593819973,0.594296228150874,0.563017479300828,0.7050134288272157,0.03403493058665472,0.2247010119595216
S0_no_removal__softimpute__07_pycombat__post0,S0_no_removal,softimpute,07_pycombat,False,medium,False,False,False,False,False,11.0,24.0,0.5416666666666667,0.40459648503664963,0.5673261675011915,0.6842636363636364,0.9042924399014884,0.9953789459168032,-0.0320271099055614,0.1154,0.30855351545006715,0.5271389144434223,0.5064397424103035,0.729632945389436,0.27899686520376177,0.07681692732290708
B_extended_bad__knn__13_fsmvn__post1,B_extended_bad,knn,13_fsmvn,True,medium,False,False,True,False,False,10.0,15.0,0.33333333333333337,0.4040845266202355,0.5615337114029468,0.67242,0.8825812475060805,0.993827256006605,-0.019708025006052066,0.1827,0.29959695476936854,0.49310027598896045,0.38086476540938363,0.6472694717994628,0.3493058665472459,0.2543698252069917
G_affymetrix_only__strict__08_inmoose_combatseq__post0,G_affymetrix_only,strict,08_inmoose_combatseq,False,medium,False,False,False,True,False,2.0,3.0,0.33333333333333337,0.4040452708960862,0.6902438850538184,0.5366,0.8043083983556872,0.8294681706228461,0.03968026409075964,0.4279,0.4652933273622929,0.12281508739650414,0.12741490340386386,0.19874664279319607,0.8602776533811016,0.6497240110395585
I_rare_batches_removed__strict__28_npn__post1,I_rare_batches_removed,strict,28_npn,True,high,False,False,False,False,False,8.0,14.0,0.4285714285714286,0.4037929788396238,0.5287026277860244,0.62735,0.8397264787442017,0.9944203067138516,-0.010393719700751102,0.3618,0.2140618002686968,0.35694572217111314,0.19273229070837167,0.6808415398388541,0.43125839677563815,0.546918123275069
E2_iterative_r2__knn__03_limma__post0,E2_iterative_r2,knn,03_limma,False,low,False,False,False,False,False,11.0,19.0,0.42105263157894735,0.4035700670466482,0.4744469983308419,0.6311727272727272,0.913321596999072,0.9948879944465744,-0.00702429581698083,0.1644,0.09180474697716078,0.3716651333946642,0.5602575896964122,0.7090420769919427,0.46394984326018807,0.2247010119595216
E2_iterative_r2__softimpute__02_median_scaling__post0,E2_iterative_r2,softimpute,02_median_scaling,False,low,False,False,False,False,False,11.0,19.0,0.42105263157894735,0.40337078292174366,0.4150249183608983,0.5711545454545455,0.8971592891498426,0.9938824323347376,0.06885293164500056,0.1389,0.03493058665472459,0.1844526218951242,0.4622815087396504,0.649059982094897,0.9140170174652933,0.17548298068077278
G_affymetrix_only__knn__15_fsqn_py__post0,G_affymetrix_only,knn,15_fsqn_py,False,high,False,False,False,True,False,2.0,3.0,0.33333333333333337,0.4031318797424621,0.6235125774692792,0.52005,0.9185715417223984,0.9146215101143156,-0.12601784372544853,0.5079,0.37438423645320196,0.09889604415823366,0.5857865685372585,0.4308415398388541,0.06963725929243171,0.859245630174793
E2_iterative_r2__knn__07_pycombat__post0,E2_iterative_r2,knn,07_pycombat,False,medium,False,False,False,False,False,11.0,19.0,0.42105263157894735,0.40308751577235086,0.5059050860630977,0.6484454545454545,0.9006116304209445,0.9949250664054798,-0.011810004592643364,0.1714,0.15136587550380654,0.41950321987120515,0.4825206991720331,0.7108325872873769,0.41603224361845054,0.23827046918123276
I_rare_batches_removed__knn__03_limma__post0,I_rare_batches_removed,knn,03_limma,False,low,False,False,False,False,False,9.0,15.0,0.4,0.4030489525148595,0.5623765202928201,0.5274666666666668,0.8804792192403715,0.9948189298964728,0.035756557469278416,0.1154,0.30094043887147337,0.11315547378104876,0.36522539098436063,0.7068039391226499,0.8553515450067174,0.07681692732290708
C_rnaseq_only__softimpute__13_fsmvn__post0,C_rnaseq_only,softimpute,13_fsmvn,False,medium,False,False,False,False,False,5.0,6.0,0.16666666666666663,0.40287389779201915,0.5799045577166759,0.55922,0.8345006771159237,0.9841116342725515,0.014286994465566139,0.2856,0.3273622928795343,0.1623735050597976,0.18031278748850046,0.5590868397493286,0.780564263322884,0.40754369825206993
B_extended_bad__strict__28_npn__post0,B_extended_bad,strict,28_npn,False,high,False,False,True,False,False,10.0,16.0,0.375,0.402729077209415,0.5547635062322519,0.63132,0.8568829171652655,0.9940018583941638,-0.011922900822910448,0.296,0.2879534258844604,0.37258509659613614,0.2608095676172953,0.6553267681289168,0.41513658755038063,0.4245630174793008
E1_iterative_r1__softimpute__07_pycombat__post1,E1_iterative_r1,softimpute,07_pycombat,True,medium,False,False,False,False,False,11.0,19.0,0.42105263157894735,0.4025674502140563,0.5599528246512335,0.7000363636363637,0.9142853447090968,0.9948943085171996,-0.1632678560577039,0.1667,0.29646215853112406,0.5832566697332107,0.5643974241030358,0.7094897045658013,0.03134796238244514,0.23045078196872126
J_ff_only__knn__16_fsqn_r__post0,J_ff_only,knn,16_fsqn_r,False,high,False,False,False,False,False,7.0,15.0,0.5333333333333333,0.402485829189512,0.5625582013645023,0.6225285714285714,0.8702877593522041,0.9899685772276108,-0.027897239826306652,0.3911,0.3013882669055083,0.33486660533578655,0.3169273229070837,0.5778871978513876,0.3054187192118227,0.578426862925483
D_malignant_only__softimpute__02_median_scaling__post0,D_malignant_only,softimpute,02_median_scaling,False,low,False,False,False,False,False,10.0,18.0,0.4444444444444444,0.40208880178136686,0.510894474840847,0.48501000000000005,0.9051655297304352,0.9999989439935392,-0.025748060147076257,0.3208,0.16569637259292433,0.06623735050597976,0.5133394664213431,0.8809310653536258,0.31392745185848636,0.4724011039558418
F_microarray_only__softimpute__13_fsmvn__post0,F_microarray_only,softimpute,13_fsmvn,False,medium,False,False,False,False,False,6.0,18.0,0.6666666666666667,0.40144954946247097,0.5909109194178543,0.6903666666666667,0.8583771365239279,0.9999999881895204,-0.03606077556868187,0.1154,0.34214061800268697,0.546918123275069,0.2667893284268629,0.9198746642793196,0.2561576354679803,0.07681692732290708
J_ff_only__strict__07_pycombat__post0,J_ff_only,strict,07_pycombat,False,medium,False,False,False,False,False,7.0,15.0,0.5333333333333333,0.40120261120185546,0.5404003597768962,0.6212571428571428,0.9048570983865908,0.9916264753887538,-0.04988541164020255,0.3611,0.24675324675324675,0.33072677092916286,0.5110395584176632,0.5926589077887198,0.17957904164800717,0.546458141674333
G_affymetrix_only__softimpute__18_rank__post0,G_affymetrix_only,softimpute,18_rank,False,high,False,False,False,True,False,2.0,3.0,0.33333333333333337,0.4008980640306247,0.4888028130472792,0.51675,0.935711210401559,0.9119957167946076,-0.044347803140487085,0.5024,0.11621137483206449,0.09544618215271389,0.7233210671573137,0.4156222023276634,0.21003134796238246,0.8447562097516099
A_confirmed_bad__softimpute__02_median_scaling__post0,A_confirmed_bad,softimpute,02_median_scaling,False,low,False,False,True,False,False,11.0,21.0,0.47619047619047616,0.4006368876879505,0.382562815519596,0.5716,0.8978637000776354,0.9941246875584578,0.057805210432132326,0.1408,0.017465293327362293,0.18836246550137994,0.4668813247470101,0.6598030438675022,0.8893864755933721,0.18192272309107635
G_affymetrix_only__softimpute__07_pycombat__post0,G_affymetrix_only,softimpute,07_pycombat,False,medium,False,False,False,True,False,2.0,3.0,0.33333333333333337,0.400614203630374,0.5086408479406673,0.35425,0.659670821497032,0.999999998285172,0.031182209698684127,0.3075,0.15853112404836542,0.014259429622815088,0.020699172033118676,0.9310653536257834,0.8334079713390058,0.4457221711131555
J_ff_only__softimpute__16_fsqn_r__post0,J_ff_only,softimpute,16_fsqn_r,False,high,False,False,False,False,False,7.0,15.0,0.5333333333333333,0.40056319581312433,0.5645815671324729,0.6213571428571428,0.8684291456139583,0.9899654286090668,-0.02793514191496782,0.3911,0.3036274070756829,0.3311867525298988,0.3077276908923643,0.5774395702775291,0.30497089117778775,0.578426862925483
B_extended_bad__knn__03_limma__post0,B_extended_bad,knn,03_limma,False,low,False,False,True,False,False,10.0,16.0,0.375,0.40054819876707676,0.4619074209942678,0.63521,0.911759386315738,0.9944167291509636,-0.002387704705741678,0.1579,0.07254814151365875,0.3813247470101196,0.5510579576816927,0.6803939122649956,0.5024630541871922,0.2155013799448022
C_rnaseq_only__knn__28_npn__post0,C_rnaseq_only,knn,28_npn,False,high,False,False,False,False,False,5.0,6.0,0.16666666666666663,0.4003083472900612,0.5377641604852506,0.5154,0.9269441265025318,0.9857652543952532,-0.00028800409542591165,0.2183,0.24048365427675772,0.09291628334866606,0.6370745170193193,0.5684870188003581,0.5606806986117331,0.30220791168353267
B_extended_bad__knn__07_pycombat__post0,B_extended_bad,knn,07_pycombat,False,medium,False,False,True,False,False,10.0,16.0,0.375,0.4002614198916456,0.4701392515886403,0.65778,0.9017215211909626,0.9944001368886676,-0.013418147197209573,0.2126,0.08329601433049709,0.4466421343146274,0.4926402943882245,0.6790510295434199,0.4039408866995074,0.2959981600735971
E1_iterative_r1__softimpute__02_median_scaling__post0,E1_iterative_r1,softimpute,02_median_scaling,False,low,False,False,False,False,False,11.0,20.0,0.44999999999999996,0.3999571894548701,0.4011481962401256,0.5711636363636363,0.897010591815724,0.9940059452002044,0.059544593009379365,0.1408,0.025078369905956112,0.18491260349586017,0.45998160073597055,0.6557743957027753,0.8920734437975817,0.18192272309107635
A_confirmed_bad__softimpute__07_pycombat__post1,A_confirmed_bad,softimpute,07_pycombat,True,medium,False,False,True,False,False,11.0,20.0,0.44999999999999996,0.39942250089225095,0.5439019870783313,0.7073090909090909,0.911569232453929,0.9949989690586368,-0.1629052598686173,0.1667,0.25794894760412,0.6136154553817847,0.5487580496780129,0.7139659803043867,0.03179579041648007,0.23045078196872126
K_ffpe_only__softimpute__27_dwd__post0,K_ffpe_only,softimpute,27_dwd,False,medium,False,False,False,True,False,3.0,8.0,0.625,0.3988091421606415,0.4999067237429075,0.5489333333333334,0.8588311075223559,0.9999999697146724,-0.029450792969169914,0.4186,0.138602776533811,0.14581416743330267,0.26793928242870285,0.9147269471799463,0.2944469323779669,0.6313247470101196
K_ffpe_only__softimpute__16_fsqn_r__post0,K_ffpe_only,softimpute,16_fsqn_r,False,high,False,False,False,True,False,3.0,8.0,0.625,0.3988091421606415,0.4999067237429075,0.5489333333333334,0.8588311075223559,0.9999999697146724,-0.029450792969169914,0.4186,0.138602776533811,0.14581416743330267,0.26793928242870285,0.9147269471799463,0.2944469323779669,0.6313247470101196
D_malignant_only__knn__28_npn__post0,D_malignant_only,knn,28_npn,False,high,False,False,False,False,False,10.0,18.0,0.4444444444444444,0.39873184183359256,0.5508208828807447,0.60776,0.8742352111012226,0.9999307694516328,-0.015540682781531794,0.2105,0.2781012091356919,0.28196872125114997,0.33210671573137074,0.8222918531781558,0.3846842812360054,0.2932382704691812
D_malignant_only__strict__05_combat__post1,D_malignant_only,strict,05_combat,True,medium,False,False,False,False,False,10.0,17.0,0.4117647058823529,0.39873156991222175,0.753825418379785,0.6035,0.6798571058466081,0.9777588176736772,-0.003188516972596256,0.303,0.6265114196148679,0.2667893284268629,0.02667893284268629,0.5402864816472694,0.49261083743842365,0.4395124195032199
E2_iterative_r2__strict__16_fsqn_r__post0,E2_iterative_r2,strict,16_fsqn_r,False,high,False,False,False,False,False,11.0,19.0,0.42105263157894735,0.3987212273566035,0.5365204399188556,0.6495090909090909,0.8762840267345253,0.9916859116911336,-0.01407821661321107,0.2802,0.2369010300044783,0.4236430542778289,0.34130634774609014,0.594449418084154,0.3972234661889834,0.3988040478380865
I_rare_batches_removed__softimpute__07_pycombat__post0,I_rare_batches_removed,softimpute,07_pycombat,False,medium,False,False,False,False,False,9.0,15.0,0.4,0.39859792633683466,0.621579405115201,0.6462222222222223,0.8885934009644344,0.9947869127920792,-0.015949377631827022,0.1223,0.3716972682489924,0.41122355105795766,0.4116835326586937,0.7041181736794987,0.38154948499776087,0.11131554737810488
S0_no_removal__softimpute__20_shambhala__post1,S0_no_removal,softimpute,20_shambhala,True,high,False,False,False,False,False,11.0,23.0,0.5217391304347826,0.3983794222549637,0.7090979320143898,0.7133909090909091,0.8876751422847303,0.8017348933535844,-0.0664456378955422,0.3537,0.502910882221227,0.6366145354185833,0.40754369825206993,0.18039391226499552,0.1278549037169727,0.5349586016559338
F_microarray_only__softimpute__03_limma__post1,F_microarray_only,softimpute,03_limma,True,low,False,False,False,False,False,5.0,17.0,0.7058823529411764,0.3978533820951427,0.4377937161676144,0.62926,0.7907852332700831,0.9999999885261834,0.02890545732935268,0.124,0.050156739811912224,0.3629254829806808,0.11361545538178473,0.9203222918531782,0.825794894760412,0.11430542778288869
B_extended_bad__strict__26_xpn__post0,B_extended_bad,strict,26_xpn,False,high,False,False,True,False,False,10.0,16.0,0.375,0.39775351486077204,0.5747585841545819,0.63683,0.8268629036931183,0.9910403558233092,-0.00761071777185951,0.3226,0.3193013882669055,0.38546458141674333,0.16191352345906163,0.5810205908683975,0.45768025078369906,0.48114075436982523
F_microarray_only__softimpute__20_shambhala__post1,F_microarray_only,softimpute,20_shambhala,True,high,False,False,False,False,False,6.0,17.0,0.6470588235294117,0.39765430505402205,0.7333673634414903,0.7256333333333332,0.7762046549944226,0.7853274686508239,-0.05170529177386307,0.4542,0.5633676668159426,0.6757129714811407,0.09935602575896964,0.1692032229185318,0.17129422301836095,0.7069917203311867
F_microarray_only__softimpute__21_harmonizr__post1,F_microarray_only,softimpute,21_harmonizr,True,medium,False,False,False,False,False,6.0,17.0,0.6470588235294117,0.39746247769728843,0.521849820485995,0.7270333333333333,0.8527720562534465,0.999998646566964,-0.027133669592246945,0.1154,0.19525302283922974,0.6803127874885004,0.24425022999080037,0.8791405550581916,0.30900134348410213,0.07681692732290708
G_affymetrix_only__strict__21_harmonizr__post1,G_affymetrix_only,strict,21_harmonizr,True,medium,False,False,False,True,False,2.0,2.0,0.0,0.3974232126754999,0.3472506153355521,0.34725,0.7373281806110872,1.0,0.045276919870047616,0.3154,0.010300044782803403,0.012419503219871205,0.060257589696412144,0.9677708146821844,0.8701298701298701,0.46366145354185834
E2_iterative_r2__softimpute__07_pycombat__post0,E2_iterative_r2,softimpute,07_pycombat,False,medium,False,False,False,False,False,11.0,19.0,0.42105263157894735,0.39736485004138333,0.5469892110210713,0.7048181818181818,0.9113558273352276,0.9949010045732656,-0.16028634477687526,0.1644,0.2664576802507837,0.6025758969641214,0.547378104875805,0.7103849597135183,0.032691446484549934,0.2247010119595216
K_ffpe_only__strict__09_ruv__post1,K_ffpe_only,strict,09_ruv,True,medium,False,False,False,True,False,2.0,7.0,0.7142857142857143,0.3972862855581208,0.5659818905435234,0.51925,0.7745049553336756,0.7188524327004032,0.14137363387787122,0.4668,0.3072100313479624,0.09797608095676173,0.09613615455381785,0.1459265890778872,0.9816390506045678,0.7548298068077277
A_confirmed_bad__strict__28_npn__post0,A_confirmed_bad,strict,28_npn,False,high,False,False,True,False,False,11.0,21.0,0.47619047619047616,0.39723418572161223,0.5157412958932425,0.6205636363636363,0.8608540581252712,0.9949569478705476,-0.011770939529318823,0.319,0.17510076130765787,0.3261269549218031,0.2782888684452622,0.7121754700089525,0.42230183609493954,0.46941122355105797
E3_iterative_r3__strict__21_harmonizr__post1,E3_iterative_r3,strict,21_harmonizr,True,medium,False,False,False,False,False,10.0,17.0,0.4117647058823529,0.39635664457455494,0.5431775495853108,0.6353099999999999,0.8581077132968143,0.9999959055143274,-0.011711841200594875,0.1538,0.2561576354679803,0.38178472861085555,0.2644894204231831,0.8478066248880931,0.42274966412897447,0.20515179392824287
I_rare_batches_removed__knn__07_pycombat__post1,I_rare_batches_removed,knn,07_pycombat,True,medium,False,False,False,False,False,9.0,14.0,0.3571428571428571,0.3963246323107532,0.5447343316808388,0.5333666666666667,0.883452179392252,0.9963153932431068,0.012439218218357362,0.1188,0.2619793999104344,0.11959521619135234,0.38638454461821525,0.7323187108325873,0.7702642185400806,0.10740570377184913
K_ffpe_only__softimpute__31_ruv3prps__post0,K_ffpe_only,softimpute,31_ruv3prps,False,medium,False,False,False,True,False,3.0,8.0,0.625,0.39616856471969736,0.7121685651163909,0.6621,0.8936335192182914,0.8082148132459942,-0.005678541779160273,0.2234,0.510076130765786,0.4567617295308188,0.44618215271389144,0.18531781557743957,0.4688759516345723,0.3097976080956762
K_ffpe_only__knn__14_qsmooth__post1,K_ffpe_only,knn,14_qsmooth,True,high,False,False,False,True,False,3.0,7.0,0.5714285714285714,0.3959816154885118,0.551931430268089,0.6154333333333334,0.8829815340397126,0.9364955974476245,0.013842447168766814,0.125,0.28078817733990147,0.30864765409383627,0.38362465501379944,0.4883616830796777,0.7787729511867443,0.13569457221711131
E1_iterative_r1__strict__13_fsmvn__post0,E1_iterative_r1,strict,13_fsmvn,False,medium,False,False,False,False,False,11.0,20.0,0.44999999999999996,0.3955518753431795,0.5329341832511426,0.6365545454545455,0.8699765426019328,0.9942902732217253,-0.01906802299214516,0.2957,0.22480967308553515,0.3845446182152714,0.3155473781048758,0.6692032229185317,0.3560232870577698,0.42318307267709293
E3_iterative_r3__knn__07_pycombat__post0,E3_iterative_r3,knn,07_pycombat,False,medium,False,False,False,False,False,10.0,18.0,0.4444444444444444,0.3955195242764762,0.4958693251355031,0.6469400000000001,0.9040282054214794,0.994807984701357,-0.016028591991031682,0.1739,0.12897447380206,0.4135234590616375,0.5036798528058878,0.7059086839749329,0.3793103448275862,0.24172033118675254
E3_iterative_r3__strict__13_fsmvn__post0,E3_iterative_r3,strict,13_fsmvn,False,medium,False,False,False,False,False,10.0,18.0,0.4444444444444444,0.3954109709416062,0.528121717094391,0.64155,0.8690305875755118,0.994048448978669,-0.019435115283141458,0.3045,0.2122704881325571,0.3969641214351426,0.3104875804967801,0.6582363473589973,0.3515450067174205,0.4429622815087397
E2_iterative_r2__strict__26_xpn__post1,E2_iterative_r2,strict,26_xpn,True,high,False,False,False,False,False,10.0,18.0,0.4444444444444444,0.39524555888498253,0.5494696801955798,0.66098,0.7949074154907207,0.9912680004494988,-0.014229687401529967,0.3602,0.2736229287953426,0.4549218031278749,0.11959521619135234,0.5832587287376902,0.39453649798477386,0.5455381784728611
B_extended_bad__knn__02_median_scaling__post1,B_extended_bad,knn,02_median_scaling,True,low,False,False,True,False,False,9.0,15.0,0.4,0.39496805342886065,0.3901872998757515,0.5740666666666666,0.8992953961276685,0.9938885114075257,0.02079256990810785,0.1583,0.02104791759964174,0.19641214351425942,0.47562097516099355,0.6504028648164727,0.8096730855351545,0.21665133394664213
E1_iterative_r1__strict__16_fsqn_r__post0,E1_iterative_r1,strict,16_fsqn_r,False,high,False,False,False,False,False,11.0,20.0,0.44999999999999996,0.3949181973970173,0.5339552959828768,0.6446454545454545,0.8765444893364446,0.991841631856672,-0.014090457161071934,0.2802,0.22794446932377968,0.406163753449862,0.3426862925482981,0.5975828111011638,0.39632781012091356,0.3988040478380865
E1_iterative_r1__softimpute__07_pycombat__post0,E1_iterative_r1,softimpute,07_pycombat,False,medium,False,False,False,False,False,11.0,20.0,0.44999999999999996,0.39470180060587806,0.5426067904307164,0.7019454545454545,0.911637336755026,0.994997489115822,-0.16390869199230296,0.1667,0.2530228392297358,0.5910763569457221,0.5501379944802208,0.7135183527305282,0.03000447828034035,0.23045078196872126
B_extended_bad__softimpute__21_harmonizr__post0,B_extended_bad,softimpute,21_harmonizr,False,medium,False,False,True,False,False,10.0,16.0,0.375,0.39465221941532524,0.5923172619650685,0.67162,0.8786418060288518,0.9999969076551786,-0.062329496843845256,0.1404,0.3443797581728616,0.49034038638454464,0.35234590616375344,0.860787824529991,0.13882669055082847,0.1812327506899724
F_microarray_only__strict__12_scanorama__post1,F_microarray_only,strict,12_scanorama,True,medium,False,False,False,False,False,5.0,17.0,0.7058823529411764,0.3934983008078903,0.6619850024720757,0.7455400000000001,0.8335270037695071,0.0266561199344007,-0.013830303001364674,0.3753,0.42946708463949845,0.7414903403863845,0.17893284268629256,0.052820053715308866,0.4017017465293327,0.5565777368905244
S0_no_removal__knn__07_pycombat__post1,S0_no_removal,knn,07_pycombat,True,medium,False,False,False,False,False,11.0,23.0,0.5217391304347826,0.3934343814896066,0.5246132810965629,0.5630545454545455,0.8933334010827851,0.9951525119373676,0.004668069328433999,0.1171,0.20152261531571877,0.16835326586936522,0.44158233670653174,0.7229185317815577,0.7250335871025526,0.10119595216191353
A_confirmed_bad__knn__11_harmony__post1,A_confirmed_bad,knn,11_harmony,True,medium,False,False,True,False,False,11.0,20.0,0.44999999999999996,0.39333667310560366,0.7390674885217803,0.5946272727272727,0.9327207794180172,0.5723697522494565,0.008034536881128873,0.0165,0.5750111957008509,0.24563017479300828,0.687672493100276,0.08997314234556848,0.7456336766681594,0.01609935602575897
G_affymetrix_only__knn__05_combat__post0,G_affymetrix_only,knn,05_combat,False,medium,False,False,False,True,False,2.0,3.0,0.33333333333333337,0.3933217363174795,0.5856086520927736,0.41895000000000004,0.7644885890286253,0.92064154027337,0.04593830314107228,0.401,0.33452754142409313,0.023459061637534497,0.08739650413983441,0.44717994628469115,0.8719211822660099,0.5954461821527139
S0_no_removal__strict__21_harmonizr__post0,S0_no_removal,strict,21_harmonizr,False,medium,False,False,False,False,False,11.0,24.0,0.5416666666666667,0.3933027225836889,0.4279176136007043,0.5996363636363636,0.8781771736774115,0.999996509773696,0.013184850018971295,0.1154,0.042991491267353334,0.2575896964121435,0.34912603495860167,0.8585496866606983,0.7747424988804299,0.07681692732290708
G_affymetrix_only__strict__25_angel__post1,G_affymetrix_only,strict,25_angel,True,high,False,False,False,True,False,0.0,,,0.39329037070833134,0.0099502487562189,,,0.8995006435565981,0.030166784757165555,,0.0004478280340349306,,,0.3478066248880931,0.8316166592028661,
A_confirmed_bad__knn__21_harmonizr__post1,A_confirmed_bad,knn,21_harmonizr,True,medium,False,False,True,False,False,10.0,20.0,0.5,0.39305319788887494,0.7018315637902721,0.56299,0.9072808388584224,0.9990024356075496,-0.01549728008799256,0.034,0.4863412449619346,0.16789328426862926,0.5243790248390064,0.7757385854968666,0.3860277653381102,0.017939282428702852
D_malignant_only__knn__02_median_scaling__post1,D_malignant_only,knn,02_median_scaling,True,low,False,False,False,False,False,9.0,17.0,0.47058823529411764,0.39282048284946325,0.4861460865694149,0.5717222222222222,0.9213621813920744,0.99999856846642,-0.0328488208295048,0.2105,0.11374832064487236,0.1890524379024839,0.609015639374425,0.8782452999104745,0.2736229287953426,0.2932382704691812
D_malignant_only__softimpute__03_limma__post0,D_malignant_only,softimpute,03_limma,False,low,False,False,False,False,False,10.0,18.0,0.4444444444444444,0.3927944428666202,0.5016041910875064,0.54606,0.9064080552778,0.9999985926208932,-0.020694477055757055,0.2402,0.141961486789073,0.13845446182152715,0.5193192272309107,0.878692927484333,0.34393193013882667,0.3344066237350506
K_ffpe_only__strict__21_harmonizr__post1,K_ffpe_only,strict,21_harmonizr,True,medium,False,False,False,True,False,3.0,7.0,0.5714285714285714,0.3924008883956845,0.422663378195431,0.43683333333333335,0.8726264953397366,0.9999999635197544,0.06825493431094293,0.125,0.03896103896103896,0.034268629254829805,0.3265869365225391,0.9093554162936437,0.909538737124944,0.13569457221711131
G_affymetrix_only__softimpute__05_combat__post0,G_affymetrix_only,softimpute,05_combat,False,medium,False,False,False,True,False,2.0,3.0,0.33333333333333337,0.39228180332513113,0.6011622898336537,0.4192,0.7643546861634585,0.9106032692086352,0.057276630307957155,0.401,0.3510971786833856,0.02437902483900644,0.08693652253909843,0.40734109221128023,0.8884908195253023,0.5954461821527139
B_extended_bad__strict__03_limma__post1,B_extended_bad,strict,03_limma,True,low,False,False,True,False,False,10.0,15.0,0.33333333333333337,0.39213508331934693,0.5474149068895147,0.65474,0.887404784142347,0.9938543190282,-0.003431576408374881,0.1184,0.2669055082848186,0.43882244710211593,0.40570377184912604,0.64816472694718,0.4890282131661442,0.10418583256669733
C_rnaseq_only__softimpute__18_rank__post0,C_rnaseq_only,softimpute,18_rank,False,high,False,False,False,False,False,5.0,6.0,0.16666666666666663,0.392013413474339,0.6846624081320232,0.63368,0.8479368820851505,0.9173350359937824,0.0,0.1744,0.4599193909538737,0.3767249310027599,0.22125114995400183,0.44136078782453,0.6094939543215405,0.24333026678932843
J_ff_only__strict__16_fsqn_r__post0,J_ff_only,strict,16_fsqn_r,False,high,True,False,False,False,False,7.0,15.0,0.5333333333333333,0.3916713998904274,0.551776581537039,0.6201285714285714,0.8698127810222402,0.9896516892877314,-0.03326496285905567,0.3962,0.2798925212718316,0.32382704691812325,0.31462741490340385,0.5760966875559534,0.2704881325570981,0.5850965961361545
B_extended_bad__strict__21_harmonizr__post1,B_extended_bad,strict,21_harmonizr,True,medium,False,False,True,False,False,10.0,15.0,0.33333333333333337,0.3913721326718093,0.5398321937339705,0.6153500000000001,0.8514041174819978,0.9999957834448396,-0.0012772700435567108,0.1447,0.2445141065830721,0.30818767249310025,0.23597056117755288,0.8455684870188004,0.5217196596506941,0.1922723091076357
F_microarray_only__softimpute__21_harmonizr__post0,F_microarray_only,softimpute,21_harmonizr,False,medium,False,False,False,False,False,6.0,18.0,0.6666666666666667,0.3910125739047046,0.5019129719162286,0.7223166666666666,0.8465856619064425,0.9999986812721392,-0.018333096500440127,0.1154,0.14285714285714285,0.6665133394664213,0.21711131554737811,0.8795881826320502,0.3631885356023287,0.07681692732290708
D_malignant_only__knn__20_shambhala__post1,D_malignant_only,knn,20_shambhala,True,high,False,False,False,False,False,10.0,17.0,0.4117647058823529,0.3907476050165501,0.6899631818404958,0.67971,0.8800059909362428,0.8552056485054028,-0.02862781881380283,0.3125,0.464397671294223,0.514719411223551,0.36016559337626497,0.2493285586392122,0.30049261083743845,0.45538178472861085
J_ff_only__knn__21_harmonizr__post1,J_ff_only,knn,21_harmonizr,True,medium,False,False,False,False,False,6.0,14.0,0.5714285714285714,0.39074546187227704,0.5201020926870721,0.5935166666666666,0.8658819710448663,0.9999939700877516,-0.03512429428485164,0.3354,0.18987908643081056,0.24195032198712052,0.30220791168353267,0.833930170098478,0.2606359158083296,0.515869365225391
S0_no_removal__strict__13_fsmvn__post1,S0_no_removal,strict,13_fsmvn,True,medium,False,False,False,False,False,10.0,23.0,0.5652173913043479,0.39048201317119596,0.5124439158804399,0.6446099999999999,0.8985144043033351,0.9950409744552532,-0.0023461903758641434,0.1154,0.16748768472906403,0.40570377184912604,0.4733210671573137,0.7166517457475381,0.502910882221227,0.07681692732290708
K_ffpe_only__strict__21_harmonizr__post0,K_ffpe_only,strict,21_harmonizr,False,medium,False,False,False,True,False,3.0,8.0,0.625,0.3903048138133867,0.4147128563655886,0.43683333333333335,0.8722523082611646,0.9999999657997698,0.06530071547594901,0.125,0.034482758620689655,0.034268629254829805,0.3252069917203312,0.9111459265890779,0.9010300044782803,0.13569457221711131
B_extended_bad__softimpute__21_harmonizr__post1,B_extended_bad,softimpute,21_harmonizr,True,medium,False,False,True,False,False,10.0,15.0,0.33333333333333337,0.38978052651214123,0.5736678424986785,0.66988,0.8778068987019725,0.9999968354498528,-0.061106388280826485,0.1431,0.31751007613076576,0.4834406623735051,0.3463661453541858,0.8603401969561325,0.14151365875503807,0.18951241950321987
F_microarray_only__strict__13_fsmvn__post1,F_microarray_only,strict,13_fsmvn,True,medium,False,False,False,False,False,5.0,17.0,0.7058823529411764,0.3897595079460668,0.4380985328138794,0.61126,0.8679499345256874,0.9999999946602612,0.0013384626851158377,0.1154,0.050604567845947156,0.2939282428702852,0.3058877644894204,0.923455684870188,0.6878638602776533,0.07681692732290708
E3_iterative_r3__softimpute__25_angel__post0,E3_iterative_r3,softimpute,25_angel,False,high,False,False,False,False,False,10.0,18.0,0.4444444444444444,0.389221968281574,0.8020371087815719,0.7159500000000001,0.8910010478903414,0.8731555328943257,-0.1747115112302744,0.1277,0.7617554858934169,0.6476540938362465,0.4236430542778289,0.3142345568487019,0.028660994178235557,0.1593836246550138
E3_iterative_r3__strict__16_fsqn_r__post0,E3_iterative_r3,strict,16_fsqn_r,False,high,False,False,False,False,False,10.0,18.0,0.4444444444444444,0.3891193158740442,0.5255238437477575,0.6441899999999999,0.8742875381971821,0.991519622079708,-0.01499853773712656,0.2888,0.20286609941782355,0.4043238270469181,0.3330266789328427,0.5895255147717099,0.38961038961038963,0.4153633854645814
B_extended_bad__strict__16_fsqn_r__post1,B_extended_bad,strict,16_fsqn_r,True,high,False,False,True,False,False,9.0,15.0,0.4,0.3889361230735419,0.5430016942821492,0.6221555555555556,0.8680749227856334,0.991202371335428,-0.007393315038008663,0.279,0.2548141513658755,0.3330266789328427,0.3068077276908924,0.5828111011638317,0.4612628750559785,0.39489420423183075
E1_iterative_r1__knn__21_harmonizr__post0,E1_iterative_r1,knn,21_harmonizr,False,medium,False,False,False,False,False,11.0,20.0,0.44999999999999996,0.38889710815056583,0.6577699645422913,0.5874454545454545,0.9112138568746254,0.9990026191161092,-0.021049608795652652,0.0424,0.4231974921630094,0.22539098436062557,0.545998160073597,0.7761862130707251,0.34214061800268697,0.02046918123275069
A_confirmed_bad__knn__07_pycombat__post0,A_confirmed_bad,knn,07_pycombat,False,medium,False,False,True,False,False,11.0,21.0,0.47619047619047616,0.38881720599058345,0.4728071487968935,0.6517727272727273,0.9005254617385798,0.9951174598448566,-0.018666018833973563,0.1804,0.08866995073891626,0.4310027598896044,0.48022079116835326,0.720680393912265,0.36094939543215404,0.25137994480220793
H_affymetrix_extended__softimpute__12_scanorama__post0,H_affymetrix_extended,softimpute,12_scanorama,False,medium,False,False,False,False,False,6.0,12.0,0.5,0.38881510097431543,0.7868338982240143,0.7450333333333333,0.8506095505364566,0.017519827663684,-0.14727389736377672,0.3538,0.7205553067622034,0.7359705611775529,0.23413063477460902,0.048791405550581916,0.05687416032243618,0.5365685372585096
E1_iterative_r1__knn__03_limma__post0,E1_iterative_r1,knn,03_limma,False,low,False,False,False,False,False,11.0,20.0,0.44999999999999996,0.3888129837097525,0.4826357987358138,0.6273909090909091,0.9132846256916664,0.9949577451344848,-0.014200521897887342,0.1528,0.10568741603224362,0.3578656853725851,0.5597976080956761,0.7126230975828111,0.3954321540528437,0.2014719411223551
G_affymetrix_only__strict__07_pycombat__post0,G_affymetrix_only,strict,07_pycombat,False,medium,False,False,False,True,False,2.0,3.0,0.33333333333333337,0.38877562445812736,0.4977067028201134,0.35215,0.5725381498669455,0.999999981653121,0.026531941415712412,0.3033,0.1330049261083744,0.013339466421343146,0.006439742410303588,0.9180841539838854,0.8199731303179579,0.44181232750689975
J_ff_only__softimpute__13_fsmvn__post1,J_ff_only,softimpute,13_fsmvn,True,medium,False,False,False,False,False,7.0,14.0,0.5,0.38866996743778376,0.5647003156748871,0.6039714285714286,0.8864772216717265,0.9916293876432124,-0.03954790137954134,0.3395,0.30407523510971785,0.2690892364305428,0.4034038638454462,0.5931065353625783,0.2400358262427228,0.5223091076356946
A_confirmed_bad__knn__03_limma__post0,A_confirmed_bad,knn,03_limma,False,low,False,False,True,False,False,11.0,21.0,0.47619047619047616,0.38861145976049444,0.4688400464912575,0.6306181818181819,0.9153232139533518,0.9950191674022404,-0.014324793121967883,0.1528,0.08240035826242723,0.36798528058877644,0.5717571297148114,0.7153088630259624,0.3927451858486341,0.2014719411223551
E2_iterative_r2__knn__21_harmonizr__post0,E2_iterative_r2,knn,21_harmonizr,False,medium,False,False,False,False,False,11.0,19.0,0.42105263157894735,0.38861077651463566,0.6388581296480536,0.5849818181818182,0.9122942371622476,0.9990022119049224,-0.017142480041452135,0.0424,0.3927451858486341,0.22125114995400183,0.5528978840846366,0.7752909579230081,0.3690103000447828,0.02046918123275069
I_rare_batches_removed__knn__16_fsqn_r__post0,I_rare_batches_removed,knn,16_fsqn_r,False,high,False,False,False,False,False,9.0,15.0,0.4,0.3882557403190588,0.5513666636542457,0.599488888888889,0.8593619637712707,0.9928548899460214,-0.008469161924666513,0.3059,0.2794446932377967,0.25712971481140756,0.2732290708371665,0.6298119964189794,0.44603672189879084,0.4438822447102116
H_affymetrix_extended__strict__13_fsmvn__post0,H_affymetrix_extended,strict,13_fsmvn,False,medium,False,False,False,False,False,6.0,12.0,0.5,0.3879418862416491,0.4271942845713945,0.5298833333333334,0.8308986307778632,0.9999999957571076,0.005076632212376753,0.2416,0.04209583519928348,0.11683532658693652,0.17479300827966882,0.9263652641002685,0.7308553515450067,0.33670653173873044
I_rare_batches_removed__knn__07_pycombat__post0,I_rare_batches_removed,knn,07_pycombat,False,medium,False,False,False,False,False,9.0,15.0,0.4,0.38785889658923534,0.5385367818687441,0.5280222222222223,0.8831850503213705,0.9951349089897744,0.01008379361112366,0.1188,0.24182713837886252,0.11361545538178473,0.3850045998160074,0.7220232766338407,0.7572772055530677,0.10740570377184913
S0_no_removal__knn__07_pycombat__post0,S0_no_removal,knn,07_pycombat,False,medium,False,False,False,False,False,11.0,24.0,0.5416666666666667,0.3878503761250272,0.5091760933371717,0.5630909090909091,0.893482107774317,0.9952425841241064,0.004558759782300914,0.1171,0.16077026421854007,0.1688132474701012,0.44434222631094755,0.7273948075201433,0.7245857590685177,0.10119595216191353
D_malignant_only__knn__13_fsmvn__post1,D_malignant_only,knn,13_fsmvn,True,medium,False,False,False,False,False,9.0,17.0,0.47058823529411764,0.38755852707016697,0.5346613162260714,0.5906333333333333,0.8990631317692086,0.9999992890255196,-0.03240230888205564,0.1667,0.22973578145991938,0.23367065317387303,0.47470101195952163,0.8813786929274844,0.2754142409314823,0.23045078196872126
F_microarray_only__strict__11_harmony__post0,F_microarray_only,strict,11_harmony,False,medium,False,False,False,False,False,6.0,18.0,0.6666666666666667,0.38754864918136067,0.5370276738034421,0.6655666666666668,0.7353440449862114,0.584252177471006,0.004208684782981864,0.4632,0.23824451410658307,0.46642134314627415,0.05841766329346826,0.09444941808415398,0.7218987908643081,0.7458601655933763
D_malignant_only__knn__20_shambhala__post0,D_malignant_only,knn,20_shambhala,False,high,False,False,False,False,False,10.0,18.0,0.4444444444444444,0.3874551880050828,0.6289506299418028,0.67767,0.88928641708002,0.8577046685685591,-0.02918378253547549,0.3125,0.38289296909986564,0.5091996320147194,0.41490340386384544,0.26499552372426144,0.2973578145991939,0.45538178472861085
K_ffpe_only__knn__07_pycombat__post1,K_ffpe_only,knn,07_pycombat,True,medium,False,False,False,True,False,2.0,7.0,0.7142857142857143,0.3872248024469296,0.5086164115139143,0.4928,0.8357243887654071,0.9999933046698936,0.04527636227767934,0.1547,0.1580832960143305,0.07313707451701931,0.18261269549218032,0.8316920322291853,0.8696820420958352,0.2081416743330267
D_malignant_only__strict__20_shambhala__post0,D_malignant_only,strict,20_shambhala,False,high,False,False,False,False,False,10.0,18.0,0.4444444444444444,0.38677097070437844,0.6338136378324921,0.69577,0.8787594982539552,0.852122523918082,-0.025330729159181442,0.3125,0.3860277653381102,0.5676172953081877,0.3532658693652254,0.2421665174574754,0.316166592028661,0.45538178472861085
J_ff_only__softimpute__21_harmonizr__post1,J_ff_only,softimpute,21_harmonizr,True,medium,False,False,False,False,False,6.0,14.0,0.5714285714285714,0.38676688999355235,0.5185515331583931,0.5899,0.8639637925401354,0.9999941025114224,-0.035090024273597864,0.3354,0.18495297805642633,0.23091076356945722,0.2911683532658694,0.8361683079677709,0.26153157187639947,0.515869365225391
B_extended_bad__strict__28_npn__post1,B_extended_bad,strict,28_npn,True,high,False,False,True,False,False,9.0,15.0,0.4,0.386602114479439,0.5454758777754234,0.6247222222222223,0.8392385092497638,0.993991982130808,-0.01209194792784185,0.312,0.26332288401253917,0.3463661453541858,0.19043238270469182,0.6535362578334826,0.41379310344827586,0.4521619135234591
E2_iterative_r2__strict__28_npn__post0,E2_iterative_r2,strict,28_npn,False,high,False,False,False,False,False,11.0,19.0,0.42105263157894735,0.38651285851014555,0.5297861609340975,0.622909090909091,0.8546343483132993,0.994426320552347,-0.021408052096315893,0.325,0.21674876847290642,0.33670653173873044,0.25206991720331184,0.6821844225604298,0.3407971339005822,0.4905703771849126
E1_iterative_r1__strict__28_npn__post0,E1_iterative_r1,strict,28_npn,False,high,False,False,False,False,False,11.0,20.0,0.44999999999999996,0.3864433200982518,0.5351618001360512,0.6192909090909091,0.8542623506680845,0.9945375977462978,-0.022298656386542128,0.3266,0.23197492163009403,0.3206071757129715,0.24977000919963202,0.6911369740376008,0.3318405732198836,0.49333026678932845
E3_iterative_r3__strict__26_xpn__post1,E3_iterative_r3,strict,26_xpn,True,high,False,False,False,False,False,9.0,17.0,0.47058823529411764,0.38626448231198607,0.541516472884308,0.6576222222222222,0.7946480739032671,0.9910870164702428,-0.015103685623468976,0.3496,0.2489923869234214,0.4457221711131555,0.11913523459061638,0.5819158460161146,0.3891625615763547,0.5326586936522539
G_affymetrix_only__softimpute__06_combat_seq__post0,G_affymetrix_only,softimpute,06_combat_seq,False,medium,False,False,False,True,False,2.0,3.0,0.33333333333333337,0.386099690369482,0.6768132577042971,0.51525,0.8025620068635709,0.83057422922191,0.05472431078624923,0.3814,0.4482758620689655,0.09199632014719411,0.1264949402023919,0.19964189794091317,0.8862516793551276,0.5639374425022999
A_confirmed_bad__strict__02_median_scaling__post1,A_confirmed_bad,strict,02_median_scaling,True,low,False,False,True,False,False,10.0,20.0,0.5,0.3860779452351603,0.4386208425159251,0.56906,0.879839929235227,0.9945646646310154,0.005991580927771967,0.2117,0.05105239587998209,0.18215271389144433,0.359245630174793,0.6933751119068935,0.735333631885356,0.2953081876724931
J_ff_only__knn__13_fsmvn__post0,J_ff_only,knn,13_fsmvn,False,medium,False,False,False,False,False,7.0,15.0,0.5333333333333333,0.3860234191912088,0.5434327816447708,0.6174285714285714,0.88426524507669,0.9918812844845444,-0.03956738850081076,0.3354,0.25705329153605017,0.3141674333026679,0.39098436062557496,0.5984780662488809,0.23958799820868787,0.515869365225391
J_ff_only__strict__21_harmonizr__post1,J_ff_only,strict,21_harmonizr,True,medium,False,False,False,False,False,6.0,14.0,0.5714285714285714,0.3857546221499204,0.5168690776762495,0.5929833333333333,0.8618771865044067,0.9999940551824464,-0.03833256173299193,0.3476,0.18092252575011195,0.24103035878564857,0.2842686292548298,0.8348254252461952,0.24496193461710702,0.5285188592456301
S0_no_removal__strict__21_harmonizr__post1,S0_no_removal,strict,21_harmonizr,True,medium,False,False,False,False,False,11.0,23.0,0.5217391304347826,0.385450968258988,0.429439429750697,0.573509090909091,0.881512940457689,0.9999964436673722,0.010822735318976373,0.1154,0.04433497536945813,0.19503219871205152,0.37442502299908004,0.8581020590868398,0.7639946260635916,0.07681692732290708
C_rnaseq_only__knn__16_fsqn_r__post1,C_rnaseq_only,knn,16_fsqn_r,True,high,False,False,False,True,False,4.0,5.0,0.19999999999999996,0.38544518993754223,0.522345550757877,0.48765,0.9095242258970974,0.9845561510441844,0.0007130518305629163,0.2014,0.1961486789072996,0.06761729530818768,0.5358785648574057,0.5613249776186213,0.6695029108822212,0.2821987120515179
E3_iterative_r3__knn__28_npn__post0,E3_iterative_r3,knn,28_npn,False,high,False,False,False,False,False,10.0,18.0,0.4444444444444444,0.38539858436038954,0.5047260838565522,0.62682,0.8697500318822448,0.9950719957965526,-0.018529267025982177,0.2861,0.1495745633676668,0.3546458141674333,0.3141674333026679,0.7197851387645479,0.3618450515002239,0.4123735050597976
E2_iterative_r2__knn__21_harmonizr__post1,E2_iterative_r2,knn,21_harmonizr,True,medium,False,False,False,False,False,10.0,18.0,0.4444444444444444,0.3849702121974707,0.6568233200399003,0.55797,0.9067409750551738,0.9989804802622752,-0.012166005664324908,0.0485,0.419167039856695,0.15961361545538177,0.5216191352345906,0.7730528200537153,0.4124496193461711,0.02391904323827047
C_rnaseq_only__softimpute__03_limma__post0,C_rnaseq_only,softimpute,03_limma,False,low,False,False,False,False,False,5.0,6.0,0.16666666666666663,0.38491217876125644,0.5061265325449072,0.48948,0.8856943082532868,0.985375513836534,0.025602025771764736,0.222,0.15181370353784146,0.06853725850965961,0.39742410303587855,0.5671441360787824,0.8172861621137483,0.30726770929162833
D_malignant_only__knn__09_ruv__post0,D_malignant_only,knn,09_ruv,False,medium,False,False,False,False,False,10.0,18.0,0.4444444444444444,0.38454659775182914,0.5611151169272715,0.66612,0.9254149068204304,0.7369453638882939,-0.017300130318829154,0.2759,0.2987012987012987,0.468721251149954,0.6278748850045999,0.15264100268576544,0.367666815942678,0.3916743330266789
D_malignant_only__strict__10_mnn__post1,D_malignant_only,strict,10_mnn,True,medium,False,False,False,False,False,9.0,17.0,0.47058823529411764,0.38437506880137806,0.6477342415639995,0.7048333333333333,0.901299853424728,0.0359133390847905,-0.02813790435807695,0.3103,0.4039408866995074,0.6030358785648574,0.48758049678012877,0.05819158460161146,0.303179579041648,0.4503219871205152
B_extended_bad__knn__13_fsmvn__post0,B_extended_bad,knn,13_fsmvn,False,medium,False,False,True,False,False,10.0,16.0,0.375,0.3843712599811868,0.5272537583475609,0.66866,0.8827448371243496,0.993914133513076,-0.02042548585721582,0.1739,0.20824003582624273,0.4770009199632015,0.3822447102115915,0.6508504923903312,0.34617107030900135,0.24172033118675254
G_affymetrix_only__knn__06_combat_seq__post0,G_affymetrix_only,knn,06_combat_seq,False,medium,False,False,False,True,False,2.0,3.0,0.33333333333333337,0.3843000419853358,0.6766855046051656,0.51505,0.8019724150847843,0.8335444624153008,0.04780574593561826,0.381,0.4478280340349306,0.09107635694572216,0.12603495860165592,0.20277529095792302,0.8746081504702194,0.5634774609015639
J_ff_only__softimpute__13_fsmvn__post0,J_ff_only,softimpute,13_fsmvn,False,medium,False,False,False,False,False,7.0,15.0,0.5333333333333333,0.3842238835928058,0.5436329642599661,0.6178571428571429,0.8820489776903816,0.9918804338456232,-0.039583135810773884,0.3354,0.2575011195700851,0.31577736890524377,0.37902483900643974,0.5980304386750224,0.23914017017465294,0.515869365225391
K_ffpe_only__strict__25_angel__post0,K_ffpe_only,strict,25_angel,False,high,False,False,False,True,False,3.0,8.0,0.625,0.3837178166831487,0.589638517137473,0.5579,0.8594154361288032,0.9389722651484418,0.06489191637319774,0.125,0.3407971339005822,0.15915363385464582,0.2736890524379025,0.4923903312444047,0.9005821764442454,0.13569457221711131
I_rare_batches_removed__strict__07_pycombat__post0,I_rare_batches_removed,strict,07_pycombat,False,medium,False,False,False,False,False,9.0,15.0,0.4,0.38368526959762056,0.5777411604025591,0.6072000000000001,0.8358384334525037,0.995229147468019,-0.001359700799988317,0.1907,0.3246753246753247,0.2801287948482061,0.18307267709291627,0.7256042972247091,0.5172413793103449,0.27138914443422263
A_confirmed_bad__softimpute__07_pycombat__post0,A_confirmed_bad,softimpute,07_pycombat,False,medium,False,False,True,False,False,11.0,21.0,0.47619047619047616,0.38324927507634365,0.5183166788228796,0.7014363636363636,0.9104568649126418,0.9950980325764042,-0.1632797515753613,0.169,0.18405732198835648,0.5855565777368905,0.5436982520699172,0.7202327663384065,0.03090013434841021,0.23505059797608097
E1_iterative_r1__knn__07_pycombat__post0,E1_iterative_r1,knn,07_pycombat,False,medium,False,False,False,False,False,11.0,20.0,0.44999999999999996,0.38253677159072325,0.4856069480111894,0.6408909090909091,0.9006216944587209,0.9950249333794908,-0.01742433663597398,0.1642,0.11240483654276757,0.3951241950321987,0.48298068077276907,0.7157564905998209,0.3663233318405732,0.22263109475620976
E2_iterative_r2__knn__07_pycombat__post1,E2_iterative_r2,knn,07_pycombat,True,medium,False,False,False,False,False,10.0,18.0,0.4444444444444444,0.38246761750174346,0.4889087333510351,0.6318699999999999,0.8931803834804024,0.994931469212938,-0.01190343756496759,0.1714,0.11688311688311688,0.3739650413983441,0.43882244710211593,0.7112802148612355,0.4155844155844156,0.23827046918123276
I_rare_batches_removed__strict__07_pycombat__post1,I_rare_batches_removed,strict,07_pycombat,True,medium,False,False,False,False,False,9.0,14.0,0.3571428571428571,0.3818550542177521,0.5945115942156056,0.5854222222222223,0.8278919801889305,0.9950076525304958,0.0011540132430430394,0.1277,0.3466188983430363,0.22171113155473782,0.16651333946642136,0.7148612354521039,0.6820420958351993,0.1593836246550138
E1_iterative_r1__knn__21_harmonizr__post1,E1_iterative_r1,knn,21_harmonizr,True,medium,False,False,False,False,False,10.0,19.0,0.4736842105263158,0.3817968962546436,0.6719315545562085,0.5548599999999999,0.9064431991963632,0.99898090456753,-0.01607697447275136,0.0516,0.44245409762651144,0.15225390984360626,0.5197792088316467,0.7735004476275739,0.37841468875951634,0.02437902483900644
A_confirmed_bad__strict__11_harmony__post0,A_confirmed_bad,strict,11_harmony,False,medium,False,False,True,False,False,11.0,21.0,0.47619047619047616,0.3816997010849606,0.6717565379054837,0.5720545454545455,0.9347873859651972,0.5960209157381415,0.0070328923924164455,0.1188,0.44200626959247646,0.19181232750689972,0.7111315547378105,0.09803043867502238,0.7398119122257053,0.10740570377184913
E3_iterative_r3__softimpute__25_angel__post1,E3_iterative_r3,softimpute,25_angel,True,high,False,False,False,False,False,10.0,17.0,0.4117647058823529,0.3814511792135405,0.7858810938565653,0.71792,0.8893342212333789,0.8768913994236961,-0.17493527652751095,0.1277,0.7183161665920287,0.6540938362465502,0.4153633854645814,0.3187108325872874,0.02283922973578146,0.1593836246550138
S0_no_removal__knn__05_combat__post1,S0_no_removal,knn,05_combat,True,medium,False,False,False,False,False,11.0,23.0,0.5217391304347826,0.3814241940065631,0.808758135186161,0.6273818181818182,0.7422669509891826,0.9581705642367722,-0.01902551359881327,0.1575,0.780564263322884,0.3574057037718491,0.06991720331186753,0.5102954341987467,0.35647111509180474,0.21389144434222632
E2_iterative_r2__knn__11_harmony__post1,E2_iterative_r2,knn,11_harmony,True,medium,False,False,False,False,False,10.0,18.0,0.4444444444444444,0.38134860951658034,0.7478909938010417,0.61124,0.90208691742555,0.5514180409931627,0.011975070630215301,0.1005,0.5987460815047022,0.29300827966881327,0.4944802207911684,0.08415398388540735,0.768025078369906,0.04967801287948482
D_malignant_only__knn__16_fsqn_r__post1,D_malignant_only,knn,16_fsqn_r,True,high,False,False,False,False,False,10.0,17.0,0.4117647058823529,0.38115629733022055,0.5709576115284467,0.60292,0.8743847252654436,0.9985260094319506,-0.02745074933247771,0.2222,0.3148231079265562,0.2644894204231831,0.33394664213431463,0.7587287376902417,0.30676220331392745,0.30818767249310025
G_affymetrix_only__knn__08_inmoose_combatseq__post0,G_affymetrix_only,knn,08_inmoose_combatseq,False,medium,False,False,False,True,False,2.0,3.0,0.33333333333333337,0.3811106215169955,0.6739161449512868,0.5109,0.8019446002205209,0.8323036177506068,0.04591624932924826,0.3727,0.445141065830721,0.08739650413983441,0.12557497700091996,0.20188003581020592,0.8714733542319749,0.5551977920883164
C_rnaseq_only__softimpute__09_ruv__post0,C_rnaseq_only,softimpute,09_ruv,False,medium,False,False,False,False,False,5.0,6.0,0.16666666666666663,0.38064600920012426,0.6840186401877609,0.6358,0.9464098920006648,0.7907810373159445,-0.056217444498676605,0.1962,0.45902373488580384,0.3831646734130635,0.8330266789328427,0.17054610564010744,0.16166592028660995,0.2764489420423183
K_ffpe_only__softimpute__02_median_scaling__post0,K_ffpe_only,softimpute,02_median_scaling,False,low,False,False,False,True,False,3.0,8.0,0.625,0.3803230493529041,0.4575414866514411,0.4498333333333333,0.6795733521080626,0.9999999924058042,0.08776571452529458,0.1968,0.06896551724137931,0.042778288868445265,0.02621895124195032,0.9216651745747538,0.9440214957456337,0.2782888684452622
C_rnaseq_only__softimpute__17_quantile__post1,C_rnaseq_only,softimpute,17_quantile,True,high,False,False,False,True,False,4.0,5.0,0.19999999999999996,0.38004665799985543,0.7088599678226262,0.6548,0.8114336136497453,0.7429090364765084,-0.07836364208357416,0.5561,0.5011195700850873,0.4392824287028519,0.13845446182152715,0.1546553267681289,0.0987460815047022,0.9480220791168353
C_rnaseq_only__softimpute__09_ruv__post1,C_rnaseq_only,softimpute,09_ruv,True,medium,False,False,False,True,False,4.0,5.0,0.19999999999999996,0.3799422334469118,0.673032867436711,0.61,0.9160492801326278,0.7861577876382685,-0.05598526271750082,0.4214,0.44424540976265114,0.2911683532658694,0.5740570377184913,0.16965085049239034,0.16345723242274968,0.6370745170193193
K_ffpe_only__knn__01_raw__post1,K_ffpe_only,knn,01_raw,True,low,False,False,False,True,True,3.0,7.0,0.5714285714285714,0.3795656063348813,0.5485767284879383,0.45949999999999996,0.7459064874448192,1.0,0.013842447168766814,0.125,0.27004030452306316,0.04967801287948482,0.07543698252069918,0.9677708146821844,0.7787729511867443,0.13569457221711131
E3_iterative_r3__knn__03_limma__post0,E3_iterative_r3,knn,03_limma,False,low,False,False,False,False,False,10.0,18.0,0.4444444444444444,0.37951571358888864,0.4551756679756754,0.6173,0.914064204717102,0.9947975366081306,-0.012890981023294334,0.1644,0.06493506493506493,0.31278748850046,0.5634774609015639,0.7054610564010743,0.4057321988356471,0.2247010119595216
B_extended_bad__knn__07_pycombat__post1,B_extended_bad,knn,07_pycombat,True,medium,False,False,True,False,False,9.0,15.0,0.4,0.3793751369406259,0.4471990009174774,0.6399111111111111,0.893793713232228,0.994394537836206,-0.013518032193662433,0.2126,0.057769816390506046,0.3937442502299908,0.4466421343146274,0.6786034019695614,0.40349305866547247,0.2959981600735971
E3_iterative_r3__strict__28_npn__post0,E3_iterative_r3,strict,28_npn,False,high,False,False,False,False,False,10.0,18.0,0.4444444444444444,0.37887634345891397,0.5229515834693202,0.6237199999999999,0.8592513929868544,0.994308504814482,-0.022332184353467677,0.3151,0.1974921630094044,0.3403863845446182,0.2704691812327507,0.6705461056401074,0.33139274518584866,0.46297148114075437
B_extended_bad__knn__12_scanorama__post0,B_extended_bad,knn,12_scanorama,False,medium,False,False,True,False,False,10.0,16.0,0.375,0.3788227670189764,0.72237067944669,0.6885,0.8789754905004181,-0.0846412058305791,-0.045081469295469856,0.4186,0.5315718763994626,0.5390984360625575,0.3546458141674333,0.011638316920322292,0.20465741155396328,0.6313247470101196
B_extended_bad__knn__28_npn__post0,B_extended_bad,knn,28_npn,False,high,False,False,True,False,False,10.0,16.0,0.375,0.3785920713192394,0.5238956890145507,0.65775,0.8592935818674972,0.99475376521648,-0.01619487252983917,0.1958,0.20017913121361397,0.44618215271389144,0.27138914443422263,0.702775290957923,0.3757277205553068,0.27529898804047837
B_extended_bad__softimpute__02_median_scaling__post0,B_extended_bad,softimpute,02_median_scaling,False,low,False,False,True,False,False,10.0,16.0,0.375,0.3783899428082765,0.4062997847449919,0.53704,0.8810416020477292,0.9933399489688398,0.06720208127837218,0.1538,0.027317510076130765,0.12373505059797608,0.37120515179392827,0.6369740376007162,0.9059561128526645,0.20515179392824287
K_ffpe_only__knn__02_median_scaling__post0,K_ffpe_only,knn,02_median_scaling,False,low,False,False,False,True,False,3.0,8.0,0.625,0.3780114801424688,0.4569613640071702,0.4497333333333333,0.6808381823892766,0.999998400713159,0.07561199940044755,0.2364,0.06762203313927452,0.04231830726770929,0.027138914443422264,0.8773500447627574,0.9252127183161666,0.32842686292548295
J_ff_only__knn__28_npn__post0,J_ff_only,knn,28_npn,False,high,False,False,False,False,False,7.0,15.0,0.5333333333333333,0.3779670508122586,0.5334666586507054,0.6092714285714286,0.8672013493904543,0.992295378851307,-0.023728039773362852,0.3345,0.22660098522167488,0.28656853725850967,0.30358785648574055,0.61727842435094,0.32019704433497537,0.5135694572217111
D_malignant_only__knn__16_fsqn_r__post0,D_malignant_only,knn,16_fsqn_r,False,high,False,False,False,False,False,10.0,18.0,0.4444444444444444,0.3779528730495953,0.5561537324273292,0.60257,0.8747758331314803,0.9985444866277736,-0.026866584668370552,0.2222,0.29064039408866993,0.26356945722171116,0.3362465501379945,0.7596239928379588,0.30944917151813706,0.30818767249310025
E1_iterative_r1__strict__26_xpn__post0,E1_iterative_r1,strict,26_xpn,False,high,False,False,False,False,False,11.0,20.0,0.44999999999999996,0.37785855844224,0.546917251898472,0.6426909090909091,0.8303682126424203,0.9916149355514816,-0.01454042351017093,0.3085,0.2660098522167488,0.4006439742410304,0.17203311867525298,0.5908683974932856,0.3909538737124944,0.4466421343146274
G_affymetrix_only__strict__05_combat__post0,G_affymetrix_only,strict,05_combat,False,medium,False,False,False,True,False,2.0,3.0,0.33333333333333337,0.37696398045465407,0.5691812303516967,0.42685,0.7758782931557157,0.913729552825186,0.019969326986308877,0.401,0.3121361397223466,0.02667893284268629,0.09797608095676173,0.42256042972247093,0.8069861173309449,0.5954461821527139
F_microarray_only__strict__11_harmony__post1,F_microarray_only,strict,11_harmony,True,medium,False,False,False,False,False,6.0,17.0,0.6470588235294117,0.37663613581217453,0.5876015670868732,0.6391333333333333,0.660719947152402,0.5836062550424492,0.0063083313785323725,0.4435,0.3381101656963726,0.39144434222631097,0.021159153633854646,0.09400179051029543,0.7384684281236006,0.6766329346826127
S0_no_removal__knn__03_limma__post0,S0_no_removal,knn,03_limma,False,low,False,False,False,False,False,11.0,24.0,0.5416666666666667,0.37652798149202543,0.4285347560041558,0.5717909090909091,0.8954201877584576,0.9951561982540164,0.012850470249175627,0.1154,0.043439319301388266,0.18997240110395583,0.45262189512419504,0.7233661593554163,0.7729511867442902,0.07681692732290708
I_rare_batches_removed__strict__16_fsqn_r__post0,I_rare_batches_removed,strict,16_fsqn_r,False,high,False,False,False,False,False,9.0,15.0,0.4,0.3763825632479479,0.5498004392132942,0.5951333333333334,0.8458288645406453,0.9921982945215516,-0.008274014402224361,0.3131,0.2749664128974474,0.24655013799448022,0.21527138914443422,0.6128021486123545,0.44872369010300045,0.45998160073597055
F_microarray_only__strict__12_scanorama__post0,F_microarray_only,strict,12_scanorama,False,medium,False,False,False,False,False,6.0,18.0,0.6666666666666667,0.3763343450144729,0.5494124790944617,0.7098166666666667,0.8826654179823672,0.0310029478158605,-0.013832464547261059,0.3442,0.27317510076130763,0.6191352345906164,0.38178472861085555,0.05505819158460161,0.4012539184952978,0.5275988960441582
E3_iterative_r3__knn__21_harmonizr__post0,E3_iterative_r3,knn,21_harmonizr,False,medium,False,False,False,False,False,10.0,18.0,0.4444444444444444,0.3763176957548741,0.6622056795093187,0.54172,0.9068459995100794,0.998980431669669,-0.01583926900846433,0.0415,0.4299149126735334,0.13017479300827967,0.5225390984360626,0.7726051924798567,0.38289296909986564,0.019779208831646734
A_confirmed_bad__knn__28_npn__post0,A_confirmed_bad,knn,28_npn,False,high,False,False,True,False,False,11.0,21.0,0.47619047619047616,0.37629753827314066,0.4993764030559217,0.6155909090909091,0.8721084214924033,0.9953347676023456,-0.020891265381612636,0.2886,0.1374832064487237,0.3091076356945722,0.3247470101195952,0.7287376902417189,0.3430362740707568,0.41467341306347744
I_rare_batches_removed__softimpute__31_ruv3prps__post0,I_rare_batches_removed,softimpute,31_ruv3prps,False,medium,False,False,False,False,False,9.0,15.0,0.4,0.3761150145338343,0.7269568854244698,0.6922333333333334,0.9162415513115104,0.7211286485572617,-0.012864899755713123,0.0718,0.5454545454545454,0.5533578656853726,0.5745170193192273,0.1468218442256043,0.406180026869682,0.03035878564857406
G_affymetrix_only__knn__19_tdm__post0,G_affymetrix_only,knn,19_tdm,False,high,False,False,False,True,False,2.0,3.0,0.33333333333333337,0.3760929192857638,0.6527276486110356,0.50335,0.7262479370241194,0.9698944177908329,-0.013838580280998602,0.4757,0.41379310344827586,0.08049678012879485,0.05519779208831647,0.5205908683974932,0.399910434393193,0.7865685372585096
I_rare_batches_removed__strict__16_fsqn_r__post1,I_rare_batches_removed,strict,16_fsqn_r,True,high,False,False,False,False,False,9.0,14.0,0.3571428571428571,0.3756688433852222,0.5653096531100648,0.5975222222222222,0.8457533283223705,0.9919314653847594,-0.008039790152717885,0.2978,0.3063143752798925,0.2516099356025759,0.21435142594296228,0.6011638316920322,0.45141065830721006,0.4291628334866605
B_extended_bad__strict__03_limma__post0,B_extended_bad,strict,03_limma,False,low,False,False,True,False,False,10.0,16.0,0.375,0.37558355106870794,0.5084526731417021,0.65305,0.8920397731251362,0.9939935611313618,-0.004699039814536343,0.1184,0.15718763994626064,0.43422263109475623,0.43146274149034036,0.6539838854073411,0.47245857590685175,0.10418583256669733
S0_no_removal__knn__03_limma__post1,S0_no_removal,knn,03_limma,True,low,False,False,False,False,False,11.0,23.0,0.5217391304347826,0.37494502170657973,0.4536768466907196,0.5780272727272727,0.8947772464149892,0.9950647414823978,0.00580574915587595,0.1154,0.06314375279892522,0.20561177552897883,0.4503219871205152,0.7188898836168308,0.7348858038513211,0.07681692732290708
E2_iterative_r2__strict__26_xpn__post0,E2_iterative_r2,strict,26_xpn,False,high,False,False,False,False,False,11.0,19.0,0.42105263157894735,0.3748226322242918,0.5447043385748926,0.642190909090909,0.8307929559241505,0.9914517366191068,-0.014481025626934763,0.3003,0.26153157187639947,0.39926402943882244,0.1734130634774609,0.5877350044762757,0.39184952978056425,0.43514259429622815
E3_iterative_r3__knn__13_fsmvn__post1,E3_iterative_r3,knn,13_fsmvn,True,medium,False,False,False,False,False,10.0,17.0,0.4117647058823529,0.37461443017262613,0.500805092611574,0.63087,0.8816047953435234,0.9942445469931408,-0.018598035424590265,0.2401,0.1406180026869682,0.3702851885924563,0.37626494940202393,0.6651745747538048,0.36139722346618897,0.33394664213431463
J_ff_only__strict__13_fsmvn__post0,J_ff_only,strict,13_fsmvn,False,medium,False,False,False,False,False,7.0,15.0,0.5333333333333333,0.3746099062179786,0.5391284427178871,0.6173000000000001,0.8809395606377988,0.9916636672859094,-0.0449298429993612,0.3395,0.24272279444693237,0.31324747010119597,0.36982520699172033,0.5940017905102954,0.20555306762203313,0.5223091076356946
G_affymetrix_only__strict__21_harmonizr__post0,G_affymetrix_only,strict,21_harmonizr,False,medium,False,False,False,True,False,2.0,3.0,0.33333333333333337,0.3743929317437644,0.4959492857855812,0.3523,0.6229229656682667,0.999999997750786,0.0038967532997741805,0.3036,0.12942230183609493,0.013799448022079117,0.010579576816927323,0.9294986571172784,0.7205553067622034,0.44250229990800366
C_rnaseq_only__softimpute__02_median_scaling__post0,C_rnaseq_only,softimpute,02_median_scaling,False,low,False,False,False,False,False,5.0,6.0,0.16666666666666663,0.37422719591414194,0.4862410738539615,0.4995,0.8213444525079878,0.9848221176059826,0.06277308664243053,0.3013,0.1141961486789073,0.07635694572217111,0.15547378104875806,0.5640107430617726,0.8983430362740707,0.43698252069917204
E2_iterative_r2__strict__02_median_scaling__post0,E2_iterative_r2,strict,02_median_scaling,False,low,False,False,False,False,False,11.0,19.0,0.42105263157894735,0.3740606115404656,0.4665664774263389,0.584709090909091,0.890392801263629,0.9941381484322817,-0.002810091447518759,0.2589,0.07792207792207792,0.22079116835326587,0.42226310947562096,0.6615935541629364,0.4993282579489476,0.3624655013799448
I_rare_batches_removed__knn__03_limma__post1,I_rare_batches_removed,knn,03_limma,True,low,False,False,False,False,False,8.0,14.0,0.4285714285714286,0.37393711064450424,0.5349994325239026,0.502425,0.8802422851604197,0.9940325672750756,0.031720540360254734,0.1154,0.23107926556202418,0.07957681692732291,0.36338546458141674,0.6575649059982095,0.8351992834751455,0.07681692732290708
E2_iterative_r2__strict__16_fsqn_r__post1,E2_iterative_r2,strict,16_fsqn_r,True,high,False,False,False,False,False,10.0,18.0,0.4444444444444444,0.3738691357728087,0.5201313451668499,0.6313,0.8641336864438882,0.9916244870035448,-0.014072442292768605,0.2802,0.1903269144648455,0.3721251149954002,0.29162833486660533,0.5922112802148612,0.3981191222570533,0.3988040478380865
S0_no_removal__strict__12_scanorama__post1,S0_no_removal,strict,12_scanorama,True,medium,False,False,False,False,False,10.0,23.0,0.5652173913043479,0.3738442523087155,0.6218861713211344,0.72619,0.876115966774133,-0.0131465969304382,-0.019257310831617525,0.3192,0.37214509628302733,0.6775528978840847,0.3403863845446182,0.02909579230080573,0.3537841468875952,0.47010119595216193
K_ffpe_only__knn__21_harmonizr__post0,K_ffpe_only,knn,21_harmonizr,False,medium,False,False,False,True,False,3.0,8.0,0.625,0.37383868422149336,0.3670105332826068,0.43683333333333335,0.8714929423585881,0.9999940395684648,0.06624363506449554,0.125,0.013434841021047918,0.034268629254829805,0.3219871205151794,0.8343777976723367,0.903269144648455,0.13569457221711131
J_ff_only__softimpute__28_npn__post0,J_ff_only,softimpute,28_npn,False,high,False,False,False,False,False,7.0,15.0,0.5333333333333333,0.3735950121062954,0.536257788517716,0.6044285714285714,0.8652306553990652,0.9923016450355155,-0.023796039469767744,0.3326,0.2360053739364084,0.2704691812327507,0.296688132474701,0.6177260519247986,0.3193013882669055,0.5013799448022079
A_confirmed_bad__softimpute__21_harmonizr__post0,A_confirmed_bad,softimpute,21_harmonizr,False,medium,False,False,True,False,False,11.0,21.0,0.47619047619047616,0.37343920976689887,0.5501688384573369,0.6095454545454545,0.8896354658102044,0.999997268588903,-0.059272340845412996,0.1787,0.2767577250335871,0.28978840846366144,0.41582336706531736,0.8661593554162936,0.1450962830273175,0.24701011959521618
H_affymetrix_extended__strict__05_combat__post1,H_affymetrix_extended,strict,05_combat,True,medium,False,False,False,False,False,6.0,11.0,0.4545454545454546,0.37316509893266453,0.693028421214885,0.46048333333333336,0.4623438332628687,0.9166862066124706,0.06233094301273301,0.2706,0.4690998656515898,0.05266789328426863,0.0034498620055197792,0.4395702775290958,0.8963278101209136,0.3778748850045998
H_affymetrix_extended__strict__29_combat_ref__post1,H_affymetrix_extended,strict,29_combat_ref,True,medium,False,False,False,False,False,6.0,11.0,0.4545454545454546,0.37309049433702146,0.693028421214885,0.46048333333333336,0.4623438332628687,0.91668579917854,0.06233094301273301,0.2706,0.4690998656515898,0.05266789328426863,0.0034498620055197792,0.43912264995523725,0.8963278101209136,0.3778748850045998
B_extended_bad__knn__16_fsqn_r__post0,B_extended_bad,knn,16_fsqn_r,False,high,False,False,True,False,False,10.0,16.0,0.375,0.3730288431355771,0.508992295695659,0.6476,0.880431616841405,0.9923125617106608,-0.019465609366410064,0.2391,0.1594267801164353,0.4144434222631095,0.36430542778288866,0.6186213070725156,0.35064935064935066,0.33072677092916286
E3_iterative_r3__knn__21_harmonizr__post1,E3_iterative_r3,knn,21_harmonizr,True,medium,False,False,False,False,False,10.0,17.0,0.4117647058823529,0.3728907666763035,0.6479380002491139,0.55415,0.9068266643674092,0.9989577529801396,-0.016846587650993228,0.0362,0.4043887147335423,0.15041398344066237,0.5220791168353266,0.7721575649059982,0.36990595611285265,0.01839926402943882
H_affymetrix_extended__softimpute__12_scanorama__post1,H_affymetrix_extended,softimpute,12_scanorama,True,medium,False,False,False,False,False,6.0,11.0,0.4545454545454546,0.37225899148817704,0.7633140907316576,0.73755,0.8490661192350419,0.0185186959033539,-0.14727405519823555,0.3538,0.6520376175548589,0.7102115915363385,0.22907083716651333,0.049239033124440466,0.05642633228840126,0.5365685372585096
B_extended_bad__knn__26_xpn__post1,B_extended_bad,knn,26_xpn,True,high,False,False,True,False,False,10.0,15.0,0.33333333333333337,0.37179796211265076,0.5768080615702446,0.6224000000000001,0.8551580572066443,0.9918841563283524,-0.012218779606399277,0.2228,0.32243618450515005,0.3344066237350506,0.25390984360625574,0.5989256938227395,0.41200179131213616,0.3091076356945722
E2_iterative_r2__knn__13_fsmvn__post1,E2_iterative_r2,knn,13_fsmvn,True,medium,False,False,False,False,False,11.0,18.0,0.38888888888888884,0.37137525119776277,0.50173004097629,0.6281727272727273,0.8801668554620314,0.9943655879494118,-0.016846388556501113,0.2284,0.14240931482310792,0.36016559337626497,0.3620055197792088,0.6754700089525515,0.3703537841468876,0.31784728610855567
B_extended_bad__knn__21_harmonizr__post0,B_extended_bad,knn,21_harmonizr,False,medium,False,False,True,False,False,10.0,16.0,0.375,0.3710151106904315,0.6416777092566128,0.55146,0.8950577777790768,0.9990140249690708,-0.01024974564220038,0.0452,0.3954321540528437,0.1485740570377185,0.45078196872125115,0.7770814682184423,0.43260188087774293,0.021619135234590615
E2_iterative_r2__softimpute__21_harmonizr__post0,E2_iterative_r2,softimpute,21_harmonizr,False,medium,False,False,False,False,False,11.0,19.0,0.42105263157894735,0.37099842030606794,0.5209072751693891,0.6194545454545455,0.888575759011257,0.99999781205049,-0.0541642496770266,0.1837,0.1930138826690551,0.32106715731370744,0.41122355105795766,0.8746642793196061,0.16659202866099418,0.2594296228150874
E3_iterative_r3__strict__26_xpn__post0,E3_iterative_r3,strict,26_xpn,False,high,False,False,False,False,False,10.0,18.0,0.4444444444444444,0.37080647186487187,0.541987183139447,0.64446,0.8301261954147792,0.99127866123367,-0.015443326344731223,0.2974,0.2507836990595611,0.4052437902483901,0.17111315547378106,0.5841539838854073,0.38737124944021495,0.42617295308187675
A_confirmed_bad__knn__12_scanorama__post1,A_confirmed_bad,knn,12_scanorama,True,medium,False,False,True,False,False,11.0,20.0,0.44999999999999996,0.37079495734566503,0.7028552249047404,0.6834363636363636,0.9401212768305626,0.1010646377233906,-0.04741689402981253,0.1396,0.4876847290640394,0.5257589696412144,0.7704691812327507,0.0693822739480752,0.19346171070309,0.1780128794848206
E2_iterative_r2__knn__28_npn__post0,E2_iterative_r2,knn,28_npn,False,high,False,False,False,False,False,11.0,19.0,0.42105263157894735,0.37066852315977233,0.502400902214409,0.6132636363636363,0.8715582548189877,0.9951740499080906,-0.01651645694300639,0.2559,0.14330497089117777,0.30266789328426863,0.3233670653173873,0.7247090420769919,0.37393640841916703,0.3560257589696412
H_affymetrix_extended__strict__05_combat__post0,H_affymetrix_extended,strict,05_combat,False,medium,False,False,False,False,False,6.0,12.0,0.5,0.3703293516874553,0.7141578776789279,0.4519666666666667,0.4467325123864153,0.9088279875879736,0.06836951772067668,0.2525,0.5147783251231527,0.04576816927322907,0.002529898804047838,0.39749328558639213,0.9102104791759964,0.3511959521619135
J_ff_only__knn__16_fsqn_r__post1,J_ff_only,knn,16_fsqn_r,True,high,False,False,False,False,False,6.0,14.0,0.5714285714285714,0.3703001099972137,0.5421994341079931,0.5981166666666667,0.8554120587119364,0.989847117510574,-0.02672894465251341,0.3871,0.2512315270935961,0.2543698252069917,0.2543698252069917,0.5769919427036705,0.31124048365427676,0.5735970561177552
H_affymetrix_extended__strict__29_combat_ref__post0,H_affymetrix_extended,strict,29_combat_ref,False,medium,False,False,False,False,False,6.0,12.0,0.5,0.3702547470918122,0.7141578776789279,0.4519666666666667,0.4467325123864153,0.9088275925058128,0.06836951772067668,0.2525,0.5147783251231527,0.04576816927322907,0.002529898804047838,0.39704565801253355,0.9102104791759964,0.3511959521619135
F_microarray_only__strict__28_npn__post1,F_microarray_only,strict,28_npn,True,high,False,False,False,False,False,6.0,17.0,0.6470588235294117,0.36993623571162937,0.4403514282259156,0.5670666666666667,0.8274965934234263,0.9998728303375618,-0.0006076838492605832,0.3133,0.05194805194805195,0.17571297148114076,0.16421343146274148,0.816025067144136,0.5512763098969996,0.4604415823367065
H_affymetrix_extended__knn__11_harmony__post1,H_affymetrix_extended,knn,11_harmony,True,medium,False,False,False,False,False,6.0,11.0,0.4545454545454546,0.36982385901844134,0.7142522601098394,0.6689666666666666,0.8493649184334183,0.5651833675730338,-0.0004890486632535551,0.2516,0.515450067174205,0.47907083716651333,0.22999080036798528,0.08728737690241718,0.5570980743394537,0.3500459981600736
E1_iterative_r1__knn__28_npn__post0,E1_iterative_r1,knn,28_npn,False,high,False,False,False,False,False,11.0,20.0,0.44999999999999996,0.36977357504930336,0.5133397299079121,0.6095181818181818,0.8713347552293936,0.995239324296998,-0.020208475212378126,0.2603,0.17017465293327363,0.2886384544618215,0.3201471941122355,0.7267233661593554,0.34796238244514105,0.3649954001839926
H_affymetrix_extended__knn__08_inmoose_combatseq__post0,H_affymetrix_extended,knn,08_inmoose_combatseq,False,medium,False,False,False,False,False,6.0,12.0,0.5,0.3697640323211829,0.8291285460553496,0.66535,0.8777519504374922,0.8370008858496626,-0.01935210661586223,0.0083,0.8284818629646216,0.4659613615455382,0.34590616375344985,0.21083258728737692,0.35199283475145543,0.015409383624655014
E1_iterative_r1__strict__16_fsqn_r__post1,E1_iterative_r1,strict,16_fsqn_r,True,high,False,False,False,False,False,10.0,19.0,0.4736842105263158,0.36962840575143835,0.5158821027375989,0.6268499999999999,0.8646910037572091,0.9917848613996968,-0.014073111390858206,0.2802,0.17599641737572772,0.35510579576816925,0.29484820607175716,0.5953446732318711,0.39767129422301833,0.3988040478380865
F_microarray_only__strict__20_shambhala__post0,F_microarray_only,strict,20_shambhala,False,high,False,False,False,False,False,6.0,18.0,0.6666666666666667,0.36940571398210165,0.7089991367006413,0.6375166666666666,0.8102641184885357,0.8408597485159542,-0.0062744224086380695,0.3328,0.5024630541871922,0.3877644894204232,0.13615455381784727,0.22202327663384064,0.46618898343036275,0.5018399264029438
E3_iterative_r3__knn__07_pycombat__post1,E3_iterative_r3,knn,07_pycombat,True,medium,False,False,False,False,False,9.0,17.0,0.47058823529411764,0.36940010274153884,0.4743475439085508,0.6225555555555555,0.8972646974313174,0.9948122632324246,-0.01611215222938145,0.1739,0.09135691894312584,0.33532658693652256,0.4641214351425943,0.7063563115487914,0.3775190326914465,0.24172033118675254
A_confirmed_bad__knn__28_npn__post1,A_confirmed_bad,knn,28_npn,True,high,False,False,True,False,False,11.0,20.0,0.44999999999999996,0.36932777260971855,0.5134236267483571,0.6095181818181818,0.8713580539730854,0.995239324296998,-0.020660060033596335,0.2603,0.17062248096730856,0.2886384544618215,0.3206071757129715,0.7267233661593554,0.3443797581728616,0.3649954001839926
E1_iterative_r1__strict__28_npn__post1,E1_iterative_r1,strict,28_npn,True,high,False,False,False,False,False,10.0,19.0,0.4736842105263158,0.36914807278629613,0.5274670941275147,0.6132799999999999,0.8380259526673222,0.9945345726941808,-0.022444897982711327,0.3266,0.2095835199283475,0.3031278748850046,0.18721251149954002,0.6906893464637421,0.3309449171518137,0.49333026678932845
F_microarray_only__softimpute__13_fsmvn__post1,F_microarray_only,softimpute,13_fsmvn,True,medium,False,False,False,False,False,5.0,17.0,0.7058823529411764,0.3688719129982534,0.5806706857479119,0.66658,0.8275569907406256,0.999999987551116,-0.036787618942430766,0.1154,0.32870577698163905,0.4714811407543698,0.16467341306347746,0.9194270367054611,0.25212718316166594,0.07681692732290708
A_confirmed_bad__knn__13_fsmvn__post1,A_confirmed_bad,knn,13_fsmvn,True,medium,False,False,True,False,False,11.0,20.0,0.44999999999999996,0.3684269810943288,0.4958250714034822,0.6275363636363637,0.8812287365547244,0.9945525066840802,-0.021401107638670647,0.2284,0.12852664576802508,0.3583256669733211,0.37258509659613614,0.6920322291853178,0.3412449619346171,0.31784728610855567
B_extended_bad__strict__02_median_scaling__post1,B_extended_bad,strict,02_median_scaling,True,low,False,False,True,False,False,9.0,15.0,0.4,0.36827144990790317,0.4687814796806372,0.5687555555555556,0.8787258184607738,0.9933848125006948,0.014366180333713174,0.1387,0.0819525302283923,0.18031278748850046,0.3528058877644894,0.6387645478961504,0.7814599193909538,0.17433302667893286
C_rnaseq_only__knn__03_limma__post1,C_rnaseq_only,knn,03_limma,True,low,False,False,False,True,False,4.0,5.0,0.19999999999999996,0.3680641908059081,0.4576977154088887,0.42165,0.9266390711613318,0.9837830345080948,0.00602487260492901,0.1422,0.06941334527541423,0.02483900643974241,0.6347746090156394,0.5572963294538944,0.7362292879534259,0.1858325666973321
E2_iterative_r2__strict__21_harmonizr__post1,E2_iterative_r2,strict,21_harmonizr,True,medium,False,False,False,False,False,10.0,18.0,0.4444444444444444,0.3678547815672004,0.541704030375703,0.63453,0.8568806669150194,0.9999959161191776,-0.010067051332932841,0.0833,0.2496641289744738,0.3797148114075437,0.26034958601655933,0.8487018800358102,0.43304970891177785,0.03564857405703772
E2_iterative_r2__strict__28_npn__post1,E2_iterative_r2,strict,28_npn,True,high,False,False,False,False,False,10.0,18.0,0.4444444444444444,0.3676117601945437,0.5211868218631384,0.61692,0.8381425141147902,0.994420866824042,-0.02155725461743129,0.325,0.19346171070309,0.31186752529898804,0.18813247470101196,0.6812891674127126,0.34034930586654727,0.4905703771849126
E3_iterative_r3__softimpute__02_median_scaling__post0,E3_iterative_r3,softimpute,02_median_scaling,False,low,False,False,False,False,False,10.0,18.0,0.4444444444444444,0.3673337327489746,0.3886162934533939,0.52904,0.877992507584973,0.9937534154723612,0.06414285352451354,0.1389,0.020152261531571878,0.11591536338546458,0.3472861085556578,0.6450313339301701,0.9001343484102104,0.17548298068077278
E1_iterative_r1__knn__26_xpn__post0,E1_iterative_r1,knn,26_xpn,False,high,False,False,False,False,False,11.0,20.0,0.44999999999999996,0.36733224930678615,0.5679053400575466,0.6214363636363637,0.843874167916971,0.9926378381331166,-0.007151355673902016,0.1883,0.30900134348410213,0.33210671573137074,0.20699172033118676,0.6248880931065354,0.4626063591580833,0.2683992640294388
D_malignant_only__strict__02_median_scaling__post1,D_malignant_only,strict,02_median_scaling,True,low,False,False,False,False,False,9.0,17.0,0.47058823529411764,0.3671721940427691,0.4597139632472165,0.547188888888889,0.913127011409726,0.99999730753281,-0.03202945304696936,0.2053,0.0703090013434841,0.140754369825207,0.5579576816927323,0.8670546105640108,0.27854903716972684,0.28840846366145356
F_microarray_only__strict__28_npn__post0,F_microarray_only,strict,28_npn,False,high,False,False,False,False,False,6.0,18.0,0.6666666666666667,0.3670596006915339,0.4240777808688649,0.5661333333333333,0.8279843671903766,0.9998761146257098,-0.0007410796481953849,0.314,0.040304523063143756,0.17157313707451702,0.16697332106715732,0.8164726947179947,0.5459023734885804,0.4611315547378105
E3_iterative_r3__strict__21_harmonizr__post0,E3_iterative_r3,strict,21_harmonizr,False,medium,False,False,False,False,False,10.0,18.0,0.4444444444444444,0.36696307645794274,0.541704030375703,0.63453,0.8569044902631942,0.999995993068168,-0.011539547889013346,0.0833,0.2496641289744738,0.3797148114075437,0.2612695492180313,0.8500447627573858,0.4254366323331841,0.03564857405703772
A_confirmed_bad__knn__11_harmony__post0,A_confirmed_bad,knn,11_harmony,False,medium,False,False,True,False,False,11.0,21.0,0.47619047619047616,0.366796574702628,0.7065350157984469,0.5948363636363636,0.9228090205522976,0.5663507588692422,0.008131259326696116,0.0,0.49395432154052843,0.24609015639374426,0.6186752529898804,0.08773500447627573,0.7474249888042992,0.0068997240110395585
I_rare_batches_removed__knn__31_ruv3prps__post0,I_rare_batches_removed,knn,31_ruv3prps,False,medium,False,False,False,False,False,9.0,15.0,0.4,0.36676342101145115,0.6810866400378099,0.606,0.895205533284778,0.7542575687974652,-0.006231309561913603,0.2763,0.4540976265114196,0.27598896044158233,0.4512419503219871,0.15980304386750224,0.4670846394984326,0.3923643054277829
A_confirmed_bad__strict__11_harmony__post1,A_confirmed_bad,strict,11_harmony,True,medium,False,False,True,False,False,11.0,20.0,0.44999999999999996,0.3667221703520092,0.652902573224174,0.5680454545454545,0.934635728625072,0.6019862171508793,0.007689407285620842,0.1121,0.4146887595163457,0.17755289788408463,0.7074517019319227,0.10116383169203223,0.7447380206000895,0.054737810487580495
F_microarray_only__strict__21_harmonizr__post0,F_microarray_only,strict,21_harmonizr,False,medium,False,False,False,False,False,6.0,18.0,0.6666666666666667,0.3663878767900881,0.367168591611033,0.59405,0.841660873444668,0.9999995303555888,0.013939794111104686,0.1154,0.013882669055082848,0.24333026678932843,0.20101195952161913,0.8836168307967771,0.7796686072548141,0.07681692732290708
J_ff_only__softimpute__07_pycombat__post1,J_ff_only,softimpute,07_pycombat,True,medium,False,False,False,False,False,7.0,14.0,0.5,0.3661744127510005,0.5427957650978122,0.5905571428571428,0.887206537891851,0.9929022622824156,-0.062167868439452434,0.3529,0.25391849529780564,0.23321067157313707,0.4043238270469181,0.6316025067144136,0.13972234661889835,0.5342686292548298
H_affymetrix_extended__knn__03_limma__post0,H_affymetrix_extended,knn,03_limma,False,low,False,False,False,False,False,6.0,12.0,0.5,0.3661090928394099,0.4550010670259174,0.67475,0.8493906843503565,0.999385265193092,-0.10383150868136343,0.3392,0.06448723690103,0.5009199632014719,0.23091076356945722,0.7967770814682185,0.08240035826242723,0.5211591536338547
J_ff_only__softimpute__16_fsqn_r__post1,J_ff_only,softimpute,16_fsqn_r,True,high,False,False,False,False,False,6.0,14.0,0.5714285714285714,0.3660576216616283,0.5385349525976235,0.5966166666666667,0.852777566154989,0.9898436559031736,-0.026765076484507766,0.3871,0.2413793103448276,0.24977000919963202,0.24471021159153633,0.576544315129812,0.3103448275862069,0.5735970561177552
A_confirmed_bad__knn__07_pycombat__post1,A_confirmed_bad,knn,07_pycombat,True,medium,False,False,True,False,False,10.0,20.0,0.5,0.3659436793996664,0.4530790389866903,0.62973,0.8931311289407448,0.9951276409421064,-0.018766799204693707,0.1804,0.06224809673085535,0.36338546458141674,0.43836246550137997,0.7211280214861235,0.35915808329601434,0.25137994480220793
E3_iterative_r3__knn__13_fsmvn__post0,E3_iterative_r3,knn,13_fsmvn,False,medium,False,False,False,False,False,10.0,18.0,0.4444444444444444,0.3659434243984621,0.4847405003746938,0.6243299999999999,0.8817972063984629,0.9943204262166188,-0.01931686662806764,0.2449,0.11016569637259292,0.34360625574977,0.3767249310027599,0.6723366159355416,0.35244066278549036,0.3403863845446182
B_extended_bad__softimpute__26_xpn__post0,B_extended_bad,softimpute,26_xpn,False,high,False,False,True,False,False,10.0,16.0,0.375,0.36591946073983334,0.5872240815623669,0.6747,0.7740062327665421,0.9914966262534188,-0.15815254565332948,0.4205,0.33766233766233766,0.500459981600736,0.09567617295308188,0.5890778871978514,0.03694581280788178,0.6356945722171113
K_ffpe_only__softimpute__18_rank__post1,K_ffpe_only,softimpute,18_rank,True,high,False,False,False,True,False,3.0,7.0,0.5714285714285714,0.3658526641633419,0.5692050079628468,0.474,0.8844336917271366,0.9266570827949536,0.030511348847989228,0.125,0.31258396775638153,0.05887764489420423,0.39282428702851885,0.4623992837958818,0.8327362292879534,0.13569457221711131
H_affymetrix_extended__strict__02_median_scaling__post0,H_affymetrix_extended,strict,02_median_scaling,False,low,False,False,False,False,False,6.0,12.0,0.5,0.36584256442210483,0.4071122123339003,0.5749666666666666,0.7825888410968691,1.0,-0.017255630605174987,0.3435,0.027765338110165697,0.19779208831646733,0.10717571297148114,0.9677708146821844,0.3685624720107479,0.5259889604415824
E2_iterative_r2__softimpute__12_scanorama__post0,E2_iterative_r2,softimpute,12_scanorama,False,medium,False,False,False,False,False,11.0,19.0,0.42105263157894735,0.3657994527133759,0.7770442113016202,0.725690909090909,0.9197779319370974,0.0667680232497708,-0.1749104077137495,0.125,0.6999552171965965,0.6766329346826127,0.5952161913523459,0.06401074306177261,0.02328705776981639,0.13569457221711131
G_affymetrix_only__strict__28_npn__post1,G_affymetrix_only,strict,28_npn,True,high,False,False,False,True,False,2.0,2.0,0.0,0.3657787147362237,0.3872745564701448,0.3873,0.7198312519973205,0.99983545507776,0.017629423452634338,0.3317,0.019256605463502014,0.018859245630174794,0.050597976080956765,0.8133393017009848,0.793999104343932,0.49862005519779207
J_ff_only__strict__28_npn__post0,J_ff_only,strict,28_npn,False,high,False,False,False,False,False,7.0,15.0,0.5333333333333333,0.3651332941636485,0.5324349621019874,0.6101,0.8657893513097811,0.9920610724903808,-0.029211923564376942,0.3188,0.2239140170174653,0.29162833486660533,0.3017479300827967,0.6078782452999105,0.296909986565159,0.468721251149954
E1_iterative_r1__knn__13_fsmvn__post1,E1_iterative_r1,knn,13_fsmvn,True,medium,False,False,False,False,False,11.0,19.0,0.42105263157894735,0.36508037439829977,0.5035320775902543,0.6230454545454546,0.8801947995789756,0.9944394320457806,-0.020895788224973066,0.2284,0.14599193909538738,0.3371665133394664,0.3624655013799448,0.6844225604297225,0.3425884460367219,0.31784728610855567
H_affymetrix_extended__knn__02_median_scaling__post1,H_affymetrix_extended,knn,02_median_scaling,True,low,False,False,False,False,False,5.0,11.0,0.5454545454545454,0.3650193861569557,0.4665246987800877,0.60538,0.8645371607611916,0.999280342733385,-0.010393040789898611,0.2311,0.077474249888043,0.27276908923643056,0.2934682612695492,0.7940913160250671,0.4317062248096731,0.3206071757129715
G_affymetrix_only__softimpute__13_fsmvn__post1,G_affymetrix_only,softimpute,13_fsmvn,True,medium,False,False,False,True,False,0.0,,,0.36468610676001156,0.4747378455672069,,,1.0,-0.1599982600082004,,0.09314823107926556,,,0.9677708146821844,0.033139274518584866,
C_rnaseq_only__strict__21_harmonizr__post1,C_rnaseq_only,strict,21_harmonizr,True,medium,False,False,False,True,False,4.0,5.0,0.19999999999999996,0.3646038234208228,0.4649804971330719,0.42175,0.7773140713992616,0.9999871708864084,0.03132262661611551,0.2359,0.07568293775190327,0.025298988040478382,0.10119595216191353,0.82408236347359,0.8338557993730408,0.32750689972401104
S0_no_removal__strict__11_harmony__post0,S0_no_removal,strict,11_harmony,False,medium,False,False,False,False,False,11.0,24.0,0.5416666666666667,0.36424951849610093,0.6060749253437998,0.6060181818181818,0.8166436502282879,0.6016739457415032,0.011596903896869293,0.3539,0.3555754590237349,0.2764489420423183,0.14811407543698252,0.10026857654431513,0.7666815942678011,0.5384084636614536
E3_iterative_r3__strict__16_fsqn_r__post1,E3_iterative_r3,strict,16_fsqn_r,True,high,False,False,False,False,False,9.0,17.0,0.47058823529411764,0.364236773553438,0.5099442340209631,0.6277444444444444,0.8623311223839796,0.9914530944624202,-0.014966649519111086,0.2802,0.1625615763546798,0.359245630174793,0.28656853725850967,0.5881826320501343,0.39005821764442455,0.3988040478380865
B_extended_bad__strict__21_harmonizr__post0,B_extended_bad,strict,21_harmonizr,False,medium,False,False,True,False,False,10.0,16.0,0.375,0.3641668407833269,0.4854793590157881,0.61151,0.8515216973119721,0.9999958797618712,-0.0011878215432324923,0.1333,0.11150918047469771,0.2953081876724931,0.23643054277828887,0.8473589973142346,0.5235109717868338,0.17088316467341305
J_ff_only__strict__16_fsqn_r__post1,J_ff_only,strict,16_fsqn_r,True,high,False,False,False,False,False,6.0,14.0,0.5714285714285714,0.3641601681211908,0.534647466824162,0.6000166666666666,0.8539417694263993,0.989503750149423,-0.03218096225950984,0.401,0.22928795342588446,0.25850965961361544,0.24931002759889603,0.5747538048343778,0.27765338110165694,0.5954461821527139
S0_no_removal__knn__16_fsqn_r__post1,S0_no_removal,knn,16_fsqn_r,True,high,False,False,False,False,False,11.0,23.0,0.5217391304347826,0.3639145747909905,0.5097890126488483,0.6031181818181818,0.8729458696602154,0.9921099661319486,-0.0043280674050246715,0.2483,0.16211374832064487,0.265409383624655,0.327966881324747,0.6087735004476276,0.47469771607702643,0.34452621895124197
E2_iterative_r2__knn__13_fsmvn__post0,E2_iterative_r2,knn,13_fsmvn,False,medium,False,False,False,False,False,11.0,19.0,0.42105263157894735,0.3639125324454216,0.4851971016656472,0.6231818181818182,0.8801403872548249,0.9944383219997428,-0.017560435414560205,0.2332,0.11061352440662786,0.3376264949402024,0.36154553817847285,0.683974932855864,0.36542767577250335,0.32428702851885927
S0_no_removal__knn__28_npn__post0,S0_no_removal,knn,28_npn,False,high,False,False,False,False,False,11.0,24.0,0.5416666666666667,0.3637999764691595,0.4875812039209053,0.5927181818181818,0.8638428807904168,0.9944424940421628,-0.008650947587446809,0.2857,0.11509180474697717,0.23873045078196872,0.2902483900643974,0.684870188003581,0.44424540976265114,0.4096136154553818
E1_iterative_r1__softimpute__21_harmonizr__post0,E1_iterative_r1,softimpute,21_harmonizr,False,medium,False,False,False,False,False,11.0,20.0,0.44999999999999996,0.3636315686516893,0.5307812403210066,0.6150363636363636,0.8884483798595435,0.9999971270697572,-0.059219873871606654,0.1702,0.2180922525750112,0.30726770929162833,0.41030358785648574,0.8639212175470009,0.14554411106135243,0.23666053357865685
A_confirmed_bad__strict__03_limma__post1,A_confirmed_bad,strict,03_limma,True,low,False,False,True,False,False,11.0,20.0,0.44999999999999996,0.3636039574292806,0.4965200858001006,0.6522909090909091,0.8931257575574799,0.9948977847793986,-0.01102161857508277,0.087,0.13121361397223466,0.4319227230910764,0.43790248390064396,0.7099373321396598,0.42901925660546353,0.04162833486660534
S0_no_removal__knn__28_npn__post1,S0_no_removal,knn,28_npn,True,high,False,False,False,False,False,11.0,23.0,0.5217391304347826,0.36359301478404515,0.496265868704461,0.5919909090909091,0.8637953215967047,0.9943380519291644,-0.008510658836378408,0.2846,0.12987012987012986,0.23735050597976082,0.28978840846366144,0.6727842435094001,0.445141065830721,0.40662373505059796
J_ff_only__strict__07_pycombat__post1,J_ff_only,strict,07_pycombat,True,medium,False,False,False,False,False,6.0,14.0,0.5714285714285714,0.36357925606060526,0.5318451465116224,0.61475,0.874772764711118,0.9916382363572848,-0.048893159391728225,0.3575,0.22077922077922077,0.30542778288868444,0.3357865685372585,0.5935541629364369,0.18360949395432155,0.5423183072677092
S0_no_removal__knn__26_xpn__post0,S0_no_removal,knn,26_xpn,False,high,False,False,False,False,False,11.0,24.0,0.5416666666666667,0.36348974373772375,0.5284174544127898,0.5837909090909091,0.7789614985203508,0.9920115475080588,0.0044661407582679,0.228,0.21271831616659204,0.21941122355105797,0.10257589696412144,0.6060877350044763,0.7241379310344828,0.3160073597056118
E3_iterative_r3__knn__28_npn__post1,E3_iterative_r3,knn,28_npn,True,high,False,False,False,False,False,9.0,17.0,0.47058823529411764,0.3633927981443413,0.4906224157592442,0.6130222222222222,0.8588814981588186,0.9950565062063736,-0.018667145984307177,0.2861,0.11912225705329153,0.3012879484820607,0.2686292548298068,0.7184422560429723,0.3605015673981191,0.4123735050597976
A_confirmed_bad__knn__13_fsmvn__post0,A_confirmed_bad,knn,13_fsmvn,False,medium,False,False,True,False,False,11.0,21.0,0.47619047619047616,0.3631757540991966,0.4830065578535903,0.6243727272727273,0.8812581214712177,0.9946195106102746,-0.022088888122442918,0.2332,0.10658307210031348,0.3454461821527139,0.3730450781968721,0.6951656222023277,0.33452754142409313,0.32428702851885927
I_rare_batches_removed__softimpute__10_mnn__post1,I_rare_batches_removed,softimpute,10_mnn,True,medium,False,False,False,False,False,8.0,14.0,0.4285714285714286,0.3631475493032022,0.6480489105828668,0.7112375,0.9107290327021818,-0.0508756711543017,-0.05794395858479939,0.2983,0.40483654276757725,0.62557497700092,0.5441582336706532,0.019695613249776187,0.15315718763994626,0.43146274149034036
E1_iterative_r1__knn__07_pycombat__post1,E1_iterative_r1,knn,07_pycombat,True,medium,False,False,False,False,False,10.0,19.0,0.4736842105263158,0.3631212093831265,0.4698161972071315,0.62572,0.8932784024657192,0.995033465442304,-0.017522946339565526,0.1642,0.08284818629646216,0.3500459981600736,0.4411223551057958,0.7162041181736795,0.36587550380653827,0.22263109475620976
K_ffpe_only__softimpute__31_ruv3prps__post1,K_ffpe_only,softimpute,31_ruv3prps,True,medium,False,False,False,True,False,3.0,7.0,0.5714285714285714,0.3630500077849303,0.7119927189223146,0.6139333333333333,0.852759610349963,0.806396297978639,0.018300907990181137,0.125,0.5091804746977161,0.30404783808647656,0.24379024839006438,0.18442256042972247,0.8011643528884909,0.13569457221711131
D_malignant_only__softimpute__20_shambhala__post0,D_malignant_only,softimpute,20_shambhala,False,high,False,False,False,False,False,10.0,18.0,0.4444444444444444,0.36300404523558355,0.6231870294125659,0.68544,0.8793620632734979,0.8590590066367942,-0.04807133020814808,0.3125,0.37393640841916703,0.531738730450782,0.35694572217111314,0.27170993733213966,0.18831168831168832,0.45538178472861085
E1_iterative_r1__strict__02_median_scaling__post0,E1_iterative_r1,strict,02_median_scaling,False,low,False,False,False,False,False,11.0,20.0,0.44999999999999996,0.36288586434123976,0.4681492837922374,0.5799454545454545,0.8902552199159738,0.9942569993737992,-0.005288518478222981,0.237,0.08016121809225257,0.20975160993560257,0.4204231830726771,0.666965085049239,0.47066726377071205,0.32934682612695493
I_rare_batches_removed__knn__28_npn__post1,I_rare_batches_removed,knn,28_npn,True,high,False,False,False,False,False,8.0,14.0,0.4285714285714286,0.36278766372023513,0.5483053877191477,0.5591375,0.864442877478193,0.994940062278062,-0.007355275079190704,0.1992,0.2686968204209583,0.16191352345906163,0.29300827966881327,0.711727842435094,0.46171070309001344,0.2796688132474701
J_ff_only__knn__07_pycombat__post0,J_ff_only,knn,07_pycombat,False,medium,False,False,False,False,False,7.0,15.0,0.5333333333333333,0.36270047322534865,0.5357136395897913,0.6096142857142857,0.8802274746673818,0.9931272052722414,-0.06309734835977221,0.337,0.23376623376623376,0.2902483900643974,0.3629254829806808,0.6347358997314234,0.13658755038065382,0.5179392824287029
K_ffpe_only__strict__20_shambhala__post1,K_ffpe_only,strict,20_shambhala,True,high,False,False,False,True,False,3.0,7.0,0.5714285714285714,0.3626739694516698,0.5652548152735758,0.6014333333333334,0.8841009259753875,0.8673289504234944,0.014778373537929601,0.125,0.3058665472458576,0.2612695492180313,0.3896044158233671,0.3017009847806625,0.7819077474249888,0.13569457221711131
H_affymetrix_extended__strict__13_fsmvn__post1,H_affymetrix_extended,strict,13_fsmvn,True,medium,False,False,False,False,False,5.0,11.0,0.5454545454545454,0.36266483503590946,0.3746014216864557,0.54678,0.847621602311084,0.9999999956245176,0.0038646088125953715,0.1262,0.01522615315718764,0.13983440662373506,0.21941122355105797,0.9256938227394808,0.7196596506941334,0.156163753449862
B_extended_bad__knn__21_harmonizr__post1,B_extended_bad,knn,21_harmonizr,True,medium,False,False,True,False,False,10.0,15.0,0.33333333333333337,0.362659630125235,0.6189894710842231,0.54719,0.8924347286054358,0.998989967593866,-0.011281852750379073,0.066,0.36990595611285265,0.14121435142594296,0.4346826126954922,0.7739480752014324,0.4272279444693238,0.028978840846366146
S0_no_removal__strict__11_harmony__post1,S0_no_removal,strict,11_harmony,True,medium,False,False,False,False,False,11.0,23.0,0.5217391304347826,0.36214925908478524,0.5918492050793814,0.6067818181818182,0.8137485441548921,0.6071380548943079,0.01136819005861922,0.3539,0.3430362740707568,0.2796688132474701,0.14259429622815087,0.10384959713518353,0.7653381101656964,0.5384084636614536
A_confirmed_bad__knn__26_xpn__post0,A_confirmed_bad,knn,26_xpn,False,high,False,False,True,False,False,11.0,21.0,0.47619047619047616,0.36214752452949633,0.5534488574320661,0.6246454545454546,0.8363179091272532,0.9927694688221814,-0.007507579352078908,0.1883,0.28481862964621585,0.34590616375344985,0.18537258509659613,0.6284691136974038,0.4599193909538737,0.2683992640294388
H_affymetrix_extended__softimpute__13_fsmvn__post0,H_affymetrix_extended,softimpute,13_fsmvn,False,medium,False,False,False,False,False,6.0,12.0,0.5,0.36204554081433055,0.5739161796942801,0.6288666666666667,0.8414608646330443,0.9999999976292292,-0.030111392856583263,0.1154,0.31795790416480074,0.3610855565777369,0.19963201471941122,0.928379588182632,0.2884012539184953,0.07681692732290708
G_affymetrix_only__softimpute__10_mnn__post1,G_affymetrix_only,softimpute,10_mnn,True,medium,False,True,False,True,False,0.0,,,0.361992991110393,0.9630589760207388,,,-0.1016028080028451,-0.08510975167831902,,0.9879086430810569,,,0.008952551477170993,0.08911777877295118,
A_confirmed_bad__knn__16_fsqn_r__post0,A_confirmed_bad,knn,16_fsqn_r,False,high,False,False,True,False,False,11.0,21.0,0.47619047619047616,0.3619280657414357,0.4856150494054871,0.6207909090909092,0.8845839570872197,0.993004762525034,-0.01851433921717016,0.2463,0.11285266457680251,0.32842686292548295,0.3932842686292548,0.6329453894359892,0.36229287953425887,0.3417663293468261
A_confirmed_bad__softimpute__21_harmonizr__post1,A_confirmed_bad,softimpute,21_harmonizr,True,medium,False,False,True,False,False,10.0,20.0,0.5,0.3618618198464454,0.5370312849737606,0.58045,0.8826370351942083,0.9999972126593604,-0.06090263081045039,0.2398,0.238692342140618,0.21159153633854647,0.3813247470101196,0.8652641002685766,0.141961486789073,0.33233670653173875
S0_no_removal__knn__21_harmonizr__post1,S0_no_removal,knn,21_harmonizr,True,medium,False,False,False,False,False,11.0,23.0,0.5217391304347826,0.3617475304674944,0.6589373794345793,0.5830000000000001,0.8942488303701369,0.9987844444122046,-0.04622272237889807,0.124,0.4245409762651142,0.21711131554737811,0.4475620975160994,0.7663384064458371,0.2006269592476489,0.11430542778288869
E2_iterative_r2__strict__21_harmonizr__post0,E2_iterative_r2,strict,21_harmonizr,False,medium,False,False,False,False,False,11.0,19.0,0.42105263157894735,0.3615609714759023,0.5064277539736721,0.592809090909091,0.8600717085746098,0.9999960016037628,-0.011473461295004372,0.1631,0.1540528437080161,0.24011039558417663,0.2764489420423183,0.8504923903312444,0.42678011643528885,0.22148114075436984
G_affymetrix_only__strict__12_scanorama__post0,G_affymetrix_only,strict,12_scanorama,False,medium,False,False,False,True,False,2.0,3.0,0.33333333333333337,0.3615165469097717,0.526496632025834,0.5802499999999999,0.926207587018306,-0.0999926140487906,-0.04076248222623563,0.5185,0.2051052395879982,0.21067157313707452,0.6333946642134315,0.009400179051029543,0.23242274966412899,0.8781048758049678
E3_iterative_r3__strict__28_npn__post1,E3_iterative_r3,strict,28_npn,True,high,False,False,False,False,False,9.0,17.0,0.47058823529411764,0.36120591393417517,0.5151337422756286,0.6208,0.8416753875262458,0.994300375229542,-0.02248302041430338,0.3151,0.17375727720555306,0.32888684452621897,0.2014719411223551,0.6696508504923904,0.33049708911777875,0.46297148114075437
E2_iterative_r2__knn__16_fsqn_r__post0,E2_iterative_r2,knn,16_fsqn_r,False,high,False,False,False,False,False,11.0,19.0,0.42105263157894735,0.36116313804695604,0.4903766309601898,0.6227545454545454,0.8839161757809086,0.9927905356455948,-0.014241798501540393,0.2172,0.11867442901925661,0.3362465501379945,0.3877644894204232,0.6289167412712623,0.39408866995073893,0.3012879484820607
F_microarray_only__strict__26_xpn__post1,F_microarray_only,strict,26_xpn,True,high,False,False,False,False,False,5.0,17.0,0.7058823529411764,0.3608740855683099,0.4437461840035597,0.52806,0.858295791351491,0.9992484095822142,0.0002678897404595204,0.1965,0.05687416032243618,0.1140754369825207,0.26632934682612697,0.7905102954341987,0.6605463502015226,0.2769089236430543
D_malignant_only__knn__03_limma__post1,D_malignant_only,knn,03_limma,True,low,False,False,False,False,False,10.0,17.0,0.4117647058823529,0.3606484584804659,0.4651446471258249,0.58929,0.8862065058638952,0.9999978950591292,-0.028808916746138835,0.2,0.0761307657859382,0.23045078196872126,0.4015639374425023,0.8755595344673232,0.29959695476936854,0.28058877644894203
G_affymetrix_only__softimpute__18_rank__post1,G_affymetrix_only,softimpute,18_rank,True,high,False,False,False,True,False,0.0,,,0.3604514189439945,0.714859437751004,,,0.8956002702636459,-0.04136940936361522,,0.5179131213613972,,,0.33594449418084155,0.22749664128974473,
K_ffpe_only__softimpute__21_harmonizr__post0,K_ffpe_only,softimpute,21_harmonizr,False,medium,False,False,False,True,False,3.0,8.0,0.625,0.3604247476130247,0.3775274713985411,0.43683333333333335,0.8135321461323551,0.9999999699865336,0.07142558490969175,0.125,0.016569637259292433,0.034268629254829805,0.14167433302667892,0.9158460161145927,0.9184952978056427,0.13569457221711131
K_ffpe_only__knn__31_ruv3prps__post1,K_ffpe_only,knn,31_ruv3prps,True,medium,False,False,False,True,False,3.0,7.0,0.5714285714285714,0.36013227964274863,0.5562674587333238,0.6095333333333334,0.8881131415491225,0.7995795707423329,0.036453093649526036,0.125,0.29153605015673983,0.2893284268629255,0.4093836246550138,0.17770814682184422,0.8571428571428571,0.13569457221711131
H_affymetrix_extended__knn__21_harmonizr__post1,H_affymetrix_extended,knn,21_harmonizr,True,medium,False,False,False,False,False,5.0,11.0,0.5454545454545454,0.35998706955821486,0.5332217764267204,0.59146,0.7703401936246072,0.9992731913469308,-0.042801727675904455,0.401,0.22570532915360503,0.23551057957681693,0.09107635694572216,0.7931960608773501,0.21898790864308107,0.5954461821527139
E2_iterative_r2__softimpute__12_scanorama__post1,E2_iterative_r2,softimpute,12_scanorama,True,medium,False,False,False,False,False,11.0,18.0,0.38888888888888884,0.35964295112708333,0.7631244031216043,0.7260454545454545,0.9206964571675964,0.0672508050784303,-0.17491035898047774,0.125,0.6497984773846843,0.6770929162833487,0.6034958601655934,0.06445837063563116,0.027317510076130765,0.13569457221711131
B_extended_bad__knn__26_xpn__post0,B_extended_bad,knn,26_xpn,False,high,False,False,True,False,False,10.0,16.0,0.375,0.3595844644578483,0.5863968676151667,0.6151500000000001,0.8543739504930289,0.991996008380826,-0.006950026767259643,0.1455,0.3367666815942678,0.3077276908923643,0.25068997240110397,0.6051924798567592,0.464397671294223,0.19273229070837167
E1_iterative_r1__knn__13_fsmvn__post0,E1_iterative_r1,knn,13_fsmvn,False,medium,False,False,False,False,False,11.0,20.0,0.44999999999999996,0.3593933392957161,0.4867756188645716,0.620909090909091,0.8800661475180703,0.99450921276919,-0.02158764333603158,0.2332,0.11464397671294223,0.32934682612695493,0.36062557497700093,0.6893464637421666,0.3381101656963726,0.32428702851885927
E2_iterative_r2__strict__02_median_scaling__post1,E2_iterative_r2,strict,02_median_scaling,True,low,False,False,False,False,False,10.0,18.0,0.4444444444444444,0.35918048490514093,0.4563151358786151,0.5844199999999999,0.885749520452631,0.9938864327168544,-0.0009997421900246328,0.2038,0.06583072100313479,0.21987120515179392,0.3983440662373505,0.6499552372426142,0.5333631885356024,0.2877184912603496
E3_iterative_r3__knn__16_fsqn_r__post0,E3_iterative_r3,knn,16_fsqn_r,False,high,False,False,False,False,False,10.0,18.0,0.4444444444444444,0.3591583071462849,0.4924746355945865,0.62434,0.8781276504668439,0.9926547557500812,-0.016028159870838055,0.2403,0.12225705329153605,0.34452621895124197,0.3482060717571297,0.6253357206803939,0.3797581728616211,0.33486660533578655
E3_iterative_r3__strict__02_median_scaling__post0,E3_iterative_r3,strict,02_median_scaling,False,low,False,False,False,False,False,10.0,18.0,0.4444444444444444,0.3591287421594525,0.4533760092241439,0.57157,0.8896843251162552,0.9940140600529184,-0.0066270762410409745,0.2608,0.06269592476489028,0.18767249310027598,0.4162833486660534,0.6562220232766338,0.4652933273622929,0.36660533578656856
G_affymetrix_only__knn__10_mnn__post1,G_affymetrix_only,knn,10_mnn,True,medium,False,True,False,True,False,0.0,,,0.35900366214014223,0.9137813985064496,,,-0.005848947244773,-0.1260127153905619,,0.9708911777877295,,,0.03446732318710832,0.07165248544558889,
S0_no_removal__knn__16_fsqn_r__post0,S0_no_removal,knn,16_fsqn_r,False,high,False,False,False,False,False,11.0,24.0,0.5416666666666667,0.3589818550727854,0.4937896830328363,0.6031363636363637,0.873168222286168,0.992238795404912,-0.004092055247882365,0.2463,0.12360053739364084,0.265869365225391,0.32888684452621897,0.6159355416293644,0.47783251231527096,0.3417663293468261
F_microarray_only__strict__21_harmonizr__post1,F_microarray_only,strict,21_harmonizr,True,medium,False,False,False,False,False,6.0,17.0,0.6470588235294117,0.3589217750494345,0.3979772769910121,0.5904333333333334,0.8400315591579494,0.9999995179965256,0.007456301394337617,0.1154,0.02373488580385132,0.23275068997240111,0.19411223551057957,0.8831692032229186,0.7429467084639498,0.07681692732290708
E1_iterative_r1__strict__21_harmonizr__post1,E1_iterative_r1,strict,21_harmonizr,True,medium,False,False,False,False,False,11.0,19.0,0.42105263157894735,0.3584945694098329,0.5064032096194295,0.5927727272727273,0.8600332440928589,0.9999960749226728,-0.0125142294031787,0.1631,0.1536050156739812,0.23965041398344067,0.2755289788408464,0.8527305282005372,0.4079713390058218,0.22148114075436984
E2_iterative_r2__knn__26_xpn__post0,E2_iterative_r2,knn,26_xpn,False,high,False,False,False,False,False,11.0,19.0,0.42105263157894735,0.3584386825142194,0.5408639867980601,0.6192727272727273,0.8465528089757284,0.9925438794756316,-0.007545716325438323,0.203,0.2476489028213166,0.3201471941122355,0.21665133394664213,0.622202327663384,0.45902373488580384,0.2849586016559338
D_malignant_only__knn__13_fsmvn__post0,D_malignant_only,knn,13_fsmvn,False,medium,False,False,False,False,False,10.0,18.0,0.4444444444444444,0.35787752684596646,0.5335474323094824,0.57338,0.8742949134099429,0.999999307306204,-0.031743146876170525,0.1667,0.2270488132557098,0.19411223551057957,0.33348666053357867,0.8818263205013429,0.28034034930586654,0.23045078196872126
K_ffpe_only__softimpute__26_xpn__post0,K_ffpe_only,softimpute,26_xpn,False,high,False,False,False,True,False,3.0,8.0,0.625,0.35755603985238354,0.5758284013449092,0.5882,0.8440001704056558,0.9992237641386856,-0.011790818807068781,0.14,0.3210927004030452,0.22861085556577737,0.20745170193192272,0.7896150402864817,0.4189431258396776,0.1796228150873965
F_microarray_only__knn__19_tdm__post1,F_microarray_only,knn,19_tdm,True,high,False,False,False,False,False,6.0,17.0,0.6470588235294117,0.35745177106947573,0.7472177125455087,0.6297833333333334,0.8115862623953396,0.9848088297789888,-0.010780366030766597,0.1062,0.5965069413345275,0.3638454461821527,0.1389144434222631,0.563563115487914,0.4303627407075683,0.051517939282428704
D_malignant_only__strict__03_limma__post0,D_malignant_only,strict,03_limma,False,low,False,False,False,False,False,10.0,18.0,0.4444444444444444,0.3573843165889555,0.4711960513798149,0.54704,0.8971577175112712,0.9999973498648198,-0.023131479096144658,0.1875,0.08553515450067174,0.14029438822447102,0.46182152713891444,0.8675022381378693,0.3251231527093596,0.2640294388224471
D_malignant_only__softimpute__12_scanorama__post1,D_malignant_only,softimpute,12_scanorama,True,medium,False,False,False,False,False,9.0,17.0,0.47058823529411764,0.3573724534005919,0.6348668291936878,0.6691555555555556,0.9362338309978064,0.0215114853112792,-0.048071730018135306,0.2234,0.3882669055082848,0.4797608095676173,0.7295308187672493,0.050134288272157566,0.18674429019256605,0.3097976080956762
F_microarray_only__strict__13_fsmvn__post0,F_microarray_only,strict,13_fsmvn,False,medium,False,False,False,False,False,6.0,18.0,0.6666666666666667,0.3572636180783119,0.4414873065415539,0.5699,0.8389674845145281,0.9999999947971776,0.0031556417054048325,0.1154,0.05284370801612181,0.18353265869365226,0.18951241950321987,0.9239033124440466,0.7169726824899239,0.07681692732290708
S0_no_removal__softimpute__21_harmonizr__post1,S0_no_removal,softimpute,21_harmonizr,True,medium,False,False,False,False,False,11.0,23.0,0.5217391304347826,0.35725964840127716,0.5201599003509566,0.6488181818181817,0.8813846154705901,0.9999971257579168,-0.04317807647984445,0.1154,0.19077474249888043,0.42134314627414904,0.3735050597976081,0.8634735899731424,0.21764442454097627,0.07681692732290708
A_confirmed_bad__knn__21_harmonizr__post0,A_confirmed_bad,knn,21_harmonizr,False,medium,False,False,True,False,False,11.0,21.0,0.47619047619047616,0.3570826619209873,0.6089058924706299,0.5380363636363636,0.908359333528952,0.9990232477293696,-0.02052637349414299,0.0,0.3582624272279445,0.12419503219871206,0.5294388224471022,0.7779767233661593,0.3457232422749664,0.0068997240110395585
G_affymetrix_only__softimpute__03_limma__post0,G_affymetrix_only,softimpute,03_limma,False,low,False,False,False,True,False,2.0,3.0,0.33333333333333337,0.35686087214560436,0.4885018213864627,0.27255,0.7707368935574291,0.9999999999704628,0.06046061947992065,0.1169,0.11553963278101209,0.0068997240110395585,0.09199632014719411,0.9341987466427932,0.8938647559337215,0.09866605335786569
H_affymetrix_extended__strict__21_harmonizr__post0,H_affymetrix_extended,strict,21_harmonizr,False,medium,False,False,False,False,False,6.0,12.0,0.5,0.3567677696430506,0.561656505406275,0.4537,0.8007807291713869,0.9999996026994704,0.007536682882792967,0.0839,0.3000447828034035,0.046918123275068994,0.12373505059797608,0.8871978513876455,0.7438423645320197,0.038868445262189515
E1_iterative_r1__softimpute__21_harmonizr__post1,E1_iterative_r1,softimpute,21_harmonizr,True,medium,False,False,False,False,False,10.0,19.0,0.4736842105263158,0.35675874108206607,0.5202255232255857,0.58213,0.8824072117134825,0.9999970670185244,-0.060842372274814704,0.2505,0.19122257053291536,0.21573137074517018,0.3794848206071757,0.8625783348254252,0.14240931482310792,0.34912603495860167
C_rnaseq_only__knn__21_harmonizr__post1,C_rnaseq_only,knn,21_harmonizr,True,medium,False,False,False,True,False,4.0,5.0,0.19999999999999996,0.356108747930495,0.4630335984198625,0.399925,0.8266572707999554,0.9999925034612948,0.01617609585789359,0.1878,0.07344379758172861,0.020699172033118676,0.1609935602575897,0.8290062667860341,0.7854903716972682,0.26701931922723093
A_confirmed_bad__strict__03_limma__post0,A_confirmed_bad,strict,03_limma,False,low,False,False,True,False,False,11.0,21.0,0.47619047619047616,0.3559564206337238,0.4713366004382471,0.6527454545454545,0.8935679858472619,0.9949994771302024,-0.011994974086969035,0.087,0.08598298253470667,0.43330266789328425,0.4457221711131555,0.7144136078782453,0.4146887595163457,0.04162833486660534
K_ffpe_only__knn__16_fsqn_r__post1,K_ffpe_only,knn,16_fsqn_r,True,high,False,False,False,True,False,3.0,7.0,0.5714285714285714,0.35594802077757026,0.5485767284879383,0.45949999999999996,0.7453732708578543,0.999992406441722,0.013836374181713962,0.125,0.27004030452306316,0.04967801287948482,0.07428702851885925,0.8283348254252462,0.7776533811016569,0.13569457221711131
K_ffpe_only__knn__27_dwd__post1,K_ffpe_only,knn,27_dwd,True,medium,False,False,False,True,False,3.0,7.0,0.5714285714285714,0.35594802077757026,0.5485767284879383,0.45949999999999996,0.7453732708578543,0.999992406441722,0.013836374181713962,0.125,0.27004030452306316,0.04967801287948482,0.07428702851885925,0.8283348254252462,0.7776533811016569,0.13569457221711131
E1_iterative_r1__strict__21_harmonizr__post0,E1_iterative_r1,strict,21_harmonizr,False,medium,False,False,False,False,False,11.0,20.0,0.44999999999999996,0.35549224730373846,0.5095322896089385,0.5882272727272727,0.8600506237043242,0.9999961553872614,-0.012397987510582742,0.1529,0.16121809225257502,0.22907083716651333,0.27598896044158233,0.8545210384959714,0.4097626511419615,0.20239190432382706
E2_iterative_r2__softimpute__21_harmonizr__post1,E2_iterative_r2,softimpute,21_harmonizr,True,medium,False,False,False,False,False,10.0,18.0,0.4444444444444444,0.3553441104914086,0.4967377056662872,0.5858,0.8824368169715018,0.999997765295488,-0.055762003883176925,0.2573,0.13166144200626959,0.22309107635694572,0.37994480220791166,0.8742166517457476,0.1639050604567846,0.359245630174793
E1_iterative_r1__knn__16_fsqn_r__post0,E1_iterative_r1,knn,16_fsqn_r,False,high,False,False,False,False,False,11.0,20.0,0.44999999999999996,0.35518672876740726,0.4917968205029945,0.6205090909090909,0.8840619754323407,0.9928804333303896,-0.01823632183225421,0.2172,0.12046574115539632,0.32566697332106714,0.3886844526218951,0.6309310653536258,0.36408419167039857,0.3012879484820607
D_malignant_only__strict__26_xpn__post0,D_malignant_only,strict,26_xpn,False,high,False,False,False,False,False,10.0,18.0,0.4444444444444444,0.3551712878474504,0.560562978328488,0.60288,0.8481393833145027,0.9985597281724212,-0.0235077019240314,0.1875,0.2973578145991939,0.2640294388224471,0.22355105795768168,0.7600716204118174,0.32198835647111507,0.2640294388224471
A_confirmed_bad__knn__16_fsqn_r__post1,A_confirmed_bad,knn,16_fsqn_r,True,high,False,False,True,False,False,11.0,20.0,0.44999999999999996,0.3550496063227633,0.4920101269493749,0.6207363636363636,0.8840824566810144,0.9928804333303896,-0.01868790665347253,0.2172,0.12091356918943126,0.327966881324747,0.3891444342226311,0.6309310653536258,0.3600537393640842,0.3012879484820607
H_affymetrix_extended__knn__19_tdm__post1,H_affymetrix_extended,knn,19_tdm,True,high,False,False,False,False,False,5.0,11.0,0.5454545454545454,0.354967368457483,0.7753584905782855,0.5491400000000001,0.6383356000050072,0.996488413480222,-0.013094880176867829,0.125,0.6936856247201075,0.1467341306347746,0.015639374425023,0.7332139659803044,0.40483654276757725,0.13569457221711131
S0_no_removal__knn__05_combat__post0,S0_no_removal,knn,05_combat,False,medium,False,False,False,False,False,11.0,24.0,0.5416666666666667,0.3549599407655657,0.7795066784627123,0.6025636363636363,0.7245745884534089,0.958935879428037,-0.0157067988787864,0.1575,0.7053291536050157,0.26310947562097514,0.052897884084636616,0.5107430617726052,0.3837886251679355,0.21389144434222632
F_microarray_only__strict__26_xpn__post0,F_microarray_only,strict,26_xpn,False,high,False,False,False,False,False,6.0,18.0,0.6666666666666667,0.35469767504692845,0.4497103104679992,0.5076999999999999,0.8476963198127123,0.999268376295984,0.002167681003172023,0.195,0.05866547245857591,0.0827966881324747,0.2203311867525299,0.7927484333034915,0.6999552171965965,0.2736890524379025
G_affymetrix_only__strict__17_quantile__post1,G_affymetrix_only,strict,17_quantile,True,high,False,False,False,True,False,0.0,,,0.3539581797307232,0.3014861995753715,,,0.8951450823482263,0.004096415088072403,,0.006493506493506494,,,0.33415398388540735,0.7212270488132557,
G_affymetrix_only__strict__15_fsqn_py__post1,G_affymetrix_only,strict,15_fsqn_py,True,high,False,False,False,True,False,0.0,,,0.3539581797307232,0.3014861995753715,,,0.8951450823482263,0.004096415088072403,,0.006493506493506494,,,0.33415398388540735,0.7212270488132557,
K_ffpe_only__strict__02_median_scaling__post0,K_ffpe_only,strict,02_median_scaling,False,low,False,False,False,True,False,3.0,8.0,0.625,0.3539279001934184,0.4141582947718842,0.3698666666666666,0.5895362180189401,0.9999999870643208,0.07153392121194097,0.1662,0.03358710255261979,0.01655933762649494,0.0078196872125115,0.9189794091316025,0.9193909538737125,0.22723091076356947
E1_iterative_r1__knn__26_xpn__post1,E1_iterative_r1,knn,26_xpn,True,high,False,False,False,False,False,11.0,19.0,0.42105263157894735,0.353827297508097,0.5423270378140035,0.6196454545454546,0.8472668883613163,0.9925469975928533,-0.011701167127493695,0.203,0.251679355127631,0.3219871205151794,0.21849126034958602,0.6226499552372426,0.4231974921630094,0.2849586016559338
I_rare_batches_removed__softimpute__16_fsqn_r__post0,I_rare_batches_removed,softimpute,16_fsqn_r,False,high,False,False,False,False,False,9.0,15.0,0.4,0.35359087426278224,0.5681469094395964,0.6120333333333333,0.830823277275938,0.9920762616177314,-0.04028206845102966,0.3269,0.309896999552172,0.2980680772769089,0.17433302667893286,0.608325872873769,0.2369010300044783,0.49402023919043236
K_ffpe_only__softimpute__07_pycombat__post1,K_ffpe_only,softimpute,07_pycombat,True,medium,False,False,False,True,False,2.0,7.0,0.7142857142857143,0.3533494691271916,0.5087973573751331,0.4927,0.7400674378662356,0.999999976210956,0.01270196491626363,0.125,0.15897895208240037,0.07267709291628335,0.06439742410303588,0.9171888988361683,0.7711598746081505,0.13569457221711131
E3_iterative_r3__softimpute__21_harmonizr__post0,E3_iterative_r3,softimpute,21_harmonizr,False,medium,False,False,False,False,False,10.0,18.0,0.4444444444444444,0.3528799327805601,0.4970618159334539,0.58617,0.8824550564911277,0.9999970450694085,-0.05643258454398131,0.2564,0.1321092700403045,0.22401103955841767,0.3804047838086477,0.8621307072515667,0.16121809225257502,0.3574057037718491
B_extended_bad__strict__11_harmony__post0,B_extended_bad,strict,11_harmony,False,medium,False,False,True,False,False,10.0,16.0,0.375,0.35280078815534277,0.6144433111051213,0.5814199999999999,0.9292503873521708,0.6002351150936517,-0.012512842618681574,0.2679,0.3645320197044335,0.21435142594296228,0.655933762649494,0.09937332139659803,0.4084191670398567,0.37419503219871203
H_affymetrix_extended__knn__05_combat__post0,H_affymetrix_extended,knn,05_combat,False,medium,False,False,False,False,False,6.0,12.0,0.5,0.35276752768731034,0.7515779738133791,0.5209833333333332,0.419330917314545,0.8772906576430733,0.12559738133083942,0.1181,0.612628750559785,0.10257589696412144,0.0009199632014719411,0.3196060877350045,0.9776085982982534,0.10326586936522539
B_extended_bad__knn__28_npn__post1,B_extended_bad,knn,28_npn,True,high,False,False,True,False,False,9.0,15.0,0.4,0.35276151646384263,0.5050957316185698,0.6411555555555556,0.847479077052488,0.9947316704993134,-0.01633671412195817,0.1958,0.15002239140170176,0.39558417663293466,0.21895124195032198,0.7014324082363473,0.3752798925212718,0.27529898804047837
J_ff_only__softimpute__26_xpn__post0,J_ff_only,softimpute,26_xpn,False,high,False,False,False,False,False,7.0,15.0,0.5333333333333333,0.3524949594313238,0.532137500004334,0.6061571428571428,0.7837730560397189,0.9895373638729882,-0.029413986225777067,0.4205,0.22212270488132557,0.27736890524379026,0.10901563937442502,0.5752014324082364,0.2955665024630542,0.6356945722171113
E3_iterative_r3__softimpute__07_pycombat__post1,E3_iterative_r3,softimpute,07_pycombat,True,medium,False,False,False,False,False,10.0,17.0,0.4117647058823529,0.3524868234129737,0.5181437706489337,0.6496999999999999,0.9131960160287844,0.9947165666863856,-0.16346816667005326,0.1579,0.18360949395432155,0.4254829806807728,0.5593376264949402,0.7005371530886303,0.03045230631437528,0.2155013799448022
B_extended_bad__softimpute__16_fsqn_r__post0,B_extended_bad,softimpute,16_fsqn_r,False,high,False,False,True,False,False,10.0,16.0,0.375,0.35247560938424755,0.5830091711442354,0.67584,0.8546144760276495,0.991557037401698,-0.1315525269476897,0.2665,0.3309449171518137,0.5045998160073597,0.2511499540018399,0.5899731423455685,0.06583072100313479,0.3723551057957682
E2_iterative_r2__knn__26_xpn__post1,E2_iterative_r2,knn,26_xpn,True,high,False,False,False,False,False,11.0,18.0,0.38888888888888884,0.3522634156639408,0.5164871484238396,0.6148,0.8524692630291475,0.992449059661474,-0.012330516127793123,0.2551,0.1786833855799373,0.3058877644894204,0.24241030358785648,0.621307072515667,0.41110613524406625,0.35418583256669733
E3_iterative_r3__softimpute__26_xpn__post1,E3_iterative_r3,softimpute,26_xpn,True,high,False,False,False,False,False,9.0,17.0,0.47058823529411764,0.35226198797685204,0.5531846488835773,0.6746,0.7810465571179472,0.9917250186987536,-0.17605776163729558,0.4063,0.2843708016121809,0.49954001839926404,0.10579576816927323,0.5948970456580125,0.01903269144648455,0.609935602575897
G_affymetrix_only__softimpute__12_scanorama__post1,G_affymetrix_only,softimpute,12_scanorama,True,medium,False,False,False,True,False,2.0,2.0,0.0,0.3518253676091918,0.5689571508752962,0.5690000000000001,0.9319599386141076,0.0263844494546604,-0.0851067786171611,0.4772,0.31124048365427676,0.18169273229070837,0.6812327506899724,0.052372426141450316,0.08956560680698612,0.7948482060717571
H_affymetrix_extended__softimpute__14_qsmooth__post0,H_affymetrix_extended,softimpute,14_qsmooth,False,high,False,False,False,False,False,6.0,12.0,0.5,0.3517277418896545,0.7902353512080303,0.6566333333333333,0.893086780108613,0.8484638175061989,-0.041559506992926154,0.0839,0.7330944917151814,0.44250229990800366,0.43698252069917204,0.23455684870188004,0.22436184505150022,0.038868445262189515
D_malignant_only__knn__10_mnn__post0,D_malignant_only,knn,10_mnn,False,medium,False,False,False,False,False,10.0,18.0,0.4444444444444444,0.3516720247335878,0.6275929584799596,0.6766,0.905405557394404,0.0100281733951648,-0.03101673585290432,0.2727,0.3793103448275862,0.5068997240110396,0.514719411223551,0.044762757385854966,0.2834751455441111,0.38086476540938363
I_rare_batches_removed__knn__21_harmonizr__post1,I_rare_batches_removed,knn,21_harmonizr,True,medium,False,False,False,False,False,9.0,14.0,0.3571428571428571,0.35146631005400025,0.5734548420281822,0.5203555555555556,0.8561266937746259,0.99378361215509,0.002605500955022988,0.1154,0.31706224809673084,0.10027598896044158,0.25666973321067155,0.6463742166517458,0.7115987460815048,0.07681692732290708
D_malignant_only__knn__03_limma__post0,D_malignant_only,knn,03_limma,False,low,False,False,False,False,False,10.0,18.0,0.4444444444444444,0.35139176742212835,0.4703055791442324,0.59154,0.8726658830088108,0.999997949247268,-0.02360742831844842,0.1875,0.08374384236453201,0.23643054277828887,0.3270469181232751,0.8760071620411818,0.3210927004030452,0.2640294388224471
K_ffpe_only__strict__26_xpn__post1,K_ffpe_only,strict,26_xpn,True,high,False,False,False,True,False,2.0,7.0,0.7142857142857143,0.35123415702230476,0.495663787026633,0.44675,0.5179827535885186,0.9989341361973724,0.08160758983347152,0.1654,0.12673533363188536,0.04093836246550138,0.005519779208831647,0.7717099373321397,0.9359605911330049,0.2265409383624655
D_malignant_only__softimpute__03_limma__post1,D_malignant_only,softimpute,03_limma,True,low,False,False,False,False,False,9.0,17.0,0.47058823529411764,0.35097278204824606,0.49919461769521,0.5317444444444445,0.8918694559890061,0.9999985165463467,-0.0416232962759448,0.2308,0.13703537841468877,0.11867525298988041,0.4291628334866605,0.877797672336616,0.22301836094939542,0.3201471941122355
E3_iterative_r3__knn__26_xpn__post0,E3_iterative_r3,knn,26_xpn,False,high,False,False,False,False,False,10.0,18.0,0.4444444444444444,0.3508985064814574,0.5288030029626272,0.62031,0.847640473557496,0.9924010446884188,-0.009214493017261738,0.203,0.2149574563367667,0.3249770009199632,0.21987120515179392,0.6204118173679498,0.44021495745633676,0.2849586016559338
J_ff_only__softimpute__07_pycombat__post0,J_ff_only,softimpute,07_pycombat,False,medium,False,False,False,False,False,7.0,15.0,0.5333333333333333,0.3507941473654526,0.5217627864189589,0.6057142857142858,0.8742534567650969,0.9931168133881776,-0.0621962807312908,0.3482,0.19480519480519481,0.2746090156393744,0.3325666973321067,0.6338406445837064,0.13927451858486342,0.5296688132474701
H_affymetrix_extended__knn__29_combat_ref__post0,H_affymetrix_extended,knn,29_combat_ref,False,medium,False,False,False,False,False,6.0,12.0,0.5,0.350651297390599,0.7506472065519666,0.5191166666666667,0.4192785064130775,0.8776007732000027,0.12270174975354481,0.1181,0.6077026421854008,0.09705611775528979,0.00045998160073597056,0.320053715308863,0.9753694581280788,0.10326586936522539
E3_iterative_r3__strict__03_limma__post1,E3_iterative_r3,strict,03_limma,True,low,False,False,False,False,False,10.0,17.0,0.4117647058823529,0.35043607303945645,0.5184283279679598,0.58197,0.9095770922429844,0.9937915250317712,-0.01876147782029025,0.1269,0.1845051500223914,0.21527138914443422,0.5386384544618216,0.6468218442256043,0.35960591133004927,0.1577736890524379
E2_iterative_r2__knn__28_npn__post1,E2_iterative_r2,knn,28_npn,True,high,False,False,False,False,False,10.0,18.0,0.4444444444444444,0.35032904679189153,0.4892871365340368,0.59798,0.8609774184755139,0.9951610580689846,-0.016656413457398392,0.2559,0.11733094491715182,0.2534498620055198,0.27920883164673416,0.7238137869292749,0.37214509628302733,0.3560257589696412
E1_iterative_r1__knn__28_npn__post1,E1_iterative_r1,knn,28_npn,True,high,False,False,False,False,False,10.0,19.0,0.4736842105263158,0.3502543085561309,0.5012953462323597,0.5962500000000001,0.8607259448635272,0.9952276837193366,-0.020346339502713827,0.2588,0.14106583072100312,0.24885004599816007,0.2778288868445262,0.7251566696508505,0.3466188983430363,0.3620055197792088
E2_iterative_r2__softimpute__26_xpn__post0,E2_iterative_r2,softimpute,26_xpn,False,high,False,False,False,False,False,11.0,19.0,0.42105263157894735,0.3502472339593541,0.5546524818534999,0.6593090909090908,0.7716641379004137,0.9920609941827848,-0.17491040495787485,0.4212,0.28705776981639053,0.45170193192272307,0.09337626494940203,0.6074306177260519,0.025302283922973578,0.6366145354185833
I_rare_batches_removed__strict__03_limma__post1,I_rare_batches_removed,strict,03_limma,True,low,False,False,False,False,False,8.0,14.0,0.4285714285714286,0.350105902988238,0.5408808440781483,0.5536375,0.829779659998784,0.9938353708954698,0.02032406166156503,0.1154,0.24809673085535155,0.14949402023919042,0.16973321067157313,0.6477170993733214,0.8087774294670846,0.07681692732290708
E2_iterative_r2__softimpute__26_xpn__post1,E2_iterative_r2,softimpute,26_xpn,True,high,False,False,False,False,False,10.0,18.0,0.4444444444444444,0.3499674802572154,0.5554570408224275,0.6689,0.7799693803997936,0.9918939410447312,-0.17491040495787485,0.4031,0.28884908195253023,0.4779208831646734,0.10441582336706531,0.5998209489704566,0.025302283922973578,0.6034958601655934
D_malignant_only__softimpute__10_mnn__post1,D_malignant_only,softimpute,10_mnn,True,medium,False,False,False,False,False,9.0,17.0,0.47058823529411764,0.34969472910667515,0.6357939842757628,0.7129666666666666,0.9124829312211288,0.0046343777690121,-0.04807145337763624,0.2103,0.3905060456784595,0.6333946642134315,0.5538178472861086,0.04162936436884512,0.18719211822660098,0.29162833486660533
E3_iterative_r3__softimpute__21_harmonizr__post1,E3_iterative_r3,softimpute,21_harmonizr,True,medium,False,False,False,False,False,10.0,17.0,0.4117647058823529,0.34945070252858473,0.4837382441040979,0.59037,0.883330353350463,0.9999969806077266,-0.05489035479947896,0.2487,0.10747872816838334,0.23229070837166513,0.38546458141674333,0.8612354521038496,0.16524854455888938,0.34498620055197793
J_ff_only__knn__26_xpn__post0,J_ff_only,knn,26_xpn,False,high,False,False,False,False,False,7.0,15.0,0.5333333333333333,0.3493881791163684,0.5284230311754262,0.6111285714285714,0.7456465877750859,0.989538394670484,-0.029381960515467598,0.4265,0.21316614420062696,0.29254829806807725,0.0749770009199632,0.5756490599820949,0.29601433049708914,0.6439742410303588
F_microarray_only__strict__03_limma__post0,F_microarray_only,strict,03_limma,False,low,False,False,False,False,False,6.0,18.0,0.6666666666666667,0.34934248785830446,0.3645254474157113,0.5804333333333332,0.8054647102758346,0.9999995722655408,0.010201706867002835,0.1169,0.012539184952978056,0.21113155473781048,0.12879484820607176,0.8863025962399284,0.7586206896551724,0.09866605335786569
E3_iterative_r3__softimpute__07_pycombat__post0,E3_iterative_r3,softimpute,07_pycombat,False,medium,False,False,False,False,False,10.0,18.0,0.4444444444444444,0.3491904054352261,0.5025003493262288,0.65952,0.9113014918491332,0.9948278528233212,-0.1640672217747675,0.1579,0.14375279892521273,0.4521619135234591,0.546918123275069,0.7072515666965085,0.029556650246305417,0.2155013799448022
K_ffpe_only__softimpute__10_mnn__post1,K_ffpe_only,softimpute,10_mnn,True,medium,False,False,False,True,False,2.0,7.0,0.7142857142857143,0.3489995693605194,0.4528760106487666,0.6928,0.8388280367152361,0.1300629733741767,-0.011792202032551047,0.4794,0.06180026869682042,0.5551977920883164,0.1890524379024839,0.07341092211280215,0.4169278996865204,0.797608095676173
G_affymetrix_only__strict__03_limma__post1,G_affymetrix_only,strict,03_limma,True,low,False,False,False,True,False,0.0,,,0.3487195873513906,0.1755986316989737,,,0.9999999970010478,-0.07270100693017695,,0.0013434841021047917,,,0.927484333034915,0.11733094491715182,
H_affymetrix_extended__knn__06_combat_seq__post0,H_affymetrix_extended,knn,06_combat_seq,False,medium,False,False,False,False,False,6.0,12.0,0.5,0.3481365019637824,0.7933276416482054,0.65455,0.8775733534929266,0.8369954546665314,-0.019624842583643276,0.0,0.7398119122257053,0.437442502299908,0.34452621895124197,0.21038495971351837,0.3497536945812808,0.0068997240110395585
E1_iterative_r1__strict__02_median_scaling__post1,E1_iterative_r1,strict,02_median_scaling,True,low,False,False,False,False,False,10.0,19.0,0.4736842105263158,0.3481047371093933,0.4593651416774384,0.57762,0.8855913589946063,0.9940155999810444,-0.0034718015408535807,0.1915,0.06986117330944917,0.2046918123275069,0.3969641214351426,0.6566696508504923,0.48813255709807435,0.27230910763569455
D_malignant_only__softimpute__28_npn__post0,D_malignant_only,softimpute,28_npn,False,high,False,False,False,False,False,10.0,18.0,0.4444444444444444,0.34789259777643444,0.5327765733416713,0.53938,0.8520855781794724,0.999931139612942,-0.031967701357054776,0.2776,0.22436184505150022,0.12695492180312787,0.24011039558417663,0.8227394807520143,0.2794446932377967,0.3937442502299908
H_affymetrix_extended__softimpute__13_fsmvn__post1,H_affymetrix_extended,softimpute,13_fsmvn,True,medium,False,False,False,False,False,6.0,11.0,0.4545454545454546,0.3478495560074681,0.5904765409421787,0.6243666666666666,0.8333163829793955,0.9999999975551428,-0.04323913574796695,0.1154,0.34169278996865204,0.34498620055197793,0.17847286108555657,0.9279319606087735,0.21719659650694134,0.07681692732290708
S0_no_removal__strict__13_fsmvn__post0,S0_no_removal,strict,13_fsmvn,False,medium,True,False,False,False,False,11.0,24.0,0.5416666666666667,0.347503749908812,0.5064030525445178,0.6121454545454545,0.8729818831260674,0.9951323818589108,-0.0021308076312946955,0.1154,0.15315718763994626,0.29944802207911686,0.32842686292548295,0.7215756490599821,0.5055978504254366,0.07681692732290708
K_ffpe_only__knn__31_ruv3prps__post0,K_ffpe_only,knn,31_ruv3prps,False,medium,False,False,False,True,False,3.0,8.0,0.625,0.347201886758572,0.5038697240068145,0.626,0.899998285513515,0.8019135556578822,0.016560625968301712,0.125,0.14733542319749215,0.3514259429622815,0.4788408463661454,0.18084153983885407,0.7890729959695477,0.13569457221711131
J_ff_only__knn__12_scanorama__post1,J_ff_only,knn,12_scanorama,True,medium,False,False,False,False,False,7.0,14.0,0.5,0.3469687355753543,0.5888061798849478,0.6547,0.96751934149491,0.118409216724482,-0.07824638094009062,0.129,0.34034930586654727,0.43790248390064396,0.9650413983440662,0.07162041181736795,0.10613524406627856,0.1607635694572217
S0_no_removal__softimpute__21_harmonizr__post0,S0_no_removal,softimpute,21_harmonizr,False,medium,False,False,False,False,False,11.0,24.0,0.5416666666666667,0.34693083607709924,0.4952644138566955,0.6523727272727272,0.8758096728520759,0.9999971791302984,-0.039004160690754575,0.1154,0.1258396775638155,0.43238270469181234,0.3390064397424103,0.864816472694718,0.24272279444693237,0.07681692732290708
E1_iterative_r1__softimpute__26_xpn__post1,E1_iterative_r1,softimpute,26_xpn,True,high,False,False,False,False,False,10.0,19.0,0.4736842105263158,0.346555603395808,0.5560516115446958,0.6692,0.7798420919948943,0.9920422085817584,-0.17721486521199625,0.3987,0.290192566054635,0.48022079116835326,0.10395584176632934,0.6065353625783348,0.008732646663681147,0.5896964121435143
I_rare_batches_removed__softimpute__16_fsqn_r__post1,I_rare_batches_removed,softimpute,16_fsqn_r,True,high,False,False,False,False,False,9.0,14.0,0.3571428571428571,0.3463543709160153,0.586036829088255,0.6207111111111111,0.8351186099419501,0.9919067918344016,-0.03914558824579384,0.2743,0.3363188535602329,0.32750689972401104,0.18169273229070837,0.6007162041181737,0.24182713837886252,0.39006439742410304
B_extended_bad__softimpute__07_pycombat__post1,B_extended_bad,softimpute,07_pycombat,True,medium,False,False,True,False,False,10.0,15.0,0.33333333333333337,0.34615332249874414,0.525273310058663,0.64663,0.9109281239760711,0.9943661489630544,-0.14007038193141097,0.1395,0.20241827138378862,0.41306347746090155,0.5446182152713891,0.67591763652641,0.06403940886699508,0.1768629254829807
H_affymetrix_extended__strict__28_npn__post1,H_affymetrix_extended,strict,28_npn,True,high,False,False,False,False,False,6.0,11.0,0.4545454545454546,0.3460922053659942,0.4572292637340143,0.5809833333333333,0.8071474929032568,0.9998663439999144,-0.02889569624580934,0.3664,0.06851768920734438,0.21297148114075437,0.13063477460901565,0.8146821844225605,0.2991491267353336,0.5505979760809567
B_extended_bad__softimpute__26_xpn__post1,B_extended_bad,softimpute,26_xpn,True,high,False,False,True,False,False,9.0,15.0,0.4,0.34607841055849303,0.5765724258816038,0.6647222222222222,0.7842259176296091,0.9913009441104368,-0.15815254565332948,0.3773,0.32198835647111507,0.46366145354185834,0.10947562097516099,0.5846016114592659,0.03694581280788178,0.5597976080956761
E3_iterative_r3__knn__26_xpn__post1,E3_iterative_r3,knn,26_xpn,True,high,False,False,False,False,False,10.0,17.0,0.4117647058823529,0.34555028021252293,0.5067026698002187,0.6139300000000001,0.8534839171244735,0.9923020183671312,-0.014078864184025819,0.2542,0.154948499776086,0.30358785648574055,0.24747010119595217,0.6181736794986571,0.3967756381549485,0.35234590616375344
A_confirmed_bad__softimpute__26_xpn__post0,A_confirmed_bad,softimpute,26_xpn,False,high,False,False,True,False,False,11.0,21.0,0.47619047619047616,0.3451123597582681,0.54448045021514,0.6610818181818182,0.7706591210547646,0.9923415941392127,-0.17623414150224465,0.4183,0.2601880877742947,0.45538178472861085,0.09153633854645814,0.6195165622202328,0.014106583072100314,0.6299448022079117
E1_iterative_r1__softimpute__26_xpn__post0,E1_iterative_r1,softimpute,26_xpn,False,high,False,False,False,False,False,11.0,20.0,0.44999999999999996,0.34505003407072427,0.5538384832810841,0.6548818181818182,0.7715124793489454,0.9922027631507564,-0.17721486521199625,0.4183,0.2857142857142857,0.43974241030358785,0.09291628334866606,0.6132497761862131,0.008732646663681147,0.6299448022079117
D_malignant_only__knn__09_ruv__post1,D_malignant_only,knn,09_ruv,True,medium,False,False,False,False,False,10.0,17.0,0.4117647058823529,0.3450179812815097,0.6012506128769203,0.65174,0.8681912165656159,0.7380889114875265,0.015027504009132775,0.0909,0.3515450067174205,0.43054277828886844,0.30726770929162833,0.153088630259624,0.7823555754590238,0.0453081876724931
E1_iterative_r1__strict__03_limma__post0,E1_iterative_r1,strict,03_limma,False,low,False,False,False,False,False,11.0,20.0,0.44999999999999996,0.34472642647772256,0.4921012229653264,0.6574181818181818,0.8933481085828675,0.994547398311474,-0.02484246221165265,0.1014,0.12136139722346619,0.4452621895124195,0.4420423183072677,0.6915846016114593,0.31751007613076576,0.050597976080956765
J_ff_only__strict__12_scanorama__post1,J_ff_only,strict,12_scanorama,True,medium,False,False,False,False,False,6.0,14.0,0.5714285714285714,0.34425789513674077,0.7091313710196416,0.5609333333333334,0.94629380615944,0.0358095675993155,-0.08432822115104721,0.2927,0.503358710255262,0.16467341306347746,0.8325666973321068,0.05774395702775291,0.09046126287505597,0.41674333026678934
A_confirmed_bad__softimpute__12_scanorama__post1,A_confirmed_bad,softimpute,12_scanorama,True,medium,False,False,True,False,False,11.0,20.0,0.44999999999999996,0.34423101132781936,0.7865196730994276,0.7303363636363636,0.7923903328861939,-0.0642373070273601,-0.17623389867368483,0.3333,0.7201074787281684,0.6895124195032198,0.11683532658693652,0.01521933751119069,0.0161218092252575,0.5075896964121435
H_affymetrix_extended__softimpute__28_npn__post1,H_affymetrix_extended,softimpute,28_npn,True,high,False,False,False,False,False,6.0,11.0,0.4545454545454546,0.344225549218317,0.5433724507469697,0.6302333333333333,0.8091191770033465,0.9996731280899938,-0.11983655825687102,0.2976,0.25660546350201524,0.3647654093836247,0.1343146274149034,0.8052820053715309,0.07568293775190327,0.42870285188592455
D_malignant_only__strict__03_limma__post1,D_malignant_only,strict,03_limma,True,low,False,False,False,False,False,9.0,17.0,0.47058823529411764,0.3438334655263387,0.4565524880496986,0.5266666666666667,0.8919509021229467,0.99999728012442,-0.023329285108963038,0.1875,0.06672637707120466,0.11131554737810488,0.43054277828886844,0.8666069829901522,0.3237796686072548,0.2640294388224471
E2_iterative_r2__knn__12_scanorama__post0,E2_iterative_r2,knn,12_scanorama,False,medium,False,False,False,False,False,11.0,19.0,0.42105263157894735,0.34375817015451743,0.7085952444051925,0.6930545454545455,0.8797744424672317,-0.1258670448655126,-0.043408292554758865,0.2974,0.4993282579489476,0.5570377184912604,0.35878564857405704,0.005819158460161146,0.21540528437080161,0.42617295308187675
D_malignant_only__knn__21_harmonizr__post1,D_malignant_only,knn,21_harmonizr,True,medium,False,False,False,False,False,10.0,17.0,0.4117647058823529,0.3435119595840132,0.554062227597547,0.53302,0.8765251612762023,0.999994631014554,-0.05257795311016378,0.2205,0.2861621137483206,0.11913523459061638,0.3422263109475621,0.8401969561324978,0.1683833407971339,0.3049678012879485
D_malignant_only__strict__16_fsqn_r__post0,D_malignant_only,strict,16_fsqn_r,False,high,False,False,False,False,False,10.0,18.0,0.4444444444444444,0.3431736177223755,0.5197102035222951,0.57756,0.871390043442124,0.9985031475030028,-0.023456365478137564,0.1875,0.1889834303627407,0.20423183072677092,0.3215271389144434,0.7573858549686661,0.322884012539185,0.2640294388224471
E3_iterative_r3__softimpute__26_xpn__post0,E3_iterative_r3,softimpute,26_xpn,False,high,False,False,False,False,False,10.0,18.0,0.4444444444444444,0.3430761342029311,0.5499038043899126,0.6601199999999999,0.768565040983795,0.9918993158557208,-0.17605776163729558,0.4154,0.27586206896551724,0.45354185832566696,0.08831646734130635,0.6002685765443151,0.01903269144648455,0.6214351425942962
E2_iterative_r2__strict__03_limma__post0,E2_iterative_r2,strict,03_limma,False,low,False,False,False,False,False,11.0,19.0,0.42105263157894735,0.34293470292488687,0.4804020052015529,0.6587454545454545,0.893215292696034,0.9944342513669668,-0.02174779305715735,0.0986,0.10008956560680698,0.4500919963201472,0.43974241030358785,0.6835273052820053,0.3363188535602329,0.04783808647654094
G_affymetrix_only__softimpute__03_limma__post1,G_affymetrix_only,softimpute,03_limma,True,low,False,False,False,True,False,2.0,2.0,0.0,0.34290605465455104,0.3007358862437111,0.30074999999999996,0.7240103152456241,1.0,0.08804116368153414,0.1154,0.005821764442454098,0.010119595216191352,0.05243790248390064,0.9677708146821844,0.9444693237796686,0.07681692732290708
S0_no_removal__softimpute__16_fsqn_r__post1,S0_no_removal,softimpute,16_fsqn_r,True,high,False,False,False,False,False,11.0,23.0,0.5217391304347826,0.34288090295740675,0.5278025201376493,0.6126272727272727,0.8458864710236477,0.9926323830326044,-0.043593346213292195,0.3262,0.21047917599641738,0.30082796688132474,0.21573137074517018,0.6244404655326768,0.21316614420062696,0.4926402943882245
B_extended_bad__softimpute__07_pycombat__post0,B_extended_bad,softimpute,07_pycombat,False,medium,False,False,True,False,False,10.0,16.0,0.375,0.3423930345245716,0.4979284609787435,0.65715,0.9098160129602686,0.9944928080150988,-0.14089507223160358,0.1429,0.1334527541424093,0.4429622815087397,0.5395584176632935,0.6866606982990152,0.06359158083296014,0.18813247470101196
J_ff_only__knn__12_scanorama__post0,J_ff_only,knn,12_scanorama,False,medium,False,False,False,False,False,7.0,15.0,0.5333333333333333,0.34235642360228025,0.6096505665132769,0.6406428571428572,0.9673344718584872,0.1197819236684992,-0.07824630016392686,0.1277,0.35915808329601434,0.3942042318307268,0.9627414903403864,0.0720680393912265,0.10658307210031348,0.1593836246550138
F_microarray_only__softimpute__07_pycombat__post1,F_microarray_only,softimpute,07_pycombat,True,medium,False,False,False,False,False,6.0,17.0,0.6470588235294117,0.3420346945934521,0.484202791645543,0.6844333333333333,0.8081349458571262,0.9999998049003362,-0.026740873312695812,0.1154,0.10882221227048813,0.5275988960441582,0.13247470101195952,0.8957027752909579,0.31079265562024183,0.07681692732290708
I_rare_batches_removed__softimpute__20_shambhala__post0,I_rare_batches_removed,softimpute,20_shambhala,False,high,False,False,False,False,False,9.0,15.0,0.4,0.341748953088676,0.7055002163827299,0.6866444444444445,0.8593240127473086,0.8025477624980593,-0.057944446818074424,0.2947,0.490371697268249,0.5335786568537259,0.27230910763569455,0.18128916741271262,0.15114196148678907,0.421803127874885
J_ff_only__strict__26_xpn__post0,J_ff_only,strict,26_xpn,False,high,False,False,False,False,False,7.0,15.0,0.5333333333333333,0.3414183719895936,0.5192279548376818,0.6038,0.7919010953167244,0.989277827256707,-0.035002905282843666,0.425,0.18853560232870578,0.2672493100275989,0.11545538178472861,0.5743061772605192,0.2619793999104344,0.640984360625575
I_rare_batches_removed__softimpute__13_fsmvn__post1,I_rare_batches_removed,softimpute,13_fsmvn,True,medium,False,False,False,False,False,8.0,14.0,0.4285714285714286,0.34141160768808065,0.5831868908072565,0.6243375,0.8844268838722981,0.9976822129879578,-0.05774288769491531,0.1154,0.33139274518584866,0.34406623735050595,0.3923643054277829,0.7488809310653536,0.154948499776086,0.07681692732290708
I_rare_batches_removed__softimpute__28_npn__post1,I_rare_batches_removed,softimpute,28_npn,True,high,False,False,False,False,False,8.0,14.0,0.4285714285714286,0.34106827085800023,0.5709676349208469,0.6141625000000001,0.8570203342612815,0.9943525843365936,-0.039946997228107226,0.1806,0.31527093596059114,0.3045078196872125,0.2621895124195032,0.6745747538048343,0.23779668607254814,0.25206991720331184
E1_iterative_r1__knn__16_fsqn_r__post1,E1_iterative_r1,knn,16_fsqn_r,True,high,False,False,False,False,False,10.0,19.0,0.4736842105263158,0.34098327442156684,0.4805878766092448,0.60795,0.8722924072210114,0.992823190616312,-0.018191828652826203,0.2463,0.10076130765785939,0.28334866605335784,0.3261269549218031,0.6293643688451208,0.3645320197044335,0.3417663293468261
E3_iterative_r3__strict__02_median_scaling__post1,E3_iterative_r3,strict,02_median_scaling,True,low,False,False,False,False,False,9.0,17.0,0.47058823529411764,0.340904084430017,0.4425245239464492,0.5727111111111111,0.8846823144380238,0.9937513424925396,-0.004939587215317287,0.2038,0.05553067622033139,0.1922723091076357,0.3942042318307268,0.6445837063563116,0.471115091804747,0.2877184912603496
K_ffpe_only__knn__18_rank__post0,K_ffpe_only,knn,18_rank,False,high,False,False,False,True,False,3.0,8.0,0.625,0.34076742556105694,0.5275500631022745,0.6187999999999999,0.8599765608353782,0.9403991930684552,0.0,0.125,0.21003134796238246,0.31968721251149956,0.2750689972401104,0.4946284691136974,0.6094939543215405,0.13569457221711131
G_affymetrix_only__softimpute__07_pycombat__post1,G_affymetrix_only,softimpute,07_pycombat,True,medium,False,False,False,True,False,0.0,,,0.3406584822785854,0.0997624703087886,,,0.9999999977135628,-0.08267125563904154,,0.0008956560680698612,,,0.9288272157564906,0.0922525750111957,
E2_iterative_r2__knn__11_harmony__post0,E2_iterative_r2,knn,11_harmony,False,medium,False,False,False,False,False,11.0,19.0,0.42105263157894735,0.3406281882031538,0.7052002253650489,0.550590909090909,0.9100920328967816,0.5543803245117775,0.010544036862655148,0.0403,0.48992386923421405,0.14811407543698252,0.5413983440662373,0.0846016114592659,0.7604120017913122,0.019319227230910764
E1_iterative_r1__strict__03_limma__post1,E1_iterative_r1,strict,03_limma,True,low,False,False,False,False,False,11.0,19.0,0.42105263157894735,0.3406229837535193,0.4804020052015529,0.6587454545454545,0.8932159163411649,0.9944341582550874,-0.02349470568556944,0.0986,0.10008956560680698,0.4500919963201472,0.4402023919043238,0.6830796777081468,0.32243618450515005,0.04783808647654094
S0_no_removal__softimpute__16_fsqn_r__post0,S0_no_removal,softimpute,16_fsqn_r,False,high,False,False,False,False,False,11.0,24.0,0.5416666666666667,0.3403733274010596,0.5175106042834838,0.6149272727272727,0.845212281843611,0.9927517420122988,-0.043362560488659996,0.3291,0.18181818181818182,0.3063477460901564,0.21297148114075437,0.6280214861235452,0.21630094043887146,0.49678012879484823
I_rare_batches_removed__softimpute__21_harmonizr__post1,I_rare_batches_removed,softimpute,21_harmonizr,True,medium,False,False,False,False,False,9.0,14.0,0.3571428571428571,0.34036503427565773,0.6257976788585509,0.6302444444444445,0.8618936881792697,0.9942749965793872,-0.03390431227808677,0.1154,0.3775190326914465,0.36522539098436063,0.2847286108555658,0.6687555953446732,0.2691446484549933,0.07681692732290708
G_affymetrix_only__softimpute__14_qsmooth__post0,G_affymetrix_only,softimpute,14_qsmooth,False,high,False,False,False,True,False,2.0,3.0,0.33333333333333337,0.3402872440168068,0.481370263035853,0.22425,0.949404619852535,0.8559305668359545,0.0,0.1473,0.10210479175996418,0.004139834406623735,0.8758049678012879,0.25514771709937334,0.6094939543215405,0.19503219871205152
H_affymetrix_extended__strict__28_npn__post0,H_affymetrix_extended,strict,28_npn,False,high,False,False,False,False,False,6.0,12.0,0.5,0.33989675400167235,0.4453190920136953,0.5716,0.808061622850736,0.9998682834164636,-0.02897711435243184,0.3631,0.057321988356471114,0.18836246550137994,0.13201471941122356,0.815129811996419,0.29825347066726376,0.5482980680772769
H_affymetrix_extended__softimpute__14_qsmooth__post1,H_affymetrix_extended,softimpute,14_qsmooth,True,high,False,False,False,False,False,6.0,11.0,0.4545454545454546,0.3394304340235103,0.7701259124366135,0.6547166666666667,0.8935646559095239,0.8502527427353745,-0.045771298808047256,0.0839,0.6748768472906403,0.43836246550137997,0.4452621895124195,0.23813786929274844,0.20107478728168382,0.038868445262189515
A_confirmed_bad__softimpute__26_xpn__post1,A_confirmed_bad,softimpute,26_xpn,True,high,False,False,True,False,False,10.0,20.0,0.5,0.33926271728957813,0.5411458016408395,0.6682400000000001,0.7820608490917814,0.992187210986244,-0.17623414150224465,0.3922,0.24854455888938648,0.47562097516099355,0.10671573137074516,0.6110116383169203,0.014106583072100314,0.5795768169273229
A_confirmed_bad__knn__26_xpn__post1,A_confirmed_bad,knn,26_xpn,True,high,False,False,True,False,False,11.0,20.0,0.44999999999999996,0.33917916619806415,0.5271229467279873,0.6176272727272727,0.8380508770058229,0.992682247505458,-0.012011382830351858,0.203,0.2077922077922078,0.31462741490340385,0.18767249310027598,0.6257833482542524,0.4142409314823108,0.2849586016559338
D_malignant_only__strict__28_npn__post0,D_malignant_only,strict,28_npn,False,high,False,False,False,False,False,10.0,18.0,0.4444444444444444,0.33879532325734774,0.5035696787047707,0.5223,0.8711707069731126,0.9999277264383364,-0.01411438063073395,0.1765,0.1464397671294223,0.10533578656853726,0.31968721251149956,0.8209489704565801,0.39587998208687863,0.24448022079116835
H_affymetrix_extended__strict__20_shambhala__post0,H_affymetrix_extended,strict,20_shambhala,False,high,False,False,False,False,False,6.0,10.0,0.4,0.3382898966707286,0.6628991296180105,0.6662333333333333,0.759468241939183,0.8364642162433319,-0.048834599166425074,0.4286,0.4303627407075683,0.46918123275068996,0.08417663293468261,0.20948970456580127,0.1845051500223914,0.6520239190432383
G_affymetrix_only__strict__28_npn__post0,G_affymetrix_only,strict,28_npn,False,high,False,False,False,True,False,2.0,3.0,0.33333333333333337,0.3382649261469222,0.5296498096670302,0.39690000000000003,0.7337883245392716,0.9998301822037912,-0.018808039080044362,0.3821,0.21630094043887146,0.019779208831646734,0.05749770009199632,0.8124440465532676,0.3587102552619794,0.5648574057037719
A_confirmed_bad__softimpute__16_fsqn_r__post0,A_confirmed_bad,softimpute,16_fsqn_r,False,high,False,False,True,False,False,11.0,21.0,0.47619047619047616,0.3379464579815521,0.5465722563823373,0.6668272727272727,0.8504288362533453,0.9923247167929274,-0.14674992119062408,0.2707,0.2651141961486789,0.47194112235510577,0.23275068997240111,0.6190689346463742,0.0600089565606807,0.37879484820607173
C_rnaseq_only__softimpute__07_pycombat__post0,C_rnaseq_only,softimpute,07_pycombat,False,medium,False,False,False,False,False,5.0,6.0,0.16666666666666663,0.33753154125461676,0.5799346662852206,0.5660000000000001,0.8655777052034739,0.9847224064791864,-0.03750883682095707,0.2886,0.3278101209135692,0.17065317387304507,0.3012879484820607,0.562667860340197,0.24809673085535155,0.41467341306347744
F_microarray_only__strict__20_shambhala__post1,F_microarray_only,strict,20_shambhala,True,high,False,False,False,False,False,6.0,17.0,0.6470588235294117,0.33717598343842453,0.7406733188121968,0.6394333333333333,0.8035806005891514,0.8383633641235173,-0.004852711036858248,0.1714,0.5794894760412002,0.3923643054277829,0.12695492180312787,0.21396598030438674,0.4720107478728168,0.23827046918123276
E2_iterative_r2__strict__11_harmony__post1,E2_iterative_r2,strict,11_harmony,True,medium,False,False,False,False,False,11.0,18.0,0.38888888888888884,0.33693659821112454,0.6483403312252967,0.5690818181818181,0.9397538211793578,0.6069932570423296,-0.0021054268149961475,0.1118,0.4057321988356471,0.18261269549218032,0.7695492180312787,0.10340196956132498,0.5060456784594716,0.05427782888684453
G_affymetrix_only__knn__09_ruv__post0,G_affymetrix_only,knn,09_ruv,False,medium,False,False,False,True,False,2.0,3.0,0.33333333333333337,0.3369181019946937,0.4840355557228694,0.5005,0.9418562698617328,0.7119553209608533,-0.12196174462314402,0.4942,0.10837438423645321,0.07681692732290708,0.7930082796688133,0.14100268576544314,0.07433945364979848,0.827966881324747
J_ff_only__strict__12_scanorama__post0,J_ff_only,strict,12_scanorama,False,medium,False,False,False,False,False,7.0,15.0,0.5333333333333333,0.336884561521723,0.6944438623417176,0.5524,0.9479369018854922,0.0365563481978927,-0.0843280510949238,0.2791,0.471115091804747,0.14903403863845446,0.8560257589696412,0.05863921217547001,0.09090909090909091,0.39558417663293466
A_confirmed_bad__softimpute__16_fsqn_r__post1,A_confirmed_bad,softimpute,16_fsqn_r,True,high,False,False,True,False,False,11.0,20.0,0.44999999999999996,0.33687778673923496,0.5492504270238436,0.6704181818181818,0.8489604802251891,0.992187405691665,-0.14690014703052917,0.2606,0.2722794446932378,0.48482060717571296,0.22723091076356947,0.6114592658907789,0.05956112852664577,0.3659153633854646
K_ffpe_only__knn__26_xpn__post1,K_ffpe_only,knn,26_xpn,True,high,False,False,False,True,False,2.0,7.0,0.7142857142857143,0.33681646779392466,0.4750033968533831,0.4286,0.5013157191862747,0.9991723955392466,0.09099226112280079,0.1291,0.09359605911330049,0.028518859245630176,0.004139834406623735,0.7855863921217547,0.9476041200179132,0.16145354185832567
I_rare_batches_removed__strict__28_npn__post0,I_rare_batches_removed,strict,28_npn,False,high,False,False,False,False,False,9.0,15.0,0.4,0.33676679421096306,0.5165086347825508,0.5768333333333333,0.8396334345541384,0.99450127886189,-0.010990375262512203,0.239,0.17957904164800717,0.2014719411223551,0.19181232750689972,0.6880035810205909,0.42946708463949845,0.33026678932842685
C_rnaseq_only__softimpute__15_fsqn_py__post1,C_rnaseq_only,softimpute,15_fsqn_py,True,high,False,False,False,True,False,4.0,5.0,0.19999999999999996,0.33652229806366923,0.6981754622038316,0.6396,0.8153484968725734,0.7429090364765084,-0.07836364208357416,0.4633,0.47962382445141066,0.39282428702851885,0.14627414903403863,0.1546553267681289,0.0987460815047022,0.7470101195952162
S0_no_removal__knn__21_harmonizr__post0,S0_no_removal,knn,21_harmonizr,False,medium,False,False,False,False,False,11.0,24.0,0.5416666666666667,0.3361888733622964,0.6014077274518356,0.5666909090909091,0.8627427372942778,0.9988078256064457,-0.04028935603868833,0.1526,0.35199283475145543,0.1734130634774609,0.2874885004599816,0.7672336615935542,0.23645320197044334,0.20055197792088317
G_affymetrix_only__strict__13_fsmvn__post1,G_affymetrix_only,strict,13_fsmvn,True,medium,False,False,False,True,False,0.0,,,0.336174388593121,0.3522142121524201,,,1.0,-0.1702660407219223,,0.011643528884908196,,,0.9677708146821844,0.02910882221227049,
E1_iterative_r1__softimpute__16_fsqn_r__post0,E1_iterative_r1,softimpute,16_fsqn_r,False,high,False,False,False,False,False,11.0,20.0,0.44999999999999996,0.3361072206335705,0.5493450774694112,0.6707363636363636,0.849016832334442,0.9921878732894264,-0.14787984230729734,0.2606,0.2727272727272727,0.48689052437902486,0.2281508739650414,0.6119068934646374,0.05105239587998209,0.3659153633854646
F_microarray_only__softimpute__07_pycombat__post0,F_microarray_only,softimpute,07_pycombat,False,medium,False,False,False,False,False,6.0,18.0,0.6666666666666667,0.33595485660728214,0.4558655176251341,0.6866833333333333,0.8093312862910933,0.9999998099028916,-0.027302023516016405,0.1154,0.06538289296909987,0.5340386384544619,0.13523459061637536,0.8961504028648165,0.3081056874160322,0.07681692732290708
E2_iterative_r2__softimpute__10_mnn__post0,E2_iterative_r2,softimpute,10_mnn,False,medium,False,False,False,False,False,11.0,19.0,0.42105263157894735,0.3357752526955402,0.6842200197020485,0.6848545454545455,0.899167324290009,0.0162621619292347,-0.17490984895209488,0.3217,0.45947156291983876,0.5294388224471022,0.4751609935602576,0.048343777976723366,0.027765338110165697,0.4744710211591536
I_rare_batches_removed__knn__28_npn__post0,I_rare_batches_removed,knn,28_npn,False,high,False,False,False,False,False,9.0,15.0,0.4,0.33573151881337976,0.5391624698390698,0.5406777777777777,0.8426462815064656,0.9950507043162328,-0.007665267984141605,0.1878,0.24361845051500225,0.12925482980680772,0.20285188592456302,0.7175470008952551,0.4540976265114196,0.26701931922723093
B_extended_bad__softimpute__16_fsqn_r__post1,B_extended_bad,softimpute,16_fsqn_r,True,high,False,False,True,False,False,9.0,15.0,0.4,0.3353114745536441,0.5692470741151935,0.6669333333333333,0.8413855093128455,0.991466626189718,-0.13149365088319487,0.2665,0.31303179579041646,0.4724011039558418,0.19917203311867526,0.5886302596239928,0.06627854903716973,0.3723551057957682
E3_iterative_r3__softimpute__16_fsqn_r__post0,E3_iterative_r3,softimpute,16_fsqn_r,False,high,False,False,False,False,False,10.0,18.0,0.4444444444444444,0.3347810312623822,0.5440340333926681,0.67015,0.8505438469986291,0.9918927742310988,-0.1471455526978236,0.2686,0.25839677563815494,0.484360625574977,0.23367065317387303,0.599373321396598,0.057769816390506046,0.375114995400184
I_rare_batches_removed__knn__09_ruv__post0,I_rare_batches_removed,knn,09_ruv,False,medium,False,False,False,False,False,9.0,15.0,0.4,0.3342327865572834,0.6861147171265551,0.5993888888888889,0.927261567243462,0.6880907494750008,-0.006287826378036265,0.113,0.4608150470219436,0.25666973321067155,0.640294388224471,0.12667860340196957,0.4657411553963278,0.05519779208831647
E2_iterative_r2__softimpute__16_fsqn_r__post0,E2_iterative_r2,softimpute,16_fsqn_r,False,high,False,False,False,False,False,11.0,19.0,0.42105263157894735,0.33411448903519664,0.5441817604653443,0.666109090909091,0.8536576426864413,0.9920512985641924,-0.14630860936820583,0.2584,0.25884460367218987,0.46826126954921804,0.24839006439742412,0.6069829901521934,0.06135244066278549,0.3608555657773689
D_malignant_only__strict__16_fsqn_r__post1,D_malignant_only,strict,16_fsqn_r,True,high,False,False,False,False,False,10.0,17.0,0.4117647058823529,0.3340840363620174,0.5400065498205708,0.57199,0.8713894563870848,0.9984853717639836,-0.024121606197510803,0.1333,0.24540976265114195,0.19135234590616376,0.32106715731370744,0.7569382273948075,0.3188535602328706,0.17088316467341305
H_affymetrix_extended__softimpute__28_npn__post0,H_affymetrix_extended,softimpute,28_npn,False,high,False,False,False,False,False,6.0,12.0,0.5,0.33401397920332393,0.5274451153523453,0.6289666666666667,0.7859229918916636,0.9996809423074442,-0.11989238031889732,0.3031,0.20913569189431258,0.36154553817847285,0.11177552897884084,0.8057296329453895,0.07523510971786834,0.4406623735050598
K_ffpe_only__strict__17_quantile__post1,K_ffpe_only,strict,17_quantile,True,high,False,False,False,True,False,3.0,7.0,0.5714285714285714,0.33386761178553637,0.6498071908651112,0.6038333333333333,0.8568747058653008,0.9311499722882548,-0.007659110441053996,0.125,0.4090909090909091,0.26793928242870285,0.25965961361545536,0.4760519247985676,0.454769368562472,0.13569457221711131
K_ffpe_only__strict__15_fsqn_py__post1,K_ffpe_only,strict,15_fsqn_py,True,high,False,False,False,True,False,3.0,7.0,0.5714285714285714,0.33386761178553637,0.6498071908651112,0.6038333333333333,0.8568747058653008,0.9311499722882548,-0.007659110441053996,0.125,0.4090909090909091,0.26793928242870285,0.25965961361545536,0.4760519247985676,0.454769368562472,0.13569457221711131
S0_no_removal__softimpute__26_xpn__post0,S0_no_removal,softimpute,26_xpn,False,high,False,False,False,False,False,11.0,24.0,0.5416666666666667,0.3328095646405755,0.5236343437822306,0.6263000000000001,0.808649650077864,0.9931190677845348,-0.0664456378955422,0.3661,0.19883564711150917,0.35234590616375344,0.13339466421343146,0.6342882721575649,0.1278549037169727,0.5501379944802208
K_ffpe_only__softimpute__20_shambhala__post0,K_ffpe_only,softimpute,20_shambhala,False,high,False,False,False,True,False,3.0,8.0,0.625,0.3327795137329889,0.5498797749026343,0.6039666666666667,0.8671452836600416,0.8779739511253446,-0.011790818807068781,0.2857,0.2754142409314823,0.2686292548298068,0.3031278748850046,0.3209489704565801,0.4189431258396776,0.4096136154553818
E2_iterative_r2__knn__16_fsqn_r__post1,E2_iterative_r2,knn,16_fsqn_r,True,high,False,False,False,False,False,10.0,18.0,0.4444444444444444,0.3326892845083312,0.4747341588780122,0.6051300000000001,0.8722892740918156,0.992730782604408,-0.014201551154384262,0.2029,0.09270040304523063,0.2718491260349586,0.32566697332106714,0.6271262309758281,0.3949843260188088,0.28380864765409386
G_affymetrix_only__strict__19_tdm__post0,G_affymetrix_only,strict,19_tdm,False,high,False,False,False,True,False,2.0,3.0,0.33333333333333337,0.3326358020898103,0.5707544281419802,0.43755,0.6783074624986274,0.9959954769612344,-0.017291140405220173,0.339,0.3143752798925213,0.03633854645814168,0.025758969641214352,0.7305282005371531,0.36811464397671295,0.5206991720331187
A_confirmed_bad__strict__21_harmonizr__post1,A_confirmed_bad,strict,21_harmonizr,True,medium,False,False,True,False,False,11.0,20.0,0.44999999999999996,0.3325669576813744,0.4817484123689694,0.5732,0.8616485895288034,0.9999960251597244,-0.0011098921839496345,0.0769,0.10344827586206896,0.1936522539098436,0.28334866605335784,0.8513876454789615,0.5306762203313927,0.03288868445262189
E3_iterative_r3__knn__16_fsqn_r__post1,E3_iterative_r3,knn,16_fsqn_r,True,high,False,False,False,False,False,9.0,17.0,0.47058823529411764,0.3322318713612351,0.4744951158551488,0.6063777777777778,0.8650920370884568,0.9925906306264858,-0.015960890889367696,0.2322,0.0922525750111957,0.2782888684452622,0.2957681692732291,0.6239928379588182,0.38110165696372594,0.3219871205151794
S0_no_removal__knn__26_xpn__post1,S0_no_removal,knn,26_xpn,True,high,False,False,False,False,False,11.0,23.0,0.5217391304347826,0.3321866663312853,0.4922269492953208,0.5833090909090909,0.777726123987909,0.9921940606659748,0.0009540234156837357,0.186,0.12180922525750112,0.21803127874885003,0.10165593376264949,0.612354521038496,0.6784594715629199,0.2608095676172953
S0_no_removal__softimpute__13_fsmvn__post0,S0_no_removal,softimpute,13_fsmvn,False,medium,False,False,False,False,False,11.0,24.0,0.5416666666666667,0.33201659483573664,0.5391493523822909,0.6588454545454545,0.8754155197970817,0.9950418916902224,-0.05435712640344098,0.1154,0.2431706224809673,0.45078196872125115,0.3380864765409384,0.7170993733213966,0.16614420062695925,0.07681692732290708
D_malignant_only__strict__26_xpn__post1,D_malignant_only,strict,26_xpn,True,high,False,False,False,False,False,9.0,17.0,0.47058823529411764,0.33193081506166827,0.5489480260791897,0.5541333333333333,0.8491900167727008,0.9985210070687656,-0.024292547843744794,0.1875,0.27138378862516793,0.1499540018399264,0.22953081876724932,0.7582811101163832,0.31840573219883567,0.2640294388224471
D_malignant_only__softimpute__09_ruv__post0,D_malignant_only,softimpute,09_ruv,False,medium,False,False,False,False,False,10.0,18.0,0.4444444444444444,0.3318052147433906,0.5973610299076051,0.6457499999999999,0.8807389865833408,0.7308513660393573,-0.03578337503271861,0.3125,0.3488580385132109,0.4098436062557498,0.36660533578656856,0.15174574753804834,0.25839677563815494,0.45538178472861085
B_extended_bad__softimpute__28_npn__post0,B_extended_bad,softimpute,28_npn,False,high,False,False,True,False,False,10.0,16.0,0.375,0.33176722016332694,0.5497508640566531,0.62409,0.830070194595654,0.9940195198125236,-0.13622089453470348,0.3226,0.27407075682937754,0.3426862925482981,0.17065317387304507,0.657117278424351,0.06493506493506493,0.48114075436982523
H_affymetrix_extended__strict__03_limma__post0,H_affymetrix_extended,strict,03_limma,False,low,False,False,False,False,False,6.0,12.0,0.5,0.33161446476021306,0.3700022861911823,0.5703666666666667,0.799976641108981,0.9999999957571076,-0.047271303976631485,0.362,0.014778325123152709,0.18399264029438822,0.12281508739650414,0.9263652641002685,0.19435736677115986,0.547378104875805
J_ff_only__knn__28_npn__post1,J_ff_only,knn,28_npn,True,high,False,False,False,False,False,6.0,14.0,0.5714285714285714,0.3316067682051568,0.5159285203756409,0.5764833333333333,0.835958122312537,0.9922357383445374,-0.023073508194216358,0.3232,0.17644424540976264,0.20055197792088317,0.18353265869365226,0.6150402864816473,0.3255709807433945,0.48850045998160074
K_ffpe_only__strict__01_raw__post1,K_ffpe_only,strict,01_raw,True,low,False,False,False,True,True,3.0,7.0,0.5714285714285714,0.331439507793213,0.5355551968987408,0.4512333333333334,0.8192964765727492,1.0,-0.00765626677658221,0.125,0.2328705776981639,0.04415823367065318,0.15225390984360626,0.9677708146821844,0.45588893864755936,0.13569457221711131
B_extended_bad__knn__16_fsqn_r__post1,B_extended_bad,knn,16_fsqn_r,True,high,False,False,True,False,False,9.0,15.0,0.4,0.33114970575579333,0.479002379763334,0.6275555555555555,0.8652145258738746,0.9922376130481604,-0.019446043442871375,0.1876,0.09896999552171966,0.35878564857405704,0.29622815087396503,0.6154879140555058,0.3510971786833856,0.26632934682612697
J_ff_only__softimpute__28_npn__post1,J_ff_only,softimpute,28_npn,True,high,False,False,False,False,False,6.0,14.0,0.5714285714285714,0.3304403547231353,0.5191708361605306,0.5714333333333333,0.8336443642129217,0.9922423020127964,-0.023142341235467948,0.3228,0.18808777429467086,0.18675252989880406,0.17939282428702852,0.6163831692032229,0.3246753246753247,0.4873505059797608
A_confirmed_bad__strict__21_harmonizr__post0,A_confirmed_bad,strict,21_harmonizr,False,medium,False,False,True,False,False,11.0,21.0,0.47619047619047616,0.32978324528140684,0.4681805512422577,0.5770090909090909,0.8625318659382084,0.9999961049731084,-0.0012121288274934416,0.0769,0.08060904612628751,0.20193192272309107,0.28702851885924563,0.8531781557743957,0.5230631437527989,0.03288868445262189
C_rnaseq_only__knn__09_ruv__post1,C_rnaseq_only,knn,09_ruv,True,medium,False,False,False,False,False,5.0,5.0,0.0,0.32932368484067803,0.5955532470548837,0.59556,0.7534862088407958,0.8038259503648452,-0.009517392063122854,0.446,0.34796238244514105,0.24793008279668813,0.07911683532658693,0.18263205013428827,0.43752798925212716,0.6807727690892365
G_affymetrix_only__knn__10_mnn__post0,G_affymetrix_only,knn,10_mnn,False,medium,False,False,False,True,False,2.0,3.0,0.33333333333333337,0.32931101085206543,0.6534792230036569,0.51105,0.934812293055862,-0.0109219274976528,-0.1260155290432423,0.4327,0.41513658755038063,0.08785648574057038,0.7115915363385464,0.02999104744852283,0.07075682937751904,0.6605335786568537
G_affymetrix_only__knn__03_limma__post0,G_affymetrix_only,knn,03_limma,False,low,False,False,False,True,False,2.0,3.0,0.33333333333333337,0.32913456710802136,0.4899180351470985,0.27180000000000004,0.752888397008749,0.9997061189958828,0.05672706215355128,0.1154,0.11777877295118674,0.006439742410303588,0.07865685372585096,0.8079677708146822,0.8871473354231975,0.07681692732290708
H_affymetrix_extended__knn__05_combat__post1,H_affymetrix_extended,knn,05_combat,True,medium,False,False,False,False,False,6.0,11.0,0.4545454545454546,0.3290878301805829,0.7129511291612419,0.49088333333333334,0.4234880474853243,0.8832078735012822,0.10839768740432426,0.1168,0.5118674429019257,0.0703771849126035,0.0013799448022079118,0.3276633840644584,0.9664128974473802,0.0968261269549218
D_malignant_only__knn__26_xpn__post1,D_malignant_only,knn,26_xpn,True,high,False,False,False,False,False,9.0,17.0,0.47058823529411764,0.3289417154280636,0.5287914762807087,0.5556111111111111,0.8620018769713229,0.9986225521496572,-0.026641594343750463,0.1765,0.21450962830273176,0.1545538178472861,0.2861085556577737,0.7623097582811101,0.3116883116883117,0.24448022079116835
H_affymetrix_extended__softimpute__20_shambhala__post0,H_affymetrix_extended,softimpute,20_shambhala,False,high,False,False,False,False,False,6.0,10.0,0.4,0.3287686810438178,0.7360620036860385,0.6716166666666666,0.7550706524655952,0.7640933350796401,-0.14727610436510352,0.4121,0.5705329153605015,0.4898804047838086,0.08003679852805888,0.162041181736795,0.0535154500671742,0.6166053357865685
E2_iterative_r2__strict__11_harmony__post0,E2_iterative_r2,strict,11_harmony,False,medium,False,False,False,False,False,11.0,19.0,0.42105263157894735,0.3287666538971997,0.6260016596840093,0.5641727272727273,0.9402002433928828,0.6064197496367655,-0.003183120486369706,0.1143,0.3779668607254814,0.1701931922723091,0.7713891444342227,0.10295434198746643,0.4930586654724586,0.05703771849126035
J_ff_only__softimpute__09_ruv__post0,J_ff_only,softimpute,09_ruv,False,medium,False,False,False,False,False,7.0,15.0,0.5333333333333333,0.3286971029296509,0.6523296158269356,0.5715,0.9253123626068394,0.6700014295028855,-0.00787440048458743,0.1395,0.41334527541424093,0.18721251149954002,0.6274149034038639,0.11414503133393017,0.45320197044334976,0.1768629254829807
H_affymetrix_extended__knn__29_combat_ref__post1,H_affymetrix_extended,knn,29_combat_ref,True,medium,False,False,False,False,False,6.0,11.0,0.4545454545454546,0.3284906927251736,0.7128631345717417,0.4907333333333333,0.4234911177011605,0.883268511151421,0.10581114835116529,0.1168,0.5109717868338558,0.06991720331186753,0.0018399264029438822,0.3281110116383169,0.9632781012091357,0.0968261269549218
C_rnaseq_only__knn__07_pycombat__post1,C_rnaseq_only,knn,07_pycombat,True,medium,False,False,False,True,False,4.0,5.0,0.19999999999999996,0.32847345073722906,0.5243002156126921,0.4714,0.8830061319392386,0.9852876057468966,-0.00807173737061384,0.2255,0.2006269592476489,0.05703771849126035,0.3840846366145354,0.5662488809310654,0.45051500223914015,0.312327506899724
G_affymetrix_only__softimpute__21_harmonizr__post1,G_affymetrix_only,softimpute,21_harmonizr,True,medium,False,False,False,True,False,2.0,2.0,0.0,0.3282127625129329,0.2286768050872142,0.22870000000000001,0.7509345243173251,0.9999999695283812,0.06093976405073298,0.1154,0.0026869682042095834,0.004599816007359705,0.07635694572217111,0.9140555058191585,0.8947604120017913,0.07681692732290708
I_rare_batches_removed__knn__21_harmonizr__post0,I_rare_batches_removed,knn,21_harmonizr,False,medium,False,False,False,False,False,9.0,15.0,0.4,0.327924862419045,0.4983621610220966,0.5390777777777778,0.8523905717044654,0.9939202279230416,0.006060234135461751,0.1154,0.13479623824451412,0.12557497700091996,0.24149034038638453,0.6517457475380484,0.7371249440214958,0.07681692732290708
D_malignant_only__knn__12_scanorama__post1,D_malignant_only,knn,12_scanorama,True,medium,False,False,False,False,False,9.0,17.0,0.47058823529411764,0.327378622115926,0.6121721574799698,0.6634555555555556,0.9058420783318284,0.0414422487309928,-0.031016932514702944,0.2,0.3618450515002239,0.4604415823367065,0.5179392824287029,0.06042972247090421,0.28302731751007615,0.28058877644894203
I_rare_batches_removed__softimpute__13_fsmvn__post0,I_rare_batches_removed,softimpute,13_fsmvn,False,medium,False,False,False,False,False,9.0,15.0,0.4,0.327342967989872,0.5855438057590574,0.6316333333333334,0.8663358856491044,0.9944442062169476,-0.04761805094373128,0.1154,0.3340797133900582,0.3735050597976081,0.30266789328426863,0.6853178155774395,0.19167039856695028,0.07681692732290708
E2_iterative_r2__strict__03_limma__post1,E2_iterative_r2,strict,03_limma,True,low,False,False,False,False,False,10.0,18.0,0.4444444444444444,0.32654543791580454,0.4668449962926767,0.64966,0.886696195615685,0.9943162025138962,-0.022134645823801202,0.0986,0.07836990595611286,0.4250229990800368,0.40386384544618215,0.6709937332139659,0.33318405732198836,0.04783808647654094
E1_iterative_r1__strict__11_harmony__post0,E1_iterative_r1,strict,11_harmony,False,medium,False,False,False,False,False,11.0,20.0,0.44999999999999996,0.3260810181906943,0.6449209617521788,0.5560181818181819,0.9372469379342948,0.6007995842852503,-0.001925558847786224,0.1101,0.3994626063591581,0.15593376264949402,0.7391904323827047,0.09982094897045658,0.5091804746977161,0.052897884084636616
H_affymetrix_extended__strict__07_pycombat__post0,H_affymetrix_extended,strict,07_pycombat,False,medium,False,False,False,False,False,6.0,12.0,0.5,0.32597904958227136,0.3973953261174565,0.5760666666666666,0.7156351518792411,0.9999999697523448,-0.022158342088140603,0.3005,0.02328705776981639,0.19963201471941122,0.04921803127874885,0.9153983885407341,0.33273622928795343,0.4356025758969641
K_ffpe_only__strict__18_rank__post1,K_ffpe_only,strict,18_rank,True,high,False,False,False,True,False,3.0,7.0,0.5714285714285714,0.3258733996004712,0.6473956729195967,0.5767666666666666,0.8613889073831928,0.9314896267068048,-0.00765626677658221,0.125,0.40304523063143755,0.20101195952161913,0.2824287028518859,0.477170993733214,0.45588893864755936,0.13569457221711131
A_confirmed_bad__softimpute__12_scanorama__post0,A_confirmed_bad,softimpute,12_scanorama,False,medium,False,False,True,False,False,11.0,21.0,0.47619047619047616,0.32582974255830477,0.7814539794350869,0.6985181818181818,0.7912781826022415,-0.0623055572759697,-0.1762338971539486,0.3386,0.7098074339453649,0.5768169273229071,0.11453541858325667,0.017009847806624886,0.016569637259292433,0.5202391904323828
I_rare_batches_removed__softimpute__11_harmony__post0,I_rare_batches_removed,softimpute,11_harmony,False,medium,False,False,False,False,False,9.0,15.0,0.4,0.3256298108566667,0.6377835436446916,0.6390555555555556,0.8228839799211706,0.5761474419400873,-0.013551554003194966,0.3358,0.3922973578145992,0.39098436062557496,0.15731370745170192,0.09265890778871978,0.40304523063143755,0.5174793008279669
S0_no_removal__softimpute__13_fsmvn__post1,S0_no_removal,softimpute,13_fsmvn,True,medium,False,False,False,False,False,10.0,23.0,0.5652173913043479,0.32556404725558274,0.5322825881511196,0.60894,0.9022346276472044,0.9968479478310338,-0.062972883767412,0.1154,0.22346618898343037,0.2861085556577737,0.4954001839926403,0.7341092211280215,0.1374832064487237,0.07681692732290708
S0_no_removal__knn__20_shambhala__post0,S0_no_removal,knn,20_shambhala,False,high,False,False,False,False,False,11.0,24.0,0.5416666666666667,0.3254152069270039,0.6688377446275151,0.6233727272727273,0.8686936876226595,0.8275021877318522,-0.025650637121668263,0.2552,0.44021495745633676,0.3380864765409384,0.3091076356945722,0.19561324977618622,0.3148231079265562,0.3546458141674333
E1_iterative_r1__strict__11_harmony__post1,E1_iterative_r1,strict,11_harmony,True,medium,False,False,False,False,False,11.0,19.0,0.42105263157894735,0.32518547065143205,0.6276020739884173,0.5556272727272727,0.9366695949100762,0.6023091462203135,-0.002286048264632856,0.1154,0.3797581728616211,0.15501379944802207,0.7332106715731371,0.10250671441360788,0.5038065382892969,0.07681692732290708
E3_iterative_r3__strict__03_limma__post0,E3_iterative_r3,strict,03_limma,False,low,False,False,False,False,False,10.0,18.0,0.4444444444444444,0.3251113866313804,0.4655524233904244,0.64482,0.892356775135471,0.9943162291908758,-0.02594120025956803,0.1,0.07657859381997313,0.40662373505059796,0.43422263109475623,0.6714413607878246,0.31258396775638153,0.04921803127874885
G_affymetrix_only__strict__14_qsmooth__post0,G_affymetrix_only,strict,14_qsmooth,False,high,False,False,False,True,False,2.0,3.0,0.33333333333333337,0.32476911646336076,0.4979304941724367,0.24939999999999998,0.9226119313216126,0.9119950012319592,-1.6780999512189254e-07,0.1473,0.13390058217644424,0.005519779208831647,0.6159153633854646,0.41495076096687555,0.583296014330497,0.19503219871205152
D_malignant_only__knn__02_median_scaling__post0,D_malignant_only,knn,02_median_scaling,False,low,False,False,False,False,False,10.0,18.0,0.4444444444444444,0.32456464832826015,0.4395104437700525,0.46010999999999996,0.8859091982987553,0.9999987506705136,-0.03308121664042574,0.2105,0.05150022391401702,0.050597976080956765,0.40018399264029436,0.8800358102059087,0.27183161665920286,0.2932382704691812
C_rnaseq_only__strict__07_pycombat__post1,C_rnaseq_only,strict,07_pycombat,True,medium,False,False,False,True,False,4.0,5.0,0.19999999999999996,0.3244945663963527,0.4759202807664821,0.42965,0.7835783329063934,0.9813818337461412,0.012859193521905676,0.2751,0.09583519928347514,0.028978840846366146,0.10809567617295308,0.5501342882721576,0.7733990147783252,0.390524379024839
D_malignant_only__softimpute__20_shambhala__post1,D_malignant_only,softimpute,20_shambhala,True,high,False,False,False,False,False,10.0,17.0,0.4117647058823529,0.32433579993881917,0.6499564411512178,0.61826,0.8698786988678928,0.8565845079634201,-0.04807133020814808,0.3125,0.4097626511419615,0.31784728610855567,0.31508739650413986,0.25962399283795884,0.18831168831168832,0.45538178472861085
I_rare_batches_removed__knn__26_xpn__post0,I_rare_batches_removed,knn,26_xpn,False,high,False,False,False,False,False,9.0,15.0,0.4,0.3241362903961082,0.530241466079108,0.5618888888888889,0.7912326864086905,0.9925739755308364,-0.007952984427137877,0.2632,0.21764442454097627,0.16697332106715732,0.1140754369825207,0.6235452103849597,0.45275414240931483,0.36982520699172033
C_rnaseq_only__softimpute__28_npn__post0,C_rnaseq_only,softimpute,28_npn,False,high,False,False,False,False,False,5.0,6.0,0.16666666666666663,0.32381670840428883,0.5333478568362282,0.51482,0.8918014417072228,0.9849909404271888,-0.04029413283177056,0.28,0.22615315718763995,0.0906163753449862,0.4282428702851886,0.5644583706356312,0.2360053739364084,0.39742410303587855
G_affymetrix_only__strict__13_fsmvn__post0,G_affymetrix_only,strict,13_fsmvn,False,medium,False,False,False,True,False,2.0,3.0,0.33333333333333337,0.3237883912374872,0.4941381837409728,0.351,0.6106717091224056,1.0,-0.014525250657985656,0.301,0.1244961934617107,0.012879484820607176,0.009659613615455382,0.9677708146821844,0.39140170174652933,0.4365225390984361
K_ffpe_only__strict__20_shambhala__post0,K_ffpe_only,strict,20_shambhala,False,high,False,False,False,True,False,3.0,8.0,0.625,0.3237569798624386,0.4507967177366228,0.5954666666666667,0.8820226285764866,0.8715672743985635,0.011758700260411648,0.14,0.05956112852664577,0.24701011959521618,0.3785648574057038,0.3106535362578335,0.7671294223018361,0.1796228150873965
D_malignant_only__strict__02_median_scaling__post0,D_malignant_only,strict,02_median_scaling,False,low,False,False,False,False,False,10.0,18.0,0.4444444444444444,0.32349616499046435,0.4112316015854767,0.47683,0.8909717162429414,0.9999976527209112,-0.029754402994835227,0.1875,0.03045230631437528,0.05979760809567617,0.42318307267709293,0.8719785138764548,0.29153605015673983,0.2640294388224471
K_ffpe_only__knn__15_fsqn_py__post1,K_ffpe_only,knn,15_fsqn_py,True,high,False,False,False,True,False,3.0,7.0,0.5714285714285714,0.3233863002735206,0.5524495071979019,0.5316666666666666,0.8120245135976574,0.9363169282253482,0.013810962202436161,0.125,0.28235557545902373,0.11798528058877644,0.13983440662373506,0.48769024171888986,0.7767577250335871,0.13569457221711131
I_rare_batches_removed__softimpute__21_harmonizr__post0,I_rare_batches_removed,softimpute,21_harmonizr,False,medium,False,False,False,False,False,9.0,15.0,0.4,0.3233143576304221,0.5376178596614877,0.6362777777777777,0.8568697083547676,0.994400825820668,-0.0286001118295508,0.1154,0.2400358262427228,0.38362465501379944,0.25896964121435145,0.6794986571172784,0.30094043887147337,0.07681692732290708
K_ffpe_only__knn__17_quantile__post1,K_ffpe_only,knn,17_quantile,True,high,False,False,False,True,False,3.0,7.0,0.5714285714285714,0.3233096366733979,0.5524495071979019,0.5316666666666666,0.8117326476763713,0.9363169282253482,0.013810962202436161,0.125,0.28235557545902373,0.11798528058877644,0.13937442502299907,0.48769024171888986,0.7767577250335871,0.13569457221711131
E2_iterative_r2__knn__09_ruv__post1,E2_iterative_r2,knn,09_ruv,True,medium,False,False,False,False,False,11.0,18.0,0.38888888888888884,0.3232606200109131,0.7629058234622514,0.6494909090909091,0.8899472468976557,0.7128303723623349,-0.03481734994563801,0.0886,0.6484549932825795,0.42318307267709293,0.41858325666973323,0.1423455684870188,0.264218540080609,0.042778288868445265
H_affymetrix_extended__softimpute__07_pycombat__post1,H_affymetrix_extended,softimpute,07_pycombat,True,medium,False,False,False,False,False,6.0,11.0,0.4545454545454546,0.3228608551165093,0.555782390383079,0.6649833333333334,0.7739138588146537,0.9999999954815072,-0.09145615836777998,0.1154,0.28929690998656515,0.46550137994480223,0.09521619135234591,0.9247985675917636,0.08553515450067174,0.07681692732290708
H_affymetrix_extended__strict__07_pycombat__post1,H_affymetrix_extended,strict,07_pycombat,True,medium,False,False,False,False,False,6.0,11.0,0.4545454545454546,0.3227895414394978,0.4130222504856984,0.5713166666666666,0.7070325150315367,0.9999999688071056,-0.02282243148083729,0.3025,0.033139274518584866,0.1858325666973321,0.04001839926402944,0.9136078782452999,0.3264666368114644,0.437672493100276
J_ff_only__strict__28_npn__post1,J_ff_only,strict,28_npn,True,high,False,False,False,False,False,6.0,14.0,0.5714285714285714,0.3225074677381559,0.5135992585247114,0.5791000000000001,0.8349456659134662,0.9919872372309536,-0.02857419825803055,0.3176,0.1715181370353784,0.20791168353265868,0.18077276908923642,0.6047448522829006,0.3018360949395432,0.46826126954921804
K_ffpe_only__strict__16_fsqn_r__post1,K_ffpe_only,strict,16_fsqn_r,True,high,False,False,False,True,False,3.0,7.0,0.5714285714285714,0.32203441510119035,0.5357849155422177,0.4512333333333334,0.8189069322328276,0.9999999635197544,-0.007655033015214474,0.125,0.2348858038513211,0.04415823367065318,0.15110395584176634,0.9093554162936437,0.45700850873264665,0.13569457221711131
K_ffpe_only__strict__27_dwd__post1,K_ffpe_only,strict,27_dwd,True,medium,False,False,False,True,False,3.0,7.0,0.5714285714285714,0.32203441510119035,0.5357849155422177,0.4512333333333334,0.8189069322328276,0.9999999635197544,-0.007655033015214474,0.125,0.2348858038513211,0.04415823367065318,0.15110395584176634,0.9093554162936437,0.45700850873264665,0.13569457221711131
K_ffpe_only__strict__01_raw__post0,K_ffpe_only,strict,01_raw,False,low,False,False,False,True,True,3.0,8.0,0.625,0.32177989417775765,0.4672474373748915,0.43850000000000006,0.7766839499162207,1.0,0.0,0.125,0.07926556202418271,0.03771849126034959,0.10073597056117756,0.9677708146821844,0.6094939543215405,0.13569457221711131
S0_no_removal__knn__11_harmony__post1,S0_no_removal,knn,11_harmony,True,medium,False,False,False,False,False,11.0,23.0,0.5217391304347826,0.321614725504131,0.6173900533520036,0.5728727272727272,0.7811971470622422,0.561942954278179,0.023576570422092824,0.2595,0.367666815942678,0.19273229070837167,0.1062557497700092,0.08594449418084155,0.8137035378414689,0.36338546458141674
H_affymetrix_extended__softimpute__20_shambhala__post1,H_affymetrix_extended,softimpute,20_shambhala,True,high,False,False,False,False,False,6.0,9.0,0.33333333333333337,0.32146415082004715,0.7170369772815278,0.6707666666666666,0.7597291318696717,0.7688238396732998,-0.14727610436510352,0.4121,0.522615315718764,0.48758049678012877,0.08463661453541858,0.1638316920322292,0.0535154500671742,0.6166053357865685
C_rnaseq_only__knn__09_ruv__post0,C_rnaseq_only,knn,09_ruv,False,medium,False,False,False,False,False,5.0,6.0,0.16666666666666663,0.3209854788589515,0.6389278255314025,0.5719,0.758647404015458,0.8034386323007546,-0.002027070080920179,0.3838,0.39319301388266903,0.19043238270469182,0.08325666973321068,0.18218442256042972,0.5073891625615764,0.5694572217111316
E1_iterative_r1__softimpute__16_fsqn_r__post1,E1_iterative_r1,softimpute,16_fsqn_r,True,high,False,False,False,False,False,10.0,19.0,0.4736842105263158,0.32097305483083954,0.5373401597775619,0.66323,0.8375048624270574,0.9921247461961162,-0.14779664564871475,0.2707,0.23958799820868787,0.45998160073597055,0.18675252989880406,0.6092211280214861,0.05150022391401702,0.37879484820607173
G_affymetrix_only__softimpute__12_scanorama__post0,G_affymetrix_only,softimpute,12_scanorama,False,medium,False,False,False,True,False,2.0,3.0,0.33333333333333337,0.32091520275237917,0.6942312287907755,0.5814999999999999,0.8200309785608474,0.0195274898854964,-0.08510979062128643,0.5579,0.47066726377071205,0.21481140754369826,0.1531738730450782,0.049686660698299016,0.08866995073891626,0.9484820607175714
E2_iterative_r2__softimpute__16_fsqn_r__post1,E2_iterative_r2,softimpute,16_fsqn_r,True,high,False,False,False,False,False,10.0,18.0,0.4444444444444444,0.3202976625112396,0.5350692444173818,0.66456,0.8415923917040685,0.9919838016236096,-0.14623640142822064,0.2584,0.2315270935960591,0.4632014719411224,0.20055197792088317,0.6038495971351835,0.06180026869682042,0.3608555657773689
C_rnaseq_only__knn__28_npn__post1,C_rnaseq_only,knn,28_npn,True,high,False,False,False,True,False,4.0,5.0,0.19999999999999996,0.32002088357726116,0.4834660872653858,0.4391,0.8829611926523121,0.985097062991086,-0.0014039076772742187,0.2238,0.1070309001343484,0.03863845446182153,0.3831646734130635,0.5653536257833482,0.515450067174205,0.3104875804967801
I_rare_batches_removed__knn__31_ruv3prps__post1,I_rare_batches_removed,knn,31_ruv3prps,True,medium,False,False,False,False,False,9.0,14.0,0.3571428571428571,0.319530128050699,0.7103769841702736,0.5612222222222223,0.9011219945172912,0.7511365127007471,-0.0005550400733283084,0.0956,0.5042543663233319,0.1655933762649494,0.4862005519779209,0.1593554162936437,0.554858934169279,0.046918123275068994
I_rare_batches_removed__softimpute__17_quantile__post1,I_rare_batches_removed,softimpute,17_quantile,True,high,False,False,False,False,False,9.0,14.0,0.3571428571428571,0.3193908013278828,0.7514098822902807,0.6475222222222222,0.7835885255292504,0.7744478283432903,-0.057944446818074424,0.3167,0.6117330944917152,0.4139834406623735,0.10855565777368906,0.16427931960608774,0.15114196148678907,0.46665133394664216
J_ff_only__knn__03_limma__post1,J_ff_only,knn,03_limma,True,low,False,False,False,False,False,7.0,14.0,0.5,0.31933780957882774,0.4715975142066352,0.5735714285714285,0.8850643913218844,0.9934592645450117,-0.07568595438721704,0.3228,0.0864308105687416,0.19549218031278748,0.39558417663293466,0.639212175470009,0.11195700850873265,0.4873505059797608
J_ff_only__strict__03_limma__post1,J_ff_only,strict,03_limma,True,low,False,False,False,False,False,7.0,14.0,0.5,0.3191587467743236,0.4711250700090673,0.5907571428571429,0.880439327300795,0.9933409296248096,-0.07936473724745896,0.3312,0.08508732646663682,0.23459061637534498,0.3647654093836247,0.6374216651745748,0.09538737124944022,0.49770009199632015
A_confirmed_bad__knn__12_scanorama__post0,A_confirmed_bad,knn,12_scanorama,False,medium,False,False,True,False,False,11.0,21.0,0.47619047619047616,0.3188254144192556,0.6924351037196947,0.6461727272727272,0.93740262479422,0.1014969651011297,-0.04741657849531089,0.0631,0.46798029556650245,0.4107635694572217,0.7419503219871205,0.06982990152193375,0.19390953873712494,0.028518859245630176
S0_no_removal__knn__11_harmony__post0,S0_no_removal,knn,11_harmony,False,medium,False,False,False,False,False,11.0,24.0,0.5416666666666667,0.3186005045559157,0.6236937367240305,0.5672363636363636,0.8169979089701678,0.5621659306635137,0.02269010089415191,0.2273,0.3748320644872369,0.17617295308187672,0.14903403863845446,0.0863921217547001,0.8114643976712942,0.3137074517019319
K_ffpe_only__knn__18_rank__post1,K_ffpe_only,knn,18_rank,True,high,False,False,False,True,False,3.0,7.0,0.5714285714285714,0.31858025543480545,0.5372907210491895,0.5045000000000001,0.8375034601552266,0.9366614612755244,0.013842447168766814,0.125,0.23914017017465294,0.08187672493100276,0.18629254829806807,0.4897045658012534,0.7787729511867443,0.13569457221711131
D_malignant_only__softimpute__10_mnn__post0,D_malignant_only,softimpute,10_mnn,False,medium,False,False,False,False,False,10.0,18.0,0.4444444444444444,0.31853926593913523,0.6262324903687306,0.65017,0.9273504996698928,0.0044744804209364,-0.048070215469798006,0.169,0.37841468875951634,0.4264029438822447,0.640754369825207,0.04118173679498657,0.18943125839677563,0.23505059797608097
D_malignant_only__knn__21_harmonizr__post0,D_malignant_only,knn,21_harmonizr,False,medium,False,False,False,False,False,10.0,18.0,0.4444444444444444,0.3185286218787486,0.5238545631382208,0.5217,0.8745379427723877,0.999994769660608,-0.045629940630847576,0.1667,0.19928347514554412,0.10395584176632934,0.33486660533578655,0.8406445837063563,0.2019704433497537,0.23045078196872126
I_rare_batches_removed__softimpute__28_npn__post0,I_rare_batches_removed,softimpute,28_npn,False,high,False,False,False,False,False,9.0,15.0,0.4,0.31840910267759703,0.5693430675653022,0.5976777777777778,0.8305018232763783,0.994475561287728,-0.04013372836180072,0.1792,0.31347962382445144,0.25206991720331184,0.17249310027598896,0.6862130707251567,0.23734885803851322,0.24885004599816007
D_malignant_only__softimpute__26_xpn__post0,D_malignant_only,softimpute,26_xpn,False,high,False,False,False,False,False,10.0,18.0,0.4444444444444444,0.3183891101713308,0.5164467422724796,0.53447,0.8235738618164601,0.9986536940494734,-0.029117370628061134,0.2753,0.17823555754590237,0.12051517939282429,0.15869365225390986,0.7641002685765443,0.29780564263322884,0.39098436062557496
J_ff_only__knn__09_ruv__post0,J_ff_only,knn,09_ruv,False,medium,False,False,False,False,False,7.0,15.0,0.5333333333333333,0.31777664536547573,0.6435481032369438,0.5457428571428571,0.915692225186621,0.6711300715197236,-0.007592859008507369,0.1644,0.3972234661889834,0.13799448022079117,0.5726770929162833,0.11548791405550582,0.4585759068517689,0.2247010119595216
H_affymetrix_extended__strict__33_amdbnorm__post1,H_affymetrix_extended,strict,33_amdbnorm,True,high,False,False,False,False,False,6.0,11.0,0.4545454545454546,0.31767258526462366,0.4309067364285399,0.6371833333333333,0.8488449895515651,0.9150924389730798,-0.004161745235502334,0.2418,0.045230631437527986,0.3873045078196872,0.22631094756209752,0.432408236347359,0.477384684281236,0.3373965041398344
D_malignant_only__strict__13_fsmvn__post1,D_malignant_only,strict,13_fsmvn,True,medium,False,False,False,False,False,9.0,17.0,0.47058823529411764,0.3175290132858183,0.4767895819152365,0.4730666666666667,0.8919302836599324,0.9999983534452718,-0.030799006827578967,0.1275,0.09717868338557993,0.05795768169273229,0.4300827966881325,0.8764547896150403,0.2852664576802508,0.15823367065317387
S0_no_removal__softimpute__26_xpn__post1,S0_no_removal,softimpute,26_xpn,True,high,False,False,False,False,False,10.0,23.0,0.5652173913043479,0.31738445229944995,0.5191348820414584,0.6125,0.7849175008399464,0.992989081175406,-0.0664456378955422,0.3605,0.1876399462606359,0.3003679852805888,0.11039558417663294,0.6320501342882722,0.1278549037169727,0.545998160073597
H_affymetrix_extended__softimpute__07_pycombat__post0,H_affymetrix_extended,softimpute,07_pycombat,False,medium,False,False,False,False,False,6.0,12.0,0.5,0.31669484353593363,0.5279721698908265,0.6726166666666668,0.783135186963934,0.9999999956184312,-0.09072333758009343,0.1154,0.2109270040304523,0.4935602575896964,0.10763569457221711,0.9252461951656222,0.08598298253470667,0.07681692732290708
B_extended_bad__knn__12_scanorama__post1,B_extended_bad,knn,12_scanorama,True,medium,False,False,True,False,False,10.0,15.0,0.33333333333333337,0.31663337635090694,0.7013537121074092,0.68114,0.7738774499807172,-0.0879875057726052,-0.04508215530058057,0.3964,0.48544558889386474,0.5188592456301748,0.09475620975160993,0.010743061772605193,0.20420958351992835,0.5857865685372585
G_affymetrix_only__softimpute__09_ruv__post0,G_affymetrix_only,softimpute,09_ruv,False,medium,False,False,False,True,False,2.0,3.0,0.33333333333333337,0.3162801780911468,0.4657293771527785,0.47985,0.9465447918590744,0.6952316253437405,-0.07703412615225669,0.4466,0.07702642185400806,0.06209751609935603,0.8344066237350506,0.13249776186213072,0.10927004030452306,0.6823827046918123
I_rare_batches_removed__knn__13_fsmvn__post1,I_rare_batches_removed,knn,13_fsmvn,True,medium,False,False,False,False,False,8.0,14.0,0.4285714285714286,0.3160315709119654,0.5627597965153942,0.574725,0.8582706391671402,0.994301134538234,-0.015554707399285661,0.1154,0.3018360949395432,0.19733210671573137,0.265869365225391,0.6700984780662489,0.3842364532019704,0.07681692732290708
G_affymetrix_only__softimpute__09_ruv__post1,G_affymetrix_only,softimpute,09_ruv,True,medium,False,False,False,True,False,2.0,2.0,0.0,0.31588489074003406,0.4624378868520435,0.46245,0.947060870902589,0.6923768130150263,-0.04135577561179293,0.3828,0.07299596954769369,0.053817847286108556,0.8426862925482981,0.13025962399283797,0.2283922973578146,0.5671573137074517
D_malignant_only__knn__12_scanorama__post0,D_malignant_only,knn,12_scanorama,False,medium,False,False,False,False,False,10.0,18.0,0.4444444444444444,0.3158160330229112,0.5100266637121683,0.63923,0.9207042535805724,0.0509076480703762,-0.031016951695403083,0.2759,0.16345723242274968,0.39190432382704693,0.6039558417663293,0.06132497761862131,0.2825794894760412,0.3916743330266789
E3_iterative_r3__softimpute__16_fsqn_r__post1,E3_iterative_r3,softimpute,16_fsqn_r,True,high,False,False,False,False,False,9.0,17.0,0.47058823529411764,0.31555754982981926,0.5321882288746086,0.6645444444444445,0.8330560243873874,0.9918201904669578,-0.14705034375731885,0.2686,0.22301836094939542,0.46274149034038636,0.1780128794848206,0.5962399283795882,0.05821764442454098,0.375114995400184
S0_no_removal__softimpute__11_harmony__post0,S0_no_removal,softimpute,11_harmony,False,medium,False,False,False,False,False,11.0,24.0,0.5416666666666667,0.31511462263523443,0.6648716229021218,0.6277727272727273,0.7810418141352836,0.5480171520044452,-0.02731712935304681,0.4023,0.4317062248096731,0.35970561177552896,0.10533578656853726,0.0837063563115488,0.3076578593819973,0.6025758969641214
F_microarray_only__softimpute__12_scanorama__post1,F_microarray_only,softimpute,12_scanorama,True,medium,False,False,False,False,False,6.0,17.0,0.6470588235294117,0.31448268526861667,0.5918973684268409,0.68765,0.8691465616981178,-0.0383431830340842,-0.05170485612683062,0.3318,0.34348410210479174,0.5358785648574057,0.3114075436982521,0.023724261414503133,0.1728616211374832,0.49954001839926404
G_affymetrix_only__strict__26_xpn__post1,G_affymetrix_only,strict,26_xpn,True,high,False,False,False,True,False,2.0,2.0,0.0,0.31423252077327657,0.2664619872361335,0.26645,0.6165802115105367,0.9986451283423128,0.00494033792204035,0.2655,0.004030452306314375,0.005979760809567618,0.010119595216191352,0.7636526410026858,0.7304075235109718,0.37120515179392827
J_ff_only__softimpute__09_ruv__post1,J_ff_only,softimpute,09_ruv,True,medium,False,False,False,False,False,7.0,14.0,0.5,0.31385991448298056,0.6231835046565146,0.5683285714285714,0.9227423063697998,0.6698606875493283,-0.011497622785995198,0.1379,0.3734885803851321,0.17939282428702852,0.6168353265869365,0.11369740376007162,0.4263322884012539,0.1734130634774609
I_rare_batches_removed__strict__13_fsmvn__post1,I_rare_batches_removed,strict,13_fsmvn,True,medium,False,False,False,False,False,8.0,14.0,0.4285714285714286,0.3138391484438626,0.5238788320558748,0.5874874999999999,0.8783209511727724,0.9942468704698452,-0.01780416556397063,0.1154,0.19973130317957905,0.22585096596136153,0.34958601655933763,0.666069829901522,0.3649798477384684,0.07681692732290708
G_affymetrix_only__knn__12_scanorama__post0,G_affymetrix_only,knn,12_scanorama,False,medium,False,False,False,True,False,2.0,3.0,0.33333333333333337,0.3137001705899872,0.6708425023823151,0.5885,0.8113790219884086,0.0704630308659441,-0.1260170312899651,0.5453,0.4411106135244066,0.22999080036798528,0.13799448022079117,0.06535362578334826,0.0703090013434841,0.937442502299908
I_rare_batches_removed__softimpute__26_xpn__post0,I_rare_batches_removed,softimpute,26_xpn,False,high,False,False,False,False,False,9.0,15.0,0.4,0.3136673622792155,0.5477607031374964,0.5805555555555555,0.7807420577145802,0.9924654294632924,-0.057944446818074424,0.3404,0.2678011643528885,0.21205151793928242,0.10487580496780129,0.6217547000895255,0.15114196148678907,0.5243790248390064
F_microarray_only__softimpute__12_scanorama__post0,F_microarray_only,softimpute,12_scanorama,False,medium,False,False,False,False,False,6.0,18.0,0.6666666666666667,0.3134090524678861,0.6115487725334088,0.6789166666666667,0.8691017967257213,-0.0377711378605281,-0.05170488441461352,0.3318,0.3605015673981191,0.5128794848206072,0.3109475620975161,0.024171888988361683,0.1724137931034483,0.49954001839926404
H_affymetrix_extended__knn__09_ruv__post1,H_affymetrix_extended,knn,09_ruv,True,medium,False,False,False,False,False,5.0,11.0,0.5454545454545454,0.31300241777065746,0.6219970509653464,0.47846,0.9227104647083748,0.7075651034944176,-0.10206365811960133,0.4056,0.37259292431706226,0.06117755289788408,0.6163753449862005,0.13831692032229184,0.08329601433049709,0.6062557497700092
S0_no_removal__softimpute__28_npn__post1,S0_no_removal,softimpute,28_npn,True,high,False,False,False,False,False,11.0,23.0,0.5217391304347826,0.3129014223407587,0.5265046038241853,0.5939818181818182,0.8565013533442637,0.995053483169866,-0.049277443680784294,0.1888,0.20555306762203313,0.24287028518859247,0.2580496780128795,0.7179946284691137,0.1831616659202866,0.26977920883164674
K_ffpe_only__knn__01_raw__post0,K_ffpe_only,knn,01_raw,False,low,False,False,False,True,True,3.0,8.0,0.625,0.31216048346232184,0.4720529698082529,0.43113333333333337,0.7102079487700901,1.0,0.0,0.125,0.08732646663681147,0.03035878564857406,0.04231830726770929,0.9677708146821844,0.6094939543215405,0.13569457221711131
I_rare_batches_removed__knn__12_scanorama__post0,I_rare_batches_removed,knn,12_scanorama,False,medium,False,False,False,False,False,9.0,15.0,0.4,0.31201264875411255,0.6489708759113404,0.6898444444444445,0.9210751593034956,-0.0610607372042624,-0.029891405680132377,0.0,0.40662785490371695,0.5450781968721251,0.6067157313707452,0.017457475380483437,0.28929690998656515,0.0068997240110395585
J_ff_only__softimpute__03_limma__post1,J_ff_only,softimpute,03_limma,True,low,False,False,False,False,False,7.0,14.0,0.5,0.3117532922130167,0.5269733155097301,0.5435857142857142,0.8789137935287348,0.9919817009654124,-0.07565165420812925,0.3141,0.20600089565606808,0.1329346826126955,0.3537258509659614,0.603401969561325,0.11240483654276757,0.46205151793928245
K_ffpe_only__softimpute__15_fsqn_py__post1,K_ffpe_only,softimpute,15_fsqn_py,True,high,False,False,False,True,False,3.0,7.0,0.5714285714285714,0.31167029155711573,0.6184660917066892,0.474,0.8917030552848075,0.9254290309315232,-0.011790818807068781,0.125,0.3683385579937304,0.05887764489420423,0.42778288868445263,0.46038495971351834,0.4189431258396776,0.13569457221711131
K_ffpe_only__softimpute__17_quantile__post1,K_ffpe_only,softimpute,17_quantile,True,high,False,False,False,True,False,3.0,7.0,0.5714285714285714,0.3113636371566251,0.6184660917066892,0.474,0.891484155843843,0.9254290309315232,-0.011790818807068781,0.125,0.3683385579937304,0.05887764489420423,0.42594296228150874,0.46038495971351834,0.4189431258396776,0.13569457221711131
S0_no_removal__softimpute__28_npn__post0,S0_no_removal,softimpute,28_npn,False,high,False,False,False,False,False,11.0,24.0,0.5416666666666667,0.311029061315302,0.5204994940289451,0.5941454545454545,0.855552713838701,0.9951442145802392,-0.0493897438004871,0.1888,0.19256605463502016,0.24425022999080037,0.25528978840846367,0.7224709042076992,0.18181818181818182,0.26977920883164674
H_affymetrix_extended__softimpute__03_limma__post1,H_affymetrix_extended,softimpute,03_limma,True,low,False,False,False,False,False,6.0,11.0,0.4545454545454546,0.3109644313039137,0.5042417382862028,0.6572666666666667,0.8324805375199901,0.9999999940494012,-0.0791601413097126,0.1154,0.14867890729959696,0.4448022079116835,0.17709291628334867,0.9225604297224709,0.09583519928347514,0.07681692732290708
J_ff_only__knn__03_limma__post0,J_ff_only,knn,03_limma,False,low,False,False,False,False,False,7.0,15.0,0.5333333333333333,0.3103815415048263,0.5003187721072729,0.5662,0.8811433145495245,0.9922235391316226,-0.07412521194993194,0.3097,0.13927451858486342,0.17203311867525298,0.3721251149954002,0.6145926589077887,0.11509180474697717,0.44917203311867526
H_affymetrix_extended__strict__33_amdbnorm__post0,H_affymetrix_extended,strict,33_amdbnorm,False,high,False,False,False,False,False,6.0,12.0,0.5,0.3103773311649303,0.4256522426125177,0.6256333333333334,0.850669886569767,0.916437432602383,-0.0073103224562690305,0.2418,0.04120017913121361,0.34958601655933763,0.23459061637534498,0.43733213965980305,0.46215853112404837,0.3373965041398344
B_extended_bad__strict__11_harmony__post1,B_extended_bad,strict,11_harmony,True,medium,False,False,True,False,False,10.0,15.0,0.33333333333333337,0.3102710836907047,0.5753761372674915,0.58018,0.9275308520895614,0.6019078622179928,-0.011789537504216074,0.1309,0.32019704433497537,0.21021159153633856,0.6421343146274149,0.10071620411817368,0.4218540080609046,0.16651333946642136
D_malignant_only__softimpute__16_fsqn_r__post0,D_malignant_only,softimpute,16_fsqn_r,False,high,False,False,False,False,False,10.0,18.0,0.4444444444444444,0.30970029546837835,0.5079876060344437,0.52027,0.8569921911998111,0.998533248717098,-0.04372879781476485,0.2625,0.15584415584415584,0.09981600735970561,0.26172953081876726,0.7591763652641003,0.2122704881325571,0.3693652253909844
J_ff_only__strict__03_limma__post0,J_ff_only,strict,03_limma,False,low,False,False,False,False,False,7.0,15.0,0.5333333333333333,0.30960372912647044,0.5015207896015808,0.5764714285714286,0.8761472235228485,0.9920023488927784,-0.07769632900789458,0.3141,0.14151365875503807,0.20009199632014718,0.3408463661453542,0.6056401074306177,0.10747872816838334,0.46205151793928245
J_ff_only__softimpute__26_xpn__post1,J_ff_only,softimpute,26_xpn,True,high,False,False,False,False,False,6.0,14.0,0.5714285714285714,0.30936479708608716,0.5167704139463225,0.56885,0.7689007479666283,0.98895207964836,-0.031042585942205214,0.3667,0.1800268696820421,0.18077276908923642,0.08877644894204231,0.5734109221128022,0.2816838334079713,0.5515179392824286
D_malignant_only__knn__10_mnn__post1,D_malignant_only,knn,10_mnn,True,medium,False,False,False,False,False,9.0,17.0,0.47058823529411764,0.3084460289155701,0.6185005822881294,0.6588666666666667,0.8965778342504354,0.0100882403930301,-0.0310169784644847,0.1765,0.3690103000447828,0.4512419503219871,0.4586016559337627,0.045210384959713516,0.28213166144200624,0.24448022079116835
K_ffpe_only__knn__20_shambhala__post0,K_ffpe_only,knn,20_shambhala,False,high,False,False,False,True,False,3.0,8.0,0.625,0.308135915163181,0.4342034624898797,0.5039333333333333,0.878115516024196,0.869717047660683,0.016199455547100394,0.1968,0.0483654276757725,0.08095676172953081,0.34774609015639374,0.30752014324082366,0.7859381997313032,0.2782888684452622
G_affymetrix_only__knn__14_qsmooth__post0,G_affymetrix_only,knn,14_qsmooth,False,high,False,False,False,True,False,2.0,3.0,0.33333333333333337,0.3080649155619611,0.5430103095397913,0.3164,0.8981486515447437,0.9168238472523764,-0.004175907287083502,0.1473,0.2552619793999104,0.010579576816927323,0.4705611775528979,0.4404655326768129,0.47648902821316613,0.19503219871205152
A_confirmed_bad__softimpute__28_npn__post0,A_confirmed_bad,softimpute,28_npn,False,high,False,False,True,False,False,11.0,21.0,0.47619047619047616,0.30792414309465754,0.531040869576178,0.6165,0.81427922641653,0.9947407522773016,-0.15563202315510286,0.2983,0.21898790864308107,0.3114075436982521,0.14305427782888686,0.7018800358102059,0.04075235109717868,0.43146274149034036
I_rare_batches_removed__knn__20_shambhala__post0,I_rare_batches_removed,knn,20_shambhala,False,high,False,False,False,False,False,9.0,15.0,0.4,0.30773500438468243,0.6520354001321942,0.5915555555555555,0.8548868989411791,0.8233800924041358,-0.025685609941958232,0.3025,0.4124496193461711,0.23689052437902483,0.2529898804047838,0.19203222918531782,0.3143752798925213,0.437672493100276
D_malignant_only__softimpute__16_fsqn_r__post1,D_malignant_only,softimpute,16_fsqn_r,True,high,False,False,False,False,False,10.0,17.0,0.4117647058823529,0.30753153335608013,0.5099496925635509,0.5150600000000001,0.85759808400992,0.9985156582709532,-0.04424704778548877,0.2565,0.16300940438871472,0.09153633854645814,0.26310947562097514,0.7578334825425246,0.21137483206448723,0.3583256669733211
B_extended_bad__softimpute__28_npn__post1,B_extended_bad,softimpute,28_npn,True,high,False,False,True,False,False,9.0,15.0,0.4,0.30723815478577116,0.5338098812401644,0.6059222222222221,0.8136455602124026,0.9939847793647056,-0.1363884524579378,0.3226,0.22749664128974473,0.2755289788408464,0.1421343146274149,0.6526410026857654,0.06448723690103,0.48114075436982523
J_ff_only__knn__26_xpn__post1,J_ff_only,knn,26_xpn,True,high,False,False,False,False,False,6.0,14.0,0.5714285714285714,0.3061168431375875,0.5112538282073632,0.56815,0.7689875468826741,0.9889532385711228,-0.031011557743416907,0.3601,0.16659202866099418,0.1780128794848206,0.08923643054277829,0.5738585496866607,0.283922973578146,0.5450781968721251
C_rnaseq_only__softimpute__17_quantile__post0,C_rnaseq_only,softimpute,17_quantile,False,high,False,False,False,False,False,5.0,6.0,0.16666666666666663,0.30602404226274615,0.5829892228707566,0.51456,0.917177902303493,0.7761320800187269,-0.07836364208357416,0.3871,0.33049708911777875,0.08969641214351426,0.578656853725851,0.16495076096687555,0.0987460815047022,0.5735970561177552
H_affymetrix_extended__strict__02_median_scaling__post1,H_affymetrix_extended,strict,02_median_scaling,True,low,False,False,False,False,False,5.0,11.0,0.5454545454545454,0.3057222344987739,0.3857632559131034,0.51052,0.7711050145518091,1.0,-0.0349631352011035,0.2837,0.018808777429467086,0.08693652253909843,0.09245630174793008,0.9677708146821844,0.2624272279444693,0.40593376264949405
H_affymetrix_extended__softimpute__03_limma__post0,H_affymetrix_extended,softimpute,03_limma,False,low,False,False,False,False,False,6.0,12.0,0.5,0.30547936277968957,0.461319158311105,0.6553166666666667,0.8307344070683824,0.9999999942297224,-0.05862259797430858,0.1154,0.07165248544558889,0.4406623735050598,0.17295308187672492,0.9230080572963295,0.1477832512315271,0.07681692732290708
J_ff_only__knn__07_pycombat__post1,J_ff_only,knn,07_pycombat,True,medium,False,False,False,False,False,6.0,14.0,0.5714285714285714,0.30541305914712774,0.5269961136863064,0.5966333333333333,0.8271264994501586,0.9932395429108012,-0.06375688816644076,0.3049,0.206448723690103,0.250229990800368,0.16329346826126956,0.6356311548791406,0.1334527541424093,0.44342226310947563
G_affymetrix_only__knn__21_harmonizr__post1,G_affymetrix_only,knn,21_harmonizr,True,medium,False,False,False,True,False,2.0,2.0,0.0,0.30531315701203166,0.2290089191132074,0.229,0.7512560059681492,0.9996039769692135,0.04385154648696865,0.1154,0.003134796238244514,0.005059797608095676,0.07727690892364306,0.8043867502238138,0.8652037617554859,0.07681692732290708
I_rare_batches_removed__knn__12_scanorama__post1,I_rare_batches_removed,knn,12_scanorama,True,medium,False,False,False,False,False,9.0,14.0,0.3571428571428571,0.3053071939057683,0.6206614427775782,0.6881333333333334,0.920486042337428,-0.0608143748719952,-0.029891375688057997,0.0051,0.3712494402149575,0.5379484820607175,0.6002759889604415,0.017905102954341987,0.2897447380206001,0.014719411223551058
J_ff_only__knn__09_ruv__post1,J_ff_only,knn,09_ruv,True,medium,False,False,False,False,False,7.0,14.0,0.5,0.3051768804835138,0.6088799749318883,0.5441428571428572,0.9134943645142344,0.6710633213327569,-0.011227223835001188,0.169,0.35781459919390957,0.13385464581416742,0.5611775528978841,0.11504028648164727,0.4281236005373936,0.23505059797608097
E1_iterative_r1__softimpute__28_npn__post0,E1_iterative_r1,softimpute,28_npn,False,high,False,False,False,False,False,11.0,20.0,0.44999999999999996,0.3034037261912073,0.5270427493779742,0.6120727272727273,0.8151614280632455,0.9946346137532864,-0.15643117109282836,0.2983,0.20734437975817285,0.29898804047838085,0.14581416743330267,0.6965085049239033,0.040304523063143756,0.43146274149034036
A_confirmed_bad__softimpute__28_npn__post1,A_confirmed_bad,softimpute,28_npn,True,high,False,False,True,False,False,11.0,20.0,0.44999999999999996,0.3033229779921549,0.5270266373989282,0.6120454545454546,0.8149668967537573,0.9946346437370734,-0.15545007150701415,0.2983,0.20689655172413793,0.2985280588776449,0.14489420423183072,0.6969561324977619,0.04120017913121361,0.43146274149034036
D_malignant_only__knn__07_pycombat__post0,D_malignant_only,knn,07_pycombat,False,medium,False,False,False,False,False,10.0,18.0,0.4444444444444444,0.3028025230548748,0.4941689404976486,0.56642,0.8629041223891508,0.9999959137576556,-0.020271762033657992,0.0833,0.12494402149574563,0.17249310027598896,0.28840846366145356,0.8482542524619516,0.3470667263770712,0.03564857405703772
H_affymetrix_extended__softimpute__09_ruv__post0,H_affymetrix_extended,softimpute,09_ruv,False,medium,False,False,False,False,False,6.0,12.0,0.5,0.3016177179510224,0.5449739054887478,0.5162333333333333,0.9167642282702864,0.6777589959571308,-0.12985656144577806,0.451,0.2624272279444693,0.09337626494940203,0.5754369825206992,0.12130707251566697,0.06672637707120466,0.6904323827046918
I_rare_batches_removed__strict__26_xpn__post1,I_rare_batches_removed,strict,26_xpn,True,high,False,False,False,False,False,8.0,14.0,0.4285714285714286,0.3012357206762261,0.5083710666894856,0.527025,0.8129991775547069,0.9917942123918204,-0.00795585844975516,0.2515,0.15673981191222572,0.11223551057957681,0.140754369825207,0.5957923008057296,0.4523063143752799,0.34958601655933763
J_ff_only__strict__09_ruv__post0,J_ff_only,strict,09_ruv,False,medium,False,False,False,False,False,7.0,15.0,0.5333333333333333,0.30095364174976463,0.6280287135715098,0.5476857142857143,0.9017872814230188,0.6748315853729201,-0.011208765822123823,0.1739,0.38154948499776087,0.14305427782888686,0.49310027598896045,0.11772605192479857,0.42857142857142855,0.24172033118675254
E2_iterative_r2__softimpute__28_npn__post0,E2_iterative_r2,softimpute,28_npn,False,high,False,False,False,False,False,11.0,19.0,0.42105263157894735,0.30088258540989304,0.524541499032735,0.6161181818181819,0.8108238274652542,0.9945261483910504,-0.15406582386613915,0.2958,0.20107478728168382,0.3104875804967801,0.13707451701931922,0.6897940913160251,0.042991491267353334,0.4238730450781969
K_ffpe_only__knn__15_fsqn_py__post0,K_ffpe_only,knn,15_fsqn_py,False,high,False,False,False,True,False,3.0,8.0,0.625,0.3008370515201369,0.4931017965150301,0.5615666666666667,0.868802152861701,0.9400764127967616,-2.9779588496203768e-05,0.125,0.12292879534258845,0.16628334866605335,0.31002759889604414,0.49350940017905104,0.5765785938199731,0.13569457221711131
I_rare_batches_removed__strict__26_xpn__post0,I_rare_batches_removed,strict,26_xpn,False,high,False,False,False,False,False,9.0,15.0,0.4,0.3007745865370519,0.5163845828702718,0.5425666666666666,0.8142891878229738,0.9919779409191072,-0.007604166909803534,0.2086,0.17778772951186744,0.13155473781048757,0.14351425942962281,0.6029543419874664,0.458128078817734,0.2907083716651334
K_ffpe_only__knn__17_quantile__post0,K_ffpe_only,knn,17_quantile,False,high,False,False,False,True,False,3.0,8.0,0.625,0.3007603879200142,0.4931017965150301,0.5615666666666667,0.8687927981847366,0.9400764127967616,-2.9779588496203768e-05,0.125,0.12292879534258845,0.16628334866605335,0.3095676172953082,0.49350940017905104,0.5765785938199731,0.13569457221711131
I_rare_batches_removed__knn__11_harmony__post1,I_rare_batches_removed,knn,11_harmony,True,medium,False,False,False,False,False,9.0,14.0,0.3571428571428571,0.3005231476043071,0.6311664483407355,0.5346888888888889,0.6781066743763852,0.5741495566919124,0.029420947083186877,0.2548,0.3837886251679355,0.12097516099356026,0.025298988040478382,0.09086839749328558,0.8284818629646216,0.3537258509659614
C_rnaseq_only__softimpute__22_tmm__post0,C_rnaseq_only,softimpute,22_tmm,False,low,False,False,False,False,False,5.0,6.0,0.16666666666666663,0.3003173181565046,0.6548285854548023,0.59788,0.8504708191664829,0.7868339780801844,-0.04140177870421358,0.333,0.41648007165248546,0.2529898804047838,0.23321067157313707,0.1700984780662489,0.22682489923869234,0.5022999080036799
I_rare_batches_removed__knn__20_shambhala__post1,I_rare_batches_removed,knn,20_shambhala,True,high,False,False,False,False,False,9.0,14.0,0.3571428571428571,0.29979322665893177,0.7458567801733041,0.6131444444444445,0.8422237884745901,0.8204964172049374,-0.025159630969005864,0.1481,0.5920286609941783,0.30220791168353267,0.20193192272309107,0.18934646374216652,0.31706224809673084,0.19618215271389144
J_ff_only__softimpute__03_limma__post0,J_ff_only,softimpute,03_limma,False,low,False,False,False,False,False,7.0,15.0,0.5333333333333333,0.29962467275326493,0.4957108872996701,0.5549571428571428,0.8757778848264008,0.9922230676128224,-0.07399294213865915,0.3097,0.12718316166592028,0.15271389144434222,0.33854645814167433,0.6141450313339302,0.11598746081504702,0.44917203311867526
E1_iterative_r1__knn__09_ruv__post1,E1_iterative_r1,knn,09_ruv,True,medium,False,False,False,False,False,11.0,19.0,0.42105263157894735,0.2992885977175546,0.7534737804085598,0.6164000000000001,0.901094862570273,0.7108012937806908,-0.0429649913222826,0.0246,0.6233766233766234,0.3109475620975161,0.48574057037718493,0.14010743061772604,0.21854008060904612,0.01701931922723091
J_ff_only__knn__13_fsmvn__post1,J_ff_only,knn,13_fsmvn,True,medium,False,False,False,False,False,6.0,14.0,0.5714285714285714,0.2990354585001582,0.5141482344277007,0.5582833333333334,0.8217442452468289,0.9913656361198222,-0.04233310142251512,0.3312,0.1728616211374832,0.16053357865685372,0.15639374425023,0.5859444941808415,0.22077922077922077,0.49770009199632015
D_malignant_only__softimpute__26_xpn__post1,D_malignant_only,softimpute,26_xpn,True,high,False,False,False,False,False,9.0,17.0,0.47058823529411764,0.29840126050091653,0.4916781217265852,0.48379999999999995,0.8269435891269035,0.9986210163139804,-0.028306909238818012,0.2718,0.1200179131213614,0.06393744250229991,0.1623735050597976,0.7618621307072516,0.30273175100761307,0.3794848206071757
J_ff_only__strict__13_fsmvn__post1,J_ff_only,strict,13_fsmvn,True,medium,False,False,False,False,False,6.0,14.0,0.5714285714285714,0.297975206923345,0.5129702046550005,0.5600999999999999,0.8210306595617856,0.9911337711424624,-0.047636267052786674,0.3436,0.16927899686520376,0.16375344986200552,0.1545538178472861,0.5823634735899731,0.19122257053291536,0.5266789328426863
D_malignant_only__strict__12_scanorama__post0,D_malignant_only,strict,12_scanorama,False,medium,False,False,False,False,False,10.0,18.0,0.4444444444444444,0.29783361606400127,0.5499907858213319,0.6485700000000001,0.9361034759846352,-0.0455361910913468,-0.02812386308628867,0.0833,0.27630989699955216,0.4199632014719411,0.7290708371665133,0.021486123545210387,0.3045230631437528,0.03564857405703772
H_affymetrix_extended__softimpute__19_tdm__post1,H_affymetrix_extended,softimpute,19_tdm,True,high,False,False,False,False,False,5.0,11.0,0.5454545454545454,0.2974846650427022,0.7459117634313309,0.48342,0.6256210495910135,0.9959376026658752,-0.03693283024940819,0.125,0.5924764890282131,0.06347746090156393,0.011499540018399264,0.7300805729632945,0.251679355127631,0.13569457221711131
I_rare_batches_removed__softimpute__26_xpn__post1,I_rare_batches_removed,softimpute,26_xpn,True,high,False,False,False,False,False,8.0,14.0,0.4285714285714286,0.29688509612399433,0.5367656128425693,0.57175,0.7017878818192079,0.9922933812528272,-0.057944446818074424,0.365,0.23734885803851322,0.18951241950321987,0.03679852805887764,0.6168307967770814,0.15114196148678907,0.5496780128794848
C_rnaseq_only__softimpute__26_xpn__post0,C_rnaseq_only,softimpute,26_xpn,False,high,False,False,False,False,False,5.0,6.0,0.16666666666666663,0.29679151758230965,0.5878440986603336,0.55424,0.8587384131314061,0.9879516492166384,-0.07836364208357416,0.2543,0.33900582176444244,0.15087396504139836,0.2672493100275989,0.5720680393912265,0.0987460815047022,0.3528058877644894
I_rare_batches_removed__knn__13_fsmvn__post0,I_rare_batches_removed,knn,13_fsmvn,False,medium,False,False,False,False,False,9.0,15.0,0.4,0.29673173096479194,0.5523301556637925,0.5588000000000001,0.8394773858304969,0.9944257225625024,-0.015344380679671699,0.1154,0.2816838334079713,0.1609935602575897,0.19089236430542778,0.6817367949865711,0.3882669055082848,0.07681692732290708
D_malignant_only__softimpute__21_harmonizr__post0,D_malignant_only,softimpute,21_harmonizr,False,medium,False,False,False,False,False,10.0,18.0,0.4444444444444444,0.2964012375708788,0.526077832527434,0.54745,0.8639130802457554,0.999996512344924,-0.04463796146108062,0.1154,0.20331392745185847,0.14167433302667892,0.2907083716651334,0.8589973142345568,0.20689655172413793,0.07681692732290708
F_microarray_only__knn__10_mnn__post1,F_microarray_only,knn,10_mnn,True,medium,False,False,False,False,False,5.0,17.0,0.7058823529411764,0.29581849396756393,0.5995881755872035,0.68182,0.810533352103177,0.0152158112399406,-0.10535585805432457,0.422,0.35064935064935066,0.5211591536338547,0.13661453541858326,0.047000895255147716,0.0819525302283923,0.6375344986200552
S0_no_removal__knn__13_fsmvn__post1,S0_no_removal,knn,13_fsmvn,True,medium,False,False,False,False,False,11.0,23.0,0.5217391304347826,0.2956520123750636,0.5134864945260533,0.6048545454545454,0.8394889726441167,0.9941350831911052,-0.013564150472227365,0.1154,0.17107030900134348,0.27092916283348667,0.19135234590616376,0.6611459265890779,0.4025974025974026,0.07681692732290708
S0_no_removal__softimpute__11_harmony__post1,S0_no_removal,softimpute,11_harmony,True,medium,False,False,False,False,False,11.0,23.0,0.5217391304347826,0.2956519205973747,0.6713207279972033,0.6365181818181818,0.7397412880479224,0.5473820996567075,-0.02593344434195427,0.3234,0.44155844155844154,0.3840846366145354,0.06301747930082796,0.08325872873769025,0.31303179579041646,0.4889604415823367
J_ff_only__strict__11_harmony__post1,J_ff_only,strict,11_harmony,True,medium,False,False,False,False,False,7.0,14.0,0.5,0.295434554577287,0.55804785178316,0.4375428571428571,0.95058249554279,0.5903208586686621,-0.03539252213492328,0.1463,0.2928795342588446,0.035878564857405704,0.8951241950321988,0.09534467323187108,0.2601880877742947,0.19319227230910763
B_extended_bad__knn__10_mnn__post1,B_extended_bad,knn,10_mnn,True,medium,False,False,True,False,False,10.0,15.0,0.33333333333333337,0.29501269907594846,0.5286793962460876,0.60404,0.9031015947321068,-0.0044336903412317,-0.04508474090500081,0.3622,0.2136139722346619,0.2700091996320147,0.49770009199632015,0.03715308863025962,0.20376175548589343,0.547838086476541
G_affymetrix_only__strict__10_mnn__post0,G_affymetrix_only,strict,10_mnn,False,medium,False,False,False,True,False,2.0,3.0,0.33333333333333337,0.2947264259613578,0.526285099412682,0.5967,0.8325677591387135,-0.009080202966851,-0.040768390957584055,0.5141,0.20420958351992835,0.25068997240110397,0.17755289788408463,0.03133393017009848,0.2315270935960591,0.8730450781968722
I_rare_batches_removed__softimpute__20_shambhala__post1,I_rare_batches_removed,softimpute,20_shambhala,True,high,False,False,False,False,False,9.0,14.0,0.3571428571428571,0.2943860471944228,0.7714809656692591,0.6518,0.8471917017426,0.7991935178265834,-0.057944446818074424,0.122,0.6784594715629199,0.43146274149034036,0.21803127874885003,0.17636526410026857,0.15114196148678907,0.11085556577736891
E2_iterative_r2__softimpute__10_mnn__post1,E2_iterative_r2,softimpute,10_mnn,True,medium,False,False,False,False,False,11.0,18.0,0.38888888888888884,0.294249500327438,0.6188191925228786,0.6463636363636364,0.9042868216918436,0.015918210501972,-0.1749093125597732,0.2825,0.3694581280788177,0.41214351425942963,0.5059797608095676,0.047448522829006266,0.02821316614420063,0.40225390984360626
I_rare_batches_removed__strict__12_scanorama__post0,I_rare_batches_removed,strict,12_scanorama,False,medium,False,False,False,False,False,9.0,15.0,0.4,0.2942126772960272,0.6338599191292388,0.6714777777777778,0.8796316735610894,0.0140576814059517,-0.03431125288972109,0.1593,0.3864755933721451,0.48942042318307266,0.3583256669733211,0.046553267681289166,0.2660098522167488,0.21849126034958602
F_microarray_only__knn__10_mnn__post0,F_microarray_only,knn,10_mnn,False,medium,False,False,False,False,False,6.0,18.0,0.6666666666666667,0.2939325426058302,0.5865398897037419,0.6856166666666667,0.849382563018802,0.0110277076764971,-0.105356148213963,0.3538,0.33721450962830274,0.5321987120515179,0.23045078196872126,0.045658012533572066,0.08150470219435736,0.5365685372585096
I_rare_batches_removed__softimpute__11_harmony__post1,I_rare_batches_removed,softimpute,11_harmony,True,medium,False,False,False,False,False,9.0,14.0,0.3571428571428571,0.29250370177992807,0.6671918676635646,0.6049444444444444,0.7202186678074595,0.575653313563611,-0.009560088531059496,0.3167,0.43708016121809223,0.27138914443422263,0.05105795768169273,0.09221128021486123,0.4366323331840573,0.46665133394664216
D_malignant_only__strict__13_fsmvn__post0,D_malignant_only,strict,13_fsmvn,False,medium,False,False,False,False,False,10.0,18.0,0.4444444444444444,0.29241557405226665,0.4750876305283619,0.46887,0.8714934274866001,0.9999983956646236,-0.02991671162038223,0.1245,0.09449171518137035,0.05657773689052438,0.3224471021159154,0.8769024171888988,0.28884908195253023,0.11522539098436063
K_ffpe_only__knn__20_shambhala__post1,K_ffpe_only,knn,20_shambhala,True,high,False,False,False,True,False,3.0,7.0,0.5714285714285714,0.2922642823895667,0.4980423224325722,0.4475,0.8781437897288829,0.8641836435249146,0.018878158729953853,0.125,0.13434841021047916,0.04185832566697332,0.3486660533578657,0.2900626678603402,0.8029556650246306,0.13569457221711131
J_ff_only__strict__26_xpn__post1,J_ff_only,strict,26_xpn,True,high,False,False,False,False,False,6.0,14.0,0.5714285714285714,0.29204227291327284,0.4976720219628685,0.5635666666666667,0.7580893672389617,0.9886840898089074,-0.03669015286357469,0.3573,0.13255709807433946,0.16973321067157313,0.0827966881324747,0.5729632945389436,0.25257501119570086,0.5416283348666053
D_malignant_only__strict__07_pycombat__post1,D_malignant_only,strict,07_pycombat,True,medium,False,False,False,False,False,10.0,17.0,0.4117647058823529,0.2909688596136692,0.5186711356386967,0.49044,0.8902170301378314,0.9999962351879486,-0.0443990854650923,0.0,0.18540080609046125,0.06899724011039558,0.4199632014719411,0.8549686660698299,0.2095835199283475,0.0068997240110395585
S0_no_removal__knn__13_fsmvn__post0,S0_no_removal,knn,13_fsmvn,False,medium,False,False,False,False,False,11.0,24.0,0.5416666666666667,0.2902608228061648,0.499514781041065,0.6061090909090909,0.8410239056974437,0.9939338426208284,-0.013896060120320852,0.1154,0.13793103448275862,0.2769089236430543,0.19825206991720332,0.6521933751119069,0.3994626063591581,0.07681692732290708
D_malignant_only__softimpute__07_pycombat__post0,D_malignant_only,softimpute,07_pycombat,False,medium,False,False,False,False,False,10.0,18.0,0.4444444444444444,0.2901427254983664,0.5100637738595082,0.52128,0.8771431931030568,0.9999971046944272,-0.03862698782258228,0.0476,0.1639050604567846,0.10303587856485741,0.34360625574977,0.8630259623992838,0.2445141065830721,0.02276908923643054
K_ffpe_only__strict__18_rank__post0,K_ffpe_only,strict,18_rank,False,high,False,False,False,True,False,3.0,8.0,0.625,0.2897552429391256,0.5187570503674815,0.6122333333333333,0.864842656806536,0.9353212179795818,-0.021578774507253373,0.125,0.1858486341244962,0.2999080036798528,0.2953081876724931,0.4829901521933751,0.338781907747425,0.13569457221711131
I_rare_batches_removed__knn__26_xpn__post1,I_rare_batches_removed,knn,26_xpn,True,high,False,False,False,False,False,8.0,14.0,0.4285714285714286,0.2888536224277764,0.5212433102895331,0.54355,0.7146592104288203,0.9924061584572168,-0.008213321426588371,0.2077,0.19390953873712494,0.13201471941122356,0.04829806807727691,0.6208594449418084,0.4491715181370354,0.2888684452621895
K_ffpe_only__strict__12_scanorama__post0,K_ffpe_only,strict,12_scanorama,False,medium,False,False,False,True,False,3.0,8.0,0.625,0.2881337600374014,0.5944555084060497,0.6222,0.8075955364126607,-0.0151978697674675,0.009558956119599948,0.125,0.3457232422749664,0.33348666053357867,0.13155473781048757,0.02730528200537153,0.755038065382893,0.13569457221711131
H_affymetrix_extended__strict__19_tdm__post1,H_affymetrix_extended,strict,19_tdm,True,high,False,False,False,False,False,5.0,9.0,0.4444444444444444,0.2878947149653869,0.6565006024103324,0.4915,0.630024236879808,0.9962805275333424,-0.018871655153680444,0.125,0.4187192118226601,0.07129714811407543,0.012419503219871205,0.7318710832587287,0.3573667711598746,0.13569457221711131
E1_iterative_r1__softimpute__28_npn__post1,E1_iterative_r1,softimpute,28_npn,True,high,False,False,False,False,False,10.0,19.0,0.4736842105263158,0.28762386293066666,0.5139181327799435,0.60301,0.799628705922856,0.9946201871584126,-0.15658024382808236,0.2983,0.17196596506941333,0.26494940202391903,0.12189512419503219,0.6956132497761862,0.039856695029108824,0.43146274149034036
E2_iterative_r2__softimpute__28_npn__post1,E2_iterative_r2,softimpute,28_npn,True,high,False,False,False,False,False,10.0,18.0,0.4444444444444444,0.28736819504737937,0.5144642809065026,0.60624,0.7927307035776102,0.9945091354313552,-0.15421751011524115,0.2958,0.17330944917151814,0.2778288868445262,0.11775528978840846,0.6888988361683079,0.04254366323331841,0.4238730450781969
D_malignant_only__softimpute__13_fsmvn__post0,D_malignant_only,softimpute,13_fsmvn,False,medium,False,False,False,False,False,10.0,18.0,0.4444444444444444,0.2873073629910072,0.5030334073735779,0.46459,0.8529935742147099,0.9999994203536158,-0.023795422167678104,0.1154,0.14464845499328258,0.05427782888684453,0.24563017479300828,0.88272157564906,0.31974921630094044,0.07681692732290708
E3_iterative_r3__softimpute__28_npn__post0,E3_iterative_r3,softimpute,28_npn,False,high,False,False,False,False,False,10.0,18.0,0.4444444444444444,0.28709633496414566,0.5203953603435054,0.60563,0.8075651994009156,0.9944111533961384,-0.1545965350963077,0.2831,0.1921182266009852,0.2736890524379025,0.1310947562097516,0.6799462846911369,0.04209583519928348,0.4036338546458142
I_rare_batches_removed__strict__11_harmony__post1,I_rare_batches_removed,strict,11_harmony,True,medium,False,False,False,False,False,9.0,14.0,0.3571428571428571,0.28662704249228715,0.5445579963811443,0.5293666666666668,0.7208550272895521,0.6019887363575905,0.013366452182642041,0.2867,0.2606359158083296,0.11637534498620056,0.05197792088316467,0.10161145926589078,0.7756381549484997,0.4135234590616375
J_ff_only__strict__11_harmony__post0,J_ff_only,strict,11_harmony,False,medium,False,False,False,False,False,7.0,15.0,0.5333333333333333,0.2862617521839252,0.5497679669160532,0.4300857142857143,0.950522768756914,0.5890787803768669,-0.03757058083064557,0.1395,0.27451858486341246,0.029438822447102116,0.8942042318307267,0.09489704565801253,0.2476489028213166,0.1768629254829807
H_affymetrix_extended__strict__03_limma__post1,H_affymetrix_extended,strict,03_limma,True,low,False,False,False,False,False,5.0,11.0,0.5454545454545454,0.2862114855959938,0.2950034197855506,0.5008,0.8113448289824267,1.0,-0.057179175047325614,0.2653,0.005373936408419167,0.07865685372585096,0.1375344986200552,0.9677708146821844,0.15718763994626064,0.37074517019319225
G_affymetrix_only__knn__07_pycombat__post0,G_affymetrix_only,knn,07_pycombat,False,medium,False,False,False,True,False,2.0,3.0,0.33333333333333337,0.28554513250276947,0.4159795740183723,0.2126,0.6419083878326848,0.999719395975422,0.008526222383969273,0.1169,0.03537841468875952,0.0036798528058877645,0.01701931922723091,0.8088630259623992,0.7496641289744738,0.09866605335786569
J_ff_only__softimpute__12_scanorama__post1,J_ff_only,softimpute,12_scanorama,True,medium,False,False,False,False,False,6.0,14.0,0.5714285714285714,0.2853211524801972,0.6068383200085284,0.5289166666666666,0.9410958995994104,0.0836939029474112,-0.07829248326261196,0.2,0.35647111509180474,0.11545538178472861,0.7870285188592456,0.0684870188003581,0.1038961038961039,0.28058877644894203
C_rnaseq_only__softimpute__23_vst__post0,C_rnaseq_only,softimpute,23_vst,False,low,False,False,False,False,False,5.0,6.0,0.16666666666666663,0.2852947903687312,0.6909437689931953,0.64122,0.7540324904869035,0.8188160512951134,-0.04140177870421358,0.2559,0.4657411553963278,0.3960441582336707,0.07957681692732291,0.18755595344673232,0.22682489923869234,0.3560257589696412
F_microarray_only__softimpute__28_npn__post1,F_microarray_only,softimpute,28_npn,True,high,False,False,False,False,False,6.0,17.0,0.6470588235294117,0.2852322955563606,0.5354159028274116,0.5782833333333334,0.8211524925005301,0.9996986085182784,-0.04068146412278527,0.1154,0.23242274966412899,0.2063017479300828,0.15501379944802207,0.8075201432408237,0.23331840573219884,0.07681692732290708
C_rnaseq_only__softimpute__15_fsqn_py__post0,C_rnaseq_only,softimpute,15_fsqn_py,False,high,False,False,False,False,False,5.0,6.0,0.16666666666666663,0.28505701111267406,0.5648105377756766,0.4957000000000001,0.9056192886049304,0.7761320800187269,-0.07836364208357416,0.3665,0.30497089117778775,0.07451701931922723,0.516099356025759,0.16495076096687555,0.0987460815047022,0.5510579576816927
D_malignant_only__strict__07_pycombat__post0,D_malignant_only,strict,07_pycombat,False,medium,False,False,False,False,False,10.0,18.0,0.4444444444444444,0.28504262440669903,0.495625580748827,0.49648000000000003,0.8903072362397979,0.999996331721591,-0.04499282234387059,0.0588,0.12628750559785043,0.07589696412143514,0.42134314627414904,0.855863921217547,0.2051052395879982,0.025758969641214352
I_rare_batches_removed__strict__13_fsmvn__post0,I_rare_batches_removed,strict,13_fsmvn,False,medium,False,False,False,False,False,9.0,15.0,0.4,0.28489194867802314,0.5168628245684608,0.5680111111111111,0.8499417260574261,0.9943739558189856,-0.0174164166052298,0.1154,0.18047469771607702,0.17709291628334867,0.23183072677092917,0.6763652641002685,0.3667711598746082,0.07681692732290708
I_rare_batches_removed__knn__11_harmony__post0,I_rare_batches_removed,knn,11_harmony,False,medium,False,False,False,False,False,9.0,15.0,0.4,0.2847481622695304,0.5652442161292963,0.5354888888888889,0.6927231594631362,0.5743775115469932,0.025798916349869527,0.2452,0.3054187192118227,0.12143514259429623,0.03173873045078197,0.09131602506714413,0.8177339901477833,0.3408463661453542
B_extended_bad__softimpute__10_mnn__post1,B_extended_bad,softimpute,10_mnn,True,medium,False,False,True,False,False,10.0,15.0,0.33333333333333337,0.2846809214964015,0.6418515171299535,0.6499900000000001,0.903492670043149,-0.0638385814234015,-0.15815194893209994,0.2397,0.39587998208687863,0.42594296228150874,0.49954001839926404,0.01566696508504924,0.03940886699507389,0.3316467341306348
B_extended_bad__softimpute__10_mnn__post0,B_extended_bad,softimpute,10_mnn,False,medium,False,False,True,False,False,10.0,16.0,0.375,0.28460185649278597,0.6522956824461023,0.64275,0.9051593149315718,-0.0632048029809281,-0.1581522819298602,0.2333,0.412897447380206,0.40110395584176634,0.5128794848206072,0.01656222023276634,0.03896103896103896,0.3252069917203312
E2_iterative_r2__knn__09_ruv__post0,E2_iterative_r2,knn,09_ruv,False,medium,False,False,False,False,False,11.0,19.0,0.42105263157894735,0.2844467275483611,0.718441322735169,0.5990909090909091,0.9015043563908108,0.7128255595005867,-0.03294309844531862,0.0386,0.5261979399910435,0.25574977000919963,0.4908003679852806,0.14189794091316024,0.27317510076130763,0.018859245630174794
K_ffpe_only__knn__11_harmony__post0,K_ffpe_only,knn,11_harmony,False,medium,False,False,False,True,False,3.0,8.0,0.625,0.28440717462248283,0.3752284647443381,0.6414333333333334,0.9175336301712116,0.6476407853639795,-0.004905669260754697,0.125,0.01567398119122257,0.39650413983440663,0.5795768169273229,0.10743061772605192,0.4715629198387819,0.13569457221711131
K_ffpe_only__knn__16_fsqn_r__post0,K_ffpe_only,knn,16_fsqn_r,False,high,False,False,False,True,False,3.0,8.0,0.625,0.2841472577180466,0.4720529698082529,0.43113333333333337,0.7106143315285474,0.9999928813374755,-4.857872889396653e-06,0.125,0.08732646663681147,0.03035878564857406,0.043008279668813244,0.8296777081468218,0.5788177339901478,0.13569457221711131
K_ffpe_only__knn__27_dwd__post0,K_ffpe_only,knn,27_dwd,False,medium,False,False,False,True,False,3.0,8.0,0.625,0.2841472577180466,0.4720529698082529,0.43113333333333337,0.7106143315285474,0.9999928813374755,-4.857872889396653e-06,0.125,0.08732646663681147,0.03035878564857406,0.043008279668813244,0.8296777081468218,0.5788177339901478,0.13569457221711131
K_ffpe_only__softimpute__19_tdm__post0,K_ffpe_only,softimpute,19_tdm,False,high,False,False,False,True,False,3.0,8.0,0.625,0.2834395907414333,0.5614038416178774,0.48436666666666667,0.8048353663949553,0.9654816718176888,-0.03099953511117909,0.2857,0.2991491267353336,0.06439742410303588,0.12833486660533577,0.5147717099373321,0.2843708016121809,0.4096136154553818
I_rare_batches_removed__strict__21_harmonizr__post0,I_rare_batches_removed,strict,21_harmonizr,False,medium,False,False,False,False,False,9.0,15.0,0.4,0.28243922292325824,0.4540470393223878,0.5668444444444445,0.8516645495129546,0.9943419981272864,-0.005673774338859905,0.1154,0.06359158083296014,0.17387304507819687,0.23735050597976082,0.6736794986571173,0.4693237796686073,0.07681692732290708
D_malignant_only__strict__21_harmonizr__post1,D_malignant_only,strict,21_harmonizr,True,medium,False,False,False,False,False,10.0,17.0,0.4117647058823529,0.28199136209391384,0.5152358559033751,0.48575,0.8803083477354908,0.9999947908151356,-0.05217308251644881,0.1154,0.174205105239588,0.0671573137074517,0.3638454461821527,0.8410922112802148,0.16883116883116883,0.07681692732290708
J_ff_only__strict__09_ruv__post1,J_ff_only,strict,09_ruv,True,medium,False,False,False,False,False,7.0,14.0,0.5,0.2816620166126712,0.5944990887773852,0.5419857142857143,0.8970786813428052,0.6747418846877916,-0.014703714762536846,0.1765,0.34617107030900135,0.13063477460901565,0.4609015639374425,0.11727842435094002,0.3905060456784595,0.24448022079116835
G_affymetrix_only__strict__26_xpn__post0,G_affymetrix_only,strict,26_xpn,False,high,False,False,False,True,False,2.0,3.0,0.33333333333333337,0.28116199871639075,0.5052284797741714,0.37465000000000004,0.6532465001011902,0.998470741634306,-0.04765236416757668,0.3703,0.15047021943573669,0.017479300827966882,0.017939282428702852,0.756490599820949,0.19077474249888043,0.5538178472861086
B_extended_bad__knn__09_ruv__post0,B_extended_bad,knn,09_ruv,False,medium,False,False,True,False,False,10.0,16.0,0.375,0.28089734874494726,0.7547359101521072,0.63713,0.8415734336028361,0.7214559868462349,-0.030409199152648947,0.0785,0.6296462158531124,0.38684452621895127,0.20009199632014718,0.1477170993733214,0.28750559785042545,0.03357865685372585
C_rnaseq_only__softimpute__16_fsqn_r__post0,C_rnaseq_only,softimpute,16_fsqn_r,False,high,True,False,False,False,False,5.0,6.0,0.16666666666666663,0.28082163922092623,0.5487422991005181,0.52858,0.8350557292690186,0.9845246440905588,-0.035516396040591425,0.2144,0.270935960591133,0.11499540018399264,0.1812327506899724,0.5608773500447628,0.2597402597402597,0.297148114075437
D_malignant_only__knn__07_pycombat__post1,D_malignant_only,knn,07_pycombat,True,medium,False,False,False,False,False,9.0,17.0,0.47058823529411764,0.27993729930193473,0.4791919265489408,0.5462888888888888,0.8457063504444731,0.9999958058617836,-0.02054151199744636,0.0833,0.09941782355575458,0.13937442502299907,0.21389144434222632,0.8460161145926589,0.3452754142409315,0.03564857405703772
F_microarray_only__softimpute__28_npn__post0,F_microarray_only,softimpute,28_npn,False,high,False,False,False,False,False,6.0,18.0,0.6666666666666667,0.2797796031333098,0.5249515695502509,0.5782833333333334,0.8209983228347368,0.99970636303266,-0.04079662551445067,0.1154,0.2019704433497537,0.2063017479300828,0.15409383624655013,0.8084153983885407,0.23107926556202418,0.07681692732290708
K_ffpe_only__knn__19_tdm__post1,K_ffpe_only,knn,19_tdm,True,high,False,False,False,True,False,3.0,7.0,0.5714285714285714,0.27927480760282547,0.5263036703513114,0.4254,0.6846352215759538,0.9619656224150868,0.012140559340394597,0.125,0.20465741155396328,0.025758969641214352,0.028978840846366146,0.5116383169203222,0.7689207344379758,0.13569457221711131
J_ff_only__knn__11_harmony__post1,J_ff_only,knn,11_harmony,True,medium,False,False,False,False,False,7.0,14.0,0.5,0.27922120154875435,0.5795834341082922,0.4323428571428571,0.9394930793205852,0.5927474822456594,-0.03236974132478876,0.1395,0.3264666368114644,0.03173873045078197,0.7677092916283349,0.09668755595344673,0.27586206896551724,0.1768629254829807
E3_iterative_r3__strict__12_scanorama__post0,E3_iterative_r3,strict,12_scanorama,False,medium,False,False,False,False,False,10.0,18.0,0.4444444444444444,0.27919471320454614,0.6073664513144877,0.66478,0.8147055650141743,-0.1304045458487519,-0.0510861087993264,0.3482,0.35691894312583966,0.4641214351425943,0.14443422263109476,0.004476275738585497,0.1755485893416928,0.5296688132474701
D_malignant_only__knn__26_xpn__post0,D_malignant_only,knn,26_xpn,False,high,False,False,False,False,False,10.0,18.0,0.4444444444444444,0.27902652378170684,0.5062997560468443,0.5131600000000001,0.8298385331180567,0.9986552617539004,-0.025895196463554204,0.1414,0.15270935960591134,0.08877644894204231,0.1701931922723091,0.7645478961504029,0.31347962382445144,0.1844526218951242
E1_iterative_r1__knn__09_ruv__post0,E1_iterative_r1,knn,09_ruv,False,medium,False,False,False,False,False,11.0,20.0,0.44999999999999996,0.27869767574721743,0.7245529032307048,0.5954818181818182,0.9036243802013868,0.7108719943573069,-0.04120002093217068,0.029,0.5373936408419167,0.24747010119595217,0.5,0.1405550581915846,0.22928795342588446,0.017479300827966882
H_affymetrix_extended__knn__31_ruv3prps__post0,H_affymetrix_extended,knn,31_ruv3prps,False,medium,False,False,False,False,False,6.0,12.0,0.5,0.2776637324938744,0.7017829164088581,0.5665,0.8946040239962862,0.7491850864143332,-0.019150022703694952,0.0889,0.48589341692789967,0.17295308187672492,0.44986200551977923,0.1584601611459266,0.3555754590237349,0.04323827046918123
D_malignant_only__softimpute__07_pycombat__post1,D_malignant_only,softimpute,07_pycombat,True,medium,False,False,False,False,False,9.0,17.0,0.47058823529411764,0.2772373171689791,0.5074764078009484,0.5186444444444445,0.8617943517723019,0.9999970285021754,-0.03890520098544176,0.0476,0.15539632781012092,0.09659613615455381,0.28380864765409386,0.8616830796777082,0.2431706224809673,0.02276908923643054
J_ff_only__softimpute__11_harmony__post1,J_ff_only,softimpute,11_harmony,True,medium,False,False,False,False,False,7.0,14.0,0.5,0.27528109511020854,0.5789312277512411,0.42819999999999997,0.9383895378126258,0.5934094472845877,-0.03274452398317029,0.1379,0.32601880877742945,0.028058877644894203,0.7529898804047838,0.09713518352730528,0.27407075682937754,0.1734130634774609
I_rare_batches_removed__strict__21_harmonizr__post1,I_rare_batches_removed,strict,21_harmonizr,True,medium,False,False,False,False,False,9.0,14.0,0.3571428571428571,0.2739484952703117,0.4817376857731502,0.5235,0.8562615044714141,0.9942140320421464,-0.009690000687636535,0.1154,0.10300044782803404,0.10717571297148114,0.25712971481140756,0.6642793196060878,0.43528884908195253,0.07681692732290708
G_affymetrix_only__softimpute__26_xpn__post0,G_affymetrix_only,softimpute,26_xpn,False,high,False,False,False,True,False,2.0,3.0,0.33333333333333337,0.273887092492568,0.5430588898891008,0.3625,0.6320591320323139,0.9984639198733986,-0.09725407643005912,0.3372,0.2557098074339454,0.015639374425023,0.013339466421343146,0.7560429722470904,0.08419167039856695,0.5183992640294388
H_affymetrix_extended__softimpute__09_ruv__post1,H_affymetrix_extended,softimpute,09_ruv,True,medium,False,False,False,False,False,5.0,11.0,0.5454545454545454,0.2737502065614256,0.5090305024635325,0.48446,0.9274253689633736,0.6777234948045492,-0.1097275724678547,0.3917,0.15987460815047022,0.06485740570377185,0.641214351425943,0.12085944494180842,0.07657859381997313,0.579116835326587
F_microarray_only__softimpute__26_xpn__post1,F_microarray_only,softimpute,26_xpn,True,high,False,False,False,False,False,5.0,17.0,0.7058823529411764,0.2732827132980269,0.474159326397221,0.5595600000000001,0.8593534965074444,0.9992553532666784,-0.03820924671148526,0.1154,0.09090909090909091,0.16283348666053357,0.27276908923643056,0.7909579230080573,0.24540976265114195,0.07681692732290708
E3_iterative_r3__softimpute__28_npn__post1,E3_iterative_r3,softimpute,28_npn,True,high,False,False,False,False,False,9.0,17.0,0.47058823529411764,0.2731564649266077,0.5085387734772949,0.5944777777777778,0.7885037334553859,0.9943913054727102,-0.1547506459105276,0.2831,0.15763546798029557,0.24517019319227232,0.11269549218031279,0.6781557743957027,0.041648007165248545,0.4036338546458142
E3_iterative_r3__strict__12_scanorama__post1,E3_iterative_r3,strict,12_scanorama,True,medium,False,False,False,False,False,10.0,17.0,0.4117647058823529,0.2730177803248855,0.584418425590713,0.6665,0.8091989195690545,-0.1324536302390901,-0.05108601136862656,0.3385,0.3336318853560233,0.47102115915363385,0.13477460901563937,0.003133393017009848,0.17599641737572772,0.5195492180312787
C_rnaseq_only__softimpute__11_harmony__post0,C_rnaseq_only,softimpute,11_harmony,False,medium,False,False,False,False,False,5.0,6.0,0.16666666666666663,0.27295124999897324,0.6659772569413436,0.6112599999999999,0.6829426583964767,0.6923799831040913,-0.08914864441150383,0.4352,0.43528884908195253,0.2934682612695492,0.028518859245630176,0.13070725156669652,0.0864308105687416,0.6632934682612696
H_affymetrix_extended__knn__09_ruv__post0,H_affymetrix_extended,knn,09_ruv,False,medium,False,False,False,False,False,6.0,12.0,0.5,0.2724283867272328,0.5748136702526127,0.4350833333333333,0.923621562582821,0.7065499361806227,-0.12481479136771928,0.3092,0.31974921630094044,0.03265869365225391,0.6232750689972401,0.1378692927484333,0.07299596954769369,0.44802207911683534
I_rare_batches_removed__strict__11_harmony__post0,I_rare_batches_removed,strict,11_harmony,False,medium,False,False,False,False,False,9.0,15.0,0.4,0.27170407711462824,0.506282090739686,0.5395555555555556,0.7682838124304003,0.602017652475647,0.01030602864213942,0.2819,0.1522615315718764,0.12741490340386386,0.08785648574057038,0.10205908683974933,0.7590685176892074,0.4015639374425023
E1_iterative_r1__softimpute__12_scanorama__post0,E1_iterative_r1,softimpute,12_scanorama,False,medium,False,False,False,False,False,11.0,20.0,0.44999999999999996,0.2708806009869264,0.7279408502341077,0.6663545454545455,0.7622102831246664,-0.1700741485976626,-0.17721464576475665,0.3333,0.5494849977608598,0.47010119595216193,0.08601655933762649,0.0004476275738585497,0.011643528884908196,0.5075896964121435
J_ff_only__knn__11_harmony__post0,J_ff_only,knn,11_harmony,False,medium,False,False,False,False,False,7.0,15.0,0.5333333333333333,0.2699236181819709,0.5568045691717229,0.4321428571428571,0.9394378889919824,0.5916168560448154,-0.03447726941160778,0.1319,0.29198387819077476,0.031278748850046,0.766329346826127,0.09579230080572963,0.2651141961486789,0.1690432382704692
K_ffpe_only__knn__09_ruv__post0,K_ffpe_only,knn,09_ruv,False,medium,False,False,False,True,False,3.0,8.0,0.625,0.269637385562057,0.5133180268862835,0.3743,0.8276163165909991,0.7299470118273762,0.13078828459407804,0.125,0.16972682489923868,0.01701931922723091,0.16513339466421342,0.1512981199641898,0.9789520824003582,0.13569457221711131
H_affymetrix_extended__strict__26_xpn__post1,H_affymetrix_extended,strict,26_xpn,True,high,False,False,False,False,False,5.0,11.0,0.5454545454545454,0.26920629051247835,0.4518290598999593,0.5201,0.7729734481344295,0.9989927421735848,-0.026010411051980264,0.1954,0.06090461262875056,0.09935602575896964,0.09429622815087396,0.7743957027752909,0.3121361397223466,0.27414903403863844
G_affymetrix_only__knn__12_scanorama__post1,G_affymetrix_only,knn,12_scanorama,True,medium,False,False,False,True,False,2.0,2.0,0.0,0.2686826033008501,0.578458257898419,0.5784499999999999,0.8471120878565594,0.069069692138853,-0.12601388925749668,0.4609,0.3255709807433945,0.20699172033118676,0.21757129714811407,0.06490599820948971,0.07120465741155396,0.7258509659613616
F_microarray_only__knn__09_ruv__post0,F_microarray_only,knn,09_ruv,False,medium,False,False,False,False,False,6.0,18.0,0.6666666666666667,0.2673842176055194,0.6016803384607601,0.49206666666666665,0.9164182251195144,0.7127584924555351,-0.1483540787709693,0.2862,0.35244066278549036,0.07221711131554738,0.5749770009199632,0.1414503133393017,0.050156739811912224,0.41306347746090155
K_ffpe_only__strict__27_dwd__post0,K_ffpe_only,strict,27_dwd,False,medium,False,False,False,True,False,3.0,8.0,0.625,0.26702802821068033,0.4672474373748915,0.43850000000000006,0.7761503435510492,0.9999999657997698,-0.021578703484018913,0.125,0.07926556202418271,0.03771849126034959,0.09866605335786569,0.9111459265890779,0.33967756381549485,0.13569457221711131
K_ffpe_only__strict__16_fsqn_r__post0,K_ffpe_only,strict,16_fsqn_r,False,high,False,False,False,True,False,3.0,8.0,0.625,0.26702802821068033,0.4672474373748915,0.43850000000000006,0.7761503435510492,0.9999999657997698,-0.021578703484018913,0.125,0.07926556202418271,0.03771849126034959,0.09866605335786569,0.9111459265890779,0.33967756381549485,0.13569457221711131
A_confirmed_bad__softimpute__11_harmony__post1,A_confirmed_bad,softimpute,11_harmony,True,medium,False,False,True,False,False,10.0,20.0,0.5,0.26702569193676634,0.7589862084074069,0.60591,0.8891506750561694,0.5236461405931243,-0.14700649697125162,0.125,0.6412897447380206,0.2750689972401104,0.4144434222631095,0.07699194270367055,0.05866547245857591,0.13569457221711131
D_malignant_only__strict__21_harmonizr__post0,D_malignant_only,strict,21_harmonizr,False,medium,False,False,False,False,False,10.0,18.0,0.4444444444444444,0.2670063595167847,0.4759952372049558,0.45232,0.8752684265545967,0.999994924383978,-0.04513082180862504,0.1154,0.09628302731751008,0.04645814167433303,0.3376264949402024,0.841987466427932,0.20286609941782355,0.07681692732290708
E3_iterative_r3__knn__10_mnn__post0,E3_iterative_r3,knn,10_mnn,False,medium,False,False,False,False,False,10.0,18.0,0.4444444444444444,0.26686773537276975,0.5216143306722025,0.55426,0.918326007644228,-0.0822193123352318,-0.04625128771650955,0.3128,0.19435736677115986,0.15133394664213431,0.5841766329346826,0.012981199641897942,0.19883564711150917,0.4595216191352346
B_extended_bad__knn__10_mnn__post0,B_extended_bad,knn,10_mnn,False,medium,False,False,True,False,False,10.0,16.0,0.375,0.26682597050008794,0.5005490885347582,0.57139,0.9042370912830096,-0.0035301842785234,-0.04508517490339292,0.3478,0.13972234661889835,0.18629254829806807,0.5045998160073597,0.03804834377797672,0.20331392745185847,0.5289788408463661
D_malignant_only__strict__12_scanorama__post1,D_malignant_only,strict,12_scanorama,True,medium,False,False,False,False,False,9.0,17.0,0.47058823529411764,0.26658566034978,0.542976525134277,0.6143111111111111,0.9318953086760012,-0.0465581208243199,-0.028130007317214045,0.0833,0.25436632333184056,0.3049678012879485,0.6803127874885004,0.020143240823634737,0.30407523510971785,0.03564857405703772
E1_iterative_r1__softimpute__12_scanorama__post1,E1_iterative_r1,softimpute,12_scanorama,True,medium,False,False,False,False,False,11.0,19.0,0.42105263157894735,0.2664951555922717,0.7153691775778546,0.6679818181818182,0.7621299715648803,-0.1699949010563659,-0.177214678602151,0.3333,0.5190326914464846,0.47470101195952163,0.08555657773689053,0.0008952551477170994,0.011195700850873265,0.5075896964121435
J_ff_only__softimpute__11_harmony__post0,J_ff_only,softimpute,11_harmony,False,medium,False,False,False,False,False,7.0,15.0,0.5333333333333333,0.2653077185034724,0.5548927398445552,0.42697142857142856,0.9383589827671608,0.5922735375067149,-0.034846770839238816,0.1304,0.2884012539184953,0.027138914443422264,0.7516099356025759,0.09623992837958818,0.26332288401253917,0.16513339466421342
C_rnaseq_only__softimpute__07_pycombat__post1,C_rnaseq_only,softimpute,07_pycombat,True,medium,False,False,False,True,False,4.0,5.0,0.19999999999999996,0.2633552389673462,0.5030899330167571,0.466475,0.8247090402114768,0.983692631535892,-0.03710815403868073,0.286,0.1450962830273175,0.05565777368905244,0.15961361545538177,0.5568487018800358,0.2512315270935961,0.4116835326586937
G_affymetrix_only__strict__20_shambhala__post0,G_affymetrix_only,strict,20_shambhala,False,high,False,False,False,True,False,2.0,3.0,0.33333333333333337,0.26249216142772996,0.5723682307413178,0.4651,0.7074785224961571,0.8204216474978109,-0.03294979675918225,0.4539,0.316166592028661,0.054737810487580495,0.04139834406623735,0.18889883616830797,0.2722794446932378,0.7014719411223551
F_microarray_only__softimpute__11_harmony__post1,F_microarray_only,softimpute,11_harmony,True,medium,False,False,False,False,False,6.0,17.0,0.6470588235294117,0.26200932168072705,0.6350060474517844,0.5915166666666667,0.5083911467935698,0.5179709978214183,-0.01671915956689074,0.3286,0.3887147335423197,0.23597056117755288,0.004599816007359705,0.0756490599820949,0.3708016121809225,0.4963201471941122
E3_iterative_r3__softimpute__11_harmony__post0,E3_iterative_r3,softimpute,11_harmony,False,medium,False,False,False,False,False,10.0,18.0,0.4444444444444444,0.26137004709360084,0.7349662961720075,0.62031,0.88847429771779,0.5290024428497232,-0.1497329377555875,0.125,0.5687416032243618,0.3249770009199632,0.4107635694572217,0.07878245299910475,0.04926108374384237,0.13569457221711131
E1_iterative_r1__softimpute__11_harmony__post1,E1_iterative_r1,softimpute,11_harmony,True,medium,False,False,False,False,False,10.0,19.0,0.4736842105263158,0.2611141499505074,0.7683904498398754,0.60024,0.8815867127506595,0.5269629235203748,-0.14813495897863438,0.125,0.6677115987460815,0.2594296228150874,0.37580496780128797,0.0774395702775291,0.050604567845947156,0.13569457221711131
E3_iterative_r3__softimpute__10_mnn__post0,E3_iterative_r3,softimpute,10_mnn,False,medium,False,False,False,False,False,10.0,18.0,0.4444444444444444,0.2607189442495723,0.6649446036775776,0.6483800000000001,0.8760933497621642,7.016979479562123e-05,-0.17605714777265524,0.2251,0.432154052843708,0.4190432382704692,0.33992640294388227,0.03983885407341092,0.0219435736677116,0.3114075436982521
A_confirmed_bad__softimpute__10_mnn__post0,A_confirmed_bad,softimpute,10_mnn,False,medium,False,False,True,False,False,11.0,21.0,0.47619047619047616,0.26049866759198353,0.6067429087109153,0.6811909090909091,0.8853887860936536,-0.0023139506021261,-0.17623418317647382,0.1718,0.3560232870577698,0.5197792088316467,0.39650413983440663,0.03894359892569382,0.012091356918943126,0.23965041398344067
K_ffpe_only__knn__11_harmony__post1,K_ffpe_only,knn,11_harmony,True,medium,False,False,False,True,False,3.0,7.0,0.5714285714285714,0.25979323324750025,0.583687484210509,0.4779333333333333,0.7109921798341379,0.6484766672675654,0.010007366908866888,0.1831,0.33318405732198836,0.06071757129714812,0.043698252069917204,0.10787824529991047,0.7563815494849978,0.25689972401103955
H_affymetrix_extended__strict__26_xpn__post0,H_affymetrix_extended,strict,26_xpn,False,high,False,False,False,False,False,6.0,12.0,0.5,0.2594572500509508,0.4566600815576495,0.5163166666666666,0.742985886361583,0.9990243567350744,-0.02360631851194961,0.1642,0.06717420510523958,0.09383624655013799,0.07313707451701931,0.7784243509400179,0.32154052843708014,0.22263109475620976
E2_iterative_r2__knn__10_mnn__post0,E2_iterative_r2,knn,10_mnn,False,medium,False,False,False,False,False,11.0,19.0,0.42105263157894735,0.2586090250981933,0.5536467110533887,0.5007636363636364,0.9192117180596762,0.1065651730064859,-0.04340917069341088,0.2259,0.2852664576802508,0.078196872125115,0.5906163753449862,0.07072515666965085,0.2140618002686968,0.31278748850046
F_microarray_only__softimpute__26_xpn__post0,F_microarray_only,softimpute,26_xpn,False,high,False,False,False,False,False,6.0,18.0,0.6666666666666667,0.25818555140805277,0.4750706678029747,0.5575,0.8301394363180947,0.9992745570249773,-0.03625290895693237,0.1154,0.09404388714733543,0.1577736890524379,0.17157313707451702,0.7936436884512086,0.2552619793999104,0.07681692732290708
H_affymetrix_extended__strict__11_harmony__post1,H_affymetrix_extended,strict,11_harmony,True,medium,False,False,False,False,False,5.0,11.0,0.5454545454545454,0.25811979693556003,0.7087954931374516,0.56734,0.7756769785415469,0.5715706871008589,-0.029823640402160345,0.2773,0.5006717420510524,0.1766329346826127,0.09751609935602576,0.08952551477170993,0.29108822212270485,0.3932842686292548
E3_iterative_r3__softimpute__11_harmony__post1,E3_iterative_r3,softimpute,11_harmony,True,medium,False,False,False,False,False,10.0,17.0,0.4117647058823529,0.25774703201678045,0.7275363692270449,0.61955,0.8889688077882598,0.5300490551300372,-0.15069323066907347,0.125,0.5476936856247201,0.3215271389144434,0.4135234590616375,0.0792300805729633,0.048813255709807435,0.13569457221711131
E3_iterative_r3__knn__09_ruv__post0,E3_iterative_r3,knn,09_ruv,False,medium,False,False,False,False,False,10.0,18.0,0.4444444444444444,0.25768890136260586,0.7573899644411933,0.6087,0.833713239813386,0.7135081885990197,-0.031495273815741576,0.0434,0.6363636363636364,0.2847286108555658,0.17985280588776448,0.14279319606087734,0.2812360053739364,0.021159153633854646
B_extended_bad__softimpute__12_scanorama__post0,B_extended_bad,softimpute,12_scanorama,False,medium,False,False,True,False,False,10.0,16.0,0.375,0.2573597203650544,0.7003962801598971,0.67979,0.7938488293091068,-0.1132123287945393,-0.15815286738955447,0.2737,0.4832064487236901,0.515179392824287,0.11821527138914444,0.007162041181736795,0.03493058665472459,0.38546458141674333
E2_iterative_r2__knn__10_mnn__post1,E2_iterative_r2,knn,10_mnn,True,medium,False,False,False,False,False,11.0,18.0,0.38888888888888884,0.2572542104779313,0.5954166216207407,0.5077818181818182,0.9160394038515048,0.1061103746113563,-0.043408826439387704,0.1828,0.3475145544111061,0.08325666973321068,0.5731370745170193,0.0702775290957923,0.21450962830273176,0.2548298068077277
K_ffpe_only__strict__31_ruv3prps__post1,K_ffpe_only,strict,31_ruv3prps,True,medium,False,False,False,True,False,3.0,7.0,0.5714285714285714,0.25612026224684425,0.5452810255867959,0.6031666666666666,0.8551504829894984,0.7963408734832778,-0.008557794092573345,0.125,0.26287505597850425,0.26632934682612697,0.2534498620055198,0.17367949865711726,0.44469323779668607,0.13569457221711131
K_ffpe_only__strict__15_fsqn_py__post0,K_ffpe_only,strict,15_fsqn_py,False,high,False,False,False,True,False,3.0,8.0,0.625,0.25511041636908766,0.499114850079809,0.5668666666666667,0.8582343570876753,0.9350030266262032,-0.021595837761063386,0.125,0.13636363636363635,0.17456301747930084,0.26517939282428704,0.48142345568487016,0.3374384236453202,0.13569457221711131
K_ffpe_only__strict__17_quantile__post0,K_ffpe_only,strict,17_quantile,False,high,False,False,False,True,False,3.0,8.0,0.625,0.25511041636908766,0.499114850079809,0.5668666666666667,0.8582343570876753,0.9350030266262032,-0.021595837761063386,0.125,0.13636363636363635,0.17456301747930084,0.26517939282428704,0.48142345568487016,0.3374384236453202,0.13569457221711131
H_affymetrix_extended__knn__28_npn__post1,H_affymetrix_extended,knn,28_npn,True,high,False,False,False,False,False,5.0,11.0,0.5454545454545454,0.2548533192926477,0.4019271180477332,0.53576,0.7148135938354413,0.9998658388029932,-0.12478940005465844,0.3073,0.025526197939991044,0.12189512419503219,0.04875804967801288,0.8142345568487018,0.07344379758172861,0.4452621895124195
E3_iterative_r3__knn__10_mnn__post1,E3_iterative_r3,knn,10_mnn,True,medium,False,False,False,False,False,10.0,17.0,0.4117647058823529,0.2546527466839876,0.5478490796384312,0.53908,0.9134240243683436,-0.0839529219863472,-0.046250750496406146,0.2587,0.2682489923869234,0.12603495860165592,0.5607175712971482,0.012085944494180842,0.19928347514554412,0.36154553817847285
J_ff_only__softimpute__12_scanorama__post0,J_ff_only,softimpute,12_scanorama,False,medium,False,False,False,False,False,7.0,15.0,0.5333333333333333,0.2537502039697663,0.5858484080947665,0.5452428571428571,0.9190051363110768,0.0888271962990313,-0.07829242209801313,0.2034,0.335423197492163,0.13707451701931922,0.5901563937442502,0.06893464637421665,0.10434393193013883,0.28656853725850967
K_ffpe_only__strict__14_qsmooth__post1,K_ffpe_only,strict,14_qsmooth,True,high,False,False,False,True,False,3.0,7.0,0.5714285714285714,0.2535487591964381,0.4822530165875661,0.46130000000000004,0.8646685334730986,0.931367162588731,-0.00765626677658221,0.125,0.10523958799820869,0.05335786568537258,0.29438822447102114,0.4767233661593554,0.45588893864755936,0.13569457221711131
E1_iterative_r1__softimpute__11_harmony__post0,E1_iterative_r1,softimpute,11_harmony,False,medium,False,False,False,False,False,11.0,20.0,0.44999999999999996,0.2531077693378863,0.7465039093634045,0.5941545454545455,0.8863183194279647,0.5303981392459929,-0.14578421307759926,0.125,0.593372145096283,0.24471021159153633,0.4029438822447102,0.07967770814682185,0.06224809673085535,0.13569457221711131
K_ffpe_only__softimpute__26_xpn__post1,K_ffpe_only,softimpute,26_xpn,True,high,False,False,False,True,False,2.0,7.0,0.7142857142857143,0.25301158386109274,0.4735331083064698,0.43495,0.5101135993261536,0.99917486467495,-0.011790818807068781,0.1418,0.09046126287505597,0.03219871205151794,0.005059797608095676,0.7860340196956133,0.4189431258396776,0.18537258509659613
F_microarray_only__knn__09_ruv__post1,F_microarray_only,knn,09_ruv,True,medium,False,False,False,False,False,6.0,17.0,0.6470588235294117,0.2529907600382993,0.547677595652354,0.4792166666666667,0.9197439517422368,0.713710052350531,-0.1465742705952427,0.2741,0.26735333631885355,0.061637534498620056,0.5947562097516099,0.14368845120859444,0.06090461262875056,0.3896044158233671
H_affymetrix_extended__softimpute__26_xpn__post0,H_affymetrix_extended,softimpute,26_xpn,False,high,False,False,False,False,False,6.0,12.0,0.5,0.25241358533671054,0.5529780227448012,0.5833333333333334,0.7745301921501238,0.9991280201127938,-0.14727610436510352,0.1154,0.283922973578146,0.21849126034958602,0.09659613615455381,0.7851387645478961,0.0535154500671742,0.07681692732290708
H_affymetrix_extended__knn__28_npn__post0,H_affymetrix_extended,knn,28_npn,False,high,False,False,False,False,False,6.0,12.0,0.5,0.2522627069194984,0.4109325515320443,0.5236333333333333,0.7128787760516094,0.9998696803805444,-0.12560619785263305,0.3033,0.03000447828034035,0.10763569457221711,0.045998160073597055,0.8155774395702775,0.07254814151365875,0.44181232750689975
B_extended_bad__softimpute__12_scanorama__post1,B_extended_bad,softimpute,12_scanorama,True,medium,False,False,True,False,False,10.0,15.0,0.33333333333333337,0.25213104218910926,0.6808690409942736,0.6806,0.7918977771404198,-0.115416640777546,-0.15815291366289586,0.2737,0.4536497984773847,0.5174793008279669,0.11499540018399264,0.006714413607878245,0.034482758620689655,0.38546458141674333
S0_no_removal__softimpute__15_fsqn_py__post0,S0_no_removal,softimpute,15_fsqn_py,False,high,False,False,False,False,False,11.0,24.0,0.5416666666666667,0.2517793920247085,0.6688085961964166,0.579609090909091,0.7393993902606694,0.7921920358614534,-0.0664456378955422,0.3319,0.43976712942230184,0.20837166513339467,0.062557497700092,0.1716651745747538,0.1278549037169727,0.500459981600736
A_confirmed_bad__knn__09_ruv__post1,A_confirmed_bad,knn,09_ruv,True,medium,False,False,True,False,False,11.0,20.0,0.44999999999999996,0.2516853753567459,0.6932668405502168,0.5631545454545455,0.9042748552365744,0.7080629469056511,-0.04270519425517172,0.0,0.4697716077026422,0.16927322907083717,0.5055197792088316,0.13921217547000894,0.219435736677116,0.0068997240110395585
D_malignant_only__softimpute__13_fsmvn__post1,D_malignant_only,softimpute,13_fsmvn,True,medium,False,False,False,False,False,9.0,17.0,0.47058823529411764,0.25117903111618234,0.5052679485526415,0.4728111111111111,0.8218353582764812,0.9999993890213787,-0.04935022996611654,0.1154,0.1509180474697716,0.05749770009199632,0.15685372585096596,0.8822739480752014,0.18271383788625167,0.07681692732290708
F_microarray_only__knn__21_harmonizr__post1,F_microarray_only,knn,21_harmonizr,True,medium,False,False,False,False,False,6.0,17.0,0.6470588235294117,0.2510414560532377,0.3564459554483459,0.6114,0.8444693740924203,0.999337003935777,-0.07269745752603801,0.1154,0.012091356918943126,0.29484820607175716,0.20883164673413063,0.7958818263205013,0.11777877295118674,0.07681692732290708
F_microarray_only__knn__03_limma__post0,F_microarray_only,knn,03_limma,False,low,False,False,False,False,False,6.0,18.0,0.6666666666666667,0.25066705518024957,0.3958205622439918,0.5855333333333334,0.8404557084447017,0.9992613636160096,-0.047218049333195844,0.1154,0.02239140170174653,0.22263109475620976,0.19595216191352346,0.7914055505819159,0.19480519480519481,0.07681692732290708
S0_no_removal__softimpute__15_fsqn_py__post1,S0_no_removal,softimpute,15_fsqn_py,True,high,False,False,False,False,False,11.0,23.0,0.5217391304347826,0.24939106351762205,0.6541094181424854,0.5773727272727273,0.7391384042065323,0.7943713879982344,-0.0664456378955422,0.3348,0.41603224361845054,0.20331186752529898,0.06209751609935603,0.1725604297224709,0.1278549037169727,0.514489420423183
F_microarray_only__softimpute__10_mnn__post1,F_microarray_only,softimpute,10_mnn,True,medium,False,False,False,False,False,5.0,17.0,0.7058823529411764,0.24904294684034597,0.5042268924377733,0.6826000000000001,0.8529437433091374,-0.085236989931239,-0.05170543006433059,0.2798,0.14823107926556203,0.5220791168353266,0.24517019319227232,0.011190689346463742,0.17062248096730856,0.3969641214351426
K_ffpe_only__softimpute__20_shambhala__post1,K_ffpe_only,softimpute,20_shambhala,True,high,False,False,False,True,False,3.0,7.0,0.5714285714285714,0.2488583980905733,0.5396074871018449,0.458,0.8636157694176644,0.8729571808717662,-0.011790818807068781,0.14,0.24406627854903717,0.04829806807727691,0.2893284268629255,0.3128916741271262,0.4189431258396776,0.1796228150873965
A_confirmed_bad__knn__09_ruv__post0,A_confirmed_bad,knn,09_ruv,False,medium,False,False,True,False,False,11.0,21.0,0.47619047619047616,0.24858062063624065,0.6788062313210653,0.5500363636363637,0.9057086360504027,0.7081715083641346,-0.04105299949324248,0.0,0.45051500223914015,0.14719411223551057,0.5174793008279669,0.1396598030438675,0.22973578145991938,0.0068997240110395585
A_confirmed_bad__softimpute__11_harmony__post0,A_confirmed_bad,softimpute,11_harmony,False,medium,False,False,True,False,False,11.0,21.0,0.47619047619047616,0.2469491002183066,0.7341499697287803,0.6066818181818182,0.8799465136545674,0.5271040805618575,-0.1445905388191639,0.125,0.5665024630541872,0.27920883164673416,0.35970561177552896,0.07788719785138765,0.06269592476489028,0.13569457221711131
K_ffpe_only__strict__09_ruv__post0,K_ffpe_only,strict,09_ruv,False,medium,False,False,False,True,False,3.0,8.0,0.625,0.24444693571896978,0.4729827597954006,0.2921666666666667,0.7376645761866826,0.7231592747044666,0.12463448468217625,0.14,0.09001343484102105,0.00919963201471941,0.06117755289788408,0.14995523724261414,0.9767129422301836,0.1796228150873965
C_rnaseq_only__softimpute__28_npn__post1,C_rnaseq_only,softimpute,28_npn,True,high,False,False,False,True,False,4.0,5.0,0.19999999999999996,0.24429127834590605,0.4764028831099184,0.44504999999999995,0.8012437050603466,0.9843136483656542,-0.04164836778129696,0.2941,0.096730855351545,0.040478380864765406,0.125114995400184,0.5604297224709042,0.2225705329153605,0.4204231830726771
G_affymetrix_only__softimpute__21_harmonizr__post0,G_affymetrix_only,softimpute,21_harmonizr,False,medium,False,False,False,True,False,2.0,3.0,0.33333333333333337,0.24407127274908003,0.4124411878659204,0.2099,0.6409099839031891,0.9999999626754206,-0.012841414959938735,0.1169,0.03179579041648007,0.002989880404783809,0.01655933762649494,0.9077887197851388,0.40662785490371695,0.09866605335786569
D_malignant_only__softimpute__21_harmonizr__post1,D_malignant_only,softimpute,21_harmonizr,True,medium,False,False,False,False,False,9.0,17.0,0.47058823529411764,0.24317341453898975,0.4948683751043294,0.5079777777777778,0.8319804516924045,0.9999963238075372,-0.06144736311688975,0.1154,0.12539184952978055,0.08371665133394664,0.1766329346826127,0.8554162936436884,0.14106583072100312,0.07681692732290708
K_ffpe_only__strict__31_ruv3prps__post0,K_ffpe_only,strict,31_ruv3prps,False,medium,False,False,False,True,False,3.0,8.0,0.625,0.2418483394245546,0.3391015152399548,0.5501333333333333,0.8524457582496853,0.797634188163594,-0.01615662245799615,0.3318,0.009404388714733543,0.14765409383624656,0.24195032198712052,0.17547000895255147,0.37707120465741156,0.49954001839926404
S0_no_removal__softimpute__17_quantile__post0,S0_no_removal,softimpute,17_quantile,False,high,False,False,False,False,False,11.0,24.0,0.5416666666666667,0.2413916287025798,0.6642709268726031,0.5772545454545455,0.7408227758670352,0.7921920358614534,-0.0664456378955422,0.3095,0.43125839677563815,0.20239190432382706,0.06669733210671573,0.1716651745747538,0.1278549037169727,0.4484820607175713
G_affymetrix_only__softimpute__13_fsmvn__post0,G_affymetrix_only,softimpute,13_fsmvn,False,medium,False,False,False,True,False,2.0,3.0,0.33333333333333337,0.24030015142687958,0.4124570841501001,0.2091,0.6365912082783831,1.0,-0.020088930534015337,0.1154,0.032243618450515,0.0022999080036798527,0.014259429622815088,0.9677708146821844,0.348410210479176,0.07681692732290708
S0_no_removal__knn__10_mnn__post0,S0_no_removal,knn,10_mnn,False,medium,False,False,False,False,False,11.0,24.0,0.5416666666666667,0.2401739307639622,0.5272920187238754,0.5066909090909091,0.903867026512933,0.0068505983097146,-0.029630890913958208,0.2253,0.20868786386027766,0.08233670653173873,0.5022999080036799,0.043419874664279316,0.2924317062248097,0.31186752529898804
K_ffpe_only__strict__12_scanorama__post1,K_ffpe_only,strict,12_scanorama,True,medium,False,False,False,True,False,2.0,7.0,0.7142857142857143,0.23884376773542748,0.5688728390949941,0.5400499999999999,0.748512255562291,-0.0153474901556879,0.009559038972409784,0.125,0.31079265562024183,0.12833486660533577,0.07589696412143514,0.02685765443151298,0.7554858934169278,0.13569457221711131
K_ffpe_only__knn__14_qsmooth__post0,K_ffpe_only,knn,14_qsmooth,False,high,False,False,False,True,False,3.0,8.0,0.625,0.2385070740916614,0.4433663919328842,0.41183333333333333,0.789925183336615,0.9402438660814226,0.0,0.125,0.055978504254366325,0.022539098436062558,0.11315547378104876,0.4941808415398389,0.6094939543215405,0.13569457221711131
E3_iterative_r3__knn__09_ruv__post1,E3_iterative_r3,knn,09_ruv,True,medium,False,False,False,False,False,10.0,17.0,0.4117647058823529,0.2384677962222258,0.7375741808726141,0.59702,0.8311774648258576,0.7135279538437092,-0.03320377087579329,0.0228,0.5736677115987461,0.2511499540018399,0.17525298988040477,0.1432408236347359,0.270935960591133,0.01655933762649494
I_rare_batches_removed__strict__12_scanorama__post1,I_rare_batches_removed,strict,12_scanorama,True,medium,False,False,False,False,False,8.0,14.0,0.4285714285714286,0.2380274548010155,0.5856455587054764,0.6072124999999999,0.8502809835260097,0.0096232165129376,-0.034310481899476664,0.1886,0.33497536945812806,0.28058877644894203,0.23229070837166513,0.044315129811996416,0.2669055082848186,0.2690892364305428
B_extended_bad__softimpute__09_ruv__post0,B_extended_bad,softimpute,09_ruv,False,medium,False,False,True,False,False,10.0,16.0,0.375,0.23794631439526567,0.7056879488547358,0.57792,0.9102810187427436,0.6917221473761136,-0.1599603098636898,0.0556,0.4912673533363189,0.20515179392824287,0.5432382704691813,0.12936436884512087,0.03358710255261979,0.025068997240110396
K_ffpe_only__strict__19_tdm__post1,K_ffpe_only,strict,19_tdm,True,high,False,False,False,True,False,3.0,7.0,0.5714285714285714,0.23730926183635037,0.5280304285204591,0.44743333333333335,0.7511362975573497,0.9617810296361632,-0.008448300735845016,0.125,0.21182266009852216,0.04139834406623735,0.07681692732290708,0.5111906893464637,0.44693237796686075,0.13569457221711131
S0_no_removal__softimpute__17_quantile__post1,S0_no_removal,softimpute,17_quantile,True,high,False,False,False,False,False,11.0,23.0,0.5217391304347826,0.23643101840248382,0.6496746582511833,0.5752909090909091,0.7357692583500939,0.7943713879982344,-0.0664456378955422,0.3114,0.4084191670398567,0.19825206991720332,0.05979760809567617,0.1725604297224709,0.1278549037169727,0.45170193192272307
D_malignant_only__strict__11_harmony__post1,D_malignant_only,strict,11_harmony,True,medium,False,False,False,False,False,10.0,17.0,0.4117647058823529,0.23480861638685524,0.5882137000313225,0.59849,0.7766449414726156,0.6615898664734412,-0.012128467870966109,0.1429,0.33945364979847736,0.25528978840846367,0.10027598896044158,0.11235452103849597,0.41334527541424093,0.18813247470101196
F_microarray_only__knn__07_pycombat__post1,F_microarray_only,knn,07_pycombat,True,medium,False,False,False,False,False,6.0,17.0,0.6470588235294117,0.23469298993053644,0.436113682125279,0.5712,0.7400004898604846,0.9994035754412158,-0.040372892275868044,0.1154,0.04970891177787729,0.18537258509659613,0.06347746090156393,0.7976723366159355,0.23510971786833856,0.07681692732290708
S0_no_removal__knn__10_mnn__post1,S0_no_removal,knn,10_mnn,True,medium,False,False,False,False,False,10.0,23.0,0.5652173913043479,0.234225685908675,0.5426312914767701,0.52092,0.8810778995104203,0.0057679465746349,-0.029631220561691762,0.2472,0.2534706672637707,0.10211591536338546,0.3716651333946642,0.04297224709042077,0.29198387819077476,0.34314627414903404
F_microarray_only__knn__21_harmonizr__post0,F_microarray_only,knn,21_harmonizr,False,medium,False,False,False,False,False,6.0,18.0,0.6666666666666667,0.23349932838728604,0.3500973519679123,0.6093166666666666,0.7746954252554124,0.9993540127596758,-0.06562677989261712,0.1154,0.010747872816838333,0.2874885004599816,0.09705611775528979,0.7963294538943599,0.13255709807433946,0.07681692732290708
D_malignant_only__strict__11_harmony__post0,D_malignant_only,strict,11_harmony,False,medium,False,False,False,False,False,10.0,18.0,0.4444444444444444,0.23328176356676586,0.5607981369597386,0.58273,0.8168160291121175,0.6605399964963469,-0.009532598289556105,0.1429,0.29780564263322884,0.21619135234590617,0.1485740570377185,0.11190689346463742,0.43708016121809223,0.18813247470101196
F_microarray_only__knn__13_fsmvn__post1,F_microarray_only,knn,13_fsmvn,True,medium,False,False,False,False,False,6.0,17.0,0.6470588235294117,0.23246716394906838,0.4277729363806051,0.5798833333333334,0.8267739353291587,0.9997913219836452,-0.08104096797242233,0.1154,0.04254366323331841,0.20929162833486661,0.16145354185832567,0.8111011638316921,0.09359605911330049,0.07681692732290708
C_rnaseq_only__softimpute__16_fsqn_r__post1,C_rnaseq_only,softimpute,16_fsqn_r,True,high,False,False,False,True,False,4.0,5.0,0.19999999999999996,0.2324009656487703,0.5044727217670848,0.4682,0.758028726059679,0.9838143142593336,-0.03563292170436794,0.2081,0.14912673533363188,0.05611775528978841,0.08233670653173873,0.5581915846016114,0.25884460367218987,0.28978840846366144
F_microarray_only__knn__13_fsmvn__post0,F_microarray_only,knn,13_fsmvn,False,medium,False,False,False,False,False,6.0,18.0,0.6666666666666667,0.23233780148321181,0.440436331552852,0.5759500000000001,0.8238512879911516,0.999796675947709,-0.07949424727144383,0.1154,0.052395879982086876,0.19917203311867526,0.15915363385464582,0.8115487914055506,0.09493954321540528,0.07681692732290708
S0_no_removal__softimpute__10_mnn__post1,S0_no_removal,softimpute,10_mnn,True,medium,False,False,False,False,False,10.0,23.0,0.5652173913043479,0.23148730821383104,0.5308275320406312,0.55896,0.9101057234154843,-0.1549505379554266,-0.06644636045139701,0.2423,0.21854008060904612,0.16145354185832567,0.5418583256669733,0.0026857654431512983,0.1258396775638155,0.33854645814167433
K_ffpe_only__softimpute__11_harmony__post1,K_ffpe_only,softimpute,11_harmony,True,medium,False,False,False,True,False,3.0,7.0,0.5714285714285714,0.23094412088661817,0.5887771902205988,0.5026333333333334,0.6106650516193225,0.6568548310915562,-0.016717708642247087,0.3225,0.3399014778325123,0.08003679852805888,0.00919963201471941,0.11011638316920322,0.3712494402149575,0.4751609935602576
E3_iterative_r3__softimpute__12_scanorama__post0,E3_iterative_r3,softimpute,12_scanorama,False,medium,False,False,False,False,False,10.0,18.0,0.4444444444444444,0.23087136045083137,0.6826330899886599,0.65718,0.7693519287413193,-0.1290215213917642,-0.17605718870700815,0.2615,0.4567845947156292,0.4438822447102116,0.09015639374425023,0.004923903312444047,0.021495745633676667,0.36798528058877644
K_ffpe_only__knn__12_scanorama__post0,K_ffpe_only,knn,12_scanorama,False,medium,False,False,False,True,False,3.0,8.0,0.625,0.2301206135465107,0.4597233613624963,0.5480666666666667,0.8457949216318926,-0.0540675212345136,0.01799176785060591,0.125,0.07075682937751904,0.14397424103035877,0.21481140754369826,0.018352730528200537,0.7971339005821765,0.13569457221711131
H_affymetrix_extended__knn__03_limma__post1,H_affymetrix_extended,knn,03_limma,True,low,False,False,False,False,False,5.0,11.0,0.5454545454545454,0.2286354205741994,0.4755902959332905,0.4026199999999999,0.7798329192548402,0.9992630143869996,-0.1467372875589888,0.2163,0.09493954321540528,0.021619135234590615,0.10349586016559338,0.7918531781557744,0.06045678459471563,0.29944802207911686
K_ffpe_only__strict__11_harmony__post1,K_ffpe_only,strict,11_harmony,True,medium,False,False,False,True,False,3.0,7.0,0.5714285714285714,0.22799914964707121,0.5348640467306953,0.5689333333333333,0.8815680665435376,0.6604381801763731,-0.022097916730538014,0.125,0.23063143752798926,0.1812327506899724,0.37534498620055196,0.11145926589077887,0.3336318853560233,0.13569457221711131
B_extended_bad__knn__09_ruv__post1,B_extended_bad,knn,09_ruv,True,medium,False,False,True,False,False,10.0,15.0,0.33333333333333337,0.22770568572289682,0.7010723147298646,0.5855,0.8396945214584997,0.7215687861773722,-0.03231258976485041,0.0877,0.4845499328257949,0.22217111315547378,0.1922723091076357,0.14816472694717994,0.2767577250335871,0.04231830726770929
H_affymetrix_extended__softimpute__26_xpn__post1,H_affymetrix_extended,softimpute,26_xpn,True,high,False,False,False,False,False,5.0,11.0,0.5454545454545454,0.22744452702268528,0.5341280409870914,0.56006,0.7346944399989594,0.9991014293930286,-0.14727610436510352,0.1154,0.22884012539184953,0.16329346826126956,0.05795768169273229,0.7842435094001791,0.0535154500671742,0.07681692732290708
F_microarray_only__knn__07_pycombat__post0,F_microarray_only,knn,07_pycombat,False,medium,False,False,False,False,False,6.0,18.0,0.6666666666666667,0.2273075361588471,0.4161992883484913,0.5660666666666666,0.7390250850124979,0.9994039155819098,-0.04258467752491368,0.1154,0.035826242722794444,0.17111315547378106,0.061637534498620056,0.7981199641897941,0.22033139274518584,0.07681692732290708
K_ffpe_only__softimpute__19_tdm__post1,K_ffpe_only,softimpute,19_tdm,True,high,False,False,False,True,False,3.0,7.0,0.5714285714285714,0.22720982233457257,0.5528501309262615,0.44416666666666665,0.6634232334993606,0.962889959479775,-0.016920959652672762,0.125,0.2834751455441111,0.04001839926402944,0.02207911683532659,0.5125335720680394,0.3694581280788177,0.13569457221711131
G_affymetrix_only__softimpute__28_npn__post0,G_affymetrix_only,softimpute,28_npn,False,high,False,False,False,True,False,2.0,3.0,0.33333333333333337,0.22712575870493054,0.4837832169827166,0.29955,0.7028243507093807,0.99955261310866,-0.06565210233389322,0.1912,0.10792655620241827,0.009659613615455382,0.03771849126034959,0.8034914950760967,0.1321092700403045,0.2718491260349586
B_extended_bad__softimpute__11_harmony__post0,B_extended_bad,softimpute,11_harmony,False,medium,False,False,True,False,False,10.0,16.0,0.375,0.22655040926055955,0.6668054630273967,0.6003000000000001,0.8815038397446218,0.5404057810166997,-0.12589053999620892,0.125,0.4366323331840573,0.25988960441582337,0.3739650413983441,0.0810205908683975,0.07210031347962383,0.13569457221711131
I_rare_batches_removed__softimpute__15_fsqn_py__post0,I_rare_batches_removed,softimpute,15_fsqn_py,False,high,False,False,False,False,False,9.0,15.0,0.4,0.22641382664760956,0.6658164501439906,0.6197111111111111,0.7032684280518383,0.7817064772235867,-0.057944446818074424,0.1743,0.4348410210479176,0.32290708371665133,0.03863845446182153,0.1680841539838854,0.15114196148678907,0.24287028518859247
K_ffpe_only__knn__19_tdm__post0,K_ffpe_only,knn,19_tdm,False,high,False,False,False,True,False,3.0,8.0,0.625,0.22580547016887442,0.5038460651093749,0.4423333333333333,0.610646199794739,0.9645712699422226,-0.0018321103409428274,0.125,0.14688759516345723,0.03955841766329347,0.008739650413983441,0.5138764547896151,0.510076130765786,0.13569457221711131
H_affymetrix_extended__knn__13_fsmvn__post0,H_affymetrix_extended,knn,13_fsmvn,False,medium,False,False,False,False,False,6.0,12.0,0.5,0.22573957836794445,0.4020838957871208,0.5388000000000001,0.8012143793788354,0.999763611031664,-0.047469262994590145,0.1154,0.025974025974025976,0.125114995400184,0.12465501379944802,0.8097582811101164,0.1921182266009852,0.07681692732290708
E3_iterative_r3__softimpute__12_scanorama__post1,E3_iterative_r3,softimpute,12_scanorama,True,medium,False,False,False,False,False,10.0,17.0,0.4117647058823529,0.22471667570009313,0.6619810466522187,0.65412,0.7692989956016253,-0.1312603503854776,-0.17605722934810575,0.2615,0.42901925660546353,0.4365225390984361,0.08969641214351426,0.0040286481647269475,0.02104791759964174,0.36798528058877644
H_affymetrix_extended__knn__13_fsmvn__post1,H_affymetrix_extended,knn,13_fsmvn,True,medium,False,False,False,False,False,6.0,11.0,0.4545454545454546,0.22357074943558744,0.418205340348719,0.5408666666666666,0.7788942096836775,0.9997562182303888,-0.048234244013983296,0.1154,0.03716972682489924,0.1297148114075437,0.10211591536338546,0.8093106535362579,0.18629646215853113,0.07681692732290708
F_microarray_only__softimpute__11_harmony__post0,F_microarray_only,softimpute,11_harmony,False,medium,False,False,False,False,False,6.0,18.0,0.6666666666666667,0.22267306801895534,0.6125832522114024,0.5387833333333333,0.5628627931382825,0.5200451350010975,-0.01602149797738439,0.2737,0.36363636363636365,0.12465501379944802,0.005979760809567618,0.07609668755595345,0.3802060008956561,0.38546458141674333
D_malignant_only__softimpute__17_quantile__post1,D_malignant_only,softimpute,17_quantile,True,high,False,False,False,False,False,10.0,17.0,0.4117647058823529,0.22177205269939904,0.5774069609036345,0.5092,0.8834318399406746,0.8978312878966778,-0.04807133020814808,0.0,0.32422749664128975,0.08417663293468261,0.3859245630174793,0.3410922112802149,0.18831168831168832,0.0068997240110395585
H_affymetrix_extended__strict__11_harmony__post0,H_affymetrix_extended,strict,11_harmony,False,medium,False,False,False,False,False,6.0,12.0,0.5,0.22139089900479314,0.6762108469470478,0.5119833333333333,0.7727691760292854,0.5755492601560221,-0.032315964760920246,0.2392,0.44693237796686075,0.08831646734130635,0.09383624655013799,0.09176365264100268,0.27630989699955216,0.3311867525298988
F_microarray_only__softimpute__10_mnn__post0,F_microarray_only,softimpute,10_mnn,False,medium,False,False,False,False,False,6.0,18.0,0.6666666666666667,0.22052103019282598,0.4771212234922768,0.61135,0.8610695221883293,-0.0889636124990058,-0.0517052532059461,0.3168,0.09762651141961487,0.29438822447102114,0.281048758049678,0.010295434198746643,0.17196596506941333,0.4678012879484821
K_ffpe_only__knn__12_scanorama__post1,K_ffpe_only,knn,12_scanorama,True,medium,False,False,False,True,False,3.0,7.0,0.5714285714285714,0.21923355928054888,0.2433624533367023,0.5485,0.8462218846796713,-0.0534328730331366,0.017991426746845007,0.125,0.0035826242722794446,0.14489420423183072,0.21619135234590617,0.018800358102059087,0.7962382445141066,0.13569457221711131
D_malignant_only__softimpute__17_quantile__post0,D_malignant_only,softimpute,17_quantile,False,high,False,False,False,False,False,10.0,18.0,0.4444444444444444,0.21869750242815636,0.5509496092734842,0.48486,0.8862454028871376,0.9023529012679936,-0.04807133020814808,0.0,0.27854903716972684,0.06531738730450783,0.40202391904323825,0.3710832587287377,0.18831168831168832,0.0068997240110395585
E1_iterative_r1__softimpute__10_mnn__post0,E1_iterative_r1,softimpute,10_mnn,False,medium,False,False,False,False,False,11.0,20.0,0.44999999999999996,0.21817301027148686,0.6912049705756644,0.5983181818181819,0.8489499448086454,0.0299366840240629,-0.17721528423591548,0.217,0.46618898343036275,0.2548298068077277,0.22677092916283348,0.05416293643688451,0.006717420510523959,0.3003679852805888
J_ff_only__knn__02_median_scaling__post0,J_ff_only,knn,02_median_scaling,False,low,False,False,False,False,False,7.0,15.0,0.5333333333333333,0.2180147247708439,0.4353963827558881,0.4917714285714286,0.8556290257241228,0.9918408210640876,-0.0600371941953276,0.144,0.048813255709807435,0.07175712971481141,0.25574977000919963,0.5971351835273053,0.14420062695924765,0.19043238270469182
A_confirmed_bad__softimpute__10_mnn__post1,A_confirmed_bad,softimpute,10_mnn,True,medium,False,False,True,False,False,11.0,20.0,0.44999999999999996,0.2167725332388947,0.5912046486382255,0.6342909090909091,0.8619197718531421,-0.0047538066653348,-0.17623370063043647,0.1727,0.3425884460367219,0.3785648574057038,0.28518859245630174,0.03670546105640107,0.01701746529332736,0.24057037718491261
I_rare_batches_removed__softimpute__15_fsqn_py__post1,I_rare_batches_removed,softimpute,15_fsqn_py,True,high,False,False,False,False,False,9.0,14.0,0.3571428571428571,0.21558988965944184,0.6421700323264589,0.6198333333333333,0.7025967592484043,0.7812556682118448,-0.057944446818074424,0.159,0.39632781012091356,0.3233670653173873,0.037258509659613616,0.1674127126230976,0.15114196148678907,0.21803127874885003
J_ff_only__softimpute__02_median_scaling__post0,J_ff_only,softimpute,02_median_scaling,False,low,False,False,False,False,False,7.0,15.0,0.5333333333333333,0.21488603872597925,0.4091192937475326,0.4947142857142857,0.8532615172485943,0.9918402903884,-0.06002910521789184,0.1508,0.028660994178235557,0.07359705611775529,0.24701011959521618,0.5966875559534467,0.14464845499328258,0.19871205151793928
I_rare_batches_removed__softimpute__17_quantile__post0,I_rare_batches_removed,softimpute,17_quantile,False,high,False,False,False,False,False,9.0,15.0,0.4,0.21307451472075842,0.6597673649563488,0.6118888888888888,0.7010191003229836,0.7817064772235867,-0.057944446818074424,0.1519,0.4263322884012539,0.296688132474701,0.03633854645814168,0.1680841539838854,0.15114196148678907,0.1998620055197792
F_microarray_only__knn__20_shambhala__post0,F_microarray_only,knn,20_shambhala,False,high,False,False,False,False,False,6.0,18.0,0.6666666666666667,0.21139449299081134,0.6353875088146781,0.59575,0.7794380106056982,0.7597291538615444,-0.10272818277180773,0.2019,0.39005821764442455,0.24839006439742412,0.10303587856485741,0.1611459265890779,0.08284818629646216,0.2828886844526219
G_affymetrix_only__knn__28_npn__post0,G_affymetrix_only,knn,28_npn,False,high,False,False,False,True,False,2.0,3.0,0.33333333333333337,0.21099063081887878,0.4707081619089885,0.2913,0.6988699579236961,0.9998351451341084,-0.10658209580413791,0.179,0.08463949843260188,0.008739650413983441,0.03449862005519779,0.8128916741271263,0.077474249888043,0.24770009199632015
G_affymetrix_only__softimpute__20_shambhala__post0,G_affymetrix_only,softimpute,20_shambhala,False,high,False,False,False,True,False,2.0,3.0,0.33333333333333337,0.21038134599007194,0.6166739156002645,0.43715,0.7042701054171369,0.7483780038704322,-0.08511416638546843,0.3872,0.3667711598746082,0.03541858325666973,0.0390984360625575,0.15801253357206804,0.08755038065382893,0.5754369825206992
H_affymetrix_extended__knn__07_pycombat__post0,H_affymetrix_extended,knn,07_pycombat,False,medium,False,False,False,False,False,6.0,12.0,0.5,0.20998797710308972,0.3677825700862809,0.5669833333333333,0.7433632326166031,0.9993115301825116,-0.06717531993879072,0.1154,0.014330497089117778,0.17525298988040477,0.07359705611775529,0.7954341987466428,0.1244961934617107,0.07681692732290708
J_ff_only__strict__02_median_scaling__post0,J_ff_only,strict,02_median_scaling,False,low,False,False,False,False,False,7.0,15.0,0.5333333333333333,0.2099722426697237,0.4023498926071426,0.5005857142857143,0.8579466791325199,0.9915926868412328,-0.06285726110216094,0.1301,0.026421854008060904,0.07727690892364306,0.2640294388224471,0.590420769919427,0.13793103448275862,0.16375344986200552
E3_iterative_r3__softimpute__10_mnn__post1,E3_iterative_r3,softimpute,10_mnn,True,medium,False,False,False,False,False,10.0,17.0,0.4117647058823529,0.2090894590218669,0.6058684497014634,0.59295,0.8529972187474042,-0.0013797771503965,-0.17605662040243075,0.2519,0.35512763098969996,0.24057037718491261,0.24655013799448022,0.03939122649955237,0.02239140170174653,0.35050597976080955
E1_iterative_r1__softimpute__09_ruv__post0,E1_iterative_r1,softimpute,09_ruv,False,medium,False,False,False,False,False,11.0,20.0,0.44999999999999996,0.2054847544392118,0.6263911538644272,0.5422545454545454,0.9197164174172754,0.6771449877639675,-0.18857697003565366,0.0,0.37886251679355126,0.1310947562097516,0.594296228150874,0.12041181736794987,0.0013434841021047917,0.0068997240110395585
H_affymetrix_extended__knn__07_pycombat__post1,H_affymetrix_extended,knn,07_pycombat,True,medium,False,False,False,False,False,6.0,11.0,0.4545454545454546,0.20491609274835185,0.3832205080624419,0.5566333333333333,0.7356747112725495,0.9992900023318952,-0.06777173187882818,0.1154,0.018360949395432154,0.15685372585096596,0.05887764489420423,0.7945389435989257,0.12404836542767578,0.07681692732290708
E1_iterative_r1__knn__10_mnn__post0,E1_iterative_r1,knn,10_mnn,False,medium,False,False,False,False,False,11.0,20.0,0.44999999999999996,0.20467429812619953,0.5419420763096116,0.45603636363636363,0.9210583937831328,-0.0666550841211963,-0.046966152468501776,0.1238,0.2503358710255262,0.04737810487580497,0.6057957681692733,0.01432408236347359,0.19659650694133451,0.11361545538178473
G_affymetrix_only__softimpute__28_npn__post1,G_affymetrix_only,softimpute,28_npn,True,high,False,False,False,True,False,2.0,2.0,0.0,0.20438273917305272,0.2794709235048749,0.27949999999999997,0.7158276180578407,0.9994846257535592,-0.03586388052885873,0.1185,0.0049261083743842365,0.00827966881324747,0.04967801287948482,0.8008057296329454,0.2575011195700851,0.10510579576816928
K_ffpe_only__softimpute__12_scanorama__post0,K_ffpe_only,softimpute,12_scanorama,False,medium,False,False,False,True,False,3.0,8.0,0.625,0.20433589425468668,0.4310141654908714,0.5213666666666666,0.8485281270620613,-0.0168217446609816,-0.011789870500016564,0.2834,0.04567845947156292,0.10349586016559338,0.22401103955841767,0.026410026857654433,0.4214061800268697,0.40501379944802207
E2_iterative_r2__softimpute__09_ruv__post0,E2_iterative_r2,softimpute,09_ruv,False,medium,False,False,False,False,False,11.0,19.0,0.42105263157894735,0.20332636246808963,0.6127487089336018,0.5476454545454545,0.9183898159012144,0.6765676616460868,-0.1833887053295789,0.0,0.36408419167039857,0.1421343146274149,0.5846366145354186,0.11996418979409132,0.0022391401701746527,0.0068997240110395585
B_extended_bad__softimpute__11_harmony__post1,B_extended_bad,softimpute,11_harmony,True,medium,False,False,True,False,False,9.0,15.0,0.4,0.20321246577224397,0.6805987131993091,0.6181111111111111,0.8295560352253742,0.5282705093060749,-0.13273279401951643,0.125,0.45320197044334976,0.3173873045078197,0.16927322907083717,0.0783348254252462,0.06538289296909987,0.13569457221711131
D_malignant_only__knn__11_harmony__post0,D_malignant_only,knn,11_harmony,False,medium,False,False,False,False,False,10.0,18.0,0.4444444444444444,0.2027001152874444,0.4842596811331189,0.58274,0.8428256786662929,0.6298668242479033,-0.016189835622646753,0.1538,0.10927004030452306,0.21665133394664213,0.20331186752529898,0.10564010743061773,0.3761755485893417,0.20515179392824287
H_affymetrix_extended__knn__21_harmonizr__post0,H_affymetrix_extended,knn,21_harmonizr,False,medium,False,False,False,False,False,6.0,12.0,0.5,0.20007332649143386,0.3996765014401062,0.4888666666666666,0.7856135003229833,0.9992952293065946,-0.05608920469239215,0.0839,0.02418271383788625,0.06807727690892364,0.11131554737810488,0.7949865711727843,0.16300940438871472,0.038868445262189515
G_affymetrix_only__knn__21_harmonizr__post0,G_affymetrix_only,knn,21_harmonizr,False,medium,False,False,False,True,False,2.0,3.0,0.33333333333333337,0.19990125984544063,0.4127155006011296,0.2099,0.6571543941433451,0.9996831499406658,-0.03951556869613432,0.1169,0.032691446484549934,0.002989880404783809,0.01839926402943882,0.806177260519248,0.24048365427675772,0.09866605335786569
J_ff_only__strict__02_median_scaling__post1,J_ff_only,strict,02_median_scaling,True,low,False,False,False,False,False,6.0,14.0,0.5714285714285714,0.19916536884746652,0.41030141260178,0.4957666666666667,0.6573031519225756,0.9910583716761934,-0.06038686196980425,0.2493,0.02910882221227049,0.0749770009199632,0.018859245630174794,0.581468218442256,0.14375279892521273,0.3468261269549218
K_ffpe_only__strict__19_tdm__post0,K_ffpe_only,strict,19_tdm,False,high,False,False,False,True,False,3.0,8.0,0.625,0.19867980699757162,0.508122382281077,0.4356,0.6760160883454832,0.9644219105274282,-0.022679646604601256,0.125,0.15629198387819077,0.03311867525298988,0.02483900643974241,0.5134288272157564,0.32870577698163905,0.13569457221711131
E1_iterative_r1__softimpute__10_mnn__post1,E1_iterative_r1,softimpute,10_mnn,True,medium,False,False,False,False,False,11.0,19.0,0.42105263157894735,0.1983511257058693,0.6200648144782722,0.5435636363636364,0.8595863179404386,0.0287141705335081,-0.17721483863455056,0.2504,0.3703537841468876,0.13247470101195952,0.27414903403863844,0.05371530886302596,0.010747872816838333,0.3486660533578657
E3_iterative_r3__softimpute__09_ruv__post1,E3_iterative_r3,softimpute,09_ruv,True,medium,False,False,False,False,False,10.0,17.0,0.4117647058823529,0.19693407348743264,0.6446398726819728,0.52532,0.906350050840055,0.6814786626639442,-0.1803918761621659,0.0625,0.39901477832512317,0.10855565777368906,0.5188592456301748,0.12309758281110117,0.0044782803403493054,0.027598896044158234
E1_iterative_r1__softimpute__09_ruv__post1,E1_iterative_r1,softimpute,09_ruv,True,medium,False,False,False,False,False,10.0,19.0,0.4736842105263158,0.19437826373025965,0.6458431730249051,0.52645,0.9040646923655002,0.6765452097878728,-0.1826796778249239,0.0625,0.4017017465293327,0.11062557497700092,0.5041398344066237,0.11951656222023277,0.0026869682042095834,0.027598896044158234
F_microarray_only__knn__28_npn__post0,F_microarray_only,knn,28_npn,False,high,False,False,False,False,False,6.0,18.0,0.6666666666666667,0.19420548296409812,0.4316994744090002,0.5269666666666667,0.6826585424026428,0.9998864962210208,-0.0918662848938068,0.1154,0.04657411553963278,0.11177552897884084,0.028058877644894203,0.8173679498657117,0.08463949843260188,0.07681692732290708
J_ff_only__knn__02_median_scaling__post1,J_ff_only,knn,02_median_scaling,True,low,False,False,False,False,False,6.0,14.0,0.5714285714285714,0.19401178421541435,0.4317871709541726,0.4913666666666667,0.6372288993445289,0.9913227021292648,-0.0568486903533435,0.2034,0.047021943573667714,0.07083716651333946,0.014719411223551058,0.585496866606983,0.1594267801164353,0.28656853725850967
S0_no_removal__knn__20_shambhala__post1,S0_no_removal,knn,20_shambhala,True,high,False,False,False,True,False,,,,0.19337511190689347,,,,0.8251544360445183,,,,,,0.19337511190689347,,
G_affymetrix_only__knn__26_xpn__post0,G_affymetrix_only,knn,26_xpn,False,high,False,False,False,True,False,2.0,3.0,0.33333333333333337,0.19289819406454908,0.4811596491845926,0.27305,0.6302483620934631,0.998401862104584,-0.1260198809715447,0.1567,0.10165696372592924,0.007359705611775529,0.012879484820607176,0.7551477170993733,0.06829377519032691,0.21205151793928242
F_microarray_only__knn__28_npn__post1,F_microarray_only,knn,28_npn,True,high,False,False,False,False,False,6.0,17.0,0.6470588235294117,0.1925190716659209,0.4188343773398022,0.52645,0.6822413525619934,0.999883494355524,-0.09173008868548871,0.1154,0.0380653828929691,0.11062557497700092,0.027598896044158234,0.8169203222918532,0.08508732646663682,0.07681692732290708
F_microarray_only__knn__26_xpn__post1,F_microarray_only,knn,26_xpn,True,high,False,False,False,False,False,5.0,17.0,0.7058823529411764,0.1920488552699744,0.3918010785327682,0.47746000000000005,0.7697944705476281,0.9992482276702028,-0.1053571111393492,0.12,0.0219435736677116,0.060257589696412144,0.0906163753449862,0.7900626678603402,0.07993730407523511,0.10947562097516099
F_microarray_only__knn__26_xpn__post0,F_microarray_only,knn,26_xpn,False,high,False,False,False,False,False,6.0,18.0,0.6666666666666667,0.19167347259701475,0.3828113583440626,0.4829833333333333,0.7628568307222064,0.9992668784708856,-0.1053571111393492,0.1216,0.017913121361397222,0.06301747930082796,0.08647654093836246,0.7923008057296329,0.07993730407523511,0.11039558417663294
J_ff_only__softimpute__02_median_scaling__post1,J_ff_only,softimpute,02_median_scaling,True,low,False,False,False,False,False,6.0,14.0,0.5714285714285714,0.19145184389362724,0.4174979931873163,0.49045,0.6235346987175239,0.991322103454816,-0.05684785132832981,0.2034,0.03672189879086431,0.06945722171113156,0.011039558417663294,0.5850492390331244,0.15987460815047022,0.28656853725850967
E2_iterative_r2__softimpute__09_ruv__post1,E2_iterative_r2,softimpute,09_ruv,True,medium,False,False,False,False,False,10.0,18.0,0.4444444444444444,0.1914129117734287,0.6328446845687945,0.5257,0.9037516971982988,0.675879039256413,-0.17749224312998485,0.0625,0.3851321092700403,0.10947562097516099,0.5013799448022079,0.11862130707251567,0.006269592476489028,0.027598896044158234
E3_iterative_r3__softimpute__09_ruv__post0,E3_iterative_r3,softimpute,09_ruv,False,medium,False,False,False,False,False,10.0,18.0,0.4444444444444444,0.19122055541944039,0.6496586765842931,0.52722,0.9017157781720472,0.6796150434561059,-0.17840161876367988,0.0,0.4079713390058218,0.11269549218031279,0.4921803127874885,0.12175470008952552,0.005821764442454098,0.0068997240110395585
G_affymetrix_only__knn__20_shambhala__post0,G_affymetrix_only,knn,20_shambhala,False,high,False,False,False,True,False,2.0,3.0,0.33333333333333337,0.18876251697822544,0.5262153467594225,0.45935000000000004,0.6923973897396468,0.7445185184147192,-0.12211169886609641,0.4126,0.20376175548589343,0.04875804967801288,0.031278748850046,0.1566696508504924,0.07389162561576355,0.6182152713891444
G_affymetrix_only__strict__11_harmony__post0,G_affymetrix_only,strict,11_harmony,False,medium,False,False,False,True,False,2.0,3.0,0.33333333333333337,0.1862904972234759,0.5113120789178516,0.41105,0.714553461968128,0.6133053472091925,-0.0011657465016687296,0.1809,0.1670398566950291,0.02207911683532659,0.04783808647654094,0.10429722470904208,0.5239587998208688,0.25252989880404786
F_microarray_only__knn__20_shambhala__post1,F_microarray_only,knn,20_shambhala,True,high,False,False,False,False,False,6.0,17.0,0.6470588235294117,0.1856095835968421,0.704126245856604,0.5903333333333333,0.7846625844266587,0.7546579434612848,-0.10158475981904547,0.0839,0.4890282131661442,0.23183072677092917,0.10993560257589696,0.1602506714413608,0.08374384236453201,0.038868445262189515
G_affymetrix_only__knn__13_fsmvn__post0,G_affymetrix_only,knn,13_fsmvn,False,medium,False,False,False,True,False,2.0,3.0,0.33333333333333337,0.1853846502358321,0.4122045545844252,0.2083,0.639539467322536,0.9996898297668828,-0.049950630126387896,0.1154,0.03134796238244514,0.0018399264029438822,0.01609935602575897,0.8070725156669651,0.17913121361397225,0.07681692732290708
K_ffpe_only__strict__11_harmony__post0,K_ffpe_only,strict,11_harmony,False,medium,False,False,False,True,False,3.0,8.0,0.625,0.1853424289335858,0.4118365823890024,0.6131333333333333,0.8529956600320286,0.6594980127390208,-0.030421346860265264,0.125,0.03090013434841021,0.3017479300827967,0.24609015639374426,0.11056401074306177,0.28705776981639053,0.13569457221711131
G_affymetrix_only__softimpute__26_xpn__post1,G_affymetrix_only,softimpute,26_xpn,True,high,False,False,False,True,False,2.0,2.0,0.0,0.18435781033279156,0.1942422391577667,0.19425,0.6675355298198073,0.9987022244042384,-0.046960972649299604,0.1245,0.0022391401701746527,0.0013799448022079118,0.02391904323827047,0.7649955237242614,0.19838781907747424,0.11522539098436063
H_affymetrix_extended__knn__26_xpn__post1,H_affymetrix_extended,knn,26_xpn,True,high,False,False,False,False,False,5.0,11.0,0.5454545454545454,0.18377405168852382,0.34639150902625,0.43776000000000004,0.7564579552848479,0.9988518855039684,-0.15170462668290324,0.1292,0.009852216748768473,0.03679852805887764,0.08049678012879485,0.7685765443151298,0.045006717420510524,0.16191352345906163
H_affymetrix_extended__knn__26_xpn__post0,H_affymetrix_extended,knn,26_xpn,False,high,False,False,False,False,False,6.0,12.0,0.5,0.18291223360251344,0.3888026099859924,0.4663,0.7193069202442957,0.9988849349726836,-0.15170462668290324,0.1262,0.020600089565606806,0.05519779208831647,0.05013799448022079,0.770367054610564,0.045006717420510524,0.156163753449862
A_confirmed_bad__knn__10_mnn__post0,A_confirmed_bad,knn,10_mnn,False,medium,False,False,True,False,False,11.0,21.0,0.47619047619047616,0.18081411813460668,0.4965158295417979,0.4571636363636363,0.9213511340429636,0.0347621224591789,-0.0474176042765041,0.0992,0.13076578593819974,0.04783808647654094,0.608555657773689,0.05640107430617726,0.19256605463502016,0.04875804967801288
A_confirmed_bad__softimpute__09_ruv__post1,A_confirmed_bad,softimpute,09_ruv,True,medium,False,False,True,False,False,10.0,20.0,0.5,0.18006892500990132,0.6353649138835281,0.5146,0.8986986835007928,0.6720422954247208,-0.18092204281543672,0.0,0.38961038961038963,0.09015639374425023,0.47378104875804966,0.11593554162936437,0.004030452306314375,0.0068997240110395585
F_microarray_only__knn__03_limma__post1,F_microarray_only,knn,03_limma,True,low,False,False,False,False,False,5.0,17.0,0.7058823529411764,0.17949551442299527,0.4008899227085837,0.39859999999999995,0.7589114212901262,0.9991095928573452,-0.08705616933877136,0.1154,0.024630541871921183,0.020239190432382703,0.08371665133394664,0.7846911369740376,0.08687863860277653,0.07681692732290708
G_affymetrix_only__strict__20_shambhala__post1,G_affymetrix_only,strict,20_shambhala,True,high,False,False,False,True,False,0.0,,,0.17700346248180657,0.3104540654699049,,,0.8558793807274283,-0.03352167072967133,,0.007165248544558889,,,0.25380483437779766,0.27004030452306316,
G_affymetrix_only__knn__28_npn__post1,G_affymetrix_only,knn,28_npn,True,high,False,False,False,True,False,2.0,2.0,0.0,0.17681354997772383,0.276386337543054,0.2764,0.7142157528561124,0.9998382790943598,-0.0759101462071008,0.1154,0.0044782803403493054,0.0078196872125115,0.046918123275068994,0.8137869292748433,0.11106135244066279,0.07681692732290708
D_malignant_only__knn__11_harmony__post1,D_malignant_only,knn,11_harmony,True,medium,False,False,False,False,False,10.0,17.0,0.4117647058823529,0.17365765796457902,0.4541401044157451,0.5553,0.8150031812863102,0.6307340428834076,-0.017349875968412753,0.1538,0.06403940886699508,0.15409383624655013,0.1453541858325667,0.10608773500447627,0.3672189879086431,0.20515179392824287
A_confirmed_bad__knn__10_mnn__post1,A_confirmed_bad,knn,10_mnn,True,medium,False,False,True,False,False,11.0,20.0,0.44999999999999996,0.17164490344666927,0.4939222334986163,0.44108181818181813,0.9143714765581282,0.0329258853079448,-0.047417114518593984,0.1096,0.12404836542767578,0.0390984360625575,0.5653173873045079,0.05595344673231871,0.1930138826690551,0.05243790248390064
K_ffpe_only__strict__14_qsmooth__post0,K_ffpe_only,strict,14_qsmooth,False,high,False,False,False,True,False,3.0,8.0,0.625,0.17131516305396136,0.3771458014381463,0.45036666666666664,0.6282490540378614,0.9352064527330872,-0.021578774507253373,0.125,0.0161218092252575,0.04323827046918123,0.011959521619135235,0.482094897045658,0.338781907747425,0.13569457221711131
E3_iterative_r3__knn__12_scanorama__post0,E3_iterative_r3,knn,12_scanorama,False,medium,False,False,False,False,False,10.0,18.0,0.4444444444444444,0.16932930517725195,0.6242063049526195,0.6076,0.8005059605055287,-0.0429829179942546,-0.046250670233718205,0.0017,0.3752798925212718,0.281508739650414,0.12327506899724011,0.022381378692927483,0.19973130317957905,0.013799448022079117
S0_no_removal__softimpute__10_mnn__post0,S0_no_removal,softimpute,10_mnn,False,medium,False,False,False,False,False,11.0,24.0,0.5416666666666667,0.16718577184797997,0.5091682217863055,0.48491818181818186,0.9228105776626934,-0.1580427185604263,-0.06644541514618257,0.0613,0.16032243618450515,0.06577736890524379,0.6191352345906164,0.0017905102954341987,0.12987012987012986,0.02621895124195032
D_malignant_only__softimpute__11_harmony__post0,D_malignant_only,softimpute,11_harmony,False,medium,False,False,False,False,False,10.0,18.0,0.4444444444444444,0.16642475523235548,0.560066279785421,0.5734899999999999,0.7849243274103453,0.6209161136039014,-0.03390943160389476,0.0476,0.296909986565159,0.19457221711131556,0.11085556577736891,0.10474485228290063,0.2686968204209583,0.02276908923643054
B_extended_bad__softimpute__09_ruv__post1,B_extended_bad,softimpute,09_ruv,True,medium,False,False,True,False,False,10.0,15.0,0.33333333333333337,0.16217679567404447,0.687153394843829,0.5576,0.8272449865194427,0.6933810263154346,-0.16175150811824535,0.0556,0.46215853112404837,0.15823367065317387,0.16375344986200552,0.13160250671441362,0.032243618450515,0.025068997240110396
G_affymetrix_only__softimpute__11_harmony__post0,G_affymetrix_only,softimpute,11_harmony,False,medium,False,False,False,True,False,2.0,3.0,0.33333333333333337,0.1569469104186334,0.5466538464115118,0.35835000000000006,0.7254260318065904,0.5648303639807392,-0.033754430917413036,0.1799,0.26556202418271385,0.014719411223551058,0.05427782888684453,0.08683974932855863,0.26959247648902823,0.25068997240110397
E1_iterative_r1__knn__10_mnn__post1,E1_iterative_r1,knn,10_mnn,True,medium,False,False,False,False,False,11.0,19.0,0.42105263157894735,0.15627963573725692,0.4957174197621109,0.41912727272727274,0.8995603796877343,-0.0672736700497061,-0.04696550129920107,0.1169,0.1276309896999552,0.02391904323827047,0.4765409383624655,0.01387645478961504,0.19704433497536947,0.09866605335786569
G_affymetrix_only__knn__11_harmony__post0,G_affymetrix_only,knn,11_harmony,False,medium,False,False,False,True,False,2.0,3.0,0.33333333333333337,0.15602535573794143,0.5562381711008687,0.37860000000000005,0.7356868775630092,0.5936872477971096,-0.05465754254709776,0.2204,0.29108822212270485,0.017939282428702852,0.059337626494940204,0.09758281110116383,0.16569637259292433,0.3045078196872125
E2_iterative_r2__softimpute__11_harmony__post0,E2_iterative_r2,softimpute,11_harmony,False,medium,False,False,False,False,False,11.0,19.0,0.42105263157894735,0.15563764436456642,0.7127469389992527,0.5551454545454546,0.8081584283117663,0.5411471990935398,-0.15109877809690248,0.0,0.5105239587998208,0.15363385464581417,0.1329346826126955,0.08146821844225605,0.0483654276757725,0.0068997240110395585
G_affymetrix_only__knn__26_xpn__post1,G_affymetrix_only,knn,26_xpn,True,high,False,False,False,True,False,2.0,2.0,0.0,0.15521103028534258,0.1898376969800186,0.18985,0.6594031880227211,0.9986336387261576,-0.1260198809715447,0.1154,0.0017913121361397223,0.0009199632014719411,0.020239190432382703,0.7632050134288272,0.06829377519032691,0.07681692732290708
E2_iterative_r2__softimpute__11_harmony__post1,E2_iterative_r2,softimpute,11_harmony,True,medium,False,False,False,False,False,11.0,18.0,0.38888888888888884,0.15311222682286543,0.7008600919724857,0.5560090909090909,0.8090938333867178,0.5413993994269128,-0.1512337473450976,0.0083,0.48410210479175997,0.15547378104875806,0.13385464581416742,0.0819158460161146,0.04791759964173757,0.015409383624655014
G_affymetrix_only__knn__15_fsqn_py__post1,G_affymetrix_only,knn,15_fsqn_py,True,high,False,False,False,True,False,0.0,,,0.14802704421603566,0.3298538622129436,,,0.9019357139299646,-0.1260198809715447,,0.008956560680698611,,,0.36683079677708147,0.06829377519032691,
G_affymetrix_only__knn__17_quantile__post1,G_affymetrix_only,knn,17_quantile,True,high,False,False,False,True,False,0.0,,,0.14757921618200073,0.3140147523709167,,,0.9019357139299646,-0.1260198809715447,,0.00761307657859382,,,0.36683079677708147,0.06829377519032691,
A_confirmed_bad__softimpute__09_ruv__post0,A_confirmed_bad,softimpute,09_ruv,False,medium,False,False,True,False,False,11.0,21.0,0.47619047619047616,0.1467303535187649,0.6350912384450783,0.49499090909090904,0.8641952405037855,0.6727534498520867,-0.18659572916465134,0.0,0.3891625615763547,0.07405703771849126,0.2920883164673413,0.11638316920322292,0.0017913121361397223,0.0068997240110395585
E3_iterative_r3__knn__12_scanorama__post1,E3_iterative_r3,knn,12_scanorama,True,medium,False,False,False,False,False,9.0,17.0,0.47058823529411764,0.14497297109626953,0.6051166240215404,0.5576111111111112,0.7996213470195245,-0.0455612294589466,-0.046250045899669856,0.0034,0.3542319749216301,0.15869365225390986,0.12143514259429623,0.021038495971351837,0.20017913121361397,0.014259429622815088
G_affymetrix_only__softimpute__10_mnn__post0,G_affymetrix_only,softimpute,10_mnn,False,medium,False,False,False,True,False,2.0,3.0,0.33333333333333337,0.14454571927583135,0.5105689154687091,0.3443,0.8315781029835566,-0.0998799179815402,-0.0851107881368639,0.2889,0.16524854455888938,0.011959521619135235,0.17617295308187672,0.009847806624888093,0.08822212270488132,0.41582336706531736
D_malignant_only__softimpute__11_harmony__post1,D_malignant_only,softimpute,11_harmony,True,medium,False,False,False,False,False,10.0,17.0,0.4117647058823529,0.1376207000766427,0.5359283674633691,0.53689,0.7573220376235812,0.6216102074233522,-0.03600015067773715,0.0476,0.2355575459023735,0.12327506899724011,0.08187672493100276,0.10519247985675918,0.25705329153605017,0.02276908923643054
F_microarray_only__knn__11_harmony__post0,F_microarray_only,knn,11_harmony,False,medium,False,False,False,False,False,6.0,18.0,0.6666666666666667,0.13369273451083094,0.5527366858992516,0.41311666666666663,0.697530715002532,0.5460771195059446,-0.04428628793749134,0.1314,0.28302731751007615,0.022999080036798528,0.03403863845446182,0.0828111011638317,0.2109270040304523,0.16835326586936522
K_ffpe_only__softimpute__12_scanorama__post1,K_ffpe_only,softimpute,12_scanorama,True,medium,False,False,False,True,False,2.0,7.0,0.7142857142857143,0.1318361475374412,0.4335026990749142,0.1883,0.8231361749680715,-0.0141606438485283,-0.011790168135067502,0.125,0.04746977160770264,0.00045998160073597056,0.15823367065317387,0.02820053715308863,0.42095835199283477,0.13569457221711131
H_affymetrix_extended__knn__20_shambhala__post0,H_affymetrix_extended,knn,20_shambhala,False,high,False,False,False,False,False,6.0,10.0,0.4,0.13077432233902261,0.5768627190284938,0.5546833333333333,0.7134786362549693,0.7590511505529193,-0.1469082184893708,0.0902,0.322884012539185,0.15179392824287027,0.04645814167433303,0.16069829901521934,0.059113300492610835,0.043698252069917204
F_microarray_only__knn__11_harmony__post1,F_microarray_only,knn,11_harmony,True,medium,False,False,False,False,False,6.0,17.0,0.6470588235294117,0.13044529369981128,0.5031246955675885,0.40158333333333335,0.6462542850972712,0.5448627717898212,-0.04536312478921445,0.2273,0.14554411106135243,0.021159153633854646,0.017479300827966882,0.08236347358997315,0.20241827138378862,0.3137074517019319
K_ffpe_only__softimpute__11_harmony__post0,K_ffpe_only,softimpute,11_harmony,False,medium,False,False,False,True,False,3.0,8.0,0.625,0.12400179667224824,0.4107523621954225,0.3962666666666667,0.581973539640304,0.655500469622594,-0.032505767695044985,0.2198,0.029556650246305417,0.019319227230910764,0.0068997240110395585,0.10966875559534467,0.27451858486341246,0.30404783808647656
G_affymetrix_only__knn__20_shambhala__post1,G_affymetrix_only,knn,20_shambhala,True,high,False,False,False,True,False,2.0,2.0,0.0,0.10172161894083555,0.3191421134797714,0.31915,0.7998722413419801,0.7179935467826019,-0.12073102153570558,0.179,0.00850873264666368,0.011499540018399264,0.12235510579576817,0.14547896150402864,0.0747872816838334,0.24770009199632015
G_affymetrix_only__softimpute__20_shambhala__post1,G_affymetrix_only,softimpute,20_shambhala,True,high,False,False,False,True,False,2.0,2.0,0.0,0.09796341323829276,0.3169847566657747,0.317,0.7620060805375455,0.7233367454965012,-0.08511416638546843,0.1767,0.00806090461262875,0.011039558417663294,0.08509659613615456,0.1504028648164727,0.08755038065382893,0.24563017479300828
G_affymetrix_only__strict__10_mnn__post1,G_affymetrix_only,strict,10_mnn,True,medium,False,False,False,True,False,0.0,,,0.09448743869760756,0.3967935871743487,,,-0.0141185369265689,-0.04076795552831208,,0.02283922973578146,,,0.02864816472694718,0.23197492163009403,
