run_id,target,batch,n,n_classes,f1_macro,auc,method,group
C_rnaseq_only__knn__04_sva__post0,2class,RNASeq_FFPE_Exome_capture,891,2,0.8029,0.8974,04_sva,clustermap_best
C_rnaseq_only__knn__04_sva__post0,2class,RNASeq_FFPE_PolyA,35,2,0.6225,0.8563,04_sva,clustermap_best
C_rnaseq_only__knn__04_sva__post0,2class,RNASeq_FF_PolyA,914,2,0.664,0.9686,04_sva,clustermap_best
C_rnaseq_only__knn__04_sva__post0,2class,RNASeq_FF_Total,28,2,0.8014,1.0,04_sva,clustermap_best
C_rnaseq_only__knn__04_sva__post0,2class,RNASeq_FF_rRNADepletion,14,1,0.6,,04_sva,clustermap_best
C_rnaseq_only__knn__04_sva__post0,3class,RNASeq_FFPE_Exome_capture,891,2,0.7851,0.8966,04_sva,clustermap_best
C_rnaseq_only__knn__04_sva__post0,3class,RNASeq_FFPE_PolyA,35,2,0.6407,0.8851,04_sva,clustermap_best
C_rnaseq_only__knn__04_sva__post0,3class,RNASeq_FF_PolyA,1039,3,0.7852,0.9855,04_sva,clustermap_best
C_rnaseq_only__knn__04_sva__post0,3class,RNASeq_FF_Total,32,3,0.8042,0.9981,04_sva,clustermap_best
C_rnaseq_only__knn__04_sva__post0,3class,RNASeq_FF_Unknown,79,1,0.9467,,04_sva,clustermap_best
C_rnaseq_only__knn__04_sva__post0,3class,RNASeq_FF_rRNADepletion,117,2,0.525,0.6771,04_sva,clustermap_best
C_rnaseq_only__knn__16_fsqn_r__post0,2class,RNASeq_FFPE_Exome_capture,891,2,0.8219,0.9607,16_fsqn_r,clustermap_best
C_rnaseq_only__knn__16_fsqn_r__post0,2class,RNASeq_FFPE_PolyA,35,2,0.7989,0.954,16_fsqn_r,clustermap_best
C_rnaseq_only__knn__16_fsqn_r__post0,2class,RNASeq_FF_PolyA,914,2,0.5148,0.8316,16_fsqn_r,clustermap_best
C_rnaseq_only__knn__16_fsqn_r__post0,2class,RNASeq_FF_Total,28,2,0.8133,0.9867,16_fsqn_r,clustermap_best
C_rnaseq_only__knn__16_fsqn_r__post0,2class,RNASeq_FF_rRNADepletion,14,1,0.0,,16_fsqn_r,clustermap_best
C_rnaseq_only__knn__16_fsqn_r__post0,3class,RNASeq_FFPE_Exome_capture,891,2,0.7877,0.9433,16_fsqn_r,clustermap_best
C_rnaseq_only__knn__16_fsqn_r__post0,3class,RNASeq_FFPE_PolyA,35,2,0.7595,0.931,16_fsqn_r,clustermap_best
C_rnaseq_only__knn__16_fsqn_r__post0,3class,RNASeq_FF_PolyA,1039,3,0.2522,0.6961,16_fsqn_r,clustermap_best
C_rnaseq_only__knn__16_fsqn_r__post0,3class,RNASeq_FF_Total,32,3,0.8117,0.9837,16_fsqn_r,clustermap_best
C_rnaseq_only__knn__16_fsqn_r__post0,3class,RNASeq_FF_Unknown,79,1,0.6496,,16_fsqn_r,clustermap_best
C_rnaseq_only__knn__16_fsqn_r__post0,3class,RNASeq_FF_rRNADepletion,117,2,0.2014,0.478,16_fsqn_r,clustermap_best
C_rnaseq_only__softimpute__04_sva__post0,2class,RNASeq_FFPE_Exome_capture,891,2,0.8708,0.9472,04_sva,clustermap_best
C_rnaseq_only__softimpute__04_sva__post0,2class,RNASeq_FFPE_PolyA,35,2,0.65,0.8276,04_sva,clustermap_best
C_rnaseq_only__softimpute__04_sva__post0,2class,RNASeq_FF_PolyA,914,2,0.5857,0.9147,04_sva,clustermap_best
C_rnaseq_only__softimpute__04_sva__post0,2class,RNASeq_FF_Total,28,2,0.8014,1.0,04_sva,clustermap_best
C_rnaseq_only__softimpute__04_sva__post0,2class,RNASeq_FF_rRNADepletion,14,1,0.3529,,04_sva,clustermap_best
C_rnaseq_only__softimpute__04_sva__post0,3class,RNASeq_FFPE_Exome_capture,891,2,0.8743,0.9518,04_sva,clustermap_best
C_rnaseq_only__softimpute__04_sva__post0,3class,RNASeq_FFPE_PolyA,35,2,0.7989,0.8247,04_sva,clustermap_best
C_rnaseq_only__softimpute__04_sva__post0,3class,RNASeq_FF_PolyA,1039,3,0.7154,0.9702,04_sva,clustermap_best
C_rnaseq_only__softimpute__04_sva__post0,3class,RNASeq_FF_Total,32,3,0.9028,1.0,04_sva,clustermap_best
C_rnaseq_only__softimpute__04_sva__post0,3class,RNASeq_FF_Unknown,79,1,0.9872,,04_sva,clustermap_best
C_rnaseq_only__softimpute__04_sva__post0,3class,RNASeq_FF_rRNADepletion,117,2,0.608,0.5491,04_sva,clustermap_best
C_rnaseq_only__softimpute__16_fsqn_r__post0,2class,RNASeq_FFPE_Exome_capture,891,2,0.6344,0.8067,16_fsqn_r,clustermap_best
C_rnaseq_only__softimpute__16_fsqn_r__post0,2class,RNASeq_FFPE_PolyA,35,2,0.7304,0.908,16_fsqn_r,clustermap_best
C_rnaseq_only__softimpute__16_fsqn_r__post0,2class,RNASeq_FF_PolyA,914,2,0.4918,0.6654,16_fsqn_r,clustermap_best
C_rnaseq_only__softimpute__16_fsqn_r__post0,2class,RNASeq_FF_Total,28,2,0.9184,0.96,16_fsqn_r,clustermap_best
C_rnaseq_only__softimpute__16_fsqn_r__post0,2class,RNASeq_FF_rRNADepletion,14,1,0.1333,,16_fsqn_r,clustermap_best
C_rnaseq_only__softimpute__16_fsqn_r__post0,3class,RNASeq_FFPE_Exome_capture,891,2,0.5287,0.9037,16_fsqn_r,clustermap_best
C_rnaseq_only__softimpute__16_fsqn_r__post0,3class,RNASeq_FFPE_PolyA,35,2,0.7595,0.9397,16_fsqn_r,clustermap_best
C_rnaseq_only__softimpute__16_fsqn_r__post0,3class,RNASeq_FF_PolyA,1039,3,0.2144,0.6603,16_fsqn_r,clustermap_best
C_rnaseq_only__softimpute__16_fsqn_r__post0,3class,RNASeq_FF_Total,32,3,0.7553,0.9866,16_fsqn_r,clustermap_best
C_rnaseq_only__softimpute__16_fsqn_r__post0,3class,RNASeq_FF_Unknown,79,1,0.6496,,16_fsqn_r,clustermap_best
C_rnaseq_only__softimpute__16_fsqn_r__post0,3class,RNASeq_FF_rRNADepletion,117,2,0.385,0.7449,16_fsqn_r,clustermap_best
C_rnaseq_only__strict__16_fsqn_r__post0,2class,RNASeq_FFPE_Exome_capture,891,2,0.7557,0.9468,16_fsqn_r,clustermap_best
C_rnaseq_only__strict__16_fsqn_r__post0,2class,RNASeq_FFPE_PolyA,35,2,0.7989,0.931,16_fsqn_r,clustermap_best
C_rnaseq_only__strict__16_fsqn_r__post0,2class,RNASeq_FF_PolyA,914,2,0.5296,0.7833,16_fsqn_r,clustermap_best
C_rnaseq_only__strict__16_fsqn_r__post0,2class,RNASeq_FF_Total,28,2,0.9184,0.9867,16_fsqn_r,clustermap_best
C_rnaseq_only__strict__16_fsqn_r__post0,2class,RNASeq_FF_rRNADepletion,14,1,0.0,,16_fsqn_r,clustermap_best
C_rnaseq_only__strict__16_fsqn_r__post0,3class,RNASeq_FFPE_Exome_capture,891,2,0.7523,0.9437,16_fsqn_r,clustermap_best
C_rnaseq_only__strict__16_fsqn_r__post0,3class,RNASeq_FFPE_PolyA,35,2,0.7163,0.9339,16_fsqn_r,clustermap_best
C_rnaseq_only__strict__16_fsqn_r__post0,3class,RNASeq_FF_PolyA,1039,3,0.3117,0.8871,16_fsqn_r,clustermap_best
C_rnaseq_only__strict__16_fsqn_r__post0,3class,RNASeq_FF_Total,32,3,0.7902,0.9981,16_fsqn_r,clustermap_best
C_rnaseq_only__strict__16_fsqn_r__post0,3class,RNASeq_FF_Unknown,79,1,0.6261,,16_fsqn_r,clustermap_best
C_rnaseq_only__strict__16_fsqn_r__post0,3class,RNASeq_FF_rRNADepletion,117,2,0.2987,0.5883,16_fsqn_r,clustermap_best
D_malignant_only__strict__10_mnn__post0,2class,GPL13938_FFPE_Unknown,167,1,0.9085,,10_mnn,clustermap_best
D_malignant_only__strict__10_mnn__post0,2class,GPL14951_FFPE_Unknown,810,1,0.0,,10_mnn,clustermap_best
D_malignant_only__strict__10_mnn__post0,2class,GPL1708_FF_Unknown,40,1,0.9189,,10_mnn,clustermap_best
D_malignant_only__strict__10_mnn__post0,2class,GPL17586_FF_Unknown,40,1,0.9873,,10_mnn,clustermap_best
D_malignant_only__strict__10_mnn__post0,2class,GPL570_FFPE_Unknown,800,1,0.7943,,10_mnn,clustermap_best
D_malignant_only__strict__10_mnn__post0,2class,GPL570_FF_Unknown,744,2,0.9543,0.9888,10_mnn,clustermap_best
D_malignant_only__strict__10_mnn__post0,2class,GPL570_Unknown_Unknown,908,2,0.7289,0.8771,10_mnn,clustermap_best
D_malignant_only__strict__10_mnn__post0,2class,GPL6244_FF_Unknown,119,1,0.3586,,10_mnn,clustermap_best
D_malignant_only__strict__10_mnn__post0,2class,GPL8432_FFPE_Unknown,130,1,0.0153,,10_mnn,clustermap_best
D_malignant_only__strict__10_mnn__post0,2class,GPL887_FFPE_Unknown,24,1,0.0,,10_mnn,clustermap_best
D_malignant_only__strict__10_mnn__post0,2class,GPL96+97_FF_Unknown,269,2,0.9224,0.974,10_mnn,clustermap_best
D_malignant_only__strict__10_mnn__post0,2class,GPL96_FFPE_Unknown,84,2,0.4997,0.7685,10_mnn,clustermap_best
D_malignant_only__strict__10_mnn__post0,2class,GPL96_FF_Unknown,125,2,0.9194,0.9785,10_mnn,clustermap_best
D_malignant_only__strict__10_mnn__post0,2class,RNASeq_FFPE_Exome_capture,891,2,0.903,0.9827,10_mnn,clustermap_best
D_malignant_only__strict__10_mnn__post0,2class,RNASeq_FFPE_PolyA,35,2,0.7667,0.9023,10_mnn,clustermap_best
D_malignant_only__strict__10_mnn__post0,2class,RNASeq_FF_PolyA,914,2,0.641,0.969,10_mnn,clustermap_best
D_malignant_only__strict__10_mnn__post0,2class,RNASeq_FF_Total,28,2,0.8014,1.0,10_mnn,clustermap_best
D_malignant_only__strict__10_mnn__post0,2class,RNASeq_FF_rRNADepletion,14,1,0.6667,,10_mnn,clustermap_best
D_malignant_only__strict__10_mnn__post0,3class,GPL13938_FFPE_Unknown,167,1,0.8754,,10_mnn,clustermap_best
D_malignant_only__strict__10_mnn__post0,3class,GPL14951_FFPE_Unknown,810,1,0.0,,10_mnn,clustermap_best
D_malignant_only__strict__10_mnn__post0,3class,GPL1708_FF_Unknown,40,1,0.8732,,10_mnn,clustermap_best
D_malignant_only__strict__10_mnn__post0,3class,GPL17586_FF_Unknown,40,1,0.961,,10_mnn,clustermap_best
D_malignant_only__strict__10_mnn__post0,3class,GPL570_FFPE_Unknown,800,1,0.7597,,10_mnn,clustermap_best
D_malignant_only__strict__10_mnn__post0,3class,GPL570_FF_Unknown,744,2,0.9453,0.9741,10_mnn,clustermap_best
D_malignant_only__strict__10_mnn__post0,3class,GPL570_Unknown_Unknown,908,2,0.7295,0.8736,10_mnn,clustermap_best
D_malignant_only__strict__10_mnn__post0,3class,GPL6244_FF_Unknown,119,1,0.4545,,10_mnn,clustermap_best
D_malignant_only__strict__10_mnn__post0,3class,GPL8432_FFPE_Unknown,130,1,0.0,,10_mnn,clustermap_best
D_malignant_only__strict__10_mnn__post0,3class,GPL887_FFPE_Unknown,24,1,0.0,,10_mnn,clustermap_best
D_malignant_only__strict__10_mnn__post0,3class,GPL96+97_FF_Unknown,269,2,0.898,0.95,10_mnn,clustermap_best
D_malignant_only__strict__10_mnn__post0,3class,GPL96_FFPE_Unknown,84,2,0.487,0.7332,10_mnn,clustermap_best
D_malignant_only__strict__10_mnn__post0,3class,GPL96_FF_Unknown,125,2,0.864,0.9291,10_mnn,clustermap_best
D_malignant_only__strict__10_mnn__post0,3class,RNASeq_FFPE_Exome_capture,891,2,0.9038,0.9766,10_mnn,clustermap_best
D_malignant_only__strict__10_mnn__post0,3class,RNASeq_FFPE_PolyA,35,2,0.7667,0.8966,10_mnn,clustermap_best
D_malignant_only__strict__10_mnn__post0,3class,RNASeq_FF_PolyA,914,2,0.6477,0.9092,10_mnn,clustermap_best
D_malignant_only__strict__10_mnn__post0,3class,RNASeq_FF_Total,28,2,0.8604,0.92,10_mnn,clustermap_best
D_malignant_only__strict__10_mnn__post0,3class,RNASeq_FF_rRNADepletion,24,2,0.2917,0.6643,10_mnn,clustermap_best
H_affymetrix_extended__strict__10_mnn__post0,2class,GPL17586_FF_Unknown,40,1,0.0,,10_mnn,clustermap_best
H_affymetrix_extended__strict__10_mnn__post0,2class,GPL570_FFPE_Unknown,800,1,0.8033,,10_mnn,clustermap_best
H_affymetrix_extended__strict__10_mnn__post0,2class,GPL570_FF_Unknown,744,2,0.9461,0.9926,10_mnn,clustermap_best
H_affymetrix_extended__strict__10_mnn__post0,2class,GPL570_Unknown_Unknown,908,2,0.8204,0.8662,10_mnn,clustermap_best
H_affymetrix_extended__strict__10_mnn__post0,2class,GPL6244_FF_Unknown,119,1,0.7668,,10_mnn,clustermap_best
H_affymetrix_extended__strict__10_mnn__post0,2class,GPL96+97_FF_Unknown,269,2,0.9118,0.9855,10_mnn,clustermap_best
H_affymetrix_extended__strict__10_mnn__post0,2class,GPL96_FFPE_Unknown,84,2,0.5544,0.7512,10_mnn,clustermap_best
H_affymetrix_extended__strict__10_mnn__post0,2class,GPL96_FF_Unknown,125,2,0.8792,0.9688,10_mnn,clustermap_best
H_affymetrix_extended__strict__10_mnn__post0,3class,GPL13158_FF_Unknown,40,1,1.0,,10_mnn,clustermap_best
H_affymetrix_extended__strict__10_mnn__post0,3class,GPL16686_FF_Unknown,48,1,0.9565,,10_mnn,clustermap_best
H_affymetrix_extended__strict__10_mnn__post0,3class,GPL17586_FF_Unknown,40,1,0.0,,10_mnn,clustermap_best
H_affymetrix_extended__strict__10_mnn__post0,3class,GPL20188_FF_Unknown,68,1,1.0,,10_mnn,clustermap_best
H_affymetrix_extended__strict__10_mnn__post0,3class,GPL23541_FF_Unknown,35,1,1.0,,10_mnn,clustermap_best
H_affymetrix_extended__strict__10_mnn__post0,3class,GPL570_FFPE_Unknown,800,1,0.419,,10_mnn,clustermap_best
H_affymetrix_extended__strict__10_mnn__post0,3class,GPL570_FF_Unknown,994,3,0.8347,0.9623,10_mnn,clustermap_best
H_affymetrix_extended__strict__10_mnn__post0,3class,GPL570_Unknown_Unknown,908,2,0.7876,0.8475,10_mnn,clustermap_best
H_affymetrix_extended__strict__10_mnn__post0,3class,GPL6244_FF_Unknown,131,2,0.5541,0.9937,10_mnn,clustermap_best
H_affymetrix_extended__strict__10_mnn__post0,3class,GPL96+97_FF_Unknown,305,3,0.9412,0.9928,10_mnn,clustermap_best
H_affymetrix_extended__strict__10_mnn__post0,3class,GPL96_FFPE_Unknown,84,2,0.5342,0.7159,10_mnn,clustermap_best
H_affymetrix_extended__strict__10_mnn__post0,3class,GPL96_FF_Unknown,133,3,0.7232,0.9456,10_mnn,clustermap_best
J_ff_only__strict__10_mnn__post0,2class,GPL1708_FF_Unknown,40,1,0.8571,,10_mnn,clustermap_best
J_ff_only__strict__10_mnn__post0,2class,GPL17586_FF_Unknown,40,1,0.9744,,10_mnn,clustermap_best
J_ff_only__strict__10_mnn__post0,2class,GPL570_FF_Unknown,744,2,0.9371,0.9882,10_mnn,clustermap_best
J_ff_only__strict__10_mnn__post0,2class,GPL6244_FF_Unknown,119,1,0.4133,,10_mnn,clustermap_best
J_ff_only__strict__10_mnn__post0,2class,GPL96+97_FF_Unknown,269,2,0.9224,0.9869,10_mnn,clustermap_best
J_ff_only__strict__10_mnn__post0,2class,GPL96_FF_Unknown,125,2,0.7999,0.9633,10_mnn,clustermap_best
J_ff_only__strict__10_mnn__post0,2class,RNASeq_FF_PolyA,914,2,0.6184,0.8553,10_mnn,clustermap_best
J_ff_only__strict__10_mnn__post0,2class,RNASeq_FF_Total,28,2,0.7565,0.88,10_mnn,clustermap_best
J_ff_only__strict__10_mnn__post0,2class,RNASeq_FF_rRNADepletion,14,1,0.9231,,10_mnn,clustermap_best
J_ff_only__strict__10_mnn__post0,3class,GPL13158_FF_Unknown,40,1,1.0,,10_mnn,clustermap_best
J_ff_only__strict__10_mnn__post0,3class,GPL16686_FF_Unknown,48,1,0.9787,,10_mnn,clustermap_best
J_ff_only__strict__10_mnn__post0,3class,GPL17077_FF_Unknown,33,1,0.9688,,10_mnn,clustermap_best
J_ff_only__strict__10_mnn__post0,3class,GPL1708_FF_Unknown,40,1,0.2222,,10_mnn,clustermap_best
J_ff_only__strict__10_mnn__post0,3class,GPL17586_FF_Unknown,40,1,0.3673,,10_mnn,clustermap_best
J_ff_only__strict__10_mnn__post0,3class,GPL20188_FF_Unknown,68,1,0.9291,,10_mnn,clustermap_best
J_ff_only__strict__10_mnn__post0,3class,GPL23541_FF_Unknown,35,1,0.9706,,10_mnn,clustermap_best
J_ff_only__strict__10_mnn__post0,3class,GPL570_FF_Unknown,994,3,0.9105,0.9726,10_mnn,clustermap_best
J_ff_only__strict__10_mnn__post0,3class,GPL6244_FF_Unknown,131,2,0.4102,0.9933,10_mnn,clustermap_best
J_ff_only__strict__10_mnn__post0,3class,GPL96+97_FF_Unknown,305,3,0.9285,0.9879,10_mnn,clustermap_best
J_ff_only__strict__10_mnn__post0,3class,GPL96_FF_Unknown,133,3,0.6967,0.9724,10_mnn,clustermap_best
J_ff_only__strict__10_mnn__post0,3class,RNASeq_FF_PolyA,1039,3,0.6388,0.9518,10_mnn,clustermap_best
J_ff_only__strict__10_mnn__post0,3class,RNASeq_FF_Total,32,3,0.7887,0.9867,10_mnn,clustermap_best
J_ff_only__strict__10_mnn__post0,3class,RNASeq_FF_Unknown,79,1,0.9605,,10_mnn,clustermap_best
J_ff_only__strict__10_mnn__post0,3class,RNASeq_FF_rRNADepletion,117,2,0.588,0.7813,10_mnn,clustermap_best
J_ff_only__strict__16_fsqn_r__post0,2class,GPL1708_FF_Unknown,40,1,0.4314,,16_fsqn_r,clustermap_best
J_ff_only__strict__16_fsqn_r__post0,2class,GPL17586_FF_Unknown,40,1,0.1818,,16_fsqn_r,clustermap_best
J_ff_only__strict__16_fsqn_r__post0,2class,GPL570_FF_Unknown,744,2,0.8878,0.9848,16_fsqn_r,clustermap_best
J_ff_only__strict__16_fsqn_r__post0,2class,GPL6244_FF_Unknown,119,1,0.839,,16_fsqn_r,clustermap_best
J_ff_only__strict__16_fsqn_r__post0,2class,GPL96+97_FF_Unknown,269,2,0.546,0.9736,16_fsqn_r,clustermap_best
J_ff_only__strict__16_fsqn_r__post0,2class,GPL96_FF_Unknown,125,2,0.9918,1.0,16_fsqn_r,clustermap_best
J_ff_only__strict__16_fsqn_r__post0,2class,RNASeq_FF_PolyA,914,2,0.372,0.4574,16_fsqn_r,clustermap_best
J_ff_only__strict__16_fsqn_r__post0,2class,RNASeq_FF_Total,28,2,0.8014,0.9333,16_fsqn_r,clustermap_best
J_ff_only__strict__16_fsqn_r__post0,2class,RNASeq_FF_rRNADepletion,14,1,0.6,,16_fsqn_r,clustermap_best
J_ff_only__strict__16_fsqn_r__post0,3class,GPL13158_FF_Unknown,40,1,0.6441,,16_fsqn_r,clustermap_best
J_ff_only__strict__16_fsqn_r__post0,3class,GPL16686_FF_Unknown,48,1,0.5672,,16_fsqn_r,clustermap_best
J_ff_only__strict__16_fsqn_r__post0,3class,GPL17077_FF_Unknown,33,1,0.625,,16_fsqn_r,clustermap_best
J_ff_only__strict__16_fsqn_r__post0,3class,GPL1708_FF_Unknown,40,1,0.2222,,16_fsqn_r,clustermap_best
J_ff_only__strict__16_fsqn_r__post0,3class,GPL17586_FF_Unknown,40,1,0.2609,,16_fsqn_r,clustermap_best
J_ff_only__strict__16_fsqn_r__post0,3class,GPL20188_FF_Unknown,68,1,0.5217,,16_fsqn_r,clustermap_best
J_ff_only__strict__16_fsqn_r__post0,3class,GPL23541_FF_Unknown,35,1,0.5714,,16_fsqn_r,clustermap_best
J_ff_only__strict__16_fsqn_r__post0,3class,GPL570_FF_Unknown,994,3,0.8906,0.9745,16_fsqn_r,clustermap_best
J_ff_only__strict__16_fsqn_r__post0,3class,GPL6244_FF_Unknown,131,2,0.6657,0.9975,16_fsqn_r,clustermap_best
J_ff_only__strict__16_fsqn_r__post0,3class,GPL96+97_FF_Unknown,305,3,0.5275,0.8966,16_fsqn_r,clustermap_best
J_ff_only__strict__16_fsqn_r__post0,3class,GPL96_FF_Unknown,133,3,0.7279,0.9855,16_fsqn_r,clustermap_best
J_ff_only__strict__16_fsqn_r__post0,3class,RNASeq_FF_PolyA,1039,3,0.4095,0.8353,16_fsqn_r,clustermap_best
J_ff_only__strict__16_fsqn_r__post0,3class,RNASeq_FF_Total,32,3,0.7235,0.9637,16_fsqn_r,clustermap_best
J_ff_only__strict__16_fsqn_r__post0,3class,RNASeq_FF_Unknown,79,1,0.5234,,16_fsqn_r,clustermap_best
J_ff_only__strict__16_fsqn_r__post0,3class,RNASeq_FF_rRNADepletion,117,2,0.3962,0.8547,16_fsqn_r,clustermap_best
K_ffpe_only__knn__04_sva__post0,2class,GPL13938_FFPE_Unknown,167,1,1.0,,04_sva,clustermap_best
K_ffpe_only__knn__04_sva__post0,2class,GPL14951_FFPE_Unknown,810,1,0.9994,,04_sva,clustermap_best
K_ffpe_only__knn__04_sva__post0,2class,GPL570_FFPE_Unknown,800,1,0.9987,,04_sva,clustermap_best
K_ffpe_only__knn__04_sva__post0,2class,GPL8432_FFPE_Unknown,130,1,1.0,,04_sva,clustermap_best
K_ffpe_only__knn__04_sva__post0,2class,GPL887_FFPE_Unknown,24,1,1.0,,04_sva,clustermap_best
K_ffpe_only__knn__04_sva__post0,2class,GPL96_FFPE_Unknown,84,2,0.4474,0.5938,04_sva,clustermap_best
K_ffpe_only__knn__04_sva__post0,2class,RNASeq_FFPE_Exome_capture,891,2,0.8575,0.9866,04_sva,clustermap_best
K_ffpe_only__knn__04_sva__post0,2class,RNASeq_FFPE_PolyA,35,2,0.6939,0.8793,04_sva,clustermap_best
K_ffpe_only__knn__04_sva__post0,3class,GPL13938_FFPE_Unknown,167,1,1.0,,04_sva,clustermap_best
K_ffpe_only__knn__04_sva__post0,3class,GPL14951_FFPE_Unknown,810,1,0.9994,,04_sva,clustermap_best
K_ffpe_only__knn__04_sva__post0,3class,GPL570_FFPE_Unknown,800,1,0.9987,,04_sva,clustermap_best
K_ffpe_only__knn__04_sva__post0,3class,GPL8432_FFPE_Unknown,130,1,1.0,,04_sva,clustermap_best
K_ffpe_only__knn__04_sva__post0,3class,GPL887_FFPE_Unknown,24,1,1.0,,04_sva,clustermap_best
K_ffpe_only__knn__04_sva__post0,3class,GPL96_FFPE_Unknown,84,2,0.4474,0.5938,04_sva,clustermap_best
K_ffpe_only__knn__04_sva__post0,3class,RNASeq_FFPE_Exome_capture,891,2,0.8575,0.9866,04_sva,clustermap_best
K_ffpe_only__knn__04_sva__post0,3class,RNASeq_FFPE_PolyA,35,2,0.6939,0.8793,04_sva,clustermap_best
K_ffpe_only__softimpute__04_sva__post0,2class,GPL13938_FFPE_Unknown,167,1,0.9848,,04_sva,clustermap_best
K_ffpe_only__softimpute__04_sva__post0,2class,GPL14951_FFPE_Unknown,810,1,1.0,,04_sva,clustermap_best
K_ffpe_only__softimpute__04_sva__post0,2class,GPL570_FFPE_Unknown,800,1,0.9994,,04_sva,clustermap_best
K_ffpe_only__softimpute__04_sva__post0,2class,GPL8432_FFPE_Unknown,130,1,1.0,,04_sva,clustermap_best
K_ffpe_only__softimpute__04_sva__post0,2class,GPL887_FFPE_Unknown,24,1,1.0,,04_sva,clustermap_best
K_ffpe_only__softimpute__04_sva__post0,2class,GPL96_FFPE_Unknown,84,2,0.4615,0.5174,04_sva,clustermap_best
K_ffpe_only__softimpute__04_sva__post0,2class,RNASeq_FFPE_Exome_capture,891,2,0.9643,0.9876,04_sva,clustermap_best
K_ffpe_only__softimpute__04_sva__post0,2class,RNASeq_FFPE_PolyA,35,2,0.6032,0.9138,04_sva,clustermap_best
K_ffpe_only__softimpute__04_sva__post0,3class,GPL13938_FFPE_Unknown,167,1,0.9848,,04_sva,clustermap_best
K_ffpe_only__softimpute__04_sva__post0,3class,GPL14951_FFPE_Unknown,810,1,1.0,,04_sva,clustermap_best
K_ffpe_only__softimpute__04_sva__post0,3class,GPL570_FFPE_Unknown,800,1,0.9994,,04_sva,clustermap_best
K_ffpe_only__softimpute__04_sva__post0,3class,GPL8432_FFPE_Unknown,130,1,1.0,,04_sva,clustermap_best
K_ffpe_only__softimpute__04_sva__post0,3class,GPL887_FFPE_Unknown,24,1,1.0,,04_sva,clustermap_best
K_ffpe_only__softimpute__04_sva__post0,3class,GPL96_FFPE_Unknown,84,2,0.4615,0.5174,04_sva,clustermap_best
K_ffpe_only__softimpute__04_sva__post0,3class,RNASeq_FFPE_Exome_capture,891,2,0.9643,0.9876,04_sva,clustermap_best
K_ffpe_only__softimpute__04_sva__post0,3class,RNASeq_FFPE_PolyA,35,2,0.6032,0.9138,04_sva,clustermap_best
K_ffpe_only__strict__04_sva__post0,2class,GPL13938_FFPE_Unknown,167,1,0.9723,,04_sva,clustermap_best
K_ffpe_only__strict__04_sva__post0,2class,GPL14951_FFPE_Unknown,810,1,0.9988,,04_sva,clustermap_best
K_ffpe_only__strict__04_sva__post0,2class,GPL570_FFPE_Unknown,800,1,0.9956,,04_sva,clustermap_best
K_ffpe_only__strict__04_sva__post0,2class,GPL8432_FFPE_Unknown,130,1,1.0,,04_sva,clustermap_best
K_ffpe_only__strict__04_sva__post0,2class,GPL887_FFPE_Unknown,24,1,0.0,,04_sva,clustermap_best
K_ffpe_only__strict__04_sva__post0,2class,GPL96_FFPE_Unknown,84,2,0.5414,0.8299,04_sva,clustermap_best
K_ffpe_only__strict__04_sva__post0,2class,RNASeq_FFPE_Exome_capture,891,2,0.974,0.9967,04_sva,clustermap_best
K_ffpe_only__strict__04_sva__post0,2class,RNASeq_FFPE_PolyA,35,2,0.7281,0.8621,04_sva,clustermap_best
K_ffpe_only__strict__04_sva__post0,3class,GPL13938_FFPE_Unknown,167,1,0.9723,,04_sva,clustermap_best
K_ffpe_only__strict__04_sva__post0,3class,GPL14951_FFPE_Unknown,810,1,0.9988,,04_sva,clustermap_best
K_ffpe_only__strict__04_sva__post0,3class,GPL570_FFPE_Unknown,800,1,0.9956,,04_sva,clustermap_best
K_ffpe_only__strict__04_sva__post0,3class,GPL8432_FFPE_Unknown,130,1,1.0,,04_sva,clustermap_best
K_ffpe_only__strict__04_sva__post0,3class,GPL887_FFPE_Unknown,24,1,0.0,,04_sva,clustermap_best
K_ffpe_only__strict__04_sva__post0,3class,GPL96_FFPE_Unknown,84,2,0.5414,0.8299,04_sva,clustermap_best
K_ffpe_only__strict__04_sva__post0,3class,RNASeq_FFPE_Exome_capture,891,2,0.974,0.9967,04_sva,clustermap_best
K_ffpe_only__strict__04_sva__post0,3class,RNASeq_FFPE_PolyA,35,2,0.7281,0.8621,04_sva,clustermap_best
S0_no_removal__strict__10_mnn__post0,2class,GPL13938_FFPE_Unknown,167,1,0.0,,10_mnn,clustermap_best
S0_no_removal__strict__10_mnn__post0,2class,GPL14951_FFPE_Unknown,810,1,0.5827,,10_mnn,clustermap_best
S0_no_removal__strict__10_mnn__post0,2class,GPL1708_FF_Unknown,40,1,0.0488,,10_mnn,clustermap_best
S0_no_removal__strict__10_mnn__post0,2class,GPL17586_FF_Unknown,40,1,0.0952,,10_mnn,clustermap_best
S0_no_removal__strict__10_mnn__post0,2class,GPL570_FFPE_Unknown,800,1,0.9086,,10_mnn,clustermap_best
S0_no_removal__strict__10_mnn__post0,2class,GPL570_FF_Unknown,744,2,0.9493,0.99,10_mnn,clustermap_best
S0_no_removal__strict__10_mnn__post0,2class,GPL570_Unknown_Unknown,908,2,0.8122,0.8787,10_mnn,clustermap_best
S0_no_removal__strict__10_mnn__post0,2class,GPL6244_FF_Unknown,119,1,0.9607,,10_mnn,clustermap_best
S0_no_removal__strict__10_mnn__post0,2class,GPL8432_FFPE_Unknown,130,1,0.9683,,10_mnn,clustermap_best
S0_no_removal__strict__10_mnn__post0,2class,GPL887_FFPE_Unknown,24,1,0.0,,10_mnn,clustermap_best
S0_no_removal__strict__10_mnn__post0,2class,GPL96+97_FF_Unknown,269,2,0.9017,0.9836,10_mnn,clustermap_best
S0_no_removal__strict__10_mnn__post0,2class,GPL96_FFPE_Unknown,84,2,0.5729,0.7627,10_mnn,clustermap_best
S0_no_removal__strict__10_mnn__post0,2class,GPL96_FF_Unknown,125,2,0.9188,0.9853,10_mnn,clustermap_best
S0_no_removal__strict__10_mnn__post0,2class,RNASeq_FFPE_Exome_capture,891,2,0.9334,0.9934,10_mnn,clustermap_best
S0_no_removal__strict__10_mnn__post0,2class,RNASeq_FFPE_PolyA,35,2,0.7879,0.9368,10_mnn,clustermap_best
S0_no_removal__strict__10_mnn__post0,2class,RNASeq_FF_PolyA,914,2,0.6149,0.985,10_mnn,clustermap_best
S0_no_removal__strict__10_mnn__post0,2class,RNASeq_FF_Total,28,2,0.7172,1.0,10_mnn,clustermap_best
S0_no_removal__strict__10_mnn__post0,2class,RNASeq_FF_rRNADepletion,14,1,0.7273,,10_mnn,clustermap_best
S0_no_removal__strict__10_mnn__post0,3class,GPL13158_FF_Unknown,40,1,1.0,,10_mnn,clustermap_best
S0_no_removal__strict__10_mnn__post0,3class,GPL13938_FFPE_Unknown,167,1,0.0,,10_mnn,clustermap_best
S0_no_removal__strict__10_mnn__post0,3class,GPL14951_FFPE_Unknown,810,1,0.196,,10_mnn,clustermap_best
S0_no_removal__strict__10_mnn__post0,3class,GPL16686_FF_Unknown,48,1,0.9677,,10_mnn,clustermap_best
S0_no_removal__strict__10_mnn__post0,3class,GPL17077_FF_Unknown,33,1,0.9846,,10_mnn,clustermap_best
S0_no_removal__strict__10_mnn__post0,3class,GPL1708_FF_Unknown,40,1,0.0488,,10_mnn,clustermap_best
S0_no_removal__strict__10_mnn__post0,3class,GPL17586_FF_Unknown,40,1,0.1395,,10_mnn,clustermap_best
S0_no_removal__strict__10_mnn__post0,3class,GPL20188_FF_Unknown,68,1,0.7857,,10_mnn,clustermap_best
S0_no_removal__strict__10_mnn__post0,3class,GPL23541_FF_Unknown,35,1,0.7037,,10_mnn,clustermap_best
S0_no_removal__strict__10_mnn__post0,3class,GPL570_FFPE_Unknown,800,1,0.492,,10_mnn,clustermap_best
S0_no_removal__strict__10_mnn__post0,3class,GPL570_FF_Unknown,994,3,0.9158,0.969,10_mnn,clustermap_best
S0_no_removal__strict__10_mnn__post0,3class,GPL570_Unknown_Unknown,908,2,0.5967,0.7304,10_mnn,clustermap_best
S0_no_removal__strict__10_mnn__post0,3class,GPL6244_FF_Unknown,131,2,0.7945,0.9804,10_mnn,clustermap_best
S0_no_removal__strict__10_mnn__post0,3class,GPL8432_FFPE_Unknown,130,1,0.4049,,10_mnn,clustermap_best
S0_no_removal__strict__10_mnn__post0,3class,GPL887_FFPE_Unknown,24,1,0.0,,10_mnn,clustermap_best
S0_no_removal__strict__10_mnn__post0,3class,GPL96+97_FF_Unknown,305,3,0.8977,0.9896,10_mnn,clustermap_best
S0_no_removal__strict__10_mnn__post0,3class,GPL96_FFPE_Unknown,84,2,0.4948,0.6823,10_mnn,clustermap_best
S0_no_removal__strict__10_mnn__post0,3class,GPL96_FF_Unknown,133,3,0.7404,0.9645,10_mnn,clustermap_best
S0_no_removal__strict__10_mnn__post0,3class,RNASeq_FFPE_Exome_capture,891,2,0.9482,0.9948,10_mnn,clustermap_best
S0_no_removal__strict__10_mnn__post0,3class,RNASeq_FFPE_PolyA,35,2,0.7879,0.931,10_mnn,clustermap_best
S0_no_removal__strict__10_mnn__post0,3class,RNASeq_FF_PolyA,1039,3,0.6639,0.9816,10_mnn,clustermap_best
S0_no_removal__strict__10_mnn__post0,3class,RNASeq_FF_Total,32,3,0.7103,0.9333,10_mnn,clustermap_best
S0_no_removal__strict__10_mnn__post0,3class,RNASeq_FF_Unknown,79,1,0.9252,,10_mnn,clustermap_best
S0_no_removal__strict__10_mnn__post0,3class,RNASeq_FF_rRNADepletion,117,2,0.5012,0.5042,10_mnn,clustermap_best
S0_no_removal__strict__13_fsmvn__post0,2class,GPL13938_FFPE_Unknown,167,1,0.4887,,13_fsmvn,clustermap_best
S0_no_removal__strict__13_fsmvn__post0,2class,GPL14951_FFPE_Unknown,810,1,0.7548,,13_fsmvn,clustermap_best
S0_no_removal__strict__13_fsmvn__post0,2class,GPL1708_FF_Unknown,40,1,0.6441,,13_fsmvn,clustermap_best
S0_no_removal__strict__13_fsmvn__post0,2class,GPL17586_FF_Unknown,40,1,0.5965,,13_fsmvn,clustermap_best
S0_no_removal__strict__13_fsmvn__post0,2class,GPL570_FFPE_Unknown,800,1,0.787,,13_fsmvn,clustermap_best
S0_no_removal__strict__13_fsmvn__post0,2class,GPL570_FF_Unknown,744,2,0.7962,0.9251,13_fsmvn,clustermap_best
S0_no_removal__strict__13_fsmvn__post0,2class,GPL570_Unknown_Unknown,908,2,0.401,0.6252,13_fsmvn,clustermap_best
S0_no_removal__strict__13_fsmvn__post0,2class,GPL6244_FF_Unknown,119,1,0.8159,,13_fsmvn,clustermap_best
S0_no_removal__strict__13_fsmvn__post0,2class,GPL8432_FFPE_Unknown,130,1,0.7619,,13_fsmvn,clustermap_best
S0_no_removal__strict__13_fsmvn__post0,2class,GPL887_FFPE_Unknown,24,1,0.1538,,13_fsmvn,clustermap_best
S0_no_removal__strict__13_fsmvn__post0,2class,GPL96+97_FF_Unknown,269,2,0.8285,0.9793,13_fsmvn,clustermap_best
S0_no_removal__strict__13_fsmvn__post0,2class,GPL96_FFPE_Unknown,84,2,0.4447,0.6829,13_fsmvn,clustermap_best
S0_no_removal__strict__13_fsmvn__post0,2class,GPL96_FF_Unknown,125,2,0.8958,0.9832,13_fsmvn,clustermap_best
S0_no_removal__strict__13_fsmvn__post0,2class,RNASeq_FFPE_Exome_capture,891,2,0.9559,0.9955,13_fsmvn,clustermap_best
S0_no_removal__strict__13_fsmvn__post0,2class,RNASeq_FFPE_PolyA,35,2,0.7472,0.9483,13_fsmvn,clustermap_best
S0_no_removal__strict__13_fsmvn__post0,2class,RNASeq_FF_PolyA,914,2,0.4437,0.7307,13_fsmvn,clustermap_best
S0_no_removal__strict__13_fsmvn__post0,2class,RNASeq_FF_Total,28,2,0.7172,0.9867,13_fsmvn,clustermap_best
S0_no_removal__strict__13_fsmvn__post0,2class,RNASeq_FF_rRNADepletion,14,1,0.7273,,13_fsmvn,clustermap_best
S0_no_removal__strict__13_fsmvn__post0,3class,GPL13158_FF_Unknown,40,1,0.2609,,13_fsmvn,clustermap_best
S0_no_removal__strict__13_fsmvn__post0,3class,GPL13938_FFPE_Unknown,167,1,0.3131,,13_fsmvn,clustermap_best
S0_no_removal__strict__13_fsmvn__post0,3class,GPL14951_FFPE_Unknown,810,1,0.6047,,13_fsmvn,clustermap_best
S0_no_removal__strict__13_fsmvn__post0,3class,GPL16686_FF_Unknown,48,1,0.6087,,13_fsmvn,clustermap_best
S0_no_removal__strict__13_fsmvn__post0,3class,GPL17077_FF_Unknown,33,1,0.4651,,13_fsmvn,clustermap_best
S0_no_removal__strict__13_fsmvn__post0,3class,GPL1708_FF_Unknown,40,1,0.5455,,13_fsmvn,clustermap_best
S0_no_removal__strict__13_fsmvn__post0,3class,GPL17586_FF_Unknown,40,1,0.4,,13_fsmvn,clustermap_best
S0_no_removal__strict__13_fsmvn__post0,3class,GPL20188_FF_Unknown,68,1,0.3415,,13_fsmvn,clustermap_best
S0_no_removal__strict__13_fsmvn__post0,3class,GPL23541_FF_Unknown,35,1,0.2927,,13_fsmvn,clustermap_best
S0_no_removal__strict__13_fsmvn__post0,3class,GPL570_FFPE_Unknown,800,1,0.1756,,13_fsmvn,clustermap_best
S0_no_removal__strict__13_fsmvn__post0,3class,GPL570_FF_Unknown,994,3,0.7662,0.9208,13_fsmvn,clustermap_best
S0_no_removal__strict__13_fsmvn__post0,3class,GPL570_Unknown_Unknown,908,2,0.1154,0.5822,13_fsmvn,clustermap_best
S0_no_removal__strict__13_fsmvn__post0,3class,GPL6244_FF_Unknown,131,2,0.6303,0.9916,13_fsmvn,clustermap_best
S0_no_removal__strict__13_fsmvn__post0,3class,GPL8432_FFPE_Unknown,130,1,0.6458,,13_fsmvn,clustermap_best
S0_no_removal__strict__13_fsmvn__post0,3class,GPL887_FFPE_Unknown,24,1,0.2857,,13_fsmvn,clustermap_best
S0_no_removal__strict__13_fsmvn__post0,3class,GPL96+97_FF_Unknown,305,3,0.8477,0.9831,13_fsmvn,clustermap_best
S0_no_removal__strict__13_fsmvn__post0,3class,GPL96_FFPE_Unknown,84,2,0.3214,0.6372,13_fsmvn,clustermap_best
S0_no_removal__strict__13_fsmvn__post0,3class,GPL96_FF_Unknown,133,3,0.6272,0.9249,13_fsmvn,clustermap_best
S0_no_removal__strict__13_fsmvn__post0,3class,RNASeq_FFPE_Exome_capture,891,2,0.9242,0.9941,13_fsmvn,clustermap_best
S0_no_removal__strict__13_fsmvn__post0,3class,RNASeq_FFPE_PolyA,35,2,0.795,0.9425,13_fsmvn,clustermap_best
S0_no_removal__strict__13_fsmvn__post0,3class,RNASeq_FF_PolyA,1039,3,0.4388,0.8694,13_fsmvn,clustermap_best
S0_no_removal__strict__13_fsmvn__post0,3class,RNASeq_FF_Total,32,3,0.7215,0.9981,13_fsmvn,clustermap_best
S0_no_removal__strict__13_fsmvn__post0,3class,RNASeq_FF_Unknown,79,1,0.4808,,13_fsmvn,clustermap_best
S0_no_removal__strict__13_fsmvn__post0,3class,RNASeq_FF_rRNADepletion,117,2,0.5459,0.8014,13_fsmvn,clustermap_best
S0_no_removal__strict__33_amdbnorm__post0,2class,GPL13938_FFPE_Unknown,167,1,0.0119,,33_amdbnorm,clustermap_best
S0_no_removal__strict__33_amdbnorm__post0,2class,GPL14951_FFPE_Unknown,810,1,0.8132,,33_amdbnorm,clustermap_best
S0_no_removal__strict__33_amdbnorm__post0,2class,GPL1708_FF_Unknown,40,1,0.5714,,33_amdbnorm,clustermap_best
S0_no_removal__strict__33_amdbnorm__post0,2class,GPL17586_FF_Unknown,40,1,0.2609,,33_amdbnorm,clustermap_best
S0_no_removal__strict__33_amdbnorm__post0,2class,GPL570_FFPE_Unknown,800,1,0.7851,,33_amdbnorm,clustermap_best
S0_no_removal__strict__33_amdbnorm__post0,2class,GPL570_FF_Unknown,744,2,0.9298,0.9841,33_amdbnorm,clustermap_best
S0_no_removal__strict__33_amdbnorm__post0,2class,GPL570_Unknown_Unknown,908,2,0.6262,0.8545,33_amdbnorm,clustermap_best
S0_no_removal__strict__33_amdbnorm__post0,2class,GPL6244_FF_Unknown,119,1,0.8276,,33_amdbnorm,clustermap_best
S0_no_removal__strict__33_amdbnorm__post0,2class,GPL8432_FFPE_Unknown,130,1,0.8288,,33_amdbnorm,clustermap_best
S0_no_removal__strict__33_amdbnorm__post0,2class,GPL887_FFPE_Unknown,24,1,0.08,,33_amdbnorm,clustermap_best
S0_no_removal__strict__33_amdbnorm__post0,2class,GPL96+97_FF_Unknown,269,2,0.8213,0.9794,33_amdbnorm,clustermap_best
S0_no_removal__strict__33_amdbnorm__post0,2class,GPL96_FFPE_Unknown,84,2,0.4024,0.713,33_amdbnorm,clustermap_best
S0_no_removal__strict__33_amdbnorm__post0,2class,GPL96_FF_Unknown,125,2,0.9273,0.9898,33_amdbnorm,clustermap_best
S0_no_removal__strict__33_amdbnorm__post0,2class,RNASeq_FFPE_Exome_capture,891,2,0.9557,0.9966,33_amdbnorm,clustermap_best
S0_no_removal__strict__33_amdbnorm__post0,2class,RNASeq_FFPE_PolyA,35,2,0.7756,0.954,33_amdbnorm,clustermap_best
S0_no_removal__strict__33_amdbnorm__post0,2class,RNASeq_FF_PolyA,914,2,0.5136,0.9864,33_amdbnorm,clustermap_best
S0_no_removal__strict__33_amdbnorm__post0,2class,RNASeq_FF_Total,28,2,0.7172,1.0,33_amdbnorm,clustermap_best
S0_no_removal__strict__33_amdbnorm__post0,2class,RNASeq_FF_rRNADepletion,14,1,0.88,,33_amdbnorm,clustermap_best
S0_no_removal__strict__33_amdbnorm__post0,3class,GPL13158_FF_Unknown,40,1,0.1818,,33_amdbnorm,clustermap_best
S0_no_removal__strict__33_amdbnorm__post0,3class,GPL13938_FFPE_Unknown,167,1,0.0581,,33_amdbnorm,clustermap_best
S0_no_removal__strict__33_amdbnorm__post0,3class,GPL14951_FFPE_Unknown,810,1,0.6721,,33_amdbnorm,clustermap_best
S0_no_removal__strict__33_amdbnorm__post0,3class,GPL16686_FF_Unknown,48,1,0.5,,33_amdbnorm,clustermap_best
S0_no_removal__strict__33_amdbnorm__post0,3class,GPL17077_FF_Unknown,33,1,0.4651,,33_amdbnorm,clustermap_best
S0_no_removal__strict__33_amdbnorm__post0,3class,GPL1708_FF_Unknown,40,1,0.4314,,33_amdbnorm,clustermap_best
S0_no_removal__strict__33_amdbnorm__post0,3class,GPL17586_FF_Unknown,40,1,0.2609,,33_amdbnorm,clustermap_best
S0_no_removal__strict__33_amdbnorm__post0,3class,GPL20188_FF_Unknown,68,1,0.4889,,33_amdbnorm,clustermap_best
S0_no_removal__strict__33_amdbnorm__post0,3class,GPL23541_FF_Unknown,35,1,0.4444,,33_amdbnorm,clustermap_best
S0_no_removal__strict__33_amdbnorm__post0,3class,GPL570_FFPE_Unknown,800,1,0.4267,,33_amdbnorm,clustermap_best
S0_no_removal__strict__33_amdbnorm__post0,3class,GPL570_FF_Unknown,994,3,0.8996,0.9804,33_amdbnorm,clustermap_best
S0_no_removal__strict__33_amdbnorm__post0,3class,GPL570_Unknown_Unknown,908,2,0.7831,0.8934,33_amdbnorm,clustermap_best
S0_no_removal__strict__33_amdbnorm__post0,3class,GPL6244_FF_Unknown,131,2,0.5897,0.9874,33_amdbnorm,clustermap_best
S0_no_removal__strict__33_amdbnorm__post0,3class,GPL8432_FFPE_Unknown,130,1,0.6935,,33_amdbnorm,clustermap_best
S0_no_removal__strict__33_amdbnorm__post0,3class,GPL887_FFPE_Unknown,24,1,0.08,,33_amdbnorm,clustermap_best
S0_no_removal__strict__33_amdbnorm__post0,3class,GPL96+97_FF_Unknown,305,3,0.8478,0.9937,33_amdbnorm,clustermap_best
S0_no_removal__strict__33_amdbnorm__post0,3class,GPL96_FFPE_Unknown,84,2,0.3401,0.6626,33_amdbnorm,clustermap_best
S0_no_removal__strict__33_amdbnorm__post0,3class,GPL96_FF_Unknown,133,3,0.8617,0.9923,33_amdbnorm,clustermap_best
S0_no_removal__strict__33_amdbnorm__post0,3class,RNASeq_FFPE_Exome_capture,891,2,0.9213,0.9905,33_amdbnorm,clustermap_best
S0_no_removal__strict__33_amdbnorm__post0,3class,RNASeq_FFPE_PolyA,35,2,0.7729,0.954,33_amdbnorm,clustermap_best
S0_no_removal__strict__33_amdbnorm__post0,3class,RNASeq_FF_PolyA,1039,3,0.4559,0.9659,33_amdbnorm,clustermap_best
S0_no_removal__strict__33_amdbnorm__post0,3class,RNASeq_FF_Total,32,3,0.6729,1.0,33_amdbnorm,clustermap_best
S0_no_removal__strict__33_amdbnorm__post0,3class,RNASeq_FF_Unknown,79,1,0.5893,,33_amdbnorm,clustermap_best
S0_no_removal__strict__33_amdbnorm__post0,3class,RNASeq_FF_rRNADepletion,117,2,0.4492,0.7481,33_amdbnorm,clustermap_best
A_confirmed_bad__knn__05_combat__post0,2class,GPL1708_FF_Unknown,40,1,1.0,,05_combat,prediction_best
A_confirmed_bad__knn__05_combat__post0,2class,GPL17586_FF_Unknown,40,1,0.9873,,05_combat,prediction_best
A_confirmed_bad__knn__05_combat__post0,2class,GPL570_FFPE_Unknown,800,1,1.0,,05_combat,prediction_best
A_confirmed_bad__knn__05_combat__post0,2class,GPL570_FF_Unknown,744,2,0.9914,0.9998,05_combat,prediction_best
A_confirmed_bad__knn__05_combat__post0,2class,GPL570_Unknown_Unknown,384,2,0.9605,0.9913,05_combat,prediction_best
A_confirmed_bad__knn__05_combat__post0,2class,GPL6244_FF_Unknown,119,1,0.9231,,05_combat,prediction_best
A_confirmed_bad__knn__05_combat__post0,2class,GPL887_FFPE_Unknown,24,1,0.7692,,05_combat,prediction_best
A_confirmed_bad__knn__05_combat__post0,2class,GPL96+97_FF_Unknown,269,2,0.9348,0.9939,05_combat,prediction_best
A_confirmed_bad__knn__05_combat__post0,2class,GPL96_FFPE_Unknown,84,2,0.4615,0.6736,05_combat,prediction_best
A_confirmed_bad__knn__05_combat__post0,2class,GPL96_FF_Unknown,125,2,0.9754,0.9982,05_combat,prediction_best
A_confirmed_bad__knn__05_combat__post0,2class,RNASeq_FFPE_Exome_capture,891,2,0.9258,0.9975,05_combat,prediction_best
A_confirmed_bad__knn__05_combat__post0,2class,RNASeq_FFPE_PolyA,35,2,0.8994,0.9828,05_combat,prediction_best
A_confirmed_bad__knn__05_combat__post0,2class,RNASeq_FF_PolyA,914,2,0.5708,0.758,05_combat,prediction_best
A_confirmed_bad__knn__05_combat__post0,2class,RNASeq_FF_Total,28,2,0.8133,0.9867,05_combat,prediction_best
A_confirmed_bad__knn__05_combat__post0,2class,RNASeq_FF_rRNADepletion,14,1,1.0,,05_combat,prediction_best
A_confirmed_bad__knn__05_combat__post0,3class,GPL13158_FF_Unknown,40,1,1.0,,05_combat,prediction_best
A_confirmed_bad__knn__05_combat__post0,3class,GPL16686_FF_Unknown,48,1,1.0,,05_combat,prediction_best
A_confirmed_bad__knn__05_combat__post0,3class,GPL17077_FF_Unknown,33,1,1.0,,05_combat,prediction_best
A_confirmed_bad__knn__05_combat__post0,3class,GPL1708_FF_Unknown,40,1,1.0,,05_combat,prediction_best
A_confirmed_bad__knn__05_combat__post0,3class,GPL17586_FF_Unknown,40,1,0.9873,,05_combat,prediction_best
A_confirmed_bad__knn__05_combat__post0,3class,GPL20188_FF_Unknown,68,1,1.0,,05_combat,prediction_best
A_confirmed_bad__knn__05_combat__post0,3class,GPL23541_FF_Unknown,35,1,1.0,,05_combat,prediction_best
A_confirmed_bad__knn__05_combat__post0,3class,GPL570_FFPE_Unknown,800,1,0.9994,,05_combat,prediction_best
A_confirmed_bad__knn__05_combat__post0,3class,GPL570_FF_Unknown,994,3,0.9914,0.9999,05_combat,prediction_best
A_confirmed_bad__knn__05_combat__post0,3class,GPL570_Unknown_Unknown,384,2,0.9605,0.992,05_combat,prediction_best
A_confirmed_bad__knn__05_combat__post0,3class,GPL6244_FF_Unknown,131,2,0.4837,0.8736,05_combat,prediction_best
A_confirmed_bad__knn__05_combat__post0,3class,GPL887_FFPE_Unknown,24,1,0.9333,,05_combat,prediction_best
A_confirmed_bad__knn__05_combat__post0,3class,GPL96+97_FF_Unknown,305,3,0.9102,0.9906,05_combat,prediction_best
A_confirmed_bad__knn__05_combat__post0,3class,GPL96_FFPE_Unknown,84,2,0.4581,0.6644,05_combat,prediction_best
A_confirmed_bad__knn__05_combat__post0,3class,GPL96_FF_Unknown,133,3,0.9836,0.9991,05_combat,prediction_best
A_confirmed_bad__knn__05_combat__post0,3class,RNASeq_FFPE_Exome_capture,891,2,0.8089,0.9697,05_combat,prediction_best
A_confirmed_bad__knn__05_combat__post0,3class,RNASeq_FFPE_PolyA,35,2,0.8382,0.9828,05_combat,prediction_best
A_confirmed_bad__knn__05_combat__post0,3class,RNASeq_FF_PolyA,1039,3,0.6395,0.8635,05_combat,prediction_best
A_confirmed_bad__knn__05_combat__post0,3class,RNASeq_FF_Total,32,3,0.7625,0.9828,05_combat,prediction_best
A_confirmed_bad__knn__05_combat__post0,3class,RNASeq_FF_Unknown,79,1,1.0,,05_combat,prediction_best
A_confirmed_bad__knn__05_combat__post0,3class,RNASeq_FF_rRNADepletion,117,2,0.6455,0.9617,05_combat,prediction_best
A_confirmed_bad__knn__05_combat__post1,2class,GPL1708_FF_Unknown,40,1,1.0,,05_combat,prediction_best
A_confirmed_bad__knn__05_combat__post1,2class,GPL17586_FF_Unknown,40,1,0.9873,,05_combat,prediction_best
A_confirmed_bad__knn__05_combat__post1,2class,GPL570_FFPE_Unknown,800,1,1.0,,05_combat,prediction_best
A_confirmed_bad__knn__05_combat__post1,2class,GPL570_FF_Unknown,744,2,0.9857,0.9996,05_combat,prediction_best
A_confirmed_bad__knn__05_combat__post1,2class,GPL570_Unknown_Unknown,384,2,0.9605,0.991,05_combat,prediction_best
A_confirmed_bad__knn__05_combat__post1,2class,GPL887_FFPE_Unknown,24,1,0.9565,,05_combat,prediction_best
A_confirmed_bad__knn__05_combat__post1,2class,GPL96+97_FF_Unknown,269,2,0.9458,0.9912,05_combat,prediction_best
A_confirmed_bad__knn__05_combat__post1,2class,GPL96_FFPE_Unknown,84,2,0.5855,0.7755,05_combat,prediction_best
A_confirmed_bad__knn__05_combat__post1,2class,GPL96_FF_Unknown,125,2,0.9672,0.9934,05_combat,prediction_best
A_confirmed_bad__knn__05_combat__post1,2class,RNASeq_FFPE_Exome_capture,891,2,0.9292,0.9979,05_combat,prediction_best
A_confirmed_bad__knn__05_combat__post1,2class,RNASeq_FFPE_PolyA,35,2,0.9528,0.9828,05_combat,prediction_best
A_confirmed_bad__knn__05_combat__post1,2class,RNASeq_FF_PolyA,914,2,0.5648,0.8041,05_combat,prediction_best
A_confirmed_bad__knn__05_combat__post1,2class,RNASeq_FF_Total,28,2,0.9184,0.9867,05_combat,prediction_best
A_confirmed_bad__knn__05_combat__post1,2class,RNASeq_FF_rRNADepletion,14,1,1.0,,05_combat,prediction_best
A_confirmed_bad__knn__05_combat__post1,3class,GPL13158_FF_Unknown,40,1,1.0,,05_combat,prediction_best
A_confirmed_bad__knn__05_combat__post1,3class,GPL16686_FF_Unknown,48,1,1.0,,05_combat,prediction_best
A_confirmed_bad__knn__05_combat__post1,3class,GPL17077_FF_Unknown,33,1,1.0,,05_combat,prediction_best
A_confirmed_bad__knn__05_combat__post1,3class,GPL1708_FF_Unknown,40,1,1.0,,05_combat,prediction_best
A_confirmed_bad__knn__05_combat__post1,3class,GPL17586_FF_Unknown,40,1,0.9873,,05_combat,prediction_best
A_confirmed_bad__knn__05_combat__post1,3class,GPL20188_FF_Unknown,68,1,1.0,,05_combat,prediction_best
A_confirmed_bad__knn__05_combat__post1,3class,GPL23541_FF_Unknown,35,1,1.0,,05_combat,prediction_best
A_confirmed_bad__knn__05_combat__post1,3class,GPL570_FFPE_Unknown,800,1,0.9994,,05_combat,prediction_best
A_confirmed_bad__knn__05_combat__post1,3class,GPL570_FF_Unknown,994,3,0.9933,0.9999,05_combat,prediction_best
A_confirmed_bad__knn__05_combat__post1,3class,GPL570_Unknown_Unknown,384,2,0.9421,0.9909,05_combat,prediction_best
A_confirmed_bad__knn__05_combat__post1,3class,GPL887_FFPE_Unknown,24,1,0.9787,,05_combat,prediction_best
A_confirmed_bad__knn__05_combat__post1,3class,GPL96+97_FF_Unknown,305,3,0.9642,0.9958,05_combat,prediction_best
A_confirmed_bad__knn__05_combat__post1,3class,GPL96_FFPE_Unknown,84,2,0.5855,0.7743,05_combat,prediction_best
A_confirmed_bad__knn__05_combat__post1,3class,GPL96_FF_Unknown,133,3,0.9782,0.9967,05_combat,prediction_best
A_confirmed_bad__knn__05_combat__post1,3class,RNASeq_FFPE_Exome_capture,891,2,0.8439,0.9804,05_combat,prediction_best
A_confirmed_bad__knn__05_combat__post1,3class,RNASeq_FFPE_PolyA,35,2,0.9528,0.9828,05_combat,prediction_best
A_confirmed_bad__knn__05_combat__post1,3class,RNASeq_FF_PolyA,1039,3,0.6304,0.9097,05_combat,prediction_best
A_confirmed_bad__knn__05_combat__post1,3class,RNASeq_FF_Total,32,3,0.8325,0.9847,05_combat,prediction_best
A_confirmed_bad__knn__05_combat__post1,3class,RNASeq_FF_Unknown,79,1,0.9936,,05_combat,prediction_best
A_confirmed_bad__knn__05_combat__post1,3class,RNASeq_FF_rRNADepletion,117,2,0.7262,0.9318,05_combat,prediction_best
A_confirmed_bad__knn__06_combat_seq__post1,2class,GPL1708_FF_Unknown,40,1,1.0,,06_combat_seq,prediction_best
A_confirmed_bad__knn__06_combat_seq__post1,2class,GPL17586_FF_Unknown,40,1,1.0,,06_combat_seq,prediction_best
A_confirmed_bad__knn__06_combat_seq__post1,2class,GPL570_FFPE_Unknown,800,1,0.9987,,06_combat_seq,prediction_best
A_confirmed_bad__knn__06_combat_seq__post1,2class,GPL570_FF_Unknown,744,2,0.9594,0.9983,06_combat_seq,prediction_best
A_confirmed_bad__knn__06_combat_seq__post1,2class,GPL570_Unknown_Unknown,384,2,0.9416,0.9937,06_combat_seq,prediction_best
A_confirmed_bad__knn__06_combat_seq__post1,2class,GPL887_FFPE_Unknown,24,1,1.0,,06_combat_seq,prediction_best
A_confirmed_bad__knn__06_combat_seq__post1,2class,GPL96+97_FF_Unknown,269,2,0.9735,0.9987,06_combat_seq,prediction_best
A_confirmed_bad__knn__06_combat_seq__post1,2class,GPL96_FFPE_Unknown,84,2,0.5808,0.7245,06_combat_seq,prediction_best
A_confirmed_bad__knn__06_combat_seq__post1,2class,GPL96_FF_Unknown,125,2,0.9835,1.0,06_combat_seq,prediction_best
A_confirmed_bad__knn__06_combat_seq__post1,2class,RNASeq_FFPE_Exome_capture,891,2,0.9913,0.9995,06_combat_seq,prediction_best
A_confirmed_bad__knn__06_combat_seq__post1,2class,RNASeq_FFPE_PolyA,35,2,0.7304,0.9425,06_combat_seq,prediction_best
A_confirmed_bad__knn__06_combat_seq__post1,2class,RNASeq_FF_PolyA,914,2,0.6655,0.9346,06_combat_seq,prediction_best
A_confirmed_bad__knn__06_combat_seq__post1,2class,RNASeq_FF_Total,28,2,0.8133,0.9733,06_combat_seq,prediction_best
A_confirmed_bad__knn__06_combat_seq__post1,2class,RNASeq_FF_rRNADepletion,14,1,0.0,,06_combat_seq,prediction_best
A_confirmed_bad__knn__06_combat_seq__post1,3class,GPL13158_FF_Unknown,40,1,1.0,,06_combat_seq,prediction_best
A_confirmed_bad__knn__06_combat_seq__post1,3class,GPL16686_FF_Unknown,48,1,1.0,,06_combat_seq,prediction_best
A_confirmed_bad__knn__06_combat_seq__post1,3class,GPL17077_FF_Unknown,33,1,1.0,,06_combat_seq,prediction_best
A_confirmed_bad__knn__06_combat_seq__post1,3class,GPL1708_FF_Unknown,40,1,1.0,,06_combat_seq,prediction_best
A_confirmed_bad__knn__06_combat_seq__post1,3class,GPL17586_FF_Unknown,40,1,1.0,,06_combat_seq,prediction_best
A_confirmed_bad__knn__06_combat_seq__post1,3class,GPL20188_FF_Unknown,68,1,1.0,,06_combat_seq,prediction_best
A_confirmed_bad__knn__06_combat_seq__post1,3class,GPL23541_FF_Unknown,35,1,1.0,,06_combat_seq,prediction_best
A_confirmed_bad__knn__06_combat_seq__post1,3class,GPL570_FFPE_Unknown,800,1,0.9873,,06_combat_seq,prediction_best
A_confirmed_bad__knn__06_combat_seq__post1,3class,GPL570_FF_Unknown,994,3,0.9629,0.9986,06_combat_seq,prediction_best
A_confirmed_bad__knn__06_combat_seq__post1,3class,GPL570_Unknown_Unknown,384,2,0.9484,0.9931,06_combat_seq,prediction_best
A_confirmed_bad__knn__06_combat_seq__post1,3class,GPL887_FFPE_Unknown,24,1,1.0,,06_combat_seq,prediction_best
A_confirmed_bad__knn__06_combat_seq__post1,3class,GPL96+97_FF_Unknown,305,3,0.9823,0.9993,06_combat_seq,prediction_best
A_confirmed_bad__knn__06_combat_seq__post1,3class,GPL96_FFPE_Unknown,84,2,0.5286,0.7245,06_combat_seq,prediction_best
A_confirmed_bad__knn__06_combat_seq__post1,3class,GPL96_FF_Unknown,133,3,1.0,1.0,06_combat_seq,prediction_best
A_confirmed_bad__knn__06_combat_seq__post1,3class,RNASeq_FFPE_Exome_capture,891,2,0.9904,0.9996,06_combat_seq,prediction_best
A_confirmed_bad__knn__06_combat_seq__post1,3class,RNASeq_FFPE_PolyA,35,2,0.7304,0.9425,06_combat_seq,prediction_best
A_confirmed_bad__knn__06_combat_seq__post1,3class,RNASeq_FF_PolyA,1039,3,0.6808,0.9432,06_combat_seq,prediction_best
A_confirmed_bad__knn__06_combat_seq__post1,3class,RNASeq_FF_Total,32,3,0.8146,0.9867,06_combat_seq,prediction_best
A_confirmed_bad__knn__06_combat_seq__post1,3class,RNASeq_FF_Unknown,79,1,1.0,,06_combat_seq,prediction_best
A_confirmed_bad__knn__06_combat_seq__post1,3class,RNASeq_FF_rRNADepletion,117,2,0.4633,0.2495,06_combat_seq,prediction_best
A_confirmed_bad__knn__08_inmoose_combatseq__post1,2class,GPL1708_FF_Unknown,40,1,1.0,,08_inmoose_combatseq,prediction_best
A_confirmed_bad__knn__08_inmoose_combatseq__post1,2class,GPL17586_FF_Unknown,40,1,1.0,,08_inmoose_combatseq,prediction_best
A_confirmed_bad__knn__08_inmoose_combatseq__post1,2class,GPL570_FFPE_Unknown,800,1,0.9987,,08_inmoose_combatseq,prediction_best
A_confirmed_bad__knn__08_inmoose_combatseq__post1,2class,GPL570_FF_Unknown,744,2,0.9594,0.9983,08_inmoose_combatseq,prediction_best
A_confirmed_bad__knn__08_inmoose_combatseq__post1,2class,GPL570_Unknown_Unknown,384,2,0.9416,0.9937,08_inmoose_combatseq,prediction_best
A_confirmed_bad__knn__08_inmoose_combatseq__post1,2class,GPL887_FFPE_Unknown,24,1,1.0,,08_inmoose_combatseq,prediction_best
A_confirmed_bad__knn__08_inmoose_combatseq__post1,2class,GPL96+97_FF_Unknown,269,2,0.9735,0.9987,08_inmoose_combatseq,prediction_best
A_confirmed_bad__knn__08_inmoose_combatseq__post1,2class,GPL96_FFPE_Unknown,84,2,0.5808,0.7245,08_inmoose_combatseq,prediction_best
A_confirmed_bad__knn__08_inmoose_combatseq__post1,2class,GPL96_FF_Unknown,125,2,0.9835,1.0,08_inmoose_combatseq,prediction_best
A_confirmed_bad__knn__08_inmoose_combatseq__post1,2class,RNASeq_FFPE_Exome_capture,891,2,0.9913,0.9995,08_inmoose_combatseq,prediction_best
A_confirmed_bad__knn__08_inmoose_combatseq__post1,2class,RNASeq_FFPE_PolyA,35,2,0.7304,0.9425,08_inmoose_combatseq,prediction_best
A_confirmed_bad__knn__08_inmoose_combatseq__post1,2class,RNASeq_FF_PolyA,914,2,0.6655,0.9347,08_inmoose_combatseq,prediction_best
A_confirmed_bad__knn__08_inmoose_combatseq__post1,2class,RNASeq_FF_Total,28,2,0.8133,0.9733,08_inmoose_combatseq,prediction_best
A_confirmed_bad__knn__08_inmoose_combatseq__post1,2class,RNASeq_FF_rRNADepletion,14,1,0.0,,08_inmoose_combatseq,prediction_best
A_confirmed_bad__knn__08_inmoose_combatseq__post1,3class,GPL13158_FF_Unknown,40,1,1.0,,08_inmoose_combatseq,prediction_best
A_confirmed_bad__knn__08_inmoose_combatseq__post1,3class,GPL16686_FF_Unknown,48,1,1.0,,08_inmoose_combatseq,prediction_best
A_confirmed_bad__knn__08_inmoose_combatseq__post1,3class,GPL17077_FF_Unknown,33,1,1.0,,08_inmoose_combatseq,prediction_best
A_confirmed_bad__knn__08_inmoose_combatseq__post1,3class,GPL1708_FF_Unknown,40,1,1.0,,08_inmoose_combatseq,prediction_best
A_confirmed_bad__knn__08_inmoose_combatseq__post1,3class,GPL17586_FF_Unknown,40,1,1.0,,08_inmoose_combatseq,prediction_best
A_confirmed_bad__knn__08_inmoose_combatseq__post1,3class,GPL20188_FF_Unknown,68,1,1.0,,08_inmoose_combatseq,prediction_best
A_confirmed_bad__knn__08_inmoose_combatseq__post1,3class,GPL23541_FF_Unknown,35,1,1.0,,08_inmoose_combatseq,prediction_best
A_confirmed_bad__knn__08_inmoose_combatseq__post1,3class,GPL570_FFPE_Unknown,800,1,0.9873,,08_inmoose_combatseq,prediction_best
A_confirmed_bad__knn__08_inmoose_combatseq__post1,3class,GPL570_FF_Unknown,994,3,0.9629,0.9986,08_inmoose_combatseq,prediction_best
A_confirmed_bad__knn__08_inmoose_combatseq__post1,3class,GPL570_Unknown_Unknown,384,2,0.9484,0.9931,08_inmoose_combatseq,prediction_best
A_confirmed_bad__knn__08_inmoose_combatseq__post1,3class,GPL887_FFPE_Unknown,24,1,1.0,,08_inmoose_combatseq,prediction_best
A_confirmed_bad__knn__08_inmoose_combatseq__post1,3class,GPL96+97_FF_Unknown,305,3,0.9823,0.9993,08_inmoose_combatseq,prediction_best
A_confirmed_bad__knn__08_inmoose_combatseq__post1,3class,GPL96_FFPE_Unknown,84,2,0.5286,0.7245,08_inmoose_combatseq,prediction_best
A_confirmed_bad__knn__08_inmoose_combatseq__post1,3class,GPL96_FF_Unknown,133,3,1.0,1.0,08_inmoose_combatseq,prediction_best
A_confirmed_bad__knn__08_inmoose_combatseq__post1,3class,RNASeq_FFPE_Exome_capture,891,2,0.9904,0.9996,08_inmoose_combatseq,prediction_best
A_confirmed_bad__knn__08_inmoose_combatseq__post1,3class,RNASeq_FFPE_PolyA,35,2,0.7304,0.9425,08_inmoose_combatseq,prediction_best
A_confirmed_bad__knn__08_inmoose_combatseq__post1,3class,RNASeq_FF_PolyA,1039,3,0.6808,0.9432,08_inmoose_combatseq,prediction_best
A_confirmed_bad__knn__08_inmoose_combatseq__post1,3class,RNASeq_FF_Total,32,3,0.8146,0.9867,08_inmoose_combatseq,prediction_best
A_confirmed_bad__knn__08_inmoose_combatseq__post1,3class,RNASeq_FF_Unknown,79,1,1.0,,08_inmoose_combatseq,prediction_best
A_confirmed_bad__knn__08_inmoose_combatseq__post1,3class,RNASeq_FF_rRNADepletion,117,2,0.4633,0.2486,08_inmoose_combatseq,prediction_best
A_confirmed_bad__knn__29_combat_ref__post0,2class,GPL1708_FF_Unknown,40,1,1.0,,29_combat_ref,prediction_best
A_confirmed_bad__knn__29_combat_ref__post0,2class,GPL17586_FF_Unknown,40,1,1.0,,29_combat_ref,prediction_best
A_confirmed_bad__knn__29_combat_ref__post0,2class,GPL570_FFPE_Unknown,800,1,0.9994,,29_combat_ref,prediction_best
A_confirmed_bad__knn__29_combat_ref__post0,2class,GPL570_FF_Unknown,744,2,0.9886,1.0,29_combat_ref,prediction_best
A_confirmed_bad__knn__29_combat_ref__post0,2class,GPL570_Unknown_Unknown,384,2,0.9798,0.9994,29_combat_ref,prediction_best
A_confirmed_bad__knn__29_combat_ref__post0,2class,GPL6244_FF_Unknown,119,1,1.0,,29_combat_ref,prediction_best
A_confirmed_bad__knn__29_combat_ref__post0,2class,GPL887_FFPE_Unknown,24,1,0.2222,,29_combat_ref,prediction_best
A_confirmed_bad__knn__29_combat_ref__post0,2class,GPL96+97_FF_Unknown,269,2,0.9279,0.9962,29_combat_ref,prediction_best
A_confirmed_bad__knn__29_combat_ref__post0,2class,GPL96_FFPE_Unknown,84,2,0.5414,0.9931,29_combat_ref,prediction_best
A_confirmed_bad__knn__29_combat_ref__post0,2class,GPL96_FF_Unknown,125,2,1.0,1.0,29_combat_ref,prediction_best
A_confirmed_bad__knn__29_combat_ref__post0,2class,RNASeq_FFPE_Exome_capture,891,2,0.9097,0.9997,29_combat_ref,prediction_best
A_confirmed_bad__knn__29_combat_ref__post0,2class,RNASeq_FFPE_PolyA,35,2,0.9528,1.0,29_combat_ref,prediction_best
A_confirmed_bad__knn__29_combat_ref__post0,2class,RNASeq_FF_PolyA,914,2,0.4947,0.8918,29_combat_ref,prediction_best
A_confirmed_bad__knn__29_combat_ref__post0,2class,RNASeq_FF_Total,28,2,1.0,1.0,29_combat_ref,prediction_best
A_confirmed_bad__knn__29_combat_ref__post0,2class,RNASeq_FF_rRNADepletion,14,1,1.0,,29_combat_ref,prediction_best
A_confirmed_bad__knn__29_combat_ref__post0,3class,GPL13158_FF_Unknown,40,1,1.0,,29_combat_ref,prediction_best
A_confirmed_bad__knn__29_combat_ref__post0,3class,GPL16686_FF_Unknown,48,1,1.0,,29_combat_ref,prediction_best
A_confirmed_bad__knn__29_combat_ref__post0,3class,GPL17077_FF_Unknown,33,1,1.0,,29_combat_ref,prediction_best
A_confirmed_bad__knn__29_combat_ref__post0,3class,GPL1708_FF_Unknown,40,1,1.0,,29_combat_ref,prediction_best
A_confirmed_bad__knn__29_combat_ref__post0,3class,GPL17586_FF_Unknown,40,1,0.9873,,29_combat_ref,prediction_best
A_confirmed_bad__knn__29_combat_ref__post0,3class,GPL20188_FF_Unknown,68,1,1.0,,29_combat_ref,prediction_best
A_confirmed_bad__knn__29_combat_ref__post0,3class,GPL23541_FF_Unknown,35,1,1.0,,29_combat_ref,prediction_best
A_confirmed_bad__knn__29_combat_ref__post0,3class,GPL570_FFPE_Unknown,800,1,0.9987,,29_combat_ref,prediction_best
A_confirmed_bad__knn__29_combat_ref__post0,3class,GPL570_FF_Unknown,994,3,0.9953,1.0,29_combat_ref,prediction_best
A_confirmed_bad__knn__29_combat_ref__post0,3class,GPL570_Unknown_Unknown,384,2,0.9798,0.9993,29_combat_ref,prediction_best
A_confirmed_bad__knn__29_combat_ref__post0,3class,GPL6244_FF_Unknown,131,2,0.7972,0.9583,29_combat_ref,prediction_best
A_confirmed_bad__knn__29_combat_ref__post0,3class,GPL887_FFPE_Unknown,24,1,0.2857,,29_combat_ref,prediction_best
A_confirmed_bad__knn__29_combat_ref__post0,3class,GPL96+97_FF_Unknown,305,3,0.9146,0.9928,29_combat_ref,prediction_best
A_confirmed_bad__knn__29_combat_ref__post0,3class,GPL96_FFPE_Unknown,84,2,0.5414,0.9907,29_combat_ref,prediction_best
A_confirmed_bad__knn__29_combat_ref__post0,3class,GPL96_FF_Unknown,133,3,1.0,1.0,29_combat_ref,prediction_best
A_confirmed_bad__knn__29_combat_ref__post0,3class,RNASeq_FFPE_Exome_capture,891,2,0.8807,0.9902,29_combat_ref,prediction_best
A_confirmed_bad__knn__29_combat_ref__post0,3class,RNASeq_FFPE_PolyA,35,2,1.0,1.0,29_combat_ref,prediction_best
A_confirmed_bad__knn__29_combat_ref__post0,3class,RNASeq_FF_PolyA,1039,3,0.6268,0.9685,29_combat_ref,prediction_best
A_confirmed_bad__knn__29_combat_ref__post0,3class,RNASeq_FF_Total,32,3,0.8878,0.9962,29_combat_ref,prediction_best
A_confirmed_bad__knn__29_combat_ref__post0,3class,RNASeq_FF_Unknown,79,1,1.0,,29_combat_ref,prediction_best
A_confirmed_bad__knn__29_combat_ref__post0,3class,RNASeq_FF_rRNADepletion,117,2,0.6312,0.9631,29_combat_ref,prediction_best
A_confirmed_bad__knn__29_combat_ref__post1,2class,GPL1708_FF_Unknown,40,1,1.0,,29_combat_ref,prediction_best
A_confirmed_bad__knn__29_combat_ref__post1,2class,GPL17586_FF_Unknown,40,1,0.9873,,29_combat_ref,prediction_best
A_confirmed_bad__knn__29_combat_ref__post1,2class,GPL570_FFPE_Unknown,800,1,0.9994,,29_combat_ref,prediction_best
A_confirmed_bad__knn__29_combat_ref__post1,2class,GPL570_FF_Unknown,744,2,0.9886,1.0,29_combat_ref,prediction_best
A_confirmed_bad__knn__29_combat_ref__post1,2class,GPL570_Unknown_Unknown,384,2,0.9798,0.9987,29_combat_ref,prediction_best
A_confirmed_bad__knn__29_combat_ref__post1,2class,GPL887_FFPE_Unknown,24,1,0.9565,,29_combat_ref,prediction_best
A_confirmed_bad__knn__29_combat_ref__post1,2class,GPL96+97_FF_Unknown,269,2,0.9454,0.9952,29_combat_ref,prediction_best
A_confirmed_bad__knn__29_combat_ref__post1,2class,GPL96_FFPE_Unknown,84,2,0.5414,0.9977,29_combat_ref,prediction_best
A_confirmed_bad__knn__29_combat_ref__post1,2class,GPL96_FF_Unknown,125,2,0.9918,1.0,29_combat_ref,prediction_best
A_confirmed_bad__knn__29_combat_ref__post1,2class,RNASeq_FFPE_Exome_capture,891,2,0.8255,0.9996,29_combat_ref,prediction_best
A_confirmed_bad__knn__29_combat_ref__post1,2class,RNASeq_FFPE_PolyA,35,2,0.9528,1.0,29_combat_ref,prediction_best
A_confirmed_bad__knn__29_combat_ref__post1,2class,RNASeq_FF_PolyA,914,2,0.4947,0.9021,29_combat_ref,prediction_best
A_confirmed_bad__knn__29_combat_ref__post1,2class,RNASeq_FF_Total,28,2,1.0,1.0,29_combat_ref,prediction_best
A_confirmed_bad__knn__29_combat_ref__post1,2class,RNASeq_FF_rRNADepletion,14,1,1.0,,29_combat_ref,prediction_best
A_confirmed_bad__knn__29_combat_ref__post1,3class,GPL13158_FF_Unknown,40,1,1.0,,29_combat_ref,prediction_best
A_confirmed_bad__knn__29_combat_ref__post1,3class,GPL16686_FF_Unknown,48,1,1.0,,29_combat_ref,prediction_best
A_confirmed_bad__knn__29_combat_ref__post1,3class,GPL17077_FF_Unknown,33,1,1.0,,29_combat_ref,prediction_best
A_confirmed_bad__knn__29_combat_ref__post1,3class,GPL1708_FF_Unknown,40,1,1.0,,29_combat_ref,prediction_best
A_confirmed_bad__knn__29_combat_ref__post1,3class,GPL17586_FF_Unknown,40,1,0.9873,,29_combat_ref,prediction_best
A_confirmed_bad__knn__29_combat_ref__post1,3class,GPL20188_FF_Unknown,68,1,1.0,,29_combat_ref,prediction_best
A_confirmed_bad__knn__29_combat_ref__post1,3class,GPL23541_FF_Unknown,35,1,1.0,,29_combat_ref,prediction_best
A_confirmed_bad__knn__29_combat_ref__post1,3class,GPL570_FFPE_Unknown,800,1,0.9994,,29_combat_ref,prediction_best
A_confirmed_bad__knn__29_combat_ref__post1,3class,GPL570_FF_Unknown,994,3,0.9943,1.0,29_combat_ref,prediction_best
A_confirmed_bad__knn__29_combat_ref__post1,3class,GPL570_Unknown_Unknown,384,2,0.9798,0.9987,29_combat_ref,prediction_best
A_confirmed_bad__knn__29_combat_ref__post1,3class,GPL887_FFPE_Unknown,24,1,1.0,,29_combat_ref,prediction_best
A_confirmed_bad__knn__29_combat_ref__post1,3class,GPL96+97_FF_Unknown,305,3,0.949,0.9956,29_combat_ref,prediction_best
A_confirmed_bad__knn__29_combat_ref__post1,3class,GPL96_FFPE_Unknown,84,2,0.6706,0.9954,29_combat_ref,prediction_best
A_confirmed_bad__knn__29_combat_ref__post1,3class,GPL96_FF_Unknown,133,3,0.9946,1.0,29_combat_ref,prediction_best
A_confirmed_bad__knn__29_combat_ref__post1,3class,RNASeq_FFPE_Exome_capture,891,2,0.9196,0.9906,29_combat_ref,prediction_best
A_confirmed_bad__knn__29_combat_ref__post1,3class,RNASeq_FFPE_PolyA,35,2,0.9528,1.0,29_combat_ref,prediction_best
A_confirmed_bad__knn__29_combat_ref__post1,3class,RNASeq_FF_PolyA,1039,3,0.6133,0.9592,29_combat_ref,prediction_best
A_confirmed_bad__knn__29_combat_ref__post1,3class,RNASeq_FF_Total,32,3,0.8878,0.9981,29_combat_ref,prediction_best
A_confirmed_bad__knn__29_combat_ref__post1,3class,RNASeq_FF_Unknown,79,1,1.0,,29_combat_ref,prediction_best
A_confirmed_bad__knn__29_combat_ref__post1,3class,RNASeq_FF_rRNADepletion,117,2,0.7591,0.9561,29_combat_ref,prediction_best
A_confirmed_bad__softimpute__05_combat__post0,2class,GPL1708_FF_Unknown,40,1,0.9744,,05_combat,prediction_best
A_confirmed_bad__softimpute__05_combat__post0,2class,GPL17586_FF_Unknown,40,1,0.9873,,05_combat,prediction_best
A_confirmed_bad__softimpute__05_combat__post0,2class,GPL570_FFPE_Unknown,800,1,0.9994,,05_combat,prediction_best
A_confirmed_bad__softimpute__05_combat__post0,2class,GPL570_FF_Unknown,744,2,0.9756,0.9991,05_combat,prediction_best
A_confirmed_bad__softimpute__05_combat__post0,2class,GPL570_Unknown_Unknown,384,2,0.9798,0.9863,05_combat,prediction_best
A_confirmed_bad__softimpute__05_combat__post0,2class,GPL6244_FF_Unknown,119,1,0.9652,,05_combat,prediction_best
A_confirmed_bad__softimpute__05_combat__post0,2class,GPL887_FFPE_Unknown,24,1,1.0,,05_combat,prediction_best
A_confirmed_bad__softimpute__05_combat__post0,2class,GPL96+97_FF_Unknown,269,2,0.8374,0.9454,05_combat,prediction_best
A_confirmed_bad__softimpute__05_combat__post0,2class,GPL96_FFPE_Unknown,84,2,0.4615,0.4201,05_combat,prediction_best
A_confirmed_bad__softimpute__05_combat__post0,2class,GPL96_FF_Unknown,125,2,0.9837,1.0,05_combat,prediction_best
A_confirmed_bad__softimpute__05_combat__post0,2class,RNASeq_FFPE_Exome_capture,891,2,0.9657,0.9969,05_combat,prediction_best
A_confirmed_bad__softimpute__05_combat__post0,2class,RNASeq_FFPE_PolyA,35,2,0.7321,0.9425,05_combat,prediction_best
A_confirmed_bad__softimpute__05_combat__post0,2class,RNASeq_FF_PolyA,914,2,0.5859,0.7686,05_combat,prediction_best
A_confirmed_bad__softimpute__05_combat__post0,2class,RNASeq_FF_Total,28,2,1.0,1.0,05_combat,prediction_best
A_confirmed_bad__softimpute__05_combat__post0,2class,RNASeq_FF_rRNADepletion,14,1,1.0,,05_combat,prediction_best
A_confirmed_bad__softimpute__05_combat__post0,3class,GPL13158_FF_Unknown,40,1,1.0,,05_combat,prediction_best
A_confirmed_bad__softimpute__05_combat__post0,3class,GPL16686_FF_Unknown,48,1,1.0,,05_combat,prediction_best
A_confirmed_bad__softimpute__05_combat__post0,3class,GPL17077_FF_Unknown,33,1,1.0,,05_combat,prediction_best
A_confirmed_bad__softimpute__05_combat__post0,3class,GPL1708_FF_Unknown,40,1,0.9744,,05_combat,prediction_best
A_confirmed_bad__softimpute__05_combat__post0,3class,GPL17586_FF_Unknown,40,1,0.9873,,05_combat,prediction_best
A_confirmed_bad__softimpute__05_combat__post0,3class,GPL20188_FF_Unknown,68,1,1.0,,05_combat,prediction_best
A_confirmed_bad__softimpute__05_combat__post0,3class,GPL23541_FF_Unknown,35,1,1.0,,05_combat,prediction_best
A_confirmed_bad__softimpute__05_combat__post0,3class,GPL570_FFPE_Unknown,800,1,0.9994,,05_combat,prediction_best
A_confirmed_bad__softimpute__05_combat__post0,3class,GPL570_FF_Unknown,994,3,0.9857,0.9997,05_combat,prediction_best
A_confirmed_bad__softimpute__05_combat__post0,3class,GPL570_Unknown_Unknown,384,2,0.9798,0.9861,05_combat,prediction_best
A_confirmed_bad__softimpute__05_combat__post0,3class,GPL6244_FF_Unknown,131,2,0.9826,1.0,05_combat,prediction_best
A_confirmed_bad__softimpute__05_combat__post0,3class,GPL887_FFPE_Unknown,24,1,1.0,,05_combat,prediction_best
A_confirmed_bad__softimpute__05_combat__post0,3class,GPL96+97_FF_Unknown,305,3,0.8636,0.9657,05_combat,prediction_best
A_confirmed_bad__softimpute__05_combat__post0,3class,GPL96_FFPE_Unknown,84,2,0.4615,0.4167,05_combat,prediction_best
A_confirmed_bad__softimpute__05_combat__post0,3class,GPL96_FF_Unknown,133,3,0.4059,0.7006,05_combat,prediction_best
A_confirmed_bad__softimpute__05_combat__post0,3class,RNASeq_FFPE_Exome_capture,891,2,0.9681,0.9969,05_combat,prediction_best
A_confirmed_bad__softimpute__05_combat__post0,3class,RNASeq_FFPE_PolyA,35,2,0.7638,0.9425,05_combat,prediction_best
A_confirmed_bad__softimpute__05_combat__post0,3class,RNASeq_FF_PolyA,1039,3,0.6706,0.9059,05_combat,prediction_best
A_confirmed_bad__softimpute__05_combat__post0,3class,RNASeq_FF_Total,32,3,0.6002,0.9962,05_combat,prediction_best
A_confirmed_bad__softimpute__05_combat__post0,3class,RNASeq_FF_Unknown,79,1,1.0,,05_combat,prediction_best
A_confirmed_bad__softimpute__05_combat__post0,3class,RNASeq_FF_rRNADepletion,117,2,0.9047,0.9939,05_combat,prediction_best
A_confirmed_bad__softimpute__05_combat__post1,2class,GPL1708_FF_Unknown,40,1,0.9744,,05_combat,prediction_best
A_confirmed_bad__softimpute__05_combat__post1,2class,GPL17586_FF_Unknown,40,1,0.9873,,05_combat,prediction_best
A_confirmed_bad__softimpute__05_combat__post1,2class,GPL570_FFPE_Unknown,800,1,1.0,,05_combat,prediction_best
A_confirmed_bad__softimpute__05_combat__post1,2class,GPL570_FF_Unknown,744,2,0.9784,0.9993,05_combat,prediction_best
A_confirmed_bad__softimpute__05_combat__post1,2class,GPL570_Unknown_Unknown,384,2,0.9798,0.9866,05_combat,prediction_best
A_confirmed_bad__softimpute__05_combat__post1,2class,GPL6244_FF_Unknown,119,1,0.9785,,05_combat,prediction_best
A_confirmed_bad__softimpute__05_combat__post1,2class,GPL887_FFPE_Unknown,24,1,1.0,,05_combat,prediction_best
A_confirmed_bad__softimpute__05_combat__post1,2class,GPL96+97_FF_Unknown,269,2,0.8414,0.9468,05_combat,prediction_best
A_confirmed_bad__softimpute__05_combat__post1,2class,GPL96_FFPE_Unknown,84,2,0.4615,0.4549,05_combat,prediction_best
A_confirmed_bad__softimpute__05_combat__post1,2class,GPL96_FF_Unknown,125,2,0.9837,1.0,05_combat,prediction_best
A_confirmed_bad__softimpute__05_combat__post1,2class,RNASeq_FFPE_Exome_capture,891,2,0.9657,0.9974,05_combat,prediction_best
A_confirmed_bad__softimpute__05_combat__post1,2class,RNASeq_FFPE_PolyA,35,2,0.7321,0.9425,05_combat,prediction_best
A_confirmed_bad__softimpute__05_combat__post1,2class,RNASeq_FF_PolyA,914,2,0.5859,0.7721,05_combat,prediction_best
A_confirmed_bad__softimpute__05_combat__post1,2class,RNASeq_FF_Total,28,2,1.0,1.0,05_combat,prediction_best
A_confirmed_bad__softimpute__05_combat__post1,2class,RNASeq_FF_rRNADepletion,14,1,1.0,,05_combat,prediction_best
A_confirmed_bad__softimpute__05_combat__post1,3class,GPL13158_FF_Unknown,40,1,1.0,,05_combat,prediction_best
A_confirmed_bad__softimpute__05_combat__post1,3class,GPL16686_FF_Unknown,48,1,1.0,,05_combat,prediction_best
A_confirmed_bad__softimpute__05_combat__post1,3class,GPL17077_FF_Unknown,33,1,1.0,,05_combat,prediction_best
A_confirmed_bad__softimpute__05_combat__post1,3class,GPL1708_FF_Unknown,40,1,0.9744,,05_combat,prediction_best
A_confirmed_bad__softimpute__05_combat__post1,3class,GPL17586_FF_Unknown,40,1,0.9873,,05_combat,prediction_best
A_confirmed_bad__softimpute__05_combat__post1,3class,GPL23541_FF_Unknown,35,1,1.0,,05_combat,prediction_best
A_confirmed_bad__softimpute__05_combat__post1,3class,GPL570_FFPE_Unknown,800,1,0.9994,,05_combat,prediction_best
A_confirmed_bad__softimpute__05_combat__post1,3class,GPL570_FF_Unknown,994,3,0.9856,0.9997,05_combat,prediction_best
A_confirmed_bad__softimpute__05_combat__post1,3class,GPL570_Unknown_Unknown,384,2,0.9798,0.9862,05_combat,prediction_best
A_confirmed_bad__softimpute__05_combat__post1,3class,GPL6244_FF_Unknown,131,2,0.9871,1.0,05_combat,prediction_best
A_confirmed_bad__softimpute__05_combat__post1,3class,GPL887_FFPE_Unknown,24,1,1.0,,05_combat,prediction_best
A_confirmed_bad__softimpute__05_combat__post1,3class,GPL96+97_FF_Unknown,305,3,0.87,0.9669,05_combat,prediction_best
A_confirmed_bad__softimpute__05_combat__post1,3class,GPL96_FFPE_Unknown,84,2,0.4615,0.4398,05_combat,prediction_best
A_confirmed_bad__softimpute__05_combat__post1,3class,GPL96_FF_Unknown,133,3,0.4059,0.7013,05_combat,prediction_best
A_confirmed_bad__softimpute__05_combat__post1,3class,RNASeq_FFPE_Exome_capture,891,2,0.9693,0.9973,05_combat,prediction_best
A_confirmed_bad__softimpute__05_combat__post1,3class,RNASeq_FFPE_PolyA,35,2,0.7638,0.9425,05_combat,prediction_best
A_confirmed_bad__softimpute__05_combat__post1,3class,RNASeq_FF_PolyA,1039,3,0.6785,0.9011,05_combat,prediction_best
A_confirmed_bad__softimpute__05_combat__post1,3class,RNASeq_FF_Total,32,3,0.6002,0.9905,05_combat,prediction_best
A_confirmed_bad__softimpute__05_combat__post1,3class,RNASeq_FF_Unknown,79,1,1.0,,05_combat,prediction_best
A_confirmed_bad__softimpute__05_combat__post1,3class,RNASeq_FF_rRNADepletion,117,2,0.9047,0.9935,05_combat,prediction_best
A_confirmed_bad__softimpute__20_shambhala__post1,2class,GPL1708_FF_Unknown,40,1,1.0,,20_shambhala,prediction_best
A_confirmed_bad__softimpute__20_shambhala__post1,2class,GPL17586_FF_Unknown,40,1,0.7302,,20_shambhala,prediction_best
A_confirmed_bad__softimpute__20_shambhala__post1,2class,GPL570_FFPE_Unknown,800,1,0.9515,,20_shambhala,prediction_best
A_confirmed_bad__softimpute__20_shambhala__post1,2class,GPL570_FF_Unknown,744,2,0.9046,0.9869,20_shambhala,prediction_best
A_confirmed_bad__softimpute__20_shambhala__post1,2class,GPL570_Unknown_Unknown,384,2,0.8403,0.9684,20_shambhala,prediction_best
A_confirmed_bad__softimpute__20_shambhala__post1,2class,GPL6244_FF_Unknown,119,1,0.9872,,20_shambhala,prediction_best
A_confirmed_bad__softimpute__20_shambhala__post1,2class,GPL887_FFPE_Unknown,24,1,1.0,,20_shambhala,prediction_best
A_confirmed_bad__softimpute__20_shambhala__post1,2class,GPL96+97_FF_Unknown,269,2,0.9254,0.9878,20_shambhala,prediction_best
A_confirmed_bad__softimpute__20_shambhala__post1,2class,GPL96_FFPE_Unknown,84,2,0.5073,0.6863,20_shambhala,prediction_best
A_confirmed_bad__softimpute__20_shambhala__post1,2class,GPL96_FF_Unknown,125,2,0.8746,0.9379,20_shambhala,prediction_best
A_confirmed_bad__softimpute__20_shambhala__post1,2class,RNASeq_FFPE_Exome_capture,891,2,0.8914,0.9914,20_shambhala,prediction_best
A_confirmed_bad__softimpute__20_shambhala__post1,2class,RNASeq_FFPE_PolyA,35,2,0.7667,0.9483,20_shambhala,prediction_best
A_confirmed_bad__softimpute__20_shambhala__post1,2class,RNASeq_FF_PolyA,914,2,0.6348,0.9804,20_shambhala,prediction_best
A_confirmed_bad__softimpute__20_shambhala__post1,2class,RNASeq_FF_Total,28,2,0.7172,0.9333,20_shambhala,prediction_best
A_confirmed_bad__softimpute__20_shambhala__post1,2class,RNASeq_FF_rRNADepletion,14,1,0.88,,20_shambhala,prediction_best
A_confirmed_bad__softimpute__20_shambhala__post1,3class,GPL13158_FF_Unknown,40,1,1.0,,20_shambhala,prediction_best
A_confirmed_bad__softimpute__20_shambhala__post1,3class,GPL17077_FF_Unknown,33,1,1.0,,20_shambhala,prediction_best
A_confirmed_bad__softimpute__20_shambhala__post1,3class,GPL1708_FF_Unknown,40,1,1.0,,20_shambhala,prediction_best
A_confirmed_bad__softimpute__20_shambhala__post1,3class,GPL17586_FF_Unknown,40,1,0.9189,,20_shambhala,prediction_best
A_confirmed_bad__softimpute__20_shambhala__post1,3class,GPL20188_FF_Unknown,68,1,1.0,,20_shambhala,prediction_best
A_confirmed_bad__softimpute__20_shambhala__post1,3class,GPL23541_FF_Unknown,35,1,1.0,,20_shambhala,prediction_best
A_confirmed_bad__softimpute__20_shambhala__post1,3class,GPL570_FFPE_Unknown,800,1,0.827,,20_shambhala,prediction_best
A_confirmed_bad__softimpute__20_shambhala__post1,3class,GPL570_FF_Unknown,994,3,0.9432,0.9955,20_shambhala,prediction_best
A_confirmed_bad__softimpute__20_shambhala__post1,3class,GPL570_Unknown_Unknown,384,2,0.8345,0.9682,20_shambhala,prediction_best
A_confirmed_bad__softimpute__20_shambhala__post1,3class,GPL6244_FF_Unknown,131,2,0.9508,1.0,20_shambhala,prediction_best
A_confirmed_bad__softimpute__20_shambhala__post1,3class,GPL887_FFPE_Unknown,24,1,1.0,,20_shambhala,prediction_best
A_confirmed_bad__softimpute__20_shambhala__post1,3class,GPL96+97_FF_Unknown,305,3,0.9511,0.9937,20_shambhala,prediction_best
A_confirmed_bad__softimpute__20_shambhala__post1,3class,GPL96_FFPE_Unknown,84,2,0.5073,0.6782,20_shambhala,prediction_best
A_confirmed_bad__softimpute__20_shambhala__post1,3class,GPL96_FF_Unknown,133,3,0.9164,0.9649,20_shambhala,prediction_best
A_confirmed_bad__softimpute__20_shambhala__post1,3class,RNASeq_FFPE_Exome_capture,891,2,0.8058,0.9823,20_shambhala,prediction_best
A_confirmed_bad__softimpute__20_shambhala__post1,3class,RNASeq_FFPE_PolyA,35,2,0.7667,0.9425,20_shambhala,prediction_best
A_confirmed_bad__softimpute__20_shambhala__post1,3class,RNASeq_FF_PolyA,1039,3,0.527,0.9588,20_shambhala,prediction_best
A_confirmed_bad__softimpute__20_shambhala__post1,3class,RNASeq_FF_Total,32,3,0.7545,0.9886,20_shambhala,prediction_best
A_confirmed_bad__softimpute__20_shambhala__post1,3class,RNASeq_FF_Unknown,79,1,1.0,,20_shambhala,prediction_best
A_confirmed_bad__softimpute__20_shambhala__post1,3class,RNASeq_FF_rRNADepletion,117,2,0.4583,0.7355,20_shambhala,prediction_best
A_confirmed_bad__strict__05_combat__post0,2class,GPL1708_FF_Unknown,40,1,0.9873,,05_combat,prediction_best
A_confirmed_bad__strict__05_combat__post0,2class,GPL17586_FF_Unknown,40,1,0.9873,,05_combat,prediction_best
A_confirmed_bad__strict__05_combat__post0,2class,GPL570_FFPE_Unknown,800,1,1.0,,05_combat,prediction_best
A_confirmed_bad__strict__05_combat__post0,2class,GPL570_FF_Unknown,744,2,0.9885,0.9997,05_combat,prediction_best
A_confirmed_bad__strict__05_combat__post0,2class,GPL570_Unknown_Unknown,384,2,0.9798,0.9897,05_combat,prediction_best
A_confirmed_bad__strict__05_combat__post0,2class,GPL6244_FF_Unknown,119,1,0.8612,,05_combat,prediction_best
A_confirmed_bad__strict__05_combat__post0,2class,GPL887_FFPE_Unknown,24,1,1.0,,05_combat,prediction_best
A_confirmed_bad__strict__05_combat__post0,2class,GPL96+97_FF_Unknown,269,2,0.8924,0.9748,05_combat,prediction_best
A_confirmed_bad__strict__05_combat__post0,2class,GPL96_FFPE_Unknown,84,2,0.5974,0.8056,05_combat,prediction_best
A_confirmed_bad__strict__05_combat__post0,2class,GPL96_FF_Unknown,125,2,0.9348,0.9843,05_combat,prediction_best
A_confirmed_bad__strict__05_combat__post0,2class,RNASeq_FFPE_Exome_capture,891,2,0.9742,0.9992,05_combat,prediction_best
A_confirmed_bad__strict__05_combat__post0,2class,RNASeq_FFPE_PolyA,35,2,0.9528,0.977,05_combat,prediction_best
A_confirmed_bad__strict__05_combat__post0,2class,RNASeq_FF_PolyA,914,2,0.5804,0.6919,05_combat,prediction_best
A_confirmed_bad__strict__05_combat__post0,2class,RNASeq_FF_Total,28,2,1.0,1.0,05_combat,prediction_best
A_confirmed_bad__strict__05_combat__post0,2class,RNASeq_FF_rRNADepletion,14,1,0.8333,,05_combat,prediction_best
A_confirmed_bad__strict__05_combat__post0,3class,GPL13158_FF_Unknown,40,1,1.0,,05_combat,prediction_best
A_confirmed_bad__strict__05_combat__post0,3class,GPL16686_FF_Unknown,48,1,1.0,,05_combat,prediction_best
A_confirmed_bad__strict__05_combat__post0,3class,GPL17077_FF_Unknown,33,1,1.0,,05_combat,prediction_best
A_confirmed_bad__strict__05_combat__post0,3class,GPL1708_FF_Unknown,40,1,0.9873,,05_combat,prediction_best
A_confirmed_bad__strict__05_combat__post0,3class,GPL17586_FF_Unknown,40,1,0.9873,,05_combat,prediction_best
A_confirmed_bad__strict__05_combat__post0,3class,GPL20188_FF_Unknown,68,1,1.0,,05_combat,prediction_best
A_confirmed_bad__strict__05_combat__post0,3class,GPL23541_FF_Unknown,35,1,1.0,,05_combat,prediction_best
A_confirmed_bad__strict__05_combat__post0,3class,GPL570_FFPE_Unknown,800,1,0.9994,,05_combat,prediction_best
A_confirmed_bad__strict__05_combat__post0,3class,GPL570_FF_Unknown,994,3,0.9911,0.9999,05_combat,prediction_best
A_confirmed_bad__strict__05_combat__post0,3class,GPL570_Unknown_Unknown,384,2,0.9781,0.9909,05_combat,prediction_best
A_confirmed_bad__strict__05_combat__post0,3class,GPL6244_FF_Unknown,131,2,0.6332,0.7479,05_combat,prediction_best
A_confirmed_bad__strict__05_combat__post0,3class,GPL887_FFPE_Unknown,24,1,1.0,,05_combat,prediction_best
A_confirmed_bad__strict__05_combat__post0,3class,GPL96+97_FF_Unknown,305,3,0.8099,0.9678,05_combat,prediction_best
A_confirmed_bad__strict__05_combat__post0,3class,GPL96_FFPE_Unknown,84,2,0.5855,0.8287,05_combat,prediction_best
A_confirmed_bad__strict__05_combat__post0,3class,GPL96_FF_Unknown,133,3,0.9315,0.9896,05_combat,prediction_best
A_confirmed_bad__strict__05_combat__post0,3class,RNASeq_FFPE_Exome_capture,891,2,0.9761,0.9991,05_combat,prediction_best
A_confirmed_bad__strict__05_combat__post0,3class,RNASeq_FFPE_PolyA,35,2,0.8292,0.9684,05_combat,prediction_best
A_confirmed_bad__strict__05_combat__post0,3class,RNASeq_FF_PolyA,1039,3,0.6536,0.8863,05_combat,prediction_best
A_confirmed_bad__strict__05_combat__post0,3class,RNASeq_FF_Total,32,3,0.9562,1.0,05_combat,prediction_best
A_confirmed_bad__strict__05_combat__post0,3class,RNASeq_FF_Unknown,79,1,0.9936,,05_combat,prediction_best
A_confirmed_bad__strict__05_combat__post0,3class,RNASeq_FF_rRNADepletion,117,2,0.7727,0.9509,05_combat,prediction_best
A_confirmed_bad__strict__05_combat__post1,2class,GPL1708_FF_Unknown,40,1,0.9873,,05_combat,prediction_best
A_confirmed_bad__strict__05_combat__post1,2class,GPL17586_FF_Unknown,40,1,0.9873,,05_combat,prediction_best
A_confirmed_bad__strict__05_combat__post1,2class,GPL570_FFPE_Unknown,800,1,1.0,,05_combat,prediction_best
A_confirmed_bad__strict__05_combat__post1,2class,GPL570_FF_Unknown,744,2,0.9885,0.9997,05_combat,prediction_best
A_confirmed_bad__strict__05_combat__post1,2class,GPL570_Unknown_Unknown,384,2,0.9798,0.9897,05_combat,prediction_best
A_confirmed_bad__strict__05_combat__post1,2class,GPL6244_FF_Unknown,119,1,0.8612,,05_combat,prediction_best
A_confirmed_bad__strict__05_combat__post1,2class,GPL96+97_FF_Unknown,269,2,0.8924,0.9745,05_combat,prediction_best
A_confirmed_bad__strict__05_combat__post1,2class,GPL96_FFPE_Unknown,84,2,0.5974,0.8056,05_combat,prediction_best
A_confirmed_bad__strict__05_combat__post1,2class,GPL96_FF_Unknown,125,2,0.9428,0.9843,05_combat,prediction_best
A_confirmed_bad__strict__05_combat__post1,2class,RNASeq_FFPE_Exome_capture,891,2,0.9742,0.9992,05_combat,prediction_best
A_confirmed_bad__strict__05_combat__post1,2class,RNASeq_FFPE_PolyA,35,2,0.9528,0.977,05_combat,prediction_best
A_confirmed_bad__strict__05_combat__post1,2class,RNASeq_FF_PolyA,914,2,0.5804,0.69,05_combat,prediction_best
A_confirmed_bad__strict__05_combat__post1,2class,RNASeq_FF_Total,28,2,1.0,1.0,05_combat,prediction_best
A_confirmed_bad__strict__05_combat__post1,2class,RNASeq_FF_rRNADepletion,14,1,0.8333,,05_combat,prediction_best
A_confirmed_bad__strict__05_combat__post1,3class,GPL13158_FF_Unknown,40,1,1.0,,05_combat,prediction_best
A_confirmed_bad__strict__05_combat__post1,3class,GPL16686_FF_Unknown,48,1,1.0,,05_combat,prediction_best
A_confirmed_bad__strict__05_combat__post1,3class,GPL17077_FF_Unknown,33,1,1.0,,05_combat,prediction_best
A_confirmed_bad__strict__05_combat__post1,3class,GPL1708_FF_Unknown,40,1,0.9873,,05_combat,prediction_best
A_confirmed_bad__strict__05_combat__post1,3class,GPL17586_FF_Unknown,40,1,0.9873,,05_combat,prediction_best
A_confirmed_bad__strict__05_combat__post1,3class,GPL20188_FF_Unknown,68,1,1.0,,05_combat,prediction_best
A_confirmed_bad__strict__05_combat__post1,3class,GPL23541_FF_Unknown,35,1,1.0,,05_combat,prediction_best
A_confirmed_bad__strict__05_combat__post1,3class,GPL570_FFPE_Unknown,800,1,0.9994,,05_combat,prediction_best
A_confirmed_bad__strict__05_combat__post1,3class,GPL570_FF_Unknown,994,3,0.9911,0.9999,05_combat,prediction_best
A_confirmed_bad__strict__05_combat__post1,3class,GPL570_Unknown_Unknown,384,2,0.9781,0.991,05_combat,prediction_best
A_confirmed_bad__strict__05_combat__post1,3class,GPL6244_FF_Unknown,131,2,0.6136,0.7581,05_combat,prediction_best
A_confirmed_bad__strict__05_combat__post1,3class,GPL96+97_FF_Unknown,305,3,0.8099,0.9675,05_combat,prediction_best
A_confirmed_bad__strict__05_combat__post1,3class,GPL96_FFPE_Unknown,84,2,0.5855,0.8304,05_combat,prediction_best
A_confirmed_bad__strict__05_combat__post1,3class,GPL96_FF_Unknown,133,3,0.9315,0.9896,05_combat,prediction_best
A_confirmed_bad__strict__05_combat__post1,3class,RNASeq_FFPE_Exome_capture,891,2,0.9761,0.9991,05_combat,prediction_best
A_confirmed_bad__strict__05_combat__post1,3class,RNASeq_FFPE_PolyA,35,2,0.8292,0.9684,05_combat,prediction_best
A_confirmed_bad__strict__05_combat__post1,3class,RNASeq_FF_PolyA,1039,3,0.6523,0.886,05_combat,prediction_best
A_confirmed_bad__strict__05_combat__post1,3class,RNASeq_FF_Total,32,3,0.9562,1.0,05_combat,prediction_best
A_confirmed_bad__strict__05_combat__post1,3class,RNASeq_FF_Unknown,79,1,0.9936,,05_combat,prediction_best
A_confirmed_bad__strict__05_combat__post1,3class,RNASeq_FF_rRNADepletion,117,2,0.7727,0.9505,05_combat,prediction_best
A_confirmed_bad__strict__06_combat_seq__post1,2class,GPL1708_FF_Unknown,40,1,1.0,,06_combat_seq,prediction_best
A_confirmed_bad__strict__06_combat_seq__post1,2class,GPL17586_FF_Unknown,40,1,1.0,,06_combat_seq,prediction_best
A_confirmed_bad__strict__06_combat_seq__post1,2class,GPL570_FFPE_Unknown,800,1,1.0,,06_combat_seq,prediction_best
A_confirmed_bad__strict__06_combat_seq__post1,2class,GPL570_FF_Unknown,744,2,0.9367,0.9972,06_combat_seq,prediction_best
A_confirmed_bad__strict__06_combat_seq__post1,2class,GPL570_Unknown_Unknown,384,2,0.9526,0.9915,06_combat_seq,prediction_best
A_confirmed_bad__strict__06_combat_seq__post1,2class,GPL6244_FF_Unknown,119,1,0.9958,,06_combat_seq,prediction_best
A_confirmed_bad__strict__06_combat_seq__post1,2class,GPL96+97_FF_Unknown,269,2,0.9394,0.9904,06_combat_seq,prediction_best
A_confirmed_bad__strict__06_combat_seq__post1,2class,GPL96_FFPE_Unknown,84,2,0.5286,0.691,06_combat_seq,prediction_best
A_confirmed_bad__strict__06_combat_seq__post1,2class,GPL96_FF_Unknown,125,2,0.9338,0.9937,06_combat_seq,prediction_best
A_confirmed_bad__strict__06_combat_seq__post1,2class,RNASeq_FFPE_Exome_capture,891,2,0.99,0.9993,06_combat_seq,prediction_best
A_confirmed_bad__strict__06_combat_seq__post1,2class,RNASeq_FFPE_PolyA,35,2,0.7304,0.931,06_combat_seq,prediction_best
A_confirmed_bad__strict__06_combat_seq__post1,2class,RNASeq_FF_PolyA,914,2,0.6463,0.8705,06_combat_seq,prediction_best
A_confirmed_bad__strict__06_combat_seq__post1,2class,RNASeq_FF_Total,28,2,0.8133,0.9867,06_combat_seq,prediction_best
A_confirmed_bad__strict__06_combat_seq__post1,2class,RNASeq_FF_rRNADepletion,14,1,0.1333,,06_combat_seq,prediction_best
A_confirmed_bad__strict__06_combat_seq__post1,3class,GPL13158_FF_Unknown,40,1,1.0,,06_combat_seq,prediction_best
A_confirmed_bad__strict__06_combat_seq__post1,3class,GPL16686_FF_Unknown,48,1,1.0,,06_combat_seq,prediction_best
A_confirmed_bad__strict__06_combat_seq__post1,3class,GPL17077_FF_Unknown,33,1,1.0,,06_combat_seq,prediction_best
A_confirmed_bad__strict__06_combat_seq__post1,3class,GPL1708_FF_Unknown,40,1,1.0,,06_combat_seq,prediction_best
A_confirmed_bad__strict__06_combat_seq__post1,3class,GPL17586_FF_Unknown,40,1,1.0,,06_combat_seq,prediction_best
A_confirmed_bad__strict__06_combat_seq__post1,3class,GPL20188_FF_Unknown,68,1,1.0,,06_combat_seq,prediction_best
A_confirmed_bad__strict__06_combat_seq__post1,3class,GPL23541_FF_Unknown,35,1,1.0,,06_combat_seq,prediction_best
A_confirmed_bad__strict__06_combat_seq__post1,3class,GPL570_FFPE_Unknown,800,1,0.9815,,06_combat_seq,prediction_best
A_confirmed_bad__strict__06_combat_seq__post1,3class,GPL570_FF_Unknown,994,3,0.9087,0.9937,06_combat_seq,prediction_best
A_confirmed_bad__strict__06_combat_seq__post1,3class,GPL570_Unknown_Unknown,384,2,0.9426,0.99,06_combat_seq,prediction_best
A_confirmed_bad__strict__06_combat_seq__post1,3class,GPL6244_FF_Unknown,131,2,0.8581,0.9947,06_combat_seq,prediction_best
A_confirmed_bad__strict__06_combat_seq__post1,3class,GPL96+97_FF_Unknown,305,3,0.9454,0.9893,06_combat_seq,prediction_best
A_confirmed_bad__strict__06_combat_seq__post1,3class,GPL96_FFPE_Unknown,84,2,0.5846,0.7182,06_combat_seq,prediction_best
A_confirmed_bad__strict__06_combat_seq__post1,3class,GPL96_FF_Unknown,133,3,0.9782,0.9955,06_combat_seq,prediction_best
A_confirmed_bad__strict__06_combat_seq__post1,3class,RNASeq_FFPE_Exome_capture,891,2,0.9887,0.9994,06_combat_seq,prediction_best
A_confirmed_bad__strict__06_combat_seq__post1,3class,RNASeq_FFPE_PolyA,35,2,0.7304,0.9253,06_combat_seq,prediction_best
A_confirmed_bad__strict__06_combat_seq__post1,3class,RNASeq_FF_PolyA,1039,3,0.7228,0.9678,06_combat_seq,prediction_best
A_confirmed_bad__strict__06_combat_seq__post1,3class,RNASeq_FF_Total,32,3,0.8878,0.9943,06_combat_seq,prediction_best
A_confirmed_bad__strict__06_combat_seq__post1,3class,RNASeq_FF_Unknown,79,1,0.9872,,06_combat_seq,prediction_best
A_confirmed_bad__strict__06_combat_seq__post1,3class,RNASeq_FF_rRNADepletion,117,2,0.5582,0.8897,06_combat_seq,prediction_best
A_confirmed_bad__strict__08_inmoose_combatseq__post1,2class,GPL1708_FF_Unknown,40,1,1.0,,08_inmoose_combatseq,prediction_best
A_confirmed_bad__strict__08_inmoose_combatseq__post1,2class,GPL17586_FF_Unknown,40,1,1.0,,08_inmoose_combatseq,prediction_best
A_confirmed_bad__strict__08_inmoose_combatseq__post1,2class,GPL570_FFPE_Unknown,800,1,1.0,,08_inmoose_combatseq,prediction_best
A_confirmed_bad__strict__08_inmoose_combatseq__post1,2class,GPL570_FF_Unknown,744,2,0.9367,0.9972,08_inmoose_combatseq,prediction_best
A_confirmed_bad__strict__08_inmoose_combatseq__post1,2class,GPL570_Unknown_Unknown,384,2,0.9526,0.9915,08_inmoose_combatseq,prediction_best
A_confirmed_bad__strict__08_inmoose_combatseq__post1,2class,GPL6244_FF_Unknown,119,1,0.9958,,08_inmoose_combatseq,prediction_best
A_confirmed_bad__strict__08_inmoose_combatseq__post1,2class,GPL96+97_FF_Unknown,269,2,0.9394,0.9904,08_inmoose_combatseq,prediction_best
A_confirmed_bad__strict__08_inmoose_combatseq__post1,2class,GPL96_FFPE_Unknown,84,2,0.5286,0.691,08_inmoose_combatseq,prediction_best
A_confirmed_bad__strict__08_inmoose_combatseq__post1,2class,GPL96_FF_Unknown,125,2,0.9338,0.9937,08_inmoose_combatseq,prediction_best
A_confirmed_bad__strict__08_inmoose_combatseq__post1,2class,RNASeq_FFPE_Exome_capture,891,2,0.99,0.9993,08_inmoose_combatseq,prediction_best
A_confirmed_bad__strict__08_inmoose_combatseq__post1,2class,RNASeq_FFPE_PolyA,35,2,0.7304,0.931,08_inmoose_combatseq,prediction_best
A_confirmed_bad__strict__08_inmoose_combatseq__post1,2class,RNASeq_FF_PolyA,914,2,0.6463,0.8705,08_inmoose_combatseq,prediction_best
A_confirmed_bad__strict__08_inmoose_combatseq__post1,2class,RNASeq_FF_Total,28,2,0.8133,0.9867,08_inmoose_combatseq,prediction_best
A_confirmed_bad__strict__08_inmoose_combatseq__post1,2class,RNASeq_FF_rRNADepletion,14,1,0.1333,,08_inmoose_combatseq,prediction_best
A_confirmed_bad__strict__08_inmoose_combatseq__post1,3class,GPL13158_FF_Unknown,40,1,1.0,,08_inmoose_combatseq,prediction_best
A_confirmed_bad__strict__08_inmoose_combatseq__post1,3class,GPL16686_FF_Unknown,48,1,1.0,,08_inmoose_combatseq,prediction_best
A_confirmed_bad__strict__08_inmoose_combatseq__post1,3class,GPL17077_FF_Unknown,33,1,1.0,,08_inmoose_combatseq,prediction_best
A_confirmed_bad__strict__08_inmoose_combatseq__post1,3class,GPL1708_FF_Unknown,40,1,1.0,,08_inmoose_combatseq,prediction_best
A_confirmed_bad__strict__08_inmoose_combatseq__post1,3class,GPL17586_FF_Unknown,40,1,1.0,,08_inmoose_combatseq,prediction_best
A_confirmed_bad__strict__08_inmoose_combatseq__post1,3class,GPL20188_FF_Unknown,68,1,1.0,,08_inmoose_combatseq,prediction_best
A_confirmed_bad__strict__08_inmoose_combatseq__post1,3class,GPL23541_FF_Unknown,35,1,1.0,,08_inmoose_combatseq,prediction_best
A_confirmed_bad__strict__08_inmoose_combatseq__post1,3class,GPL570_FFPE_Unknown,800,1,0.9815,,08_inmoose_combatseq,prediction_best
A_confirmed_bad__strict__08_inmoose_combatseq__post1,3class,GPL570_FF_Unknown,994,3,0.9087,0.9937,08_inmoose_combatseq,prediction_best
A_confirmed_bad__strict__08_inmoose_combatseq__post1,3class,GPL570_Unknown_Unknown,384,2,0.9426,0.99,08_inmoose_combatseq,prediction_best
A_confirmed_bad__strict__08_inmoose_combatseq__post1,3class,GPL6244_FF_Unknown,131,2,0.8581,0.9947,08_inmoose_combatseq,prediction_best
A_confirmed_bad__strict__08_inmoose_combatseq__post1,3class,GPL96+97_FF_Unknown,305,3,0.9454,0.9893,08_inmoose_combatseq,prediction_best
A_confirmed_bad__strict__08_inmoose_combatseq__post1,3class,GPL96_FFPE_Unknown,84,2,0.5846,0.7182,08_inmoose_combatseq,prediction_best
A_confirmed_bad__strict__08_inmoose_combatseq__post1,3class,GPL96_FF_Unknown,133,3,0.9782,0.9955,08_inmoose_combatseq,prediction_best
A_confirmed_bad__strict__08_inmoose_combatseq__post1,3class,RNASeq_FFPE_Exome_capture,891,2,0.9887,0.9994,08_inmoose_combatseq,prediction_best
A_confirmed_bad__strict__08_inmoose_combatseq__post1,3class,RNASeq_FFPE_PolyA,35,2,0.7304,0.9253,08_inmoose_combatseq,prediction_best
A_confirmed_bad__strict__08_inmoose_combatseq__post1,3class,RNASeq_FF_PolyA,1039,3,0.7228,0.9678,08_inmoose_combatseq,prediction_best
A_confirmed_bad__strict__08_inmoose_combatseq__post1,3class,RNASeq_FF_Total,32,3,0.8878,0.9943,08_inmoose_combatseq,prediction_best
A_confirmed_bad__strict__08_inmoose_combatseq__post1,3class,RNASeq_FF_Unknown,79,1,0.9872,,08_inmoose_combatseq,prediction_best
A_confirmed_bad__strict__08_inmoose_combatseq__post1,3class,RNASeq_FF_rRNADepletion,117,2,0.5582,0.8897,08_inmoose_combatseq,prediction_best
A_confirmed_bad__strict__29_combat_ref__post0,2class,GPL1708_FF_Unknown,40,1,0.9873,,29_combat_ref,prediction_best
A_confirmed_bad__strict__29_combat_ref__post0,2class,GPL17586_FF_Unknown,40,1,0.9873,,29_combat_ref,prediction_best
A_confirmed_bad__strict__29_combat_ref__post0,2class,GPL570_FFPE_Unknown,800,1,1.0,,29_combat_ref,prediction_best
A_confirmed_bad__strict__29_combat_ref__post0,2class,GPL570_FF_Unknown,744,2,1.0,1.0,29_combat_ref,prediction_best
A_confirmed_bad__strict__29_combat_ref__post0,2class,GPL570_Unknown_Unknown,384,2,0.9798,1.0,29_combat_ref,prediction_best
A_confirmed_bad__strict__29_combat_ref__post0,2class,GPL6244_FF_Unknown,119,1,0.9958,,29_combat_ref,prediction_best
A_confirmed_bad__strict__29_combat_ref__post0,2class,GPL887_FFPE_Unknown,24,1,1.0,,29_combat_ref,prediction_best
A_confirmed_bad__strict__29_combat_ref__post0,2class,GPL96+97_FF_Unknown,269,2,1.0,1.0,29_combat_ref,prediction_best
A_confirmed_bad__strict__29_combat_ref__post0,2class,GPL96_FFPE_Unknown,84,2,0.9184,1.0,29_combat_ref,prediction_best
A_confirmed_bad__strict__29_combat_ref__post0,2class,GPL96_FF_Unknown,125,2,0.9918,1.0,29_combat_ref,prediction_best
A_confirmed_bad__strict__29_combat_ref__post0,2class,RNASeq_FFPE_Exome_capture,891,2,0.995,1.0,29_combat_ref,prediction_best
A_confirmed_bad__strict__29_combat_ref__post0,2class,RNASeq_FFPE_PolyA,35,2,1.0,1.0,29_combat_ref,prediction_best
A_confirmed_bad__strict__29_combat_ref__post0,2class,RNASeq_FF_PolyA,914,2,0.4956,0.9793,29_combat_ref,prediction_best
A_confirmed_bad__strict__29_combat_ref__post0,2class,RNASeq_FF_Total,28,2,1.0,1.0,29_combat_ref,prediction_best
A_confirmed_bad__strict__29_combat_ref__post0,2class,RNASeq_FF_rRNADepletion,14,1,1.0,,29_combat_ref,prediction_best
A_confirmed_bad__strict__29_combat_ref__post0,3class,GPL13158_FF_Unknown,40,1,1.0,,29_combat_ref,prediction_best
A_confirmed_bad__strict__29_combat_ref__post0,3class,GPL16686_FF_Unknown,48,1,1.0,,29_combat_ref,prediction_best
A_confirmed_bad__strict__29_combat_ref__post0,3class,GPL17077_FF_Unknown,33,1,1.0,,29_combat_ref,prediction_best
A_confirmed_bad__strict__29_combat_ref__post0,3class,GPL1708_FF_Unknown,40,1,1.0,,29_combat_ref,prediction_best
A_confirmed_bad__strict__29_combat_ref__post0,3class,GPL17586_FF_Unknown,40,1,0.9873,,29_combat_ref,prediction_best
A_confirmed_bad__strict__29_combat_ref__post0,3class,GPL20188_FF_Unknown,68,1,1.0,,29_combat_ref,prediction_best
A_confirmed_bad__strict__29_combat_ref__post0,3class,GPL23541_FF_Unknown,35,1,1.0,,29_combat_ref,prediction_best
A_confirmed_bad__strict__29_combat_ref__post0,3class,GPL570_FFPE_Unknown,800,1,1.0,,29_combat_ref,prediction_best
A_confirmed_bad__strict__29_combat_ref__post0,3class,GPL570_FF_Unknown,994,3,0.9987,1.0,29_combat_ref,prediction_best
A_confirmed_bad__strict__29_combat_ref__post0,3class,GPL570_Unknown_Unknown,384,2,0.9781,1.0,29_combat_ref,prediction_best
A_confirmed_bad__strict__29_combat_ref__post0,3class,GPL6244_FF_Unknown,131,2,0.8899,0.9692,29_combat_ref,prediction_best
A_confirmed_bad__strict__29_combat_ref__post0,3class,GPL887_FFPE_Unknown,24,1,1.0,,29_combat_ref,prediction_best
A_confirmed_bad__strict__29_combat_ref__post0,3class,GPL96+97_FF_Unknown,305,3,0.9648,0.9998,29_combat_ref,prediction_best
A_confirmed_bad__strict__29_combat_ref__post0,3class,GPL96_FFPE_Unknown,84,2,0.9748,1.0,29_combat_ref,prediction_best
A_confirmed_bad__strict__29_combat_ref__post0,3class,GPL96_FF_Unknown,133,3,0.9747,0.9988,29_combat_ref,prediction_best
A_confirmed_bad__strict__29_combat_ref__post0,3class,RNASeq_FFPE_Exome_capture,891,2,0.9962,1.0,29_combat_ref,prediction_best
A_confirmed_bad__strict__29_combat_ref__post0,3class,RNASeq_FFPE_PolyA,35,2,1.0,1.0,29_combat_ref,prediction_best
A_confirmed_bad__strict__29_combat_ref__post0,3class,RNASeq_FF_PolyA,1039,3,0.6433,0.993,29_combat_ref,prediction_best
A_confirmed_bad__strict__29_combat_ref__post0,3class,RNASeq_FF_Total,32,3,0.9562,1.0,29_combat_ref,prediction_best
A_confirmed_bad__strict__29_combat_ref__post0,3class,RNASeq_FF_Unknown,79,1,1.0,,29_combat_ref,prediction_best
A_confirmed_bad__strict__29_combat_ref__post0,3class,RNASeq_FF_rRNADepletion,117,2,0.7591,0.9603,29_combat_ref,prediction_best
A_confirmed_bad__strict__29_combat_ref__post1,2class,GPL1708_FF_Unknown,40,1,0.9873,,29_combat_ref,prediction_best
A_confirmed_bad__strict__29_combat_ref__post1,2class,GPL17586_FF_Unknown,40,1,0.9873,,29_combat_ref,prediction_best
A_confirmed_bad__strict__29_combat_ref__post1,2class,GPL570_FFPE_Unknown,800,1,1.0,,29_combat_ref,prediction_best
A_confirmed_bad__strict__29_combat_ref__post1,2class,GPL570_FF_Unknown,744,2,1.0,1.0,29_combat_ref,prediction_best
A_confirmed_bad__strict__29_combat_ref__post1,2class,GPL570_Unknown_Unknown,384,2,0.9798,1.0,29_combat_ref,prediction_best
A_confirmed_bad__strict__29_combat_ref__post1,2class,GPL6244_FF_Unknown,119,1,0.9958,,29_combat_ref,prediction_best
A_confirmed_bad__strict__29_combat_ref__post1,2class,GPL96+97_FF_Unknown,269,2,1.0,1.0,29_combat_ref,prediction_best
A_confirmed_bad__strict__29_combat_ref__post1,2class,GPL96_FFPE_Unknown,84,2,0.9184,1.0,29_combat_ref,prediction_best
A_confirmed_bad__strict__29_combat_ref__post1,2class,GPL96_FF_Unknown,125,2,0.9918,1.0,29_combat_ref,prediction_best
A_confirmed_bad__strict__29_combat_ref__post1,2class,RNASeq_FFPE_Exome_capture,891,2,0.995,1.0,29_combat_ref,prediction_best
A_confirmed_bad__strict__29_combat_ref__post1,2class,RNASeq_FFPE_PolyA,35,2,1.0,1.0,29_combat_ref,prediction_best
A_confirmed_bad__strict__29_combat_ref__post1,2class,RNASeq_FF_PolyA,914,2,0.4956,0.9785,29_combat_ref,prediction_best
A_confirmed_bad__strict__29_combat_ref__post1,2class,RNASeq_FF_Total,28,2,1.0,1.0,29_combat_ref,prediction_best
A_confirmed_bad__strict__29_combat_ref__post1,2class,RNASeq_FF_rRNADepletion,14,1,1.0,,29_combat_ref,prediction_best
A_confirmed_bad__strict__29_combat_ref__post1,3class,GPL13158_FF_Unknown,40,1,1.0,,29_combat_ref,prediction_best
A_confirmed_bad__strict__29_combat_ref__post1,3class,GPL16686_FF_Unknown,48,1,1.0,,29_combat_ref,prediction_best
A_confirmed_bad__strict__29_combat_ref__post1,3class,GPL17077_FF_Unknown,33,1,1.0,,29_combat_ref,prediction_best
A_confirmed_bad__strict__29_combat_ref__post1,3class,GPL1708_FF_Unknown,40,1,1.0,,29_combat_ref,prediction_best
A_confirmed_bad__strict__29_combat_ref__post1,3class,GPL17586_FF_Unknown,40,1,0.9873,,29_combat_ref,prediction_best
A_confirmed_bad__strict__29_combat_ref__post1,3class,GPL20188_FF_Unknown,68,1,1.0,,29_combat_ref,prediction_best
A_confirmed_bad__strict__29_combat_ref__post1,3class,GPL23541_FF_Unknown,35,1,1.0,,29_combat_ref,prediction_best
A_confirmed_bad__strict__29_combat_ref__post1,3class,GPL570_FFPE_Unknown,800,1,1.0,,29_combat_ref,prediction_best
A_confirmed_bad__strict__29_combat_ref__post1,3class,GPL570_FF_Unknown,994,3,0.9987,1.0,29_combat_ref,prediction_best
A_confirmed_bad__strict__29_combat_ref__post1,3class,GPL570_Unknown_Unknown,384,2,0.9781,1.0,29_combat_ref,prediction_best
A_confirmed_bad__strict__29_combat_ref__post1,3class,GPL6244_FF_Unknown,131,2,0.9177,0.9699,29_combat_ref,prediction_best
A_confirmed_bad__strict__29_combat_ref__post1,3class,GPL96+97_FF_Unknown,305,3,0.9648,0.9998,29_combat_ref,prediction_best
A_confirmed_bad__strict__29_combat_ref__post1,3class,GPL96_FFPE_Unknown,84,2,0.9748,1.0,29_combat_ref,prediction_best
A_confirmed_bad__strict__29_combat_ref__post1,3class,GPL96_FF_Unknown,133,3,0.9747,0.9988,29_combat_ref,prediction_best
A_confirmed_bad__strict__29_combat_ref__post1,3class,RNASeq_FFPE_Exome_capture,891,2,0.9962,1.0,29_combat_ref,prediction_best
A_confirmed_bad__strict__29_combat_ref__post1,3class,RNASeq_FFPE_PolyA,35,2,1.0,1.0,29_combat_ref,prediction_best
A_confirmed_bad__strict__29_combat_ref__post1,3class,RNASeq_FF_PolyA,1039,3,0.6433,0.993,29_combat_ref,prediction_best
A_confirmed_bad__strict__29_combat_ref__post1,3class,RNASeq_FF_Total,32,3,0.9562,1.0,29_combat_ref,prediction_best
A_confirmed_bad__strict__29_combat_ref__post1,3class,RNASeq_FF_Unknown,79,1,1.0,,29_combat_ref,prediction_best
A_confirmed_bad__strict__29_combat_ref__post1,3class,RNASeq_FF_rRNADepletion,117,2,0.7591,0.9593,29_combat_ref,prediction_best
B_extended_bad__knn__05_combat__post0,2class,GPL1708_FF_Unknown,40,1,0.961,,05_combat,prediction_best
B_extended_bad__knn__05_combat__post0,2class,GPL570_FFPE_Unknown,800,1,1.0,,05_combat,prediction_best
B_extended_bad__knn__05_combat__post0,2class,GPL570_FF_Unknown,744,2,0.9769,0.9996,05_combat,prediction_best
B_extended_bad__knn__05_combat__post0,2class,GPL570_Unknown_Unknown,384,2,0.8785,0.9902,05_combat,prediction_best
B_extended_bad__knn__05_combat__post0,2class,GPL96+97_FF_Unknown,269,2,0.9293,0.9866,05_combat,prediction_best
B_extended_bad__knn__05_combat__post0,2class,GPL96_FFPE_Unknown,84,2,0.6267,0.8125,05_combat,prediction_best
B_extended_bad__knn__05_combat__post0,2class,GPL96_FF_Unknown,125,2,0.9589,0.9958,05_combat,prediction_best
B_extended_bad__knn__05_combat__post0,2class,RNASeq_FFPE_Exome_capture,891,2,0.9754,0.9992,05_combat,prediction_best
B_extended_bad__knn__05_combat__post0,2class,RNASeq_FFPE_PolyA,35,2,0.9528,0.9828,05_combat,prediction_best
B_extended_bad__knn__05_combat__post0,2class,RNASeq_FF_PolyA,914,2,0.5648,0.7717,05_combat,prediction_best
B_extended_bad__knn__05_combat__post0,2class,RNASeq_FF_Total,28,2,1.0,1.0,05_combat,prediction_best
B_extended_bad__knn__05_combat__post0,2class,RNASeq_FF_rRNADepletion,14,1,0.9231,,05_combat,prediction_best
B_extended_bad__knn__05_combat__post0,3class,GPL13158_FF_Unknown,40,1,1.0,,05_combat,prediction_best
B_extended_bad__knn__05_combat__post0,3class,GPL16686_FF_Unknown,48,1,1.0,,05_combat,prediction_best
B_extended_bad__knn__05_combat__post0,3class,GPL17077_FF_Unknown,33,1,1.0,,05_combat,prediction_best
B_extended_bad__knn__05_combat__post0,3class,GPL1708_FF_Unknown,40,1,0.961,,05_combat,prediction_best
B_extended_bad__knn__05_combat__post0,3class,GPL570_FFPE_Unknown,800,1,1.0,,05_combat,prediction_best
B_extended_bad__knn__05_combat__post0,3class,GPL570_FF_Unknown,994,3,0.9807,0.9998,05_combat,prediction_best
B_extended_bad__knn__05_combat__post0,3class,GPL570_Unknown_Unknown,384,2,0.8944,0.99,05_combat,prediction_best
B_extended_bad__knn__05_combat__post0,3class,GPL96+97_FF_Unknown,305,3,0.9474,0.9907,05_combat,prediction_best
B_extended_bad__knn__05_combat__post0,3class,GPL96_FFPE_Unknown,84,2,0.6143,0.8333,05_combat,prediction_best
B_extended_bad__knn__05_combat__post0,3class,GPL96_FF_Unknown,133,3,0.9726,0.9971,05_combat,prediction_best
B_extended_bad__knn__05_combat__post0,3class,RNASeq_FFPE_Exome_capture,891,2,0.726,0.9918,05_combat,prediction_best
B_extended_bad__knn__05_combat__post0,3class,RNASeq_FFPE_PolyA,35,2,0.9528,0.9828,05_combat,prediction_best
B_extended_bad__knn__05_combat__post0,3class,RNASeq_FF_PolyA,1039,3,0.6272,0.8993,05_combat,prediction_best
B_extended_bad__knn__05_combat__post0,3class,RNASeq_FF_Total,32,3,0.8599,0.9886,05_combat,prediction_best
B_extended_bad__knn__05_combat__post0,3class,RNASeq_FF_Unknown,79,1,0.9936,,05_combat,prediction_best
B_extended_bad__knn__05_combat__post0,3class,RNASeq_FF_rRNADepletion,117,2,0.7571,0.9229,05_combat,prediction_best
B_extended_bad__knn__05_combat__post1,2class,GPL570_FFPE_Unknown,800,1,1.0,,05_combat,prediction_best
B_extended_bad__knn__05_combat__post1,2class,GPL570_FF_Unknown,744,2,0.9711,0.9995,05_combat,prediction_best
B_extended_bad__knn__05_combat__post1,2class,GPL570_Unknown_Unknown,384,2,0.9142,0.9893,05_combat,prediction_best
B_extended_bad__knn__05_combat__post1,2class,GPL96+97_FF_Unknown,269,2,0.9252,0.9815,05_combat,prediction_best
B_extended_bad__knn__05_combat__post1,2class,GPL96_FFPE_Unknown,84,2,0.6143,0.8183,05_combat,prediction_best
B_extended_bad__knn__05_combat__post1,2class,GPL96_FF_Unknown,125,2,0.9672,0.9976,05_combat,prediction_best
B_extended_bad__knn__05_combat__post1,2class,RNASeq_FFPE_Exome_capture,891,2,0.9938,0.9999,05_combat,prediction_best
B_extended_bad__knn__05_combat__post1,2class,RNASeq_FFPE_PolyA,35,2,0.9528,0.9828,05_combat,prediction_best
B_extended_bad__knn__05_combat__post1,2class,RNASeq_FF_PolyA,914,2,0.6093,0.8773,05_combat,prediction_best
B_extended_bad__knn__05_combat__post1,2class,RNASeq_FF_Total,28,2,1.0,1.0,05_combat,prediction_best
B_extended_bad__knn__05_combat__post1,2class,RNASeq_FF_rRNADepletion,14,1,0.963,,05_combat,prediction_best
B_extended_bad__knn__05_combat__post1,3class,GPL13158_FF_Unknown,40,1,1.0,,05_combat,prediction_best
B_extended_bad__knn__05_combat__post1,3class,GPL16686_FF_Unknown,48,1,1.0,,05_combat,prediction_best
B_extended_bad__knn__05_combat__post1,3class,GPL17077_FF_Unknown,33,1,1.0,,05_combat,prediction_best
B_extended_bad__knn__05_combat__post1,3class,GPL570_FFPE_Unknown,800,1,1.0,,05_combat,prediction_best
B_extended_bad__knn__05_combat__post1,3class,GPL570_FF_Unknown,994,3,0.9768,0.9998,05_combat,prediction_best
B_extended_bad__knn__05_combat__post1,3class,GPL570_Unknown_Unknown,384,2,0.9341,0.9893,05_combat,prediction_best
B_extended_bad__knn__05_combat__post1,3class,GPL96+97_FF_Unknown,305,3,0.9334,0.9876,05_combat,prediction_best
B_extended_bad__knn__05_combat__post1,3class,GPL96_FFPE_Unknown,84,2,0.6143,0.8322,05_combat,prediction_best
B_extended_bad__knn__05_combat__post1,3class,GPL96_FF_Unknown,133,3,0.9782,0.9981,05_combat,prediction_best
B_extended_bad__knn__05_combat__post1,3class,RNASeq_FFPE_Exome_capture,891,2,0.7872,0.9922,05_combat,prediction_best
B_extended_bad__knn__05_combat__post1,3class,RNASeq_FFPE_PolyA,35,2,0.9528,0.9828,05_combat,prediction_best
B_extended_bad__knn__05_combat__post1,3class,RNASeq_FF_PolyA,1039,3,0.6611,0.9324,05_combat,prediction_best
B_extended_bad__knn__05_combat__post1,3class,RNASeq_FF_Total,32,3,0.8599,0.9924,05_combat,prediction_best
B_extended_bad__knn__05_combat__post1,3class,RNASeq_FF_Unknown,79,1,0.9936,,05_combat,prediction_best
B_extended_bad__knn__05_combat__post1,3class,RNASeq_FF_rRNADepletion,117,2,0.7482,0.9215,05_combat,prediction_best
B_extended_bad__softimpute__05_combat__post1,2class,GPL1708_FF_Unknown,40,1,0.9744,,05_combat,prediction_best
B_extended_bad__softimpute__05_combat__post1,2class,GPL570_FFPE_Unknown,800,1,1.0,,05_combat,prediction_best
B_extended_bad__softimpute__05_combat__post1,2class,GPL570_FF_Unknown,744,2,0.9488,0.9992,05_combat,prediction_best
B_extended_bad__softimpute__05_combat__post1,2class,GPL570_Unknown_Unknown,384,2,0.9798,0.9849,05_combat,prediction_best
B_extended_bad__softimpute__05_combat__post1,2class,GPL96+97_FF_Unknown,269,2,0.8246,0.9425,05_combat,prediction_best
B_extended_bad__softimpute__05_combat__post1,2class,GPL96_FFPE_Unknown,84,2,0.4581,0.4838,05_combat,prediction_best
B_extended_bad__softimpute__05_combat__post1,2class,GPL96_FF_Unknown,125,2,0.9837,1.0,05_combat,prediction_best
B_extended_bad__softimpute__05_combat__post1,2class,RNASeq_FFPE_Exome_capture,891,2,0.9766,0.9975,05_combat,prediction_best
B_extended_bad__softimpute__05_combat__post1,2class,RNASeq_FFPE_PolyA,35,2,0.7989,0.9368,05_combat,prediction_best
B_extended_bad__softimpute__05_combat__post1,2class,RNASeq_FF_PolyA,914,2,0.5859,0.8636,05_combat,prediction_best
B_extended_bad__softimpute__05_combat__post1,2class,RNASeq_FF_Total,28,2,1.0,1.0,05_combat,prediction_best
B_extended_bad__softimpute__05_combat__post1,2class,RNASeq_FF_rRNADepletion,14,1,1.0,,05_combat,prediction_best
B_extended_bad__softimpute__05_combat__post1,3class,GPL13158_FF_Unknown,40,1,1.0,,05_combat,prediction_best
B_extended_bad__softimpute__05_combat__post1,3class,GPL17077_FF_Unknown,33,1,1.0,,05_combat,prediction_best
B_extended_bad__softimpute__05_combat__post1,3class,GPL1708_FF_Unknown,40,1,0.9744,,05_combat,prediction_best
B_extended_bad__softimpute__05_combat__post1,3class,GPL570_FFPE_Unknown,800,1,1.0,,05_combat,prediction_best
B_extended_bad__softimpute__05_combat__post1,3class,GPL570_FF_Unknown,994,3,0.9658,0.9997,05_combat,prediction_best
B_extended_bad__softimpute__05_combat__post1,3class,GPL570_Unknown_Unknown,384,2,0.9798,0.9849,05_combat,prediction_best
B_extended_bad__softimpute__05_combat__post1,3class,GPL96+97_FF_Unknown,305,3,0.8557,0.9628,05_combat,prediction_best
B_extended_bad__softimpute__05_combat__post1,3class,GPL96_FFPE_Unknown,84,2,0.4581,0.4884,05_combat,prediction_best
B_extended_bad__softimpute__05_combat__post1,3class,GPL96_FF_Unknown,133,3,0.9891,1.0,05_combat,prediction_best
B_extended_bad__softimpute__05_combat__post1,3class,RNASeq_FFPE_Exome_capture,891,2,0.9806,0.9977,05_combat,prediction_best
B_extended_bad__softimpute__05_combat__post1,3class,RNASeq_FFPE_PolyA,35,2,0.7989,0.9368,05_combat,prediction_best
B_extended_bad__softimpute__05_combat__post1,3class,RNASeq_FF_PolyA,1039,3,0.6417,0.9424,05_combat,prediction_best
B_extended_bad__softimpute__05_combat__post1,3class,RNASeq_FF_Total,32,3,0.6002,0.9886,05_combat,prediction_best
B_extended_bad__softimpute__05_combat__post1,3class,RNASeq_FF_Unknown,79,1,1.0,,05_combat,prediction_best
B_extended_bad__softimpute__05_combat__post1,3class,RNASeq_FF_rRNADepletion,117,2,0.9047,0.9949,05_combat,prediction_best
B_extended_bad__strict__05_combat__post0,2class,GPL1708_FF_Unknown,40,1,0.9873,,05_combat,prediction_best
B_extended_bad__strict__05_combat__post0,2class,GPL570_FFPE_Unknown,800,1,0.9994,,05_combat,prediction_best
B_extended_bad__strict__05_combat__post0,2class,GPL570_FF_Unknown,744,2,0.9856,0.9996,05_combat,prediction_best
B_extended_bad__strict__05_combat__post0,2class,GPL570_Unknown_Unknown,384,2,0.972,0.9927,05_combat,prediction_best
B_extended_bad__strict__05_combat__post0,2class,GPL96+97_FF_Unknown,269,2,0.8578,0.9621,05_combat,prediction_best
B_extended_bad__strict__05_combat__post0,2class,GPL96_FFPE_Unknown,84,2,0.5855,0.8565,05_combat,prediction_best
B_extended_bad__strict__05_combat__post0,2class,GPL96_FF_Unknown,125,2,0.9026,0.9693,05_combat,prediction_best
B_extended_bad__strict__05_combat__post0,2class,RNASeq_FFPE_Exome_capture,891,2,0.9778,0.9991,05_combat,prediction_best
B_extended_bad__strict__05_combat__post0,2class,RNASeq_FFPE_PolyA,35,2,0.8382,0.977,05_combat,prediction_best
B_extended_bad__strict__05_combat__post0,2class,RNASeq_FF_PolyA,914,2,0.5804,0.7481,05_combat,prediction_best
B_extended_bad__strict__05_combat__post0,2class,RNASeq_FF_Total,28,2,0.9184,1.0,05_combat,prediction_best
B_extended_bad__strict__05_combat__post0,2class,RNASeq_FF_rRNADepletion,14,1,0.8333,,05_combat,prediction_best
B_extended_bad__strict__05_combat__post0,3class,GPL13158_FF_Unknown,40,1,1.0,,05_combat,prediction_best
B_extended_bad__strict__05_combat__post0,3class,GPL16686_FF_Unknown,48,1,1.0,,05_combat,prediction_best
B_extended_bad__strict__05_combat__post0,3class,GPL17077_FF_Unknown,33,1,1.0,,05_combat,prediction_best
B_extended_bad__strict__05_combat__post0,3class,GPL1708_FF_Unknown,40,1,0.9873,,05_combat,prediction_best
B_extended_bad__strict__05_combat__post0,3class,GPL570_FFPE_Unknown,800,1,0.9994,,05_combat,prediction_best
B_extended_bad__strict__05_combat__post0,3class,GPL570_FF_Unknown,994,3,0.9884,0.9998,05_combat,prediction_best
B_extended_bad__strict__05_combat__post0,3class,GPL570_Unknown_Unknown,384,2,0.9711,0.9932,05_combat,prediction_best
B_extended_bad__strict__05_combat__post0,3class,GPL96+97_FF_Unknown,305,3,0.8501,0.9651,05_combat,prediction_best
B_extended_bad__strict__05_combat__post0,3class,GPL96_FFPE_Unknown,84,2,0.64,0.8709,05_combat,prediction_best
B_extended_bad__strict__05_combat__post0,3class,GPL96_FF_Unknown,133,3,0.9107,0.978,05_combat,prediction_best
B_extended_bad__strict__05_combat__post0,3class,RNASeq_FFPE_Exome_capture,891,2,0.9802,0.9991,05_combat,prediction_best
B_extended_bad__strict__05_combat__post0,3class,RNASeq_FFPE_PolyA,35,2,0.8382,0.977,05_combat,prediction_best
B_extended_bad__strict__05_combat__post0,3class,RNASeq_FF_PolyA,1039,3,0.6398,0.9092,05_combat,prediction_best
B_extended_bad__strict__05_combat__post0,3class,RNASeq_FF_Total,32,3,0.9015,0.9981,05_combat,prediction_best
B_extended_bad__strict__05_combat__post0,3class,RNASeq_FF_Unknown,79,1,1.0,,05_combat,prediction_best
B_extended_bad__strict__05_combat__post0,3class,RNASeq_FF_rRNADepletion,117,2,0.7559,0.9458,05_combat,prediction_best
B_extended_bad__strict__05_combat__post1,2class,GPL570_FFPE_Unknown,800,1,0.9994,,05_combat,prediction_best
B_extended_bad__strict__05_combat__post1,2class,GPL570_FF_Unknown,744,2,0.9857,0.9996,05_combat,prediction_best
B_extended_bad__strict__05_combat__post1,2class,GPL570_Unknown_Unknown,384,2,0.972,0.9925,05_combat,prediction_best
B_extended_bad__strict__05_combat__post1,2class,GPL96+97_FF_Unknown,269,2,0.8578,0.9554,05_combat,prediction_best
B_extended_bad__strict__05_combat__post1,2class,GPL96_FFPE_Unknown,84,2,0.5855,0.8542,05_combat,prediction_best
B_extended_bad__strict__05_combat__post1,2class,GPL96_FF_Unknown,125,2,0.9026,0.9717,05_combat,prediction_best
B_extended_bad__strict__05_combat__post1,2class,RNASeq_FFPE_Exome_capture,891,2,0.9778,0.9992,05_combat,prediction_best
B_extended_bad__strict__05_combat__post1,2class,RNASeq_FFPE_PolyA,35,2,0.8382,0.977,05_combat,prediction_best
B_extended_bad__strict__05_combat__post1,2class,RNASeq_FF_PolyA,914,2,0.575,0.7553,05_combat,prediction_best
B_extended_bad__strict__05_combat__post1,2class,RNASeq_FF_Total,28,2,0.9184,1.0,05_combat,prediction_best
B_extended_bad__strict__05_combat__post1,2class,RNASeq_FF_rRNADepletion,14,1,0.8333,,05_combat,prediction_best
B_extended_bad__strict__05_combat__post1,3class,GPL13158_FF_Unknown,40,1,1.0,,05_combat,prediction_best
B_extended_bad__strict__05_combat__post1,3class,GPL16686_FF_Unknown,48,1,1.0,,05_combat,prediction_best
B_extended_bad__strict__05_combat__post1,3class,GPL17077_FF_Unknown,33,1,1.0,,05_combat,prediction_best
B_extended_bad__strict__05_combat__post1,3class,GPL570_FFPE_Unknown,800,1,0.9994,,05_combat,prediction_best
B_extended_bad__strict__05_combat__post1,3class,GPL570_FF_Unknown,994,3,0.9894,0.9998,05_combat,prediction_best
B_extended_bad__strict__05_combat__post1,3class,GPL570_Unknown_Unknown,384,2,0.9711,0.9931,05_combat,prediction_best
B_extended_bad__strict__05_combat__post1,3class,GPL96+97_FF_Unknown,305,3,0.8334,0.9619,05_combat,prediction_best
B_extended_bad__strict__05_combat__post1,3class,GPL96_FFPE_Unknown,84,2,0.6889,0.8652,05_combat,prediction_best
B_extended_bad__strict__05_combat__post1,3class,GPL96_FF_Unknown,133,3,0.9107,0.979,05_combat,prediction_best
B_extended_bad__strict__05_combat__post1,3class,RNASeq_FFPE_Exome_capture,891,2,0.9777,0.9992,05_combat,prediction_best
B_extended_bad__strict__05_combat__post1,3class,RNASeq_FFPE_PolyA,35,2,0.8382,0.977,05_combat,prediction_best
B_extended_bad__strict__05_combat__post1,3class,RNASeq_FF_PolyA,1039,3,0.6683,0.9117,05_combat,prediction_best
B_extended_bad__strict__05_combat__post1,3class,RNASeq_FF_Total,32,3,0.9015,0.9981,05_combat,prediction_best
B_extended_bad__strict__05_combat__post1,3class,RNASeq_FF_Unknown,79,1,1.0,,05_combat,prediction_best
B_extended_bad__strict__05_combat__post1,3class,RNASeq_FF_rRNADepletion,117,2,0.7453,0.9458,05_combat,prediction_best
C_rnaseq_only__softimpute__05_combat__post1,2class,RNASeq_FFPE_Exome_capture,891,2,0.9546,0.9864,05_combat,prediction_best
C_rnaseq_only__softimpute__05_combat__post1,2class,RNASeq_FFPE_PolyA,35,2,0.8087,0.9483,05_combat,prediction_best
C_rnaseq_only__softimpute__05_combat__post1,2class,RNASeq_FF_PolyA,914,2,0.49,0.8646,05_combat,prediction_best
C_rnaseq_only__softimpute__05_combat__post1,2class,RNASeq_FF_Total,28,2,1.0,1.0,05_combat,prediction_best
C_rnaseq_only__softimpute__05_combat__post1,3class,RNASeq_FFPE_Exome_capture,891,2,0.9497,0.982,05_combat,prediction_best
C_rnaseq_only__softimpute__05_combat__post1,3class,RNASeq_FFPE_PolyA,35,2,0.8087,0.9454,05_combat,prediction_best
C_rnaseq_only__softimpute__05_combat__post1,3class,RNASeq_FF_PolyA,1039,3,0.6378,0.9554,05_combat,prediction_best
C_rnaseq_only__softimpute__05_combat__post1,3class,RNASeq_FF_Total,32,3,1.0,1.0,05_combat,prediction_best
C_rnaseq_only__softimpute__05_combat__post1,3class,RNASeq_FF_Unknown,79,1,0.9252,,05_combat,prediction_best
C_rnaseq_only__strict__05_combat__post1,2class,RNASeq_FFPE_Exome_capture,891,2,0.9716,0.9894,05_combat,prediction_best
C_rnaseq_only__strict__05_combat__post1,2class,RNASeq_FFPE_PolyA,35,2,0.8087,0.9195,05_combat,prediction_best
C_rnaseq_only__strict__05_combat__post1,2class,RNASeq_FF_PolyA,914,2,0.5163,0.9052,05_combat,prediction_best
C_rnaseq_only__strict__05_combat__post1,2class,RNASeq_FF_Total,28,2,0.9184,1.0,05_combat,prediction_best
C_rnaseq_only__strict__05_combat__post1,2class,RNASeq_FF_rRNADepletion,14,1,0.9231,,05_combat,prediction_best
C_rnaseq_only__strict__05_combat__post1,3class,RNASeq_FFPE_Exome_capture,891,2,0.9734,0.994,05_combat,prediction_best
C_rnaseq_only__strict__05_combat__post1,3class,RNASeq_FFPE_PolyA,35,2,0.8,0.9138,05_combat,prediction_best
C_rnaseq_only__strict__05_combat__post1,3class,RNASeq_FF_PolyA,1039,3,0.6373,0.9702,05_combat,prediction_best
C_rnaseq_only__strict__05_combat__post1,3class,RNASeq_FF_Total,32,3,0.9562,0.9943,05_combat,prediction_best
C_rnaseq_only__strict__05_combat__post1,3class,RNASeq_FF_rRNADepletion,117,2,0.6717,0.9308,05_combat,prediction_best
C_rnaseq_only__strict__10_mnn__post1,2class,RNASeq_FFPE_Exome_capture,891,2,0.9147,0.9884,10_mnn,prediction_best
C_rnaseq_only__strict__10_mnn__post1,2class,RNASeq_FFPE_PolyA,35,2,0.8087,0.931,10_mnn,prediction_best
C_rnaseq_only__strict__10_mnn__post1,2class,RNASeq_FF_PolyA,914,2,0.5836,0.9391,10_mnn,prediction_best
C_rnaseq_only__strict__10_mnn__post1,2class,RNASeq_FF_Total,28,2,0.8014,1.0,10_mnn,prediction_best
C_rnaseq_only__strict__10_mnn__post1,2class,RNASeq_FF_rRNADepletion,14,1,0.88,,10_mnn,prediction_best
C_rnaseq_only__strict__10_mnn__post1,3class,RNASeq_FFPE_Exome_capture,891,2,0.9361,0.9919,10_mnn,prediction_best
C_rnaseq_only__strict__10_mnn__post1,3class,RNASeq_FFPE_PolyA,35,2,0.8087,0.9339,10_mnn,prediction_best
C_rnaseq_only__strict__10_mnn__post1,3class,RNASeq_FF_PolyA,1039,3,0.7173,0.9852,10_mnn,prediction_best
C_rnaseq_only__strict__10_mnn__post1,3class,RNASeq_FF_Total,32,3,0.8676,1.0,10_mnn,prediction_best
C_rnaseq_only__strict__10_mnn__post1,3class,RNASeq_FF_rRNADepletion,117,2,0.6602,0.7921,10_mnn,prediction_best
C_rnaseq_only__strict__25_angel__post1,2class,RNASeq_FFPE_Exome_capture,891,2,0.9416,0.9815,25_angel,prediction_best
C_rnaseq_only__strict__25_angel__post1,2class,RNASeq_FFPE_PolyA,35,2,0.7667,0.9195,25_angel,prediction_best
C_rnaseq_only__strict__25_angel__post1,2class,RNASeq_FF_PolyA,914,2,0.7587,0.9923,25_angel,prediction_best
C_rnaseq_only__strict__25_angel__post1,2class,RNASeq_FF_Total,28,2,0.8014,1.0,25_angel,prediction_best
C_rnaseq_only__strict__25_angel__post1,3class,RNASeq_FFPE_Exome_capture,891,2,0.8138,0.9328,25_angel,prediction_best
C_rnaseq_only__strict__25_angel__post1,3class,RNASeq_FFPE_PolyA,35,2,0.7667,0.9195,25_angel,prediction_best
C_rnaseq_only__strict__25_angel__post1,3class,RNASeq_FF_PolyA,1039,3,0.8123,0.9946,25_angel,prediction_best
C_rnaseq_only__strict__25_angel__post1,3class,RNASeq_FF_Total,32,3,0.8325,1.0,25_angel,prediction_best
C_rnaseq_only__strict__25_angel__post1,3class,RNASeq_FF_Unknown,79,1,0.9324,,25_angel,prediction_best
D_malignant_only__knn__06_combat_seq__post0,2class,GPL13938_FFPE_Unknown,167,1,1.0,,06_combat_seq,prediction_best
D_malignant_only__knn__06_combat_seq__post0,2class,GPL14951_FFPE_Unknown,810,1,1.0,,06_combat_seq,prediction_best
D_malignant_only__knn__06_combat_seq__post0,2class,GPL1708_FF_Unknown,40,1,1.0,,06_combat_seq,prediction_best
D_malignant_only__knn__06_combat_seq__post0,2class,GPL17586_FF_Unknown,40,1,1.0,,06_combat_seq,prediction_best
D_malignant_only__knn__06_combat_seq__post0,2class,GPL570_FFPE_Unknown,800,1,0.9994,,06_combat_seq,prediction_best
D_malignant_only__knn__06_combat_seq__post0,2class,GPL570_FF_Unknown,744,2,0.9565,0.9986,06_combat_seq,prediction_best
D_malignant_only__knn__06_combat_seq__post0,2class,GPL570_Unknown_Unknown,908,2,0.5638,0.7918,06_combat_seq,prediction_best
D_malignant_only__knn__06_combat_seq__post0,2class,GPL6244_FF_Unknown,119,1,1.0,,06_combat_seq,prediction_best
D_malignant_only__knn__06_combat_seq__post0,2class,GPL8432_FFPE_Unknown,130,1,1.0,,06_combat_seq,prediction_best
D_malignant_only__knn__06_combat_seq__post0,2class,GPL887_FFPE_Unknown,24,1,1.0,,06_combat_seq,prediction_best
D_malignant_only__knn__06_combat_seq__post0,2class,GPL96+97_FF_Unknown,269,2,0.9778,0.9999,06_combat_seq,prediction_best
D_malignant_only__knn__06_combat_seq__post0,2class,GPL96_FFPE_Unknown,84,2,0.5242,0.7755,06_combat_seq,prediction_best
D_malignant_only__knn__06_combat_seq__post0,2class,GPL96_FF_Unknown,125,2,0.9836,0.9995,06_combat_seq,prediction_best
D_malignant_only__knn__06_combat_seq__post0,2class,RNASeq_FFPE_Exome_capture,891,2,0.9839,0.9994,06_combat_seq,prediction_best
D_malignant_only__knn__06_combat_seq__post0,2class,RNASeq_FFPE_PolyA,35,2,0.7667,0.9253,06_combat_seq,prediction_best
D_malignant_only__knn__06_combat_seq__post0,2class,RNASeq_FF_PolyA,914,2,0.6607,0.9797,06_combat_seq,prediction_best
D_malignant_only__knn__06_combat_seq__post0,2class,RNASeq_FF_Total,28,2,0.8542,1.0,06_combat_seq,prediction_best
D_malignant_only__knn__06_combat_seq__post0,2class,RNASeq_FF_rRNADepletion,14,1,0.8333,,06_combat_seq,prediction_best
D_malignant_only__knn__06_combat_seq__post0,3class,GPL13938_FFPE_Unknown,167,1,1.0,,06_combat_seq,prediction_best
D_malignant_only__knn__06_combat_seq__post0,3class,GPL14951_FFPE_Unknown,810,1,1.0,,06_combat_seq,prediction_best
D_malignant_only__knn__06_combat_seq__post0,3class,GPL1708_FF_Unknown,40,1,1.0,,06_combat_seq,prediction_best
D_malignant_only__knn__06_combat_seq__post0,3class,GPL17586_FF_Unknown,40,1,1.0,,06_combat_seq,prediction_best
D_malignant_only__knn__06_combat_seq__post0,3class,GPL570_FFPE_Unknown,800,1,1.0,,06_combat_seq,prediction_best
D_malignant_only__knn__06_combat_seq__post0,3class,GPL570_FF_Unknown,744,2,0.9634,0.9955,06_combat_seq,prediction_best
D_malignant_only__knn__06_combat_seq__post0,3class,GPL570_Unknown_Unknown,908,2,0.3507,0.7918,06_combat_seq,prediction_best
D_malignant_only__knn__06_combat_seq__post0,3class,GPL6244_FF_Unknown,119,1,1.0,,06_combat_seq,prediction_best
D_malignant_only__knn__06_combat_seq__post0,3class,GPL8432_FFPE_Unknown,130,1,1.0,,06_combat_seq,prediction_best
D_malignant_only__knn__06_combat_seq__post0,3class,GPL887_FFPE_Unknown,24,1,1.0,,06_combat_seq,prediction_best
D_malignant_only__knn__06_combat_seq__post0,3class,GPL96+97_FF_Unknown,269,2,0.9778,0.9998,06_combat_seq,prediction_best
D_malignant_only__knn__06_combat_seq__post0,3class,GPL96_FFPE_Unknown,84,2,0.5242,0.7789,06_combat_seq,prediction_best
D_malignant_only__knn__06_combat_seq__post0,3class,GPL96_FF_Unknown,125,2,0.9918,1.0,06_combat_seq,prediction_best
D_malignant_only__knn__06_combat_seq__post0,3class,RNASeq_FFPE_Exome_capture,891,2,0.6906,0.9871,06_combat_seq,prediction_best
D_malignant_only__knn__06_combat_seq__post0,3class,RNASeq_FFPE_PolyA,35,2,0.7576,0.9109,06_combat_seq,prediction_best
D_malignant_only__knn__06_combat_seq__post0,3class,RNASeq_FF_PolyA,914,2,0.7018,0.9739,06_combat_seq,prediction_best
D_malignant_only__knn__06_combat_seq__post0,3class,RNASeq_FF_Total,28,2,0.9077,0.98,06_combat_seq,prediction_best
D_malignant_only__knn__06_combat_seq__post0,3class,RNASeq_FF_rRNADepletion,24,2,0.3103,0.6357,06_combat_seq,prediction_best
D_malignant_only__knn__08_inmoose_combatseq__post0,2class,GPL13938_FFPE_Unknown,167,1,1.0,,08_inmoose_combatseq,prediction_best
D_malignant_only__knn__08_inmoose_combatseq__post0,2class,GPL14951_FFPE_Unknown,810,1,1.0,,08_inmoose_combatseq,prediction_best
D_malignant_only__knn__08_inmoose_combatseq__post0,2class,GPL1708_FF_Unknown,40,1,1.0,,08_inmoose_combatseq,prediction_best
D_malignant_only__knn__08_inmoose_combatseq__post0,2class,GPL17586_FF_Unknown,40,1,1.0,,08_inmoose_combatseq,prediction_best
D_malignant_only__knn__08_inmoose_combatseq__post0,2class,GPL570_FFPE_Unknown,800,1,0.9994,,08_inmoose_combatseq,prediction_best
D_malignant_only__knn__08_inmoose_combatseq__post0,2class,GPL570_FF_Unknown,744,2,0.9565,0.9986,08_inmoose_combatseq,prediction_best
D_malignant_only__knn__08_inmoose_combatseq__post0,2class,GPL570_Unknown_Unknown,908,2,0.5638,0.7919,08_inmoose_combatseq,prediction_best
D_malignant_only__knn__08_inmoose_combatseq__post0,2class,GPL6244_FF_Unknown,119,1,1.0,,08_inmoose_combatseq,prediction_best
D_malignant_only__knn__08_inmoose_combatseq__post0,2class,GPL8432_FFPE_Unknown,130,1,1.0,,08_inmoose_combatseq,prediction_best
D_malignant_only__knn__08_inmoose_combatseq__post0,2class,GPL887_FFPE_Unknown,24,1,1.0,,08_inmoose_combatseq,prediction_best
D_malignant_only__knn__08_inmoose_combatseq__post0,2class,GPL96+97_FF_Unknown,269,2,0.9778,0.9999,08_inmoose_combatseq,prediction_best
D_malignant_only__knn__08_inmoose_combatseq__post0,2class,GPL96_FFPE_Unknown,84,2,0.5242,0.7755,08_inmoose_combatseq,prediction_best
D_malignant_only__knn__08_inmoose_combatseq__post0,2class,GPL96_FF_Unknown,125,2,0.9836,0.9995,08_inmoose_combatseq,prediction_best
D_malignant_only__knn__08_inmoose_combatseq__post0,2class,RNASeq_FFPE_Exome_capture,891,2,0.9839,0.9995,08_inmoose_combatseq,prediction_best
D_malignant_only__knn__08_inmoose_combatseq__post0,2class,RNASeq_FFPE_PolyA,35,2,0.7667,0.9253,08_inmoose_combatseq,prediction_best
D_malignant_only__knn__08_inmoose_combatseq__post0,2class,RNASeq_FF_PolyA,914,2,0.6607,0.9797,08_inmoose_combatseq,prediction_best
D_malignant_only__knn__08_inmoose_combatseq__post0,2class,RNASeq_FF_Total,28,2,0.8542,1.0,08_inmoose_combatseq,prediction_best
D_malignant_only__knn__08_inmoose_combatseq__post0,2class,RNASeq_FF_rRNADepletion,14,1,0.8333,,08_inmoose_combatseq,prediction_best
D_malignant_only__knn__08_inmoose_combatseq__post0,3class,GPL13938_FFPE_Unknown,167,1,1.0,,08_inmoose_combatseq,prediction_best
D_malignant_only__knn__08_inmoose_combatseq__post0,3class,GPL14951_FFPE_Unknown,810,1,1.0,,08_inmoose_combatseq,prediction_best
D_malignant_only__knn__08_inmoose_combatseq__post0,3class,GPL1708_FF_Unknown,40,1,1.0,,08_inmoose_combatseq,prediction_best
D_malignant_only__knn__08_inmoose_combatseq__post0,3class,GPL17586_FF_Unknown,40,1,1.0,,08_inmoose_combatseq,prediction_best
D_malignant_only__knn__08_inmoose_combatseq__post0,3class,GPL570_FFPE_Unknown,800,1,1.0,,08_inmoose_combatseq,prediction_best
D_malignant_only__knn__08_inmoose_combatseq__post0,3class,GPL570_FF_Unknown,744,2,0.9634,0.9954,08_inmoose_combatseq,prediction_best
D_malignant_only__knn__08_inmoose_combatseq__post0,3class,GPL570_Unknown_Unknown,908,2,0.3715,0.7948,08_inmoose_combatseq,prediction_best
D_malignant_only__knn__08_inmoose_combatseq__post0,3class,GPL6244_FF_Unknown,119,1,1.0,,08_inmoose_combatseq,prediction_best
D_malignant_only__knn__08_inmoose_combatseq__post0,3class,GPL8432_FFPE_Unknown,130,1,1.0,,08_inmoose_combatseq,prediction_best
D_malignant_only__knn__08_inmoose_combatseq__post0,3class,GPL887_FFPE_Unknown,24,1,1.0,,08_inmoose_combatseq,prediction_best
D_malignant_only__knn__08_inmoose_combatseq__post0,3class,GPL96+97_FF_Unknown,269,2,0.9778,0.9997,08_inmoose_combatseq,prediction_best
D_malignant_only__knn__08_inmoose_combatseq__post0,3class,GPL96_FFPE_Unknown,84,2,0.5242,0.7778,08_inmoose_combatseq,prediction_best
D_malignant_only__knn__08_inmoose_combatseq__post0,3class,GPL96_FF_Unknown,125,2,0.9918,0.9997,08_inmoose_combatseq,prediction_best
D_malignant_only__knn__08_inmoose_combatseq__post0,3class,RNASeq_FFPE_Exome_capture,891,2,0.6318,0.9441,08_inmoose_combatseq,prediction_best
D_malignant_only__knn__08_inmoose_combatseq__post0,3class,RNASeq_FFPE_PolyA,35,2,0.7667,0.9138,08_inmoose_combatseq,prediction_best
D_malignant_only__knn__08_inmoose_combatseq__post0,3class,RNASeq_FF_PolyA,914,2,0.6692,0.9735,08_inmoose_combatseq,prediction_best
D_malignant_only__knn__08_inmoose_combatseq__post0,3class,RNASeq_FF_Total,28,2,0.9077,0.9533,08_inmoose_combatseq,prediction_best
D_malignant_only__knn__08_inmoose_combatseq__post0,3class,RNASeq_FF_rRNADepletion,24,2,0.3103,0.6357,08_inmoose_combatseq,prediction_best
D_malignant_only__softimpute__06_combat_seq__post0,2class,GPL13938_FFPE_Unknown,167,1,1.0,,06_combat_seq,prediction_best
D_malignant_only__softimpute__06_combat_seq__post0,2class,GPL14951_FFPE_Unknown,810,1,1.0,,06_combat_seq,prediction_best
D_malignant_only__softimpute__06_combat_seq__post0,2class,GPL1708_FF_Unknown,40,1,1.0,,06_combat_seq,prediction_best
D_malignant_only__softimpute__06_combat_seq__post0,2class,GPL17586_FF_Unknown,40,1,1.0,,06_combat_seq,prediction_best
D_malignant_only__softimpute__06_combat_seq__post0,2class,GPL570_FFPE_Unknown,800,1,1.0,,06_combat_seq,prediction_best
D_malignant_only__softimpute__06_combat_seq__post0,2class,GPL570_FF_Unknown,744,2,0.9475,0.9971,06_combat_seq,prediction_best
D_malignant_only__softimpute__06_combat_seq__post0,2class,GPL570_Unknown_Unknown,908,2,0.6328,0.9092,06_combat_seq,prediction_best
D_malignant_only__softimpute__06_combat_seq__post0,2class,GPL6244_FF_Unknown,119,1,1.0,,06_combat_seq,prediction_best
D_malignant_only__softimpute__06_combat_seq__post0,2class,GPL8432_FFPE_Unknown,130,1,1.0,,06_combat_seq,prediction_best
D_malignant_only__softimpute__06_combat_seq__post0,2class,GPL887_FFPE_Unknown,24,1,1.0,,06_combat_seq,prediction_best
D_malignant_only__softimpute__06_combat_seq__post0,2class,GPL96+97_FF_Unknown,269,2,0.9683,0.9981,06_combat_seq,prediction_best
D_malignant_only__softimpute__06_combat_seq__post0,2class,GPL96_FFPE_Unknown,84,2,0.4615,0.7708,06_combat_seq,prediction_best
D_malignant_only__softimpute__06_combat_seq__post0,2class,GPL96_FF_Unknown,125,2,0.9835,0.999,06_combat_seq,prediction_best
D_malignant_only__softimpute__06_combat_seq__post0,2class,RNASeq_FFPE_Exome_capture,891,2,0.9888,0.9996,06_combat_seq,prediction_best
D_malignant_only__softimpute__06_combat_seq__post0,2class,RNASeq_FFPE_PolyA,35,2,0.7304,0.9195,06_combat_seq,prediction_best
D_malignant_only__softimpute__06_combat_seq__post0,2class,RNASeq_FF_PolyA,914,2,0.673,0.9842,06_combat_seq,prediction_best
D_malignant_only__softimpute__06_combat_seq__post0,2class,RNASeq_FF_Total,28,2,1.0,1.0,06_combat_seq,prediction_best
D_malignant_only__softimpute__06_combat_seq__post0,2class,RNASeq_FF_rRNADepletion,14,1,0.6,,06_combat_seq,prediction_best
D_malignant_only__softimpute__06_combat_seq__post0,3class,GPL13938_FFPE_Unknown,167,1,1.0,,06_combat_seq,prediction_best
D_malignant_only__softimpute__06_combat_seq__post0,3class,GPL14951_FFPE_Unknown,810,1,1.0,,06_combat_seq,prediction_best
D_malignant_only__softimpute__06_combat_seq__post0,3class,GPL1708_FF_Unknown,40,1,1.0,,06_combat_seq,prediction_best
D_malignant_only__softimpute__06_combat_seq__post0,3class,GPL17586_FF_Unknown,40,1,1.0,,06_combat_seq,prediction_best
D_malignant_only__softimpute__06_combat_seq__post0,3class,GPL570_FFPE_Unknown,800,1,1.0,,06_combat_seq,prediction_best
D_malignant_only__softimpute__06_combat_seq__post0,3class,GPL570_FF_Unknown,744,2,0.9505,0.9973,06_combat_seq,prediction_best
D_malignant_only__softimpute__06_combat_seq__post0,3class,GPL570_Unknown_Unknown,908,2,0.5209,0.6239,06_combat_seq,prediction_best
D_malignant_only__softimpute__06_combat_seq__post0,3class,GPL6244_FF_Unknown,119,1,1.0,,06_combat_seq,prediction_best
D_malignant_only__softimpute__06_combat_seq__post0,3class,GPL8432_FFPE_Unknown,130,1,1.0,,06_combat_seq,prediction_best
D_malignant_only__softimpute__06_combat_seq__post0,3class,GPL887_FFPE_Unknown,24,1,1.0,,06_combat_seq,prediction_best
D_malignant_only__softimpute__06_combat_seq__post0,3class,GPL96+97_FF_Unknown,269,2,0.9639,0.9978,06_combat_seq,prediction_best
D_malignant_only__softimpute__06_combat_seq__post0,3class,GPL96_FFPE_Unknown,84,2,0.4615,0.7703,06_combat_seq,prediction_best
D_malignant_only__softimpute__06_combat_seq__post0,3class,GPL96_FF_Unknown,125,2,0.9835,0.999,06_combat_seq,prediction_best
D_malignant_only__softimpute__06_combat_seq__post0,3class,RNASeq_FFPE_Exome_capture,891,2,0.9781,0.999,06_combat_seq,prediction_best
D_malignant_only__softimpute__06_combat_seq__post0,3class,RNASeq_FFPE_PolyA,35,2,0.7304,0.9224,06_combat_seq,prediction_best
D_malignant_only__softimpute__06_combat_seq__post0,3class,RNASeq_FF_PolyA,914,2,0.6658,0.9551,06_combat_seq,prediction_best
D_malignant_only__softimpute__06_combat_seq__post0,3class,RNASeq_FF_Total,28,2,1.0,1.0,06_combat_seq,prediction_best
D_malignant_only__softimpute__06_combat_seq__post0,3class,RNASeq_FF_rRNADepletion,24,2,0.25,0.6429,06_combat_seq,prediction_best
D_malignant_only__softimpute__08_inmoose_combatseq__post0,2class,GPL13938_FFPE_Unknown,167,1,1.0,,08_inmoose_combatseq,prediction_best
D_malignant_only__softimpute__08_inmoose_combatseq__post0,2class,GPL14951_FFPE_Unknown,810,1,1.0,,08_inmoose_combatseq,prediction_best
D_malignant_only__softimpute__08_inmoose_combatseq__post0,2class,GPL1708_FF_Unknown,40,1,1.0,,08_inmoose_combatseq,prediction_best
D_malignant_only__softimpute__08_inmoose_combatseq__post0,2class,GPL17586_FF_Unknown,40,1,1.0,,08_inmoose_combatseq,prediction_best
D_malignant_only__softimpute__08_inmoose_combatseq__post0,2class,GPL570_FFPE_Unknown,800,1,1.0,,08_inmoose_combatseq,prediction_best
D_malignant_only__softimpute__08_inmoose_combatseq__post0,2class,GPL570_FF_Unknown,744,2,0.9475,0.9971,08_inmoose_combatseq,prediction_best
D_malignant_only__softimpute__08_inmoose_combatseq__post0,2class,GPL570_Unknown_Unknown,908,2,0.6328,0.9091,08_inmoose_combatseq,prediction_best
D_malignant_only__softimpute__08_inmoose_combatseq__post0,2class,GPL6244_FF_Unknown,119,1,1.0,,08_inmoose_combatseq,prediction_best
D_malignant_only__softimpute__08_inmoose_combatseq__post0,2class,GPL8432_FFPE_Unknown,130,1,1.0,,08_inmoose_combatseq,prediction_best
D_malignant_only__softimpute__08_inmoose_combatseq__post0,2class,GPL887_FFPE_Unknown,24,1,1.0,,08_inmoose_combatseq,prediction_best
D_malignant_only__softimpute__08_inmoose_combatseq__post0,2class,GPL96+97_FF_Unknown,269,2,0.9683,0.9982,08_inmoose_combatseq,prediction_best
D_malignant_only__softimpute__08_inmoose_combatseq__post0,2class,GPL96_FFPE_Unknown,84,2,0.4615,0.772,08_inmoose_combatseq,prediction_best
D_malignant_only__softimpute__08_inmoose_combatseq__post0,2class,GPL96_FF_Unknown,125,2,0.9835,0.999,08_inmoose_combatseq,prediction_best
D_malignant_only__softimpute__08_inmoose_combatseq__post0,2class,RNASeq_FFPE_Exome_capture,891,2,0.9888,0.9996,08_inmoose_combatseq,prediction_best
D_malignant_only__softimpute__08_inmoose_combatseq__post0,2class,RNASeq_FFPE_PolyA,35,2,0.7304,0.9195,08_inmoose_combatseq,prediction_best
D_malignant_only__softimpute__08_inmoose_combatseq__post0,2class,RNASeq_FF_PolyA,914,2,0.673,0.9842,08_inmoose_combatseq,prediction_best
D_malignant_only__softimpute__08_inmoose_combatseq__post0,2class,RNASeq_FF_Total,28,2,1.0,1.0,08_inmoose_combatseq,prediction_best
D_malignant_only__softimpute__08_inmoose_combatseq__post0,2class,RNASeq_FF_rRNADepletion,14,1,0.6,,08_inmoose_combatseq,prediction_best
D_malignant_only__softimpute__08_inmoose_combatseq__post0,3class,GPL13938_FFPE_Unknown,167,1,1.0,,08_inmoose_combatseq,prediction_best
D_malignant_only__softimpute__08_inmoose_combatseq__post0,3class,GPL14951_FFPE_Unknown,810,1,1.0,,08_inmoose_combatseq,prediction_best
D_malignant_only__softimpute__08_inmoose_combatseq__post0,3class,GPL1708_FF_Unknown,40,1,1.0,,08_inmoose_combatseq,prediction_best
D_malignant_only__softimpute__08_inmoose_combatseq__post0,3class,GPL17586_FF_Unknown,40,1,1.0,,08_inmoose_combatseq,prediction_best
D_malignant_only__softimpute__08_inmoose_combatseq__post0,3class,GPL570_FFPE_Unknown,800,1,1.0,,08_inmoose_combatseq,prediction_best
D_malignant_only__softimpute__08_inmoose_combatseq__post0,3class,GPL570_FF_Unknown,744,2,0.9505,0.9973,08_inmoose_combatseq,prediction_best
D_malignant_only__softimpute__08_inmoose_combatseq__post0,3class,GPL570_Unknown_Unknown,908,2,0.5209,0.6175,08_inmoose_combatseq,prediction_best
D_malignant_only__softimpute__08_inmoose_combatseq__post0,3class,GPL6244_FF_Unknown,119,1,1.0,,08_inmoose_combatseq,prediction_best
D_malignant_only__softimpute__08_inmoose_combatseq__post0,3class,GPL8432_FFPE_Unknown,130,1,1.0,,08_inmoose_combatseq,prediction_best
D_malignant_only__softimpute__08_inmoose_combatseq__post0,3class,GPL887_FFPE_Unknown,24,1,1.0,,08_inmoose_combatseq,prediction_best
D_malignant_only__softimpute__08_inmoose_combatseq__post0,3class,GPL96+97_FF_Unknown,269,2,0.9731,0.9979,08_inmoose_combatseq,prediction_best
D_malignant_only__softimpute__08_inmoose_combatseq__post0,3class,GPL96_FFPE_Unknown,84,2,0.4615,0.7622,08_inmoose_combatseq,prediction_best
D_malignant_only__softimpute__08_inmoose_combatseq__post0,3class,GPL96_FF_Unknown,125,2,0.9835,0.999,08_inmoose_combatseq,prediction_best
D_malignant_only__softimpute__08_inmoose_combatseq__post0,3class,RNASeq_FFPE_Exome_capture,891,2,0.9635,0.9991,08_inmoose_combatseq,prediction_best
D_malignant_only__softimpute__08_inmoose_combatseq__post0,3class,RNASeq_FFPE_PolyA,35,2,0.7304,0.9224,08_inmoose_combatseq,prediction_best
D_malignant_only__softimpute__08_inmoose_combatseq__post0,3class,RNASeq_FF_PolyA,914,2,0.6483,0.9566,08_inmoose_combatseq,prediction_best
D_malignant_only__softimpute__08_inmoose_combatseq__post0,3class,RNASeq_FF_Total,28,2,1.0,1.0,08_inmoose_combatseq,prediction_best
D_malignant_only__softimpute__08_inmoose_combatseq__post0,3class,RNASeq_FF_rRNADepletion,24,2,0.25,0.6429,08_inmoose_combatseq,prediction_best
D_malignant_only__strict__06_combat_seq__post0,2class,GPL13938_FFPE_Unknown,167,1,1.0,,06_combat_seq,prediction_best
D_malignant_only__strict__06_combat_seq__post0,2class,GPL14951_FFPE_Unknown,810,1,1.0,,06_combat_seq,prediction_best
D_malignant_only__strict__06_combat_seq__post0,2class,GPL1708_FF_Unknown,40,1,1.0,,06_combat_seq,prediction_best
D_malignant_only__strict__06_combat_seq__post0,2class,GPL17586_FF_Unknown,40,1,1.0,,06_combat_seq,prediction_best
D_malignant_only__strict__06_combat_seq__post0,2class,GPL570_FFPE_Unknown,800,1,0.9987,,06_combat_seq,prediction_best
D_malignant_only__strict__06_combat_seq__post0,2class,GPL570_FF_Unknown,744,2,0.9697,0.9972,06_combat_seq,prediction_best
D_malignant_only__strict__06_combat_seq__post0,2class,GPL570_Unknown_Unknown,908,2,0.6471,0.8661,06_combat_seq,prediction_best
D_malignant_only__strict__06_combat_seq__post0,2class,GPL6244_FF_Unknown,119,1,1.0,,06_combat_seq,prediction_best
D_malignant_only__strict__06_combat_seq__post0,2class,GPL8432_FFPE_Unknown,130,1,1.0,,06_combat_seq,prediction_best
D_malignant_only__strict__06_combat_seq__post0,2class,GPL887_FFPE_Unknown,24,1,1.0,,06_combat_seq,prediction_best
D_malignant_only__strict__06_combat_seq__post0,2class,GPL96+97_FF_Unknown,269,2,0.9595,0.9958,06_combat_seq,prediction_best
D_malignant_only__strict__06_combat_seq__post0,2class,GPL96_FFPE_Unknown,84,2,0.5164,0.7755,06_combat_seq,prediction_best
D_malignant_only__strict__06_combat_seq__post0,2class,GPL96_FF_Unknown,125,2,0.9419,0.9948,06_combat_seq,prediction_best
D_malignant_only__strict__06_combat_seq__post0,2class,RNASeq_FFPE_Exome_capture,891,2,0.99,0.9996,06_combat_seq,prediction_best
D_malignant_only__strict__06_combat_seq__post0,2class,RNASeq_FFPE_PolyA,35,2,0.8583,0.9368,06_combat_seq,prediction_best
D_malignant_only__strict__06_combat_seq__post0,2class,RNASeq_FF_PolyA,914,2,0.6566,0.9831,06_combat_seq,prediction_best
D_malignant_only__strict__06_combat_seq__post0,2class,RNASeq_FF_Total,28,2,0.8542,0.9867,06_combat_seq,prediction_best
D_malignant_only__strict__06_combat_seq__post0,2class,RNASeq_FF_rRNADepletion,14,1,0.6,,06_combat_seq,prediction_best
D_malignant_only__strict__06_combat_seq__post0,3class,GPL13938_FFPE_Unknown,167,1,1.0,,06_combat_seq,prediction_best
D_malignant_only__strict__06_combat_seq__post0,3class,GPL14951_FFPE_Unknown,810,1,1.0,,06_combat_seq,prediction_best
D_malignant_only__strict__06_combat_seq__post0,3class,GPL1708_FF_Unknown,40,1,1.0,,06_combat_seq,prediction_best
D_malignant_only__strict__06_combat_seq__post0,3class,GPL17586_FF_Unknown,40,1,1.0,,06_combat_seq,prediction_best
D_malignant_only__strict__06_combat_seq__post0,3class,GPL570_FFPE_Unknown,800,1,0.9994,,06_combat_seq,prediction_best
D_malignant_only__strict__06_combat_seq__post0,3class,GPL570_FF_Unknown,744,2,0.9697,0.9972,06_combat_seq,prediction_best
D_malignant_only__strict__06_combat_seq__post0,3class,GPL570_Unknown_Unknown,908,2,0.5286,0.6332,06_combat_seq,prediction_best
D_malignant_only__strict__06_combat_seq__post0,3class,GPL6244_FF_Unknown,119,1,1.0,,06_combat_seq,prediction_best
D_malignant_only__strict__06_combat_seq__post0,3class,GPL8432_FFPE_Unknown,130,1,1.0,,06_combat_seq,prediction_best
D_malignant_only__strict__06_combat_seq__post0,3class,GPL887_FFPE_Unknown,24,1,1.0,,06_combat_seq,prediction_best
D_malignant_only__strict__06_combat_seq__post0,3class,GPL96+97_FF_Unknown,269,2,0.9549,0.995,06_combat_seq,prediction_best
D_malignant_only__strict__06_combat_seq__post0,3class,GPL96_FFPE_Unknown,84,2,0.5242,0.7824,06_combat_seq,prediction_best
D_malignant_only__strict__06_combat_seq__post0,3class,GPL96_FF_Unknown,125,2,0.95,0.995,06_combat_seq,prediction_best
D_malignant_only__strict__06_combat_seq__post0,3class,RNASeq_FFPE_Exome_capture,891,2,0.6606,0.8961,06_combat_seq,prediction_best
D_malignant_only__strict__06_combat_seq__post0,3class,RNASeq_FFPE_PolyA,35,2,0.8583,0.9368,06_combat_seq,prediction_best
D_malignant_only__strict__06_combat_seq__post0,3class,RNASeq_FF_PolyA,914,2,0.7003,0.9819,06_combat_seq,prediction_best
D_malignant_only__strict__06_combat_seq__post0,3class,RNASeq_FF_Total,28,2,0.9077,0.98,06_combat_seq,prediction_best
D_malignant_only__strict__06_combat_seq__post0,3class,RNASeq_FF_rRNADepletion,24,2,0.2727,0.7,06_combat_seq,prediction_best
D_malignant_only__strict__08_inmoose_combatseq__post0,2class,GPL13938_FFPE_Unknown,167,1,1.0,,08_inmoose_combatseq,prediction_best
D_malignant_only__strict__08_inmoose_combatseq__post0,2class,GPL14951_FFPE_Unknown,810,1,1.0,,08_inmoose_combatseq,prediction_best
D_malignant_only__strict__08_inmoose_combatseq__post0,2class,GPL1708_FF_Unknown,40,1,1.0,,08_inmoose_combatseq,prediction_best
D_malignant_only__strict__08_inmoose_combatseq__post0,2class,GPL17586_FF_Unknown,40,1,1.0,,08_inmoose_combatseq,prediction_best
D_malignant_only__strict__08_inmoose_combatseq__post0,2class,GPL570_FFPE_Unknown,800,1,0.9987,,08_inmoose_combatseq,prediction_best
D_malignant_only__strict__08_inmoose_combatseq__post0,2class,GPL570_FF_Unknown,744,2,0.9697,0.9972,08_inmoose_combatseq,prediction_best
D_malignant_only__strict__08_inmoose_combatseq__post0,2class,GPL570_Unknown_Unknown,908,2,0.6471,0.8659,08_inmoose_combatseq,prediction_best
D_malignant_only__strict__08_inmoose_combatseq__post0,2class,GPL6244_FF_Unknown,119,1,1.0,,08_inmoose_combatseq,prediction_best
D_malignant_only__strict__08_inmoose_combatseq__post0,2class,GPL8432_FFPE_Unknown,130,1,1.0,,08_inmoose_combatseq,prediction_best
D_malignant_only__strict__08_inmoose_combatseq__post0,2class,GPL887_FFPE_Unknown,24,1,1.0,,08_inmoose_combatseq,prediction_best
D_malignant_only__strict__08_inmoose_combatseq__post0,2class,GPL96+97_FF_Unknown,269,2,0.9595,0.9958,08_inmoose_combatseq,prediction_best
D_malignant_only__strict__08_inmoose_combatseq__post0,2class,GPL96_FFPE_Unknown,84,2,0.5164,0.7755,08_inmoose_combatseq,prediction_best
D_malignant_only__strict__08_inmoose_combatseq__post0,2class,GPL96_FF_Unknown,125,2,0.9419,0.9948,08_inmoose_combatseq,prediction_best
D_malignant_only__strict__08_inmoose_combatseq__post0,2class,RNASeq_FFPE_Exome_capture,891,2,0.99,0.9996,08_inmoose_combatseq,prediction_best
D_malignant_only__strict__08_inmoose_combatseq__post0,2class,RNASeq_FFPE_PolyA,35,2,0.8583,0.9368,08_inmoose_combatseq,prediction_best
D_malignant_only__strict__08_inmoose_combatseq__post0,2class,RNASeq_FF_PolyA,914,2,0.6566,0.9831,08_inmoose_combatseq,prediction_best
D_malignant_only__strict__08_inmoose_combatseq__post0,2class,RNASeq_FF_Total,28,2,0.8542,0.9867,08_inmoose_combatseq,prediction_best
D_malignant_only__strict__08_inmoose_combatseq__post0,2class,RNASeq_FF_rRNADepletion,14,1,0.6,,08_inmoose_combatseq,prediction_best
D_malignant_only__strict__08_inmoose_combatseq__post0,3class,GPL13938_FFPE_Unknown,167,1,1.0,,08_inmoose_combatseq,prediction_best
D_malignant_only__strict__08_inmoose_combatseq__post0,3class,GPL14951_FFPE_Unknown,810,1,1.0,,08_inmoose_combatseq,prediction_best
D_malignant_only__strict__08_inmoose_combatseq__post0,3class,GPL1708_FF_Unknown,40,1,1.0,,08_inmoose_combatseq,prediction_best
D_malignant_only__strict__08_inmoose_combatseq__post0,3class,GPL17586_FF_Unknown,40,1,1.0,,08_inmoose_combatseq,prediction_best
D_malignant_only__strict__08_inmoose_combatseq__post0,3class,GPL570_FFPE_Unknown,800,1,0.9987,,08_inmoose_combatseq,prediction_best
D_malignant_only__strict__08_inmoose_combatseq__post0,3class,GPL570_FF_Unknown,744,2,0.9697,0.9972,08_inmoose_combatseq,prediction_best
D_malignant_only__strict__08_inmoose_combatseq__post0,3class,GPL570_Unknown_Unknown,908,2,0.5289,0.6301,08_inmoose_combatseq,prediction_best
D_malignant_only__strict__08_inmoose_combatseq__post0,3class,GPL6244_FF_Unknown,119,1,1.0,,08_inmoose_combatseq,prediction_best
D_malignant_only__strict__08_inmoose_combatseq__post0,3class,GPL8432_FFPE_Unknown,130,1,1.0,,08_inmoose_combatseq,prediction_best
D_malignant_only__strict__08_inmoose_combatseq__post0,3class,GPL887_FFPE_Unknown,24,1,1.0,,08_inmoose_combatseq,prediction_best
D_malignant_only__strict__08_inmoose_combatseq__post0,3class,GPL96+97_FF_Unknown,269,2,0.9549,0.9949,08_inmoose_combatseq,prediction_best
D_malignant_only__strict__08_inmoose_combatseq__post0,3class,GPL96_FFPE_Unknown,84,2,0.5242,0.7824,08_inmoose_combatseq,prediction_best
D_malignant_only__strict__08_inmoose_combatseq__post0,3class,GPL96_FF_Unknown,125,2,0.95,0.995,08_inmoose_combatseq,prediction_best
D_malignant_only__strict__08_inmoose_combatseq__post0,3class,RNASeq_FFPE_Exome_capture,891,2,0.6266,0.8653,08_inmoose_combatseq,prediction_best
D_malignant_only__strict__08_inmoose_combatseq__post0,3class,RNASeq_FFPE_PolyA,35,2,0.8583,0.9368,08_inmoose_combatseq,prediction_best
D_malignant_only__strict__08_inmoose_combatseq__post0,3class,RNASeq_FF_PolyA,914,2,0.7105,0.9816,08_inmoose_combatseq,prediction_best
D_malignant_only__strict__08_inmoose_combatseq__post0,3class,RNASeq_FF_Total,28,2,0.9077,0.98,08_inmoose_combatseq,prediction_best
D_malignant_only__strict__08_inmoose_combatseq__post0,3class,RNASeq_FF_rRNADepletion,24,2,0.2727,0.7,08_inmoose_combatseq,prediction_best
E1_iterative_r1__knn__05_combat__post0,2class,GPL1708_FF_Unknown,40,1,0.961,,05_combat,prediction_best
E1_iterative_r1__knn__05_combat__post0,2class,GPL17586_FF_Unknown,40,1,0.9873,,05_combat,prediction_best
E1_iterative_r1__knn__05_combat__post0,2class,GPL570_FFPE_Unknown,800,1,1.0,,05_combat,prediction_best
E1_iterative_r1__knn__05_combat__post0,2class,GPL570_FF_Unknown,744,2,0.9856,0.9998,05_combat,prediction_best
E1_iterative_r1__knn__05_combat__post0,2class,GPL570_Unknown_Unknown,384,2,0.9759,0.9907,05_combat,prediction_best
E1_iterative_r1__knn__05_combat__post0,2class,GPL6244_FF_Unknown,119,1,0.9697,,05_combat,prediction_best
E1_iterative_r1__knn__05_combat__post0,2class,GPL96+97_FF_Unknown,269,2,0.9489,0.9948,05_combat,prediction_best
E1_iterative_r1__knn__05_combat__post0,2class,GPL96_FFPE_Unknown,84,2,0.4615,0.6782,05_combat,prediction_best
E1_iterative_r1__knn__05_combat__post0,2class,GPL96_FF_Unknown,125,2,0.9672,0.9953,05_combat,prediction_best
E1_iterative_r1__knn__05_combat__post0,2class,RNASeq_FFPE_Exome_capture,891,2,0.92,0.9975,05_combat,prediction_best
E1_iterative_r1__knn__05_combat__post0,2class,RNASeq_FFPE_PolyA,35,2,0.9528,0.9828,05_combat,prediction_best
E1_iterative_r1__knn__05_combat__post0,2class,RNASeq_FF_PolyA,914,2,0.5708,0.7446,05_combat,prediction_best
E1_iterative_r1__knn__05_combat__post0,2class,RNASeq_FF_Total,28,2,0.9184,0.9867,05_combat,prediction_best
E1_iterative_r1__knn__05_combat__post0,2class,RNASeq_FF_rRNADepletion,14,1,1.0,,05_combat,prediction_best
E1_iterative_r1__knn__05_combat__post0,3class,GPL13158_FF_Unknown,40,1,1.0,,05_combat,prediction_best
E1_iterative_r1__knn__05_combat__post0,3class,GPL16686_FF_Unknown,48,1,1.0,,05_combat,prediction_best
E1_iterative_r1__knn__05_combat__post0,3class,GPL17077_FF_Unknown,33,1,1.0,,05_combat,prediction_best
E1_iterative_r1__knn__05_combat__post0,3class,GPL1708_FF_Unknown,40,1,0.961,,05_combat,prediction_best
E1_iterative_r1__knn__05_combat__post0,3class,GPL17586_FF_Unknown,40,1,0.9873,,05_combat,prediction_best
E1_iterative_r1__knn__05_combat__post0,3class,GPL20188_FF_Unknown,68,1,1.0,,05_combat,prediction_best
E1_iterative_r1__knn__05_combat__post0,3class,GPL23541_FF_Unknown,35,1,1.0,,05_combat,prediction_best
E1_iterative_r1__knn__05_combat__post0,3class,GPL570_FFPE_Unknown,800,1,1.0,,05_combat,prediction_best
E1_iterative_r1__knn__05_combat__post0,3class,GPL570_FF_Unknown,994,3,0.9885,0.9999,05_combat,prediction_best
E1_iterative_r1__knn__05_combat__post0,3class,GPL570_Unknown_Unknown,384,2,0.9643,0.991,05_combat,prediction_best
E1_iterative_r1__knn__05_combat__post0,3class,GPL6244_FF_Unknown,131,2,0.2837,0.8648,05_combat,prediction_best
E1_iterative_r1__knn__05_combat__post0,3class,GPL96+97_FF_Unknown,305,3,0.9026,0.9894,05_combat,prediction_best
E1_iterative_r1__knn__05_combat__post0,3class,GPL96_FFPE_Unknown,84,2,0.4615,0.669,05_combat,prediction_best
E1_iterative_r1__knn__05_combat__post0,3class,GPL96_FF_Unknown,133,3,0.9782,0.9972,05_combat,prediction_best
E1_iterative_r1__knn__05_combat__post0,3class,RNASeq_FFPE_Exome_capture,891,2,0.8342,0.9719,05_combat,prediction_best
E1_iterative_r1__knn__05_combat__post0,3class,RNASeq_FFPE_PolyA,35,2,0.8382,0.9828,05_combat,prediction_best
E1_iterative_r1__knn__05_combat__post0,3class,RNASeq_FF_PolyA,1039,3,0.5716,0.8603,05_combat,prediction_best
E1_iterative_r1__knn__05_combat__post0,3class,RNASeq_FF_Total,32,3,0.8325,0.9847,05_combat,prediction_best
E1_iterative_r1__knn__05_combat__post0,3class,RNASeq_FF_Unknown,79,1,1.0,,05_combat,prediction_best
E1_iterative_r1__knn__05_combat__post0,3class,RNASeq_FF_rRNADepletion,117,2,0.642,0.9636,05_combat,prediction_best
E1_iterative_r1__knn__05_combat__post1,2class,GPL1708_FF_Unknown,40,1,1.0,,05_combat,prediction_best
E1_iterative_r1__knn__05_combat__post1,2class,GPL17586_FF_Unknown,40,1,0.9873,,05_combat,prediction_best
E1_iterative_r1__knn__05_combat__post1,2class,GPL570_FFPE_Unknown,800,1,1.0,,05_combat,prediction_best
E1_iterative_r1__knn__05_combat__post1,2class,GPL570_FF_Unknown,744,2,0.9828,0.9996,05_combat,prediction_best
E1_iterative_r1__knn__05_combat__post1,2class,GPL570_Unknown_Unknown,384,2,0.9385,0.9911,05_combat,prediction_best
E1_iterative_r1__knn__05_combat__post1,2class,GPL96+97_FF_Unknown,269,2,0.9415,0.9897,05_combat,prediction_best
E1_iterative_r1__knn__05_combat__post1,2class,GPL96_FFPE_Unknown,84,2,0.5855,0.8056,05_combat,prediction_best
E1_iterative_r1__knn__05_combat__post1,2class,GPL96_FF_Unknown,125,2,0.9672,0.9961,05_combat,prediction_best
E1_iterative_r1__knn__05_combat__post1,2class,RNASeq_FFPE_Exome_capture,891,2,0.8805,0.9973,05_combat,prediction_best
E1_iterative_r1__knn__05_combat__post1,2class,RNASeq_FFPE_PolyA,35,2,0.9528,0.9828,05_combat,prediction_best
E1_iterative_r1__knn__05_combat__post1,2class,RNASeq_FF_PolyA,914,2,0.5648,0.7657,05_combat,prediction_best
E1_iterative_r1__knn__05_combat__post1,2class,RNASeq_FF_Total,28,2,1.0,1.0,05_combat,prediction_best
E1_iterative_r1__knn__05_combat__post1,2class,RNASeq_FF_rRNADepletion,14,1,1.0,,05_combat,prediction_best
E1_iterative_r1__knn__05_combat__post1,3class,GPL13158_FF_Unknown,40,1,1.0,,05_combat,prediction_best
E1_iterative_r1__knn__05_combat__post1,3class,GPL16686_FF_Unknown,48,1,1.0,,05_combat,prediction_best
E1_iterative_r1__knn__05_combat__post1,3class,GPL17077_FF_Unknown,33,1,1.0,,05_combat,prediction_best
E1_iterative_r1__knn__05_combat__post1,3class,GPL1708_FF_Unknown,40,1,1.0,,05_combat,prediction_best
E1_iterative_r1__knn__05_combat__post1,3class,GPL17586_FF_Unknown,40,1,0.9873,,05_combat,prediction_best
E1_iterative_r1__knn__05_combat__post1,3class,GPL20188_FF_Unknown,68,1,1.0,,05_combat,prediction_best
E1_iterative_r1__knn__05_combat__post1,3class,GPL23541_FF_Unknown,35,1,1.0,,05_combat,prediction_best
E1_iterative_r1__knn__05_combat__post1,3class,GPL570_FFPE_Unknown,800,1,0.9326,,05_combat,prediction_best
E1_iterative_r1__knn__05_combat__post1,3class,GPL570_FF_Unknown,994,3,0.9885,0.9999,05_combat,prediction_best
E1_iterative_r1__knn__05_combat__post1,3class,GPL570_Unknown_Unknown,384,2,0.9306,0.9912,05_combat,prediction_best
E1_iterative_r1__knn__05_combat__post1,3class,GPL96+97_FF_Unknown,305,3,0.9557,0.9933,05_combat,prediction_best
E1_iterative_r1__knn__05_combat__post1,3class,GPL96_FFPE_Unknown,84,2,0.6267,0.8218,05_combat,prediction_best
E1_iterative_r1__knn__05_combat__post1,3class,GPL96_FF_Unknown,133,3,0.9782,0.9976,05_combat,prediction_best
E1_iterative_r1__knn__05_combat__post1,3class,RNASeq_FFPE_Exome_capture,891,2,0.8527,0.9692,05_combat,prediction_best
E1_iterative_r1__knn__05_combat__post1,3class,RNASeq_FFPE_PolyA,35,2,0.9528,0.9828,05_combat,prediction_best
E1_iterative_r1__knn__05_combat__post1,3class,RNASeq_FF_PolyA,1039,3,0.6336,0.9024,05_combat,prediction_best
E1_iterative_r1__knn__05_combat__post1,3class,RNASeq_FF_Total,32,3,0.8878,0.9905,05_combat,prediction_best
E1_iterative_r1__knn__05_combat__post1,3class,RNASeq_FF_Unknown,79,1,0.9936,,05_combat,prediction_best
E1_iterative_r1__knn__05_combat__post1,3class,RNASeq_FF_rRNADepletion,117,2,0.7059,0.936,05_combat,prediction_best
E1_iterative_r1__softimpute__20_shambhala__post0,2class,GPL1708_FF_Unknown,40,1,1.0,,20_shambhala,prediction_best
E1_iterative_r1__softimpute__20_shambhala__post0,2class,GPL17586_FF_Unknown,40,1,0.8571,,20_shambhala,prediction_best
E1_iterative_r1__softimpute__20_shambhala__post0,2class,GPL570_FFPE_Unknown,800,1,0.9905,,20_shambhala,prediction_best
E1_iterative_r1__softimpute__20_shambhala__post0,2class,GPL570_FF_Unknown,744,2,0.8925,0.9865,20_shambhala,prediction_best
E1_iterative_r1__softimpute__20_shambhala__post0,2class,GPL570_Unknown_Unknown,384,2,0.8147,0.9516,20_shambhala,prediction_best
E1_iterative_r1__softimpute__20_shambhala__post0,2class,GPL6244_FF_Unknown,119,1,0.9515,,20_shambhala,prediction_best
E1_iterative_r1__softimpute__20_shambhala__post0,2class,GPL96+97_FF_Unknown,269,2,0.9397,0.9921,20_shambhala,prediction_best
E1_iterative_r1__softimpute__20_shambhala__post0,2class,GPL96_FFPE_Unknown,84,2,0.5729,0.7106,20_shambhala,prediction_best
E1_iterative_r1__softimpute__20_shambhala__post0,2class,GPL96_FF_Unknown,125,2,0.8657,0.93,20_shambhala,prediction_best
E1_iterative_r1__softimpute__20_shambhala__post0,2class,RNASeq_FFPE_Exome_capture,891,2,0.8335,0.994,20_shambhala,prediction_best
E1_iterative_r1__softimpute__20_shambhala__post0,2class,RNASeq_FFPE_PolyA,35,2,0.7667,0.9425,20_shambhala,prediction_best
E1_iterative_r1__softimpute__20_shambhala__post0,2class,RNASeq_FF_PolyA,914,2,0.5981,0.986,20_shambhala,prediction_best
E1_iterative_r1__softimpute__20_shambhala__post0,2class,RNASeq_FF_Total,28,2,0.8014,0.9733,20_shambhala,prediction_best
E1_iterative_r1__softimpute__20_shambhala__post0,2class,RNASeq_FF_rRNADepletion,14,1,0.8333,,20_shambhala,prediction_best
E1_iterative_r1__softimpute__20_shambhala__post0,3class,GPL13158_FF_Unknown,40,1,1.0,,20_shambhala,prediction_best
E1_iterative_r1__softimpute__20_shambhala__post0,3class,GPL16686_FF_Unknown,48,1,1.0,,20_shambhala,prediction_best
E1_iterative_r1__softimpute__20_shambhala__post0,3class,GPL17077_FF_Unknown,33,1,1.0,,20_shambhala,prediction_best
E1_iterative_r1__softimpute__20_shambhala__post0,3class,GPL1708_FF_Unknown,40,1,0.9744,,20_shambhala,prediction_best
E1_iterative_r1__softimpute__20_shambhala__post0,3class,GPL17586_FF_Unknown,40,1,0.9041,,20_shambhala,prediction_best
E1_iterative_r1__softimpute__20_shambhala__post0,3class,GPL20188_FF_Unknown,68,1,1.0,,20_shambhala,prediction_best
E1_iterative_r1__softimpute__20_shambhala__post0,3class,GPL23541_FF_Unknown,35,1,1.0,,20_shambhala,prediction_best
E1_iterative_r1__softimpute__20_shambhala__post0,3class,GPL570_FFPE_Unknown,800,1,0.8819,,20_shambhala,prediction_best
E1_iterative_r1__softimpute__20_shambhala__post0,3class,GPL570_FF_Unknown,994,3,0.9406,0.994,20_shambhala,prediction_best
E1_iterative_r1__softimpute__20_shambhala__post0,3class,GPL570_Unknown_Unknown,384,2,0.7567,0.9237,20_shambhala,prediction_best
E1_iterative_r1__softimpute__20_shambhala__post0,3class,GPL6244_FF_Unknown,131,2,0.906,1.0,20_shambhala,prediction_best
E1_iterative_r1__softimpute__20_shambhala__post0,3class,GPL96+97_FF_Unknown,305,3,0.9598,0.9963,20_shambhala,prediction_best
E1_iterative_r1__softimpute__20_shambhala__post0,3class,GPL96_FFPE_Unknown,84,2,0.5444,0.713,20_shambhala,prediction_best
E1_iterative_r1__softimpute__20_shambhala__post0,3class,GPL96_FF_Unknown,133,3,0.9045,0.9591,20_shambhala,prediction_best
E1_iterative_r1__softimpute__20_shambhala__post0,3class,RNASeq_FFPE_Exome_capture,891,2,0.7913,0.9904,20_shambhala,prediction_best
E1_iterative_r1__softimpute__20_shambhala__post0,3class,RNASeq_FFPE_PolyA,35,2,0.8583,0.954,20_shambhala,prediction_best
E1_iterative_r1__softimpute__20_shambhala__post0,3class,RNASeq_FF_PolyA,1039,3,0.5813,0.9719,20_shambhala,prediction_best
E1_iterative_r1__softimpute__20_shambhala__post0,3class,RNASeq_FF_Total,32,3,0.8325,0.9981,20_shambhala,prediction_best
E1_iterative_r1__softimpute__20_shambhala__post0,3class,RNASeq_FF_Unknown,79,1,0.9806,,20_shambhala,prediction_best
E1_iterative_r1__softimpute__20_shambhala__post0,3class,RNASeq_FF_rRNADepletion,117,2,0.6816,0.9065,20_shambhala,prediction_best
E1_iterative_r1__softimpute__20_shambhala__post1,2class,GPL1708_FF_Unknown,40,1,1.0,,20_shambhala,prediction_best
E1_iterative_r1__softimpute__20_shambhala__post1,2class,GPL17586_FF_Unknown,40,1,0.806,,20_shambhala,prediction_best
E1_iterative_r1__softimpute__20_shambhala__post1,2class,GPL570_FFPE_Unknown,800,1,0.9918,,20_shambhala,prediction_best
E1_iterative_r1__softimpute__20_shambhala__post1,2class,GPL570_FF_Unknown,744,2,0.8965,0.9869,20_shambhala,prediction_best
E1_iterative_r1__softimpute__20_shambhala__post1,2class,GPL570_Unknown_Unknown,384,2,0.8147,0.9519,20_shambhala,prediction_best
E1_iterative_r1__softimpute__20_shambhala__post1,2class,GPL6244_FF_Unknown,119,1,0.9515,,20_shambhala,prediction_best
E1_iterative_r1__softimpute__20_shambhala__post1,2class,GPL96+97_FF_Unknown,269,2,0.9348,0.9916,20_shambhala,prediction_best
E1_iterative_r1__softimpute__20_shambhala__post1,2class,GPL96_FFPE_Unknown,84,2,0.5729,0.7095,20_shambhala,prediction_best
E1_iterative_r1__softimpute__20_shambhala__post1,2class,GPL96_FF_Unknown,125,2,0.8657,0.93,20_shambhala,prediction_best
E1_iterative_r1__softimpute__20_shambhala__post1,2class,RNASeq_FFPE_Exome_capture,891,2,0.8367,0.994,20_shambhala,prediction_best
E1_iterative_r1__softimpute__20_shambhala__post1,2class,RNASeq_FFPE_PolyA,35,2,0.7667,0.9425,20_shambhala,prediction_best
E1_iterative_r1__softimpute__20_shambhala__post1,2class,RNASeq_FF_PolyA,914,2,0.5955,0.9857,20_shambhala,prediction_best
E1_iterative_r1__softimpute__20_shambhala__post1,2class,RNASeq_FF_Total,28,2,0.8014,0.9733,20_shambhala,prediction_best
E1_iterative_r1__softimpute__20_shambhala__post1,2class,RNASeq_FF_rRNADepletion,14,1,0.88,,20_shambhala,prediction_best
E1_iterative_r1__softimpute__20_shambhala__post1,3class,GPL13158_FF_Unknown,40,1,1.0,,20_shambhala,prediction_best
E1_iterative_r1__softimpute__20_shambhala__post1,3class,GPL17077_FF_Unknown,33,1,1.0,,20_shambhala,prediction_best
E1_iterative_r1__softimpute__20_shambhala__post1,3class,GPL1708_FF_Unknown,40,1,0.9744,,20_shambhala,prediction_best
E1_iterative_r1__softimpute__20_shambhala__post1,3class,GPL17586_FF_Unknown,40,1,0.9041,,20_shambhala,prediction_best
E1_iterative_r1__softimpute__20_shambhala__post1,3class,GPL20188_FF_Unknown,68,1,1.0,,20_shambhala,prediction_best
E1_iterative_r1__softimpute__20_shambhala__post1,3class,GPL23541_FF_Unknown,35,1,1.0,,20_shambhala,prediction_best
E1_iterative_r1__softimpute__20_shambhala__post1,3class,GPL570_FFPE_Unknown,800,1,0.8935,,20_shambhala,prediction_best
E1_iterative_r1__softimpute__20_shambhala__post1,3class,GPL570_FF_Unknown,994,3,0.9415,0.9941,20_shambhala,prediction_best
E1_iterative_r1__softimpute__20_shambhala__post1,3class,GPL570_Unknown_Unknown,384,2,0.7567,0.9236,20_shambhala,prediction_best
E1_iterative_r1__softimpute__20_shambhala__post1,3class,GPL6244_FF_Unknown,131,2,0.906,1.0,20_shambhala,prediction_best
E1_iterative_r1__softimpute__20_shambhala__post1,3class,GPL96+97_FF_Unknown,305,3,0.9569,0.996,20_shambhala,prediction_best
E1_iterative_r1__softimpute__20_shambhala__post1,3class,GPL96_FFPE_Unknown,84,2,0.5444,0.713,20_shambhala,prediction_best
E1_iterative_r1__softimpute__20_shambhala__post1,3class,GPL96_FF_Unknown,133,3,0.9045,0.9591,20_shambhala,prediction_best
E1_iterative_r1__softimpute__20_shambhala__post1,3class,RNASeq_FFPE_Exome_capture,891,2,0.7873,0.9896,20_shambhala,prediction_best
E1_iterative_r1__softimpute__20_shambhala__post1,3class,RNASeq_FFPE_PolyA,35,2,0.8583,0.954,20_shambhala,prediction_best
E1_iterative_r1__softimpute__20_shambhala__post1,3class,RNASeq_FF_PolyA,1039,3,0.5788,0.9707,20_shambhala,prediction_best
E1_iterative_r1__softimpute__20_shambhala__post1,3class,RNASeq_FF_Total,32,3,0.8325,0.9981,20_shambhala,prediction_best
E1_iterative_r1__softimpute__20_shambhala__post1,3class,RNASeq_FF_Unknown,79,1,0.9806,,20_shambhala,prediction_best
E1_iterative_r1__softimpute__20_shambhala__post1,3class,RNASeq_FF_rRNADepletion,117,2,0.6816,0.9019,20_shambhala,prediction_best
E1_iterative_r1__strict__05_combat__post0,2class,GPL1708_FF_Unknown,40,1,0.9744,,05_combat,prediction_best
E1_iterative_r1__strict__05_combat__post0,2class,GPL17586_FF_Unknown,40,1,0.9873,,05_combat,prediction_best
E1_iterative_r1__strict__05_combat__post0,2class,GPL570_FFPE_Unknown,800,1,0.9994,,05_combat,prediction_best
E1_iterative_r1__strict__05_combat__post0,2class,GPL570_FF_Unknown,744,2,0.9928,0.9998,05_combat,prediction_best
E1_iterative_r1__strict__05_combat__post0,2class,GPL570_Unknown_Unknown,384,2,0.9798,0.9933,05_combat,prediction_best
E1_iterative_r1__strict__05_combat__post0,2class,GPL6244_FF_Unknown,119,1,0.9231,,05_combat,prediction_best
E1_iterative_r1__strict__05_combat__post0,2class,GPL96+97_FF_Unknown,269,2,0.8788,0.9681,05_combat,prediction_best
E1_iterative_r1__strict__05_combat__post0,2class,GPL96_FFPE_Unknown,84,2,0.5855,0.8495,05_combat,prediction_best
E1_iterative_r1__strict__05_combat__post0,2class,GPL96_FF_Unknown,125,2,0.9109,0.9798,05_combat,prediction_best
E1_iterative_r1__strict__05_combat__post0,2class,RNASeq_FFPE_Exome_capture,891,2,0.9742,0.999,05_combat,prediction_best
E1_iterative_r1__strict__05_combat__post0,2class,RNASeq_FFPE_PolyA,35,2,0.9528,0.977,05_combat,prediction_best
E1_iterative_r1__strict__05_combat__post0,2class,RNASeq_FF_PolyA,914,2,0.5804,0.6975,05_combat,prediction_best
E1_iterative_r1__strict__05_combat__post0,2class,RNASeq_FF_Total,28,2,0.9184,1.0,05_combat,prediction_best
E1_iterative_r1__strict__05_combat__post0,2class,RNASeq_FF_rRNADepletion,14,1,0.88,,05_combat,prediction_best
E1_iterative_r1__strict__05_combat__post0,3class,GPL13158_FF_Unknown,40,1,1.0,,05_combat,prediction_best
E1_iterative_r1__strict__05_combat__post0,3class,GPL16686_FF_Unknown,48,1,1.0,,05_combat,prediction_best
E1_iterative_r1__strict__05_combat__post0,3class,GPL17077_FF_Unknown,33,1,1.0,,05_combat,prediction_best
E1_iterative_r1__strict__05_combat__post0,3class,GPL1708_FF_Unknown,40,1,0.9744,,05_combat,prediction_best
E1_iterative_r1__strict__05_combat__post0,3class,GPL17586_FF_Unknown,40,1,0.9873,,05_combat,prediction_best
E1_iterative_r1__strict__05_combat__post0,3class,GPL20188_FF_Unknown,68,1,1.0,,05_combat,prediction_best
E1_iterative_r1__strict__05_combat__post0,3class,GPL23541_FF_Unknown,35,1,1.0,,05_combat,prediction_best
E1_iterative_r1__strict__05_combat__post0,3class,GPL570_FFPE_Unknown,800,1,0.9994,,05_combat,prediction_best
E1_iterative_r1__strict__05_combat__post0,3class,GPL570_FF_Unknown,994,3,0.994,0.9999,05_combat,prediction_best
E1_iterative_r1__strict__05_combat__post0,3class,GPL570_Unknown_Unknown,384,2,0.979,0.9936,05_combat,prediction_best
E1_iterative_r1__strict__05_combat__post0,3class,GPL6244_FF_Unknown,131,2,0.4752,0.6866,05_combat,prediction_best
E1_iterative_r1__strict__05_combat__post0,3class,GPL96+97_FF_Unknown,305,3,0.8166,0.9636,05_combat,prediction_best
E1_iterative_r1__strict__05_combat__post0,3class,GPL96_FFPE_Unknown,84,2,0.5974,0.8727,05_combat,prediction_best
E1_iterative_r1__strict__05_combat__post0,3class,GPL96_FF_Unknown,133,3,0.8982,0.9831,05_combat,prediction_best
E1_iterative_r1__strict__05_combat__post0,3class,RNASeq_FFPE_Exome_capture,891,2,0.9737,0.999,05_combat,prediction_best
E1_iterative_r1__strict__05_combat__post0,3class,RNASeq_FFPE_PolyA,35,2,0.8994,0.977,05_combat,prediction_best
E1_iterative_r1__strict__05_combat__post0,3class,RNASeq_FF_PolyA,1039,3,0.6558,0.8862,05_combat,prediction_best
E1_iterative_r1__strict__05_combat__post0,3class,RNASeq_FF_Total,32,3,0.9194,0.9981,05_combat,prediction_best
E1_iterative_r1__strict__05_combat__post0,3class,RNASeq_FF_Unknown,79,1,1.0,,05_combat,prediction_best
E1_iterative_r1__strict__05_combat__post0,3class,RNASeq_FF_rRNADepletion,117,2,0.7727,0.9453,05_combat,prediction_best
E1_iterative_r1__strict__05_combat__post1,2class,GPL17586_FF_Unknown,40,1,0.9873,,05_combat,prediction_best
E1_iterative_r1__strict__05_combat__post1,2class,GPL570_FFPE_Unknown,800,1,0.9994,,05_combat,prediction_best
E1_iterative_r1__strict__05_combat__post1,2class,GPL570_FF_Unknown,744,2,0.9928,0.9998,05_combat,prediction_best
E1_iterative_r1__strict__05_combat__post1,2class,GPL570_Unknown_Unknown,384,2,0.9798,0.9933,05_combat,prediction_best
E1_iterative_r1__strict__05_combat__post1,2class,GPL6244_FF_Unknown,119,1,0.9469,,05_combat,prediction_best
E1_iterative_r1__strict__05_combat__post1,2class,GPL96+97_FF_Unknown,269,2,0.8736,0.9591,05_combat,prediction_best
E1_iterative_r1__strict__05_combat__post1,2class,GPL96_FFPE_Unknown,84,2,0.5855,0.8461,05_combat,prediction_best
E1_iterative_r1__strict__05_combat__post1,2class,GPL96_FF_Unknown,125,2,0.9191,0.9798,05_combat,prediction_best
E1_iterative_r1__strict__05_combat__post1,2class,RNASeq_FFPE_Exome_capture,891,2,0.9754,0.9992,05_combat,prediction_best
E1_iterative_r1__strict__05_combat__post1,2class,RNASeq_FFPE_PolyA,35,2,0.9528,0.977,05_combat,prediction_best
E1_iterative_r1__strict__05_combat__post1,2class,RNASeq_FF_PolyA,914,2,0.575,0.7064,05_combat,prediction_best
E1_iterative_r1__strict__05_combat__post1,2class,RNASeq_FF_Total,28,2,0.9184,1.0,05_combat,prediction_best
E1_iterative_r1__strict__05_combat__post1,2class,RNASeq_FF_rRNADepletion,14,1,0.88,,05_combat,prediction_best
E1_iterative_r1__strict__05_combat__post1,3class,GPL13158_FF_Unknown,40,1,1.0,,05_combat,prediction_best
E1_iterative_r1__strict__05_combat__post1,3class,GPL16686_FF_Unknown,48,1,1.0,,05_combat,prediction_best
E1_iterative_r1__strict__05_combat__post1,3class,GPL17077_FF_Unknown,33,1,1.0,,05_combat,prediction_best
E1_iterative_r1__strict__05_combat__post1,3class,GPL17586_FF_Unknown,40,1,0.9873,,05_combat,prediction_best
E1_iterative_r1__strict__05_combat__post1,3class,GPL20188_FF_Unknown,68,1,1.0,,05_combat,prediction_best
E1_iterative_r1__strict__05_combat__post1,3class,GPL23541_FF_Unknown,35,1,1.0,,05_combat,prediction_best
E1_iterative_r1__strict__05_combat__post1,3class,GPL570_FFPE_Unknown,800,1,0.9994,,05_combat,prediction_best
E1_iterative_r1__strict__05_combat__post1,3class,GPL570_FF_Unknown,994,3,0.994,0.9999,05_combat,prediction_best
E1_iterative_r1__strict__05_combat__post1,3class,GPL570_Unknown_Unknown,384,2,0.979,0.9935,05_combat,prediction_best
E1_iterative_r1__strict__05_combat__post1,3class,GPL6244_FF_Unknown,131,2,0.4854,0.7076,05_combat,prediction_best
E1_iterative_r1__strict__05_combat__post1,3class,GPL96+97_FF_Unknown,305,3,0.8041,0.9594,05_combat,prediction_best
E1_iterative_r1__strict__05_combat__post1,3class,GPL96_FFPE_Unknown,84,2,0.6546,0.8733,05_combat,prediction_best
E1_iterative_r1__strict__05_combat__post1,3class,GPL96_FF_Unknown,133,3,0.8985,0.9821,05_combat,prediction_best
E1_iterative_r1__strict__05_combat__post1,3class,RNASeq_FFPE_Exome_capture,891,2,0.9737,0.9991,05_combat,prediction_best
E1_iterative_r1__strict__05_combat__post1,3class,RNASeq_FFPE_PolyA,35,2,0.8994,0.977,05_combat,prediction_best
E1_iterative_r1__strict__05_combat__post1,3class,RNASeq_FF_PolyA,1039,3,0.6532,0.8882,05_combat,prediction_best
E1_iterative_r1__strict__05_combat__post1,3class,RNASeq_FF_Total,32,3,0.9194,0.9981,05_combat,prediction_best
E1_iterative_r1__strict__05_combat__post1,3class,RNASeq_FF_Unknown,79,1,1.0,,05_combat,prediction_best
E1_iterative_r1__strict__05_combat__post1,3class,RNASeq_FF_rRNADepletion,117,2,0.7727,0.9458,05_combat,prediction_best
E1_iterative_r1__strict__06_combat_seq__post0,2class,GPL1708_FF_Unknown,40,1,1.0,,06_combat_seq,prediction_best
E1_iterative_r1__strict__06_combat_seq__post0,2class,GPL17586_FF_Unknown,40,1,1.0,,06_combat_seq,prediction_best
E1_iterative_r1__strict__06_combat_seq__post0,2class,GPL570_FFPE_Unknown,800,1,1.0,,06_combat_seq,prediction_best
E1_iterative_r1__strict__06_combat_seq__post0,2class,GPL570_FF_Unknown,744,2,0.9413,0.9969,06_combat_seq,prediction_best
E1_iterative_r1__strict__06_combat_seq__post0,2class,GPL570_Unknown_Unknown,384,2,0.9678,0.9933,06_combat_seq,prediction_best
E1_iterative_r1__strict__06_combat_seq__post0,2class,GPL6244_FF_Unknown,119,1,1.0,,06_combat_seq,prediction_best
E1_iterative_r1__strict__06_combat_seq__post0,2class,GPL96+97_FF_Unknown,269,2,0.9519,0.9928,06_combat_seq,prediction_best
E1_iterative_r1__strict__06_combat_seq__post0,2class,GPL96_FFPE_Unknown,84,2,0.5207,0.6863,06_combat_seq,prediction_best
E1_iterative_r1__strict__06_combat_seq__post0,2class,GPL96_FF_Unknown,125,2,0.9422,0.9929,06_combat_seq,prediction_best
E1_iterative_r1__strict__06_combat_seq__post0,2class,RNASeq_FFPE_Exome_capture,891,2,0.9938,0.9994,06_combat_seq,prediction_best
E1_iterative_r1__strict__06_combat_seq__post0,2class,RNASeq_FFPE_PolyA,35,2,0.7304,0.9425,06_combat_seq,prediction_best
E1_iterative_r1__strict__06_combat_seq__post0,2class,RNASeq_FF_PolyA,914,2,0.66,0.8753,06_combat_seq,prediction_best
E1_iterative_r1__strict__06_combat_seq__post0,2class,RNASeq_FF_Total,28,2,0.8902,0.9867,06_combat_seq,prediction_best
E1_iterative_r1__strict__06_combat_seq__post0,2class,RNASeq_FF_rRNADepletion,14,1,0.1333,,06_combat_seq,prediction_best
E1_iterative_r1__strict__06_combat_seq__post0,3class,GPL13158_FF_Unknown,40,1,1.0,,06_combat_seq,prediction_best
E1_iterative_r1__strict__06_combat_seq__post0,3class,GPL16686_FF_Unknown,48,1,1.0,,06_combat_seq,prediction_best
E1_iterative_r1__strict__06_combat_seq__post0,3class,GPL17077_FF_Unknown,33,1,1.0,,06_combat_seq,prediction_best
E1_iterative_r1__strict__06_combat_seq__post0,3class,GPL1708_FF_Unknown,40,1,1.0,,06_combat_seq,prediction_best
E1_iterative_r1__strict__06_combat_seq__post0,3class,GPL17586_FF_Unknown,40,1,1.0,,06_combat_seq,prediction_best
E1_iterative_r1__strict__06_combat_seq__post0,3class,GPL20188_FF_Unknown,68,1,1.0,,06_combat_seq,prediction_best
E1_iterative_r1__strict__06_combat_seq__post0,3class,GPL23541_FF_Unknown,35,1,1.0,,06_combat_seq,prediction_best
E1_iterative_r1__strict__06_combat_seq__post0,3class,GPL570_FFPE_Unknown,800,1,0.9757,,06_combat_seq,prediction_best
E1_iterative_r1__strict__06_combat_seq__post0,3class,GPL570_FF_Unknown,994,3,0.9293,0.9942,06_combat_seq,prediction_best
E1_iterative_r1__strict__06_combat_seq__post0,3class,GPL570_Unknown_Unknown,384,2,0.9508,0.9923,06_combat_seq,prediction_best
E1_iterative_r1__strict__06_combat_seq__post0,3class,GPL6244_FF_Unknown,131,2,0.7798,0.9933,06_combat_seq,prediction_best
E1_iterative_r1__strict__06_combat_seq__post0,3class,GPL96+97_FF_Unknown,305,3,0.9481,0.9907,06_combat_seq,prediction_best
E1_iterative_r1__strict__06_combat_seq__post0,3class,GPL96_FFPE_Unknown,84,2,0.5536,0.6997,06_combat_seq,prediction_best
E1_iterative_r1__strict__06_combat_seq__post0,3class,GPL96_FF_Unknown,133,3,0.9728,0.9947,06_combat_seq,prediction_best
E1_iterative_r1__strict__06_combat_seq__post0,3class,RNASeq_FFPE_Exome_capture,891,2,0.9925,0.9996,06_combat_seq,prediction_best
E1_iterative_r1__strict__06_combat_seq__post0,3class,RNASeq_FFPE_PolyA,35,2,0.7304,0.9368,06_combat_seq,prediction_best
E1_iterative_r1__strict__06_combat_seq__post0,3class,RNASeq_FF_PolyA,1039,3,0.7339,0.9697,06_combat_seq,prediction_best
E1_iterative_r1__strict__06_combat_seq__post0,3class,RNASeq_FF_Total,32,3,0.8599,0.9924,06_combat_seq,prediction_best
E1_iterative_r1__strict__06_combat_seq__post0,3class,RNASeq_FF_Unknown,79,1,1.0,,06_combat_seq,prediction_best
E1_iterative_r1__strict__06_combat_seq__post0,3class,RNASeq_FF_rRNADepletion,117,2,0.5534,0.8944,06_combat_seq,prediction_best
E1_iterative_r1__strict__06_combat_seq__post1,2class,GPL1708_FF_Unknown,40,1,1.0,,06_combat_seq,prediction_best
E1_iterative_r1__strict__06_combat_seq__post1,2class,GPL17586_FF_Unknown,40,1,1.0,,06_combat_seq,prediction_best
E1_iterative_r1__strict__06_combat_seq__post1,2class,GPL570_FFPE_Unknown,800,1,1.0,,06_combat_seq,prediction_best
E1_iterative_r1__strict__06_combat_seq__post1,2class,GPL570_FF_Unknown,744,2,0.9398,0.9968,06_combat_seq,prediction_best
E1_iterative_r1__strict__06_combat_seq__post1,2class,GPL570_Unknown_Unknown,384,2,0.964,0.9935,06_combat_seq,prediction_best
E1_iterative_r1__strict__06_combat_seq__post1,2class,GPL6244_FF_Unknown,119,1,0.9829,,06_combat_seq,prediction_best
E1_iterative_r1__strict__06_combat_seq__post1,2class,GPL96+97_FF_Unknown,269,2,0.9519,0.9923,06_combat_seq,prediction_best
E1_iterative_r1__strict__06_combat_seq__post1,2class,GPL96_FFPE_Unknown,84,2,0.5451,0.6782,06_combat_seq,prediction_best
E1_iterative_r1__strict__06_combat_seq__post1,2class,GPL96_FF_Unknown,125,2,0.9422,0.9932,06_combat_seq,prediction_best
E1_iterative_r1__strict__06_combat_seq__post1,2class,RNASeq_FFPE_Exome_capture,891,2,0.9925,0.9995,06_combat_seq,prediction_best
E1_iterative_r1__strict__06_combat_seq__post1,2class,RNASeq_FFPE_PolyA,35,2,0.7304,0.9425,06_combat_seq,prediction_best
E1_iterative_r1__strict__06_combat_seq__post1,2class,RNASeq_FF_PolyA,914,2,0.6552,0.868,06_combat_seq,prediction_best
E1_iterative_r1__strict__06_combat_seq__post1,2class,RNASeq_FF_Total,28,2,0.8902,0.9867,06_combat_seq,prediction_best
E1_iterative_r1__strict__06_combat_seq__post1,2class,RNASeq_FF_rRNADepletion,14,1,0.1333,,06_combat_seq,prediction_best
E1_iterative_r1__strict__06_combat_seq__post1,3class,GPL13158_FF_Unknown,40,1,1.0,,06_combat_seq,prediction_best
E1_iterative_r1__strict__06_combat_seq__post1,3class,GPL16686_FF_Unknown,48,1,1.0,,06_combat_seq,prediction_best
E1_iterative_r1__strict__06_combat_seq__post1,3class,GPL1708_FF_Unknown,40,1,1.0,,06_combat_seq,prediction_best
E1_iterative_r1__strict__06_combat_seq__post1,3class,GPL17586_FF_Unknown,40,1,1.0,,06_combat_seq,prediction_best
E1_iterative_r1__strict__06_combat_seq__post1,3class,GPL20188_FF_Unknown,68,1,1.0,,06_combat_seq,prediction_best
E1_iterative_r1__strict__06_combat_seq__post1,3class,GPL23541_FF_Unknown,35,1,1.0,,06_combat_seq,prediction_best
E1_iterative_r1__strict__06_combat_seq__post1,3class,GPL570_FFPE_Unknown,800,1,0.9789,,06_combat_seq,prediction_best
E1_iterative_r1__strict__06_combat_seq__post1,3class,GPL570_FF_Unknown,994,3,0.9359,0.9941,06_combat_seq,prediction_best
E1_iterative_r1__strict__06_combat_seq__post1,3class,GPL570_Unknown_Unknown,384,2,0.9508,0.9925,06_combat_seq,prediction_best
E1_iterative_r1__strict__06_combat_seq__post1,3class,GPL6244_FF_Unknown,131,2,0.8581,0.987,06_combat_seq,prediction_best
E1_iterative_r1__strict__06_combat_seq__post1,3class,GPL96+97_FF_Unknown,305,3,0.9481,0.9902,06_combat_seq,prediction_best
E1_iterative_r1__strict__06_combat_seq__post1,3class,GPL96_FFPE_Unknown,84,2,0.5451,0.6968,06_combat_seq,prediction_best
E1_iterative_r1__strict__06_combat_seq__post1,3class,GPL96_FF_Unknown,133,3,0.9672,0.9952,06_combat_seq,prediction_best
E1_iterative_r1__strict__06_combat_seq__post1,3class,RNASeq_FFPE_Exome_capture,891,2,0.9912,0.9996,06_combat_seq,prediction_best
E1_iterative_r1__strict__06_combat_seq__post1,3class,RNASeq_FFPE_PolyA,35,2,0.7304,0.9368,06_combat_seq,prediction_best
E1_iterative_r1__strict__06_combat_seq__post1,3class,RNASeq_FF_PolyA,1039,3,0.7314,0.9675,06_combat_seq,prediction_best
E1_iterative_r1__strict__06_combat_seq__post1,3class,RNASeq_FF_Total,32,3,0.8599,0.9886,06_combat_seq,prediction_best
E1_iterative_r1__strict__06_combat_seq__post1,3class,RNASeq_FF_Unknown,79,1,0.9936,,06_combat_seq,prediction_best
E1_iterative_r1__strict__06_combat_seq__post1,3class,RNASeq_FF_rRNADepletion,117,2,0.5558,0.893,06_combat_seq,prediction_best
E1_iterative_r1__strict__08_inmoose_combatseq__post0,2class,GPL1708_FF_Unknown,40,1,1.0,,08_inmoose_combatseq,prediction_best
E1_iterative_r1__strict__08_inmoose_combatseq__post0,2class,GPL17586_FF_Unknown,40,1,1.0,,08_inmoose_combatseq,prediction_best
E1_iterative_r1__strict__08_inmoose_combatseq__post0,2class,GPL570_FFPE_Unknown,800,1,1.0,,08_inmoose_combatseq,prediction_best
E1_iterative_r1__strict__08_inmoose_combatseq__post0,2class,GPL570_FF_Unknown,744,2,0.9413,0.9969,08_inmoose_combatseq,prediction_best
E1_iterative_r1__strict__08_inmoose_combatseq__post0,2class,GPL570_Unknown_Unknown,384,2,0.9678,0.9933,08_inmoose_combatseq,prediction_best
E1_iterative_r1__strict__08_inmoose_combatseq__post0,2class,GPL6244_FF_Unknown,119,1,1.0,,08_inmoose_combatseq,prediction_best
E1_iterative_r1__strict__08_inmoose_combatseq__post0,2class,GPL96+97_FF_Unknown,269,2,0.9519,0.9928,08_inmoose_combatseq,prediction_best
E1_iterative_r1__strict__08_inmoose_combatseq__post0,2class,GPL96_FFPE_Unknown,84,2,0.5207,0.6863,08_inmoose_combatseq,prediction_best
E1_iterative_r1__strict__08_inmoose_combatseq__post0,2class,GPL96_FF_Unknown,125,2,0.9422,0.9929,08_inmoose_combatseq,prediction_best
E1_iterative_r1__strict__08_inmoose_combatseq__post0,2class,RNASeq_FFPE_Exome_capture,891,2,0.9938,0.9994,08_inmoose_combatseq,prediction_best
E1_iterative_r1__strict__08_inmoose_combatseq__post0,2class,RNASeq_FFPE_PolyA,35,2,0.7304,0.9425,08_inmoose_combatseq,prediction_best
E1_iterative_r1__strict__08_inmoose_combatseq__post0,2class,RNASeq_FF_PolyA,914,2,0.66,0.8753,08_inmoose_combatseq,prediction_best
E1_iterative_r1__strict__08_inmoose_combatseq__post0,2class,RNASeq_FF_Total,28,2,0.8902,0.9867,08_inmoose_combatseq,prediction_best
E1_iterative_r1__strict__08_inmoose_combatseq__post0,2class,RNASeq_FF_rRNADepletion,14,1,0.1333,,08_inmoose_combatseq,prediction_best
E1_iterative_r1__strict__08_inmoose_combatseq__post0,3class,GPL13158_FF_Unknown,40,1,1.0,,08_inmoose_combatseq,prediction_best
E1_iterative_r1__strict__08_inmoose_combatseq__post0,3class,GPL16686_FF_Unknown,48,1,1.0,,08_inmoose_combatseq,prediction_best
E1_iterative_r1__strict__08_inmoose_combatseq__post0,3class,GPL17077_FF_Unknown,33,1,1.0,,08_inmoose_combatseq,prediction_best
E1_iterative_r1__strict__08_inmoose_combatseq__post0,3class,GPL1708_FF_Unknown,40,1,1.0,,08_inmoose_combatseq,prediction_best
E1_iterative_r1__strict__08_inmoose_combatseq__post0,3class,GPL17586_FF_Unknown,40,1,1.0,,08_inmoose_combatseq,prediction_best
E1_iterative_r1__strict__08_inmoose_combatseq__post0,3class,GPL20188_FF_Unknown,68,1,1.0,,08_inmoose_combatseq,prediction_best
E1_iterative_r1__strict__08_inmoose_combatseq__post0,3class,GPL23541_FF_Unknown,35,1,1.0,,08_inmoose_combatseq,prediction_best
E1_iterative_r1__strict__08_inmoose_combatseq__post0,3class,GPL570_FFPE_Unknown,800,1,0.9757,,08_inmoose_combatseq,prediction_best
E1_iterative_r1__strict__08_inmoose_combatseq__post0,3class,GPL570_FF_Unknown,994,3,0.9293,0.9942,08_inmoose_combatseq,prediction_best
E1_iterative_r1__strict__08_inmoose_combatseq__post0,3class,GPL570_Unknown_Unknown,384,2,0.9508,0.9923,08_inmoose_combatseq,prediction_best
E1_iterative_r1__strict__08_inmoose_combatseq__post0,3class,GPL6244_FF_Unknown,131,2,0.7798,0.9933,08_inmoose_combatseq,prediction_best
E1_iterative_r1__strict__08_inmoose_combatseq__post0,3class,GPL96+97_FF_Unknown,305,3,0.9481,0.9907,08_inmoose_combatseq,prediction_best
E1_iterative_r1__strict__08_inmoose_combatseq__post0,3class,GPL96_FFPE_Unknown,84,2,0.5536,0.6997,08_inmoose_combatseq,prediction_best
E1_iterative_r1__strict__08_inmoose_combatseq__post0,3class,GPL96_FF_Unknown,133,3,0.9728,0.9947,08_inmoose_combatseq,prediction_best
E1_iterative_r1__strict__08_inmoose_combatseq__post0,3class,RNASeq_FFPE_Exome_capture,891,2,0.9925,0.9996,08_inmoose_combatseq,prediction_best
E1_iterative_r1__strict__08_inmoose_combatseq__post0,3class,RNASeq_FFPE_PolyA,35,2,0.7304,0.9368,08_inmoose_combatseq,prediction_best
E1_iterative_r1__strict__08_inmoose_combatseq__post0,3class,RNASeq_FF_PolyA,1039,3,0.7339,0.9697,08_inmoose_combatseq,prediction_best
E1_iterative_r1__strict__08_inmoose_combatseq__post0,3class,RNASeq_FF_Total,32,3,0.8599,0.9924,08_inmoose_combatseq,prediction_best
E1_iterative_r1__strict__08_inmoose_combatseq__post0,3class,RNASeq_FF_Unknown,79,1,1.0,,08_inmoose_combatseq,prediction_best
E1_iterative_r1__strict__08_inmoose_combatseq__post0,3class,RNASeq_FF_rRNADepletion,117,2,0.5534,0.8944,08_inmoose_combatseq,prediction_best
E1_iterative_r1__strict__08_inmoose_combatseq__post1,2class,GPL1708_FF_Unknown,40,1,1.0,,08_inmoose_combatseq,prediction_best
E1_iterative_r1__strict__08_inmoose_combatseq__post1,2class,GPL17586_FF_Unknown,40,1,1.0,,08_inmoose_combatseq,prediction_best
E1_iterative_r1__strict__08_inmoose_combatseq__post1,2class,GPL570_FFPE_Unknown,800,1,1.0,,08_inmoose_combatseq,prediction_best
E1_iterative_r1__strict__08_inmoose_combatseq__post1,2class,GPL570_FF_Unknown,744,2,0.9398,0.9968,08_inmoose_combatseq,prediction_best
E1_iterative_r1__strict__08_inmoose_combatseq__post1,2class,GPL570_Unknown_Unknown,384,2,0.964,0.9935,08_inmoose_combatseq,prediction_best
E1_iterative_r1__strict__08_inmoose_combatseq__post1,2class,GPL6244_FF_Unknown,119,1,0.9829,,08_inmoose_combatseq,prediction_best
E1_iterative_r1__strict__08_inmoose_combatseq__post1,2class,GPL96+97_FF_Unknown,269,2,0.9519,0.9923,08_inmoose_combatseq,prediction_best
E1_iterative_r1__strict__08_inmoose_combatseq__post1,2class,GPL96_FFPE_Unknown,84,2,0.5451,0.6782,08_inmoose_combatseq,prediction_best
E1_iterative_r1__strict__08_inmoose_combatseq__post1,2class,GPL96_FF_Unknown,125,2,0.9422,0.9932,08_inmoose_combatseq,prediction_best
E1_iterative_r1__strict__08_inmoose_combatseq__post1,2class,RNASeq_FFPE_Exome_capture,891,2,0.9925,0.9995,08_inmoose_combatseq,prediction_best
E1_iterative_r1__strict__08_inmoose_combatseq__post1,2class,RNASeq_FFPE_PolyA,35,2,0.7304,0.9425,08_inmoose_combatseq,prediction_best
E1_iterative_r1__strict__08_inmoose_combatseq__post1,2class,RNASeq_FF_PolyA,914,2,0.6552,0.868,08_inmoose_combatseq,prediction_best
E1_iterative_r1__strict__08_inmoose_combatseq__post1,2class,RNASeq_FF_Total,28,2,0.8902,0.9867,08_inmoose_combatseq,prediction_best
E1_iterative_r1__strict__08_inmoose_combatseq__post1,2class,RNASeq_FF_rRNADepletion,14,1,0.1333,,08_inmoose_combatseq,prediction_best
E1_iterative_r1__strict__08_inmoose_combatseq__post1,3class,GPL13158_FF_Unknown,40,1,1.0,,08_inmoose_combatseq,prediction_best
E1_iterative_r1__strict__08_inmoose_combatseq__post1,3class,GPL16686_FF_Unknown,48,1,1.0,,08_inmoose_combatseq,prediction_best
E1_iterative_r1__strict__08_inmoose_combatseq__post1,3class,GPL1708_FF_Unknown,40,1,1.0,,08_inmoose_combatseq,prediction_best
E1_iterative_r1__strict__08_inmoose_combatseq__post1,3class,GPL17586_FF_Unknown,40,1,1.0,,08_inmoose_combatseq,prediction_best
E1_iterative_r1__strict__08_inmoose_combatseq__post1,3class,GPL20188_FF_Unknown,68,1,1.0,,08_inmoose_combatseq,prediction_best
E1_iterative_r1__strict__08_inmoose_combatseq__post1,3class,GPL23541_FF_Unknown,35,1,1.0,,08_inmoose_combatseq,prediction_best
E1_iterative_r1__strict__08_inmoose_combatseq__post1,3class,GPL570_FFPE_Unknown,800,1,0.9789,,08_inmoose_combatseq,prediction_best
E1_iterative_r1__strict__08_inmoose_combatseq__post1,3class,GPL570_FF_Unknown,994,3,0.9359,0.9941,08_inmoose_combatseq,prediction_best
E1_iterative_r1__strict__08_inmoose_combatseq__post1,3class,GPL570_Unknown_Unknown,384,2,0.9508,0.9925,08_inmoose_combatseq,prediction_best
E1_iterative_r1__strict__08_inmoose_combatseq__post1,3class,GPL6244_FF_Unknown,131,2,0.8581,0.987,08_inmoose_combatseq,prediction_best
E1_iterative_r1__strict__08_inmoose_combatseq__post1,3class,GPL96+97_FF_Unknown,305,3,0.9481,0.9902,08_inmoose_combatseq,prediction_best
E1_iterative_r1__strict__08_inmoose_combatseq__post1,3class,GPL96_FFPE_Unknown,84,2,0.5451,0.6968,08_inmoose_combatseq,prediction_best
E1_iterative_r1__strict__08_inmoose_combatseq__post1,3class,GPL96_FF_Unknown,133,3,0.9672,0.9952,08_inmoose_combatseq,prediction_best
E1_iterative_r1__strict__08_inmoose_combatseq__post1,3class,RNASeq_FFPE_Exome_capture,891,2,0.9912,0.9996,08_inmoose_combatseq,prediction_best
E1_iterative_r1__strict__08_inmoose_combatseq__post1,3class,RNASeq_FFPE_PolyA,35,2,0.7304,0.9368,08_inmoose_combatseq,prediction_best
E1_iterative_r1__strict__08_inmoose_combatseq__post1,3class,RNASeq_FF_PolyA,1039,3,0.7314,0.9675,08_inmoose_combatseq,prediction_best
E1_iterative_r1__strict__08_inmoose_combatseq__post1,3class,RNASeq_FF_Total,32,3,0.8599,0.9886,08_inmoose_combatseq,prediction_best
E1_iterative_r1__strict__08_inmoose_combatseq__post1,3class,RNASeq_FF_Unknown,79,1,0.9936,,08_inmoose_combatseq,prediction_best
E1_iterative_r1__strict__08_inmoose_combatseq__post1,3class,RNASeq_FF_rRNADepletion,117,2,0.5558,0.893,08_inmoose_combatseq,prediction_best
E2_iterative_r2__knn__05_combat__post0,2class,GPL1708_FF_Unknown,40,1,0.961,,05_combat,prediction_best
E2_iterative_r2__knn__05_combat__post0,2class,GPL17586_FF_Unknown,40,1,0.9873,,05_combat,prediction_best
E2_iterative_r2__knn__05_combat__post0,2class,GPL570_FFPE_Unknown,800,1,1.0,,05_combat,prediction_best
E2_iterative_r2__knn__05_combat__post0,2class,GPL570_FF_Unknown,744,2,0.9842,0.9997,05_combat,prediction_best
E2_iterative_r2__knn__05_combat__post0,2class,GPL570_Unknown_Unknown,384,2,0.9759,0.9903,05_combat,prediction_best
E2_iterative_r2__knn__05_combat__post0,2class,GPL6244_FF_Unknown,119,1,0.9652,,05_combat,prediction_best
E2_iterative_r2__knn__05_combat__post0,2class,GPL96+97_FF_Unknown,269,2,0.9489,0.9944,05_combat,prediction_best
E2_iterative_r2__knn__05_combat__post0,2class,GPL96_FFPE_Unknown,84,2,0.4615,0.6817,05_combat,prediction_best
E2_iterative_r2__knn__05_combat__post0,2class,GPL96_FF_Unknown,125,2,0.9592,0.9948,05_combat,prediction_best
E2_iterative_r2__knn__05_combat__post0,2class,RNASeq_FFPE_Exome_capture,891,2,0.9212,0.9975,05_combat,prediction_best
E2_iterative_r2__knn__05_combat__post0,2class,RNASeq_FFPE_PolyA,35,2,0.9528,0.9828,05_combat,prediction_best
E2_iterative_r2__knn__05_combat__post0,2class,RNASeq_FF_PolyA,914,2,0.5677,0.751,05_combat,prediction_best
E2_iterative_r2__knn__05_combat__post0,2class,RNASeq_FF_Total,28,2,0.9184,0.9867,05_combat,prediction_best
E2_iterative_r2__knn__05_combat__post0,2class,RNASeq_FF_rRNADepletion,14,1,1.0,,05_combat,prediction_best
E2_iterative_r2__knn__05_combat__post0,3class,GPL13158_FF_Unknown,40,1,1.0,,05_combat,prediction_best
E2_iterative_r2__knn__05_combat__post0,3class,GPL16686_FF_Unknown,48,1,1.0,,05_combat,prediction_best
E2_iterative_r2__knn__05_combat__post0,3class,GPL1708_FF_Unknown,40,1,0.9744,,05_combat,prediction_best
E2_iterative_r2__knn__05_combat__post0,3class,GPL17586_FF_Unknown,40,1,0.9873,,05_combat,prediction_best
E2_iterative_r2__knn__05_combat__post0,3class,GPL20188_FF_Unknown,68,1,1.0,,05_combat,prediction_best
E2_iterative_r2__knn__05_combat__post0,3class,GPL23541_FF_Unknown,35,1,1.0,,05_combat,prediction_best
E2_iterative_r2__knn__05_combat__post0,3class,GPL570_FFPE_Unknown,800,1,1.0,,05_combat,prediction_best
E2_iterative_r2__knn__05_combat__post0,3class,GPL570_FF_Unknown,994,3,0.9885,0.9999,05_combat,prediction_best
E2_iterative_r2__knn__05_combat__post0,3class,GPL570_Unknown_Unknown,384,2,0.972,0.9908,05_combat,prediction_best
E2_iterative_r2__knn__05_combat__post0,3class,GPL6244_FF_Unknown,131,2,0.2282,0.8876,05_combat,prediction_best
E2_iterative_r2__knn__05_combat__post0,3class,GPL96+97_FF_Unknown,305,3,0.9026,0.988,05_combat,prediction_best
E2_iterative_r2__knn__05_combat__post0,3class,GPL96_FFPE_Unknown,84,2,0.4615,0.6782,05_combat,prediction_best
E2_iterative_r2__knn__05_combat__post0,3class,GPL96_FF_Unknown,133,3,0.9782,0.9969,05_combat,prediction_best
E2_iterative_r2__knn__05_combat__post0,3class,RNASeq_FFPE_Exome_capture,891,2,0.8131,0.9654,05_combat,prediction_best
E2_iterative_r2__knn__05_combat__post0,3class,RNASeq_FFPE_PolyA,35,2,0.8994,0.9828,05_combat,prediction_best
E2_iterative_r2__knn__05_combat__post0,3class,RNASeq_FF_PolyA,1039,3,0.607,0.8602,05_combat,prediction_best
E2_iterative_r2__knn__05_combat__post0,3class,RNASeq_FF_Total,32,3,0.8042,0.9847,05_combat,prediction_best
E2_iterative_r2__knn__05_combat__post0,3class,RNASeq_FF_Unknown,79,1,1.0,,05_combat,prediction_best
E2_iterative_r2__knn__05_combat__post0,3class,RNASeq_FF_rRNADepletion,117,2,0.6455,0.965,05_combat,prediction_best
E2_iterative_r2__knn__05_combat__post1,2class,GPL1708_FF_Unknown,40,1,1.0,,05_combat,prediction_best
E2_iterative_r2__knn__05_combat__post1,2class,GPL17586_FF_Unknown,40,1,0.9873,,05_combat,prediction_best
E2_iterative_r2__knn__05_combat__post1,2class,GPL570_FFPE_Unknown,800,1,1.0,,05_combat,prediction_best
E2_iterative_r2__knn__05_combat__post1,2class,GPL570_FF_Unknown,744,2,0.9828,0.9997,05_combat,prediction_best
E2_iterative_r2__knn__05_combat__post1,2class,GPL570_Unknown_Unknown,384,2,0.9421,0.9911,05_combat,prediction_best
E2_iterative_r2__knn__05_combat__post1,2class,GPL96+97_FF_Unknown,269,2,0.9415,0.9897,05_combat,prediction_best
E2_iterative_r2__knn__05_combat__post1,2class,GPL96_FFPE_Unknown,84,2,0.5855,0.7975,05_combat,prediction_best
E2_iterative_r2__knn__05_combat__post1,2class,GPL96_FF_Unknown,125,2,0.9672,0.9958,05_combat,prediction_best
E2_iterative_r2__knn__05_combat__post1,2class,RNASeq_FFPE_Exome_capture,891,2,0.8872,0.9974,05_combat,prediction_best
E2_iterative_r2__knn__05_combat__post1,2class,RNASeq_FFPE_PolyA,35,2,0.9528,0.9828,05_combat,prediction_best
E2_iterative_r2__knn__05_combat__post1,2class,RNASeq_FF_PolyA,914,2,0.562,0.7673,05_combat,prediction_best
E2_iterative_r2__knn__05_combat__post1,2class,RNASeq_FF_Total,28,2,1.0,1.0,05_combat,prediction_best
E2_iterative_r2__knn__05_combat__post1,2class,RNASeq_FF_rRNADepletion,14,1,1.0,,05_combat,prediction_best
E2_iterative_r2__knn__05_combat__post1,3class,GPL13158_FF_Unknown,40,1,1.0,,05_combat,prediction_best
E2_iterative_r2__knn__05_combat__post1,3class,GPL16686_FF_Unknown,48,1,1.0,,05_combat,prediction_best
E2_iterative_r2__knn__05_combat__post1,3class,GPL1708_FF_Unknown,40,1,1.0,,05_combat,prediction_best
E2_iterative_r2__knn__05_combat__post1,3class,GPL17586_FF_Unknown,40,1,0.9873,,05_combat,prediction_best
E2_iterative_r2__knn__05_combat__post1,3class,GPL20188_FF_Unknown,68,1,1.0,,05_combat,prediction_best
E2_iterative_r2__knn__05_combat__post1,3class,GPL23541_FF_Unknown,35,1,1.0,,05_combat,prediction_best
E2_iterative_r2__knn__05_combat__post1,3class,GPL570_FFPE_Unknown,800,1,0.9671,,05_combat,prediction_best
E2_iterative_r2__knn__05_combat__post1,3class,GPL570_FF_Unknown,994,3,0.9885,0.9999,05_combat,prediction_best
E2_iterative_r2__knn__05_combat__post1,3class,GPL570_Unknown_Unknown,384,2,0.9279,0.9912,05_combat,prediction_best
E2_iterative_r2__knn__05_combat__post1,3class,GPL96+97_FF_Unknown,305,3,0.9585,0.9941,05_combat,prediction_best
E2_iterative_r2__knn__05_combat__post1,3class,GPL96_FFPE_Unknown,84,2,0.5746,0.8125,05_combat,prediction_best
E2_iterative_r2__knn__05_combat__post1,3class,GPL96_FF_Unknown,133,3,0.9782,0.9972,05_combat,prediction_best
E2_iterative_r2__knn__05_combat__post1,3class,RNASeq_FFPE_Exome_capture,891,2,0.8403,0.9653,05_combat,prediction_best
E2_iterative_r2__knn__05_combat__post1,3class,RNASeq_FFPE_PolyA,35,2,0.9528,0.9828,05_combat,prediction_best
E2_iterative_r2__knn__05_combat__post1,3class,RNASeq_FF_PolyA,1039,3,0.6299,0.903,05_combat,prediction_best
E2_iterative_r2__knn__05_combat__post1,3class,RNASeq_FF_Total,32,3,0.8599,0.9905,05_combat,prediction_best
E2_iterative_r2__knn__05_combat__post1,3class,RNASeq_FF_Unknown,79,1,1.0,,05_combat,prediction_best
E2_iterative_r2__knn__05_combat__post1,3class,RNASeq_FF_rRNADepletion,117,2,0.7346,0.9388,05_combat,prediction_best
E2_iterative_r2__softimpute__05_combat__post0,2class,GPL1708_FF_Unknown,40,1,0.9744,,05_combat,prediction_best
E2_iterative_r2__softimpute__05_combat__post0,2class,GPL17586_FF_Unknown,40,1,0.9873,,05_combat,prediction_best
E2_iterative_r2__softimpute__05_combat__post0,2class,GPL570_FFPE_Unknown,800,1,1.0,,05_combat,prediction_best
E2_iterative_r2__softimpute__05_combat__post0,2class,GPL570_FF_Unknown,744,2,0.9741,0.9992,05_combat,prediction_best
E2_iterative_r2__softimpute__05_combat__post0,2class,GPL570_Unknown_Unknown,384,2,0.9798,0.9865,05_combat,prediction_best
E2_iterative_r2__softimpute__05_combat__post0,2class,GPL6244_FF_Unknown,119,1,0.9872,,05_combat,prediction_best
E2_iterative_r2__softimpute__05_combat__post0,2class,GPL96+97_FF_Unknown,269,2,0.8302,0.9454,05_combat,prediction_best
E2_iterative_r2__softimpute__05_combat__post0,2class,GPL96_FFPE_Unknown,84,2,0.4615,0.3866,05_combat,prediction_best
E2_iterative_r2__softimpute__05_combat__post0,2class,GPL96_FF_Unknown,125,2,0.9837,1.0,05_combat,prediction_best
E2_iterative_r2__softimpute__05_combat__post0,2class,RNASeq_FFPE_Exome_capture,891,2,0.9645,0.9963,05_combat,prediction_best
E2_iterative_r2__softimpute__05_combat__post0,2class,RNASeq_FFPE_PolyA,35,2,0.7321,0.9425,05_combat,prediction_best
E2_iterative_r2__softimpute__05_combat__post0,2class,RNASeq_FF_PolyA,914,2,0.5859,0.8006,05_combat,prediction_best
E2_iterative_r2__softimpute__05_combat__post0,2class,RNASeq_FF_Total,28,2,1.0,1.0,05_combat,prediction_best
E2_iterative_r2__softimpute__05_combat__post0,2class,RNASeq_FF_rRNADepletion,14,1,1.0,,05_combat,prediction_best
E2_iterative_r2__softimpute__05_combat__post0,3class,GPL13158_FF_Unknown,40,1,1.0,,05_combat,prediction_best
E2_iterative_r2__softimpute__05_combat__post0,3class,GPL16686_FF_Unknown,48,1,1.0,,05_combat,prediction_best
E2_iterative_r2__softimpute__05_combat__post0,3class,GPL1708_FF_Unknown,40,1,0.9744,,05_combat,prediction_best
E2_iterative_r2__softimpute__05_combat__post0,3class,GPL17586_FF_Unknown,40,1,0.9873,,05_combat,prediction_best
E2_iterative_r2__softimpute__05_combat__post0,3class,GPL20188_FF_Unknown,68,1,1.0,,05_combat,prediction_best
E2_iterative_r2__softimpute__05_combat__post0,3class,GPL23541_FF_Unknown,35,1,1.0,,05_combat,prediction_best
E2_iterative_r2__softimpute__05_combat__post0,3class,GPL570_FFPE_Unknown,800,1,1.0,,05_combat,prediction_best
E2_iterative_r2__softimpute__05_combat__post0,3class,GPL570_FF_Unknown,994,3,0.9837,0.9997,05_combat,prediction_best
E2_iterative_r2__softimpute__05_combat__post0,3class,GPL570_Unknown_Unknown,384,2,0.9798,0.9861,05_combat,prediction_best
E2_iterative_r2__softimpute__05_combat__post0,3class,GPL6244_FF_Unknown,131,2,0.9936,1.0,05_combat,prediction_best
E2_iterative_r2__softimpute__05_combat__post0,3class,GPL96+97_FF_Unknown,305,3,0.8636,0.9656,05_combat,prediction_best
E2_iterative_r2__softimpute__05_combat__post0,3class,GPL96_FFPE_Unknown,84,2,0.4615,0.3819,05_combat,prediction_best
E2_iterative_r2__softimpute__05_combat__post0,3class,GPL96_FF_Unknown,133,3,0.4559,0.7996,05_combat,prediction_best
E2_iterative_r2__softimpute__05_combat__post0,3class,RNASeq_FFPE_Exome_capture,891,2,0.9657,0.9966,05_combat,prediction_best
E2_iterative_r2__softimpute__05_combat__post0,3class,RNASeq_FFPE_PolyA,35,2,0.7321,0.9425,05_combat,prediction_best
E2_iterative_r2__softimpute__05_combat__post0,3class,RNASeq_FF_PolyA,1039,3,0.6645,0.9284,05_combat,prediction_best
E2_iterative_r2__softimpute__05_combat__post0,3class,RNASeq_FF_Total,32,3,0.6002,0.9943,05_combat,prediction_best
E2_iterative_r2__softimpute__05_combat__post0,3class,RNASeq_FF_Unknown,79,1,1.0,,05_combat,prediction_best
E2_iterative_r2__softimpute__05_combat__post0,3class,RNASeq_FF_rRNADepletion,117,2,0.9071,0.9935,05_combat,prediction_best
E2_iterative_r2__softimpute__05_combat__post1,2class,GPL1708_FF_Unknown,40,1,0.9744,,05_combat,prediction_best
E2_iterative_r2__softimpute__05_combat__post1,2class,GPL17586_FF_Unknown,40,1,0.9873,,05_combat,prediction_best
E2_iterative_r2__softimpute__05_combat__post1,2class,GPL570_FFPE_Unknown,800,1,1.0,,05_combat,prediction_best
E2_iterative_r2__softimpute__05_combat__post1,2class,GPL570_FF_Unknown,744,2,0.977,0.9994,05_combat,prediction_best
E2_iterative_r2__softimpute__05_combat__post1,2class,GPL570_Unknown_Unknown,384,2,0.9798,0.9865,05_combat,prediction_best
E2_iterative_r2__softimpute__05_combat__post1,2class,GPL6244_FF_Unknown,119,1,0.9915,,05_combat,prediction_best
E2_iterative_r2__softimpute__05_combat__post1,2class,GPL96+97_FF_Unknown,269,2,0.8302,0.946,05_combat,prediction_best
E2_iterative_r2__softimpute__05_combat__post1,2class,GPL96_FFPE_Unknown,84,2,0.4615,0.4167,05_combat,prediction_best
E2_iterative_r2__softimpute__05_combat__post1,2class,GPL96_FF_Unknown,125,2,0.9837,1.0,05_combat,prediction_best
E2_iterative_r2__softimpute__05_combat__post1,2class,RNASeq_FFPE_Exome_capture,891,2,0.9693,0.9972,05_combat,prediction_best
E2_iterative_r2__softimpute__05_combat__post1,2class,RNASeq_FFPE_PolyA,35,2,0.7321,0.9425,05_combat,prediction_best
E2_iterative_r2__softimpute__05_combat__post1,2class,RNASeq_FF_PolyA,914,2,0.5859,0.8213,05_combat,prediction_best
E2_iterative_r2__softimpute__05_combat__post1,2class,RNASeq_FF_Total,28,2,1.0,1.0,05_combat,prediction_best
E2_iterative_r2__softimpute__05_combat__post1,2class,RNASeq_FF_rRNADepletion,14,1,1.0,,05_combat,prediction_best
E2_iterative_r2__softimpute__05_combat__post1,3class,GPL13158_FF_Unknown,40,1,1.0,,05_combat,prediction_best
E2_iterative_r2__softimpute__05_combat__post1,3class,GPL16686_FF_Unknown,48,1,1.0,,05_combat,prediction_best
E2_iterative_r2__softimpute__05_combat__post1,3class,GPL1708_FF_Unknown,40,1,0.9744,,05_combat,prediction_best
E2_iterative_r2__softimpute__05_combat__post1,3class,GPL17586_FF_Unknown,40,1,0.9873,,05_combat,prediction_best
E2_iterative_r2__softimpute__05_combat__post1,3class,GPL23541_FF_Unknown,35,1,1.0,,05_combat,prediction_best
E2_iterative_r2__softimpute__05_combat__post1,3class,GPL570_FFPE_Unknown,800,1,1.0,,05_combat,prediction_best
E2_iterative_r2__softimpute__05_combat__post1,3class,GPL570_FF_Unknown,994,3,0.9846,0.9997,05_combat,prediction_best
E2_iterative_r2__softimpute__05_combat__post1,3class,GPL570_Unknown_Unknown,384,2,0.9798,0.9862,05_combat,prediction_best
E2_iterative_r2__softimpute__05_combat__post1,3class,GPL6244_FF_Unknown,131,2,0.9958,1.0,05_combat,prediction_best
E2_iterative_r2__softimpute__05_combat__post1,3class,GPL96+97_FF_Unknown,305,3,0.8688,0.9663,05_combat,prediction_best
E2_iterative_r2__softimpute__05_combat__post1,3class,GPL96_FFPE_Unknown,84,2,0.4615,0.4074,05_combat,prediction_best
E2_iterative_r2__softimpute__05_combat__post1,3class,GPL96_FF_Unknown,133,3,0.718,0.9642,05_combat,prediction_best
E2_iterative_r2__softimpute__05_combat__post1,3class,RNASeq_FFPE_Exome_capture,891,2,0.9693,0.9973,05_combat,prediction_best
E2_iterative_r2__softimpute__05_combat__post1,3class,RNASeq_FFPE_PolyA,35,2,0.7321,0.9425,05_combat,prediction_best
E2_iterative_r2__softimpute__05_combat__post1,3class,RNASeq_FF_PolyA,1039,3,0.6544,0.9394,05_combat,prediction_best
E2_iterative_r2__softimpute__05_combat__post1,3class,RNASeq_FF_Total,32,3,0.6002,0.9905,05_combat,prediction_best
E2_iterative_r2__softimpute__05_combat__post1,3class,RNASeq_FF_Unknown,79,1,1.0,,05_combat,prediction_best
E2_iterative_r2__softimpute__05_combat__post1,3class,RNASeq_FF_rRNADepletion,117,2,0.9071,0.9939,05_combat,prediction_best
E2_iterative_r2__softimpute__20_shambhala__post0,2class,GPL1708_FF_Unknown,40,1,1.0,,20_shambhala,prediction_best
E2_iterative_r2__softimpute__20_shambhala__post0,2class,GPL17586_FF_Unknown,40,1,0.8732,,20_shambhala,prediction_best
E2_iterative_r2__softimpute__20_shambhala__post0,2class,GPL570_FFPE_Unknown,800,1,0.9918,,20_shambhala,prediction_best
E2_iterative_r2__softimpute__20_shambhala__post0,2class,GPL570_FF_Unknown,744,2,0.9019,0.9865,20_shambhala,prediction_best
E2_iterative_r2__softimpute__20_shambhala__post0,2class,GPL570_Unknown_Unknown,384,2,0.8119,0.9506,20_shambhala,prediction_best
E2_iterative_r2__softimpute__20_shambhala__post0,2class,GPL6244_FF_Unknown,119,1,0.9515,,20_shambhala,prediction_best
E2_iterative_r2__softimpute__20_shambhala__post0,2class,GPL96+97_FF_Unknown,269,2,0.9304,0.9904,20_shambhala,prediction_best
E2_iterative_r2__softimpute__20_shambhala__post0,2class,GPL96_FFPE_Unknown,84,2,0.5729,0.7118,20_shambhala,prediction_best
E2_iterative_r2__softimpute__20_shambhala__post0,2class,GPL96_FF_Unknown,125,2,0.8657,0.9324,20_shambhala,prediction_best
E2_iterative_r2__softimpute__20_shambhala__post0,2class,RNASeq_FFPE_Exome_capture,891,2,0.8086,0.9927,20_shambhala,prediction_best
E2_iterative_r2__softimpute__20_shambhala__post0,2class,RNASeq_FFPE_PolyA,35,2,0.7667,0.9483,20_shambhala,prediction_best
E2_iterative_r2__softimpute__20_shambhala__post0,2class,RNASeq_FF_PolyA,914,2,0.6007,0.9857,20_shambhala,prediction_best
E2_iterative_r2__softimpute__20_shambhala__post0,2class,RNASeq_FF_Total,28,2,0.8014,0.9733,20_shambhala,prediction_best
E2_iterative_r2__softimpute__20_shambhala__post0,2class,RNASeq_FF_rRNADepletion,14,1,0.8333,,20_shambhala,prediction_best
E2_iterative_r2__softimpute__20_shambhala__post0,3class,GPL13158_FF_Unknown,40,1,1.0,,20_shambhala,prediction_best
E2_iterative_r2__softimpute__20_shambhala__post0,3class,GPL16686_FF_Unknown,48,1,1.0,,20_shambhala,prediction_best
E2_iterative_r2__softimpute__20_shambhala__post0,3class,GPL1708_FF_Unknown,40,1,0.9744,,20_shambhala,prediction_best
E2_iterative_r2__softimpute__20_shambhala__post0,3class,GPL17586_FF_Unknown,40,1,0.9041,,20_shambhala,prediction_best
E2_iterative_r2__softimpute__20_shambhala__post0,3class,GPL20188_FF_Unknown,68,1,1.0,,20_shambhala,prediction_best
E2_iterative_r2__softimpute__20_shambhala__post0,3class,GPL23541_FF_Unknown,35,1,1.0,,20_shambhala,prediction_best
E2_iterative_r2__softimpute__20_shambhala__post0,3class,GPL570_FFPE_Unknown,800,1,0.8835,,20_shambhala,prediction_best
E2_iterative_r2__softimpute__20_shambhala__post0,3class,GPL570_FF_Unknown,994,3,0.9424,0.9941,20_shambhala,prediction_best
E2_iterative_r2__softimpute__20_shambhala__post0,3class,GPL570_Unknown_Unknown,384,2,0.7567,0.9223,20_shambhala,prediction_best
E2_iterative_r2__softimpute__20_shambhala__post0,3class,GPL6244_FF_Unknown,131,2,0.8986,1.0,20_shambhala,prediction_best
E2_iterative_r2__softimpute__20_shambhala__post0,3class,GPL96+97_FF_Unknown,305,3,0.954,0.9954,20_shambhala,prediction_best
E2_iterative_r2__softimpute__20_shambhala__post0,3class,GPL96_FFPE_Unknown,84,2,0.5444,0.7118,20_shambhala,prediction_best
E2_iterative_r2__softimpute__20_shambhala__post0,3class,GPL96_FF_Unknown,133,3,0.9098,0.9609,20_shambhala,prediction_best
E2_iterative_r2__softimpute__20_shambhala__post0,3class,RNASeq_FFPE_Exome_capture,891,2,0.7719,0.9897,20_shambhala,prediction_best
E2_iterative_r2__softimpute__20_shambhala__post0,3class,RNASeq_FFPE_PolyA,35,2,0.8583,0.954,20_shambhala,prediction_best
E2_iterative_r2__softimpute__20_shambhala__post0,3class,RNASeq_FF_PolyA,1039,3,0.5805,0.9729,20_shambhala,prediction_best
E2_iterative_r2__softimpute__20_shambhala__post0,3class,RNASeq_FF_Total,32,3,0.8325,0.9981,20_shambhala,prediction_best
E2_iterative_r2__softimpute__20_shambhala__post0,3class,RNASeq_FF_Unknown,79,1,0.9673,,20_shambhala,prediction_best
E2_iterative_r2__softimpute__20_shambhala__post0,3class,RNASeq_FF_rRNADepletion,117,2,0.6816,0.9107,20_shambhala,prediction_best
E2_iterative_r2__softimpute__20_shambhala__post1,2class,GPL1708_FF_Unknown,40,1,1.0,,20_shambhala,prediction_best
E2_iterative_r2__softimpute__20_shambhala__post1,2class,GPL17586_FF_Unknown,40,1,0.8235,,20_shambhala,prediction_best
E2_iterative_r2__softimpute__20_shambhala__post1,2class,GPL570_FFPE_Unknown,800,1,0.9918,,20_shambhala,prediction_best
E2_iterative_r2__softimpute__20_shambhala__post1,2class,GPL570_FF_Unknown,744,2,0.9059,0.9869,20_shambhala,prediction_best
E2_iterative_r2__softimpute__20_shambhala__post1,2class,GPL570_Unknown_Unknown,384,2,0.8119,0.9511,20_shambhala,prediction_best
E2_iterative_r2__softimpute__20_shambhala__post1,2class,GPL6244_FF_Unknown,119,1,0.9515,,20_shambhala,prediction_best
E2_iterative_r2__softimpute__20_shambhala__post1,2class,GPL96+97_FF_Unknown,269,2,0.9304,0.9895,20_shambhala,prediction_best
E2_iterative_r2__softimpute__20_shambhala__post1,2class,GPL96_FFPE_Unknown,84,2,0.5729,0.7106,20_shambhala,prediction_best
E2_iterative_r2__softimpute__20_shambhala__post1,2class,GPL96_FF_Unknown,125,2,0.8657,0.9327,20_shambhala,prediction_best
E2_iterative_r2__softimpute__20_shambhala__post1,2class,RNASeq_FFPE_Exome_capture,891,2,0.8052,0.9925,20_shambhala,prediction_best
E2_iterative_r2__softimpute__20_shambhala__post1,2class,RNASeq_FFPE_PolyA,35,2,0.7667,0.9483,20_shambhala,prediction_best
E2_iterative_r2__softimpute__20_shambhala__post1,2class,RNASeq_FF_PolyA,914,2,0.5994,0.9855,20_shambhala,prediction_best
E2_iterative_r2__softimpute__20_shambhala__post1,2class,RNASeq_FF_Total,28,2,0.8014,0.96,20_shambhala,prediction_best
E2_iterative_r2__softimpute__20_shambhala__post1,2class,RNASeq_FF_rRNADepletion,14,1,0.88,,20_shambhala,prediction_best
E2_iterative_r2__softimpute__20_shambhala__post1,3class,GPL13158_FF_Unknown,40,1,1.0,,20_shambhala,prediction_best
E2_iterative_r2__softimpute__20_shambhala__post1,3class,GPL1708_FF_Unknown,40,1,0.9744,,20_shambhala,prediction_best
E2_iterative_r2__softimpute__20_shambhala__post1,3class,GPL17586_FF_Unknown,40,1,0.9041,,20_shambhala,prediction_best
E2_iterative_r2__softimpute__20_shambhala__post1,3class,GPL20188_FF_Unknown,68,1,1.0,,20_shambhala,prediction_best
E2_iterative_r2__softimpute__20_shambhala__post1,3class,GPL23541_FF_Unknown,35,1,1.0,,20_shambhala,prediction_best
E2_iterative_r2__softimpute__20_shambhala__post1,3class,GPL570_FFPE_Unknown,800,1,0.8966,,20_shambhala,prediction_best
E2_iterative_r2__softimpute__20_shambhala__post1,3class,GPL570_FF_Unknown,994,3,0.945,0.9942,20_shambhala,prediction_best
E2_iterative_r2__softimpute__20_shambhala__post1,3class,GPL570_Unknown_Unknown,384,2,0.7567,0.9221,20_shambhala,prediction_best
E2_iterative_r2__softimpute__20_shambhala__post1,3class,GPL6244_FF_Unknown,131,2,0.9011,1.0,20_shambhala,prediction_best
E2_iterative_r2__softimpute__20_shambhala__post1,3class,GPL96+97_FF_Unknown,305,3,0.954,0.9951,20_shambhala,prediction_best
E2_iterative_r2__softimpute__20_shambhala__post1,3class,GPL96_FFPE_Unknown,84,2,0.5444,0.7118,20_shambhala,prediction_best
E2_iterative_r2__softimpute__20_shambhala__post1,3class,GPL96_FF_Unknown,133,3,0.9098,0.9606,20_shambhala,prediction_best
E2_iterative_r2__softimpute__20_shambhala__post1,3class,RNASeq_FFPE_Exome_capture,891,2,0.7857,0.9893,20_shambhala,prediction_best
E2_iterative_r2__softimpute__20_shambhala__post1,3class,RNASeq_FFPE_PolyA,35,2,0.8583,0.954,20_shambhala,prediction_best
E2_iterative_r2__softimpute__20_shambhala__post1,3class,RNASeq_FF_PolyA,1039,3,0.5764,0.9713,20_shambhala,prediction_best
E2_iterative_r2__softimpute__20_shambhala__post1,3class,RNASeq_FF_Total,32,3,0.8325,0.9981,20_shambhala,prediction_best
E2_iterative_r2__softimpute__20_shambhala__post1,3class,RNASeq_FF_Unknown,79,1,0.974,,20_shambhala,prediction_best
E2_iterative_r2__softimpute__20_shambhala__post1,3class,RNASeq_FF_rRNADepletion,117,2,0.6816,0.9079,20_shambhala,prediction_best
E2_iterative_r2__strict__05_combat__post0,2class,GPL1708_FF_Unknown,40,1,0.9744,,05_combat,prediction_best
E2_iterative_r2__strict__05_combat__post0,2class,GPL17586_FF_Unknown,40,1,0.9873,,05_combat,prediction_best
E2_iterative_r2__strict__05_combat__post0,2class,GPL570_FFPE_Unknown,800,1,0.9994,,05_combat,prediction_best
E2_iterative_r2__strict__05_combat__post0,2class,GPL570_FF_Unknown,744,2,0.9928,0.9998,05_combat,prediction_best
E2_iterative_r2__strict__05_combat__post0,2class,GPL570_Unknown_Unknown,384,2,0.9798,0.9932,05_combat,prediction_best
E2_iterative_r2__strict__05_combat__post0,2class,GPL6244_FF_Unknown,119,1,0.9231,,05_combat,prediction_best
E2_iterative_r2__strict__05_combat__post0,2class,GPL96+97_FF_Unknown,269,2,0.8788,0.967,05_combat,prediction_best
E2_iterative_r2__strict__05_combat__post0,2class,GPL96_FFPE_Unknown,84,2,0.5242,0.8461,05_combat,prediction_best
E2_iterative_r2__strict__05_combat__post0,2class,GPL96_FF_Unknown,125,2,0.9109,0.9801,05_combat,prediction_best
E2_iterative_r2__strict__05_combat__post0,2class,RNASeq_FFPE_Exome_capture,891,2,0.9742,0.999,05_combat,prediction_best
E2_iterative_r2__strict__05_combat__post0,2class,RNASeq_FFPE_PolyA,35,2,0.9528,0.977,05_combat,prediction_best
E2_iterative_r2__strict__05_combat__post0,2class,RNASeq_FF_PolyA,914,2,0.5804,0.7014,05_combat,prediction_best
E2_iterative_r2__strict__05_combat__post0,2class,RNASeq_FF_Total,28,2,0.9184,1.0,05_combat,prediction_best
E2_iterative_r2__strict__05_combat__post0,2class,RNASeq_FF_rRNADepletion,14,1,0.88,,05_combat,prediction_best
E2_iterative_r2__strict__05_combat__post0,3class,GPL13158_FF_Unknown,40,1,1.0,,05_combat,prediction_best
E2_iterative_r2__strict__05_combat__post0,3class,GPL16686_FF_Unknown,48,1,1.0,,05_combat,prediction_best
E2_iterative_r2__strict__05_combat__post0,3class,GPL1708_FF_Unknown,40,1,0.9744,,05_combat,prediction_best
E2_iterative_r2__strict__05_combat__post0,3class,GPL17586_FF_Unknown,40,1,0.9873,,05_combat,prediction_best
E2_iterative_r2__strict__05_combat__post0,3class,GPL20188_FF_Unknown,68,1,1.0,,05_combat,prediction_best
E2_iterative_r2__strict__05_combat__post0,3class,GPL23541_FF_Unknown,35,1,1.0,,05_combat,prediction_best
E2_iterative_r2__strict__05_combat__post0,3class,GPL570_FFPE_Unknown,800,1,0.9994,,05_combat,prediction_best
E2_iterative_r2__strict__05_combat__post0,3class,GPL570_FF_Unknown,994,3,0.994,0.9999,05_combat,prediction_best
E2_iterative_r2__strict__05_combat__post0,3class,GPL570_Unknown_Unknown,384,2,0.979,0.9936,05_combat,prediction_best
E2_iterative_r2__strict__05_combat__post0,3class,GPL6244_FF_Unknown,131,2,0.4204,0.6842,05_combat,prediction_best
E2_iterative_r2__strict__05_combat__post0,3class,GPL96+97_FF_Unknown,305,3,0.8066,0.9627,05_combat,prediction_best
E2_iterative_r2__strict__05_combat__post0,3class,GPL96_FFPE_Unknown,84,2,0.5974,0.8692,05_combat,prediction_best
E2_iterative_r2__strict__05_combat__post0,3class,GPL96_FF_Unknown,133,3,0.8982,0.9831,05_combat,prediction_best
E2_iterative_r2__strict__05_combat__post0,3class,RNASeq_FFPE_Exome_capture,891,2,0.9737,0.999,05_combat,prediction_best
E2_iterative_r2__strict__05_combat__post0,3class,RNASeq_FFPE_PolyA,35,2,0.8382,0.977,05_combat,prediction_best
E2_iterative_r2__strict__05_combat__post0,3class,RNASeq_FF_PolyA,1039,3,0.6545,0.8868,05_combat,prediction_best
E2_iterative_r2__strict__05_combat__post0,3class,RNASeq_FF_Total,32,3,0.9194,0.9981,05_combat,prediction_best
E2_iterative_r2__strict__05_combat__post0,3class,RNASeq_FF_Unknown,79,1,1.0,,05_combat,prediction_best
E2_iterative_r2__strict__05_combat__post0,3class,RNASeq_FF_rRNADepletion,117,2,0.7727,0.9458,05_combat,prediction_best
E2_iterative_r2__strict__05_combat__post1,2class,GPL17586_FF_Unknown,40,1,0.9873,,05_combat,prediction_best
E2_iterative_r2__strict__05_combat__post1,2class,GPL570_FFPE_Unknown,800,1,0.9994,,05_combat,prediction_best
E2_iterative_r2__strict__05_combat__post1,2class,GPL570_FF_Unknown,744,2,0.9928,0.9998,05_combat,prediction_best
E2_iterative_r2__strict__05_combat__post1,2class,GPL570_Unknown_Unknown,384,2,0.9798,0.9933,05_combat,prediction_best
E2_iterative_r2__strict__05_combat__post1,2class,GPL6244_FF_Unknown,119,1,0.9422,,05_combat,prediction_best
E2_iterative_r2__strict__05_combat__post1,2class,GPL96+97_FF_Unknown,269,2,0.8736,0.9582,05_combat,prediction_best
E2_iterative_r2__strict__05_combat__post1,2class,GPL96_FFPE_Unknown,84,2,0.5855,0.8438,05_combat,prediction_best
E2_iterative_r2__strict__05_combat__post1,2class,GPL96_FF_Unknown,125,2,0.9191,0.9798,05_combat,prediction_best
E2_iterative_r2__strict__05_combat__post1,2class,RNASeq_FFPE_Exome_capture,891,2,0.9754,0.9992,05_combat,prediction_best
E2_iterative_r2__strict__05_combat__post1,2class,RNASeq_FFPE_PolyA,35,2,0.9528,0.977,05_combat,prediction_best
E2_iterative_r2__strict__05_combat__post1,2class,RNASeq_FF_PolyA,914,2,0.5776,0.711,05_combat,prediction_best
E2_iterative_r2__strict__05_combat__post1,2class,RNASeq_FF_Total,28,2,0.9184,1.0,05_combat,prediction_best
E2_iterative_r2__strict__05_combat__post1,2class,RNASeq_FF_rRNADepletion,14,1,0.88,,05_combat,prediction_best
E2_iterative_r2__strict__05_combat__post1,3class,GPL13158_FF_Unknown,40,1,1.0,,05_combat,prediction_best
E2_iterative_r2__strict__05_combat__post1,3class,GPL16686_FF_Unknown,48,1,1.0,,05_combat,prediction_best
E2_iterative_r2__strict__05_combat__post1,3class,GPL17586_FF_Unknown,40,1,0.9873,,05_combat,prediction_best
E2_iterative_r2__strict__05_combat__post1,3class,GPL20188_FF_Unknown,68,1,1.0,,05_combat,prediction_best
E2_iterative_r2__strict__05_combat__post1,3class,GPL23541_FF_Unknown,35,1,1.0,,05_combat,prediction_best
E2_iterative_r2__strict__05_combat__post1,3class,GPL570_FFPE_Unknown,800,1,0.9994,,05_combat,prediction_best
E2_iterative_r2__strict__05_combat__post1,3class,GPL570_FF_Unknown,994,3,0.994,0.9999,05_combat,prediction_best
E2_iterative_r2__strict__05_combat__post1,3class,GPL570_Unknown_Unknown,384,2,0.979,0.9935,05_combat,prediction_best
E2_iterative_r2__strict__05_combat__post1,3class,GPL6244_FF_Unknown,131,2,0.4329,0.702,05_combat,prediction_best
E2_iterative_r2__strict__05_combat__post1,3class,GPL96+97_FF_Unknown,305,3,0.8041,0.9586,05_combat,prediction_best
E2_iterative_r2__strict__05_combat__post1,3class,GPL96_FFPE_Unknown,84,2,0.64,0.8704,05_combat,prediction_best
E2_iterative_r2__strict__05_combat__post1,3class,GPL96_FF_Unknown,133,3,0.8985,0.9819,05_combat,prediction_best
E2_iterative_r2__strict__05_combat__post1,3class,RNASeq_FFPE_Exome_capture,891,2,0.9737,0.9991,05_combat,prediction_best
E2_iterative_r2__strict__05_combat__post1,3class,RNASeq_FFPE_PolyA,35,2,0.8994,0.977,05_combat,prediction_best
E2_iterative_r2__strict__05_combat__post1,3class,RNASeq_FF_PolyA,1039,3,0.6521,0.8894,05_combat,prediction_best
E2_iterative_r2__strict__05_combat__post1,3class,RNASeq_FF_Total,32,3,0.9194,0.9981,05_combat,prediction_best
E2_iterative_r2__strict__05_combat__post1,3class,RNASeq_FF_Unknown,79,1,1.0,,05_combat,prediction_best
E2_iterative_r2__strict__05_combat__post1,3class,RNASeq_FF_rRNADepletion,117,2,0.7727,0.9458,05_combat,prediction_best
E2_iterative_r2__strict__06_combat_seq__post0,2class,GPL1708_FF_Unknown,40,1,1.0,,06_combat_seq,prediction_best
E2_iterative_r2__strict__06_combat_seq__post0,2class,GPL17586_FF_Unknown,40,1,1.0,,06_combat_seq,prediction_best
E2_iterative_r2__strict__06_combat_seq__post0,2class,GPL570_FFPE_Unknown,800,1,1.0,,06_combat_seq,prediction_best
E2_iterative_r2__strict__06_combat_seq__post0,2class,GPL570_FF_Unknown,744,2,0.9413,0.9969,06_combat_seq,prediction_best
E2_iterative_r2__strict__06_combat_seq__post0,2class,GPL570_Unknown_Unknown,384,2,0.964,0.9933,06_combat_seq,prediction_best
E2_iterative_r2__strict__06_combat_seq__post0,2class,GPL6244_FF_Unknown,119,1,0.3472,,06_combat_seq,prediction_best
E2_iterative_r2__strict__06_combat_seq__post0,2class,GPL96+97_FF_Unknown,269,2,0.9519,0.9922,06_combat_seq,prediction_best
E2_iterative_r2__strict__06_combat_seq__post0,2class,GPL96_FFPE_Unknown,84,2,0.513,0.6736,06_combat_seq,prediction_best
E2_iterative_r2__strict__06_combat_seq__post0,2class,GPL96_FF_Unknown,125,2,0.9422,0.9934,06_combat_seq,prediction_best
E2_iterative_r2__strict__06_combat_seq__post0,2class,RNASeq_FFPE_Exome_capture,891,2,0.9925,0.9995,06_combat_seq,prediction_best
E2_iterative_r2__strict__06_combat_seq__post0,2class,RNASeq_FFPE_PolyA,35,2,0.7304,0.9425,06_combat_seq,prediction_best
E2_iterative_r2__strict__06_combat_seq__post0,2class,RNASeq_FF_PolyA,914,2,0.6552,0.8669,06_combat_seq,prediction_best
E2_iterative_r2__strict__06_combat_seq__post0,2class,RNASeq_FF_Total,28,2,0.8902,0.9867,06_combat_seq,prediction_best
E2_iterative_r2__strict__06_combat_seq__post0,2class,RNASeq_FF_rRNADepletion,14,1,0.1333,,06_combat_seq,prediction_best
E2_iterative_r2__strict__06_combat_seq__post0,3class,GPL13158_FF_Unknown,40,1,1.0,,06_combat_seq,prediction_best
E2_iterative_r2__strict__06_combat_seq__post0,3class,GPL16686_FF_Unknown,48,1,1.0,,06_combat_seq,prediction_best
E2_iterative_r2__strict__06_combat_seq__post0,3class,GPL1708_FF_Unknown,40,1,1.0,,06_combat_seq,prediction_best
E2_iterative_r2__strict__06_combat_seq__post0,3class,GPL17586_FF_Unknown,40,1,1.0,,06_combat_seq,prediction_best
E2_iterative_r2__strict__06_combat_seq__post0,3class,GPL20188_FF_Unknown,68,1,1.0,,06_combat_seq,prediction_best
E2_iterative_r2__strict__06_combat_seq__post0,3class,GPL23541_FF_Unknown,35,1,1.0,,06_combat_seq,prediction_best
E2_iterative_r2__strict__06_combat_seq__post0,3class,GPL570_FFPE_Unknown,800,1,0.9796,,06_combat_seq,prediction_best
E2_iterative_r2__strict__06_combat_seq__post0,3class,GPL570_FF_Unknown,994,3,0.9379,0.994,06_combat_seq,prediction_best
E2_iterative_r2__strict__06_combat_seq__post0,3class,GPL570_Unknown_Unknown,384,2,0.9508,0.9923,06_combat_seq,prediction_best
E2_iterative_r2__strict__06_combat_seq__post0,3class,GPL6244_FF_Unknown,131,2,0.6063,0.993,06_combat_seq,prediction_best
E2_iterative_r2__strict__06_combat_seq__post0,3class,GPL96+97_FF_Unknown,305,3,0.9481,0.9902,06_combat_seq,prediction_best
E2_iterative_r2__strict__06_combat_seq__post0,3class,GPL96_FFPE_Unknown,84,2,0.5451,0.6939,06_combat_seq,prediction_best
E2_iterative_r2__strict__06_combat_seq__post0,3class,GPL96_FF_Unknown,133,3,0.9672,0.9953,06_combat_seq,prediction_best
E2_iterative_r2__strict__06_combat_seq__post0,3class,RNASeq_FFPE_Exome_capture,891,2,0.9912,0.9996,06_combat_seq,prediction_best
E2_iterative_r2__strict__06_combat_seq__post0,3class,RNASeq_FFPE_PolyA,35,2,0.7304,0.9368,06_combat_seq,prediction_best
E2_iterative_r2__strict__06_combat_seq__post0,3class,RNASeq_FF_PolyA,1039,3,0.7339,0.9674,06_combat_seq,prediction_best
E2_iterative_r2__strict__06_combat_seq__post0,3class,RNASeq_FF_Total,32,3,0.8599,0.9886,06_combat_seq,prediction_best
E2_iterative_r2__strict__06_combat_seq__post0,3class,RNASeq_FF_Unknown,79,1,0.9936,,06_combat_seq,prediction_best
E2_iterative_r2__strict__06_combat_seq__post0,3class,RNASeq_FF_rRNADepletion,117,2,0.5558,0.8921,06_combat_seq,prediction_best
E2_iterative_r2__strict__08_inmoose_combatseq__post0,2class,GPL1708_FF_Unknown,40,1,1.0,,08_inmoose_combatseq,prediction_best
E2_iterative_r2__strict__08_inmoose_combatseq__post0,2class,GPL17586_FF_Unknown,40,1,1.0,,08_inmoose_combatseq,prediction_best
E2_iterative_r2__strict__08_inmoose_combatseq__post0,2class,GPL570_FFPE_Unknown,800,1,1.0,,08_inmoose_combatseq,prediction_best
E2_iterative_r2__strict__08_inmoose_combatseq__post0,2class,GPL570_FF_Unknown,744,2,0.9413,0.9969,08_inmoose_combatseq,prediction_best
E2_iterative_r2__strict__08_inmoose_combatseq__post0,2class,GPL570_Unknown_Unknown,384,2,0.964,0.9933,08_inmoose_combatseq,prediction_best
E2_iterative_r2__strict__08_inmoose_combatseq__post0,2class,GPL6244_FF_Unknown,119,1,0.3472,,08_inmoose_combatseq,prediction_best
E2_iterative_r2__strict__08_inmoose_combatseq__post0,2class,GPL96+97_FF_Unknown,269,2,0.9519,0.9922,08_inmoose_combatseq,prediction_best
E2_iterative_r2__strict__08_inmoose_combatseq__post0,2class,GPL96_FFPE_Unknown,84,2,0.513,0.6736,08_inmoose_combatseq,prediction_best
E2_iterative_r2__strict__08_inmoose_combatseq__post0,2class,GPL96_FF_Unknown,125,2,0.9422,0.9934,08_inmoose_combatseq,prediction_best
E2_iterative_r2__strict__08_inmoose_combatseq__post0,2class,RNASeq_FFPE_Exome_capture,891,2,0.9925,0.9995,08_inmoose_combatseq,prediction_best
E2_iterative_r2__strict__08_inmoose_combatseq__post0,2class,RNASeq_FFPE_PolyA,35,2,0.7304,0.9425,08_inmoose_combatseq,prediction_best
E2_iterative_r2__strict__08_inmoose_combatseq__post0,2class,RNASeq_FF_PolyA,914,2,0.6552,0.8669,08_inmoose_combatseq,prediction_best
E2_iterative_r2__strict__08_inmoose_combatseq__post0,2class,RNASeq_FF_Total,28,2,0.8902,0.9867,08_inmoose_combatseq,prediction_best
E2_iterative_r2__strict__08_inmoose_combatseq__post0,2class,RNASeq_FF_rRNADepletion,14,1,0.1333,,08_inmoose_combatseq,prediction_best
E2_iterative_r2__strict__08_inmoose_combatseq__post0,3class,GPL13158_FF_Unknown,40,1,1.0,,08_inmoose_combatseq,prediction_best
E2_iterative_r2__strict__08_inmoose_combatseq__post0,3class,GPL16686_FF_Unknown,48,1,1.0,,08_inmoose_combatseq,prediction_best
E2_iterative_r2__strict__08_inmoose_combatseq__post0,3class,GPL1708_FF_Unknown,40,1,1.0,,08_inmoose_combatseq,prediction_best
E2_iterative_r2__strict__08_inmoose_combatseq__post0,3class,GPL17586_FF_Unknown,40,1,1.0,,08_inmoose_combatseq,prediction_best
E2_iterative_r2__strict__08_inmoose_combatseq__post0,3class,GPL20188_FF_Unknown,68,1,1.0,,08_inmoose_combatseq,prediction_best
E2_iterative_r2__strict__08_inmoose_combatseq__post0,3class,GPL23541_FF_Unknown,35,1,1.0,,08_inmoose_combatseq,prediction_best
E2_iterative_r2__strict__08_inmoose_combatseq__post0,3class,GPL570_FFPE_Unknown,800,1,0.9796,,08_inmoose_combatseq,prediction_best
E2_iterative_r2__strict__08_inmoose_combatseq__post0,3class,GPL570_FF_Unknown,994,3,0.9369,0.994,08_inmoose_combatseq,prediction_best
E2_iterative_r2__strict__08_inmoose_combatseq__post0,3class,GPL570_Unknown_Unknown,384,2,0.9508,0.9923,08_inmoose_combatseq,prediction_best
E2_iterative_r2__strict__08_inmoose_combatseq__post0,3class,GPL6244_FF_Unknown,131,2,0.6063,0.993,08_inmoose_combatseq,prediction_best
E2_iterative_r2__strict__08_inmoose_combatseq__post0,3class,GPL96+97_FF_Unknown,305,3,0.9481,0.9902,08_inmoose_combatseq,prediction_best
E2_iterative_r2__strict__08_inmoose_combatseq__post0,3class,GPL96_FFPE_Unknown,84,2,0.5451,0.6939,08_inmoose_combatseq,prediction_best
E2_iterative_r2__strict__08_inmoose_combatseq__post0,3class,GPL96_FF_Unknown,133,3,0.9672,0.9953,08_inmoose_combatseq,prediction_best
E2_iterative_r2__strict__08_inmoose_combatseq__post0,3class,RNASeq_FFPE_Exome_capture,891,2,0.9912,0.9996,08_inmoose_combatseq,prediction_best
E2_iterative_r2__strict__08_inmoose_combatseq__post0,3class,RNASeq_FFPE_PolyA,35,2,0.7304,0.9368,08_inmoose_combatseq,prediction_best
E2_iterative_r2__strict__08_inmoose_combatseq__post0,3class,RNASeq_FF_PolyA,1039,3,0.7339,0.9677,08_inmoose_combatseq,prediction_best
E2_iterative_r2__strict__08_inmoose_combatseq__post0,3class,RNASeq_FF_Total,32,3,0.8599,0.9886,08_inmoose_combatseq,prediction_best
E2_iterative_r2__strict__08_inmoose_combatseq__post0,3class,RNASeq_FF_Unknown,79,1,0.9936,,08_inmoose_combatseq,prediction_best
E2_iterative_r2__strict__08_inmoose_combatseq__post0,3class,RNASeq_FF_rRNADepletion,117,2,0.5558,0.8925,08_inmoose_combatseq,prediction_best
E2_iterative_r2__strict__14_qsmooth__post1,2class,GPL1708_FF_Unknown,40,1,0.9744,,14_qsmooth,prediction_best
E2_iterative_r2__strict__14_qsmooth__post1,2class,GPL17586_FF_Unknown,40,1,0.9873,,14_qsmooth,prediction_best
E2_iterative_r2__strict__14_qsmooth__post1,2class,GPL570_FFPE_Unknown,800,1,0.934,,14_qsmooth,prediction_best
E2_iterative_r2__strict__14_qsmooth__post1,2class,GPL570_FF_Unknown,744,2,0.9481,0.9924,14_qsmooth,prediction_best
E2_iterative_r2__strict__14_qsmooth__post1,2class,GPL570_Unknown_Unknown,384,2,0.7419,0.9821,14_qsmooth,prediction_best
E2_iterative_r2__strict__14_qsmooth__post1,2class,GPL96+97_FF_Unknown,269,2,0.9298,0.986,14_qsmooth,prediction_best
E2_iterative_r2__strict__14_qsmooth__post1,2class,GPL96_FFPE_Unknown,84,2,0.5361,0.7037,14_qsmooth,prediction_best
E2_iterative_r2__strict__14_qsmooth__post1,2class,GPL96_FF_Unknown,125,2,0.908,0.9672,14_qsmooth,prediction_best
E2_iterative_r2__strict__14_qsmooth__post1,2class,RNASeq_FFPE_Exome_capture,891,2,0.9671,0.996,14_qsmooth,prediction_best
E2_iterative_r2__strict__14_qsmooth__post1,2class,RNASeq_FFPE_PolyA,35,2,0.7667,0.9483,14_qsmooth,prediction_best
E2_iterative_r2__strict__14_qsmooth__post1,2class,RNASeq_FF_PolyA,914,2,0.7815,0.991,14_qsmooth,prediction_best
E2_iterative_r2__strict__14_qsmooth__post1,2class,RNASeq_FF_Total,28,2,0.8014,1.0,14_qsmooth,prediction_best
E2_iterative_r2__strict__14_qsmooth__post1,2class,RNASeq_FF_rRNADepletion,14,1,0.7273,,14_qsmooth,prediction_best
E2_iterative_r2__strict__14_qsmooth__post1,3class,GPL13158_FF_Unknown,40,1,1.0,,14_qsmooth,prediction_best
E2_iterative_r2__strict__14_qsmooth__post1,3class,GPL16686_FF_Unknown,48,1,1.0,,14_qsmooth,prediction_best
E2_iterative_r2__strict__14_qsmooth__post1,3class,GPL1708_FF_Unknown,40,1,0.8406,,14_qsmooth,prediction_best
E2_iterative_r2__strict__14_qsmooth__post1,3class,GPL17586_FF_Unknown,40,1,0.9873,,14_qsmooth,prediction_best
E2_iterative_r2__strict__14_qsmooth__post1,3class,GPL20188_FF_Unknown,68,1,1.0,,14_qsmooth,prediction_best
E2_iterative_r2__strict__14_qsmooth__post1,3class,GPL23541_FF_Unknown,35,1,1.0,,14_qsmooth,prediction_best
E2_iterative_r2__strict__14_qsmooth__post1,3class,GPL570_FFPE_Unknown,800,1,0.6689,,14_qsmooth,prediction_best
E2_iterative_r2__strict__14_qsmooth__post1,3class,GPL570_FF_Unknown,994,3,0.9389,0.9966,14_qsmooth,prediction_best
E2_iterative_r2__strict__14_qsmooth__post1,3class,GPL570_Unknown_Unknown,384,2,0.7745,0.9846,14_qsmooth,prediction_best
E2_iterative_r2__strict__14_qsmooth__post1,3class,GPL96+97_FF_Unknown,305,3,0.9505,0.9917,14_qsmooth,prediction_best
E2_iterative_r2__strict__14_qsmooth__post1,3class,GPL96_FFPE_Unknown,84,2,0.5265,0.7043,14_qsmooth,prediction_best
E2_iterative_r2__strict__14_qsmooth__post1,3class,GPL96_FF_Unknown,133,3,0.8999,0.981,14_qsmooth,prediction_best
E2_iterative_r2__strict__14_qsmooth__post1,3class,RNASeq_FFPE_Exome_capture,891,2,0.9611,0.9952,14_qsmooth,prediction_best
E2_iterative_r2__strict__14_qsmooth__post1,3class,RNASeq_FFPE_PolyA,35,2,0.7667,0.9483,14_qsmooth,prediction_best
E2_iterative_r2__strict__14_qsmooth__post1,3class,RNASeq_FF_PolyA,1039,3,0.8574,0.9965,14_qsmooth,prediction_best
E2_iterative_r2__strict__14_qsmooth__post1,3class,RNASeq_FF_Total,32,3,0.8348,0.9943,14_qsmooth,prediction_best
E2_iterative_r2__strict__14_qsmooth__post1,3class,RNASeq_FF_Unknown,79,1,0.9936,,14_qsmooth,prediction_best
E2_iterative_r2__strict__14_qsmooth__post1,3class,RNASeq_FF_rRNADepletion,117,2,0.6153,0.8486,14_qsmooth,prediction_best
E2_iterative_r2__strict__25_angel__post0,2class,GPL1708_FF_Unknown,40,1,0.75,,25_angel,prediction_best
E2_iterative_r2__strict__25_angel__post0,2class,GPL17586_FF_Unknown,40,1,0.9873,,25_angel,prediction_best
E2_iterative_r2__strict__25_angel__post0,2class,GPL570_FFPE_Unknown,800,1,0.9056,,25_angel,prediction_best
E2_iterative_r2__strict__25_angel__post0,2class,GPL570_FF_Unknown,744,2,0.9643,0.9937,25_angel,prediction_best
E2_iterative_r2__strict__25_angel__post0,2class,GPL570_Unknown_Unknown,384,2,0.8871,0.9885,25_angel,prediction_best
E2_iterative_r2__strict__25_angel__post0,2class,GPL6244_FF_Unknown,119,1,0.9231,,25_angel,prediction_best
E2_iterative_r2__strict__25_angel__post0,2class,GPL96+97_FF_Unknown,269,2,0.8843,0.9739,25_angel,prediction_best
E2_iterative_r2__strict__25_angel__post0,2class,GPL96_FFPE_Unknown,84,2,0.4643,0.6262,25_angel,prediction_best
E2_iterative_r2__strict__25_angel__post0,2class,GPL96_FF_Unknown,125,2,0.95,0.9958,25_angel,prediction_best
E2_iterative_r2__strict__25_angel__post0,2class,RNASeq_FFPE_Exome_capture,891,2,0.8768,0.9417,25_angel,prediction_best
E2_iterative_r2__strict__25_angel__post0,2class,RNASeq_FFPE_PolyA,35,2,0.8994,0.9253,25_angel,prediction_best
E2_iterative_r2__strict__25_angel__post0,2class,RNASeq_FF_PolyA,914,2,0.633,0.9957,25_angel,prediction_best
E2_iterative_r2__strict__25_angel__post0,2class,RNASeq_FF_Total,28,2,0.8014,1.0,25_angel,prediction_best
E2_iterative_r2__strict__25_angel__post0,2class,RNASeq_FF_rRNADepletion,14,1,0.9231,,25_angel,prediction_best
E2_iterative_r2__strict__25_angel__post0,3class,GPL13158_FF_Unknown,40,1,1.0,,25_angel,prediction_best
E2_iterative_r2__strict__25_angel__post0,3class,GPL16686_FF_Unknown,48,1,1.0,,25_angel,prediction_best
E2_iterative_r2__strict__25_angel__post0,3class,GPL1708_FF_Unknown,40,1,0.7879,,25_angel,prediction_best
E2_iterative_r2__strict__25_angel__post0,3class,GPL17586_FF_Unknown,40,1,0.9873,,25_angel,prediction_best
E2_iterative_r2__strict__25_angel__post0,3class,GPL20188_FF_Unknown,68,1,1.0,,25_angel,prediction_best
E2_iterative_r2__strict__25_angel__post0,3class,GPL23541_FF_Unknown,35,1,0.9855,,25_angel,prediction_best
E2_iterative_r2__strict__25_angel__post0,3class,GPL570_FFPE_Unknown,800,1,0.7842,,25_angel,prediction_best
E2_iterative_r2__strict__25_angel__post0,3class,GPL570_FF_Unknown,994,3,0.9365,0.9945,25_angel,prediction_best
E2_iterative_r2__strict__25_angel__post0,3class,GPL570_Unknown_Unknown,384,2,0.9042,0.9903,25_angel,prediction_best
E2_iterative_r2__strict__25_angel__post0,3class,GPL6244_FF_Unknown,131,2,0.7328,1.0,25_angel,prediction_best
E2_iterative_r2__strict__25_angel__post0,3class,GPL96+97_FF_Unknown,305,3,0.9084,0.9846,25_angel,prediction_best
E2_iterative_r2__strict__25_angel__post0,3class,GPL96_FFPE_Unknown,84,2,0.4135,0.6065,25_angel,prediction_best
E2_iterative_r2__strict__25_angel__post0,3class,GPL96_FF_Unknown,133,3,0.8511,0.9892,25_angel,prediction_best
E2_iterative_r2__strict__25_angel__post0,3class,RNASeq_FFPE_Exome_capture,891,2,0.8848,0.9279,25_angel,prediction_best
E2_iterative_r2__strict__25_angel__post0,3class,RNASeq_FFPE_PolyA,35,2,0.8994,0.931,25_angel,prediction_best
E2_iterative_r2__strict__25_angel__post0,3class,RNASeq_FF_PolyA,1039,3,0.7151,0.9952,25_angel,prediction_best
E2_iterative_r2__strict__25_angel__post0,3class,RNASeq_FF_Total,32,3,0.7852,0.9902,25_angel,prediction_best
E2_iterative_r2__strict__25_angel__post0,3class,RNASeq_FF_Unknown,79,1,0.9536,,25_angel,prediction_best
E2_iterative_r2__strict__25_angel__post0,3class,RNASeq_FF_rRNADepletion,117,2,0.6866,0.8037,25_angel,prediction_best
E2_iterative_r2__strict__25_angel__post1,2class,GPL1708_FF_Unknown,40,1,0.75,,25_angel,prediction_best
E2_iterative_r2__strict__25_angel__post1,2class,GPL570_FFPE_Unknown,800,1,0.9078,,25_angel,prediction_best
E2_iterative_r2__strict__25_angel__post1,2class,GPL570_FF_Unknown,744,2,0.9643,0.9932,25_angel,prediction_best
E2_iterative_r2__strict__25_angel__post1,2class,GPL570_Unknown_Unknown,384,2,0.888,0.9884,25_angel,prediction_best
E2_iterative_r2__strict__25_angel__post1,2class,GPL6244_FF_Unknown,119,1,0.9375,,25_angel,prediction_best
E2_iterative_r2__strict__25_angel__post1,2class,GPL96+97_FF_Unknown,269,2,0.8796,0.9705,25_angel,prediction_best
E2_iterative_r2__strict__25_angel__post1,2class,GPL96_FFPE_Unknown,84,2,0.4643,0.6285,25_angel,prediction_best
E2_iterative_r2__strict__25_angel__post1,2class,GPL96_FF_Unknown,125,2,0.95,0.995,25_angel,prediction_best
E2_iterative_r2__strict__25_angel__post1,2class,RNASeq_FFPE_Exome_capture,891,2,0.8597,0.9242,25_angel,prediction_best
E2_iterative_r2__strict__25_angel__post1,2class,RNASeq_FFPE_PolyA,35,2,0.8994,0.9253,25_angel,prediction_best
E2_iterative_r2__strict__25_angel__post1,2class,RNASeq_FF_PolyA,914,2,0.6384,0.9958,25_angel,prediction_best
E2_iterative_r2__strict__25_angel__post1,2class,RNASeq_FF_Total,28,2,0.8014,1.0,25_angel,prediction_best
E2_iterative_r2__strict__25_angel__post1,2class,RNASeq_FF_rRNADepletion,14,1,0.9231,,25_angel,prediction_best
E2_iterative_r2__strict__25_angel__post1,3class,GPL13158_FF_Unknown,40,1,1.0,,25_angel,prediction_best
E2_iterative_r2__strict__25_angel__post1,3class,GPL16686_FF_Unknown,48,1,1.0,,25_angel,prediction_best
E2_iterative_r2__strict__25_angel__post1,3class,GPL1708_FF_Unknown,40,1,0.7692,,25_angel,prediction_best
E2_iterative_r2__strict__25_angel__post1,3class,GPL20188_FF_Unknown,68,1,1.0,,25_angel,prediction_best
E2_iterative_r2__strict__25_angel__post1,3class,GPL23541_FF_Unknown,35,1,0.9855,,25_angel,prediction_best
E2_iterative_r2__strict__25_angel__post1,3class,GPL570_FFPE_Unknown,800,1,0.7879,,25_angel,prediction_best
E2_iterative_r2__strict__25_angel__post1,3class,GPL570_FF_Unknown,994,3,0.9342,0.9943,25_angel,prediction_best
E2_iterative_r2__strict__25_angel__post1,3class,GPL570_Unknown_Unknown,384,2,0.9042,0.9902,25_angel,prediction_best
E2_iterative_r2__strict__25_angel__post1,3class,GPL6244_FF_Unknown,131,2,0.7279,1.0,25_angel,prediction_best
E2_iterative_r2__strict__25_angel__post1,3class,GPL96+97_FF_Unknown,305,3,0.9058,0.9826,25_angel,prediction_best
E2_iterative_r2__strict__25_angel__post1,3class,GPL96_FFPE_Unknown,84,2,0.4202,0.6105,25_angel,prediction_best
E2_iterative_r2__strict__25_angel__post1,3class,GPL96_FF_Unknown,133,3,0.8397,0.9887,25_angel,prediction_best
E2_iterative_r2__strict__25_angel__post1,3class,RNASeq_FFPE_Exome_capture,891,2,0.8698,0.9178,25_angel,prediction_best
E2_iterative_r2__strict__25_angel__post1,3class,RNASeq_FFPE_PolyA,35,2,0.8994,0.931,25_angel,prediction_best
E2_iterative_r2__strict__25_angel__post1,3class,RNASeq_FF_PolyA,1039,3,0.7198,0.9953,25_angel,prediction_best
E2_iterative_r2__strict__25_angel__post1,3class,RNASeq_FF_Total,32,3,0.7852,0.9921,25_angel,prediction_best
E2_iterative_r2__strict__25_angel__post1,3class,RNASeq_FF_Unknown,79,1,0.9536,,25_angel,prediction_best
E2_iterative_r2__strict__25_angel__post1,3class,RNASeq_FF_rRNADepletion,117,2,0.6866,0.7981,25_angel,prediction_best
E3_iterative_r3__knn__05_combat__post0,2class,GPL1708_FF_Unknown,40,1,1.0,,05_combat,prediction_best
E3_iterative_r3__knn__05_combat__post0,2class,GPL17586_FF_Unknown,40,1,0.9873,,05_combat,prediction_best
E3_iterative_r3__knn__05_combat__post0,2class,GPL570_FFPE_Unknown,800,1,1.0,,05_combat,prediction_best
E3_iterative_r3__knn__05_combat__post0,2class,GPL570_FF_Unknown,744,2,0.9813,0.9996,05_combat,prediction_best
E3_iterative_r3__knn__05_combat__post0,2class,GPL570_Unknown_Unknown,384,2,0.9314,0.9909,05_combat,prediction_best
E3_iterative_r3__knn__05_combat__post0,2class,GPL96+97_FF_Unknown,269,2,0.9415,0.9886,05_combat,prediction_best
E3_iterative_r3__knn__05_combat__post0,2class,GPL96_FFPE_Unknown,84,2,0.5746,0.7963,05_combat,prediction_best
E3_iterative_r3__knn__05_combat__post0,2class,GPL96_FF_Unknown,125,2,0.9672,0.9948,05_combat,prediction_best
E3_iterative_r3__knn__05_combat__post0,2class,RNASeq_FFPE_Exome_capture,891,2,0.9444,0.9978,05_combat,prediction_best
E3_iterative_r3__knn__05_combat__post0,2class,RNASeq_FFPE_PolyA,35,2,0.9528,0.9828,05_combat,prediction_best
E3_iterative_r3__knn__05_combat__post0,2class,RNASeq_FF_PolyA,914,2,0.562,0.7613,05_combat,prediction_best
E3_iterative_r3__knn__05_combat__post0,2class,RNASeq_FF_Total,28,2,1.0,1.0,05_combat,prediction_best
E3_iterative_r3__knn__05_combat__post0,2class,RNASeq_FF_rRNADepletion,14,1,1.0,,05_combat,prediction_best
E3_iterative_r3__knn__05_combat__post0,3class,GPL13158_FF_Unknown,40,1,1.0,,05_combat,prediction_best
E3_iterative_r3__knn__05_combat__post0,3class,GPL16686_FF_Unknown,48,1,1.0,,05_combat,prediction_best
E3_iterative_r3__knn__05_combat__post0,3class,GPL1708_FF_Unknown,40,1,1.0,,05_combat,prediction_best
E3_iterative_r3__knn__05_combat__post0,3class,GPL17586_FF_Unknown,40,1,0.9873,,05_combat,prediction_best
E3_iterative_r3__knn__05_combat__post0,3class,GPL20188_FF_Unknown,68,1,1.0,,05_combat,prediction_best
E3_iterative_r3__knn__05_combat__post0,3class,GPL23541_FF_Unknown,35,1,1.0,,05_combat,prediction_best
E3_iterative_r3__knn__05_combat__post0,3class,GPL570_FFPE_Unknown,800,1,0.8943,,05_combat,prediction_best
E3_iterative_r3__knn__05_combat__post0,3class,GPL570_FF_Unknown,994,3,0.9904,0.9999,05_combat,prediction_best
E3_iterative_r3__knn__05_combat__post0,3class,GPL570_Unknown_Unknown,384,2,0.9167,0.991,05_combat,prediction_best
E3_iterative_r3__knn__05_combat__post0,3class,GPL96+97_FF_Unknown,305,3,0.9532,0.9938,05_combat,prediction_best
E3_iterative_r3__knn__05_combat__post0,3class,GPL96_FFPE_Unknown,84,2,0.6143,0.8079,05_combat,prediction_best
E3_iterative_r3__knn__05_combat__post0,3class,GPL96_FF_Unknown,133,3,0.9782,0.9974,05_combat,prediction_best
E3_iterative_r3__knn__05_combat__post0,3class,RNASeq_FFPE_Exome_capture,891,2,0.8232,0.9682,05_combat,prediction_best
E3_iterative_r3__knn__05_combat__post0,3class,RNASeq_FFPE_PolyA,35,2,0.9528,0.9828,05_combat,prediction_best
E3_iterative_r3__knn__05_combat__post0,3class,RNASeq_FF_PolyA,1039,3,0.6177,0.8895,05_combat,prediction_best
E3_iterative_r3__knn__05_combat__post0,3class,RNASeq_FF_Total,32,3,0.8878,0.9905,05_combat,prediction_best
E3_iterative_r3__knn__05_combat__post0,3class,RNASeq_FF_Unknown,79,1,0.9936,,05_combat,prediction_best
E3_iterative_r3__knn__05_combat__post0,3class,RNASeq_FF_rRNADepletion,117,2,0.7059,0.9341,05_combat,prediction_best
E3_iterative_r3__knn__05_combat__post1,2class,GPL17586_FF_Unknown,40,1,0.9873,,05_combat,prediction_best
E3_iterative_r3__knn__05_combat__post1,2class,GPL570_FFPE_Unknown,800,1,1.0,,05_combat,prediction_best
E3_iterative_r3__knn__05_combat__post1,2class,GPL570_FF_Unknown,744,2,0.9813,0.9995,05_combat,prediction_best
E3_iterative_r3__knn__05_combat__post1,2class,GPL570_Unknown_Unknown,384,2,0.9142,0.991,05_combat,prediction_best
E3_iterative_r3__knn__05_combat__post1,2class,GPL96+97_FF_Unknown,269,2,0.933,0.9872,05_combat,prediction_best
E3_iterative_r3__knn__05_combat__post1,2class,GPL96_FFPE_Unknown,84,2,0.5746,0.8079,05_combat,prediction_best
E3_iterative_r3__knn__05_combat__post1,2class,GPL96_FF_Unknown,125,2,0.9672,0.9961,05_combat,prediction_best
E3_iterative_r3__knn__05_combat__post1,2class,RNASeq_FFPE_Exome_capture,891,2,0.9514,0.9987,05_combat,prediction_best
E3_iterative_r3__knn__05_combat__post1,2class,RNASeq_FFPE_PolyA,35,2,0.9528,0.9828,05_combat,prediction_best
E3_iterative_r3__knn__05_combat__post1,2class,RNASeq_FF_PolyA,914,2,0.5677,0.7726,05_combat,prediction_best
E3_iterative_r3__knn__05_combat__post1,2class,RNASeq_FF_Total,28,2,1.0,1.0,05_combat,prediction_best
E3_iterative_r3__knn__05_combat__post1,2class,RNASeq_FF_rRNADepletion,14,1,1.0,,05_combat,prediction_best
E3_iterative_r3__knn__05_combat__post1,3class,GPL13158_FF_Unknown,40,1,1.0,,05_combat,prediction_best
E3_iterative_r3__knn__05_combat__post1,3class,GPL16686_FF_Unknown,48,1,1.0,,05_combat,prediction_best
E3_iterative_r3__knn__05_combat__post1,3class,GPL17586_FF_Unknown,40,1,0.9873,,05_combat,prediction_best
E3_iterative_r3__knn__05_combat__post1,3class,GPL20188_FF_Unknown,68,1,1.0,,05_combat,prediction_best
E3_iterative_r3__knn__05_combat__post1,3class,GPL23541_FF_Unknown,35,1,1.0,,05_combat,prediction_best
E3_iterative_r3__knn__05_combat__post1,3class,GPL570_FFPE_Unknown,800,1,0.9697,,05_combat,prediction_best
E3_iterative_r3__knn__05_combat__post1,3class,GPL570_FF_Unknown,994,3,0.9904,0.9999,05_combat,prediction_best
E3_iterative_r3__knn__05_combat__post1,3class,GPL570_Unknown_Unknown,384,2,0.9158,0.9912,05_combat,prediction_best
E3_iterative_r3__knn__05_combat__post1,3class,GPL96+97_FF_Unknown,305,3,0.9474,0.991,05_combat,prediction_best
E3_iterative_r3__knn__05_combat__post1,3class,GPL96_FFPE_Unknown,84,2,0.6143,0.8183,05_combat,prediction_best
E3_iterative_r3__knn__05_combat__post1,3class,GPL96_FF_Unknown,133,3,0.9782,0.9985,05_combat,prediction_best
E3_iterative_r3__knn__05_combat__post1,3class,RNASeq_FFPE_Exome_capture,891,2,0.8547,0.9897,05_combat,prediction_best
E3_iterative_r3__knn__05_combat__post1,3class,RNASeq_FFPE_PolyA,35,2,0.9528,0.9828,05_combat,prediction_best
E3_iterative_r3__knn__05_combat__post1,3class,RNASeq_FF_PolyA,1039,3,0.6421,0.8976,05_combat,prediction_best
E3_iterative_r3__knn__05_combat__post1,3class,RNASeq_FF_Total,32,3,0.8878,0.9905,05_combat,prediction_best
E3_iterative_r3__knn__05_combat__post1,3class,RNASeq_FF_Unknown,79,1,0.9936,,05_combat,prediction_best
E3_iterative_r3__knn__05_combat__post1,3class,RNASeq_FF_rRNADepletion,117,2,0.697,0.9252,05_combat,prediction_best
E3_iterative_r3__softimpute__05_combat__post0,2class,GPL1708_FF_Unknown,40,1,0.9744,,05_combat,prediction_best
E3_iterative_r3__softimpute__05_combat__post0,2class,GPL17586_FF_Unknown,40,1,0.9873,,05_combat,prediction_best
E3_iterative_r3__softimpute__05_combat__post0,2class,GPL570_FFPE_Unknown,800,1,0.9994,,05_combat,prediction_best
E3_iterative_r3__softimpute__05_combat__post0,2class,GPL570_FF_Unknown,744,2,0.9667,0.9991,05_combat,prediction_best
E3_iterative_r3__softimpute__05_combat__post0,2class,GPL570_Unknown_Unknown,384,2,0.9798,0.9845,05_combat,prediction_best
E3_iterative_r3__softimpute__05_combat__post0,2class,GPL96+97_FF_Unknown,269,2,0.8359,0.9477,05_combat,prediction_best
E3_iterative_r3__softimpute__05_combat__post0,2class,GPL96_FFPE_Unknown,84,2,0.4615,0.4826,05_combat,prediction_best
E3_iterative_r3__softimpute__05_combat__post0,2class,GPL96_FF_Unknown,125,2,0.9837,1.0,05_combat,prediction_best
E3_iterative_r3__softimpute__05_combat__post0,2class,RNASeq_FFPE_Exome_capture,891,2,0.9681,0.9973,05_combat,prediction_best
E3_iterative_r3__softimpute__05_combat__post0,2class,RNASeq_FFPE_PolyA,35,2,0.7989,0.9425,05_combat,prediction_best
E3_iterative_r3__softimpute__05_combat__post0,2class,RNASeq_FF_PolyA,914,2,0.5859,0.7972,05_combat,prediction_best
E3_iterative_r3__softimpute__05_combat__post0,2class,RNASeq_FF_Total,28,2,1.0,1.0,05_combat,prediction_best
E3_iterative_r3__softimpute__05_combat__post0,2class,RNASeq_FF_rRNADepletion,14,1,1.0,,05_combat,prediction_best
E3_iterative_r3__softimpute__05_combat__post0,3class,GPL13158_FF_Unknown,40,1,1.0,,05_combat,prediction_best
E3_iterative_r3__softimpute__05_combat__post0,3class,GPL16686_FF_Unknown,48,1,1.0,,05_combat,prediction_best
E3_iterative_r3__softimpute__05_combat__post0,3class,GPL1708_FF_Unknown,40,1,0.9744,,05_combat,prediction_best
E3_iterative_r3__softimpute__05_combat__post0,3class,GPL17586_FF_Unknown,40,1,0.9873,,05_combat,prediction_best
E3_iterative_r3__softimpute__05_combat__post0,3class,GPL20188_FF_Unknown,68,1,1.0,,05_combat,prediction_best
E3_iterative_r3__softimpute__05_combat__post0,3class,GPL23541_FF_Unknown,35,1,1.0,,05_combat,prediction_best
E3_iterative_r3__softimpute__05_combat__post0,3class,GPL570_FFPE_Unknown,800,1,0.9994,,05_combat,prediction_best
E3_iterative_r3__softimpute__05_combat__post0,3class,GPL570_FF_Unknown,994,3,0.9778,0.9996,05_combat,prediction_best
E3_iterative_r3__softimpute__05_combat__post0,3class,GPL570_Unknown_Unknown,384,2,0.9798,0.9846,05_combat,prediction_best
E3_iterative_r3__softimpute__05_combat__post0,3class,GPL96+97_FF_Unknown,305,3,0.8636,0.9663,05_combat,prediction_best
E3_iterative_r3__softimpute__05_combat__post0,3class,GPL96_FFPE_Unknown,84,2,0.4615,0.4873,05_combat,prediction_best
E3_iterative_r3__softimpute__05_combat__post0,3class,GPL96_FF_Unknown,133,3,0.9891,0.9998,05_combat,prediction_best
E3_iterative_r3__softimpute__05_combat__post0,3class,RNASeq_FFPE_Exome_capture,891,2,0.9717,0.9974,05_combat,prediction_best
E3_iterative_r3__softimpute__05_combat__post0,3class,RNASeq_FFPE_PolyA,35,2,0.7989,0.9425,05_combat,prediction_best
E3_iterative_r3__softimpute__05_combat__post0,3class,RNASeq_FF_PolyA,1039,3,0.6638,0.9082,05_combat,prediction_best
E3_iterative_r3__softimpute__05_combat__post0,3class,RNASeq_FF_Total,32,3,0.6002,0.9943,05_combat,prediction_best
E3_iterative_r3__softimpute__05_combat__post0,3class,RNASeq_FF_Unknown,79,1,1.0,,05_combat,prediction_best
E3_iterative_r3__softimpute__05_combat__post0,3class,RNASeq_FF_rRNADepletion,117,2,0.9022,0.993,05_combat,prediction_best
E3_iterative_r3__softimpute__20_shambhala__post1,2class,GPL1708_FF_Unknown,40,1,1.0,,20_shambhala,prediction_best
E3_iterative_r3__softimpute__20_shambhala__post1,2class,GPL17586_FF_Unknown,40,1,0.9744,,20_shambhala,prediction_best
E3_iterative_r3__softimpute__20_shambhala__post1,2class,GPL570_FFPE_Unknown,800,1,0.9931,,20_shambhala,prediction_best
E3_iterative_r3__softimpute__20_shambhala__post1,2class,GPL570_FF_Unknown,744,2,0.9153,0.9859,20_shambhala,prediction_best
E3_iterative_r3__softimpute__20_shambhala__post1,2class,GPL570_Unknown_Unknown,384,2,0.8135,0.9493,20_shambhala,prediction_best
E3_iterative_r3__softimpute__20_shambhala__post1,2class,GPL96+97_FF_Unknown,269,2,0.9304,0.9898,20_shambhala,prediction_best
E3_iterative_r3__softimpute__20_shambhala__post1,2class,GPL96_FFPE_Unknown,84,2,0.5444,0.6991,20_shambhala,prediction_best
E3_iterative_r3__softimpute__20_shambhala__post1,2class,GPL96_FF_Unknown,125,2,0.8478,0.9245,20_shambhala,prediction_best
E3_iterative_r3__softimpute__20_shambhala__post1,2class,RNASeq_FFPE_Exome_capture,891,2,0.862,0.9936,20_shambhala,prediction_best
E3_iterative_r3__softimpute__20_shambhala__post1,2class,RNASeq_FFPE_PolyA,35,2,0.7667,0.9483,20_shambhala,prediction_best
E3_iterative_r3__softimpute__20_shambhala__post1,2class,RNASeq_FF_PolyA,914,2,0.6244,0.9839,20_shambhala,prediction_best
E3_iterative_r3__softimpute__20_shambhala__post1,2class,RNASeq_FF_Total,28,2,0.8014,0.96,20_shambhala,prediction_best
E3_iterative_r3__softimpute__20_shambhala__post1,2class,RNASeq_FF_rRNADepletion,14,1,0.8333,,20_shambhala,prediction_best
E3_iterative_r3__softimpute__20_shambhala__post1,3class,GPL13158_FF_Unknown,40,1,1.0,,20_shambhala,prediction_best
E3_iterative_r3__softimpute__20_shambhala__post1,3class,GPL1708_FF_Unknown,40,1,0.9744,,20_shambhala,prediction_best
E3_iterative_r3__softimpute__20_shambhala__post1,3class,GPL17586_FF_Unknown,40,1,0.9744,,20_shambhala,prediction_best
E3_iterative_r3__softimpute__20_shambhala__post1,3class,GPL20188_FF_Unknown,68,1,1.0,,20_shambhala,prediction_best
E3_iterative_r3__softimpute__20_shambhala__post1,3class,GPL23541_FF_Unknown,35,1,1.0,,20_shambhala,prediction_best
E3_iterative_r3__softimpute__20_shambhala__post1,3class,GPL570_FFPE_Unknown,800,1,0.8104,,20_shambhala,prediction_best
E3_iterative_r3__softimpute__20_shambhala__post1,3class,GPL570_FF_Unknown,994,3,0.9484,0.9947,20_shambhala,prediction_best
E3_iterative_r3__softimpute__20_shambhala__post1,3class,GPL570_Unknown_Unknown,384,2,0.7876,0.9352,20_shambhala,prediction_best
E3_iterative_r3__softimpute__20_shambhala__post1,3class,GPL96+97_FF_Unknown,305,3,0.954,0.9954,20_shambhala,prediction_best
E3_iterative_r3__softimpute__20_shambhala__post1,3class,GPL96_FFPE_Unknown,84,2,0.5246,0.6863,20_shambhala,prediction_best
E3_iterative_r3__softimpute__20_shambhala__post1,3class,GPL96_FF_Unknown,133,3,0.8925,0.9536,20_shambhala,prediction_best
E3_iterative_r3__softimpute__20_shambhala__post1,3class,RNASeq_FFPE_Exome_capture,891,2,0.8047,0.9875,20_shambhala,prediction_best
E3_iterative_r3__softimpute__20_shambhala__post1,3class,RNASeq_FFPE_PolyA,35,2,0.7304,0.9483,20_shambhala,prediction_best
E3_iterative_r3__softimpute__20_shambhala__post1,3class,RNASeq_FF_PolyA,1039,3,0.599,0.974,20_shambhala,prediction_best
E3_iterative_r3__softimpute__20_shambhala__post1,3class,RNASeq_FF_Total,32,3,0.8599,0.9943,20_shambhala,prediction_best
E3_iterative_r3__softimpute__20_shambhala__post1,3class,RNASeq_FF_Unknown,79,1,1.0,,20_shambhala,prediction_best
E3_iterative_r3__softimpute__20_shambhala__post1,3class,RNASeq_FF_rRNADepletion,117,2,0.5984,0.8921,20_shambhala,prediction_best
E3_iterative_r3__strict__05_combat__post0,2class,GPL1708_FF_Unknown,40,1,0.9873,,05_combat,prediction_best
E3_iterative_r3__strict__05_combat__post0,2class,GPL17586_FF_Unknown,40,1,0.9873,,05_combat,prediction_best
E3_iterative_r3__strict__05_combat__post0,2class,GPL570_FFPE_Unknown,800,1,1.0,,05_combat,prediction_best
E3_iterative_r3__strict__05_combat__post0,2class,GPL570_FF_Unknown,744,2,0.9871,0.9997,05_combat,prediction_best
E3_iterative_r3__strict__05_combat__post0,2class,GPL570_Unknown_Unknown,384,2,0.9759,0.9931,05_combat,prediction_best
E3_iterative_r3__strict__05_combat__post0,2class,GPL96+97_FF_Unknown,269,2,0.8619,0.9654,05_combat,prediction_best
E3_iterative_r3__strict__05_combat__post0,2class,GPL96_FFPE_Unknown,84,2,0.5855,0.8646,05_combat,prediction_best
E3_iterative_r3__strict__05_combat__post0,2class,GPL96_FF_Unknown,125,2,0.9026,0.9631,05_combat,prediction_best
E3_iterative_r3__strict__05_combat__post0,2class,RNASeq_FFPE_Exome_capture,891,2,0.9754,0.999,05_combat,prediction_best
E3_iterative_r3__strict__05_combat__post0,2class,RNASeq_FFPE_PolyA,35,2,0.8382,0.977,05_combat,prediction_best
E3_iterative_r3__strict__05_combat__post0,2class,RNASeq_FF_PolyA,914,2,0.5898,0.7287,05_combat,prediction_best
E3_iterative_r3__strict__05_combat__post0,2class,RNASeq_FF_Total,28,2,0.9184,0.9867,05_combat,prediction_best
E3_iterative_r3__strict__05_combat__post0,2class,RNASeq_FF_rRNADepletion,14,1,0.7826,,05_combat,prediction_best
E3_iterative_r3__strict__05_combat__post0,3class,GPL13158_FF_Unknown,40,1,1.0,,05_combat,prediction_best
E3_iterative_r3__strict__05_combat__post0,3class,GPL16686_FF_Unknown,48,1,1.0,,05_combat,prediction_best
E3_iterative_r3__strict__05_combat__post0,3class,GPL1708_FF_Unknown,40,1,0.9873,,05_combat,prediction_best
E3_iterative_r3__strict__05_combat__post0,3class,GPL17586_FF_Unknown,40,1,0.9873,,05_combat,prediction_best
E3_iterative_r3__strict__05_combat__post0,3class,GPL20188_FF_Unknown,68,1,1.0,,05_combat,prediction_best
E3_iterative_r3__strict__05_combat__post0,3class,GPL23541_FF_Unknown,35,1,1.0,,05_combat,prediction_best
E3_iterative_r3__strict__05_combat__post0,3class,GPL570_FFPE_Unknown,800,1,0.9994,,05_combat,prediction_best
E3_iterative_r3__strict__05_combat__post0,3class,GPL570_FF_Unknown,994,3,0.9913,0.9999,05_combat,prediction_best
E3_iterative_r3__strict__05_combat__post0,3class,GPL570_Unknown_Unknown,384,2,0.979,0.9931,05_combat,prediction_best
E3_iterative_r3__strict__05_combat__post0,3class,GPL96+97_FF_Unknown,305,3,0.8444,0.9669,05_combat,prediction_best
E3_iterative_r3__strict__05_combat__post0,3class,GPL96_FFPE_Unknown,84,2,0.5855,0.8762,05_combat,prediction_best
E3_iterative_r3__strict__05_combat__post0,3class,GPL96_FF_Unknown,133,3,0.8774,0.9733,05_combat,prediction_best
E3_iterative_r3__strict__05_combat__post0,3class,RNASeq_FFPE_Exome_capture,891,2,0.9753,0.999,05_combat,prediction_best
E3_iterative_r3__strict__05_combat__post0,3class,RNASeq_FFPE_PolyA,35,2,0.8382,0.977,05_combat,prediction_best
E3_iterative_r3__strict__05_combat__post0,3class,RNASeq_FF_PolyA,1039,3,0.6457,0.9054,05_combat,prediction_best
E3_iterative_r3__strict__05_combat__post0,3class,RNASeq_FF_Total,32,3,0.9015,0.9981,05_combat,prediction_best
E3_iterative_r3__strict__05_combat__post0,3class,RNASeq_FF_Unknown,79,1,1.0,,05_combat,prediction_best
E3_iterative_r3__strict__05_combat__post0,3class,RNASeq_FF_rRNADepletion,117,2,0.7396,0.9486,05_combat,prediction_best
E3_iterative_r3__strict__05_combat__post1,2class,GPL17586_FF_Unknown,40,1,0.9873,,05_combat,prediction_best
E3_iterative_r3__strict__05_combat__post1,2class,GPL570_FFPE_Unknown,800,1,1.0,,05_combat,prediction_best
E3_iterative_r3__strict__05_combat__post1,2class,GPL570_FF_Unknown,744,2,0.9871,0.9997,05_combat,prediction_best
E3_iterative_r3__strict__05_combat__post1,2class,GPL570_Unknown_Unknown,384,2,0.9759,0.9928,05_combat,prediction_best
E3_iterative_r3__strict__05_combat__post1,2class,GPL96+97_FF_Unknown,269,2,0.8578,0.9585,05_combat,prediction_best
E3_iterative_r3__strict__05_combat__post1,2class,GPL96_FFPE_Unknown,84,2,0.5855,0.8634,05_combat,prediction_best
E3_iterative_r3__strict__05_combat__post1,2class,GPL96_FF_Unknown,125,2,0.9026,0.9644,05_combat,prediction_best
E3_iterative_r3__strict__05_combat__post1,2class,RNASeq_FFPE_Exome_capture,891,2,0.9754,0.9991,05_combat,prediction_best
E3_iterative_r3__strict__05_combat__post1,2class,RNASeq_FFPE_PolyA,35,2,0.9528,0.977,05_combat,prediction_best
E3_iterative_r3__strict__05_combat__post1,2class,RNASeq_FF_PolyA,914,2,0.5865,0.7304,05_combat,prediction_best
E3_iterative_r3__strict__05_combat__post1,2class,RNASeq_FF_Total,28,2,0.9184,1.0,05_combat,prediction_best
E3_iterative_r3__strict__05_combat__post1,2class,RNASeq_FF_rRNADepletion,14,1,0.8333,,05_combat,prediction_best
E3_iterative_r3__strict__05_combat__post1,3class,GPL13158_FF_Unknown,40,1,1.0,,05_combat,prediction_best
E3_iterative_r3__strict__05_combat__post1,3class,GPL16686_FF_Unknown,48,1,1.0,,05_combat,prediction_best
E3_iterative_r3__strict__05_combat__post1,3class,GPL17586_FF_Unknown,40,1,0.9873,,05_combat,prediction_best
E3_iterative_r3__strict__05_combat__post1,3class,GPL20188_FF_Unknown,68,1,1.0,,05_combat,prediction_best
E3_iterative_r3__strict__05_combat__post1,3class,GPL23541_FF_Unknown,35,1,1.0,,05_combat,prediction_best
E3_iterative_r3__strict__05_combat__post1,3class,GPL570_FFPE_Unknown,800,1,0.9994,,05_combat,prediction_best
E3_iterative_r3__strict__05_combat__post1,3class,GPL570_FF_Unknown,994,3,0.9913,0.9999,05_combat,prediction_best
E3_iterative_r3__strict__05_combat__post1,3class,GPL570_Unknown_Unknown,384,2,0.979,0.9931,05_combat,prediction_best
E3_iterative_r3__strict__05_combat__post1,3class,GPL96+97_FF_Unknown,305,3,0.8178,0.9632,05_combat,prediction_best
E3_iterative_r3__strict__05_combat__post1,3class,GPL96_FFPE_Unknown,84,2,0.5855,0.8744,05_combat,prediction_best
E3_iterative_r3__strict__05_combat__post1,3class,GPL96_FF_Unknown,133,3,0.8774,0.9753,05_combat,prediction_best
E3_iterative_r3__strict__05_combat__post1,3class,RNASeq_FFPE_Exome_capture,891,2,0.9753,0.9991,05_combat,prediction_best
E3_iterative_r3__strict__05_combat__post1,3class,RNASeq_FFPE_PolyA,35,2,0.8382,0.977,05_combat,prediction_best
E3_iterative_r3__strict__05_combat__post1,3class,RNASeq_FF_PolyA,1039,3,0.6459,0.9058,05_combat,prediction_best
E3_iterative_r3__strict__05_combat__post1,3class,RNASeq_FF_Total,32,3,0.9015,1.0,05_combat,prediction_best
E3_iterative_r3__strict__05_combat__post1,3class,RNASeq_FF_Unknown,79,1,1.0,,05_combat,prediction_best
E3_iterative_r3__strict__05_combat__post1,3class,RNASeq_FF_rRNADepletion,117,2,0.7559,0.9486,05_combat,prediction_best
E3_iterative_r3__strict__06_combat_seq__post1,2class,GPL17586_FF_Unknown,40,1,1.0,,06_combat_seq,prediction_best
E3_iterative_r3__strict__06_combat_seq__post1,2class,GPL570_FFPE_Unknown,800,1,1.0,,06_combat_seq,prediction_best
E3_iterative_r3__strict__06_combat_seq__post1,2class,GPL570_FF_Unknown,744,2,0.9428,0.9978,06_combat_seq,prediction_best
E3_iterative_r3__strict__06_combat_seq__post1,2class,GPL570_Unknown_Unknown,384,2,0.9526,0.9928,06_combat_seq,prediction_best
E3_iterative_r3__strict__06_combat_seq__post1,2class,GPL96+97_FF_Unknown,269,2,0.9394,0.9923,06_combat_seq,prediction_best
E3_iterative_r3__strict__06_combat_seq__post1,2class,GPL96_FFPE_Unknown,84,2,0.4982,0.6319,06_combat_seq,prediction_best
E3_iterative_r3__strict__06_combat_seq__post1,2class,GPL96_FF_Unknown,125,2,0.9257,0.9906,06_combat_seq,prediction_best
E3_iterative_r3__strict__06_combat_seq__post1,2class,RNASeq_FFPE_Exome_capture,891,2,0.9875,0.9994,06_combat_seq,prediction_best
E3_iterative_r3__strict__06_combat_seq__post1,2class,RNASeq_FFPE_PolyA,35,2,0.7304,0.931,06_combat_seq,prediction_best
E3_iterative_r3__strict__06_combat_seq__post1,2class,RNASeq_FF_PolyA,914,2,0.6359,0.8582,06_combat_seq,prediction_best
E3_iterative_r3__strict__06_combat_seq__post1,2class,RNASeq_FF_Total,28,2,0.8133,0.9867,06_combat_seq,prediction_best
E3_iterative_r3__strict__06_combat_seq__post1,2class,RNASeq_FF_rRNADepletion,14,1,0.1333,,06_combat_seq,prediction_best
E3_iterative_r3__strict__06_combat_seq__post1,3class,GPL13158_FF_Unknown,40,1,1.0,,06_combat_seq,prediction_best
E3_iterative_r3__strict__06_combat_seq__post1,3class,GPL16686_FF_Unknown,48,1,1.0,,06_combat_seq,prediction_best
E3_iterative_r3__strict__06_combat_seq__post1,3class,GPL17586_FF_Unknown,40,1,1.0,,06_combat_seq,prediction_best
E3_iterative_r3__strict__06_combat_seq__post1,3class,GPL20188_FF_Unknown,68,1,1.0,,06_combat_seq,prediction_best
E3_iterative_r3__strict__06_combat_seq__post1,3class,GPL23541_FF_Unknown,35,1,1.0,,06_combat_seq,prediction_best
E3_iterative_r3__strict__06_combat_seq__post1,3class,GPL570_FFPE_Unknown,800,1,0.9644,,06_combat_seq,prediction_best
E3_iterative_r3__strict__06_combat_seq__post1,3class,GPL570_FF_Unknown,994,3,0.9162,0.9961,06_combat_seq,prediction_best
E3_iterative_r3__strict__06_combat_seq__post1,3class,GPL570_Unknown_Unknown,384,2,0.9551,0.992,06_combat_seq,prediction_best
E3_iterative_r3__strict__06_combat_seq__post1,3class,GPL96+97_FF_Unknown,305,3,0.9481,0.99,06_combat_seq,prediction_best
E3_iterative_r3__strict__06_combat_seq__post1,3class,GPL96_FFPE_Unknown,84,2,0.5286,0.6852,06_combat_seq,prediction_best
E3_iterative_r3__strict__06_combat_seq__post1,3class,GPL96_FF_Unknown,133,3,0.9617,0.9924,06_combat_seq,prediction_best
E3_iterative_r3__strict__06_combat_seq__post1,3class,RNASeq_FFPE_Exome_capture,891,2,0.9887,0.9995,06_combat_seq,prediction_best
E3_iterative_r3__strict__06_combat_seq__post1,3class,RNASeq_FFPE_PolyA,35,2,0.7304,0.9195,06_combat_seq,prediction_best
E3_iterative_r3__strict__06_combat_seq__post1,3class,RNASeq_FF_PolyA,1039,3,0.7397,0.9636,06_combat_seq,prediction_best
E3_iterative_r3__strict__06_combat_seq__post1,3class,RNASeq_FF_Total,32,3,0.7868,0.9886,06_combat_seq,prediction_best
E3_iterative_r3__strict__06_combat_seq__post1,3class,RNASeq_FF_Unknown,79,1,0.9936,,06_combat_seq,prediction_best
E3_iterative_r3__strict__06_combat_seq__post1,3class,RNASeq_FF_rRNADepletion,117,2,0.5582,0.8794,06_combat_seq,prediction_best
E3_iterative_r3__strict__08_inmoose_combatseq__post1,2class,GPL17586_FF_Unknown,40,1,1.0,,08_inmoose_combatseq,prediction_best
E3_iterative_r3__strict__08_inmoose_combatseq__post1,2class,GPL570_FFPE_Unknown,800,1,1.0,,08_inmoose_combatseq,prediction_best
E3_iterative_r3__strict__08_inmoose_combatseq__post1,2class,GPL570_FF_Unknown,744,2,0.9428,0.9978,08_inmoose_combatseq,prediction_best
E3_iterative_r3__strict__08_inmoose_combatseq__post1,2class,GPL570_Unknown_Unknown,384,2,0.9526,0.9928,08_inmoose_combatseq,prediction_best
E3_iterative_r3__strict__08_inmoose_combatseq__post1,2class,GPL96+97_FF_Unknown,269,2,0.9394,0.9923,08_inmoose_combatseq,prediction_best
E3_iterative_r3__strict__08_inmoose_combatseq__post1,2class,GPL96_FFPE_Unknown,84,2,0.4982,0.6319,08_inmoose_combatseq,prediction_best
E3_iterative_r3__strict__08_inmoose_combatseq__post1,2class,GPL96_FF_Unknown,125,2,0.9257,0.9906,08_inmoose_combatseq,prediction_best
E3_iterative_r3__strict__08_inmoose_combatseq__post1,2class,RNASeq_FFPE_Exome_capture,891,2,0.9875,0.9994,08_inmoose_combatseq,prediction_best
E3_iterative_r3__strict__08_inmoose_combatseq__post1,2class,RNASeq_FFPE_PolyA,35,2,0.7304,0.931,08_inmoose_combatseq,prediction_best
E3_iterative_r3__strict__08_inmoose_combatseq__post1,2class,RNASeq_FF_PolyA,914,2,0.6359,0.8582,08_inmoose_combatseq,prediction_best
E3_iterative_r3__strict__08_inmoose_combatseq__post1,2class,RNASeq_FF_Total,28,2,0.8133,0.9867,08_inmoose_combatseq,prediction_best
E3_iterative_r3__strict__08_inmoose_combatseq__post1,2class,RNASeq_FF_rRNADepletion,14,1,0.1333,,08_inmoose_combatseq,prediction_best
E3_iterative_r3__strict__08_inmoose_combatseq__post1,3class,GPL13158_FF_Unknown,40,1,1.0,,08_inmoose_combatseq,prediction_best
E3_iterative_r3__strict__08_inmoose_combatseq__post1,3class,GPL16686_FF_Unknown,48,1,1.0,,08_inmoose_combatseq,prediction_best
E3_iterative_r3__strict__08_inmoose_combatseq__post1,3class,GPL17586_FF_Unknown,40,1,1.0,,08_inmoose_combatseq,prediction_best
E3_iterative_r3__strict__08_inmoose_combatseq__post1,3class,GPL20188_FF_Unknown,68,1,1.0,,08_inmoose_combatseq,prediction_best
E3_iterative_r3__strict__08_inmoose_combatseq__post1,3class,GPL23541_FF_Unknown,35,1,1.0,,08_inmoose_combatseq,prediction_best
E3_iterative_r3__strict__08_inmoose_combatseq__post1,3class,GPL570_FFPE_Unknown,800,1,0.9644,,08_inmoose_combatseq,prediction_best
E3_iterative_r3__strict__08_inmoose_combatseq__post1,3class,GPL570_FF_Unknown,994,3,0.9162,0.9961,08_inmoose_combatseq,prediction_best
E3_iterative_r3__strict__08_inmoose_combatseq__post1,3class,GPL570_Unknown_Unknown,384,2,0.9551,0.992,08_inmoose_combatseq,prediction_best
E3_iterative_r3__strict__08_inmoose_combatseq__post1,3class,GPL96+97_FF_Unknown,305,3,0.9481,0.99,08_inmoose_combatseq,prediction_best
E3_iterative_r3__strict__08_inmoose_combatseq__post1,3class,GPL96_FFPE_Unknown,84,2,0.5286,0.6852,08_inmoose_combatseq,prediction_best
E3_iterative_r3__strict__08_inmoose_combatseq__post1,3class,GPL96_FF_Unknown,133,3,0.9617,0.9924,08_inmoose_combatseq,prediction_best
E3_iterative_r3__strict__08_inmoose_combatseq__post1,3class,RNASeq_FFPE_Exome_capture,891,2,0.9887,0.9995,08_inmoose_combatseq,prediction_best
E3_iterative_r3__strict__08_inmoose_combatseq__post1,3class,RNASeq_FFPE_PolyA,35,2,0.7304,0.9195,08_inmoose_combatseq,prediction_best
E3_iterative_r3__strict__08_inmoose_combatseq__post1,3class,RNASeq_FF_PolyA,1039,3,0.7397,0.9636,08_inmoose_combatseq,prediction_best
E3_iterative_r3__strict__08_inmoose_combatseq__post1,3class,RNASeq_FF_Total,32,3,0.7868,0.9886,08_inmoose_combatseq,prediction_best
E3_iterative_r3__strict__08_inmoose_combatseq__post1,3class,RNASeq_FF_Unknown,79,1,0.9936,,08_inmoose_combatseq,prediction_best
E3_iterative_r3__strict__08_inmoose_combatseq__post1,3class,RNASeq_FF_rRNADepletion,117,2,0.5582,0.8794,08_inmoose_combatseq,prediction_best
E3_iterative_r3__strict__14_qsmooth__post0,2class,GPL1708_FF_Unknown,40,1,0.9744,,14_qsmooth,prediction_best
E3_iterative_r3__strict__14_qsmooth__post0,2class,GPL17586_FF_Unknown,40,1,0.9873,,14_qsmooth,prediction_best
E3_iterative_r3__strict__14_qsmooth__post0,2class,GPL570_FFPE_Unknown,800,1,0.9369,,14_qsmooth,prediction_best
E3_iterative_r3__strict__14_qsmooth__post0,2class,GPL570_FF_Unknown,744,2,0.9467,0.9924,14_qsmooth,prediction_best
E3_iterative_r3__strict__14_qsmooth__post0,2class,GPL570_Unknown_Unknown,384,2,0.7394,0.9815,14_qsmooth,prediction_best
E3_iterative_r3__strict__14_qsmooth__post0,2class,GPL96+97_FF_Unknown,269,2,0.9298,0.986,14_qsmooth,prediction_best
E3_iterative_r3__strict__14_qsmooth__post0,2class,GPL96_FFPE_Unknown,84,2,0.5361,0.7037,14_qsmooth,prediction_best
E3_iterative_r3__strict__14_qsmooth__post0,2class,GPL96_FF_Unknown,125,2,0.9167,0.9672,14_qsmooth,prediction_best
E3_iterative_r3__strict__14_qsmooth__post0,2class,RNASeq_FFPE_Exome_capture,891,2,0.9671,0.9961,14_qsmooth,prediction_best
E3_iterative_r3__strict__14_qsmooth__post0,2class,RNASeq_FFPE_PolyA,35,2,0.7667,0.9483,14_qsmooth,prediction_best
E3_iterative_r3__strict__14_qsmooth__post0,2class,RNASeq_FF_PolyA,914,2,0.7902,0.991,14_qsmooth,prediction_best
E3_iterative_r3__strict__14_qsmooth__post0,2class,RNASeq_FF_Total,28,2,0.8014,1.0,14_qsmooth,prediction_best
E3_iterative_r3__strict__14_qsmooth__post0,2class,RNASeq_FF_rRNADepletion,14,1,0.7273,,14_qsmooth,prediction_best
E3_iterative_r3__strict__14_qsmooth__post0,3class,GPL13158_FF_Unknown,40,1,1.0,,14_qsmooth,prediction_best
E3_iterative_r3__strict__14_qsmooth__post0,3class,GPL16686_FF_Unknown,48,1,1.0,,14_qsmooth,prediction_best
E3_iterative_r3__strict__14_qsmooth__post0,3class,GPL1708_FF_Unknown,40,1,0.8406,,14_qsmooth,prediction_best
E3_iterative_r3__strict__14_qsmooth__post0,3class,GPL17586_FF_Unknown,40,1,0.9873,,14_qsmooth,prediction_best
E3_iterative_r3__strict__14_qsmooth__post0,3class,GPL20188_FF_Unknown,68,1,1.0,,14_qsmooth,prediction_best
E3_iterative_r3__strict__14_qsmooth__post0,3class,GPL23541_FF_Unknown,35,1,1.0,,14_qsmooth,prediction_best
E3_iterative_r3__strict__14_qsmooth__post0,3class,GPL570_FFPE_Unknown,800,1,0.6667,,14_qsmooth,prediction_best
E3_iterative_r3__strict__14_qsmooth__post0,3class,GPL570_FF_Unknown,994,3,0.9373,0.9965,14_qsmooth,prediction_best
E3_iterative_r3__strict__14_qsmooth__post0,3class,GPL570_Unknown_Unknown,384,2,0.7719,0.9843,14_qsmooth,prediction_best
E3_iterative_r3__strict__14_qsmooth__post0,3class,GPL96+97_FF_Unknown,305,3,0.9505,0.9916,14_qsmooth,prediction_best
E3_iterative_r3__strict__14_qsmooth__post0,3class,GPL96_FFPE_Unknown,84,2,0.5265,0.7037,14_qsmooth,prediction_best
E3_iterative_r3__strict__14_qsmooth__post0,3class,GPL96_FF_Unknown,133,3,0.9211,0.981,14_qsmooth,prediction_best
E3_iterative_r3__strict__14_qsmooth__post0,3class,RNASeq_FFPE_Exome_capture,891,2,0.9611,0.9951,14_qsmooth,prediction_best
E3_iterative_r3__strict__14_qsmooth__post0,3class,RNASeq_FFPE_PolyA,35,2,0.7667,0.9483,14_qsmooth,prediction_best
E3_iterative_r3__strict__14_qsmooth__post0,3class,RNASeq_FF_PolyA,1039,3,0.8562,0.9965,14_qsmooth,prediction_best
E3_iterative_r3__strict__14_qsmooth__post0,3class,RNASeq_FF_Total,32,3,0.8348,0.9943,14_qsmooth,prediction_best
E3_iterative_r3__strict__14_qsmooth__post0,3class,RNASeq_FF_Unknown,79,1,0.9936,,14_qsmooth,prediction_best
E3_iterative_r3__strict__14_qsmooth__post0,3class,RNASeq_FF_rRNADepletion,117,2,0.6153,0.8486,14_qsmooth,prediction_best
E3_iterative_r3__strict__14_qsmooth__post1,2class,GPL17586_FF_Unknown,40,1,0.9873,,14_qsmooth,prediction_best
E3_iterative_r3__strict__14_qsmooth__post1,2class,GPL570_FFPE_Unknown,800,1,0.8904,,14_qsmooth,prediction_best
E3_iterative_r3__strict__14_qsmooth__post1,2class,GPL570_FF_Unknown,744,2,0.9468,0.9915,14_qsmooth,prediction_best
E3_iterative_r3__strict__14_qsmooth__post1,2class,GPL570_Unknown_Unknown,384,2,0.7297,0.9808,14_qsmooth,prediction_best
E3_iterative_r3__strict__14_qsmooth__post1,2class,GPL96+97_FF_Unknown,269,2,0.9257,0.9836,14_qsmooth,prediction_best
E3_iterative_r3__strict__14_qsmooth__post1,2class,GPL96_FFPE_Unknown,84,2,0.5361,0.7002,14_qsmooth,prediction_best
E3_iterative_r3__strict__14_qsmooth__post1,2class,GPL96_FF_Unknown,125,2,0.9167,0.9696,14_qsmooth,prediction_best
E3_iterative_r3__strict__14_qsmooth__post1,2class,RNASeq_FFPE_Exome_capture,891,2,0.9658,0.9948,14_qsmooth,prediction_best
E3_iterative_r3__strict__14_qsmooth__post1,2class,RNASeq_FFPE_PolyA,35,2,0.7667,0.9483,14_qsmooth,prediction_best
E3_iterative_r3__strict__14_qsmooth__post1,2class,RNASeq_FF_PolyA,914,2,0.7602,0.9892,14_qsmooth,prediction_best
E3_iterative_r3__strict__14_qsmooth__post1,2class,RNASeq_FF_Total,28,2,0.8014,1.0,14_qsmooth,prediction_best
E3_iterative_r3__strict__14_qsmooth__post1,2class,RNASeq_FF_rRNADepletion,14,1,0.7826,,14_qsmooth,prediction_best
E3_iterative_r3__strict__14_qsmooth__post1,3class,GPL13158_FF_Unknown,40,1,1.0,,14_qsmooth,prediction_best
E3_iterative_r3__strict__14_qsmooth__post1,3class,GPL16686_FF_Unknown,48,1,1.0,,14_qsmooth,prediction_best
E3_iterative_r3__strict__14_qsmooth__post1,3class,GPL17586_FF_Unknown,40,1,0.9873,,14_qsmooth,prediction_best
E3_iterative_r3__strict__14_qsmooth__post1,3class,GPL20188_FF_Unknown,68,1,1.0,,14_qsmooth,prediction_best
E3_iterative_r3__strict__14_qsmooth__post1,3class,GPL23541_FF_Unknown,35,1,1.0,,14_qsmooth,prediction_best
E3_iterative_r3__strict__14_qsmooth__post1,3class,GPL570_FFPE_Unknown,800,1,0.8473,,14_qsmooth,prediction_best
E3_iterative_r3__strict__14_qsmooth__post1,3class,GPL570_FF_Unknown,994,3,0.9347,0.9961,14_qsmooth,prediction_best
E3_iterative_r3__strict__14_qsmooth__post1,3class,GPL570_Unknown_Unknown,384,2,0.7668,0.9836,14_qsmooth,prediction_best
E3_iterative_r3__strict__14_qsmooth__post1,3class,GPL96+97_FF_Unknown,305,3,0.9365,0.9898,14_qsmooth,prediction_best
E3_iterative_r3__strict__14_qsmooth__post1,3class,GPL96_FFPE_Unknown,84,2,0.5354,0.6991,14_qsmooth,prediction_best
E3_iterative_r3__strict__14_qsmooth__post1,3class,GPL96_FF_Unknown,133,3,0.9211,0.9824,14_qsmooth,prediction_best
E3_iterative_r3__strict__14_qsmooth__post1,3class,RNASeq_FFPE_Exome_capture,891,2,0.9678,0.9956,14_qsmooth,prediction_best
E3_iterative_r3__strict__14_qsmooth__post1,3class,RNASeq_FFPE_PolyA,35,2,0.7667,0.9483,14_qsmooth,prediction_best
E3_iterative_r3__strict__14_qsmooth__post1,3class,RNASeq_FF_PolyA,1039,3,0.8215,0.9956,14_qsmooth,prediction_best
E3_iterative_r3__strict__14_qsmooth__post1,3class,RNASeq_FF_Total,32,3,0.8042,0.9943,14_qsmooth,prediction_best
E3_iterative_r3__strict__14_qsmooth__post1,3class,RNASeq_FF_Unknown,79,1,0.9872,,14_qsmooth,prediction_best
E3_iterative_r3__strict__14_qsmooth__post1,3class,RNASeq_FF_rRNADepletion,117,2,0.6153,0.8402,14_qsmooth,prediction_best
E3_iterative_r3__strict__25_angel__post1,2class,GPL1708_FF_Unknown,40,1,0.6667,,25_angel,prediction_best
E3_iterative_r3__strict__25_angel__post1,2class,GPL570_FFPE_Unknown,800,1,0.8661,,25_angel,prediction_best
E3_iterative_r3__strict__25_angel__post1,2class,GPL570_FF_Unknown,744,2,0.9404,0.9897,25_angel,prediction_best
E3_iterative_r3__strict__25_angel__post1,2class,GPL570_Unknown_Unknown,384,2,0.8723,0.988,25_angel,prediction_best
E3_iterative_r3__strict__25_angel__post1,2class,GPL96+97_FF_Unknown,269,2,0.8663,0.9566,25_angel,prediction_best
E3_iterative_r3__strict__25_angel__post1,2class,GPL96_FFPE_Unknown,84,2,0.4729,0.5984,25_angel,prediction_best
E3_iterative_r3__strict__25_angel__post1,2class,GPL96_FF_Unknown,125,2,0.95,0.9953,25_angel,prediction_best
E3_iterative_r3__strict__25_angel__post1,2class,RNASeq_FFPE_Exome_capture,891,2,0.8944,0.9499,25_angel,prediction_best
E3_iterative_r3__strict__25_angel__post1,2class,RNASeq_FFPE_PolyA,35,2,0.8994,0.9368,25_angel,prediction_best
E3_iterative_r3__strict__25_angel__post1,2class,RNASeq_FF_PolyA,914,2,0.6277,0.9955,25_angel,prediction_best
E3_iterative_r3__strict__25_angel__post1,2class,RNASeq_FF_Total,28,2,0.8014,1.0,25_angel,prediction_best
E3_iterative_r3__strict__25_angel__post1,2class,RNASeq_FF_rRNADepletion,14,1,0.9231,,25_angel,prediction_best
E3_iterative_r3__strict__25_angel__post1,3class,GPL13158_FF_Unknown,40,1,1.0,,25_angel,prediction_best
E3_iterative_r3__strict__25_angel__post1,3class,GPL16686_FF_Unknown,48,1,1.0,,25_angel,prediction_best
E3_iterative_r3__strict__25_angel__post1,3class,GPL1708_FF_Unknown,40,1,0.7302,,25_angel,prediction_best
E3_iterative_r3__strict__25_angel__post1,3class,GPL20188_FF_Unknown,68,1,0.9926,,25_angel,prediction_best
E3_iterative_r3__strict__25_angel__post1,3class,GPL23541_FF_Unknown,35,1,1.0,,25_angel,prediction_best
E3_iterative_r3__strict__25_angel__post1,3class,GPL570_FFPE_Unknown,800,1,0.751,,25_angel,prediction_best
E3_iterative_r3__strict__25_angel__post1,3class,GPL570_FF_Unknown,994,3,0.9357,0.9946,25_angel,prediction_best
E3_iterative_r3__strict__25_angel__post1,3class,GPL570_Unknown_Unknown,384,2,0.8798,0.989,25_angel,prediction_best
E3_iterative_r3__strict__25_angel__post1,3class,GPL96+97_FF_Unknown,305,3,0.9106,0.9771,25_angel,prediction_best
E3_iterative_r3__strict__25_angel__post1,3class,GPL96_FFPE_Unknown,84,2,0.431,0.5758,25_angel,prediction_best
E3_iterative_r3__strict__25_angel__post1,3class,GPL96_FF_Unknown,133,3,0.8454,0.9902,25_angel,prediction_best
E3_iterative_r3__strict__25_angel__post1,3class,RNASeq_FFPE_Exome_capture,891,2,0.9089,0.9407,25_angel,prediction_best
E3_iterative_r3__strict__25_angel__post1,3class,RNASeq_FFPE_PolyA,35,2,0.8994,0.9368,25_angel,prediction_best
E3_iterative_r3__strict__25_angel__post1,3class,RNASeq_FF_PolyA,1039,3,0.7134,0.9953,25_angel,prediction_best
E3_iterative_r3__strict__25_angel__post1,3class,RNASeq_FF_Total,32,3,0.7852,0.9932,25_angel,prediction_best
E3_iterative_r3__strict__25_angel__post1,3class,RNASeq_FF_Unknown,79,1,0.9673,,25_angel,prediction_best
E3_iterative_r3__strict__25_angel__post1,3class,RNASeq_FF_rRNADepletion,117,2,0.6051,0.7262,25_angel,prediction_best
F_microarray_only__knn__06_combat_seq__post1,2class,GPL14951_FFPE_Unknown,810,1,1.0,,06_combat_seq,prediction_best
F_microarray_only__knn__06_combat_seq__post1,2class,GPL1708_FF_Unknown,40,1,1.0,,06_combat_seq,prediction_best
F_microarray_only__knn__06_combat_seq__post1,2class,GPL17586_FF_Unknown,40,1,1.0,,06_combat_seq,prediction_best
F_microarray_only__knn__06_combat_seq__post1,2class,GPL570_FFPE_Unknown,800,1,0.9994,,06_combat_seq,prediction_best
F_microarray_only__knn__06_combat_seq__post1,2class,GPL570_FF_Unknown,744,2,0.9701,0.9964,06_combat_seq,prediction_best
F_microarray_only__knn__06_combat_seq__post1,2class,GPL570_Unknown_Unknown,908,2,0.6441,0.6356,06_combat_seq,prediction_best
F_microarray_only__knn__06_combat_seq__post1,2class,GPL6244_FF_Unknown,119,1,1.0,,06_combat_seq,prediction_best
F_microarray_only__knn__06_combat_seq__post1,2class,GPL8432_FFPE_Unknown,130,1,1.0,,06_combat_seq,prediction_best
F_microarray_only__knn__06_combat_seq__post1,2class,GPL887_FFPE_Unknown,24,1,1.0,,06_combat_seq,prediction_best
F_microarray_only__knn__06_combat_seq__post1,2class,GPL96+97_FF_Unknown,269,2,0.969,0.9962,06_combat_seq,prediction_best
F_microarray_only__knn__06_combat_seq__post1,2class,GPL96_FFPE_Unknown,84,2,0.5164,0.7882,06_combat_seq,prediction_best
F_microarray_only__knn__06_combat_seq__post1,2class,GPL96_FF_Unknown,125,2,0.9585,0.9995,06_combat_seq,prediction_best
F_microarray_only__knn__06_combat_seq__post1,3class,GPL13158_FF_Unknown,40,1,1.0,,06_combat_seq,prediction_best
F_microarray_only__knn__06_combat_seq__post1,3class,GPL14951_FFPE_Unknown,810,1,1.0,,06_combat_seq,prediction_best
F_microarray_only__knn__06_combat_seq__post1,3class,GPL16686_FF_Unknown,48,1,1.0,,06_combat_seq,prediction_best
F_microarray_only__knn__06_combat_seq__post1,3class,GPL17077_FF_Unknown,33,1,1.0,,06_combat_seq,prediction_best
F_microarray_only__knn__06_combat_seq__post1,3class,GPL1708_FF_Unknown,40,1,1.0,,06_combat_seq,prediction_best
F_microarray_only__knn__06_combat_seq__post1,3class,GPL17586_FF_Unknown,40,1,1.0,,06_combat_seq,prediction_best
F_microarray_only__knn__06_combat_seq__post1,3class,GPL20188_FF_Unknown,68,1,1.0,,06_combat_seq,prediction_best
F_microarray_only__knn__06_combat_seq__post1,3class,GPL23541_FF_Unknown,35,1,1.0,,06_combat_seq,prediction_best
F_microarray_only__knn__06_combat_seq__post1,3class,GPL570_FFPE_Unknown,800,1,0.9969,,06_combat_seq,prediction_best
F_microarray_only__knn__06_combat_seq__post1,3class,GPL570_FF_Unknown,994,3,0.977,0.9972,06_combat_seq,prediction_best
F_microarray_only__knn__06_combat_seq__post1,3class,GPL570_Unknown_Unknown,908,2,0.5301,0.6617,06_combat_seq,prediction_best
F_microarray_only__knn__06_combat_seq__post1,3class,GPL6244_FF_Unknown,131,2,0.7954,0.9958,06_combat_seq,prediction_best
F_microarray_only__knn__06_combat_seq__post1,3class,GPL8432_FFPE_Unknown,130,1,1.0,,06_combat_seq,prediction_best
F_microarray_only__knn__06_combat_seq__post1,3class,GPL887_FFPE_Unknown,24,1,1.0,,06_combat_seq,prediction_best
F_microarray_only__knn__06_combat_seq__post1,3class,GPL96+97_FF_Unknown,305,3,0.9822,0.9979,06_combat_seq,prediction_best
F_microarray_only__knn__06_combat_seq__post1,3class,GPL96_FFPE_Unknown,84,2,0.5164,0.7917,06_combat_seq,prediction_best
F_microarray_only__knn__06_combat_seq__post1,3class,GPL96_FF_Unknown,133,3,0.9723,0.998,06_combat_seq,prediction_best
F_microarray_only__knn__08_inmoose_combatseq__post1,2class,GPL14951_FFPE_Unknown,810,1,1.0,,08_inmoose_combatseq,prediction_best
F_microarray_only__knn__08_inmoose_combatseq__post1,2class,GPL1708_FF_Unknown,40,1,1.0,,08_inmoose_combatseq,prediction_best
F_microarray_only__knn__08_inmoose_combatseq__post1,2class,GPL17586_FF_Unknown,40,1,1.0,,08_inmoose_combatseq,prediction_best
F_microarray_only__knn__08_inmoose_combatseq__post1,2class,GPL570_FFPE_Unknown,800,1,0.9987,,08_inmoose_combatseq,prediction_best
F_microarray_only__knn__08_inmoose_combatseq__post1,2class,GPL570_FF_Unknown,744,2,0.9686,0.9959,08_inmoose_combatseq,prediction_best
F_microarray_only__knn__08_inmoose_combatseq__post1,2class,GPL570_Unknown_Unknown,908,2,0.6431,0.6318,08_inmoose_combatseq,prediction_best
F_microarray_only__knn__08_inmoose_combatseq__post1,2class,GPL6244_FF_Unknown,119,1,1.0,,08_inmoose_combatseq,prediction_best
F_microarray_only__knn__08_inmoose_combatseq__post1,2class,GPL8432_FFPE_Unknown,130,1,1.0,,08_inmoose_combatseq,prediction_best
F_microarray_only__knn__08_inmoose_combatseq__post1,2class,GPL887_FFPE_Unknown,24,1,1.0,,08_inmoose_combatseq,prediction_best
F_microarray_only__knn__08_inmoose_combatseq__post1,2class,GPL96+97_FF_Unknown,269,2,0.969,0.9951,08_inmoose_combatseq,prediction_best
F_microarray_only__knn__08_inmoose_combatseq__post1,2class,GPL96_FFPE_Unknown,84,2,0.5164,0.7812,08_inmoose_combatseq,prediction_best
F_microarray_only__knn__08_inmoose_combatseq__post1,2class,GPL96_FF_Unknown,125,2,0.9585,0.9984,08_inmoose_combatseq,prediction_best
F_microarray_only__knn__08_inmoose_combatseq__post1,3class,GPL13158_FF_Unknown,40,1,1.0,,08_inmoose_combatseq,prediction_best
F_microarray_only__knn__08_inmoose_combatseq__post1,3class,GPL14951_FFPE_Unknown,810,1,1.0,,08_inmoose_combatseq,prediction_best
F_microarray_only__knn__08_inmoose_combatseq__post1,3class,GPL16686_FF_Unknown,48,1,1.0,,08_inmoose_combatseq,prediction_best
F_microarray_only__knn__08_inmoose_combatseq__post1,3class,GPL17077_FF_Unknown,33,1,1.0,,08_inmoose_combatseq,prediction_best
F_microarray_only__knn__08_inmoose_combatseq__post1,3class,GPL1708_FF_Unknown,40,1,1.0,,08_inmoose_combatseq,prediction_best
F_microarray_only__knn__08_inmoose_combatseq__post1,3class,GPL17586_FF_Unknown,40,1,1.0,,08_inmoose_combatseq,prediction_best
F_microarray_only__knn__08_inmoose_combatseq__post1,3class,GPL20188_FF_Unknown,68,1,1.0,,08_inmoose_combatseq,prediction_best
F_microarray_only__knn__08_inmoose_combatseq__post1,3class,GPL23541_FF_Unknown,35,1,1.0,,08_inmoose_combatseq,prediction_best
F_microarray_only__knn__08_inmoose_combatseq__post1,3class,GPL570_FFPE_Unknown,800,1,0.9969,,08_inmoose_combatseq,prediction_best
F_microarray_only__knn__08_inmoose_combatseq__post1,3class,GPL570_FF_Unknown,994,3,0.974,0.9967,08_inmoose_combatseq,prediction_best
F_microarray_only__knn__08_inmoose_combatseq__post1,3class,GPL570_Unknown_Unknown,908,2,0.5288,0.6677,08_inmoose_combatseq,prediction_best
F_microarray_only__knn__08_inmoose_combatseq__post1,3class,GPL6244_FF_Unknown,131,2,0.7741,0.9951,08_inmoose_combatseq,prediction_best
F_microarray_only__knn__08_inmoose_combatseq__post1,3class,GPL8432_FFPE_Unknown,130,1,1.0,,08_inmoose_combatseq,prediction_best
F_microarray_only__knn__08_inmoose_combatseq__post1,3class,GPL887_FFPE_Unknown,24,1,1.0,,08_inmoose_combatseq,prediction_best
F_microarray_only__knn__08_inmoose_combatseq__post1,3class,GPL96+97_FF_Unknown,305,3,0.9591,0.9962,08_inmoose_combatseq,prediction_best
F_microarray_only__knn__08_inmoose_combatseq__post1,3class,GPL96_FFPE_Unknown,84,2,0.5164,0.7801,08_inmoose_combatseq,prediction_best
F_microarray_only__knn__08_inmoose_combatseq__post1,3class,GPL96_FF_Unknown,133,3,0.9723,0.9969,08_inmoose_combatseq,prediction_best
F_microarray_only__softimpute__06_combat_seq__post0,2class,GPL13938_FFPE_Unknown,167,1,1.0,,06_combat_seq,prediction_best
F_microarray_only__softimpute__06_combat_seq__post0,2class,GPL14951_FFPE_Unknown,810,1,0.9988,,06_combat_seq,prediction_best
F_microarray_only__softimpute__06_combat_seq__post0,2class,GPL1708_FF_Unknown,40,1,1.0,,06_combat_seq,prediction_best
F_microarray_only__softimpute__06_combat_seq__post0,2class,GPL17586_FF_Unknown,40,1,1.0,,06_combat_seq,prediction_best
F_microarray_only__softimpute__06_combat_seq__post0,2class,GPL570_FFPE_Unknown,800,1,0.9987,,06_combat_seq,prediction_best
F_microarray_only__softimpute__06_combat_seq__post0,2class,GPL570_FF_Unknown,744,2,0.9479,0.9916,06_combat_seq,prediction_best
F_microarray_only__softimpute__06_combat_seq__post0,2class,GPL570_Unknown_Unknown,908,2,0.6421,0.6632,06_combat_seq,prediction_best
F_microarray_only__softimpute__06_combat_seq__post0,2class,GPL6244_FF_Unknown,119,1,1.0,,06_combat_seq,prediction_best
F_microarray_only__softimpute__06_combat_seq__post0,2class,GPL8432_FFPE_Unknown,130,1,1.0,,06_combat_seq,prediction_best
F_microarray_only__softimpute__06_combat_seq__post0,2class,GPL887_FFPE_Unknown,24,1,1.0,,06_combat_seq,prediction_best
F_microarray_only__softimpute__06_combat_seq__post0,2class,GPL96+97_FF_Unknown,269,2,0.9692,0.9996,06_combat_seq,prediction_best
F_microarray_only__softimpute__06_combat_seq__post0,2class,GPL96_FFPE_Unknown,84,2,0.5325,0.8113,06_combat_seq,prediction_best
F_microarray_only__softimpute__06_combat_seq__post0,2class,GPL96_FF_Unknown,125,2,0.9752,0.9995,06_combat_seq,prediction_best
F_microarray_only__softimpute__06_combat_seq__post0,3class,GPL13158_FF_Unknown,40,1,1.0,,06_combat_seq,prediction_best
F_microarray_only__softimpute__06_combat_seq__post0,3class,GPL13938_FFPE_Unknown,167,1,1.0,,06_combat_seq,prediction_best
F_microarray_only__softimpute__06_combat_seq__post0,3class,GPL14951_FFPE_Unknown,810,1,0.9988,,06_combat_seq,prediction_best
F_microarray_only__softimpute__06_combat_seq__post0,3class,GPL16686_FF_Unknown,48,1,1.0,,06_combat_seq,prediction_best
F_microarray_only__softimpute__06_combat_seq__post0,3class,GPL17077_FF_Unknown,33,1,1.0,,06_combat_seq,prediction_best
F_microarray_only__softimpute__06_combat_seq__post0,3class,GPL1708_FF_Unknown,40,1,1.0,,06_combat_seq,prediction_best
F_microarray_only__softimpute__06_combat_seq__post0,3class,GPL17586_FF_Unknown,40,1,1.0,,06_combat_seq,prediction_best
F_microarray_only__softimpute__06_combat_seq__post0,3class,GPL20188_FF_Unknown,68,1,1.0,,06_combat_seq,prediction_best
F_microarray_only__softimpute__06_combat_seq__post0,3class,GPL23541_FF_Unknown,35,1,1.0,,06_combat_seq,prediction_best
F_microarray_only__softimpute__06_combat_seq__post0,3class,GPL570_FFPE_Unknown,800,1,0.9987,,06_combat_seq,prediction_best
F_microarray_only__softimpute__06_combat_seq__post0,3class,GPL570_FF_Unknown,994,3,0.9521,0.9961,06_combat_seq,prediction_best
F_microarray_only__softimpute__06_combat_seq__post0,3class,GPL570_Unknown_Unknown,908,2,0.5274,0.7884,06_combat_seq,prediction_best
F_microarray_only__softimpute__06_combat_seq__post0,3class,GPL6244_FF_Unknown,131,2,1.0,1.0,06_combat_seq,prediction_best
F_microarray_only__softimpute__06_combat_seq__post0,3class,GPL8432_FFPE_Unknown,130,1,1.0,,06_combat_seq,prediction_best
F_microarray_only__softimpute__06_combat_seq__post0,3class,GPL887_FFPE_Unknown,24,1,1.0,,06_combat_seq,prediction_best
F_microarray_only__softimpute__06_combat_seq__post0,3class,GPL96+97_FF_Unknown,305,3,0.9795,0.9998,06_combat_seq,prediction_best
F_microarray_only__softimpute__06_combat_seq__post0,3class,GPL96_FFPE_Unknown,84,2,0.5325,0.7998,06_combat_seq,prediction_best
F_microarray_only__softimpute__06_combat_seq__post0,3class,GPL96_FF_Unknown,133,3,0.9835,1.0,06_combat_seq,prediction_best
F_microarray_only__softimpute__06_combat_seq__post1,2class,GPL14951_FFPE_Unknown,810,1,1.0,,06_combat_seq,prediction_best
F_microarray_only__softimpute__06_combat_seq__post1,2class,GPL1708_FF_Unknown,40,1,1.0,,06_combat_seq,prediction_best
F_microarray_only__softimpute__06_combat_seq__post1,2class,GPL17586_FF_Unknown,40,1,1.0,,06_combat_seq,prediction_best
F_microarray_only__softimpute__06_combat_seq__post1,2class,GPL570_FFPE_Unknown,800,1,0.9987,,06_combat_seq,prediction_best
F_microarray_only__softimpute__06_combat_seq__post1,2class,GPL570_FF_Unknown,744,2,0.9209,0.9918,06_combat_seq,prediction_best
F_microarray_only__softimpute__06_combat_seq__post1,2class,GPL570_Unknown_Unknown,908,2,0.6391,0.6686,06_combat_seq,prediction_best
F_microarray_only__softimpute__06_combat_seq__post1,2class,GPL6244_FF_Unknown,119,1,1.0,,06_combat_seq,prediction_best
F_microarray_only__softimpute__06_combat_seq__post1,2class,GPL8432_FFPE_Unknown,130,1,1.0,,06_combat_seq,prediction_best
F_microarray_only__softimpute__06_combat_seq__post1,2class,GPL887_FFPE_Unknown,24,1,1.0,,06_combat_seq,prediction_best
F_microarray_only__softimpute__06_combat_seq__post1,2class,GPL96+97_FF_Unknown,269,2,0.9735,0.997,06_combat_seq,prediction_best
F_microarray_only__softimpute__06_combat_seq__post1,2class,GPL96_FFPE_Unknown,84,2,0.5242,0.794,06_combat_seq,prediction_best
F_microarray_only__softimpute__06_combat_seq__post1,2class,GPL96_FF_Unknown,125,2,0.9585,0.999,06_combat_seq,prediction_best
F_microarray_only__softimpute__06_combat_seq__post1,3class,GPL13158_FF_Unknown,40,1,1.0,,06_combat_seq,prediction_best
F_microarray_only__softimpute__06_combat_seq__post1,3class,GPL14951_FFPE_Unknown,810,1,1.0,,06_combat_seq,prediction_best
F_microarray_only__softimpute__06_combat_seq__post1,3class,GPL16686_FF_Unknown,48,1,1.0,,06_combat_seq,prediction_best
F_microarray_only__softimpute__06_combat_seq__post1,3class,GPL17077_FF_Unknown,33,1,1.0,,06_combat_seq,prediction_best
F_microarray_only__softimpute__06_combat_seq__post1,3class,GPL1708_FF_Unknown,40,1,1.0,,06_combat_seq,prediction_best
F_microarray_only__softimpute__06_combat_seq__post1,3class,GPL17586_FF_Unknown,40,1,1.0,,06_combat_seq,prediction_best
F_microarray_only__softimpute__06_combat_seq__post1,3class,GPL20188_FF_Unknown,68,1,1.0,,06_combat_seq,prediction_best
F_microarray_only__softimpute__06_combat_seq__post1,3class,GPL23541_FF_Unknown,35,1,1.0,,06_combat_seq,prediction_best
F_microarray_only__softimpute__06_combat_seq__post1,3class,GPL570_FFPE_Unknown,800,1,0.9987,,06_combat_seq,prediction_best
F_microarray_only__softimpute__06_combat_seq__post1,3class,GPL570_FF_Unknown,994,3,0.9344,0.9949,06_combat_seq,prediction_best
F_microarray_only__softimpute__06_combat_seq__post1,3class,GPL570_Unknown_Unknown,908,2,0.5261,0.7864,06_combat_seq,prediction_best
F_microarray_only__softimpute__06_combat_seq__post1,3class,GPL6244_FF_Unknown,131,2,1.0,1.0,06_combat_seq,prediction_best
F_microarray_only__softimpute__06_combat_seq__post1,3class,GPL8432_FFPE_Unknown,130,1,1.0,,06_combat_seq,prediction_best
F_microarray_only__softimpute__06_combat_seq__post1,3class,GPL887_FFPE_Unknown,24,1,1.0,,06_combat_seq,prediction_best
F_microarray_only__softimpute__06_combat_seq__post1,3class,GPL96+97_FF_Unknown,305,3,0.9795,0.9986,06_combat_seq,prediction_best
F_microarray_only__softimpute__06_combat_seq__post1,3class,GPL96_FFPE_Unknown,84,2,0.5242,0.7986,06_combat_seq,prediction_best
F_microarray_only__softimpute__06_combat_seq__post1,3class,GPL96_FF_Unknown,133,3,0.9779,0.9995,06_combat_seq,prediction_best
F_microarray_only__softimpute__08_inmoose_combatseq__post0,2class,GPL13938_FFPE_Unknown,167,1,1.0,,08_inmoose_combatseq,prediction_best
F_microarray_only__softimpute__08_inmoose_combatseq__post0,2class,GPL14951_FFPE_Unknown,810,1,0.9988,,08_inmoose_combatseq,prediction_best
F_microarray_only__softimpute__08_inmoose_combatseq__post0,2class,GPL1708_FF_Unknown,40,1,1.0,,08_inmoose_combatseq,prediction_best
F_microarray_only__softimpute__08_inmoose_combatseq__post0,2class,GPL17586_FF_Unknown,40,1,1.0,,08_inmoose_combatseq,prediction_best
F_microarray_only__softimpute__08_inmoose_combatseq__post0,2class,GPL570_FFPE_Unknown,800,1,0.9987,,08_inmoose_combatseq,prediction_best
F_microarray_only__softimpute__08_inmoose_combatseq__post0,2class,GPL570_FF_Unknown,744,2,0.948,0.9915,08_inmoose_combatseq,prediction_best
F_microarray_only__softimpute__08_inmoose_combatseq__post0,2class,GPL570_Unknown_Unknown,908,2,0.6421,0.668,08_inmoose_combatseq,prediction_best
F_microarray_only__softimpute__08_inmoose_combatseq__post0,2class,GPL6244_FF_Unknown,119,1,1.0,,08_inmoose_combatseq,prediction_best
F_microarray_only__softimpute__08_inmoose_combatseq__post0,2class,GPL8432_FFPE_Unknown,130,1,1.0,,08_inmoose_combatseq,prediction_best
F_microarray_only__softimpute__08_inmoose_combatseq__post0,2class,GPL887_FFPE_Unknown,24,1,1.0,,08_inmoose_combatseq,prediction_best
F_microarray_only__softimpute__08_inmoose_combatseq__post0,2class,GPL96+97_FF_Unknown,269,2,0.9692,0.9996,08_inmoose_combatseq,prediction_best
F_microarray_only__softimpute__08_inmoose_combatseq__post0,2class,GPL96_FFPE_Unknown,84,2,0.5325,0.8113,08_inmoose_combatseq,prediction_best
F_microarray_only__softimpute__08_inmoose_combatseq__post0,2class,GPL96_FF_Unknown,125,2,0.9752,0.9995,08_inmoose_combatseq,prediction_best
F_microarray_only__softimpute__08_inmoose_combatseq__post0,3class,GPL13158_FF_Unknown,40,1,1.0,,08_inmoose_combatseq,prediction_best
F_microarray_only__softimpute__08_inmoose_combatseq__post0,3class,GPL13938_FFPE_Unknown,167,1,1.0,,08_inmoose_combatseq,prediction_best
F_microarray_only__softimpute__08_inmoose_combatseq__post0,3class,GPL14951_FFPE_Unknown,810,1,0.9988,,08_inmoose_combatseq,prediction_best
F_microarray_only__softimpute__08_inmoose_combatseq__post0,3class,GPL16686_FF_Unknown,48,1,1.0,,08_inmoose_combatseq,prediction_best
F_microarray_only__softimpute__08_inmoose_combatseq__post0,3class,GPL17077_FF_Unknown,33,1,1.0,,08_inmoose_combatseq,prediction_best
F_microarray_only__softimpute__08_inmoose_combatseq__post0,3class,GPL1708_FF_Unknown,40,1,1.0,,08_inmoose_combatseq,prediction_best
F_microarray_only__softimpute__08_inmoose_combatseq__post0,3class,GPL17586_FF_Unknown,40,1,1.0,,08_inmoose_combatseq,prediction_best
F_microarray_only__softimpute__08_inmoose_combatseq__post0,3class,GPL20188_FF_Unknown,68,1,1.0,,08_inmoose_combatseq,prediction_best
F_microarray_only__softimpute__08_inmoose_combatseq__post0,3class,GPL23541_FF_Unknown,35,1,1.0,,08_inmoose_combatseq,prediction_best
F_microarray_only__softimpute__08_inmoose_combatseq__post0,3class,GPL570_FFPE_Unknown,800,1,0.9987,,08_inmoose_combatseq,prediction_best
F_microarray_only__softimpute__08_inmoose_combatseq__post0,3class,GPL570_FF_Unknown,994,3,0.9527,0.9957,08_inmoose_combatseq,prediction_best
F_microarray_only__softimpute__08_inmoose_combatseq__post0,3class,GPL570_Unknown_Unknown,908,2,0.5274,0.7874,08_inmoose_combatseq,prediction_best
F_microarray_only__softimpute__08_inmoose_combatseq__post0,3class,GPL6244_FF_Unknown,131,2,1.0,1.0,08_inmoose_combatseq,prediction_best
F_microarray_only__softimpute__08_inmoose_combatseq__post0,3class,GPL8432_FFPE_Unknown,130,1,1.0,,08_inmoose_combatseq,prediction_best
F_microarray_only__softimpute__08_inmoose_combatseq__post0,3class,GPL887_FFPE_Unknown,24,1,1.0,,08_inmoose_combatseq,prediction_best
F_microarray_only__softimpute__08_inmoose_combatseq__post0,3class,GPL96+97_FF_Unknown,305,3,0.9795,0.9998,08_inmoose_combatseq,prediction_best
F_microarray_only__softimpute__08_inmoose_combatseq__post0,3class,GPL96_FFPE_Unknown,84,2,0.5325,0.8027,08_inmoose_combatseq,prediction_best
F_microarray_only__softimpute__08_inmoose_combatseq__post0,3class,GPL96_FF_Unknown,133,3,0.9835,0.9995,08_inmoose_combatseq,prediction_best
F_microarray_only__softimpute__08_inmoose_combatseq__post1,2class,GPL14951_FFPE_Unknown,810,1,1.0,,08_inmoose_combatseq,prediction_best
F_microarray_only__softimpute__08_inmoose_combatseq__post1,2class,GPL1708_FF_Unknown,40,1,1.0,,08_inmoose_combatseq,prediction_best
F_microarray_only__softimpute__08_inmoose_combatseq__post1,2class,GPL17586_FF_Unknown,40,1,1.0,,08_inmoose_combatseq,prediction_best
F_microarray_only__softimpute__08_inmoose_combatseq__post1,2class,GPL570_FFPE_Unknown,800,1,0.9987,,08_inmoose_combatseq,prediction_best
F_microarray_only__softimpute__08_inmoose_combatseq__post1,2class,GPL570_FF_Unknown,744,2,0.9209,0.9918,08_inmoose_combatseq,prediction_best
F_microarray_only__softimpute__08_inmoose_combatseq__post1,2class,GPL570_Unknown_Unknown,908,2,0.6372,0.6685,08_inmoose_combatseq,prediction_best
F_microarray_only__softimpute__08_inmoose_combatseq__post1,2class,GPL6244_FF_Unknown,119,1,1.0,,08_inmoose_combatseq,prediction_best
F_microarray_only__softimpute__08_inmoose_combatseq__post1,2class,GPL8432_FFPE_Unknown,130,1,1.0,,08_inmoose_combatseq,prediction_best
F_microarray_only__softimpute__08_inmoose_combatseq__post1,2class,GPL887_FFPE_Unknown,24,1,1.0,,08_inmoose_combatseq,prediction_best
F_microarray_only__softimpute__08_inmoose_combatseq__post1,2class,GPL96+97_FF_Unknown,269,2,0.9735,0.997,08_inmoose_combatseq,prediction_best
F_microarray_only__softimpute__08_inmoose_combatseq__post1,2class,GPL96_FFPE_Unknown,84,2,0.5242,0.7951,08_inmoose_combatseq,prediction_best
F_microarray_only__softimpute__08_inmoose_combatseq__post1,2class,GPL96_FF_Unknown,125,2,0.9585,0.999,08_inmoose_combatseq,prediction_best
F_microarray_only__softimpute__08_inmoose_combatseq__post1,3class,GPL13158_FF_Unknown,40,1,1.0,,08_inmoose_combatseq,prediction_best
F_microarray_only__softimpute__08_inmoose_combatseq__post1,3class,GPL14951_FFPE_Unknown,810,1,1.0,,08_inmoose_combatseq,prediction_best
F_microarray_only__softimpute__08_inmoose_combatseq__post1,3class,GPL16686_FF_Unknown,48,1,1.0,,08_inmoose_combatseq,prediction_best
F_microarray_only__softimpute__08_inmoose_combatseq__post1,3class,GPL17077_FF_Unknown,33,1,1.0,,08_inmoose_combatseq,prediction_best
F_microarray_only__softimpute__08_inmoose_combatseq__post1,3class,GPL1708_FF_Unknown,40,1,1.0,,08_inmoose_combatseq,prediction_best
F_microarray_only__softimpute__08_inmoose_combatseq__post1,3class,GPL17586_FF_Unknown,40,1,1.0,,08_inmoose_combatseq,prediction_best
F_microarray_only__softimpute__08_inmoose_combatseq__post1,3class,GPL20188_FF_Unknown,68,1,1.0,,08_inmoose_combatseq,prediction_best
F_microarray_only__softimpute__08_inmoose_combatseq__post1,3class,GPL23541_FF_Unknown,35,1,1.0,,08_inmoose_combatseq,prediction_best
F_microarray_only__softimpute__08_inmoose_combatseq__post1,3class,GPL570_FFPE_Unknown,800,1,0.9987,,08_inmoose_combatseq,prediction_best
F_microarray_only__softimpute__08_inmoose_combatseq__post1,3class,GPL570_FF_Unknown,994,3,0.9344,0.995,08_inmoose_combatseq,prediction_best
F_microarray_only__softimpute__08_inmoose_combatseq__post1,3class,GPL570_Unknown_Unknown,908,2,0.5248,0.7828,08_inmoose_combatseq,prediction_best
F_microarray_only__softimpute__08_inmoose_combatseq__post1,3class,GPL6244_FF_Unknown,131,2,1.0,1.0,08_inmoose_combatseq,prediction_best
F_microarray_only__softimpute__08_inmoose_combatseq__post1,3class,GPL8432_FFPE_Unknown,130,1,1.0,,08_inmoose_combatseq,prediction_best
F_microarray_only__softimpute__08_inmoose_combatseq__post1,3class,GPL887_FFPE_Unknown,24,1,1.0,,08_inmoose_combatseq,prediction_best
F_microarray_only__softimpute__08_inmoose_combatseq__post1,3class,GPL96+97_FF_Unknown,305,3,0.9823,0.9987,08_inmoose_combatseq,prediction_best
F_microarray_only__softimpute__08_inmoose_combatseq__post1,3class,GPL96_FFPE_Unknown,84,2,0.5164,0.7946,08_inmoose_combatseq,prediction_best
F_microarray_only__softimpute__08_inmoose_combatseq__post1,3class,GPL96_FF_Unknown,133,3,0.9723,0.9992,08_inmoose_combatseq,prediction_best
F_microarray_only__strict__06_combat_seq__post0,2class,GPL13938_FFPE_Unknown,167,1,1.0,,06_combat_seq,prediction_best
F_microarray_only__strict__06_combat_seq__post0,2class,GPL14951_FFPE_Unknown,810,1,1.0,,06_combat_seq,prediction_best
F_microarray_only__strict__06_combat_seq__post0,2class,GPL1708_FF_Unknown,40,1,1.0,,06_combat_seq,prediction_best
F_microarray_only__strict__06_combat_seq__post0,2class,GPL17586_FF_Unknown,40,1,1.0,,06_combat_seq,prediction_best
F_microarray_only__strict__06_combat_seq__post0,2class,GPL570_FFPE_Unknown,800,1,0.9962,,06_combat_seq,prediction_best
F_microarray_only__strict__06_combat_seq__post0,2class,GPL570_FF_Unknown,744,2,0.9232,0.9872,06_combat_seq,prediction_best
F_microarray_only__strict__06_combat_seq__post0,2class,GPL570_Unknown_Unknown,908,2,0.6431,0.8093,06_combat_seq,prediction_best
F_microarray_only__strict__06_combat_seq__post0,2class,GPL6244_FF_Unknown,119,1,1.0,,06_combat_seq,prediction_best
F_microarray_only__strict__06_combat_seq__post0,2class,GPL8432_FFPE_Unknown,130,1,1.0,,06_combat_seq,prediction_best
F_microarray_only__strict__06_combat_seq__post0,2class,GPL887_FFPE_Unknown,24,1,1.0,,06_combat_seq,prediction_best
F_microarray_only__strict__06_combat_seq__post0,2class,GPL96+97_FF_Unknown,269,2,0.9822,1.0,06_combat_seq,prediction_best
F_microarray_only__strict__06_combat_seq__post0,2class,GPL96_FFPE_Unknown,84,2,0.6339,0.8391,06_combat_seq,prediction_best
F_microarray_only__strict__06_combat_seq__post0,2class,GPL96_FF_Unknown,125,2,0.9754,0.9995,06_combat_seq,prediction_best
F_microarray_only__strict__06_combat_seq__post0,3class,GPL13158_FF_Unknown,40,1,1.0,,06_combat_seq,prediction_best
F_microarray_only__strict__06_combat_seq__post0,3class,GPL13938_FFPE_Unknown,167,1,1.0,,06_combat_seq,prediction_best
F_microarray_only__strict__06_combat_seq__post0,3class,GPL14951_FFPE_Unknown,810,1,1.0,,06_combat_seq,prediction_best
F_microarray_only__strict__06_combat_seq__post0,3class,GPL16686_FF_Unknown,48,1,1.0,,06_combat_seq,prediction_best
F_microarray_only__strict__06_combat_seq__post0,3class,GPL17077_FF_Unknown,33,1,1.0,,06_combat_seq,prediction_best
F_microarray_only__strict__06_combat_seq__post0,3class,GPL1708_FF_Unknown,40,1,1.0,,06_combat_seq,prediction_best
F_microarray_only__strict__06_combat_seq__post0,3class,GPL17586_FF_Unknown,40,1,1.0,,06_combat_seq,prediction_best
F_microarray_only__strict__06_combat_seq__post0,3class,GPL20188_FF_Unknown,68,1,1.0,,06_combat_seq,prediction_best
F_microarray_only__strict__06_combat_seq__post0,3class,GPL23541_FF_Unknown,35,1,1.0,,06_combat_seq,prediction_best
F_microarray_only__strict__06_combat_seq__post0,3class,GPL570_FFPE_Unknown,800,1,0.9835,,06_combat_seq,prediction_best
F_microarray_only__strict__06_combat_seq__post0,3class,GPL570_FF_Unknown,994,3,0.9347,0.9934,06_combat_seq,prediction_best
F_microarray_only__strict__06_combat_seq__post0,3class,GPL570_Unknown_Unknown,908,2,0.64,0.7519,06_combat_seq,prediction_best
F_microarray_only__strict__06_combat_seq__post0,3class,GPL6244_FF_Unknown,131,2,0.7337,0.9993,06_combat_seq,prediction_best
F_microarray_only__strict__06_combat_seq__post0,3class,GPL8432_FFPE_Unknown,130,1,1.0,,06_combat_seq,prediction_best
F_microarray_only__strict__06_combat_seq__post0,3class,GPL887_FFPE_Unknown,24,1,1.0,,06_combat_seq,prediction_best
F_microarray_only__strict__06_combat_seq__post0,3class,GPL96+97_FF_Unknown,305,3,0.9852,1.0,06_combat_seq,prediction_best
F_microarray_only__strict__06_combat_seq__post0,3class,GPL96_FFPE_Unknown,84,2,0.5918,0.8368,06_combat_seq,prediction_best
F_microarray_only__strict__06_combat_seq__post0,3class,GPL96_FF_Unknown,133,3,0.9836,0.9997,06_combat_seq,prediction_best
F_microarray_only__strict__06_combat_seq__post1,2class,GPL14951_FFPE_Unknown,810,1,1.0,,06_combat_seq,prediction_best
F_microarray_only__strict__06_combat_seq__post1,2class,GPL1708_FF_Unknown,40,1,1.0,,06_combat_seq,prediction_best
F_microarray_only__strict__06_combat_seq__post1,2class,GPL17586_FF_Unknown,40,1,1.0,,06_combat_seq,prediction_best
F_microarray_only__strict__06_combat_seq__post1,2class,GPL570_FFPE_Unknown,800,1,0.9962,,06_combat_seq,prediction_best
F_microarray_only__strict__06_combat_seq__post1,2class,GPL570_FF_Unknown,744,2,0.883,0.9818,06_combat_seq,prediction_best
F_microarray_only__strict__06_combat_seq__post1,2class,GPL570_Unknown_Unknown,908,2,0.6431,0.8161,06_combat_seq,prediction_best
F_microarray_only__strict__06_combat_seq__post1,2class,GPL6244_FF_Unknown,119,1,1.0,,06_combat_seq,prediction_best
F_microarray_only__strict__06_combat_seq__post1,2class,GPL8432_FFPE_Unknown,130,1,1.0,,06_combat_seq,prediction_best
F_microarray_only__strict__06_combat_seq__post1,2class,GPL887_FFPE_Unknown,24,1,1.0,,06_combat_seq,prediction_best
F_microarray_only__strict__06_combat_seq__post1,2class,GPL96+97_FF_Unknown,269,2,0.9778,0.9998,06_combat_seq,prediction_best
F_microarray_only__strict__06_combat_seq__post1,2class,GPL96_FFPE_Unknown,84,2,0.6027,0.8391,06_combat_seq,prediction_best
F_microarray_only__strict__06_combat_seq__post1,2class,GPL96_FF_Unknown,125,2,0.9835,0.9995,06_combat_seq,prediction_best
F_microarray_only__strict__06_combat_seq__post1,3class,GPL13158_FF_Unknown,40,1,1.0,,06_combat_seq,prediction_best
F_microarray_only__strict__06_combat_seq__post1,3class,GPL14951_FFPE_Unknown,810,1,1.0,,06_combat_seq,prediction_best
F_microarray_only__strict__06_combat_seq__post1,3class,GPL16686_FF_Unknown,48,1,1.0,,06_combat_seq,prediction_best
F_microarray_only__strict__06_combat_seq__post1,3class,GPL17077_FF_Unknown,33,1,1.0,,06_combat_seq,prediction_best
F_microarray_only__strict__06_combat_seq__post1,3class,GPL1708_FF_Unknown,40,1,1.0,,06_combat_seq,prediction_best
F_microarray_only__strict__06_combat_seq__post1,3class,GPL17586_FF_Unknown,40,1,1.0,,06_combat_seq,prediction_best
F_microarray_only__strict__06_combat_seq__post1,3class,GPL20188_FF_Unknown,68,1,1.0,,06_combat_seq,prediction_best
F_microarray_only__strict__06_combat_seq__post1,3class,GPL23541_FF_Unknown,35,1,1.0,,06_combat_seq,prediction_best
F_microarray_only__strict__06_combat_seq__post1,3class,GPL570_FFPE_Unknown,800,1,0.9815,,06_combat_seq,prediction_best
F_microarray_only__strict__06_combat_seq__post1,3class,GPL570_FF_Unknown,994,3,0.9024,0.9904,06_combat_seq,prediction_best
F_microarray_only__strict__06_combat_seq__post1,3class,GPL570_Unknown_Unknown,908,2,0.6406,0.7564,06_combat_seq,prediction_best
F_microarray_only__strict__06_combat_seq__post1,3class,GPL6244_FF_Unknown,131,2,0.7798,0.9993,06_combat_seq,prediction_best
F_microarray_only__strict__06_combat_seq__post1,3class,GPL8432_FFPE_Unknown,130,1,1.0,,06_combat_seq,prediction_best
F_microarray_only__strict__06_combat_seq__post1,3class,GPL887_FFPE_Unknown,24,1,1.0,,06_combat_seq,prediction_best
F_microarray_only__strict__06_combat_seq__post1,3class,GPL96+97_FF_Unknown,305,3,0.9852,0.9999,06_combat_seq,prediction_best
F_microarray_only__strict__06_combat_seq__post1,3class,GPL96_FFPE_Unknown,84,2,0.5549,0.8368,06_combat_seq,prediction_best
F_microarray_only__strict__06_combat_seq__post1,3class,GPL96_FF_Unknown,133,3,0.989,0.9997,06_combat_seq,prediction_best
F_microarray_only__strict__08_inmoose_combatseq__post0,2class,GPL13938_FFPE_Unknown,167,1,1.0,,08_inmoose_combatseq,prediction_best
F_microarray_only__strict__08_inmoose_combatseq__post0,2class,GPL14951_FFPE_Unknown,810,1,1.0,,08_inmoose_combatseq,prediction_best
F_microarray_only__strict__08_inmoose_combatseq__post0,2class,GPL1708_FF_Unknown,40,1,1.0,,08_inmoose_combatseq,prediction_best
F_microarray_only__strict__08_inmoose_combatseq__post0,2class,GPL17586_FF_Unknown,40,1,1.0,,08_inmoose_combatseq,prediction_best
F_microarray_only__strict__08_inmoose_combatseq__post0,2class,GPL570_FFPE_Unknown,800,1,0.9962,,08_inmoose_combatseq,prediction_best
F_microarray_only__strict__08_inmoose_combatseq__post0,2class,GPL570_FF_Unknown,744,2,0.9259,0.9878,08_inmoose_combatseq,prediction_best
F_microarray_only__strict__08_inmoose_combatseq__post0,2class,GPL570_Unknown_Unknown,908,2,0.6431,0.8072,08_inmoose_combatseq,prediction_best
F_microarray_only__strict__08_inmoose_combatseq__post0,2class,GPL6244_FF_Unknown,119,1,1.0,,08_inmoose_combatseq,prediction_best
F_microarray_only__strict__08_inmoose_combatseq__post0,2class,GPL8432_FFPE_Unknown,130,1,1.0,,08_inmoose_combatseq,prediction_best
F_microarray_only__strict__08_inmoose_combatseq__post0,2class,GPL887_FFPE_Unknown,24,1,1.0,,08_inmoose_combatseq,prediction_best
F_microarray_only__strict__08_inmoose_combatseq__post0,2class,GPL96+97_FF_Unknown,269,2,0.9822,1.0,08_inmoose_combatseq,prediction_best
F_microarray_only__strict__08_inmoose_combatseq__post0,2class,GPL96_FFPE_Unknown,84,2,0.6339,0.8403,08_inmoose_combatseq,prediction_best
F_microarray_only__strict__08_inmoose_combatseq__post0,2class,GPL96_FF_Unknown,125,2,0.9754,0.9995,08_inmoose_combatseq,prediction_best
F_microarray_only__strict__08_inmoose_combatseq__post0,3class,GPL13158_FF_Unknown,40,1,1.0,,08_inmoose_combatseq,prediction_best
F_microarray_only__strict__08_inmoose_combatseq__post0,3class,GPL13938_FFPE_Unknown,167,1,1.0,,08_inmoose_combatseq,prediction_best
F_microarray_only__strict__08_inmoose_combatseq__post0,3class,GPL14951_FFPE_Unknown,810,1,1.0,,08_inmoose_combatseq,prediction_best
F_microarray_only__strict__08_inmoose_combatseq__post0,3class,GPL16686_FF_Unknown,48,1,1.0,,08_inmoose_combatseq,prediction_best
F_microarray_only__strict__08_inmoose_combatseq__post0,3class,GPL17077_FF_Unknown,33,1,1.0,,08_inmoose_combatseq,prediction_best
F_microarray_only__strict__08_inmoose_combatseq__post0,3class,GPL1708_FF_Unknown,40,1,1.0,,08_inmoose_combatseq,prediction_best
F_microarray_only__strict__08_inmoose_combatseq__post0,3class,GPL17586_FF_Unknown,40,1,1.0,,08_inmoose_combatseq,prediction_best
F_microarray_only__strict__08_inmoose_combatseq__post0,3class,GPL20188_FF_Unknown,68,1,1.0,,08_inmoose_combatseq,prediction_best
F_microarray_only__strict__08_inmoose_combatseq__post0,3class,GPL23541_FF_Unknown,35,1,1.0,,08_inmoose_combatseq,prediction_best
F_microarray_only__strict__08_inmoose_combatseq__post0,3class,GPL570_FFPE_Unknown,800,1,0.9835,,08_inmoose_combatseq,prediction_best
F_microarray_only__strict__08_inmoose_combatseq__post0,3class,GPL570_FF_Unknown,994,3,0.9365,0.9934,08_inmoose_combatseq,prediction_best
F_microarray_only__strict__08_inmoose_combatseq__post0,3class,GPL570_Unknown_Unknown,908,2,0.6403,0.7511,08_inmoose_combatseq,prediction_best
F_microarray_only__strict__08_inmoose_combatseq__post0,3class,GPL6244_FF_Unknown,131,2,0.8917,0.9986,08_inmoose_combatseq,prediction_best
F_microarray_only__strict__08_inmoose_combatseq__post0,3class,GPL8432_FFPE_Unknown,130,1,1.0,,08_inmoose_combatseq,prediction_best
F_microarray_only__strict__08_inmoose_combatseq__post0,3class,GPL887_FFPE_Unknown,24,1,1.0,,08_inmoose_combatseq,prediction_best
F_microarray_only__strict__08_inmoose_combatseq__post0,3class,GPL96+97_FF_Unknown,305,3,0.9852,1.0,08_inmoose_combatseq,prediction_best
F_microarray_only__strict__08_inmoose_combatseq__post0,3class,GPL96_FFPE_Unknown,84,2,0.5918,0.8368,08_inmoose_combatseq,prediction_best
F_microarray_only__strict__08_inmoose_combatseq__post0,3class,GPL96_FF_Unknown,133,3,0.9836,0.9997,08_inmoose_combatseq,prediction_best
F_microarray_only__strict__08_inmoose_combatseq__post1,2class,GPL14951_FFPE_Unknown,810,1,1.0,,08_inmoose_combatseq,prediction_best
F_microarray_only__strict__08_inmoose_combatseq__post1,2class,GPL1708_FF_Unknown,40,1,1.0,,08_inmoose_combatseq,prediction_best
F_microarray_only__strict__08_inmoose_combatseq__post1,2class,GPL17586_FF_Unknown,40,1,1.0,,08_inmoose_combatseq,prediction_best
F_microarray_only__strict__08_inmoose_combatseq__post1,2class,GPL570_FFPE_Unknown,800,1,0.9962,,08_inmoose_combatseq,prediction_best
F_microarray_only__strict__08_inmoose_combatseq__post1,2class,GPL570_FF_Unknown,744,2,0.8869,0.9824,08_inmoose_combatseq,prediction_best
F_microarray_only__strict__08_inmoose_combatseq__post1,2class,GPL570_Unknown_Unknown,908,2,0.6431,0.8149,08_inmoose_combatseq,prediction_best
F_microarray_only__strict__08_inmoose_combatseq__post1,2class,GPL6244_FF_Unknown,119,1,1.0,,08_inmoose_combatseq,prediction_best
F_microarray_only__strict__08_inmoose_combatseq__post1,2class,GPL8432_FFPE_Unknown,130,1,1.0,,08_inmoose_combatseq,prediction_best
F_microarray_only__strict__08_inmoose_combatseq__post1,2class,GPL887_FFPE_Unknown,24,1,1.0,,08_inmoose_combatseq,prediction_best
F_microarray_only__strict__08_inmoose_combatseq__post1,2class,GPL96+97_FF_Unknown,269,2,0.9778,0.9998,08_inmoose_combatseq,prediction_best
F_microarray_only__strict__08_inmoose_combatseq__post1,2class,GPL96_FFPE_Unknown,84,2,0.6027,0.838,08_inmoose_combatseq,prediction_best
F_microarray_only__strict__08_inmoose_combatseq__post1,2class,GPL96_FF_Unknown,125,2,0.9835,0.9995,08_inmoose_combatseq,prediction_best
F_microarray_only__strict__08_inmoose_combatseq__post1,3class,GPL13158_FF_Unknown,40,1,1.0,,08_inmoose_combatseq,prediction_best
F_microarray_only__strict__08_inmoose_combatseq__post1,3class,GPL14951_FFPE_Unknown,810,1,1.0,,08_inmoose_combatseq,prediction_best
F_microarray_only__strict__08_inmoose_combatseq__post1,3class,GPL16686_FF_Unknown,48,1,1.0,,08_inmoose_combatseq,prediction_best
F_microarray_only__strict__08_inmoose_combatseq__post1,3class,GPL17077_FF_Unknown,33,1,1.0,,08_inmoose_combatseq,prediction_best
F_microarray_only__strict__08_inmoose_combatseq__post1,3class,GPL1708_FF_Unknown,40,1,1.0,,08_inmoose_combatseq,prediction_best
F_microarray_only__strict__08_inmoose_combatseq__post1,3class,GPL17586_FF_Unknown,40,1,1.0,,08_inmoose_combatseq,prediction_best
F_microarray_only__strict__08_inmoose_combatseq__post1,3class,GPL20188_FF_Unknown,68,1,1.0,,08_inmoose_combatseq,prediction_best
F_microarray_only__strict__08_inmoose_combatseq__post1,3class,GPL23541_FF_Unknown,35,1,1.0,,08_inmoose_combatseq,prediction_best
F_microarray_only__strict__08_inmoose_combatseq__post1,3class,GPL570_FFPE_Unknown,800,1,0.9828,,08_inmoose_combatseq,prediction_best
F_microarray_only__strict__08_inmoose_combatseq__post1,3class,GPL570_FF_Unknown,994,3,0.9051,0.9906,08_inmoose_combatseq,prediction_best
F_microarray_only__strict__08_inmoose_combatseq__post1,3class,GPL570_Unknown_Unknown,908,2,0.6396,0.7526,08_inmoose_combatseq,prediction_best
F_microarray_only__strict__08_inmoose_combatseq__post1,3class,GPL6244_FF_Unknown,131,2,0.7798,0.9993,08_inmoose_combatseq,prediction_best
F_microarray_only__strict__08_inmoose_combatseq__post1,3class,GPL8432_FFPE_Unknown,130,1,1.0,,08_inmoose_combatseq,prediction_best
F_microarray_only__strict__08_inmoose_combatseq__post1,3class,GPL887_FFPE_Unknown,24,1,1.0,,08_inmoose_combatseq,prediction_best
F_microarray_only__strict__08_inmoose_combatseq__post1,3class,GPL96+97_FF_Unknown,305,3,0.9852,0.9999,08_inmoose_combatseq,prediction_best
F_microarray_only__strict__08_inmoose_combatseq__post1,3class,GPL96_FFPE_Unknown,84,2,0.5549,0.8356,08_inmoose_combatseq,prediction_best
F_microarray_only__strict__08_inmoose_combatseq__post1,3class,GPL96_FF_Unknown,133,3,0.989,0.9997,08_inmoose_combatseq,prediction_best
G_affymetrix_only__knn__10_mnn__post1,2class,GPL570_FFPE_Unknown,800,1,0.9631,,10_mnn,prediction_best
G_affymetrix_only__knn__10_mnn__post1,3class,GPL570_FFPE_Unknown,800,1,0.9138,,10_mnn,prediction_best
G_affymetrix_only__softimpute__10_mnn__post1,2class,GPL570_FFPE_Unknown,800,1,0.9637,,10_mnn,prediction_best
G_affymetrix_only__softimpute__10_mnn__post1,3class,GPL570_FFPE_Unknown,800,1,0.9631,,10_mnn,prediction_best
G_affymetrix_only__strict__12_scanorama__post1,2class,GPL570_FFPE_Unknown,800,1,0.9724,,12_scanorama,prediction_best
G_affymetrix_only__strict__12_scanorama__post1,3class,GPL570_FFPE_Unknown,800,1,0.934,,12_scanorama,prediction_best
H_affymetrix_extended__knn__25_angel__post0,2class,GPL17586_FF_Unknown,40,1,0.9333,,25_angel,prediction_best
H_affymetrix_extended__knn__25_angel__post0,2class,GPL570_FFPE_Unknown,800,1,0.9962,,25_angel,prediction_best
H_affymetrix_extended__knn__25_angel__post0,2class,GPL570_FF_Unknown,744,2,0.893,0.9937,25_angel,prediction_best
H_affymetrix_extended__knn__25_angel__post0,2class,GPL570_Unknown_Unknown,908,2,0.862,0.9248,25_angel,prediction_best
H_affymetrix_extended__knn__25_angel__post0,2class,GPL6244_FF_Unknown,119,1,0.9561,,25_angel,prediction_best
H_affymetrix_extended__knn__25_angel__post0,2class,GPL96+97_FF_Unknown,269,2,0.9462,0.9937,25_angel,prediction_best
H_affymetrix_extended__knn__25_angel__post0,2class,GPL96_FFPE_Unknown,84,2,0.4822,0.6389,25_angel,prediction_best
H_affymetrix_extended__knn__25_angel__post0,2class,GPL96_FF_Unknown,125,2,0.9341,0.99,25_angel,prediction_best
H_affymetrix_extended__knn__25_angel__post0,3class,GPL13158_FF_Unknown,40,1,1.0,,25_angel,prediction_best
H_affymetrix_extended__knn__25_angel__post0,3class,GPL16686_FF_Unknown,48,1,1.0,,25_angel,prediction_best
H_affymetrix_extended__knn__25_angel__post0,3class,GPL17586_FF_Unknown,40,1,0.9189,,25_angel,prediction_best
H_affymetrix_extended__knn__25_angel__post0,3class,GPL20188_FF_Unknown,68,1,0.9375,,25_angel,prediction_best
H_affymetrix_extended__knn__25_angel__post0,3class,GPL23541_FF_Unknown,35,1,1.0,,25_angel,prediction_best
H_affymetrix_extended__knn__25_angel__post0,3class,GPL570_FFPE_Unknown,800,1,0.9556,,25_angel,prediction_best
H_affymetrix_extended__knn__25_angel__post0,3class,GPL570_FF_Unknown,994,3,0.9572,0.9882,25_angel,prediction_best
H_affymetrix_extended__knn__25_angel__post0,3class,GPL570_Unknown_Unknown,908,2,0.7705,0.8241,25_angel,prediction_best
H_affymetrix_extended__knn__25_angel__post0,3class,GPL6244_FF_Unknown,131,2,0.7741,0.951,25_angel,prediction_best
H_affymetrix_extended__knn__25_angel__post0,3class,GPL96+97_FF_Unknown,305,3,0.9642,0.9975,25_angel,prediction_best
H_affymetrix_extended__knn__25_angel__post0,3class,GPL96_FFPE_Unknown,84,2,0.4729,0.647,25_angel,prediction_best
H_affymetrix_extended__knn__25_angel__post0,3class,GPL96_FF_Unknown,133,3,0.9615,0.9947,25_angel,prediction_best
H_affymetrix_extended__knn__25_angel__post1,2class,GPL17586_FF_Unknown,40,1,0.9333,,25_angel,prediction_best
H_affymetrix_extended__knn__25_angel__post1,2class,GPL570_FFPE_Unknown,800,1,0.9962,,25_angel,prediction_best
H_affymetrix_extended__knn__25_angel__post1,2class,GPL570_FF_Unknown,744,2,0.8838,0.9938,25_angel,prediction_best
H_affymetrix_extended__knn__25_angel__post1,2class,GPL570_Unknown_Unknown,908,2,0.8649,0.9256,25_angel,prediction_best
H_affymetrix_extended__knn__25_angel__post1,2class,GPL6244_FF_Unknown,119,1,0.9561,,25_angel,prediction_best
H_affymetrix_extended__knn__25_angel__post1,2class,GPL96+97_FF_Unknown,269,2,0.9462,0.9937,25_angel,prediction_best
H_affymetrix_extended__knn__25_angel__post1,2class,GPL96_FFPE_Unknown,84,2,0.4822,0.6377,25_angel,prediction_best
H_affymetrix_extended__knn__25_angel__post1,2class,GPL96_FF_Unknown,125,2,0.9341,0.99,25_angel,prediction_best
H_affymetrix_extended__knn__25_angel__post1,3class,GPL16686_FF_Unknown,48,1,1.0,,25_angel,prediction_best
H_affymetrix_extended__knn__25_angel__post1,3class,GPL17586_FF_Unknown,40,1,0.9041,,25_angel,prediction_best
H_affymetrix_extended__knn__25_angel__post1,3class,GPL20188_FF_Unknown,68,1,0.9375,,25_angel,prediction_best
H_affymetrix_extended__knn__25_angel__post1,3class,GPL23541_FF_Unknown,35,1,1.0,,25_angel,prediction_best
H_affymetrix_extended__knn__25_angel__post1,3class,GPL570_FFPE_Unknown,800,1,0.9542,,25_angel,prediction_best
H_affymetrix_extended__knn__25_angel__post1,3class,GPL570_FF_Unknown,994,3,0.9572,0.9887,25_angel,prediction_best
H_affymetrix_extended__knn__25_angel__post1,3class,GPL570_Unknown_Unknown,908,2,0.7754,0.8331,25_angel,prediction_best
H_affymetrix_extended__knn__25_angel__post1,3class,GPL6244_FF_Unknown,131,2,0.7741,0.9531,25_angel,prediction_best
H_affymetrix_extended__knn__25_angel__post1,3class,GPL96+97_FF_Unknown,305,3,0.967,0.9975,25_angel,prediction_best
H_affymetrix_extended__knn__25_angel__post1,3class,GPL96_FFPE_Unknown,84,2,0.4729,0.6447,25_angel,prediction_best
H_affymetrix_extended__knn__25_angel__post1,3class,GPL96_FF_Unknown,133,3,0.9615,0.9947,25_angel,prediction_best
H_affymetrix_extended__softimpute__06_combat_seq__post1,2class,GPL17586_FF_Unknown,40,1,1.0,,06_combat_seq,prediction_best
H_affymetrix_extended__softimpute__06_combat_seq__post1,2class,GPL570_FFPE_Unknown,800,1,0.9724,,06_combat_seq,prediction_best
H_affymetrix_extended__softimpute__06_combat_seq__post1,2class,GPL570_FF_Unknown,744,2,0.75,0.9936,06_combat_seq,prediction_best
H_affymetrix_extended__softimpute__06_combat_seq__post1,2class,GPL570_Unknown_Unknown,908,2,0.6411,0.536,06_combat_seq,prediction_best
H_affymetrix_extended__softimpute__06_combat_seq__post1,2class,GPL96+97_FF_Unknown,269,2,0.9649,0.9965,06_combat_seq,prediction_best
H_affymetrix_extended__softimpute__06_combat_seq__post1,2class,GPL96_FFPE_Unknown,84,2,0.6571,0.7569,06_combat_seq,prediction_best
H_affymetrix_extended__softimpute__06_combat_seq__post1,2class,GPL96_FF_Unknown,125,2,0.9752,1.0,06_combat_seq,prediction_best
H_affymetrix_extended__softimpute__06_combat_seq__post1,3class,GPL13158_FF_Unknown,40,1,1.0,,06_combat_seq,prediction_best
H_affymetrix_extended__softimpute__06_combat_seq__post1,3class,GPL16686_FF_Unknown,48,1,1.0,,06_combat_seq,prediction_best
H_affymetrix_extended__softimpute__06_combat_seq__post1,3class,GPL17586_FF_Unknown,40,1,1.0,,06_combat_seq,prediction_best
H_affymetrix_extended__softimpute__06_combat_seq__post1,3class,GPL20188_FF_Unknown,68,1,1.0,,06_combat_seq,prediction_best
H_affymetrix_extended__softimpute__06_combat_seq__post1,3class,GPL23541_FF_Unknown,35,1,1.0,,06_combat_seq,prediction_best
H_affymetrix_extended__softimpute__06_combat_seq__post1,3class,GPL570_FFPE_Unknown,800,1,0.9704,,06_combat_seq,prediction_best
H_affymetrix_extended__softimpute__06_combat_seq__post1,3class,GPL570_FF_Unknown,994,3,0.8195,0.9974,06_combat_seq,prediction_best
H_affymetrix_extended__softimpute__06_combat_seq__post1,3class,GPL570_Unknown_Unknown,908,2,0.5261,0.7056,06_combat_seq,prediction_best
H_affymetrix_extended__softimpute__06_combat_seq__post1,3class,GPL96+97_FF_Unknown,305,3,0.9766,0.9982,06_combat_seq,prediction_best
H_affymetrix_extended__softimpute__06_combat_seq__post1,3class,GPL96_FFPE_Unknown,84,2,0.6571,0.7593,06_combat_seq,prediction_best
H_affymetrix_extended__softimpute__06_combat_seq__post1,3class,GPL96_FF_Unknown,133,3,0.9835,1.0,06_combat_seq,prediction_best
H_affymetrix_extended__softimpute__08_inmoose_combatseq__post1,2class,GPL17586_FF_Unknown,40,1,1.0,,08_inmoose_combatseq,prediction_best
H_affymetrix_extended__softimpute__08_inmoose_combatseq__post1,2class,GPL570_FFPE_Unknown,800,1,0.9717,,08_inmoose_combatseq,prediction_best
H_affymetrix_extended__softimpute__08_inmoose_combatseq__post1,2class,GPL570_FF_Unknown,744,2,0.7608,0.9935,08_inmoose_combatseq,prediction_best
H_affymetrix_extended__softimpute__08_inmoose_combatseq__post1,2class,GPL570_Unknown_Unknown,908,2,0.6411,0.5361,08_inmoose_combatseq,prediction_best
H_affymetrix_extended__softimpute__08_inmoose_combatseq__post1,2class,GPL96+97_FF_Unknown,269,2,0.9649,0.9964,08_inmoose_combatseq,prediction_best
H_affymetrix_extended__softimpute__08_inmoose_combatseq__post1,2class,GPL96_FFPE_Unknown,84,2,0.6571,0.7558,08_inmoose_combatseq,prediction_best
H_affymetrix_extended__softimpute__08_inmoose_combatseq__post1,2class,GPL96_FF_Unknown,125,2,0.9752,1.0,08_inmoose_combatseq,prediction_best
H_affymetrix_extended__softimpute__08_inmoose_combatseq__post1,3class,GPL13158_FF_Unknown,40,1,1.0,,08_inmoose_combatseq,prediction_best
H_affymetrix_extended__softimpute__08_inmoose_combatseq__post1,3class,GPL16686_FF_Unknown,48,1,1.0,,08_inmoose_combatseq,prediction_best
H_affymetrix_extended__softimpute__08_inmoose_combatseq__post1,3class,GPL17586_FF_Unknown,40,1,1.0,,08_inmoose_combatseq,prediction_best
H_affymetrix_extended__softimpute__08_inmoose_combatseq__post1,3class,GPL20188_FF_Unknown,68,1,1.0,,08_inmoose_combatseq,prediction_best
H_affymetrix_extended__softimpute__08_inmoose_combatseq__post1,3class,GPL23541_FF_Unknown,35,1,1.0,,08_inmoose_combatseq,prediction_best
H_affymetrix_extended__softimpute__08_inmoose_combatseq__post1,3class,GPL570_FFPE_Unknown,800,1,0.973,,08_inmoose_combatseq,prediction_best
H_affymetrix_extended__softimpute__08_inmoose_combatseq__post1,3class,GPL570_FF_Unknown,994,3,0.8275,0.997,08_inmoose_combatseq,prediction_best
H_affymetrix_extended__softimpute__08_inmoose_combatseq__post1,3class,GPL570_Unknown_Unknown,908,2,0.5261,0.7056,08_inmoose_combatseq,prediction_best
H_affymetrix_extended__softimpute__08_inmoose_combatseq__post1,3class,GPL96+97_FF_Unknown,305,3,0.9766,0.9982,08_inmoose_combatseq,prediction_best
H_affymetrix_extended__softimpute__08_inmoose_combatseq__post1,3class,GPL96_FFPE_Unknown,84,2,0.6571,0.7558,08_inmoose_combatseq,prediction_best
H_affymetrix_extended__softimpute__08_inmoose_combatseq__post1,3class,GPL96_FF_Unknown,133,3,0.9835,1.0,08_inmoose_combatseq,prediction_best
H_affymetrix_extended__softimpute__18_rank__post0,2class,GPL17586_FF_Unknown,40,1,0.8235,,18_rank,prediction_best
H_affymetrix_extended__softimpute__18_rank__post0,2class,GPL570_FFPE_Unknown,800,1,0.9861,,18_rank,prediction_best
H_affymetrix_extended__softimpute__18_rank__post0,2class,GPL570_FF_Unknown,744,2,0.8653,0.9941,18_rank,prediction_best
H_affymetrix_extended__softimpute__18_rank__post0,2class,GPL570_Unknown_Unknown,908,2,0.8559,0.8776,18_rank,prediction_best
H_affymetrix_extended__softimpute__18_rank__post0,2class,GPL6244_FF_Unknown,119,1,0.9422,,18_rank,prediction_best
H_affymetrix_extended__softimpute__18_rank__post0,2class,GPL96+97_FF_Unknown,269,2,0.9076,0.9879,18_rank,prediction_best
H_affymetrix_extended__softimpute__18_rank__post0,2class,GPL96_FFPE_Unknown,84,2,0.4992,0.6713,18_rank,prediction_best
H_affymetrix_extended__softimpute__18_rank__post0,2class,GPL96_FF_Unknown,125,2,0.9257,0.9785,18_rank,prediction_best
H_affymetrix_extended__softimpute__18_rank__post0,3class,GPL13158_FF_Unknown,40,1,1.0,,18_rank,prediction_best
H_affymetrix_extended__softimpute__18_rank__post0,3class,GPL16686_FF_Unknown,48,1,1.0,,18_rank,prediction_best
H_affymetrix_extended__softimpute__18_rank__post0,3class,GPL17586_FF_Unknown,40,1,0.7692,,18_rank,prediction_best
H_affymetrix_extended__softimpute__18_rank__post0,3class,GPL20188_FF_Unknown,68,1,1.0,,18_rank,prediction_best
H_affymetrix_extended__softimpute__18_rank__post0,3class,GPL23541_FF_Unknown,35,1,1.0,,18_rank,prediction_best
H_affymetrix_extended__softimpute__18_rank__post0,3class,GPL570_FFPE_Unknown,800,1,0.9918,,18_rank,prediction_best
H_affymetrix_extended__softimpute__18_rank__post0,3class,GPL570_FF_Unknown,994,3,0.9118,0.9958,18_rank,prediction_best
H_affymetrix_extended__softimpute__18_rank__post0,3class,GPL570_Unknown_Unknown,908,2,0.6077,0.7036,18_rank,prediction_best
H_affymetrix_extended__softimpute__18_rank__post0,3class,GPL6244_FF_Unknown,131,2,0.9711,1.0,18_rank,prediction_best
H_affymetrix_extended__softimpute__18_rank__post0,3class,GPL96+97_FF_Unknown,305,3,0.9412,0.9939,18_rank,prediction_best
H_affymetrix_extended__softimpute__18_rank__post0,3class,GPL96_FFPE_Unknown,84,2,0.521,0.6765,18_rank,prediction_best
H_affymetrix_extended__softimpute__18_rank__post0,3class,GPL96_FF_Unknown,133,3,0.9505,0.9904,18_rank,prediction_best
H_affymetrix_extended__softimpute__25_angel__post0,2class,GPL17586_FF_Unknown,40,1,0.9474,,25_angel,prediction_best
H_affymetrix_extended__softimpute__25_angel__post0,2class,GPL570_FFPE_Unknown,800,1,0.9737,,25_angel,prediction_best
H_affymetrix_extended__softimpute__25_angel__post0,2class,GPL570_FF_Unknown,744,2,0.9129,0.9916,25_angel,prediction_best
H_affymetrix_extended__softimpute__25_angel__post0,2class,GPL570_Unknown_Unknown,908,2,0.8555,0.9318,25_angel,prediction_best
H_affymetrix_extended__softimpute__25_angel__post0,2class,GPL6244_FF_Unknown,119,1,0.9083,,25_angel,prediction_best
H_affymetrix_extended__softimpute__25_angel__post0,2class,GPL96+97_FF_Unknown,269,2,0.9462,0.9932,25_angel,prediction_best
H_affymetrix_extended__softimpute__25_angel__post0,2class,GPL96_FFPE_Unknown,84,2,0.4997,0.7014,25_angel,prediction_best
H_affymetrix_extended__softimpute__25_angel__post0,2class,GPL96_FF_Unknown,125,2,0.9503,0.9932,25_angel,prediction_best
H_affymetrix_extended__softimpute__25_angel__post0,3class,GPL13158_FF_Unknown,40,1,1.0,,25_angel,prediction_best
H_affymetrix_extended__softimpute__25_angel__post0,3class,GPL16686_FF_Unknown,48,1,1.0,,25_angel,prediction_best
H_affymetrix_extended__softimpute__25_angel__post0,3class,GPL17586_FF_Unknown,40,1,0.9873,,25_angel,prediction_best
H_affymetrix_extended__softimpute__25_angel__post0,3class,GPL20188_FF_Unknown,68,1,1.0,,25_angel,prediction_best
H_affymetrix_extended__softimpute__25_angel__post0,3class,GPL23541_FF_Unknown,35,1,1.0,,25_angel,prediction_best
H_affymetrix_extended__softimpute__25_angel__post0,3class,GPL570_FFPE_Unknown,800,1,0.9704,,25_angel,prediction_best
H_affymetrix_extended__softimpute__25_angel__post0,3class,GPL570_FF_Unknown,994,3,0.9387,0.9944,25_angel,prediction_best
H_affymetrix_extended__softimpute__25_angel__post0,3class,GPL570_Unknown_Unknown,908,2,0.7023,0.7812,25_angel,prediction_best
H_affymetrix_extended__softimpute__25_angel__post0,3class,GPL6244_FF_Unknown,131,2,0.9541,1.0,25_angel,prediction_best
H_affymetrix_extended__softimpute__25_angel__post0,3class,GPL96+97_FF_Unknown,305,3,0.9613,0.996,25_angel,prediction_best
H_affymetrix_extended__softimpute__25_angel__post0,3class,GPL96_FFPE_Unknown,84,2,0.4997,0.6962,25_angel,prediction_best
H_affymetrix_extended__softimpute__25_angel__post0,3class,GPL96_FF_Unknown,133,3,0.9615,0.996,25_angel,prediction_best
H_affymetrix_extended__softimpute__25_angel__post1,2class,GPL17586_FF_Unknown,40,1,0.9474,,25_angel,prediction_best
H_affymetrix_extended__softimpute__25_angel__post1,2class,GPL570_FFPE_Unknown,800,1,0.973,,25_angel,prediction_best
H_affymetrix_extended__softimpute__25_angel__post1,2class,GPL570_FF_Unknown,744,2,0.913,0.9917,25_angel,prediction_best
H_affymetrix_extended__softimpute__25_angel__post1,2class,GPL570_Unknown_Unknown,908,2,0.8533,0.9323,25_angel,prediction_best
H_affymetrix_extended__softimpute__25_angel__post1,2class,GPL6244_FF_Unknown,119,1,0.9083,,25_angel,prediction_best
H_affymetrix_extended__softimpute__25_angel__post1,2class,GPL96+97_FF_Unknown,269,2,0.9462,0.9932,25_angel,prediction_best
H_affymetrix_extended__softimpute__25_angel__post1,2class,GPL96_FFPE_Unknown,84,2,0.4997,0.7014,25_angel,prediction_best
H_affymetrix_extended__softimpute__25_angel__post1,2class,GPL96_FF_Unknown,125,2,0.9503,0.9932,25_angel,prediction_best
H_affymetrix_extended__softimpute__25_angel__post1,3class,GPL16686_FF_Unknown,48,1,1.0,,25_angel,prediction_best
H_affymetrix_extended__softimpute__25_angel__post1,3class,GPL17586_FF_Unknown,40,1,0.9873,,25_angel,prediction_best
H_affymetrix_extended__softimpute__25_angel__post1,3class,GPL20188_FF_Unknown,68,1,1.0,,25_angel,prediction_best
H_affymetrix_extended__softimpute__25_angel__post1,3class,GPL23541_FF_Unknown,35,1,1.0,,25_angel,prediction_best
H_affymetrix_extended__softimpute__25_angel__post1,3class,GPL570_FFPE_Unknown,800,1,0.9691,,25_angel,prediction_best
H_affymetrix_extended__softimpute__25_angel__post1,3class,GPL570_FF_Unknown,994,3,0.9378,0.994,25_angel,prediction_best
H_affymetrix_extended__softimpute__25_angel__post1,3class,GPL570_Unknown_Unknown,908,2,0.6949,0.787,25_angel,prediction_best
H_affymetrix_extended__softimpute__25_angel__post1,3class,GPL6244_FF_Unknown,131,2,0.9566,1.0,25_angel,prediction_best
H_affymetrix_extended__softimpute__25_angel__post1,3class,GPL96+97_FF_Unknown,305,3,0.9613,0.996,25_angel,prediction_best
H_affymetrix_extended__softimpute__25_angel__post1,3class,GPL96_FFPE_Unknown,84,2,0.4997,0.6962,25_angel,prediction_best
H_affymetrix_extended__softimpute__25_angel__post1,3class,GPL96_FF_Unknown,133,3,0.9671,0.9961,25_angel,prediction_best
H_affymetrix_extended__strict__25_angel__post0,2class,GPL17586_FF_Unknown,40,1,0.961,,25_angel,prediction_best
H_affymetrix_extended__strict__25_angel__post0,2class,GPL570_FFPE_Unknown,800,1,0.9886,,25_angel,prediction_best
H_affymetrix_extended__strict__25_angel__post0,2class,GPL570_FF_Unknown,744,2,0.9558,0.9922,25_angel,prediction_best
H_affymetrix_extended__strict__25_angel__post0,2class,GPL570_Unknown_Unknown,908,2,0.8542,0.9067,25_angel,prediction_best
H_affymetrix_extended__strict__25_angel__post0,2class,GPL6244_FF_Unknown,119,1,0.9697,,25_angel,prediction_best
H_affymetrix_extended__strict__25_angel__post0,2class,GPL96+97_FF_Unknown,269,2,0.9368,0.9914,25_angel,prediction_best
H_affymetrix_extended__strict__25_angel__post0,2class,GPL96_FFPE_Unknown,84,2,0.5179,0.7153,25_angel,prediction_best
H_affymetrix_extended__strict__25_angel__post0,2class,GPL96_FF_Unknown,125,2,0.9589,0.9929,25_angel,prediction_best
H_affymetrix_extended__strict__25_angel__post0,3class,GPL13158_FF_Unknown,40,1,1.0,,25_angel,prediction_best
H_affymetrix_extended__strict__25_angel__post0,3class,GPL16686_FF_Unknown,48,1,1.0,,25_angel,prediction_best
H_affymetrix_extended__strict__25_angel__post0,3class,GPL17586_FF_Unknown,40,1,0.961,,25_angel,prediction_best
H_affymetrix_extended__strict__25_angel__post0,3class,GPL20188_FF_Unknown,68,1,0.9774,,25_angel,prediction_best
H_affymetrix_extended__strict__25_angel__post0,3class,GPL23541_FF_Unknown,35,1,1.0,,25_angel,prediction_best
H_affymetrix_extended__strict__25_angel__post0,3class,GPL570_FFPE_Unknown,800,1,0.9397,,25_angel,prediction_best
H_affymetrix_extended__strict__25_angel__post0,3class,GPL570_FF_Unknown,994,3,0.8556,0.986,25_angel,prediction_best
H_affymetrix_extended__strict__25_angel__post0,3class,GPL570_Unknown_Unknown,908,2,0.8118,0.8677,25_angel,prediction_best
H_affymetrix_extended__strict__25_angel__post0,3class,GPL6244_FF_Unknown,131,2,0.8688,1.0,25_angel,prediction_best
H_affymetrix_extended__strict__25_angel__post0,3class,GPL96+97_FF_Unknown,305,3,0.9579,0.9955,25_angel,prediction_best
H_affymetrix_extended__strict__25_angel__post0,3class,GPL96_FFPE_Unknown,84,2,0.4997,0.7095,25_angel,prediction_best
H_affymetrix_extended__strict__25_angel__post0,3class,GPL96_FF_Unknown,133,3,0.9726,0.9958,25_angel,prediction_best
H_affymetrix_extended__strict__25_angel__post1,2class,GPL17586_FF_Unknown,40,1,0.961,,25_angel,prediction_best
H_affymetrix_extended__strict__25_angel__post1,2class,GPL570_FFPE_Unknown,800,1,0.9873,,25_angel,prediction_best
H_affymetrix_extended__strict__25_angel__post1,2class,GPL570_FF_Unknown,744,2,0.9558,0.992,25_angel,prediction_best
H_affymetrix_extended__strict__25_angel__post1,2class,GPL570_Unknown_Unknown,908,2,0.8489,0.9109,25_angel,prediction_best
H_affymetrix_extended__strict__25_angel__post1,2class,GPL6244_FF_Unknown,119,1,0.9697,,25_angel,prediction_best
H_affymetrix_extended__strict__25_angel__post1,2class,GPL96+97_FF_Unknown,269,2,0.9411,0.9916,25_angel,prediction_best
H_affymetrix_extended__strict__25_angel__post1,2class,GPL96_FFPE_Unknown,84,2,0.4997,0.7141,25_angel,prediction_best
H_affymetrix_extended__strict__25_angel__post1,2class,GPL96_FF_Unknown,125,2,0.9589,0.9929,25_angel,prediction_best
H_affymetrix_extended__strict__25_angel__post1,3class,GPL16686_FF_Unknown,48,1,1.0,,25_angel,prediction_best
H_affymetrix_extended__strict__25_angel__post1,3class,GPL17586_FF_Unknown,40,1,0.961,,25_angel,prediction_best
H_affymetrix_extended__strict__25_angel__post1,3class,GPL20188_FF_Unknown,68,1,0.9774,,25_angel,prediction_best
H_affymetrix_extended__strict__25_angel__post1,3class,GPL23541_FF_Unknown,35,1,1.0,,25_angel,prediction_best
H_affymetrix_extended__strict__25_angel__post1,3class,GPL570_FFPE_Unknown,800,1,0.9677,,25_angel,prediction_best
H_affymetrix_extended__strict__25_angel__post1,3class,GPL570_FF_Unknown,994,3,0.8412,0.9856,25_angel,prediction_best
H_affymetrix_extended__strict__25_angel__post1,3class,GPL570_Unknown_Unknown,908,2,0.8214,0.8724,25_angel,prediction_best
H_affymetrix_extended__strict__25_angel__post1,3class,GPL6244_FF_Unknown,131,2,0.8535,1.0,25_angel,prediction_best
H_affymetrix_extended__strict__25_angel__post1,3class,GPL96+97_FF_Unknown,305,3,0.9607,0.9956,25_angel,prediction_best
H_affymetrix_extended__strict__25_angel__post1,3class,GPL96_FFPE_Unknown,84,2,0.4997,0.7072,25_angel,prediction_best
H_affymetrix_extended__strict__25_angel__post1,3class,GPL96_FF_Unknown,133,3,0.9726,0.9957,25_angel,prediction_best
I_rare_batches_removed__knn__29_combat_ref__post0,2class,GPL13938_FFPE_Unknown,167,1,0.997,,29_combat_ref,prediction_best
I_rare_batches_removed__knn__29_combat_ref__post0,2class,GPL14951_FFPE_Unknown,810,1,0.9975,,29_combat_ref,prediction_best
I_rare_batches_removed__knn__29_combat_ref__post0,2class,GPL570_FFPE_Unknown,800,1,0.9994,,29_combat_ref,prediction_best
I_rare_batches_removed__knn__29_combat_ref__post0,2class,GPL570_FF_Unknown,744,2,0.9986,1.0,29_combat_ref,prediction_best
I_rare_batches_removed__knn__29_combat_ref__post0,2class,GPL570_Unknown_Unknown,908,2,1.0,1.0,29_combat_ref,prediction_best
I_rare_batches_removed__knn__29_combat_ref__post0,2class,GPL6244_FF_Unknown,119,1,1.0,,29_combat_ref,prediction_best
I_rare_batches_removed__knn__29_combat_ref__post0,2class,GPL8432_FFPE_Unknown,130,1,1.0,,29_combat_ref,prediction_best
I_rare_batches_removed__knn__29_combat_ref__post0,2class,GPL96+97_FF_Unknown,269,2,0.9822,0.9997,29_combat_ref,prediction_best
I_rare_batches_removed__knn__29_combat_ref__post0,2class,GPL96_FFPE_Unknown,84,2,0.5414,0.8519,29_combat_ref,prediction_best
I_rare_batches_removed__knn__29_combat_ref__post0,2class,GPL96_FF_Unknown,125,2,0.9918,0.9997,29_combat_ref,prediction_best
I_rare_batches_removed__knn__29_combat_ref__post0,2class,RNASeq_FFPE_Exome_capture,891,2,0.9938,1.0,29_combat_ref,prediction_best
I_rare_batches_removed__knn__29_combat_ref__post0,2class,RNASeq_FF_PolyA,914,2,0.4956,0.8721,29_combat_ref,prediction_best
I_rare_batches_removed__knn__29_combat_ref__post0,2class,RNASeq_FF_rRNADepletion,14,1,1.0,,29_combat_ref,prediction_best
I_rare_batches_removed__knn__29_combat_ref__post0,3class,GPL13938_FFPE_Unknown,167,1,0.994,,29_combat_ref,prediction_best
I_rare_batches_removed__knn__29_combat_ref__post0,3class,GPL14951_FFPE_Unknown,810,1,0.9957,,29_combat_ref,prediction_best
I_rare_batches_removed__knn__29_combat_ref__post0,3class,GPL20188_FF_Unknown,68,1,1.0,,29_combat_ref,prediction_best
I_rare_batches_removed__knn__29_combat_ref__post0,3class,GPL570_FFPE_Unknown,800,1,0.9994,,29_combat_ref,prediction_best
I_rare_batches_removed__knn__29_combat_ref__post0,3class,GPL570_FF_Unknown,994,3,0.9978,1.0,29_combat_ref,prediction_best
I_rare_batches_removed__knn__29_combat_ref__post0,3class,GPL570_Unknown_Unknown,908,2,1.0,1.0,29_combat_ref,prediction_best
I_rare_batches_removed__knn__29_combat_ref__post0,3class,GPL6244_FF_Unknown,131,2,0.476,0.3365,29_combat_ref,prediction_best
I_rare_batches_removed__knn__29_combat_ref__post0,3class,GPL8432_FFPE_Unknown,130,1,0.9961,,29_combat_ref,prediction_best
I_rare_batches_removed__knn__29_combat_ref__post0,3class,GPL96+97_FF_Unknown,305,3,0.9821,0.9973,29_combat_ref,prediction_best
I_rare_batches_removed__knn__29_combat_ref__post0,3class,GPL96_FFPE_Unknown,84,2,0.4615,0.7917,29_combat_ref,prediction_best
I_rare_batches_removed__knn__29_combat_ref__post0,3class,GPL96_FF_Unknown,133,3,0.741,0.9968,29_combat_ref,prediction_best
I_rare_batches_removed__knn__29_combat_ref__post0,3class,RNASeq_FFPE_Exome_capture,891,2,0.9975,1.0,29_combat_ref,prediction_best
I_rare_batches_removed__knn__29_combat_ref__post0,3class,RNASeq_FF_PolyA,1039,3,0.6279,0.9758,29_combat_ref,prediction_best
I_rare_batches_removed__knn__29_combat_ref__post0,3class,RNASeq_FF_Unknown,79,1,1.0,,29_combat_ref,prediction_best
I_rare_batches_removed__knn__29_combat_ref__post0,3class,RNASeq_FF_rRNADepletion,117,2,0.7564,0.9785,29_combat_ref,prediction_best
I_rare_batches_removed__knn__29_combat_ref__post1,2class,GPL13938_FFPE_Unknown,167,1,0.997,,29_combat_ref,prediction_best
I_rare_batches_removed__knn__29_combat_ref__post1,2class,GPL14951_FFPE_Unknown,810,1,0.9975,,29_combat_ref,prediction_best
I_rare_batches_removed__knn__29_combat_ref__post1,2class,GPL570_FFPE_Unknown,800,1,0.9994,,29_combat_ref,prediction_best
I_rare_batches_removed__knn__29_combat_ref__post1,2class,GPL570_FF_Unknown,744,2,0.9986,1.0,29_combat_ref,prediction_best
I_rare_batches_removed__knn__29_combat_ref__post1,2class,GPL570_Unknown_Unknown,908,2,1.0,1.0,29_combat_ref,prediction_best
I_rare_batches_removed__knn__29_combat_ref__post1,2class,GPL6244_FF_Unknown,119,1,1.0,,29_combat_ref,prediction_best
I_rare_batches_removed__knn__29_combat_ref__post1,2class,GPL8432_FFPE_Unknown,130,1,1.0,,29_combat_ref,prediction_best
I_rare_batches_removed__knn__29_combat_ref__post1,2class,GPL96+97_FF_Unknown,269,2,0.9822,0.9997,29_combat_ref,prediction_best
I_rare_batches_removed__knn__29_combat_ref__post1,2class,GPL96_FFPE_Unknown,84,2,0.5414,0.8484,29_combat_ref,prediction_best
I_rare_batches_removed__knn__29_combat_ref__post1,2class,GPL96_FF_Unknown,125,2,0.9918,0.9997,29_combat_ref,prediction_best
I_rare_batches_removed__knn__29_combat_ref__post1,2class,RNASeq_FFPE_Exome_capture,891,2,0.9925,1.0,29_combat_ref,prediction_best
I_rare_batches_removed__knn__29_combat_ref__post1,2class,RNASeq_FF_PolyA,914,2,0.4956,0.8875,29_combat_ref,prediction_best
I_rare_batches_removed__knn__29_combat_ref__post1,2class,RNASeq_FF_rRNADepletion,14,1,1.0,,29_combat_ref,prediction_best
I_rare_batches_removed__knn__29_combat_ref__post1,3class,GPL13938_FFPE_Unknown,167,1,0.994,,29_combat_ref,prediction_best
I_rare_batches_removed__knn__29_combat_ref__post1,3class,GPL14951_FFPE_Unknown,810,1,0.9957,,29_combat_ref,prediction_best
I_rare_batches_removed__knn__29_combat_ref__post1,3class,GPL570_FFPE_Unknown,800,1,0.9994,,29_combat_ref,prediction_best
I_rare_batches_removed__knn__29_combat_ref__post1,3class,GPL570_FF_Unknown,994,3,0.9965,1.0,29_combat_ref,prediction_best
I_rare_batches_removed__knn__29_combat_ref__post1,3class,GPL570_Unknown_Unknown,908,2,1.0,1.0,29_combat_ref,prediction_best
I_rare_batches_removed__knn__29_combat_ref__post1,3class,GPL6244_FF_Unknown,131,2,0.476,0.306,29_combat_ref,prediction_best
I_rare_batches_removed__knn__29_combat_ref__post1,3class,GPL8432_FFPE_Unknown,130,1,0.9961,,29_combat_ref,prediction_best
I_rare_batches_removed__knn__29_combat_ref__post1,3class,GPL96+97_FF_Unknown,305,3,0.9821,0.9971,29_combat_ref,prediction_best
I_rare_batches_removed__knn__29_combat_ref__post1,3class,GPL96_FFPE_Unknown,84,2,0.4615,0.7859,29_combat_ref,prediction_best
I_rare_batches_removed__knn__29_combat_ref__post1,3class,GPL96_FF_Unknown,133,3,0.75,0.9969,29_combat_ref,prediction_best
I_rare_batches_removed__knn__29_combat_ref__post1,3class,RNASeq_FFPE_Exome_capture,891,2,0.9975,1.0,29_combat_ref,prediction_best
I_rare_batches_removed__knn__29_combat_ref__post1,3class,RNASeq_FF_PolyA,1039,3,0.6261,0.9772,29_combat_ref,prediction_best
I_rare_batches_removed__knn__29_combat_ref__post1,3class,RNASeq_FF_Unknown,79,1,1.0,,29_combat_ref,prediction_best
I_rare_batches_removed__knn__29_combat_ref__post1,3class,RNASeq_FF_rRNADepletion,117,2,0.7564,0.9785,29_combat_ref,prediction_best
I_rare_batches_removed__softimpute__01_raw__post1,2class,GPL14951_FFPE_Unknown,810,1,1.0,,01_raw,prediction_best
I_rare_batches_removed__softimpute__01_raw__post1,2class,GPL570_FFPE_Unknown,800,1,0.9956,,01_raw,prediction_best
I_rare_batches_removed__softimpute__01_raw__post1,2class,GPL570_FF_Unknown,744,2,0.9207,0.9763,01_raw,prediction_best
I_rare_batches_removed__softimpute__01_raw__post1,2class,GPL570_Unknown_Unknown,908,2,0.5905,0.6311,01_raw,prediction_best
I_rare_batches_removed__softimpute__01_raw__post1,2class,GPL6244_FF_Unknown,119,1,1.0,,01_raw,prediction_best
I_rare_batches_removed__softimpute__01_raw__post1,2class,GPL8432_FFPE_Unknown,130,1,1.0,,01_raw,prediction_best
I_rare_batches_removed__softimpute__01_raw__post1,2class,GPL96+97_FF_Unknown,269,2,0.9111,0.9861,01_raw,prediction_best
I_rare_batches_removed__softimpute__01_raw__post1,2class,GPL96_FFPE_Unknown,84,2,0.5644,0.7326,01_raw,prediction_best
I_rare_batches_removed__softimpute__01_raw__post1,2class,GPL96_FF_Unknown,125,2,0.95,0.9971,01_raw,prediction_best
I_rare_batches_removed__softimpute__01_raw__post1,2class,RNASeq_FFPE_Exome_capture,891,2,0.9276,0.9859,01_raw,prediction_best
I_rare_batches_removed__softimpute__01_raw__post1,2class,RNASeq_FF_PolyA,914,2,0.6819,0.979,01_raw,prediction_best
I_rare_batches_removed__softimpute__01_raw__post1,2class,RNASeq_FF_rRNADepletion,14,1,0.7826,,01_raw,prediction_best
I_rare_batches_removed__softimpute__01_raw__post1,3class,GPL14951_FFPE_Unknown,810,1,1.0,,01_raw,prediction_best
I_rare_batches_removed__softimpute__01_raw__post1,3class,GPL20188_FF_Unknown,68,1,1.0,,01_raw,prediction_best
I_rare_batches_removed__softimpute__01_raw__post1,3class,GPL570_FFPE_Unknown,800,1,0.995,,01_raw,prediction_best
I_rare_batches_removed__softimpute__01_raw__post1,3class,GPL570_FF_Unknown,994,3,0.9453,0.9896,01_raw,prediction_best
I_rare_batches_removed__softimpute__01_raw__post1,3class,GPL570_Unknown_Unknown,908,2,0.455,0.6286,01_raw,prediction_best
I_rare_batches_removed__softimpute__01_raw__post1,3class,GPL6244_FF_Unknown,131,2,1.0,1.0,01_raw,prediction_best
I_rare_batches_removed__softimpute__01_raw__post1,3class,GPL8432_FFPE_Unknown,130,1,1.0,,01_raw,prediction_best
I_rare_batches_removed__softimpute__01_raw__post1,3class,GPL96+97_FF_Unknown,305,3,0.9379,0.9923,01_raw,prediction_best
I_rare_batches_removed__softimpute__01_raw__post1,3class,GPL96_FFPE_Unknown,84,2,0.5644,0.7373,01_raw,prediction_best
I_rare_batches_removed__softimpute__01_raw__post1,3class,GPL96_FF_Unknown,133,3,0.9667,0.9983,01_raw,prediction_best
I_rare_batches_removed__softimpute__01_raw__post1,3class,RNASeq_FFPE_Exome_capture,891,2,0.9191,0.981,01_raw,prediction_best
I_rare_batches_removed__softimpute__01_raw__post1,3class,RNASeq_FF_PolyA,1039,3,0.671,0.9848,01_raw,prediction_best
I_rare_batches_removed__softimpute__01_raw__post1,3class,RNASeq_FF_Unknown,79,1,0.9605,,01_raw,prediction_best
I_rare_batches_removed__softimpute__01_raw__post1,3class,RNASeq_FF_rRNADepletion,117,2,0.8124,0.9388,01_raw,prediction_best
I_rare_batches_removed__softimpute__18_rank__post1,2class,GPL14951_FFPE_Unknown,810,1,0.9938,,18_rank,prediction_best
I_rare_batches_removed__softimpute__18_rank__post1,2class,GPL570_FFPE_Unknown,800,1,0.9049,,18_rank,prediction_best
I_rare_batches_removed__softimpute__18_rank__post1,2class,GPL570_FF_Unknown,744,2,0.9418,0.9876,18_rank,prediction_best
I_rare_batches_removed__softimpute__18_rank__post1,2class,GPL570_Unknown_Unknown,908,2,0.7659,0.908,18_rank,prediction_best
I_rare_batches_removed__softimpute__18_rank__post1,2class,GPL6244_FF_Unknown,119,1,0.9872,,18_rank,prediction_best
I_rare_batches_removed__softimpute__18_rank__post1,2class,GPL8432_FFPE_Unknown,130,1,1.0,,18_rank,prediction_best
I_rare_batches_removed__softimpute__18_rank__post1,2class,GPL96+97_FF_Unknown,269,2,0.8745,0.9693,18_rank,prediction_best
I_rare_batches_removed__softimpute__18_rank__post1,2class,GPL96_FFPE_Unknown,84,2,0.5333,0.7303,18_rank,prediction_best
I_rare_batches_removed__softimpute__18_rank__post1,2class,GPL96_FF_Unknown,125,2,0.9257,0.9851,18_rank,prediction_best
I_rare_batches_removed__softimpute__18_rank__post1,2class,RNASeq_FFPE_Exome_capture,891,2,0.918,0.9986,18_rank,prediction_best
I_rare_batches_removed__softimpute__18_rank__post1,2class,RNASeq_FF_PolyA,914,2,0.673,0.9923,18_rank,prediction_best
I_rare_batches_removed__softimpute__18_rank__post1,2class,RNASeq_FF_rRNADepletion,14,1,0.9231,,18_rank,prediction_best
I_rare_batches_removed__softimpute__18_rank__post1,3class,GPL14951_FFPE_Unknown,810,1,0.9963,,18_rank,prediction_best
I_rare_batches_removed__softimpute__18_rank__post1,3class,GPL20188_FF_Unknown,68,1,1.0,,18_rank,prediction_best
I_rare_batches_removed__softimpute__18_rank__post1,3class,GPL570_FFPE_Unknown,800,1,0.9369,,18_rank,prediction_best
I_rare_batches_removed__softimpute__18_rank__post1,3class,GPL570_FF_Unknown,994,3,0.9529,0.9932,18_rank,prediction_best
I_rare_batches_removed__softimpute__18_rank__post1,3class,GPL570_Unknown_Unknown,908,2,0.5671,0.7101,18_rank,prediction_best
I_rare_batches_removed__softimpute__18_rank__post1,3class,GPL6244_FF_Unknown,131,2,0.9715,1.0,18_rank,prediction_best
I_rare_batches_removed__softimpute__18_rank__post1,3class,GPL8432_FFPE_Unknown,130,1,1.0,,18_rank,prediction_best
I_rare_batches_removed__softimpute__18_rank__post1,3class,GPL96+97_FF_Unknown,305,3,0.9163,0.9839,18_rank,prediction_best
I_rare_batches_removed__softimpute__18_rank__post1,3class,GPL96_FFPE_Unknown,84,2,0.5444,0.7396,18_rank,prediction_best
I_rare_batches_removed__softimpute__18_rank__post1,3class,GPL96_FF_Unknown,133,3,0.9558,0.993,18_rank,prediction_best
I_rare_batches_removed__softimpute__18_rank__post1,3class,RNASeq_FFPE_Exome_capture,891,2,0.8673,0.9951,18_rank,prediction_best
I_rare_batches_removed__softimpute__18_rank__post1,3class,RNASeq_FF_PolyA,1039,3,0.7467,0.9933,18_rank,prediction_best
I_rare_batches_removed__softimpute__18_rank__post1,3class,RNASeq_FF_Unknown,79,1,1.0,,18_rank,prediction_best
I_rare_batches_removed__softimpute__18_rank__post1,3class,RNASeq_FF_rRNADepletion,117,2,0.5004,0.515,18_rank,prediction_best
I_rare_batches_removed__softimpute__27_dwd__post1,2class,GPL14951_FFPE_Unknown,810,1,1.0,,27_dwd,prediction_best
I_rare_batches_removed__softimpute__27_dwd__post1,2class,GPL570_FFPE_Unknown,800,1,0.9956,,27_dwd,prediction_best
I_rare_batches_removed__softimpute__27_dwd__post1,2class,GPL570_FF_Unknown,744,2,0.9207,0.9763,27_dwd,prediction_best
I_rare_batches_removed__softimpute__27_dwd__post1,2class,GPL570_Unknown_Unknown,908,2,0.5905,0.6311,27_dwd,prediction_best
I_rare_batches_removed__softimpute__27_dwd__post1,2class,GPL6244_FF_Unknown,119,1,1.0,,27_dwd,prediction_best
I_rare_batches_removed__softimpute__27_dwd__post1,2class,GPL8432_FFPE_Unknown,130,1,1.0,,27_dwd,prediction_best
I_rare_batches_removed__softimpute__27_dwd__post1,2class,GPL96+97_FF_Unknown,269,2,0.9111,0.9861,27_dwd,prediction_best
I_rare_batches_removed__softimpute__27_dwd__post1,2class,GPL96_FFPE_Unknown,84,2,0.5644,0.7326,27_dwd,prediction_best
I_rare_batches_removed__softimpute__27_dwd__post1,2class,GPL96_FF_Unknown,125,2,0.95,0.9971,27_dwd,prediction_best
I_rare_batches_removed__softimpute__27_dwd__post1,2class,RNASeq_FFPE_Exome_capture,891,2,0.9276,0.986,27_dwd,prediction_best
I_rare_batches_removed__softimpute__27_dwd__post1,2class,RNASeq_FF_PolyA,914,2,0.6819,0.979,27_dwd,prediction_best
I_rare_batches_removed__softimpute__27_dwd__post1,2class,RNASeq_FF_rRNADepletion,14,1,0.7826,,27_dwd,prediction_best
I_rare_batches_removed__softimpute__27_dwd__post1,3class,GPL14951_FFPE_Unknown,810,1,1.0,,27_dwd,prediction_best
I_rare_batches_removed__softimpute__27_dwd__post1,3class,GPL20188_FF_Unknown,68,1,1.0,,27_dwd,prediction_best
I_rare_batches_removed__softimpute__27_dwd__post1,3class,GPL570_FFPE_Unknown,800,1,0.995,,27_dwd,prediction_best
I_rare_batches_removed__softimpute__27_dwd__post1,3class,GPL570_FF_Unknown,994,3,0.9472,0.9893,27_dwd,prediction_best
I_rare_batches_removed__softimpute__27_dwd__post1,3class,GPL570_Unknown_Unknown,908,2,0.455,0.6275,27_dwd,prediction_best
I_rare_batches_removed__softimpute__27_dwd__post1,3class,GPL6244_FF_Unknown,131,2,1.0,1.0,27_dwd,prediction_best
I_rare_batches_removed__softimpute__27_dwd__post1,3class,GPL8432_FFPE_Unknown,130,1,1.0,,27_dwd,prediction_best
I_rare_batches_removed__softimpute__27_dwd__post1,3class,GPL96+97_FF_Unknown,305,3,0.9379,0.9923,27_dwd,prediction_best
I_rare_batches_removed__softimpute__27_dwd__post1,3class,GPL96_FFPE_Unknown,84,2,0.5644,0.7373,27_dwd,prediction_best
I_rare_batches_removed__softimpute__27_dwd__post1,3class,GPL96_FF_Unknown,133,3,0.9667,0.9983,27_dwd,prediction_best
I_rare_batches_removed__softimpute__27_dwd__post1,3class,RNASeq_FFPE_Exome_capture,891,2,0.9359,0.9843,27_dwd,prediction_best
I_rare_batches_removed__softimpute__27_dwd__post1,3class,RNASeq_FF_PolyA,1039,3,0.636,0.9846,27_dwd,prediction_best
I_rare_batches_removed__softimpute__27_dwd__post1,3class,RNASeq_FF_Unknown,79,1,0.9605,,27_dwd,prediction_best
I_rare_batches_removed__softimpute__27_dwd__post1,3class,RNASeq_FF_rRNADepletion,117,2,0.7916,0.957,27_dwd,prediction_best
I_rare_batches_removed__softimpute__29_combat_ref__post0,2class,GPL13938_FFPE_Unknown,167,1,0.994,,29_combat_ref,prediction_best
I_rare_batches_removed__softimpute__29_combat_ref__post0,2class,GPL14951_FFPE_Unknown,810,1,0.9881,,29_combat_ref,prediction_best
I_rare_batches_removed__softimpute__29_combat_ref__post0,2class,GPL570_FFPE_Unknown,800,1,0.9987,,29_combat_ref,prediction_best
I_rare_batches_removed__softimpute__29_combat_ref__post0,2class,GPL570_FF_Unknown,744,2,0.9929,0.9999,29_combat_ref,prediction_best
I_rare_batches_removed__softimpute__29_combat_ref__post0,2class,GPL570_Unknown_Unknown,908,2,1.0,1.0,29_combat_ref,prediction_best
I_rare_batches_removed__softimpute__29_combat_ref__post0,2class,GPL6244_FF_Unknown,119,1,1.0,,29_combat_ref,prediction_best
I_rare_batches_removed__softimpute__29_combat_ref__post0,2class,GPL8432_FFPE_Unknown,130,1,1.0,,29_combat_ref,prediction_best
I_rare_batches_removed__softimpute__29_combat_ref__post0,2class,GPL96+97_FF_Unknown,269,2,0.9146,0.9798,29_combat_ref,prediction_best
I_rare_batches_removed__softimpute__29_combat_ref__post0,2class,GPL96_FFPE_Unknown,84,2,0.5414,0.5868,29_combat_ref,prediction_best
I_rare_batches_removed__softimpute__29_combat_ref__post0,2class,GPL96_FF_Unknown,125,2,0.9837,0.9971,29_combat_ref,prediction_best
I_rare_batches_removed__softimpute__29_combat_ref__post0,2class,RNASeq_FFPE_Exome_capture,891,2,0.9851,0.9999,29_combat_ref,prediction_best
I_rare_batches_removed__softimpute__29_combat_ref__post0,2class,RNASeq_FF_PolyA,914,2,0.7181,0.9593,29_combat_ref,prediction_best
I_rare_batches_removed__softimpute__29_combat_ref__post0,2class,RNASeq_FF_rRNADepletion,14,1,0.7826,,29_combat_ref,prediction_best
I_rare_batches_removed__softimpute__29_combat_ref__post0,3class,GPL13938_FFPE_Unknown,167,1,0.994,,29_combat_ref,prediction_best
I_rare_batches_removed__softimpute__29_combat_ref__post0,3class,GPL14951_FFPE_Unknown,810,1,0.9881,,29_combat_ref,prediction_best
I_rare_batches_removed__softimpute__29_combat_ref__post0,3class,GPL20188_FF_Unknown,68,1,1.0,,29_combat_ref,prediction_best
I_rare_batches_removed__softimpute__29_combat_ref__post0,3class,GPL570_FFPE_Unknown,800,1,0.9987,,29_combat_ref,prediction_best
I_rare_batches_removed__softimpute__29_combat_ref__post0,3class,GPL570_FF_Unknown,994,3,0.9953,1.0,29_combat_ref,prediction_best
I_rare_batches_removed__softimpute__29_combat_ref__post0,3class,GPL570_Unknown_Unknown,908,2,1.0,1.0,29_combat_ref,prediction_best
I_rare_batches_removed__softimpute__29_combat_ref__post0,3class,GPL6244_FF_Unknown,131,2,1.0,1.0,29_combat_ref,prediction_best
I_rare_batches_removed__softimpute__29_combat_ref__post0,3class,GPL8432_FFPE_Unknown,130,1,1.0,,29_combat_ref,prediction_best
I_rare_batches_removed__softimpute__29_combat_ref__post0,3class,GPL96+97_FF_Unknown,305,3,0.943,0.9856,29_combat_ref,prediction_best
I_rare_batches_removed__softimpute__29_combat_ref__post0,3class,GPL96_FFPE_Unknown,84,2,0.5414,0.5833,29_combat_ref,prediction_best
I_rare_batches_removed__softimpute__29_combat_ref__post0,3class,GPL96_FF_Unknown,133,3,0.9891,0.9989,29_combat_ref,prediction_best
I_rare_batches_removed__softimpute__29_combat_ref__post0,3class,RNASeq_FFPE_Exome_capture,891,2,0.9872,0.9991,29_combat_ref,prediction_best
I_rare_batches_removed__softimpute__29_combat_ref__post0,3class,RNASeq_FF_PolyA,1039,3,0.5814,0.849,29_combat_ref,prediction_best
I_rare_batches_removed__softimpute__29_combat_ref__post0,3class,RNASeq_FF_Unknown,79,1,1.0,,29_combat_ref,prediction_best
I_rare_batches_removed__softimpute__29_combat_ref__post0,3class,RNASeq_FF_rRNADepletion,117,2,0.9642,0.9939,29_combat_ref,prediction_best
I_rare_batches_removed__softimpute__29_combat_ref__post1,2class,GPL13938_FFPE_Unknown,167,1,0.994,,29_combat_ref,prediction_best
I_rare_batches_removed__softimpute__29_combat_ref__post1,2class,GPL14951_FFPE_Unknown,810,1,0.9894,,29_combat_ref,prediction_best
I_rare_batches_removed__softimpute__29_combat_ref__post1,2class,GPL570_FFPE_Unknown,800,1,0.9987,,29_combat_ref,prediction_best
I_rare_batches_removed__softimpute__29_combat_ref__post1,2class,GPL570_FF_Unknown,744,2,0.9929,0.9998,29_combat_ref,prediction_best
I_rare_batches_removed__softimpute__29_combat_ref__post1,2class,GPL570_Unknown_Unknown,908,2,1.0,1.0,29_combat_ref,prediction_best
I_rare_batches_removed__softimpute__29_combat_ref__post1,2class,GPL6244_FF_Unknown,119,1,1.0,,29_combat_ref,prediction_best
I_rare_batches_removed__softimpute__29_combat_ref__post1,2class,GPL8432_FFPE_Unknown,130,1,1.0,,29_combat_ref,prediction_best
I_rare_batches_removed__softimpute__29_combat_ref__post1,2class,GPL96+97_FF_Unknown,269,2,0.9194,0.9806,29_combat_ref,prediction_best
I_rare_batches_removed__softimpute__29_combat_ref__post1,2class,GPL96_FFPE_Unknown,84,2,0.5414,0.5799,29_combat_ref,prediction_best
I_rare_batches_removed__softimpute__29_combat_ref__post1,2class,GPL96_FF_Unknown,125,2,0.9837,0.9971,29_combat_ref,prediction_best
I_rare_batches_removed__softimpute__29_combat_ref__post1,2class,RNASeq_FFPE_Exome_capture,891,2,0.9851,0.9999,29_combat_ref,prediction_best
I_rare_batches_removed__softimpute__29_combat_ref__post1,2class,RNASeq_FF_PolyA,914,2,0.7181,0.9601,29_combat_ref,prediction_best
I_rare_batches_removed__softimpute__29_combat_ref__post1,2class,RNASeq_FF_rRNADepletion,14,1,0.7826,,29_combat_ref,prediction_best
I_rare_batches_removed__softimpute__29_combat_ref__post1,3class,GPL13938_FFPE_Unknown,167,1,0.994,,29_combat_ref,prediction_best
I_rare_batches_removed__softimpute__29_combat_ref__post1,3class,GPL14951_FFPE_Unknown,810,1,0.9881,,29_combat_ref,prediction_best
I_rare_batches_removed__softimpute__29_combat_ref__post1,3class,GPL570_FFPE_Unknown,800,1,0.9987,,29_combat_ref,prediction_best
I_rare_batches_removed__softimpute__29_combat_ref__post1,3class,GPL570_FF_Unknown,994,3,0.9953,0.9999,29_combat_ref,prediction_best
I_rare_batches_removed__softimpute__29_combat_ref__post1,3class,GPL570_Unknown_Unknown,908,2,1.0,1.0,29_combat_ref,prediction_best
I_rare_batches_removed__softimpute__29_combat_ref__post1,3class,GPL6244_FF_Unknown,131,2,1.0,1.0,29_combat_ref,prediction_best
I_rare_batches_removed__softimpute__29_combat_ref__post1,3class,GPL8432_FFPE_Unknown,130,1,1.0,,29_combat_ref,prediction_best
I_rare_batches_removed__softimpute__29_combat_ref__post1,3class,GPL96+97_FF_Unknown,305,3,0.9398,0.9862,29_combat_ref,prediction_best
I_rare_batches_removed__softimpute__29_combat_ref__post1,3class,GPL96_FFPE_Unknown,84,2,0.5414,0.5752,29_combat_ref,prediction_best
I_rare_batches_removed__softimpute__29_combat_ref__post1,3class,GPL96_FF_Unknown,133,3,0.9891,0.9988,29_combat_ref,prediction_best
I_rare_batches_removed__softimpute__29_combat_ref__post1,3class,RNASeq_FFPE_Exome_capture,891,2,0.9872,0.9993,29_combat_ref,prediction_best
I_rare_batches_removed__softimpute__29_combat_ref__post1,3class,RNASeq_FF_PolyA,1039,3,0.5918,0.854,29_combat_ref,prediction_best
I_rare_batches_removed__softimpute__29_combat_ref__post1,3class,RNASeq_FF_Unknown,79,1,1.0,,29_combat_ref,prediction_best
I_rare_batches_removed__softimpute__29_combat_ref__post1,3class,RNASeq_FF_rRNADepletion,117,2,0.9642,0.993,29_combat_ref,prediction_best
I_rare_batches_removed__strict__06_combat_seq__post0,2class,GPL13938_FFPE_Unknown,167,1,1.0,,06_combat_seq,prediction_best
I_rare_batches_removed__strict__06_combat_seq__post0,2class,GPL14951_FFPE_Unknown,810,1,1.0,,06_combat_seq,prediction_best
I_rare_batches_removed__strict__06_combat_seq__post0,2class,GPL570_FFPE_Unknown,800,1,1.0,,06_combat_seq,prediction_best
I_rare_batches_removed__strict__06_combat_seq__post0,2class,GPL570_FF_Unknown,744,2,0.9654,0.9972,06_combat_seq,prediction_best
I_rare_batches_removed__strict__06_combat_seq__post0,2class,GPL570_Unknown_Unknown,908,2,0.6431,0.7876,06_combat_seq,prediction_best
I_rare_batches_removed__strict__06_combat_seq__post0,2class,GPL6244_FF_Unknown,119,1,1.0,,06_combat_seq,prediction_best
I_rare_batches_removed__strict__06_combat_seq__post0,2class,GPL8432_FFPE_Unknown,130,1,1.0,,06_combat_seq,prediction_best
I_rare_batches_removed__strict__06_combat_seq__post0,2class,GPL96+97_FF_Unknown,269,2,0.9733,0.9971,06_combat_seq,prediction_best
I_rare_batches_removed__strict__06_combat_seq__post0,2class,GPL96_FFPE_Unknown,84,2,0.5164,0.7812,06_combat_seq,prediction_best
I_rare_batches_removed__strict__06_combat_seq__post0,2class,GPL96_FF_Unknown,125,2,0.9425,0.9906,06_combat_seq,prediction_best
I_rare_batches_removed__strict__06_combat_seq__post0,2class,RNASeq_FFPE_Exome_capture,891,2,0.9901,0.9997,06_combat_seq,prediction_best
I_rare_batches_removed__strict__06_combat_seq__post0,2class,RNASeq_FF_PolyA,914,2,0.6295,0.9806,06_combat_seq,prediction_best
I_rare_batches_removed__strict__06_combat_seq__post0,2class,RNASeq_FF_rRNADepletion,14,1,0.3529,,06_combat_seq,prediction_best
I_rare_batches_removed__strict__06_combat_seq__post0,3class,GPL13938_FFPE_Unknown,167,1,1.0,,06_combat_seq,prediction_best
I_rare_batches_removed__strict__06_combat_seq__post0,3class,GPL14951_FFPE_Unknown,810,1,1.0,,06_combat_seq,prediction_best
I_rare_batches_removed__strict__06_combat_seq__post0,3class,GPL20188_FF_Unknown,68,1,1.0,,06_combat_seq,prediction_best
I_rare_batches_removed__strict__06_combat_seq__post0,3class,GPL570_FFPE_Unknown,800,1,0.9962,,06_combat_seq,prediction_best
I_rare_batches_removed__strict__06_combat_seq__post0,3class,GPL570_FF_Unknown,994,3,0.9643,0.9967,06_combat_seq,prediction_best
I_rare_batches_removed__strict__06_combat_seq__post0,3class,GPL570_Unknown_Unknown,908,2,0.5652,0.8927,06_combat_seq,prediction_best
I_rare_batches_removed__strict__06_combat_seq__post0,3class,GPL6244_FF_Unknown,131,2,0.476,0.9594,06_combat_seq,prediction_best
I_rare_batches_removed__strict__06_combat_seq__post0,3class,GPL8432_FFPE_Unknown,130,1,1.0,,06_combat_seq,prediction_best
I_rare_batches_removed__strict__06_combat_seq__post0,3class,GPL96+97_FF_Unknown,305,3,0.973,0.9976,06_combat_seq,prediction_best
I_rare_batches_removed__strict__06_combat_seq__post0,3class,GPL96_FFPE_Unknown,84,2,0.5164,0.7847,06_combat_seq,prediction_best
I_rare_batches_removed__strict__06_combat_seq__post0,3class,GPL96_FF_Unknown,133,3,0.9261,0.9944,06_combat_seq,prediction_best
I_rare_batches_removed__strict__06_combat_seq__post0,3class,RNASeq_FFPE_Exome_capture,891,2,0.9913,0.9996,06_combat_seq,prediction_best
I_rare_batches_removed__strict__06_combat_seq__post0,3class,RNASeq_FF_PolyA,1039,3,0.7492,0.9946,06_combat_seq,prediction_best
I_rare_batches_removed__strict__06_combat_seq__post0,3class,RNASeq_FF_Unknown,79,1,0.9467,,06_combat_seq,prediction_best
I_rare_batches_removed__strict__06_combat_seq__post0,3class,RNASeq_FF_rRNADepletion,117,2,0.6666,0.893,06_combat_seq,prediction_best
I_rare_batches_removed__strict__08_inmoose_combatseq__post0,2class,GPL13938_FFPE_Unknown,167,1,1.0,,08_inmoose_combatseq,prediction_best
I_rare_batches_removed__strict__08_inmoose_combatseq__post0,2class,GPL14951_FFPE_Unknown,810,1,1.0,,08_inmoose_combatseq,prediction_best
I_rare_batches_removed__strict__08_inmoose_combatseq__post0,2class,GPL570_FFPE_Unknown,800,1,1.0,,08_inmoose_combatseq,prediction_best
I_rare_batches_removed__strict__08_inmoose_combatseq__post0,2class,GPL570_FF_Unknown,744,2,0.9654,0.9972,08_inmoose_combatseq,prediction_best
I_rare_batches_removed__strict__08_inmoose_combatseq__post0,2class,GPL570_Unknown_Unknown,908,2,0.6431,0.7871,08_inmoose_combatseq,prediction_best
I_rare_batches_removed__strict__08_inmoose_combatseq__post0,2class,GPL6244_FF_Unknown,119,1,1.0,,08_inmoose_combatseq,prediction_best
I_rare_batches_removed__strict__08_inmoose_combatseq__post0,2class,GPL8432_FFPE_Unknown,130,1,1.0,,08_inmoose_combatseq,prediction_best
I_rare_batches_removed__strict__08_inmoose_combatseq__post0,2class,GPL96+97_FF_Unknown,269,2,0.9733,0.9971,08_inmoose_combatseq,prediction_best
I_rare_batches_removed__strict__08_inmoose_combatseq__post0,2class,GPL96_FFPE_Unknown,84,2,0.5164,0.7778,08_inmoose_combatseq,prediction_best
I_rare_batches_removed__strict__08_inmoose_combatseq__post0,2class,GPL96_FF_Unknown,125,2,0.9425,0.9908,08_inmoose_combatseq,prediction_best
I_rare_batches_removed__strict__08_inmoose_combatseq__post0,2class,RNASeq_FFPE_Exome_capture,891,2,0.9901,0.9997,08_inmoose_combatseq,prediction_best
I_rare_batches_removed__strict__08_inmoose_combatseq__post0,2class,RNASeq_FF_PolyA,914,2,0.6295,0.9806,08_inmoose_combatseq,prediction_best
I_rare_batches_removed__strict__08_inmoose_combatseq__post0,2class,RNASeq_FF_rRNADepletion,14,1,0.3529,,08_inmoose_combatseq,prediction_best
I_rare_batches_removed__strict__08_inmoose_combatseq__post0,3class,GPL13938_FFPE_Unknown,167,1,1.0,,08_inmoose_combatseq,prediction_best
I_rare_batches_removed__strict__08_inmoose_combatseq__post0,3class,GPL14951_FFPE_Unknown,810,1,1.0,,08_inmoose_combatseq,prediction_best
I_rare_batches_removed__strict__08_inmoose_combatseq__post0,3class,GPL20188_FF_Unknown,68,1,1.0,,08_inmoose_combatseq,prediction_best
I_rare_batches_removed__strict__08_inmoose_combatseq__post0,3class,GPL570_FFPE_Unknown,800,1,0.9962,,08_inmoose_combatseq,prediction_best
I_rare_batches_removed__strict__08_inmoose_combatseq__post0,3class,GPL570_FF_Unknown,994,3,0.9643,0.9967,08_inmoose_combatseq,prediction_best
I_rare_batches_removed__strict__08_inmoose_combatseq__post0,3class,GPL570_Unknown_Unknown,908,2,0.5665,0.8927,08_inmoose_combatseq,prediction_best
I_rare_batches_removed__strict__08_inmoose_combatseq__post0,3class,GPL6244_FF_Unknown,131,2,0.476,0.9594,08_inmoose_combatseq,prediction_best
I_rare_batches_removed__strict__08_inmoose_combatseq__post0,3class,GPL8432_FFPE_Unknown,130,1,1.0,,08_inmoose_combatseq,prediction_best
I_rare_batches_removed__strict__08_inmoose_combatseq__post0,3class,GPL96+97_FF_Unknown,305,3,0.973,0.9976,08_inmoose_combatseq,prediction_best
I_rare_batches_removed__strict__08_inmoose_combatseq__post0,3class,GPL96_FFPE_Unknown,84,2,0.5164,0.7841,08_inmoose_combatseq,prediction_best
I_rare_batches_removed__strict__08_inmoose_combatseq__post0,3class,GPL96_FF_Unknown,133,3,0.9315,0.9945,08_inmoose_combatseq,prediction_best
I_rare_batches_removed__strict__08_inmoose_combatseq__post0,3class,RNASeq_FFPE_Exome_capture,891,2,0.9913,0.9996,08_inmoose_combatseq,prediction_best
I_rare_batches_removed__strict__08_inmoose_combatseq__post0,3class,RNASeq_FF_PolyA,1039,3,0.7492,0.9946,08_inmoose_combatseq,prediction_best
I_rare_batches_removed__strict__08_inmoose_combatseq__post0,3class,RNASeq_FF_Unknown,79,1,0.9467,,08_inmoose_combatseq,prediction_best
I_rare_batches_removed__strict__08_inmoose_combatseq__post0,3class,RNASeq_FF_rRNADepletion,117,2,0.6666,0.8916,08_inmoose_combatseq,prediction_best
I_rare_batches_removed__strict__14_qsmooth__post1,2class,GPL14951_FFPE_Unknown,810,1,1.0,,14_qsmooth,prediction_best
I_rare_batches_removed__strict__14_qsmooth__post1,2class,GPL570_FFPE_Unknown,800,1,0.9841,,14_qsmooth,prediction_best
I_rare_batches_removed__strict__14_qsmooth__post1,2class,GPL570_FF_Unknown,744,2,0.8164,0.9879,14_qsmooth,prediction_best
I_rare_batches_removed__strict__14_qsmooth__post1,2class,GPL570_Unknown_Unknown,908,2,0.8375,0.8814,14_qsmooth,prediction_best
I_rare_batches_removed__strict__14_qsmooth__post1,2class,GPL6244_FF_Unknown,119,1,1.0,,14_qsmooth,prediction_best
I_rare_batches_removed__strict__14_qsmooth__post1,2class,GPL8432_FFPE_Unknown,130,1,1.0,,14_qsmooth,prediction_best
I_rare_batches_removed__strict__14_qsmooth__post1,2class,GPL96+97_FF_Unknown,269,2,0.9087,0.9901,14_qsmooth,prediction_best
I_rare_batches_removed__strict__14_qsmooth__post1,2class,GPL96_FFPE_Unknown,84,2,0.5492,0.7338,14_qsmooth,prediction_best
I_rare_batches_removed__strict__14_qsmooth__post1,2class,GPL96_FF_Unknown,125,2,0.9252,0.9754,14_qsmooth,prediction_best
I_rare_batches_removed__strict__14_qsmooth__post1,2class,RNASeq_FFPE_Exome_capture,891,2,0.9522,0.9951,14_qsmooth,prediction_best
I_rare_batches_removed__strict__14_qsmooth__post1,2class,RNASeq_FF_PolyA,914,2,0.7108,0.9923,14_qsmooth,prediction_best
I_rare_batches_removed__strict__14_qsmooth__post1,2class,RNASeq_FF_rRNADepletion,14,1,0.88,,14_qsmooth,prediction_best
I_rare_batches_removed__strict__14_qsmooth__post1,3class,GPL14951_FFPE_Unknown,810,1,0.9994,,14_qsmooth,prediction_best
I_rare_batches_removed__strict__14_qsmooth__post1,3class,GPL20188_FF_Unknown,68,1,0.8852,,14_qsmooth,prediction_best
I_rare_batches_removed__strict__14_qsmooth__post1,3class,GPL570_FFPE_Unknown,800,1,0.9848,,14_qsmooth,prediction_best
I_rare_batches_removed__strict__14_qsmooth__post1,3class,GPL570_FF_Unknown,994,3,0.8905,0.995,14_qsmooth,prediction_best
I_rare_batches_removed__strict__14_qsmooth__post1,3class,GPL570_Unknown_Unknown,908,2,0.8356,0.8696,14_qsmooth,prediction_best
I_rare_batches_removed__strict__14_qsmooth__post1,3class,GPL6244_FF_Unknown,131,2,0.8871,0.9972,14_qsmooth,prediction_best
I_rare_batches_removed__strict__14_qsmooth__post1,3class,GPL8432_FFPE_Unknown,130,1,1.0,,14_qsmooth,prediction_best
I_rare_batches_removed__strict__14_qsmooth__post1,3class,GPL96+97_FF_Unknown,305,3,0.9321,0.9946,14_qsmooth,prediction_best
I_rare_batches_removed__strict__14_qsmooth__post1,3class,GPL96_FFPE_Unknown,84,2,0.5406,0.7309,14_qsmooth,prediction_best
I_rare_batches_removed__strict__14_qsmooth__post1,3class,GPL96_FF_Unknown,133,3,0.8084,0.9831,14_qsmooth,prediction_best
I_rare_batches_removed__strict__14_qsmooth__post1,3class,RNASeq_FFPE_Exome_capture,891,2,0.9549,0.9949,14_qsmooth,prediction_best
I_rare_batches_removed__strict__14_qsmooth__post1,3class,RNASeq_FF_PolyA,1039,3,0.7053,0.9952,14_qsmooth,prediction_best
I_rare_batches_removed__strict__14_qsmooth__post1,3class,RNASeq_FF_Unknown,79,1,1.0,,14_qsmooth,prediction_best
I_rare_batches_removed__strict__14_qsmooth__post1,3class,RNASeq_FF_rRNADepletion,117,2,0.6129,0.8346,14_qsmooth,prediction_best
I_rare_batches_removed__strict__29_combat_ref__post0,2class,GPL13938_FFPE_Unknown,167,1,1.0,,29_combat_ref,prediction_best
I_rare_batches_removed__strict__29_combat_ref__post0,2class,GPL14951_FFPE_Unknown,810,1,0.9975,,29_combat_ref,prediction_best
I_rare_batches_removed__strict__29_combat_ref__post0,2class,GPL570_FFPE_Unknown,800,1,1.0,,29_combat_ref,prediction_best
I_rare_batches_removed__strict__29_combat_ref__post0,2class,GPL570_FF_Unknown,744,2,0.9986,1.0,29_combat_ref,prediction_best
I_rare_batches_removed__strict__29_combat_ref__post0,2class,GPL570_Unknown_Unknown,908,2,1.0,1.0,29_combat_ref,prediction_best
I_rare_batches_removed__strict__29_combat_ref__post0,2class,GPL6244_FF_Unknown,119,1,1.0,,29_combat_ref,prediction_best
I_rare_batches_removed__strict__29_combat_ref__post0,2class,GPL8432_FFPE_Unknown,130,1,1.0,,29_combat_ref,prediction_best
I_rare_batches_removed__strict__29_combat_ref__post0,2class,GPL96+97_FF_Unknown,269,2,0.991,0.9997,29_combat_ref,prediction_best
I_rare_batches_removed__strict__29_combat_ref__post0,2class,GPL96_FFPE_Unknown,84,2,0.5414,0.8588,29_combat_ref,prediction_best
I_rare_batches_removed__strict__29_combat_ref__post0,2class,GPL96_FF_Unknown,125,2,0.9837,0.9995,29_combat_ref,prediction_best
I_rare_batches_removed__strict__29_combat_ref__post0,2class,RNASeq_FFPE_Exome_capture,891,2,0.9925,1.0,29_combat_ref,prediction_best
I_rare_batches_removed__strict__29_combat_ref__post0,2class,RNASeq_FF_PolyA,914,2,0.5956,0.9827,29_combat_ref,prediction_best
I_rare_batches_removed__strict__29_combat_ref__post0,2class,RNASeq_FF_rRNADepletion,14,1,0.88,,29_combat_ref,prediction_best
I_rare_batches_removed__strict__29_combat_ref__post0,3class,GPL13938_FFPE_Unknown,167,1,1.0,,29_combat_ref,prediction_best
I_rare_batches_removed__strict__29_combat_ref__post0,3class,GPL14951_FFPE_Unknown,810,1,0.9981,,29_combat_ref,prediction_best
I_rare_batches_removed__strict__29_combat_ref__post0,3class,GPL20188_FF_Unknown,68,1,1.0,,29_combat_ref,prediction_best
I_rare_batches_removed__strict__29_combat_ref__post0,3class,GPL570_FFPE_Unknown,800,1,0.9994,,29_combat_ref,prediction_best
I_rare_batches_removed__strict__29_combat_ref__post0,3class,GPL570_FF_Unknown,994,3,0.9824,1.0,29_combat_ref,prediction_best
I_rare_batches_removed__strict__29_combat_ref__post0,3class,GPL570_Unknown_Unknown,908,2,1.0,1.0,29_combat_ref,prediction_best
I_rare_batches_removed__strict__29_combat_ref__post0,3class,GPL6244_FF_Unknown,131,2,0.821,0.9674,29_combat_ref,prediction_best
I_rare_batches_removed__strict__29_combat_ref__post0,3class,GPL8432_FFPE_Unknown,130,1,1.0,,29_combat_ref,prediction_best
I_rare_batches_removed__strict__29_combat_ref__post0,3class,GPL96+97_FF_Unknown,305,3,0.8752,0.9967,29_combat_ref,prediction_best
I_rare_batches_removed__strict__29_combat_ref__post0,3class,GPL96_FFPE_Unknown,84,2,0.5414,0.8692,29_combat_ref,prediction_best
I_rare_batches_removed__strict__29_combat_ref__post0,3class,GPL96_FF_Unknown,133,3,0.8563,0.9982,29_combat_ref,prediction_best
I_rare_batches_removed__strict__29_combat_ref__post0,3class,RNASeq_FFPE_Exome_capture,891,2,0.9983,1.0,29_combat_ref,prediction_best
I_rare_batches_removed__strict__29_combat_ref__post0,3class,RNASeq_FF_PolyA,1039,3,0.7263,0.9927,29_combat_ref,prediction_best
I_rare_batches_removed__strict__29_combat_ref__post0,3class,RNASeq_FF_Unknown,79,1,1.0,,29_combat_ref,prediction_best
I_rare_batches_removed__strict__29_combat_ref__post0,3class,RNASeq_FF_rRNADepletion,117,2,0.7876,0.9692,29_combat_ref,prediction_best
I_rare_batches_removed__strict__29_combat_ref__post1,2class,GPL13938_FFPE_Unknown,167,1,1.0,,29_combat_ref,prediction_best
I_rare_batches_removed__strict__29_combat_ref__post1,2class,GPL14951_FFPE_Unknown,810,1,0.9975,,29_combat_ref,prediction_best
I_rare_batches_removed__strict__29_combat_ref__post1,2class,GPL570_FFPE_Unknown,800,1,1.0,,29_combat_ref,prediction_best
I_rare_batches_removed__strict__29_combat_ref__post1,2class,GPL570_FF_Unknown,744,2,1.0,1.0,29_combat_ref,prediction_best
I_rare_batches_removed__strict__29_combat_ref__post1,2class,GPL570_Unknown_Unknown,908,2,1.0,1.0,29_combat_ref,prediction_best
I_rare_batches_removed__strict__29_combat_ref__post1,2class,GPL6244_FF_Unknown,119,1,1.0,,29_combat_ref,prediction_best
I_rare_batches_removed__strict__29_combat_ref__post1,2class,GPL8432_FFPE_Unknown,130,1,1.0,,29_combat_ref,prediction_best
I_rare_batches_removed__strict__29_combat_ref__post1,2class,GPL96+97_FF_Unknown,269,2,0.991,0.9998,29_combat_ref,prediction_best
I_rare_batches_removed__strict__29_combat_ref__post1,2class,GPL96_FFPE_Unknown,84,2,0.5414,0.8576,29_combat_ref,prediction_best
I_rare_batches_removed__strict__29_combat_ref__post1,2class,GPL96_FF_Unknown,125,2,0.9837,0.9995,29_combat_ref,prediction_best
I_rare_batches_removed__strict__29_combat_ref__post1,2class,RNASeq_FFPE_Exome_capture,891,2,0.9925,1.0,29_combat_ref,prediction_best
I_rare_batches_removed__strict__29_combat_ref__post1,2class,RNASeq_FF_PolyA,914,2,0.5956,0.9825,29_combat_ref,prediction_best
I_rare_batches_removed__strict__29_combat_ref__post1,2class,RNASeq_FF_rRNADepletion,14,1,0.88,,29_combat_ref,prediction_best
I_rare_batches_removed__strict__29_combat_ref__post1,3class,GPL13938_FFPE_Unknown,167,1,1.0,,29_combat_ref,prediction_best
I_rare_batches_removed__strict__29_combat_ref__post1,3class,GPL14951_FFPE_Unknown,810,1,0.9975,,29_combat_ref,prediction_best
I_rare_batches_removed__strict__29_combat_ref__post1,3class,GPL570_FFPE_Unknown,800,1,0.9994,,29_combat_ref,prediction_best
I_rare_batches_removed__strict__29_combat_ref__post1,3class,GPL570_FF_Unknown,994,3,0.9812,1.0,29_combat_ref,prediction_best
I_rare_batches_removed__strict__29_combat_ref__post1,3class,GPL570_Unknown_Unknown,908,2,1.0,1.0,29_combat_ref,prediction_best
I_rare_batches_removed__strict__29_combat_ref__post1,3class,GPL6244_FF_Unknown,131,2,0.7337,0.9443,29_combat_ref,prediction_best
I_rare_batches_removed__strict__29_combat_ref__post1,3class,GPL8432_FFPE_Unknown,130,1,1.0,,29_combat_ref,prediction_best
I_rare_batches_removed__strict__29_combat_ref__post1,3class,GPL96+97_FF_Unknown,305,3,0.8726,0.9966,29_combat_ref,prediction_best
I_rare_batches_removed__strict__29_combat_ref__post1,3class,GPL96_FFPE_Unknown,84,2,0.5414,0.8657,29_combat_ref,prediction_best
I_rare_batches_removed__strict__29_combat_ref__post1,3class,GPL96_FF_Unknown,133,3,0.8437,0.9983,29_combat_ref,prediction_best
I_rare_batches_removed__strict__29_combat_ref__post1,3class,RNASeq_FFPE_Exome_capture,891,2,0.9983,1.0,29_combat_ref,prediction_best
I_rare_batches_removed__strict__29_combat_ref__post1,3class,RNASeq_FF_PolyA,1039,3,0.6976,0.9927,29_combat_ref,prediction_best
I_rare_batches_removed__strict__29_combat_ref__post1,3class,RNASeq_FF_Unknown,79,1,1.0,,29_combat_ref,prediction_best
I_rare_batches_removed__strict__29_combat_ref__post1,3class,RNASeq_FF_rRNADepletion,117,2,0.7876,0.9692,29_combat_ref,prediction_best
J_ff_only__knn__05_combat__post0,2class,GPL1708_FF_Unknown,40,1,0.9873,,05_combat,prediction_best
J_ff_only__knn__05_combat__post0,2class,GPL17586_FF_Unknown,40,1,0.9873,,05_combat,prediction_best
J_ff_only__knn__05_combat__post0,2class,GPL570_FF_Unknown,744,2,0.9872,0.9992,05_combat,prediction_best
J_ff_only__knn__05_combat__post0,2class,GPL6244_FF_Unknown,119,1,0.8667,,05_combat,prediction_best
J_ff_only__knn__05_combat__post0,2class,GPL96+97_FF_Unknown,269,2,0.991,0.9999,05_combat,prediction_best
J_ff_only__knn__05_combat__post0,2class,GPL96_FF_Unknown,125,2,0.9587,0.9927,05_combat,prediction_best
J_ff_only__knn__05_combat__post0,2class,RNASeq_FF_PolyA,914,2,0.4891,0.4685,05_combat,prediction_best
J_ff_only__knn__05_combat__post0,2class,RNASeq_FF_Total,28,2,1.0,1.0,05_combat,prediction_best
J_ff_only__knn__05_combat__post0,2class,RNASeq_FF_rRNADepletion,14,1,0.9231,,05_combat,prediction_best
J_ff_only__knn__05_combat__post0,3class,GPL13158_FF_Unknown,40,1,1.0,,05_combat,prediction_best
J_ff_only__knn__05_combat__post0,3class,GPL16686_FF_Unknown,48,1,1.0,,05_combat,prediction_best
J_ff_only__knn__05_combat__post0,3class,GPL17077_FF_Unknown,33,1,1.0,,05_combat,prediction_best
J_ff_only__knn__05_combat__post0,3class,GPL1708_FF_Unknown,40,1,0.9873,,05_combat,prediction_best
J_ff_only__knn__05_combat__post0,3class,GPL17586_FF_Unknown,40,1,0.9873,,05_combat,prediction_best
J_ff_only__knn__05_combat__post0,3class,GPL20188_FF_Unknown,68,1,1.0,,05_combat,prediction_best
J_ff_only__knn__05_combat__post0,3class,GPL23541_FF_Unknown,35,1,1.0,,05_combat,prediction_best
J_ff_only__knn__05_combat__post0,3class,GPL570_FF_Unknown,994,3,0.9889,0.9997,05_combat,prediction_best
J_ff_only__knn__05_combat__post0,3class,GPL6244_FF_Unknown,131,2,0.6991,0.8242,05_combat,prediction_best
J_ff_only__knn__05_combat__post0,3class,GPL96+97_FF_Unknown,305,3,0.9591,0.9978,05_combat,prediction_best
J_ff_only__knn__05_combat__post0,3class,GPL96_FF_Unknown,133,3,0.9299,0.9953,05_combat,prediction_best
J_ff_only__knn__05_combat__post0,3class,RNASeq_FF_PolyA,1039,3,0.6013,0.8162,05_combat,prediction_best
J_ff_only__knn__05_combat__post0,3class,RNASeq_FF_Total,32,3,1.0,1.0,05_combat,prediction_best
J_ff_only__knn__05_combat__post0,3class,RNASeq_FF_Unknown,79,1,1.0,,05_combat,prediction_best
J_ff_only__knn__05_combat__post0,3class,RNASeq_FF_rRNADepletion,117,2,0.7748,0.9453,05_combat,prediction_best
J_ff_only__knn__05_combat__post1,2class,GPL17586_FF_Unknown,40,1,0.9873,,05_combat,prediction_best
J_ff_only__knn__05_combat__post1,2class,GPL570_FF_Unknown,744,2,0.9886,0.9994,05_combat,prediction_best
J_ff_only__knn__05_combat__post1,2class,GPL6244_FF_Unknown,119,1,0.8826,,05_combat,prediction_best
J_ff_only__knn__05_combat__post1,2class,GPL96+97_FF_Unknown,269,2,0.9866,0.9995,05_combat,prediction_best
J_ff_only__knn__05_combat__post1,2class,GPL96_FF_Unknown,125,2,0.9587,0.9919,05_combat,prediction_best
J_ff_only__knn__05_combat__post1,2class,RNASeq_FF_PolyA,914,2,0.4891,0.4584,05_combat,prediction_best
J_ff_only__knn__05_combat__post1,2class,RNASeq_FF_Total,28,2,1.0,1.0,05_combat,prediction_best
J_ff_only__knn__05_combat__post1,2class,RNASeq_FF_rRNADepletion,14,1,0.9231,,05_combat,prediction_best
J_ff_only__knn__05_combat__post1,3class,GPL13158_FF_Unknown,40,1,1.0,,05_combat,prediction_best
J_ff_only__knn__05_combat__post1,3class,GPL16686_FF_Unknown,48,1,1.0,,05_combat,prediction_best
J_ff_only__knn__05_combat__post1,3class,GPL17077_FF_Unknown,33,1,1.0,,05_combat,prediction_best
J_ff_only__knn__05_combat__post1,3class,GPL17586_FF_Unknown,40,1,0.9873,,05_combat,prediction_best
J_ff_only__knn__05_combat__post1,3class,GPL20188_FF_Unknown,68,1,1.0,,05_combat,prediction_best
J_ff_only__knn__05_combat__post1,3class,GPL23541_FF_Unknown,35,1,1.0,,05_combat,prediction_best
J_ff_only__knn__05_combat__post1,3class,GPL570_FF_Unknown,994,3,0.9899,0.9998,05_combat,prediction_best
J_ff_only__knn__05_combat__post1,3class,GPL6244_FF_Unknown,131,2,0.7025,0.8323,05_combat,prediction_best
J_ff_only__knn__05_combat__post1,3class,GPL96+97_FF_Unknown,305,3,0.9562,0.9974,05_combat,prediction_best
J_ff_only__knn__05_combat__post1,3class,GPL96_FF_Unknown,133,3,0.9299,0.9953,05_combat,prediction_best
J_ff_only__knn__05_combat__post1,3class,RNASeq_FF_PolyA,1039,3,0.6,0.8284,05_combat,prediction_best
J_ff_only__knn__05_combat__post1,3class,RNASeq_FF_Total,32,3,1.0,1.0,05_combat,prediction_best
J_ff_only__knn__05_combat__post1,3class,RNASeq_FF_Unknown,79,1,1.0,,05_combat,prediction_best
J_ff_only__knn__05_combat__post1,3class,RNASeq_FF_rRNADepletion,117,2,0.7748,0.9458,05_combat,prediction_best
J_ff_only__knn__29_combat_ref__post0,2class,GPL1708_FF_Unknown,40,1,1.0,,29_combat_ref,prediction_best
J_ff_only__knn__29_combat_ref__post0,2class,GPL17586_FF_Unknown,40,1,0.9873,,29_combat_ref,prediction_best
J_ff_only__knn__29_combat_ref__post0,2class,GPL570_FF_Unknown,744,2,0.9971,1.0,29_combat_ref,prediction_best
J_ff_only__knn__29_combat_ref__post0,2class,GPL6244_FF_Unknown,119,1,0.9741,,29_combat_ref,prediction_best
J_ff_only__knn__29_combat_ref__post0,2class,GPL96+97_FF_Unknown,269,2,1.0,1.0,29_combat_ref,prediction_best
J_ff_only__knn__29_combat_ref__post0,2class,GPL96_FF_Unknown,125,2,0.9918,0.9997,29_combat_ref,prediction_best
J_ff_only__knn__29_combat_ref__post0,2class,RNASeq_FF_PolyA,914,2,0.4956,0.5453,29_combat_ref,prediction_best
J_ff_only__knn__29_combat_ref__post0,2class,RNASeq_FF_Total,28,2,0.9184,1.0,29_combat_ref,prediction_best
J_ff_only__knn__29_combat_ref__post0,2class,RNASeq_FF_rRNADepletion,14,1,1.0,,29_combat_ref,prediction_best
J_ff_only__knn__29_combat_ref__post0,3class,GPL13158_FF_Unknown,40,1,1.0,,29_combat_ref,prediction_best
J_ff_only__knn__29_combat_ref__post0,3class,GPL16686_FF_Unknown,48,1,1.0,,29_combat_ref,prediction_best
J_ff_only__knn__29_combat_ref__post0,3class,GPL17077_FF_Unknown,33,1,1.0,,29_combat_ref,prediction_best
J_ff_only__knn__29_combat_ref__post0,3class,GPL1708_FF_Unknown,40,1,1.0,,29_combat_ref,prediction_best
J_ff_only__knn__29_combat_ref__post0,3class,GPL17586_FF_Unknown,40,1,0.9873,,29_combat_ref,prediction_best
J_ff_only__knn__29_combat_ref__post0,3class,GPL20188_FF_Unknown,68,1,1.0,,29_combat_ref,prediction_best
J_ff_only__knn__29_combat_ref__post0,3class,GPL23541_FF_Unknown,35,1,1.0,,29_combat_ref,prediction_best
J_ff_only__knn__29_combat_ref__post0,3class,GPL570_FF_Unknown,994,3,0.9975,1.0,29_combat_ref,prediction_best
J_ff_only__knn__29_combat_ref__post0,3class,GPL6244_FF_Unknown,131,2,0.7731,0.9531,29_combat_ref,prediction_best
J_ff_only__knn__29_combat_ref__post0,3class,GPL96+97_FF_Unknown,305,3,0.9009,0.9995,29_combat_ref,prediction_best
J_ff_only__knn__29_combat_ref__post0,3class,GPL96_FF_Unknown,133,3,0.9462,0.9884,29_combat_ref,prediction_best
J_ff_only__knn__29_combat_ref__post0,3class,RNASeq_FF_PolyA,1039,3,0.6375,0.9858,29_combat_ref,prediction_best
J_ff_only__knn__29_combat_ref__post0,3class,RNASeq_FF_Total,32,3,1.0,1.0,29_combat_ref,prediction_best
J_ff_only__knn__29_combat_ref__post0,3class,RNASeq_FF_Unknown,79,1,1.0,,29_combat_ref,prediction_best
J_ff_only__knn__29_combat_ref__post0,3class,RNASeq_FF_rRNADepletion,117,2,0.7374,0.957,29_combat_ref,prediction_best
J_ff_only__knn__29_combat_ref__post1,2class,GPL17586_FF_Unknown,40,1,0.9873,,29_combat_ref,prediction_best
J_ff_only__knn__29_combat_ref__post1,2class,GPL570_FF_Unknown,744,2,0.9971,1.0,29_combat_ref,prediction_best
J_ff_only__knn__29_combat_ref__post1,2class,GPL6244_FF_Unknown,119,1,0.9741,,29_combat_ref,prediction_best
J_ff_only__knn__29_combat_ref__post1,2class,GPL96+97_FF_Unknown,269,2,1.0,1.0,29_combat_ref,prediction_best
J_ff_only__knn__29_combat_ref__post1,2class,GPL96_FF_Unknown,125,2,0.9918,0.9997,29_combat_ref,prediction_best
J_ff_only__knn__29_combat_ref__post1,2class,RNASeq_FF_PolyA,914,2,0.4956,0.5583,29_combat_ref,prediction_best
J_ff_only__knn__29_combat_ref__post1,2class,RNASeq_FF_Total,28,2,0.9184,1.0,29_combat_ref,prediction_best
J_ff_only__knn__29_combat_ref__post1,2class,RNASeq_FF_rRNADepletion,14,1,1.0,,29_combat_ref,prediction_best
J_ff_only__knn__29_combat_ref__post1,3class,GPL13158_FF_Unknown,40,1,1.0,,29_combat_ref,prediction_best
J_ff_only__knn__29_combat_ref__post1,3class,GPL16686_FF_Unknown,48,1,1.0,,29_combat_ref,prediction_best
J_ff_only__knn__29_combat_ref__post1,3class,GPL17077_FF_Unknown,33,1,1.0,,29_combat_ref,prediction_best
J_ff_only__knn__29_combat_ref__post1,3class,GPL17586_FF_Unknown,40,1,0.9873,,29_combat_ref,prediction_best
J_ff_only__knn__29_combat_ref__post1,3class,GPL20188_FF_Unknown,68,1,1.0,,29_combat_ref,prediction_best
J_ff_only__knn__29_combat_ref__post1,3class,GPL23541_FF_Unknown,35,1,1.0,,29_combat_ref,prediction_best
J_ff_only__knn__29_combat_ref__post1,3class,GPL570_FF_Unknown,994,3,0.9975,1.0,29_combat_ref,prediction_best
J_ff_only__knn__29_combat_ref__post1,3class,GPL6244_FF_Unknown,131,2,0.8253,0.9545,29_combat_ref,prediction_best
J_ff_only__knn__29_combat_ref__post1,3class,GPL96+97_FF_Unknown,305,3,0.9095,0.9996,29_combat_ref,prediction_best
J_ff_only__knn__29_combat_ref__post1,3class,GPL96_FF_Unknown,133,3,0.9462,0.9873,29_combat_ref,prediction_best
J_ff_only__knn__29_combat_ref__post1,3class,RNASeq_FF_PolyA,1039,3,0.6358,0.9863,29_combat_ref,prediction_best
J_ff_only__knn__29_combat_ref__post1,3class,RNASeq_FF_Total,32,3,1.0,1.0,29_combat_ref,prediction_best
J_ff_only__knn__29_combat_ref__post1,3class,RNASeq_FF_Unknown,79,1,1.0,,29_combat_ref,prediction_best
J_ff_only__knn__29_combat_ref__post1,3class,RNASeq_FF_rRNADepletion,117,2,0.7374,0.9575,29_combat_ref,prediction_best
J_ff_only__softimpute__29_combat_ref__post0,2class,GPL1708_FF_Unknown,40,1,1.0,,29_combat_ref,prediction_best
J_ff_only__softimpute__29_combat_ref__post0,2class,GPL17586_FF_Unknown,40,1,0.9873,,29_combat_ref,prediction_best
J_ff_only__softimpute__29_combat_ref__post0,2class,GPL570_FF_Unknown,744,2,0.9971,1.0,29_combat_ref,prediction_best
J_ff_only__softimpute__29_combat_ref__post0,2class,GPL6244_FF_Unknown,119,1,0.9785,,29_combat_ref,prediction_best
J_ff_only__softimpute__29_combat_ref__post0,2class,GPL96+97_FF_Unknown,269,2,1.0,1.0,29_combat_ref,prediction_best
J_ff_only__softimpute__29_combat_ref__post0,2class,GPL96_FF_Unknown,125,2,0.9918,1.0,29_combat_ref,prediction_best
J_ff_only__softimpute__29_combat_ref__post0,2class,RNASeq_FF_PolyA,914,2,0.4956,0.5583,29_combat_ref,prediction_best
J_ff_only__softimpute__29_combat_ref__post0,2class,RNASeq_FF_Total,28,2,0.9184,1.0,29_combat_ref,prediction_best
J_ff_only__softimpute__29_combat_ref__post0,2class,RNASeq_FF_rRNADepletion,14,1,1.0,,29_combat_ref,prediction_best
J_ff_only__softimpute__29_combat_ref__post0,3class,GPL13158_FF_Unknown,40,1,1.0,,29_combat_ref,prediction_best
J_ff_only__softimpute__29_combat_ref__post0,3class,GPL16686_FF_Unknown,48,1,1.0,,29_combat_ref,prediction_best
J_ff_only__softimpute__29_combat_ref__post0,3class,GPL17077_FF_Unknown,33,1,1.0,,29_combat_ref,prediction_best
J_ff_only__softimpute__29_combat_ref__post0,3class,GPL1708_FF_Unknown,40,1,1.0,,29_combat_ref,prediction_best
J_ff_only__softimpute__29_combat_ref__post0,3class,GPL17586_FF_Unknown,40,1,0.9873,,29_combat_ref,prediction_best
J_ff_only__softimpute__29_combat_ref__post0,3class,GPL20188_FF_Unknown,68,1,1.0,,29_combat_ref,prediction_best
J_ff_only__softimpute__29_combat_ref__post0,3class,GPL23541_FF_Unknown,35,1,1.0,,29_combat_ref,prediction_best
J_ff_only__softimpute__29_combat_ref__post0,3class,GPL570_FF_Unknown,994,3,0.9975,1.0,29_combat_ref,prediction_best
J_ff_only__softimpute__29_combat_ref__post0,3class,GPL6244_FF_Unknown,131,2,0.8116,0.9552,29_combat_ref,prediction_best
J_ff_only__softimpute__29_combat_ref__post0,3class,GPL96+97_FF_Unknown,305,3,0.9095,0.9995,29_combat_ref,prediction_best
J_ff_only__softimpute__29_combat_ref__post0,3class,GPL96_FF_Unknown,133,3,0.9462,0.9892,29_combat_ref,prediction_best
J_ff_only__softimpute__29_combat_ref__post0,3class,RNASeq_FF_PolyA,1039,3,0.6389,0.986,29_combat_ref,prediction_best
J_ff_only__softimpute__29_combat_ref__post0,3class,RNASeq_FF_Total,32,3,1.0,1.0,29_combat_ref,prediction_best
J_ff_only__softimpute__29_combat_ref__post0,3class,RNASeq_FF_Unknown,79,1,1.0,,29_combat_ref,prediction_best
J_ff_only__softimpute__29_combat_ref__post0,3class,RNASeq_FF_rRNADepletion,117,2,0.7374,0.9584,29_combat_ref,prediction_best
J_ff_only__softimpute__29_combat_ref__post1,2class,GPL17586_FF_Unknown,40,1,0.9873,,29_combat_ref,prediction_best
J_ff_only__softimpute__29_combat_ref__post1,2class,GPL570_FF_Unknown,744,2,0.9971,1.0,29_combat_ref,prediction_best
J_ff_only__softimpute__29_combat_ref__post1,2class,GPL6244_FF_Unknown,119,1,0.9785,,29_combat_ref,prediction_best
J_ff_only__softimpute__29_combat_ref__post1,2class,GPL96+97_FF_Unknown,269,2,1.0,1.0,29_combat_ref,prediction_best
J_ff_only__softimpute__29_combat_ref__post1,2class,GPL96_FF_Unknown,125,2,0.9918,1.0,29_combat_ref,prediction_best
J_ff_only__softimpute__29_combat_ref__post1,2class,RNASeq_FF_PolyA,914,2,0.4956,0.5503,29_combat_ref,prediction_best
J_ff_only__softimpute__29_combat_ref__post1,2class,RNASeq_FF_Total,28,2,0.9184,1.0,29_combat_ref,prediction_best
J_ff_only__softimpute__29_combat_ref__post1,2class,RNASeq_FF_rRNADepletion,14,1,1.0,,29_combat_ref,prediction_best
J_ff_only__softimpute__29_combat_ref__post1,3class,GPL13158_FF_Unknown,40,1,1.0,,29_combat_ref,prediction_best
J_ff_only__softimpute__29_combat_ref__post1,3class,GPL16686_FF_Unknown,48,1,1.0,,29_combat_ref,prediction_best
J_ff_only__softimpute__29_combat_ref__post1,3class,GPL17077_FF_Unknown,33,1,1.0,,29_combat_ref,prediction_best
J_ff_only__softimpute__29_combat_ref__post1,3class,GPL17586_FF_Unknown,40,1,0.9873,,29_combat_ref,prediction_best
J_ff_only__softimpute__29_combat_ref__post1,3class,GPL20188_FF_Unknown,68,1,1.0,,29_combat_ref,prediction_best
J_ff_only__softimpute__29_combat_ref__post1,3class,GPL23541_FF_Unknown,35,1,1.0,,29_combat_ref,prediction_best
J_ff_only__softimpute__29_combat_ref__post1,3class,GPL570_FF_Unknown,994,3,0.9975,1.0,29_combat_ref,prediction_best
J_ff_only__softimpute__29_combat_ref__post1,3class,GPL6244_FF_Unknown,131,2,0.8116,0.9562,29_combat_ref,prediction_best
J_ff_only__softimpute__29_combat_ref__post1,3class,GPL96+97_FF_Unknown,305,3,0.9095,0.9997,29_combat_ref,prediction_best
J_ff_only__softimpute__29_combat_ref__post1,3class,GPL96_FF_Unknown,133,3,0.9462,0.989,29_combat_ref,prediction_best
J_ff_only__softimpute__29_combat_ref__post1,3class,RNASeq_FF_PolyA,1039,3,0.6373,0.9861,29_combat_ref,prediction_best
J_ff_only__softimpute__29_combat_ref__post1,3class,RNASeq_FF_Total,32,3,1.0,1.0,29_combat_ref,prediction_best
J_ff_only__softimpute__29_combat_ref__post1,3class,RNASeq_FF_Unknown,79,1,1.0,,29_combat_ref,prediction_best
J_ff_only__softimpute__29_combat_ref__post1,3class,RNASeq_FF_rRNADepletion,117,2,0.7374,0.9575,29_combat_ref,prediction_best
J_ff_only__strict__05_combat__post0,2class,GPL1708_FF_Unknown,40,1,0.9873,,05_combat,prediction_best
J_ff_only__strict__05_combat__post0,2class,GPL17586_FF_Unknown,40,1,0.9873,,05_combat,prediction_best
J_ff_only__strict__05_combat__post0,2class,GPL570_FF_Unknown,744,2,0.9872,0.9991,05_combat,prediction_best
J_ff_only__strict__05_combat__post0,2class,GPL6244_FF_Unknown,119,1,0.8826,,05_combat,prediction_best
J_ff_only__strict__05_combat__post0,2class,GPL96+97_FF_Unknown,269,2,0.991,0.9999,05_combat,prediction_best
J_ff_only__strict__05_combat__post0,2class,GPL96_FF_Unknown,125,2,0.9587,0.9916,05_combat,prediction_best
J_ff_only__strict__05_combat__post0,2class,RNASeq_FF_PolyA,914,2,0.4894,0.4709,05_combat,prediction_best
J_ff_only__strict__05_combat__post0,2class,RNASeq_FF_Total,28,2,1.0,1.0,05_combat,prediction_best
J_ff_only__strict__05_combat__post0,2class,RNASeq_FF_rRNADepletion,14,1,0.9231,,05_combat,prediction_best
J_ff_only__strict__05_combat__post0,3class,GPL13158_FF_Unknown,40,1,1.0,,05_combat,prediction_best
J_ff_only__strict__05_combat__post0,3class,GPL16686_FF_Unknown,48,1,1.0,,05_combat,prediction_best
J_ff_only__strict__05_combat__post0,3class,GPL17077_FF_Unknown,33,1,1.0,,05_combat,prediction_best
J_ff_only__strict__05_combat__post0,3class,GPL1708_FF_Unknown,40,1,0.9873,,05_combat,prediction_best
J_ff_only__strict__05_combat__post0,3class,GPL17586_FF_Unknown,40,1,0.9873,,05_combat,prediction_best
J_ff_only__strict__05_combat__post0,3class,GPL20188_FF_Unknown,68,1,1.0,,05_combat,prediction_best
J_ff_only__strict__05_combat__post0,3class,GPL23541_FF_Unknown,35,1,1.0,,05_combat,prediction_best
J_ff_only__strict__05_combat__post0,3class,GPL570_FF_Unknown,994,3,0.9889,0.9997,05_combat,prediction_best
J_ff_only__strict__05_combat__post0,3class,GPL6244_FF_Unknown,131,2,0.6991,0.8375,05_combat,prediction_best
J_ff_only__strict__05_combat__post0,3class,GPL96+97_FF_Unknown,305,3,0.9562,0.9978,05_combat,prediction_best
J_ff_only__strict__05_combat__post0,3class,GPL96_FF_Unknown,133,3,0.9299,0.9947,05_combat,prediction_best
J_ff_only__strict__05_combat__post0,3class,RNASeq_FF_PolyA,1039,3,0.5963,0.797,05_combat,prediction_best
J_ff_only__strict__05_combat__post0,3class,RNASeq_FF_Total,32,3,1.0,1.0,05_combat,prediction_best
J_ff_only__strict__05_combat__post0,3class,RNASeq_FF_Unknown,79,1,0.9936,,05_combat,prediction_best
J_ff_only__strict__05_combat__post0,3class,RNASeq_FF_rRNADepletion,117,2,0.7775,0.9495,05_combat,prediction_best
J_ff_only__strict__05_combat__post1,2class,GPL17586_FF_Unknown,40,1,0.9873,,05_combat,prediction_best
J_ff_only__strict__05_combat__post1,2class,GPL570_FF_Unknown,744,2,0.9886,0.9993,05_combat,prediction_best
J_ff_only__strict__05_combat__post1,2class,GPL6244_FF_Unknown,119,1,0.8981,,05_combat,prediction_best
J_ff_only__strict__05_combat__post1,2class,GPL96+97_FF_Unknown,269,2,0.9866,0.9996,05_combat,prediction_best
J_ff_only__strict__05_combat__post1,2class,GPL96_FF_Unknown,125,2,0.9587,0.9906,05_combat,prediction_best
J_ff_only__strict__05_combat__post1,2class,RNASeq_FF_PolyA,914,2,0.4894,0.4775,05_combat,prediction_best
J_ff_only__strict__05_combat__post1,2class,RNASeq_FF_Total,28,2,1.0,1.0,05_combat,prediction_best
J_ff_only__strict__05_combat__post1,2class,RNASeq_FF_rRNADepletion,14,1,0.9231,,05_combat,prediction_best
J_ff_only__strict__05_combat__post1,3class,GPL13158_FF_Unknown,40,1,1.0,,05_combat,prediction_best
J_ff_only__strict__05_combat__post1,3class,GPL16686_FF_Unknown,48,1,1.0,,05_combat,prediction_best
J_ff_only__strict__05_combat__post1,3class,GPL17077_FF_Unknown,33,1,1.0,,05_combat,prediction_best
J_ff_only__strict__05_combat__post1,3class,GPL17586_FF_Unknown,40,1,0.9873,,05_combat,prediction_best
J_ff_only__strict__05_combat__post1,3class,GPL20188_FF_Unknown,68,1,1.0,,05_combat,prediction_best
J_ff_only__strict__05_combat__post1,3class,GPL23541_FF_Unknown,35,1,1.0,,05_combat,prediction_best
J_ff_only__strict__05_combat__post1,3class,GPL570_FF_Unknown,994,3,0.9899,0.9998,05_combat,prediction_best
J_ff_only__strict__05_combat__post1,3class,GPL6244_FF_Unknown,131,2,0.7093,0.8508,05_combat,prediction_best
J_ff_only__strict__05_combat__post1,3class,GPL96+97_FF_Unknown,305,3,0.9562,0.9974,05_combat,prediction_best
J_ff_only__strict__05_combat__post1,3class,GPL96_FF_Unknown,133,3,0.9246,0.9947,05_combat,prediction_best
J_ff_only__strict__05_combat__post1,3class,RNASeq_FF_PolyA,1039,3,0.5963,0.8057,05_combat,prediction_best
J_ff_only__strict__05_combat__post1,3class,RNASeq_FF_Total,32,3,1.0,1.0,05_combat,prediction_best
J_ff_only__strict__05_combat__post1,3class,RNASeq_FF_Unknown,79,1,0.9936,,05_combat,prediction_best
J_ff_only__strict__05_combat__post1,3class,RNASeq_FF_rRNADepletion,117,2,0.7775,0.9477,05_combat,prediction_best
J_ff_only__strict__29_combat_ref__post0,2class,GPL1708_FF_Unknown,40,1,1.0,,29_combat_ref,prediction_best
J_ff_only__strict__29_combat_ref__post0,2class,GPL17586_FF_Unknown,40,1,1.0,,29_combat_ref,prediction_best
J_ff_only__strict__29_combat_ref__post0,2class,GPL570_FF_Unknown,744,2,0.9971,1.0,29_combat_ref,prediction_best
J_ff_only__strict__29_combat_ref__post0,2class,GPL6244_FF_Unknown,119,1,1.0,,29_combat_ref,prediction_best
J_ff_only__strict__29_combat_ref__post0,2class,GPL96+97_FF_Unknown,269,2,1.0,1.0,29_combat_ref,prediction_best
J_ff_only__strict__29_combat_ref__post0,2class,GPL96_FF_Unknown,125,2,0.9918,0.9997,29_combat_ref,prediction_best
J_ff_only__strict__29_combat_ref__post0,2class,RNASeq_FF_PolyA,914,2,0.4956,0.5339,29_combat_ref,prediction_best
J_ff_only__strict__29_combat_ref__post0,2class,RNASeq_FF_Total,28,2,0.9184,1.0,29_combat_ref,prediction_best
J_ff_only__strict__29_combat_ref__post0,2class,RNASeq_FF_rRNADepletion,14,1,1.0,,29_combat_ref,prediction_best
J_ff_only__strict__29_combat_ref__post0,3class,GPL13158_FF_Unknown,40,1,1.0,,29_combat_ref,prediction_best
J_ff_only__strict__29_combat_ref__post0,3class,GPL16686_FF_Unknown,48,1,1.0,,29_combat_ref,prediction_best
J_ff_only__strict__29_combat_ref__post0,3class,GPL17077_FF_Unknown,33,1,1.0,,29_combat_ref,prediction_best
J_ff_only__strict__29_combat_ref__post0,3class,GPL1708_FF_Unknown,40,1,1.0,,29_combat_ref,prediction_best
J_ff_only__strict__29_combat_ref__post0,3class,GPL17586_FF_Unknown,40,1,0.9873,,29_combat_ref,prediction_best
J_ff_only__strict__29_combat_ref__post0,3class,GPL20188_FF_Unknown,68,1,1.0,,29_combat_ref,prediction_best
J_ff_only__strict__29_combat_ref__post0,3class,GPL23541_FF_Unknown,35,1,1.0,,29_combat_ref,prediction_best
J_ff_only__strict__29_combat_ref__post0,3class,GPL570_FF_Unknown,994,3,0.9975,1.0,29_combat_ref,prediction_best
J_ff_only__strict__29_combat_ref__post0,3class,GPL6244_FF_Unknown,131,2,0.7972,0.9534,29_combat_ref,prediction_best
J_ff_only__strict__29_combat_ref__post0,3class,GPL96+97_FF_Unknown,305,3,0.8921,0.9985,29_combat_ref,prediction_best
J_ff_only__strict__29_combat_ref__post0,3class,GPL96_FF_Unknown,133,3,0.9462,0.9929,29_combat_ref,prediction_best
J_ff_only__strict__29_combat_ref__post0,3class,RNASeq_FF_PolyA,1039,3,0.6373,0.9853,29_combat_ref,prediction_best
J_ff_only__strict__29_combat_ref__post0,3class,RNASeq_FF_Total,32,3,1.0,1.0,29_combat_ref,prediction_best
J_ff_only__strict__29_combat_ref__post0,3class,RNASeq_FF_Unknown,79,1,1.0,,29_combat_ref,prediction_best
J_ff_only__strict__29_combat_ref__post0,3class,RNASeq_FF_rRNADepletion,117,2,0.7591,0.9537,29_combat_ref,prediction_best
J_ff_only__strict__29_combat_ref__post1,2class,GPL17586_FF_Unknown,40,1,1.0,,29_combat_ref,prediction_best
J_ff_only__strict__29_combat_ref__post1,2class,GPL570_FF_Unknown,744,2,0.9986,1.0,29_combat_ref,prediction_best
J_ff_only__strict__29_combat_ref__post1,2class,GPL6244_FF_Unknown,119,1,1.0,,29_combat_ref,prediction_best
J_ff_only__strict__29_combat_ref__post1,2class,GPL96+97_FF_Unknown,269,2,1.0,1.0,29_combat_ref,prediction_best
J_ff_only__strict__29_combat_ref__post1,2class,GPL96_FF_Unknown,125,2,0.9918,0.9997,29_combat_ref,prediction_best
J_ff_only__strict__29_combat_ref__post1,2class,RNASeq_FF_PolyA,914,2,0.4956,0.5583,29_combat_ref,prediction_best
J_ff_only__strict__29_combat_ref__post1,2class,RNASeq_FF_Total,28,2,0.9184,1.0,29_combat_ref,prediction_best
J_ff_only__strict__29_combat_ref__post1,2class,RNASeq_FF_rRNADepletion,14,1,1.0,,29_combat_ref,prediction_best
J_ff_only__strict__29_combat_ref__post1,3class,GPL13158_FF_Unknown,40,1,1.0,,29_combat_ref,prediction_best
J_ff_only__strict__29_combat_ref__post1,3class,GPL16686_FF_Unknown,48,1,1.0,,29_combat_ref,prediction_best
J_ff_only__strict__29_combat_ref__post1,3class,GPL17077_FF_Unknown,33,1,1.0,,29_combat_ref,prediction_best
J_ff_only__strict__29_combat_ref__post1,3class,GPL17586_FF_Unknown,40,1,0.9873,,29_combat_ref,prediction_best
J_ff_only__strict__29_combat_ref__post1,3class,GPL20188_FF_Unknown,68,1,1.0,,29_combat_ref,prediction_best
J_ff_only__strict__29_combat_ref__post1,3class,GPL23541_FF_Unknown,35,1,1.0,,29_combat_ref,prediction_best
J_ff_only__strict__29_combat_ref__post1,3class,GPL570_FF_Unknown,994,3,0.9975,1.0,29_combat_ref,prediction_best
J_ff_only__strict__29_combat_ref__post1,3class,GPL6244_FF_Unknown,131,2,0.7993,0.9552,29_combat_ref,prediction_best
J_ff_only__strict__29_combat_ref__post1,3class,GPL96+97_FF_Unknown,305,3,0.8921,0.9987,29_combat_ref,prediction_best
J_ff_only__strict__29_combat_ref__post1,3class,GPL96_FF_Unknown,133,3,0.9462,0.9929,29_combat_ref,prediction_best
J_ff_only__strict__29_combat_ref__post1,3class,RNASeq_FF_PolyA,1039,3,0.6373,0.9852,29_combat_ref,prediction_best
J_ff_only__strict__29_combat_ref__post1,3class,RNASeq_FF_Total,32,3,1.0,1.0,29_combat_ref,prediction_best
J_ff_only__strict__29_combat_ref__post1,3class,RNASeq_FF_Unknown,79,1,1.0,,29_combat_ref,prediction_best
J_ff_only__strict__29_combat_ref__post1,3class,RNASeq_FF_rRNADepletion,117,2,0.7591,0.9551,29_combat_ref,prediction_best
S0_no_removal__knn__29_combat_ref__post0,2class,GPL13938_FFPE_Unknown,167,1,0.997,,29_combat_ref,prediction_best
S0_no_removal__knn__29_combat_ref__post0,2class,GPL14951_FFPE_Unknown,810,1,1.0,,29_combat_ref,prediction_best
S0_no_removal__knn__29_combat_ref__post0,2class,GPL1708_FF_Unknown,40,1,0.9873,,29_combat_ref,prediction_best
S0_no_removal__knn__29_combat_ref__post0,2class,GPL17586_FF_Unknown,40,1,0.9873,,29_combat_ref,prediction_best
S0_no_removal__knn__29_combat_ref__post0,2class,GPL570_FFPE_Unknown,800,1,0.9994,,29_combat_ref,prediction_best
S0_no_removal__knn__29_combat_ref__post0,2class,GPL570_FF_Unknown,744,2,0.9943,1.0,29_combat_ref,prediction_best
S0_no_removal__knn__29_combat_ref__post0,2class,GPL570_Unknown_Unknown,908,2,1.0,1.0,29_combat_ref,prediction_best
S0_no_removal__knn__29_combat_ref__post0,2class,GPL6244_FF_Unknown,119,1,1.0,,29_combat_ref,prediction_best
S0_no_removal__knn__29_combat_ref__post0,2class,GPL8432_FFPE_Unknown,130,1,1.0,,29_combat_ref,prediction_best
S0_no_removal__knn__29_combat_ref__post0,2class,GPL887_FFPE_Unknown,24,1,1.0,,29_combat_ref,prediction_best
S0_no_removal__knn__29_combat_ref__post0,2class,GPL96+97_FF_Unknown,269,2,0.9821,0.9995,29_combat_ref,prediction_best
S0_no_removal__knn__29_combat_ref__post0,2class,GPL96_FFPE_Unknown,84,2,0.4615,0.8322,29_combat_ref,prediction_best
S0_no_removal__knn__29_combat_ref__post0,2class,GPL96_FF_Unknown,125,2,0.9918,0.9995,29_combat_ref,prediction_best
S0_no_removal__knn__29_combat_ref__post0,2class,RNASeq_FFPE_Exome_capture,891,2,0.9938,1.0,29_combat_ref,prediction_best
S0_no_removal__knn__29_combat_ref__post0,2class,RNASeq_FFPE_PolyA,35,2,0.8583,0.9598,29_combat_ref,prediction_best
S0_no_removal__knn__29_combat_ref__post0,2class,RNASeq_FF_PolyA,914,2,0.495,0.9325,29_combat_ref,prediction_best
S0_no_removal__knn__29_combat_ref__post0,2class,RNASeq_FF_Total,28,2,1.0,1.0,29_combat_ref,prediction_best
S0_no_removal__knn__29_combat_ref__post0,2class,RNASeq_FF_rRNADepletion,14,1,0.8333,,29_combat_ref,prediction_best
S0_no_removal__knn__29_combat_ref__post0,3class,GPL13158_FF_Unknown,40,1,1.0,,29_combat_ref,prediction_best
S0_no_removal__knn__29_combat_ref__post0,3class,GPL13938_FFPE_Unknown,167,1,1.0,,29_combat_ref,prediction_best
S0_no_removal__knn__29_combat_ref__post0,3class,GPL14951_FFPE_Unknown,810,1,0.9925,,29_combat_ref,prediction_best
S0_no_removal__knn__29_combat_ref__post0,3class,GPL16686_FF_Unknown,48,1,1.0,,29_combat_ref,prediction_best
S0_no_removal__knn__29_combat_ref__post0,3class,GPL17077_FF_Unknown,33,1,1.0,,29_combat_ref,prediction_best
S0_no_removal__knn__29_combat_ref__post0,3class,GPL1708_FF_Unknown,40,1,1.0,,29_combat_ref,prediction_best
S0_no_removal__knn__29_combat_ref__post0,3class,GPL17586_FF_Unknown,40,1,0.9873,,29_combat_ref,prediction_best
S0_no_removal__knn__29_combat_ref__post0,3class,GPL20188_FF_Unknown,68,1,1.0,,29_combat_ref,prediction_best
S0_no_removal__knn__29_combat_ref__post0,3class,GPL23541_FF_Unknown,35,1,1.0,,29_combat_ref,prediction_best
S0_no_removal__knn__29_combat_ref__post0,3class,GPL570_FFPE_Unknown,800,1,0.9994,,29_combat_ref,prediction_best
S0_no_removal__knn__29_combat_ref__post0,3class,GPL570_FF_Unknown,994,3,0.9774,0.9995,29_combat_ref,prediction_best
S0_no_removal__knn__29_combat_ref__post0,3class,GPL570_Unknown_Unknown,908,2,1.0,1.0,29_combat_ref,prediction_best
S0_no_removal__knn__29_combat_ref__post0,3class,GPL6244_FF_Unknown,131,2,0.476,0.7062,29_combat_ref,prediction_best
S0_no_removal__knn__29_combat_ref__post0,3class,GPL8432_FFPE_Unknown,130,1,1.0,,29_combat_ref,prediction_best
S0_no_removal__knn__29_combat_ref__post0,3class,GPL887_FFPE_Unknown,24,1,1.0,,29_combat_ref,prediction_best
S0_no_removal__knn__29_combat_ref__post0,3class,GPL96+97_FF_Unknown,305,3,0.9716,0.999,29_combat_ref,prediction_best
S0_no_removal__knn__29_combat_ref__post0,3class,GPL96_FFPE_Unknown,84,2,0.4615,0.8461,29_combat_ref,prediction_best
S0_no_removal__knn__29_combat_ref__post0,3class,GPL96_FF_Unknown,133,3,0.9946,0.9994,29_combat_ref,prediction_best
S0_no_removal__knn__29_combat_ref__post0,3class,RNASeq_FFPE_Exome_capture,891,2,0.9975,1.0,29_combat_ref,prediction_best
S0_no_removal__knn__29_combat_ref__post0,3class,RNASeq_FFPE_PolyA,35,2,0.7989,0.9655,29_combat_ref,prediction_best
S0_no_removal__knn__29_combat_ref__post0,3class,RNASeq_FF_PolyA,1039,3,0.6409,0.9791,29_combat_ref,prediction_best
S0_no_removal__knn__29_combat_ref__post0,3class,RNASeq_FF_Total,32,3,0.9562,1.0,29_combat_ref,prediction_best
S0_no_removal__knn__29_combat_ref__post0,3class,RNASeq_FF_Unknown,79,1,1.0,,29_combat_ref,prediction_best
S0_no_removal__knn__29_combat_ref__post0,3class,RNASeq_FF_rRNADepletion,117,2,0.7983,0.9757,29_combat_ref,prediction_best
S0_no_removal__knn__29_combat_ref__post1,2class,GPL14951_FFPE_Unknown,810,1,1.0,,29_combat_ref,prediction_best
S0_no_removal__knn__29_combat_ref__post1,2class,GPL1708_FF_Unknown,40,1,0.9873,,29_combat_ref,prediction_best
S0_no_removal__knn__29_combat_ref__post1,2class,GPL17586_FF_Unknown,40,1,0.9873,,29_combat_ref,prediction_best
S0_no_removal__knn__29_combat_ref__post1,2class,GPL570_FFPE_Unknown,800,1,0.9994,,29_combat_ref,prediction_best
S0_no_removal__knn__29_combat_ref__post1,2class,GPL570_FF_Unknown,744,2,0.9943,1.0,29_combat_ref,prediction_best
S0_no_removal__knn__29_combat_ref__post1,2class,GPL570_Unknown_Unknown,908,2,1.0,1.0,29_combat_ref,prediction_best
S0_no_removal__knn__29_combat_ref__post1,2class,GPL6244_FF_Unknown,119,1,1.0,,29_combat_ref,prediction_best
S0_no_removal__knn__29_combat_ref__post1,2class,GPL8432_FFPE_Unknown,130,1,1.0,,29_combat_ref,prediction_best
S0_no_removal__knn__29_combat_ref__post1,2class,GPL887_FFPE_Unknown,24,1,1.0,,29_combat_ref,prediction_best
S0_no_removal__knn__29_combat_ref__post1,2class,GPL96+97_FF_Unknown,269,2,0.9775,0.9987,29_combat_ref,prediction_best
S0_no_removal__knn__29_combat_ref__post1,2class,GPL96_FFPE_Unknown,84,2,0.4615,0.8368,29_combat_ref,prediction_best
S0_no_removal__knn__29_combat_ref__post1,2class,GPL96_FF_Unknown,125,2,0.9918,0.9995,29_combat_ref,prediction_best
S0_no_removal__knn__29_combat_ref__post1,2class,RNASeq_FFPE_Exome_capture,891,2,0.995,1.0,29_combat_ref,prediction_best
S0_no_removal__knn__29_combat_ref__post1,2class,RNASeq_FFPE_PolyA,35,2,0.8583,0.9598,29_combat_ref,prediction_best
S0_no_removal__knn__29_combat_ref__post1,2class,RNASeq_FF_PolyA,914,2,0.4953,0.9759,29_combat_ref,prediction_best
S0_no_removal__knn__29_combat_ref__post1,2class,RNASeq_FF_Total,28,2,1.0,1.0,29_combat_ref,prediction_best
S0_no_removal__knn__29_combat_ref__post1,2class,RNASeq_FF_rRNADepletion,14,1,0.8333,,29_combat_ref,prediction_best
S0_no_removal__knn__29_combat_ref__post1,3class,GPL13158_FF_Unknown,40,1,1.0,,29_combat_ref,prediction_best
S0_no_removal__knn__29_combat_ref__post1,3class,GPL14951_FFPE_Unknown,810,1,0.995,,29_combat_ref,prediction_best
S0_no_removal__knn__29_combat_ref__post1,3class,GPL16686_FF_Unknown,48,1,1.0,,29_combat_ref,prediction_best
S0_no_removal__knn__29_combat_ref__post1,3class,GPL17077_FF_Unknown,33,1,1.0,,29_combat_ref,prediction_best
S0_no_removal__knn__29_combat_ref__post1,3class,GPL1708_FF_Unknown,40,1,1.0,,29_combat_ref,prediction_best
S0_no_removal__knn__29_combat_ref__post1,3class,GPL17586_FF_Unknown,40,1,0.9873,,29_combat_ref,prediction_best
S0_no_removal__knn__29_combat_ref__post1,3class,GPL20188_FF_Unknown,68,1,1.0,,29_combat_ref,prediction_best
S0_no_removal__knn__29_combat_ref__post1,3class,GPL23541_FF_Unknown,35,1,1.0,,29_combat_ref,prediction_best
S0_no_removal__knn__29_combat_ref__post1,3class,GPL570_FFPE_Unknown,800,1,0.9994,,29_combat_ref,prediction_best
S0_no_removal__knn__29_combat_ref__post1,3class,GPL570_FF_Unknown,994,3,0.9724,0.9993,29_combat_ref,prediction_best
S0_no_removal__knn__29_combat_ref__post1,3class,GPL570_Unknown_Unknown,908,2,1.0,1.0,29_combat_ref,prediction_best
S0_no_removal__knn__29_combat_ref__post1,3class,GPL6244_FF_Unknown,131,2,0.476,0.7286,29_combat_ref,prediction_best
S0_no_removal__knn__29_combat_ref__post1,3class,GPL8432_FFPE_Unknown,130,1,1.0,,29_combat_ref,prediction_best
S0_no_removal__knn__29_combat_ref__post1,3class,GPL887_FFPE_Unknown,24,1,1.0,,29_combat_ref,prediction_best
S0_no_removal__knn__29_combat_ref__post1,3class,GPL96+97_FF_Unknown,305,3,0.9752,0.9981,29_combat_ref,prediction_best
S0_no_removal__knn__29_combat_ref__post1,3class,GPL96_FFPE_Unknown,84,2,0.4615,0.8588,29_combat_ref,prediction_best
S0_no_removal__knn__29_combat_ref__post1,3class,GPL96_FF_Unknown,133,3,0.9946,0.9995,29_combat_ref,prediction_best
S0_no_removal__knn__29_combat_ref__post1,3class,RNASeq_FFPE_Exome_capture,891,2,0.9983,1.0,29_combat_ref,prediction_best
S0_no_removal__knn__29_combat_ref__post1,3class,RNASeq_FFPE_PolyA,35,2,0.7989,0.9598,29_combat_ref,prediction_best
S0_no_removal__knn__29_combat_ref__post1,3class,RNASeq_FF_PolyA,1039,3,0.6371,0.9885,29_combat_ref,prediction_best
S0_no_removal__knn__29_combat_ref__post1,3class,RNASeq_FF_Total,32,3,0.9562,1.0,29_combat_ref,prediction_best
S0_no_removal__knn__29_combat_ref__post1,3class,RNASeq_FF_Unknown,79,1,1.0,,29_combat_ref,prediction_best
S0_no_removal__knn__29_combat_ref__post1,3class,RNASeq_FF_rRNADepletion,117,2,0.7983,0.979,29_combat_ref,prediction_best
S0_no_removal__softimpute__29_combat_ref__post0,2class,GPL13938_FFPE_Unknown,167,1,0.997,,29_combat_ref,prediction_best
S0_no_removal__softimpute__29_combat_ref__post0,2class,GPL14951_FFPE_Unknown,810,1,0.9862,,29_combat_ref,prediction_best
S0_no_removal__softimpute__29_combat_ref__post0,2class,GPL1708_FF_Unknown,40,1,0.9873,,29_combat_ref,prediction_best
S0_no_removal__softimpute__29_combat_ref__post0,2class,GPL17586_FF_Unknown,40,1,0.9873,,29_combat_ref,prediction_best
S0_no_removal__softimpute__29_combat_ref__post0,2class,GPL570_FFPE_Unknown,800,1,0.9987,,29_combat_ref,prediction_best
S0_no_removal__softimpute__29_combat_ref__post0,2class,GPL570_FF_Unknown,744,2,0.9957,1.0,29_combat_ref,prediction_best
S0_no_removal__softimpute__29_combat_ref__post0,2class,GPL570_Unknown_Unknown,908,2,0.9987,1.0,29_combat_ref,prediction_best
S0_no_removal__softimpute__29_combat_ref__post0,2class,GPL6244_FF_Unknown,119,1,1.0,,29_combat_ref,prediction_best
S0_no_removal__softimpute__29_combat_ref__post0,2class,GPL8432_FFPE_Unknown,130,1,1.0,,29_combat_ref,prediction_best
S0_no_removal__softimpute__29_combat_ref__post0,2class,GPL887_FFPE_Unknown,24,1,1.0,,29_combat_ref,prediction_best
S0_no_removal__softimpute__29_combat_ref__post0,2class,GPL96+97_FF_Unknown,269,2,0.9236,0.9856,29_combat_ref,prediction_best
S0_no_removal__softimpute__29_combat_ref__post0,2class,GPL96_FFPE_Unknown,84,2,0.4615,0.5567,29_combat_ref,prediction_best
S0_no_removal__softimpute__29_combat_ref__post0,2class,GPL96_FF_Unknown,125,2,0.9837,0.9979,29_combat_ref,prediction_best
S0_no_removal__softimpute__29_combat_ref__post0,2class,RNASeq_FFPE_Exome_capture,891,2,0.979,1.0,29_combat_ref,prediction_best
S0_no_removal__softimpute__29_combat_ref__post0,2class,RNASeq_FFPE_PolyA,35,2,0.6983,0.8793,29_combat_ref,prediction_best
S0_no_removal__softimpute__29_combat_ref__post0,2class,RNASeq_FF_PolyA,914,2,0.6958,0.968,29_combat_ref,prediction_best
S0_no_removal__softimpute__29_combat_ref__post0,2class,RNASeq_FF_Total,28,2,1.0,1.0,29_combat_ref,prediction_best
S0_no_removal__softimpute__29_combat_ref__post0,2class,RNASeq_FF_rRNADepletion,14,1,0.88,,29_combat_ref,prediction_best
S0_no_removal__softimpute__29_combat_ref__post0,3class,GPL13158_FF_Unknown,40,1,1.0,,29_combat_ref,prediction_best
S0_no_removal__softimpute__29_combat_ref__post0,3class,GPL13938_FFPE_Unknown,167,1,0.997,,29_combat_ref,prediction_best
S0_no_removal__softimpute__29_combat_ref__post0,3class,GPL14951_FFPE_Unknown,810,1,0.9862,,29_combat_ref,prediction_best
S0_no_removal__softimpute__29_combat_ref__post0,3class,GPL16686_FF_Unknown,48,1,1.0,,29_combat_ref,prediction_best
S0_no_removal__softimpute__29_combat_ref__post0,3class,GPL17077_FF_Unknown,33,1,1.0,,29_combat_ref,prediction_best
S0_no_removal__softimpute__29_combat_ref__post0,3class,GPL1708_FF_Unknown,40,1,0.9873,,29_combat_ref,prediction_best
S0_no_removal__softimpute__29_combat_ref__post0,3class,GPL17586_FF_Unknown,40,1,0.9873,,29_combat_ref,prediction_best
S0_no_removal__softimpute__29_combat_ref__post0,3class,GPL20188_FF_Unknown,68,1,1.0,,29_combat_ref,prediction_best
S0_no_removal__softimpute__29_combat_ref__post0,3class,GPL23541_FF_Unknown,35,1,1.0,,29_combat_ref,prediction_best
S0_no_removal__softimpute__29_combat_ref__post0,3class,GPL570_FFPE_Unknown,800,1,0.9987,,29_combat_ref,prediction_best
S0_no_removal__softimpute__29_combat_ref__post0,3class,GPL570_FF_Unknown,994,3,0.9972,1.0,29_combat_ref,prediction_best
S0_no_removal__softimpute__29_combat_ref__post0,3class,GPL570_Unknown_Unknown,908,2,0.9987,1.0,29_combat_ref,prediction_best
S0_no_removal__softimpute__29_combat_ref__post0,3class,GPL6244_FF_Unknown,131,2,1.0,1.0,29_combat_ref,prediction_best
S0_no_removal__softimpute__29_combat_ref__post0,3class,GPL8432_FFPE_Unknown,130,1,1.0,,29_combat_ref,prediction_best
S0_no_removal__softimpute__29_combat_ref__post0,3class,GPL887_FFPE_Unknown,24,1,1.0,,29_combat_ref,prediction_best
S0_no_removal__softimpute__29_combat_ref__post0,3class,GPL96+97_FF_Unknown,305,3,0.949,0.9909,29_combat_ref,prediction_best
S0_no_removal__softimpute__29_combat_ref__post0,3class,GPL96_FFPE_Unknown,84,2,0.4615,0.5428,29_combat_ref,prediction_best
S0_no_removal__softimpute__29_combat_ref__post0,3class,GPL96_FF_Unknown,133,3,0.9891,0.9992,29_combat_ref,prediction_best
S0_no_removal__softimpute__29_combat_ref__post0,3class,RNASeq_FFPE_Exome_capture,891,2,0.9798,0.9997,29_combat_ref,prediction_best
S0_no_removal__softimpute__29_combat_ref__post0,3class,RNASeq_FFPE_PolyA,35,2,0.6983,0.8736,29_combat_ref,prediction_best
S0_no_removal__softimpute__29_combat_ref__post0,3class,RNASeq_FF_PolyA,1039,3,0.7176,0.9722,29_combat_ref,prediction_best
S0_no_removal__softimpute__29_combat_ref__post0,3class,RNASeq_FF_Total,32,3,1.0,1.0,29_combat_ref,prediction_best
S0_no_removal__softimpute__29_combat_ref__post0,3class,RNASeq_FF_Unknown,79,1,1.0,,29_combat_ref,prediction_best
S0_no_removal__softimpute__29_combat_ref__post0,3class,RNASeq_FF_rRNADepletion,117,2,0.9667,0.9925,29_combat_ref,prediction_best
S0_no_removal__strict__29_combat_ref__post1,2class,GPL13938_FFPE_Unknown,167,1,1.0,,29_combat_ref,prediction_best
S0_no_removal__strict__29_combat_ref__post1,2class,GPL14951_FFPE_Unknown,810,1,0.9957,,29_combat_ref,prediction_best
S0_no_removal__strict__29_combat_ref__post1,2class,GPL1708_FF_Unknown,40,1,0.9873,,29_combat_ref,prediction_best
S0_no_removal__strict__29_combat_ref__post1,2class,GPL17586_FF_Unknown,40,1,0.9873,,29_combat_ref,prediction_best
S0_no_removal__strict__29_combat_ref__post1,2class,GPL570_FFPE_Unknown,800,1,0.9994,,29_combat_ref,prediction_best
S0_no_removal__strict__29_combat_ref__post1,2class,GPL570_FF_Unknown,744,2,1.0,1.0,29_combat_ref,prediction_best
S0_no_removal__strict__29_combat_ref__post1,2class,GPL570_Unknown_Unknown,908,2,1.0,1.0,29_combat_ref,prediction_best
S0_no_removal__strict__29_combat_ref__post1,2class,GPL6244_FF_Unknown,119,1,1.0,,29_combat_ref,prediction_best
S0_no_removal__strict__29_combat_ref__post1,2class,GPL8432_FFPE_Unknown,130,1,1.0,,29_combat_ref,prediction_best
S0_no_removal__strict__29_combat_ref__post1,2class,GPL887_FFPE_Unknown,24,1,1.0,,29_combat_ref,prediction_best
S0_no_removal__strict__29_combat_ref__post1,2class,GPL96+97_FF_Unknown,269,2,0.9955,0.9999,29_combat_ref,prediction_best
S0_no_removal__strict__29_combat_ref__post1,2class,GPL96_FFPE_Unknown,84,2,0.5414,0.8692,29_combat_ref,prediction_best
S0_no_removal__strict__29_combat_ref__post1,2class,GPL96_FF_Unknown,125,2,0.9918,1.0,29_combat_ref,prediction_best
S0_no_removal__strict__29_combat_ref__post1,2class,RNASeq_FFPE_Exome_capture,891,2,0.9925,1.0,29_combat_ref,prediction_best
S0_no_removal__strict__29_combat_ref__post1,2class,RNASeq_FFPE_PolyA,35,2,0.9107,0.9713,29_combat_ref,prediction_best
S0_no_removal__strict__29_combat_ref__post1,2class,RNASeq_FF_PolyA,914,2,0.6147,0.977,29_combat_ref,prediction_best
S0_no_removal__strict__29_combat_ref__post1,2class,RNASeq_FF_Total,28,2,1.0,1.0,29_combat_ref,prediction_best
S0_no_removal__strict__29_combat_ref__post1,2class,RNASeq_FF_rRNADepletion,14,1,0.8333,,29_combat_ref,prediction_best
S0_no_removal__strict__29_combat_ref__post1,3class,GPL13158_FF_Unknown,40,1,1.0,,29_combat_ref,prediction_best
S0_no_removal__strict__29_combat_ref__post1,3class,GPL13938_FFPE_Unknown,167,1,1.0,,29_combat_ref,prediction_best
S0_no_removal__strict__29_combat_ref__post1,3class,GPL14951_FFPE_Unknown,810,1,0.9963,,29_combat_ref,prediction_best
S0_no_removal__strict__29_combat_ref__post1,3class,GPL16686_FF_Unknown,48,1,1.0,,29_combat_ref,prediction_best
S0_no_removal__strict__29_combat_ref__post1,3class,GPL17077_FF_Unknown,33,1,1.0,,29_combat_ref,prediction_best
S0_no_removal__strict__29_combat_ref__post1,3class,GPL1708_FF_Unknown,40,1,0.9873,,29_combat_ref,prediction_best
S0_no_removal__strict__29_combat_ref__post1,3class,GPL17586_FF_Unknown,40,1,0.9873,,29_combat_ref,prediction_best
S0_no_removal__strict__29_combat_ref__post1,3class,GPL20188_FF_Unknown,68,1,1.0,,29_combat_ref,prediction_best
S0_no_removal__strict__29_combat_ref__post1,3class,GPL570_FFPE_Unknown,800,1,0.9981,,29_combat_ref,prediction_best
S0_no_removal__strict__29_combat_ref__post1,3class,GPL570_FF_Unknown,994,3,0.9874,1.0,29_combat_ref,prediction_best
S0_no_removal__strict__29_combat_ref__post1,3class,GPL570_Unknown_Unknown,908,2,1.0,1.0,29_combat_ref,prediction_best
S0_no_removal__strict__29_combat_ref__post1,3class,GPL6244_FF_Unknown,131,2,0.8917,0.9825,29_combat_ref,prediction_best
S0_no_removal__strict__29_combat_ref__post1,3class,GPL8432_FFPE_Unknown,130,1,1.0,,29_combat_ref,prediction_best
S0_no_removal__strict__29_combat_ref__post1,3class,GPL887_FFPE_Unknown,24,1,1.0,,29_combat_ref,prediction_best
S0_no_removal__strict__29_combat_ref__post1,3class,GPL96+97_FF_Unknown,305,3,0.9011,0.9966,29_combat_ref,prediction_best
S0_no_removal__strict__29_combat_ref__post1,3class,GPL96_FFPE_Unknown,84,2,0.5414,0.8762,29_combat_ref,prediction_best
S0_no_removal__strict__29_combat_ref__post1,3class,GPL96_FF_Unknown,133,3,0.8837,0.9994,29_combat_ref,prediction_best
S0_no_removal__strict__29_combat_ref__post1,3class,RNASeq_FFPE_Exome_capture,891,2,0.9988,1.0,29_combat_ref,prediction_best
S0_no_removal__strict__29_combat_ref__post1,3class,RNASeq_FFPE_PolyA,35,2,0.8583,0.9655,29_combat_ref,prediction_best
S0_no_removal__strict__29_combat_ref__post1,3class,RNASeq_FF_PolyA,1039,3,0.7066,0.9902,29_combat_ref,prediction_best
S0_no_removal__strict__29_combat_ref__post1,3class,RNASeq_FF_Total,32,3,0.9562,1.0,29_combat_ref,prediction_best
S0_no_removal__strict__29_combat_ref__post1,3class,RNASeq_FF_Unknown,79,1,1.0,,29_combat_ref,prediction_best
S0_no_removal__strict__29_combat_ref__post1,3class,RNASeq_FF_rRNADepletion,117,2,0.7983,0.9724,29_combat_ref,prediction_best
