run_id,index_260917,index_260924,rank_260917,rank_260924,rank_change,eligible_rank_260917,eligible_rank_260924
G_affymetrix_only__strict__36_explobatch__post1,0.9824648797111984,0.9855051756812939,1.0,1.0,0.0,,
G_affymetrix_only__strict__04_sva__post1,0.9824648797111984,0.9855051756812939,1.0,1.0,0.0,,
G_affymetrix_only__strict__01_raw__post1,0.9824648797111984,0.9855051756812939,1.0,1.0,0.0,,
G_affymetrix_only__softimpute__01_raw__post1,0.9767923912800892,0.9812508093579622,4.0,4.0,0.0,,
G_affymetrix_only__softimpute__04_sva__post1,0.9767923912800892,0.9812508093579622,4.0,4.0,0.0,,
G_affymetrix_only__softimpute__36_explobatch__post1,0.9767923912800892,0.9812508093579622,4.0,4.0,0.0,,
G_affymetrix_only__strict__31_ruv3prps__post1,0.958964231623448,0.9678796896154813,7.0,7.0,0.0,,
G_affymetrix_only__strict__16_fsqn_r__post1,0.958964231623448,0.9678796896154813,7.0,7.0,0.0,,
G_affymetrix_only__knn__01_raw__post1,0.9568640437655348,0.9663045487220463,9.0,9.0,0.0,,
G_affymetrix_only__knn__04_sva__post1,0.9568640437655348,0.9663045487220463,9.0,9.0,0.0,,
G_affymetrix_only__knn__36_explobatch__post1,0.9568640437655348,0.9663045487220463,9.0,9.0,0.0,,
G_affymetrix_only__softimpute__16_fsqn_r__post1,0.9543362409413716,0.9644086966039239,12.0,12.0,0.0,,
G_affymetrix_only__softimpute__31_ruv3prps__post1,0.9531420996706704,0.9635130906508982,13.0,13.0,0.0,,
G_affymetrix_only__knn__16_fsqn_r__post1,0.9367215379625468,0.9511976693698053,14.0,14.0,0.0,,
G_affymetrix_only__knn__31_ruv3prps__post1,0.9331389805103262,0.9485107512806399,15.0,15.0,0.0,,
A_confirmed_bad__strict__29_combat_ref__post0,0.9024764871059836,0.9001627089301367,16.0,16.0,0.0,,
A_confirmed_bad__strict__29_combat_ref__post1,0.9023272779146976,0.9000155253333006,17.0,17.0,0.0,,
B_extended_bad__strict__05_combat__post0,0.8685326298159531,0.8876896378303033,27.0,18.0,9.0,,
A_confirmed_bad__strict__05_combat__post0,0.8468391572659545,0.8872394669141149,46.0,19.0,27.0,,
B_extended_bad__strict__05_combat__post1,0.8694023289652133,0.8870605000827633,26.0,20.0,6.0,,
S0_no_removal__strict__29_combat_ref__post1,0.8875499220358614,0.8861621838448367,18.0,21.0,-3.0,1.0,1.0
J_ff_only__softimpute__29_combat_ref__post0,0.8143093622426173,0.8861495413298859,58.0,22.0,36.0,25.0,2.0
J_ff_only__knn__29_combat_ref__post0,0.8107888800102959,0.8853909742964304,65.0,23.0,42.0,29.0,3.0
J_ff_only__strict__29_combat_ref__post0,0.8082309444285847,0.8852761459463935,72.0,24.0,48.0,35.0,4.0
A_confirmed_bad__strict__05_combat__post1,0.8436558804010236,0.8845344019999715,47.0,25.0,22.0,,
E3_iterative_r3__strict__05_combat__post0,0.8585891110793705,0.8830055235854318,34.0,26.0,8.0,9.0,5.0
J_ff_only__strict__29_combat_ref__post1,0.8111183713645832,0.8827407132181847,64.0,27.0,37.0,28.0,6.0
J_ff_only__softimpute__29_combat_ref__post1,0.8101861209562927,0.8825186911555,66.0,28.0,38.0,30.0,7.0
E3_iterative_r3__strict__05_combat__post1,0.8584703526248957,0.8824791399969416,35.0,29.0,6.0,10.0,8.0
J_ff_only__knn__29_combat_ref__post1,0.81182827816555,0.8824036623452867,63.0,30.0,33.0,27.0,9.0
I_rare_batches_removed__strict__29_combat_ref__post0,0.8805238466417067,0.8790979311451127,20.0,31.0,-11.0,2.0,10.0
J_ff_only__knn__05_combat__post0,0.7884719455757553,0.8777775553188234,119.0,32.0,87.0,69.0,11.0
J_ff_only__strict__05_combat__post0,0.7885063932370633,0.8777292625966582,118.0,33.0,85.0,68.0,12.0
J_ff_only__strict__05_combat__post1,0.7887065429798684,0.8756457090913847,117.0,34.0,83.0,67.0,13.0
C_rnaseq_only__softimpute__05_combat__post0,0.8508226324583772,0.8752500999036411,42.0,35.0,7.0,14.0,14.0
I_rare_batches_removed__strict__29_combat_ref__post1,0.8760149151043697,0.8747403012135707,23.0,36.0,-13.0,4.0,15.0
E1_iterative_r1__knn__05_combat__post1,0.8547779617142409,0.8739404285339738,37.0,37.0,0.0,12.0,16.0
J_ff_only__knn__05_combat__post1,0.7825089323809787,0.8738219748883873,133.0,38.0,95.0,79.0,17.0
A_confirmed_bad__knn__29_combat_ref__post1,0.8774464560261893,0.8719272947953257,22.0,39.0,-17.0,,
E2_iterative_r2__knn__05_combat__post1,0.8501875971798247,0.8714946192085421,43.0,40.0,3.0,15.0,18.0
C_rnaseq_only__softimpute__05_combat__post1,0.8820202365842656,0.871266424312514,19.0,41.0,-22.0,,
A_confirmed_bad__knn__05_combat__post1,0.8493991890888065,0.8708534615344187,44.0,42.0,2.0,,
E3_iterative_r3__knn__05_combat__post0,0.8476603210938206,0.8708032183365814,45.0,43.0,2.0,16.0,19.0
E3_iterative_r3__knn__05_combat__post1,0.8544149539225331,0.8705189791151602,38.0,44.0,-6.0,13.0,20.0
B_extended_bad__knn__05_combat__post1,0.8676064014963051,0.8696124266441635,29.0,45.0,-16.0,,
F_microarray_only__softimpute__01_raw__post1,0.7622956352438904,0.8691384125851928,196.0,46.0,150.0,122.0,21.0
F_microarray_only__softimpute__36_explobatch__post1,0.7622956352438904,0.8691384125851928,196.0,46.0,150.0,122.0,21.0
B_extended_bad__knn__05_combat__post0,0.8533448126389224,0.8681678381684163,39.0,48.0,-9.0,,
G_affymetrix_only__strict__14_qsmooth__post1,0.8166928668117196,0.8601685529301063,57.0,49.0,8.0,,
I_rare_batches_removed__softimpute__01_raw__post1,0.7837167943700587,0.8601224230232525,132.0,50.0,82.0,78.0,23.0
I_rare_batches_removed__softimpute__29_combat_ref__post1,0.8091358754373958,0.8586409231501014,70.0,51.0,19.0,33.0,24.0
F_microarray_only__softimpute__16_fsqn_r__post1,0.751284006504307,0.8584334382461,221.0,52.0,169.0,139.0,25.0
F_microarray_only__softimpute__31_ruv3prps__post1,0.7509108498859739,0.8580602816277668,222.0,53.0,169.0,140.0,26.0
I_rare_batches_removed__softimpute__29_combat_ref__post0,0.8096090129057147,0.8580427958111532,69.0,54.0,15.0,32.0,27.0
G_affymetrix_only__softimpute__19_tdm__post1,0.8178084276932793,0.8557432441913657,56.0,55.0,1.0,,
G_affymetrix_only__knn__19_tdm__post1,0.8118371867793038,0.8555191798292159,62.0,56.0,6.0,,
C_rnaseq_only__strict__05_combat__post0,0.8654181522236454,0.8550901954359608,31.0,57.0,-26.0,7.0,28.0
G_affymetrix_only__softimpute__14_qsmooth__post1,0.8099757804014897,0.8549068241054163,67.0,58.0,9.0,,
E1_iterative_r1__strict__05_combat__post1,0.8229430386559139,0.8540349521670133,52.0,59.0,-7.0,21.0,29.0
E1_iterative_r1__strict__05_combat__post0,0.8183350534506948,0.8491061334001523,54.0,60.0,-6.0,23.0,30.0
C_rnaseq_only__strict__05_combat__post1,0.8603273021447452,0.8484671719821058,33.0,61.0,-28.0,8.0,31.0
E2_iterative_r2__strict__01_raw__post1,0.8198060210502826,0.8467906469943983,53.0,62.0,-9.0,22.0,32.0
C_rnaseq_only__strict__01_raw__post0,0.8800934281836432,0.8459189547386372,21.0,63.0,-42.0,3.0,33.0
F_microarray_only__strict__08_inmoose_combatseq__post0,0.7860894955279948,0.8440414094263606,126.0,64.0,62.0,74.0,34.0
A_confirmed_bad__knn__29_combat_ref__post0,0.8531877345865772,0.842371300547417,40.0,65.0,-25.0,,
G_affymetrix_only__knn__14_qsmooth__post1,0.7904958623014994,0.8402968855304237,113.0,66.0,47.0,,
F_microarray_only__strict__06_combat_seq__post0,0.780579844291414,0.8381504657836167,138.0,67.0,71.0,83.0,35.0
F_microarray_only__softimpute__04_sva__post1,0.734338332294874,0.8380814523118257,273.0,68.0,205.0,182.0,36.0
E2_iterative_r2__strict__36_explobatch__post1,0.8098546771899655,0.8368393031340814,68.0,69.0,-1.0,31.0,37.0
C_rnaseq_only__strict__36_explobatch__post0,0.8695546634234721,0.835380189978466,24.0,70.0,-46.0,5.0,38.0
C_rnaseq_only__strict__04_sva__post0,0.8695546634234721,0.835380189978466,24.0,70.0,-46.0,5.0,38.0
E3_iterative_r3__strict__01_raw__post0,0.8069410930440291,0.833994280210467,75.0,72.0,3.0,38.0,40.0
F_microarray_only__strict__08_inmoose_combatseq__post1,0.7755948851491672,0.8326531685739132,154.0,73.0,81.0,94.0,41.0
F_microarray_only__strict__06_combat_seq__post1,0.7759802287442307,0.8324272289624456,153.0,74.0,79.0,93.0,42.0
F_microarray_only__strict__36_explobatch__post1,0.7663326106509767,0.829910458640207,186.0,75.0,111.0,113.0,43.0
F_microarray_only__softimpute__08_inmoose_combatseq__post0,0.7398417485038206,0.8287073236016705,249.0,76.0,173.0,163.0,44.0
F_microarray_only__softimpute__06_combat_seq__post0,0.7379271506851749,0.8284813505801735,256.0,77.0,179.0,168.0,45.0
F_microarray_only__strict__01_raw__post1,0.764898283787598,0.8283994681767055,190.0,78.0,112.0,116.0,46.0
H_affymetrix_extended__strict__01_raw__post0,0.7500948790585834,0.8276022251000157,225.0,79.0,146.0,143.0,47.0
E3_iterative_r3__strict__36_explobatch__post0,0.8007528916868223,0.8275075268305702,84.0,80.0,4.0,46.0,48.0
C_rnaseq_only__strict__25_angel__post1,0.8508500957484294,0.8265366452382336,41.0,81.0,-40.0,,
E2_iterative_r2__strict__31_ruv3prps__post1,0.7995114953258673,0.8264961212699831,87.0,82.0,5.0,47.0,49.0
S0_no_removal__softimpute__29_combat_ref__post0,0.7771384156596532,0.8259393118101036,150.0,83.0,67.0,90.0,50.0
F_microarray_only__softimpute__06_combat_seq__post1,0.7335411666882661,0.8257397372914936,275.0,84.0,191.0,184.0,51.0
E2_iterative_r2__strict__05_combat__post1,0.7951645243924067,0.8257238438915481,97.0,85.0,12.0,52.0,52.0
H_affymetrix_extended__strict__16_fsqn_r__post1,0.7048901239347112,0.8243415057540466,351.0,86.0,265.0,236.0,53.0
H_affymetrix_extended__strict__27_dwd__post1,0.7048901239347112,0.8243415057540466,351.0,86.0,265.0,236.0,53.0
F_microarray_only__softimpute__08_inmoose_combatseq__post1,0.7321632808905378,0.8239059210819296,276.0,88.0,188.0,185.0,55.0
E2_iterative_r2__softimpute__05_combat__post1,0.7432502482321232,0.8215730162021329,241.0,89.0,152.0,156.0,56.0
C_rnaseq_only__strict__31_ruv3prps__post0,0.8551547361439081,0.8209802626989019,36.0,90.0,-54.0,11.0,57.0
E3_iterative_r3__strict__31_ruv3prps__post0,0.7941760452120014,0.8209306803557492,100.0,91.0,9.0,55.0,58.0
E3_iterative_r3__softimpute__05_combat__post0,0.7476180348740739,0.8199066599733452,233.0,92.0,141.0,151.0,59.0
I_rare_batches_removed__softimpute__27_dwd__post1,0.74283792244221,0.8190902238951585,243.0,93.0,150.0,158.0,60.0
E2_iterative_r2__strict__05_combat__post0,0.7875746943401456,0.8179019974444687,121.0,94.0,27.0,70.0,61.0
H_affymetrix_extended__strict__01_raw__post1,0.6978798091302565,0.8172161955494079,375.0,95.0,280.0,256.0,62.0
H_affymetrix_extended__strict__16_fsqn_r__post0,0.737180935557813,0.8153973426531339,262.0,96.0,166.0,172.0,63.0
H_affymetrix_extended__strict__27_dwd__post0,0.737180935557813,0.8153973426531339,262.0,96.0,166.0,172.0,63.0
A_confirmed_bad__strict__08_inmoose_combatseq__post1,0.798358401150096,0.8151572910694059,88.0,98.0,-10.0,,
A_confirmed_bad__strict__06_combat_seq__post1,0.798358401150096,0.8151572910694059,88.0,98.0,-10.0,,
E1_iterative_r1__strict__06_combat_seq__post0,0.7951265391714545,0.8137022530767689,98.0,100.0,-2.0,53.0,65.0
E1_iterative_r1__strict__08_inmoose_combatseq__post0,0.7951265391714545,0.8137022530767689,98.0,100.0,-2.0,53.0,65.0
E1_iterative_r1__strict__06_combat_seq__post1,0.791472363448486,0.8134273525425483,109.0,102.0,7.0,61.0,67.0
E1_iterative_r1__strict__08_inmoose_combatseq__post1,0.791472363448486,0.8134273525425483,109.0,102.0,7.0,61.0,67.0
F_microarray_only__strict__16_fsqn_r__post1,0.7490095034470238,0.8130674344869998,226.0,104.0,122.0,144.0,69.0
F_microarray_only__strict__31_ruv3prps__post1,0.7490095034470238,0.8130674344869998,226.0,104.0,122.0,144.0,69.0
I_rare_batches_removed__knn__29_combat_ref__post1,0.808784587573567,0.8125677456964137,71.0,106.0,-35.0,34.0,71.0
S0_no_removal__softimpute__36_explobatch__post1,0.8241276096436726,0.8119305613261725,50.0,107.0,-57.0,19.0,72.0
S0_no_removal__softimpute__01_raw__post1,0.8241276096436726,0.8119305613261725,50.0,107.0,-57.0,19.0,72.0
C_rnaseq_only__knn__05_combat__post0,0.7645720682298315,0.811898880934305,193.0,109.0,84.0,119.0,74.0
I_rare_batches_removed__knn__29_combat_ref__post0,0.8072610550403548,0.8118854871701005,73.0,110.0,-37.0,36.0,75.0
G_affymetrix_only__strict__05_combat__post1,0.7524245992433564,0.8117434382368164,215.0,111.0,104.0,,
B_extended_bad__softimpute__05_combat__post1,0.7452150803197988,0.8104790125300877,238.0,112.0,126.0,,
E2_iterative_r2__strict__04_sva__post1,0.7808794019037376,0.8095951901284559,137.0,113.0,24.0,82.0,76.0
H_affymetrix_extended__knn__01_raw__post1,0.6961534705110143,0.808824552561597,384.0,114.0,270.0,263.0,77.0
E3_iterative_r3__strict__04_sva__post0,0.7790415887696772,0.8079086786001906,144.0,115.0,29.0,88.0,78.0
H_affymetrix_extended__softimpute__01_raw__post0,0.7564054469075517,0.8061826452508765,211.0,116.0,95.0,132.0,79.0
H_affymetrix_extended__knn__25_angel__post0,0.7372998477537479,0.8059531831250353,261.0,117.0,144.0,171.0,80.0
F_microarray_only__strict__04_sva__post1,0.7361782082600458,0.8031541111018243,267.0,118.0,149.0,177.0,81.0
E1_iterative_r1__knn__01_raw__post1,0.7811352085754222,0.8022536786597266,135.0,119.0,16.0,80.0,82.0
E1_iterative_r1__knn__36_explobatch__post1,0.7811352085754222,0.8022536786597266,135.0,119.0,16.0,80.0,82.0
E2_iterative_r2__strict__01_raw__post0,0.8182002739650441,0.8006550211550639,55.0,121.0,-66.0,24.0,84.0
G_affymetrix_only__strict__06_combat_seq__post1,0.7312733110127608,0.7982310692425532,280.0,122.0,158.0,,
G_affymetrix_only__strict__08_inmoose_combatseq__post1,0.730377989044985,0.7975595777667213,284.0,123.0,161.0,,
C_rnaseq_only__strict__06_combat_seq__post0,0.8247609348174224,0.7970900958381736,48.0,124.0,-76.0,17.0,85.0
C_rnaseq_only__strict__08_inmoose_combatseq__post0,0.8247609348174224,0.7970900958381736,48.0,124.0,-76.0,17.0,85.0
G_affymetrix_only__softimpute__06_combat_seq__post1,0.7296318762684953,0.7969999931843541,285.0,126.0,159.0,,
E2_iterative_r2__softimpute__05_combat__post0,0.7120987522058981,0.7957940489678447,331.0,127.0,204.0,219.0,87.0
G_affymetrix_only__knn__06_combat_seq__post1,0.7279897733236419,0.7957684159757139,296.0,128.0,168.0,,
F_microarray_only__knn__06_combat_seq__post1,0.6969094804785168,0.7954549251363239,379.0,129.0,250.0,260.0,88.0
E2_iterative_r2__strict__36_explobatch__post0,0.8123882342078165,0.7950729721982043,59.0,130.0,-71.0,26.0,89.0
G_affymetrix_only__knn__08_inmoose_combatseq__post1,0.7269452421645797,0.7949850176064173,297.0,131.0,166.0,,
S0_no_removal__softimpute__27_dwd__post1,0.8070468951843853,0.7949648422670692,74.0,132.0,-58.0,37.0,90.0
B_extended_bad__strict__01_raw__post0,0.7799542355128071,0.7928157646402374,141.0,133.0,8.0,,
F_microarray_only__knn__08_inmoose_combatseq__post1,0.6903082750801378,0.7919222893373016,402.0,134.0,268.0,274.0,91.0
C_rnaseq_only__knn__25_angel__post1,0.799556057358747,0.7913522625071078,86.0,135.0,-49.0,,
E2_iterative_r2__strict__14_qsmooth__post1,0.7918289122854492,0.7909388523511992,107.0,136.0,-29.0,60.0,92.0
H_affymetrix_extended__knn__25_angel__post1,0.7212669893354318,0.7899223503011692,308.0,137.0,171.0,205.0,93.0
E1_iterative_r1__strict__01_raw__post1,0.8067372633109668,0.7898698293353895,76.0,138.0,-62.0,39.0,94.0
F_microarray_only__strict__36_explobatch__post0,0.7370003379051645,0.7889419697487727,264.0,139.0,125.0,174.0,95.0
F_microarray_only__strict__01_raw__post0,0.7366573772990628,0.788369018342303,265.0,140.0,125.0,175.0,96.0
E2_iterative_r2__strict__31_ruv3prps__post0,0.8040591320595327,0.7867438700499204,80.0,141.0,-61.0,42.0,97.0
A_confirmed_bad__knn__05_combat__post0,0.7396406399669382,0.7850324949898563,250.0,142.0,108.0,,
C_rnaseq_only__knn__05_combat__post1,0.7503731679599163,0.7849867662492432,224.0,143.0,81.0,142.0,98.0
E3_iterative_r3__strict__06_combat_seq__post1,0.7667359524163658,0.7843655077207935,182.0,144.0,38.0,111.0,99.0
E3_iterative_r3__strict__08_inmoose_combatseq__post1,0.7667359524163658,0.7843655077207935,182.0,144.0,38.0,111.0,99.0
E2_iterative_r2__knn__01_raw__post1,0.7687870646447829,0.7842472254591296,178.0,146.0,32.0,108.0,101.0
E2_iterative_r2__knn__36_explobatch__post1,0.7687870646447829,0.7842472254591296,178.0,146.0,32.0,108.0,101.0
K_ffpe_only__knn__05_combat__post0,0.6306560647583648,0.7823269638874691,579.0,148.0,431.0,,
K_ffpe_only__knn__29_combat_ref__post0,0.6305068221570492,0.7821777212861535,580.0,149.0,431.0,,
B_extended_bad__strict__36_explobatch__post0,0.7687938424086628,0.7815403761359089,177.0,150.0,27.0,,
H_affymetrix_extended__softimpute__01_raw__post1,0.6700035439748618,0.7813880988927099,463.0,151.0,312.0,323.0,103.0
E2_iterative_r2__strict__06_combat_seq__post0,0.7801356416144006,0.7807846729751345,139.0,152.0,-13.0,84.0,104.0
E2_iterative_r2__strict__08_inmoose_combatseq__post0,0.7799843400086055,0.7806333713693393,140.0,153.0,-13.0,85.0,105.0
F_microarray_only__strict__31_ruv3prps__post0,0.7285653178340215,0.7803919542774457,291.0,154.0,137.0,194.0,106.0
F_microarray_only__strict__16_fsqn_r__post0,0.7285653178340215,0.7803919542774457,291.0,154.0,137.0,194.0,106.0
E3_iterative_r3__strict__01_raw__post1,0.757485346240314,0.7803148599891565,206.0,156.0,50.0,127.0,108.0
E1_iterative_r1__strict__36_explobatch__post1,0.797166132239529,0.780298698263952,91.0,157.0,-66.0,49.0,109.0
A_confirmed_bad__softimpute__05_combat__post0,0.695555945136579,0.78029009719459,387.0,158.0,229.0,,
E2_iterative_r2__strict__04_sva__post0,0.7978401018205359,0.7801354450269598,90.0,159.0,-69.0,48.0,110.0
E1_iterative_r1__strict__01_raw__post0,0.8063721069961863,0.7801216388778757,78.0,160.0,-82.0,41.0,111.0
A_confirmed_bad__softimpute__05_combat__post1,0.6989851251659345,0.7797307444231166,370.0,161.0,209.0,,
C_rnaseq_only__strict__01_raw__post1,0.8053144205381572,0.7795280367076468,79.0,162.0,-83.0,,
C_rnaseq_only__strict__06_combat_seq__post1,0.8040175709050429,0.7791525922245962,81.0,163.0,-82.0,43.0,112.0
C_rnaseq_only__strict__08_inmoose_combatseq__post1,0.8040175709050429,0.7791525922245962,81.0,163.0,-82.0,43.0,112.0
F_microarray_only__softimpute__04_sva__post0,0.7361696793588063,0.7785651995403874,268.0,165.0,103.0,178.0,114.0
E1_iterative_r1__strict__04_sva__post1,0.7956777923006308,0.7783442999409672,93.0,166.0,-73.0,50.0,115.0
B_extended_bad__strict__31_ruv3prps__post0,0.7652215045834377,0.777968038310684,189.0,167.0,22.0,,
S0_no_removal__strict__08_inmoose_combatseq__post1,0.7628999427159813,0.7777023174817161,194.0,168.0,26.0,120.0,116.0
S0_no_removal__strict__06_combat_seq__post1,0.7626719775100633,0.7774743522757982,195.0,169.0,26.0,121.0,117.0
H_affymetrix_extended__strict__25_angel__post0,0.7163766186275429,0.7770566305970895,321.0,170.0,151.0,211.0,118.0
I_rare_batches_removed__strict__01_raw__post1,0.7013602610451848,0.7768016724079869,365.0,171.0,194.0,249.0,119.0
B_extended_bad__strict__04_sva__post0,0.7591158097087624,0.7762786028208625,200.0,172.0,28.0,,
S0_no_removal__strict__06_combat_seq__post0,0.7577471973764477,0.7757108556027713,205.0,173.0,32.0,126.0,120.0
S0_no_removal__knn__29_combat_ref__post1,0.7772115999141108,0.7755800007505509,149.0,174.0,-25.0,89.0,121.0
S0_no_removal__strict__08_inmoose_combatseq__post0,0.7573659049702846,0.7754062267967309,207.0,175.0,32.0,128.0,122.0
S0_no_removal__softimpute__04_sva__post1,0.7863713654343046,0.7745719687730611,125.0,176.0,-51.0,73.0,123.0
H_affymetrix_extended__strict__04_sva__post1,0.6557296243884877,0.7740795119782953,508.0,177.0,331.0,357.0,124.0
S0_no_removal__knn__29_combat_ref__post0,0.7730598206996819,0.7740165535902408,163.0,178.0,-15.0,98.0,125.0
E1_iterative_r1__softimpute__05_combat__post0,0.6912735211812094,0.7738168383468659,396.0,179.0,217.0,271.0,126.0
E1_iterative_r1__knn__31_ruv3prps__post1,0.7518609131418926,0.7729793832261972,216.0,180.0,36.0,134.0,127.0
H_affymetrix_extended__knn__27_dwd__post1,0.6597253639816189,0.7725114414323856,489.0,181.0,308.0,343.0,128.0
H_affymetrix_extended__knn__16_fsqn_r__post1,0.6597253639816189,0.7725114414323856,489.0,181.0,308.0,343.0,128.0
A_confirmed_bad__knn__08_inmoose_combatseq__post1,0.7785173716848179,0.7722241587171134,145.0,183.0,-38.0,,
A_confirmed_bad__knn__06_combat_seq__post1,0.7784407080846952,0.7722241587171134,146.0,183.0,-37.0,,
I_rare_batches_removed__strict__14_qsmooth__post1,0.7364059694404115,0.7722189256368971,266.0,185.0,81.0,176.0,130.0
S0_no_removal__softimpute__08_inmoose_combatseq__post1,0.7283198684558659,0.771988423251217,294.0,186.0,108.0,197.0,131.0
E2_iterative_r2__knn__08_inmoose_combatseq__post1,0.7731331823162138,0.7718539507567107,160.0,187.0,-27.0,96.0,132.0
E2_iterative_r2__knn__06_combat_seq__post1,0.7731331823162138,0.7718539507567107,160.0,187.0,-27.0,96.0,132.0
E1_iterative_r1__softimpute__05_combat__post1,0.694942853393213,0.7717242469829686,390.0,189.0,201.0,266.0,134.0
E1_iterative_r1__knn__06_combat_seq__post1,0.7715107234389896,0.7717120984262352,165.0,190.0,-25.0,100.0,135.0
E1_iterative_r1__knn__08_inmoose_combatseq__post1,0.7713594218331945,0.7715607968204402,166.0,191.0,-25.0,101.0,136.0
E3_iterative_r3__strict__14_qsmooth__post0,0.7713124985841385,0.7707996798671516,167.0,192.0,-25.0,102.0,137.0
E3_iterative_r3__knn__08_inmoose_combatseq__post0,0.7693251886005902,0.7707129782897789,173.0,193.0,-20.0,106.0,138.0
E3_iterative_r3__knn__06_combat_seq__post0,0.7690992489891227,0.7704870386783114,176.0,194.0,-18.0,107.0,139.0
E3_iterative_r3__strict__36_explobatch__post1,0.7474241210809828,0.7702536348298253,234.0,195.0,39.0,152.0,140.0
E1_iterative_r1__strict__31_ruv3prps__post1,0.7871163047718778,0.7702488707963004,122.0,196.0,-74.0,71.0,141.0
H_affymetrix_extended__strict__25_angel__post1,0.7107083484354811,0.7700205691695209,332.0,197.0,135.0,220.0,142.0
I_rare_batches_removed__strict__25_angel__post0,0.7353224729662736,0.7699569451780702,269.0,198.0,71.0,179.0,143.0
E3_iterative_r3__softimpute__05_combat__post1,0.7047025861706434,0.7699239808974786,354.0,199.0,155.0,239.0,144.0
E2_iterative_r2__strict__06_combat_seq__post1,0.7476713238094895,0.769885588993174,231.0,200.0,31.0,149.0,145.0
E2_iterative_r2__strict__08_inmoose_combatseq__post1,0.7476713238094895,0.769885588993174,231.0,200.0,31.0,149.0,145.0
H_affymetrix_extended__strict__04_sva__post0,0.6916472429423305,0.7696689526456696,395.0,202.0,193.0,270.0,147.0
F_microarray_only__strict__04_sva__post0,0.7170953947001867,0.7693769487582213,320.0,203.0,117.0,210.0,148.0
E1_iterative_r1__strict__36_explobatch__post0,0.795504734188195,0.7693692614700683,94.0,204.0,-110.0,51.0,149.0
E3_iterative_r3__strict__18_rank__post1,0.7850407547205966,0.7689413643627283,129.0,205.0,-76.0,75.0,150.0
E3_iterative_r3__strict__08_inmoose_combatseq__post0,0.7513145822751568,0.768741887123551,219.0,206.0,13.0,137.0,151.0
E3_iterative_r3__strict__06_combat_seq__post0,0.7513145822751568,0.768741887123551,219.0,206.0,13.0,137.0,151.0
B_extended_bad__strict__08_inmoose_combatseq__post0,0.7582801090910452,0.7685942128726171,203.0,208.0,-5.0,,
E3_iterative_r3__strict__17_quantile__post1,0.8024997626440248,0.7684690205747077,83.0,209.0,-126.0,45.0,153.0
I_rare_batches_removed__strict__01_raw__post0,0.7072861891073309,0.768315530289259,340.0,210.0,130.0,226.0,154.0
B_extended_bad__strict__06_combat_seq__post0,0.7579008422793322,0.7682149460609041,204.0,211.0,-7.0,,
I_rare_batches_removed__strict__04_sva__post1,0.6918444365737259,0.7678537353568724,394.0,212.0,182.0,269.0,155.0
I_rare_batches_removed__strict__08_inmoose_combatseq__post0,0.7308718571599208,0.7675822546941612,281.0,213.0,68.0,189.0,156.0
E3_iterative_r3__strict__04_sva__post1,0.7423103145467272,0.7672178478766823,247.0,214.0,33.0,161.0,157.0
I_rare_batches_removed__strict__06_combat_seq__post0,0.7317917201313043,0.767122172863337,279.0,215.0,64.0,188.0,158.0
C_rnaseq_only__strict__04_sva__post1,0.7927392945232196,0.7669529106927091,104.0,216.0,-112.0,,
C_rnaseq_only__strict__36_explobatch__post1,0.7927392945232196,0.7669529106927091,104.0,216.0,-112.0,,
F_microarray_only__knn__08_inmoose_combatseq__post0,0.6786034355025347,0.7667668846325797,435.0,218.0,217.0,300.0,159.0
E3_iterative_r3__strict__14_qsmooth__post1,0.7697407277314771,0.7665996830493352,172.0,219.0,-47.0,105.0,160.0
C_rnaseq_only__strict__25_angel__post0,0.7929785030339013,0.766599186509294,103.0,220.0,-117.0,58.0,161.0
E1_iterative_r1__strict__31_ruv3prps__post0,0.792681714581282,0.7665462418631553,106.0,221.0,-115.0,59.0,162.0
E1_iterative_r1__knn__04_sva__post1,0.7424954074619694,0.7654338569937001,245.0,222.0,23.0,160.0,163.0
A_confirmed_bad__softimpute__36_explobatch__post0,0.8118934483159922,0.764925543482402,60.0,223.0,-163.0,,
A_confirmed_bad__softimpute__01_raw__post0,0.8118934483159922,0.764925543482402,60.0,223.0,-163.0,,
E3_iterative_r3__strict__15_fsqn_py__post1,0.8065065592049342,0.7642791976948269,77.0,225.0,-148.0,40.0,164.0
B_extended_bad__knn__08_inmoose_combatseq__post0,0.7732799692803688,0.7639058614860598,157.0,226.0,-69.0,,
B_extended_bad__knn__06_combat_seq__post0,0.773126608670094,0.7639058280760304,162.0,227.0,-65.0,,
B_extended_bad__strict__08_inmoose_combatseq__post1,0.7617875668982772,0.763699367572093,198.0,228.0,-30.0,,
B_extended_bad__strict__06_combat_seq__post1,0.7617875668982772,0.763699367572093,198.0,228.0,-30.0,,
S0_no_removal__softimpute__01_raw__post0,0.7704939884562019,0.762609018737809,170.0,230.0,-60.0,103.0,165.0
S0_no_removal__softimpute__36_explobatch__post0,0.7704939884562019,0.762609018737809,170.0,230.0,-60.0,103.0,165.0
I_rare_batches_removed__strict__25_angel__post1,0.7285166027992492,0.7621223476872325,293.0,232.0,61.0,196.0,167.0
K_ffpe_only__softimpute__09_ruv__post1,0.8006100210266421,0.7619782269940298,85.0,233.0,-148.0,,
E1_iterative_r1__softimpute__36_explobatch__post1,0.7768972358342929,0.7615283297665321,151.0,234.0,-83.0,91.0,168.0
E1_iterative_r1__softimpute__01_raw__post1,0.7768972358342929,0.7615283297665321,151.0,234.0,-83.0,91.0,168.0
K_ffpe_only__softimpute__13_fsmvn__post1,0.8681055788552592,0.7611218853712328,28.0,236.0,-208.0,,
A_confirmed_bad__strict__01_raw__post1,0.7971301606567237,0.76080316695337,92.0,237.0,-145.0,,
I_rare_batches_removed__softimpute__08_inmoose_combatseq__post0,0.7182873364875308,0.7605309027532398,315.0,238.0,77.0,207.0,170.0
B_extended_bad__softimpute__36_explobatch__post0,0.7952301702285158,0.7605211286752653,95.0,239.0,-144.0,,
B_extended_bad__softimpute__01_raw__post0,0.7952301702285158,0.7605211286752653,95.0,239.0,-144.0,,
E3_iterative_r3__strict__31_ruv3prps__post1,0.7375349108543287,0.7603644246031712,259.0,241.0,18.0,170.0,171.0
S0_no_removal__softimpute__06_combat_seq__post1,0.7162537628033313,0.7600756447989278,322.0,242.0,80.0,212.0,172.0
K_ffpe_only__strict__13_fsmvn__post1,0.8671237640536386,0.7596341182744899,30.0,243.0,-213.0,,
C_rnaseq_only__softimpute__36_explobatch__post1,0.7178464712788175,0.7594853289369309,316.0,244.0,72.0,,
C_rnaseq_only__softimpute__01_raw__post1,0.7178464712788175,0.7594853289369309,316.0,244.0,72.0,,
H_affymetrix_extended__strict__31_ruv3prps__post1,0.7060606485408284,0.7590636918763273,345.0,246.0,99.0,230.0,173.0
E1_iterative_r1__strict__04_sva__post0,0.786565864425422,0.7590262942661773,123.0,247.0,-124.0,72.0,174.0
I_rare_batches_removed__softimpute__01_raw__post0,0.7140082787847231,0.7587601489577143,326.0,248.0,78.0,216.0,175.0
E3_iterative_r3__knn__06_combat_seq__post1,0.76545955311757,0.7575481305089421,187.0,249.0,-62.0,114.0,176.0
E3_iterative_r3__knn__08_inmoose_combatseq__post1,0.7652315879116521,0.757396828903147,188.0,250.0,-62.0,115.0,177.0
E3_iterative_r3__strict__17_quantile__post0,0.7647252137188589,0.7572719874412822,192.0,251.0,-59.0,118.0,178.0
E3_iterative_r3__strict__18_rank__post0,0.7721812123834196,0.7570130118267726,164.0,252.0,-88.0,99.0,179.0
I_rare_batches_removed__strict__27_dwd__post1,0.6808107962494575,0.7563288712123822,431.0,253.0,178.0,297.0,180.0
E2_iterative_r2__knn__31_ruv3prps__post1,0.7403792587693317,0.7558394195836785,248.0,254.0,-6.0,162.0,181.0
E3_iterative_r3__strict__15_fsqn_py__post0,0.7685726062961726,0.7557269042711412,180.0,255.0,-75.0,110.0,182.0
C_rnaseq_only__strict__31_ruv3prps__post1,0.7812171361454386,0.7554307523149282,134.0,256.0,-122.0,,
S0_no_removal__strict__01_raw__post1,0.746559907754047,0.7547244438386732,235.0,257.0,-22.0,153.0,183.0
S0_no_removal__softimpute__08_inmoose_combatseq__post0,0.713612907232345,0.7544266784731061,328.0,258.0,70.0,218.0,184.0
B_extended_bad__softimpute__05_combat__post0,0.6895529460993982,0.7541228547196828,406.0,259.0,147.0,,
K_ffpe_only__knn__13_fsmvn__post1,0.863739495848184,0.7538475637153484,32.0,260.0,-228.0,,
I_rare_batches_removed__strict__06_combat_seq__post1,0.6988248225232406,0.753697317875703,372.0,261.0,111.0,254.0,185.0
H_affymetrix_extended__softimpute__18_rank__post0,0.6832067923275545,0.75335755697916,427.0,262.0,165.0,293.0,186.0
I_rare_batches_removed__softimpute__18_rank__post1,0.723758711494734,0.7532632799311937,300.0,263.0,37.0,199.0,187.0
I_rare_batches_removed__strict__08_inmoose_combatseq__post1,0.6971444003339807,0.7531668496882831,378.0,264.0,114.0,259.0,188.0
A_confirmed_bad__knn__36_explobatch__post1,0.7665912344305216,0.7528200245683623,184.0,265.0,-81.0,,
A_confirmed_bad__knn__01_raw__post1,0.7665912344305216,0.7528200245683623,184.0,265.0,-81.0,,
H_affymetrix_extended__strict__08_inmoose_combatseq__post0,0.6566901436773276,0.7515705326683659,501.0,267.0,234.0,351.0,189.0
S0_no_removal__strict__01_raw__post0,0.7648845337778133,0.7513219258119125,191.0,268.0,-77.0,117.0,190.0
A_confirmed_bad__strict__04_sva__post1,0.78792545305304,0.7511070810349726,120.0,269.0,-149.0,,
I_rare_batches_removed__softimpute__06_combat_seq__post0,0.7084422951496113,0.7509158522156882,338.0,270.0,68.0,224.0,191.0
H_affymetrix_extended__strict__06_combat_seq__post0,0.6560001044561649,0.7507251406525078,505.0,271.0,234.0,355.0,192.0
B_extended_bad__strict__01_raw__post1,0.7424900936843916,0.7505568690877148,246.0,272.0,-26.0,,
A_confirmed_bad__strict__36_explobatch__post1,0.785864866714617,0.7495378730112633,127.0,273.0,-146.0,,
B_extended_bad__knn__08_inmoose_combatseq__post1,0.7712224478126829,0.7495104785544777,169.0,274.0,-105.0,,
B_extended_bad__knn__06_combat_seq__post1,0.7712990780027762,0.7495104451444483,168.0,275.0,-107.0,,
I_rare_batches_removed__strict__18_rank__post1,0.6887243445289437,0.7495015850320986,409.0,276.0,133.0,277.0,193.0
I_rare_batches_removed__strict__04_sva__post0,0.6881087606801558,0.749370118256902,413.0,277.0,136.0,280.0,194.0
E2_iterative_r2__knn__04_sva__post1,0.7292876589442914,0.7488511934651586,289.0,278.0,11.0,193.0,195.0
C_rnaseq_only__softimpute__25_angel__post1,0.7915418794538377,0.7469700468621466,108.0,279.0,-171.0,,
E3_iterative_r3__knn__36_explobatch__post1,0.7321103812418995,0.7467593429771159,277.0,280.0,-3.0,186.0,196.0
E3_iterative_r3__knn__01_raw__post1,0.7321103812418995,0.7467593429771159,277.0,280.0,-3.0,186.0,196.0
G_affymetrix_only__knn__03_limma__post1,0.6647369701887653,0.7463135874713994,480.0,282.0,198.0,,
S0_no_removal__strict__36_explobatch__post1,0.7379267322145674,0.7460912682991935,257.0,283.0,-26.0,169.0,198.0
I_rare_batches_removed__strict__09_ruv__post1,0.7231478005011339,0.7435100715454467,304.0,284.0,20.0,201.0,199.0
E2_iterative_r2__softimpute__36_explobatch__post1,0.7590635933059829,0.7433032668598081,201.0,285.0,-84.0,124.0,200.0
E2_iterative_r2__softimpute__01_raw__post1,0.7590635933059829,0.7433032668598081,201.0,285.0,-84.0,124.0,200.0
K_ffpe_only__strict__05_combat__post0,0.5977096340513223,0.743092401364902,701.0,287.0,414.0,,
K_ffpe_only__strict__29_combat_ref__post0,0.5976350294556791,0.7430177967692589,702.0,288.0,414.0,,
I_rare_batches_removed__strict__27_dwd__post0,0.6812285159456944,0.7419613306993827,430.0,289.0,141.0,296.0,202.0
A_confirmed_bad__strict__31_ruv3prps__post1,0.7782302162780481,0.7419032225746943,147.0,290.0,-143.0,,
A_confirmed_bad__strict__27_dwd__post1,0.7782302162780481,0.7419032225746943,147.0,290.0,-143.0,,
S0_no_removal__strict__36_explobatch__post0,0.7552709027823111,0.7417082948164103,212.0,292.0,-80.0,133.0,203.0
I_rare_batches_removed__knn__08_inmoose_combatseq__post0,0.7145432031539157,0.7416677667756401,324.0,293.0,31.0,214.0,204.0
I_rare_batches_removed__knn__06_combat_seq__post0,0.7140086169575368,0.741361145785179,325.0,294.0,31.0,215.0,205.0
I_rare_batches_removed__knn__06_combat_seq__post1,0.6666262582350312,0.740972406646148,475.0,295.0,180.0,332.0,206.0
I_rare_batches_removed__knn__08_inmoose_combatseq__post1,0.6667795520252472,0.7409723732361186,473.0,296.0,177.0,331.0,207.0
I_rare_batches_removed__softimpute__08_inmoose_combatseq__post1,0.697842955132328,0.7409177360969038,376.0,297.0,79.0,257.0,208.0
G_affymetrix_only__softimpute__02_median_scaling__post1,0.7897563647108301,0.7403804172859215,114.0,298.0,-184.0,,
B_extended_bad__strict__04_sva__post1,0.7304176157679936,0.7402155534519191,283.0,299.0,-16.0,,
F_microarray_only__knn__06_combat_seq__post0,0.6564740212049671,0.7400477822999032,502.0,300.0,202.0,352.0,209.0
G_affymetrix_only__knn__13_fsmvn__post1,0.6644323375407252,0.7392557354663365,481.0,301.0,180.0,,
B_extended_bad__strict__36_explobatch__post1,0.7306942981448353,0.7387610735481588,282.0,302.0,-20.0,,
B_extended_bad__strict__14_qsmooth__post0,0.7551179889966017,0.7386245346879013,213.0,303.0,-90.0,,
S0_no_removal__softimpute__06_combat_seq__post0,0.6976508281457218,0.7383879357863602,377.0,304.0,73.0,258.0,210.0
S0_no_removal__strict__27_dwd__post0,0.7518260543712487,0.738263446405348,217.0,305.0,-88.0,135.0,211.0
S0_no_removal__strict__31_ruv3prps__post0,0.7518260543712487,0.738263446405348,217.0,305.0,-88.0,135.0,211.0
A_confirmed_bad__strict__01_raw__post0,0.7853253566882618,0.7380855587148724,128.0,307.0,-179.0,,
S0_no_removal__softimpute__27_dwd__post0,0.7457877557170102,0.7377494587983718,237.0,308.0,-71.0,155.0,213.0
S0_no_removal__strict__31_ruv3prps__post1,0.7294912988057286,0.7376558348903548,286.0,309.0,-23.0,190.0,214.0
S0_no_removal__strict__27_dwd__post1,0.7294912988057286,0.7376558348903548,286.0,309.0,-23.0,190.0,214.0
K_ffpe_only__softimpute__05_combat__post0,0.5871763094705192,0.7375462619809722,747.0,311.0,436.0,,
K_ffpe_only__softimpute__29_combat_ref__post0,0.5866196296397095,0.7368745867499786,749.0,312.0,437.0,,
C_rnaseq_only__knn__25_angel__post0,0.7841573276146301,0.7365409235680004,130.0,313.0,-183.0,76.0,216.0
C_rnaseq_only__knn__01_raw__post0,0.7798761471301474,0.7364053452845081,142.0,314.0,-172.0,86.0,217.0
C_rnaseq_only__knn__36_explobatch__post0,0.7798761471301474,0.7364053452845081,142.0,314.0,-172.0,86.0,217.0
K_ffpe_only__softimpute__03_limma__post1,0.7865011117159312,0.7363407327004307,124.0,316.0,-192.0,,
C_rnaseq_only__knn__08_inmoose_combatseq__post0,0.7478730146552147,0.7361287381954923,229.0,317.0,-88.0,147.0,219.0
C_rnaseq_only__knn__06_combat_seq__post0,0.7478730146552147,0.7361287381954923,229.0,317.0,-88.0,147.0,219.0
H_affymetrix_extended__strict__18_rank__post0,0.6591176463659618,0.7360874202395836,493.0,319.0,174.0,347.0,221.0
E3_iterative_r3__knn__31_ruv3prps__post1,0.7208828212847006,0.7355317830199168,309.0,320.0,-11.0,206.0,222.0
F_microarray_only__knn__01_raw__post0,0.6748678202203519,0.7347950835268936,443.0,321.0,122.0,307.0,223.0
F_microarray_only__knn__36_explobatch__post0,0.6748678202203519,0.7347950835268936,443.0,321.0,122.0,307.0,223.0
S0_no_removal__softimpute__31_ruv3prps__post0,0.7428024693603165,0.7347641724416781,244.0,323.0,-79.0,159.0,225.0
C_rnaseq_only__knn__31_ruv3prps__post0,0.7748109528033842,0.7313401509577449,155.0,324.0,-169.0,95.0,226.0
B_extended_bad__softimpute__36_explobatch__post1,0.769178622351634,0.7313084518322869,174.0,325.0,-151.0,,
B_extended_bad__softimpute__01_raw__post1,0.769178622351634,0.7313084518322869,174.0,325.0,-151.0,,
S0_no_removal__softimpute__19_tdm__post1,0.6965091359031982,0.7312735551487899,380.0,327.0,53.0,261.0,227.0
S0_no_removal__strict__04_sva__post1,0.7234820578253139,0.7308951498670897,303.0,328.0,-25.0,200.0,228.0
G_affymetrix_only__knn__25_angel__post1,0.6846764098330794,0.7302000973434617,421.0,329.0,92.0,,
E3_iterative_r3__knn__04_sva__post1,0.7138204563592133,0.7295730924128995,327.0,330.0,-3.0,217.0,229.0
I_rare_batches_removed__softimpute__14_qsmooth__post1,0.7053949950296455,0.7290899525903519,348.0,331.0,17.0,233.0,230.0
E1_iterative_r1__knn__06_combat_seq__post0,0.7504049534688956,0.7287141842881985,223.0,332.0,-109.0,141.0,231.0
B_extended_bad__strict__31_ruv3prps__post1,0.7205305214842544,0.7285972968875778,310.0,333.0,-23.0,,
E3_iterative_r3__softimpute__01_raw__post0,0.7571676369006207,0.7278495261499053,208.0,334.0,-126.0,129.0,232.0
E3_iterative_r3__softimpute__36_explobatch__post0,0.7571676369006207,0.7278495261499053,208.0,334.0,-126.0,129.0,232.0
A_confirmed_bad__strict__36_explobatch__post0,0.7745139341535108,0.7272741361801215,156.0,336.0,-180.0,,
E1_iterative_r1__knn__08_inmoose_combatseq__post0,0.7484157510546067,0.7267249818739095,228.0,337.0,-109.0,146.0,234.0
B_extended_bad__knn__01_raw__post1,0.7185558756537995,0.7266845175181263,313.0,338.0,-25.0,,
B_extended_bad__knn__36_explobatch__post1,0.7185558756537995,0.7266845175181263,313.0,338.0,-25.0,,
S0_no_removal__knn__08_inmoose_combatseq__post0,0.7224479883545968,0.726461514931014,307.0,340.0,-33.0,204.0,235.0
S0_no_removal__knn__06_combat_seq__post0,0.7225246519547195,0.726461514931014,305.0,340.0,-35.0,202.0,235.0
S0_no_removal__strict__04_sva__post0,0.739330912381623,0.726374523636128,252.0,342.0,-90.0,165.0,237.0
H_affymetrix_extended__softimpute__27_dwd__post0,0.6765997332430636,0.7262619361862043,438.0,343.0,95.0,303.0,238.0
H_affymetrix_extended__softimpute__16_fsqn_r__post0,0.6765997332430636,0.7262619361862043,438.0,343.0,95.0,303.0,238.0
A_confirmed_bad__strict__31_ruv3prps__post0,0.7732576945801762,0.7260178966067868,158.0,345.0,-187.0,,
A_confirmed_bad__strict__27_dwd__post0,0.7732576945801762,0.7260178966067868,158.0,345.0,-187.0,,
S0_no_removal__knn__06_combat_seq__post1,0.6847226413838773,0.7259744216754064,420.0,347.0,73.0,287.0,240.0
I_rare_batches_removed__knn__25_angel__post1,0.6989663007351532,0.7259026214014487,371.0,348.0,23.0,253.0,241.0
H_affymetrix_extended__softimpute__18_rank__post1,0.6534468893243337,0.7255990099569289,516.0,349.0,167.0,363.0,242.0
S0_no_removal__knn__08_inmoose_combatseq__post1,0.6842646853775914,0.7254398020689979,423.0,350.0,73.0,289.0,243.0
E3_iterative_r3__knn__01_raw__post0,0.7050101934177958,0.7245575231830618,349.0,351.0,-2.0,234.0,244.0
E3_iterative_r3__knn__36_explobatch__post0,0.7050101934177958,0.7245575231830618,349.0,351.0,-2.0,234.0,244.0
I_rare_batches_removed__softimpute__25_angel__post0,0.704795486245917,0.724188699172423,353.0,353.0,0.0,238.0,246.0
H_affymetrix_extended__softimpute__16_fsqn_r__post1,0.6135286406652051,0.7241698539180034,639.0,354.0,285.0,452.0,247.0
H_affymetrix_extended__softimpute__27_dwd__post1,0.6135286406652051,0.7241698539180034,639.0,354.0,285.0,452.0,247.0
I_rare_batches_removed__strict__09_ruv__post0,0.7282174670999648,0.7241296458389684,295.0,356.0,-61.0,198.0,249.0
S0_no_removal__strict__14_qsmooth__post1,0.7464124318425057,0.723741463774526,236.0,357.0,-121.0,154.0,250.0
A_confirmed_bad__strict__08_inmoose_combatseq__post0,0.7235259524567419,0.723692411688804,301.0,358.0,-57.0,,
A_confirmed_bad__strict__06_combat_seq__post0,0.7235259524567419,0.723692411688804,301.0,358.0,-57.0,,
A_confirmed_bad__knn__31_ruv3prps__post1,0.737309715776299,0.7235385059141398,260.0,360.0,-100.0,,
I_rare_batches_removed__knn__25_angel__post0,0.6962951865888124,0.7233000684774299,383.0,361.0,22.0,262.0,251.0
I_rare_batches_removed__softimpute__27_dwd__post0,0.677763798064564,0.7228121946657952,436.0,362.0,74.0,301.0,252.0
C_rnaseq_only__softimpute__25_angel__post0,0.7837699707656194,0.7222182322082024,131.0,363.0,-232.0,77.0,253.0
E1_iterative_r1__knn__05_combat__post0,0.6714812197981348,0.7219345890346148,460.0,364.0,96.0,320.0,254.0
I_rare_batches_removed__strict__15_fsqn_py__post1,0.6611386191056473,0.7212519109465666,488.0,365.0,123.0,342.0,255.0
E2_iterative_r2__softimpute__01_raw__post0,0.7933748115424305,0.7212027954524814,101.0,366.0,-265.0,56.0,256.0
E2_iterative_r2__softimpute__36_explobatch__post0,0.7933748115424305,0.7212027954524814,101.0,366.0,-265.0,56.0,256.0
H_affymetrix_extended__softimpute__25_angel__post0,0.6665547948737114,0.7209588285944344,476.0,368.0,108.0,333.0,258.0
A_confirmed_bad__knn__27_dwd__post1,0.734473772251009,0.7207025623888498,272.0,369.0,-97.0,,
A_confirmed_bad__knn__04_sva__post1,0.7291980646946081,0.7205683800267927,290.0,370.0,-80.0,,
H_affymetrix_extended__knn__04_sva__post1,0.6079600644486954,0.7205544828991556,663.0,371.0,292.0,470.0,259.0
C_rnaseq_only__knn__01_raw__post1,0.7196316722994975,0.7204728948082325,311.0,372.0,-61.0,,
C_rnaseq_only__knn__36_explobatch__post1,0.7196316722994975,0.7204728948082325,311.0,372.0,-61.0,,
A_confirmed_bad__strict__04_sva__post0,0.7669440376712405,0.7200492258984031,181.0,374.0,-193.0,,
I_rare_batches_removed__softimpute__25_angel__post1,0.6993983328177228,0.7194129569230109,369.0,375.0,-6.0,252.0,260.0
F_microarray_only__softimpute__05_combat__post1,0.5767278618399587,0.7185333778563684,788.0,376.0,412.0,559.0,261.0
D_malignant_only__strict__01_raw__post1,0.6870398060980446,0.71834859554375,416.0,377.0,39.0,283.0,262.0
E1_iterative_r1__softimpute__01_raw__post0,0.7892728454523922,0.7182708848142928,115.0,378.0,-263.0,65.0,263.0
E1_iterative_r1__softimpute__36_explobatch__post0,0.7892728454523922,0.7182708848142928,115.0,378.0,-263.0,65.0,263.0
E2_iterative_r2__knn__06_combat_seq__post0,0.7385278381329395,0.7178301080484125,254.0,380.0,-126.0,166.0,265.0
E2_iterative_r2__knn__08_inmoose_combatseq__post0,0.738453200127267,0.7175254792423721,255.0,381.0,-126.0,167.0,266.0
I_rare_batches_removed__strict__17_quantile__post1,0.6552699904118847,0.7162326586375037,511.0,382.0,129.0,360.0,267.0
H_affymetrix_extended__softimpute__25_angel__post1,0.6621551703179055,0.7161799372269155,486.0,383.0,103.0,340.0,268.0
S0_no_removal__softimpute__04_sva__post0,0.7395130152836501,0.716152967449409,251.0,384.0,-133.0,164.0,269.0
F_microarray_only__softimpute__14_qsmooth__post1,0.6929423223202948,0.7157708747700763,393.0,385.0,8.0,268.0,270.0
K_ffpe_only__strict__04_sva__post1,0.6150439523640816,0.7156217548975992,634.0,386.0,248.0,,
H_affymetrix_extended__strict__17_quantile__post0,0.6393384667949847,0.7151208131694385,557.0,387.0,170.0,393.0,271.0
F_microarray_only__softimpute__05_combat__post0,0.5727810309952249,0.714211331388822,798.0,388.0,410.0,568.0,272.0
C_rnaseq_only__softimpute__31_ruv3prps__post1,0.6722856628591036,0.7141161795175237,456.0,389.0,67.0,,
C_rnaseq_only__strict__19_tdm__post1,0.744197834366419,0.7137668482919345,240.0,390.0,-150.0,,
G_affymetrix_only__knn__02_median_scaling__post1,0.7542463145062471,0.7137478796324843,214.0,391.0,-177.0,,
H_affymetrix_extended__strict__15_fsqn_py__post0,0.6378919863649052,0.7136743327393588,564.0,392.0,172.0,399.0,273.0
I_rare_batches_removed__strict__14_qsmooth__post0,0.7035259217109086,0.7130226637997263,360.0,393.0,-33.0,244.0,274.0
B_extended_bad__knn__04_sva__post1,0.7069437989152405,0.7126316681313273,342.0,394.0,-52.0,,
F_microarray_only__softimpute__01_raw__post0,0.6910840427462529,0.7123366655477447,399.0,395.0,4.0,272.0,275.0
F_microarray_only__softimpute__36_explobatch__post0,0.6910840427462529,0.7123366655477447,399.0,395.0,4.0,272.0,275.0
A_confirmed_bad__softimpute__18_rank__post0,0.6415631587410853,0.7111982894427388,548.0,397.0,151.0,,
F_microarray_only__strict__17_quantile__post1,0.6447620996385798,0.7104470980036847,537.0,398.0,139.0,378.0,277.0
E3_iterative_r3__knn__04_sva__post0,0.6893991027956491,0.7102193298462476,407.0,399.0,8.0,276.0,278.0
F_microarray_only__strict__15_fsqn_py__post1,0.643773575214786,0.7094585735798908,544.0,400.0,144.0,383.0,279.0
F_microarray_only__softimpute__25_angel__post0,0.7045073543718711,0.7094076793321523,355.0,401.0,-46.0,240.0,280.0
E2_iterative_r2__strict__25_angel__post0,0.6821678254905549,0.7091086779952814,429.0,402.0,27.0,295.0,281.0
H_affymetrix_extended__strict__14_qsmooth__post1,0.6298808787402684,0.7083963871720284,581.0,403.0,178.0,410.0,282.0
E2_iterative_r2__knn__05_combat__post0,0.6596443073621985,0.7081104997788397,491.0,404.0,87.0,345.0,283.0
J_ff_only__knn__08_inmoose_combatseq__post0,0.7102911503137556,0.7070851836128803,333.0,405.0,-72.0,221.0,284.0
F_microarray_only__softimpute__25_angel__post1,0.7031620617329314,0.7069286374469739,362.0,406.0,-44.0,246.0,285.0
J_ff_only__knn__06_combat_seq__post0,0.7099159346909429,0.7065566407898225,335.0,407.0,-72.0,222.0,286.0
S0_no_removal__softimpute__05_combat__post0,0.5968975303195743,0.703755945936674,705.0,408.0,297.0,500.0,287.0
D_malignant_only__strict__04_sva__post1,0.671748453099441,0.703664474562777,459.0,409.0,50.0,319.0,288.0
A_confirmed_bad__softimpute__36_explobatch__post1,0.7242078334835321,0.7036351409411669,298.0,410.0,-112.0,,
A_confirmed_bad__softimpute__01_raw__post1,0.7242078334835321,0.7036351409411669,298.0,410.0,-112.0,,
E3_iterative_r3__knn__31_ruv3prps__post0,0.6839037457343227,0.7034510754995885,424.0,412.0,12.0,290.0,289.0
D_malignant_only__knn__05_combat__post0,0.569232821788728,0.7028584037694792,820.0,413.0,407.0,582.0,290.0
E1_iterative_r1__strict__25_angel__post0,0.6761986644354335,0.7025366451004134,440.0,414.0,26.0,305.0,291.0
D_malignant_only__strict__36_explobatch__post1,0.6710338774697021,0.7025343259157141,462.0,415.0,47.0,322.0,292.0
H_affymetrix_extended__softimpute__04_sva__post0,0.6496394061182625,0.7021802362659195,529.0,416.0,113.0,372.0,293.0
F_microarray_only__softimpute__19_tdm__post1,0.6432602733125484,0.701622387253129,545.0,417.0,128.0,384.0,294.0
S0_no_removal__softimpute__05_combat__post1,0.5953441777214857,0.701528825693083,711.0,418.0,293.0,504.0,295.0
G_affymetrix_only__knn__25_angel__post0,0.6952316691278376,0.7014055780156379,389.0,419.0,-30.0,,
B_extended_bad__strict__18_rank__post0,0.7450131745218745,0.6999053147072928,239.0,420.0,-181.0,,
E2_iterative_r2__strict__25_angel__post1,0.6728318226492771,0.6997307556485177,455.0,421.0,34.0,316.0,296.0
B_extended_bad__knn__31_ruv3prps__post1,0.6912685691355874,0.6993972109999143,397.0,422.0,-25.0,,
C_rnaseq_only__knn__31_ruv3prps__post1,0.6980779564228176,0.6988041835313687,374.0,423.0,-49.0,,
E3_iterative_r3__softimpute__36_explobatch__post1,0.7345396526335158,0.6987585566344837,270.0,424.0,-154.0,180.0,297.0
E3_iterative_r3__softimpute__01_raw__post1,0.7345396526335158,0.6987585566344837,270.0,424.0,-154.0,180.0,297.0
H_affymetrix_extended__softimpute__04_sva__post1,0.5861811322554116,0.6969645319389794,752.0,426.0,326.0,534.0,299.0
F_microarray_only__knn__01_raw__post1,0.6223239173489102,0.6963337655831343,602.0,427.0,175.0,427.0,300.0
F_microarray_only__knn__36_explobatch__post1,0.6223239173489102,0.6963337655831343,602.0,427.0,175.0,427.0,300.0
A_confirmed_bad__knn__08_inmoose_combatseq__post0,0.7121444418349542,0.6951550773731093,330.0,429.0,-99.0,,
J_ff_only__knn__06_combat_seq__post1,0.7043465909812053,0.6950017684761506,356.0,430.0,-74.0,241.0,302.0
J_ff_only__knn__08_inmoose_combatseq__post1,0.7041932637809599,0.6950017684761506,357.0,430.0,-73.0,242.0,302.0
E3_iterative_r3__strict__25_angel__post0,0.6736779788388757,0.6949527286848275,450.0,432.0,18.0,313.0,304.0
K_ffpe_only__softimpute__04_sva__post0,0.5595420994402244,0.6948887157293272,853.0,433.0,420.0,,
F_microarray_only__softimpute__16_fsqn_r__post0,0.6736161596959404,0.694715455297187,451.0,434.0,17.0,314.0,305.0
J_ff_only__strict__06_combat_seq__post0,0.7094337633750479,0.6944725511055211,336.0,435.0,-99.0,223.0,306.0
J_ff_only__strict__08_inmoose_combatseq__post0,0.7082858683776876,0.693707974108774,339.0,436.0,-97.0,225.0,307.0
D_malignant_only__strict__06_combat_seq__post1,0.6794078779180476,0.6933022885545196,433.0,437.0,-4.0,298.0,308.0
D_malignant_only__strict__31_ruv3prps__post1,0.6618016057004218,0.6933020541464338,487.0,438.0,49.0,341.0,309.0
K_ffpe_only__strict__08_inmoose_combatseq__post0,0.6912575165015845,0.6931108324271652,398.0,439.0,-41.0,,
A_confirmed_bad__knn__06_combat_seq__post0,0.7100806014149929,0.693091236953148,334.0,440.0,-106.0,,
F_microarray_only__knn__04_sva__post0,0.6345393545834735,0.6930535597683636,573.0,441.0,132.0,405.0,310.0
D_malignant_only__strict__08_inmoose_combatseq__post1,0.6790265855118846,0.6928443325482339,434.0,442.0,-8.0,299.0,311.0
C_rnaseq_only__softimpute__01_raw__post0,0.7905108098164867,0.6928288177082026,111.0,443.0,-332.0,63.0,312.0
C_rnaseq_only__softimpute__36_explobatch__post0,0.7905108098164867,0.6928288177082026,111.0,443.0,-332.0,63.0,312.0
K_ffpe_only__strict__04_sva__post0,0.6523847922660164,0.6925438501819503,519.0,445.0,74.0,,
E1_iterative_r1__strict__25_angel__post1,0.6662836793700196,0.6922227552567527,477.0,446.0,31.0,334.0,314.0
K_ffpe_only__strict__06_combat_seq__post0,0.6885783416861916,0.6920476699976987,411.0,447.0,-36.0,,
A_confirmed_bad__softimpute__18_rank__post1,0.6232092174912031,0.6914502242294974,597.0,448.0,149.0,,
F_microarray_only__knn__16_fsqn_r__post0,0.6316285915257093,0.6914025276320057,576.0,449.0,127.0,408.0,315.0
F_microarray_only__softimpute__31_ruv3prps__post0,0.6698842928223453,0.6909835884235919,464.0,450.0,14.0,324.0,316.0
J_ff_only__strict__08_inmoose_combatseq__post1,0.7069633857370746,0.690807656387804,341.0,451.0,-110.0,227.0,317.0
J_ff_only__strict__06_combat_seq__post1,0.7068866887269225,0.6908076229777745,343.0,452.0,-109.0,228.0,318.0
H_affymetrix_extended__strict__20_shambhala__post1,0.6216167140862928,0.6902726930299982,606.0,453.0,153.0,429.0,319.0
F_microarray_only__strict__17_quantile__post0,0.669590918662652,0.6901006289504608,466.0,454.0,12.0,326.0,320.0
D_malignant_only__softimpute__06_combat_seq__post0,0.685710013438281,0.690029267448237,418.0,455.0,-37.0,285.0,321.0
H_affymetrix_extended__knn__08_inmoose_combatseq__post1,0.5793992183857447,0.6899453145296582,778.0,456.0,322.0,550.0,322.0
F_microarray_only__strict__15_fsqn_py__post0,0.6689796354561208,0.6894893457439296,470.0,457.0,13.0,329.0,323.0
F_microarray_only__strict__25_angel__post0,0.6623428099564372,0.689413094513319,485.0,458.0,27.0,339.0,324.0
C_rnaseq_only__knn__06_combat_seq__post1,0.7028576066006452,0.6892994274768474,363.0,459.0,-96.0,247.0,325.0
C_rnaseq_only__knn__08_inmoose_combatseq__post1,0.7028576066006452,0.6892994274768474,363.0,459.0,-96.0,247.0,325.0
B_extended_bad__strict__25_angel__post0,0.6960373457780703,0.6890531304459819,385.0,461.0,-76.0,,
D_malignant_only__softimpute__08_inmoose_combatseq__post0,0.6846489100132942,0.6885848460226369,422.0,462.0,-40.0,288.0,327.0
B_extended_bad__strict__15_fsqn_py__post0,0.7392599589612394,0.6882496199151805,253.0,463.0,-210.0,,
C_rnaseq_only__strict__14_qsmooth__post1,0.6582850253415246,0.6881683799401664,495.0,464.0,31.0,,
B_extended_bad__strict__25_angel__post1,0.6899115205000754,0.6877365470422291,404.0,465.0,-61.0,,
H_affymetrix_extended__strict__31_ruv3prps__post0,0.6255290737413126,0.6870110837846907,589.0,466.0,123.0,417.0,328.0
B_extended_bad__strict__17_quantile__post0,0.7376540411375344,0.6868108994638882,258.0,467.0,-209.0,,
F_microarray_only__strict__18_rank__post1,0.6258218510847724,0.6867290901198864,588.0,468.0,120.0,416.0,329.0
B_extended_bad__knn__01_raw__post0,0.696439577144074,0.686538711796392,381.0,469.0,-88.0,,
B_extended_bad__knn__36_explobatch__post0,0.696439577144074,0.686538711796392,381.0,469.0,-88.0,,
K_ffpe_only__knn__06_combat_seq__post0,0.6203942301686483,0.6863799949774946,608.0,471.0,137.0,,
K_ffpe_only__knn__08_inmoose_combatseq__post0,0.6200896347726371,0.6863053903818516,612.0,472.0,140.0,,
F_microarray_only__strict__14_qsmooth__post1,0.6427662525780168,0.68579334624274,547.0,473.0,74.0,386.0,330.0
D_malignant_only__strict__06_combat_seq__post0,0.671182678840404,0.6853108224771605,461.0,474.0,-13.0,321.0,331.0
H_affymetrix_extended__strict__06_combat_seq__post1,0.5904291699138925,0.6852392810771427,729.0,475.0,254.0,518.0,332.0
E3_iterative_r3__strict__25_angel__post1,0.6653003169648155,0.6848850343971363,478.0,476.0,2.0,335.0,333.0
K_ffpe_only__knn__06_combat_seq__post1,0.5863041456169787,0.6843112971326796,751.0,477.0,274.0,,
K_ffpe_only__knn__08_inmoose_combatseq__post1,0.5874561586232984,0.6842366925370366,744.0,478.0,266.0,,
D_malignant_only__strict__08_inmoose_combatseq__post0,0.669203604398366,0.683638402435613,469.0,479.0,-10.0,328.0,334.0
K_ffpe_only__softimpute__04_sva__post1,0.5505066156947472,0.6833881522022077,885.0,480.0,405.0,,
S0_no_removal__strict__14_qsmooth__post0,0.7428922334878583,0.6830225622947089,242.0,481.0,-239.0,157.0,335.0
K_ffpe_only__strict__08_inmoose_combatseq__post1,0.6500059924253314,0.6824304724277704,525.0,482.0,43.0,,
K_ffpe_only__knn__04_sva__post0,0.5505664274082069,0.6817046480683638,883.0,483.0,400.0,,
K_ffpe_only__strict__06_combat_seq__post1,0.6528506480076707,0.6809900687810413,518.0,484.0,34.0,,
G_affymetrix_only__strict__25_angel__post0,0.6101979452267362,0.6808560697899461,652.0,485.0,167.0,,
D_malignant_only__knn__06_combat_seq__post0,0.6519378867114776,0.6806824452438102,520.0,486.0,34.0,365.0,336.0
F_microarray_only__strict__25_angel__post1,0.6537881317266975,0.6802289027269964,513.0,487.0,26.0,362.0,337.0
D_malignant_only__strict__25_angel__post1,0.6838362329937189,0.6800877846333998,426.0,488.0,-62.0,292.0,338.0
K_ffpe_only__softimpute__08_inmoose_combatseq__post1,0.5835204853913671,0.6793891584814342,761.0,489.0,272.0,,
K_ffpe_only__softimpute__06_combat_seq__post1,0.5819105497887912,0.6793891584814342,770.0,489.0,281.0,,
G_affymetrix_only__knn__11_harmony__post1,0.6169449922575598,0.6784498995894976,628.0,491.0,137.0,,
H_affymetrix_extended__softimpute__08_inmoose_combatseq__post1,0.5681545756223328,0.6780069571652261,824.0,492.0,332.0,586.0,339.0
D_malignant_only__knn__06_combat_seq__post1,0.668580486726261,0.6770890477123781,471.0,493.0,-22.0,330.0,340.0
H_affymetrix_extended__softimpute__06_combat_seq__post1,0.5672548349553332,0.6766553372752911,829.0,494.0,335.0,590.0,341.0
G_affymetrix_only__softimpute__05_combat__post1,0.5720247399931282,0.6761636512778735,799.0,495.0,304.0,,
F_microarray_only__strict__18_rank__post0,0.6532955643130764,0.6761416433046684,517.0,496.0,21.0,364.0,342.0
F_microarray_only__knn__31_ruv3prps__post0,0.6162531289471471,0.6760270650534438,631.0,497.0,134.0,445.0,343.0
H_affymetrix_extended__strict__08_inmoose_combatseq__post1,0.5809654543921655,0.6756242639496205,774.0,498.0,276.0,547.0,344.0
D_malignant_only__knn__08_inmoose_combatseq__post0,0.6465292396184509,0.6751971345506608,533.0,499.0,34.0,375.0,345.0
K_ffpe_only__knn__04_sva__post1,0.5338590000722986,0.6750276897928393,965.0,500.0,465.0,,
C_rnaseq_only__knn__22_tmm__post1,0.6667179511539988,0.6739878782998895,474.0,501.0,-27.0,,
C_rnaseq_only__strict__22_tmm__post1,0.5989787423104461,0.6714350110995513,694.0,502.0,192.0,,
C_rnaseq_only__softimpute__04_sva__post0,0.7154994212165149,0.67099796944894,323.0,503.0,-180.0,213.0,346.0
G_affymetrix_only__softimpute__11_harmony__post1,0.6050042477511375,0.6704459757820052,680.0,504.0,176.0,,
S0_no_removal__softimpute__14_qsmooth__post1,0.6879240889710246,0.6703959678835977,415.0,505.0,-90.0,282.0,347.0
C_rnaseq_only__strict__17_quantile__post0,0.7008216998544435,0.6697260098113182,367.0,506.0,-139.0,251.0,348.0
C_rnaseq_only__strict__19_tdm__post0,0.729314319133462,0.6696413022625262,288.0,507.0,-219.0,192.0,349.0
G_affymetrix_only__softimpute__25_angel__post0,0.6217332059146243,0.668361188533788,605.0,508.0,97.0,,
B_extended_bad__strict__14_qsmooth__post1,0.7093530557321444,0.6682938785739285,337.0,509.0,-172.0,,
A_confirmed_bad__strict__17_quantile__post0,0.6695013829035723,0.6669502668559616,468.0,510.0,-42.0,,
C_rnaseq_only__strict__18_rank__post0,0.700953885636832,0.6666649661053912,366.0,511.0,-145.0,250.0,350.0
F_microarray_only__knn__16_fsqn_r__post1,0.592532641774838,0.6666130768258341,719.0,512.0,207.0,510.0,351.0
A_confirmed_bad__softimpute__31_ruv3prps__post0,0.7134156159373172,0.6664477111037269,329.0,513.0,-184.0,,
H_affymetrix_extended__softimpute__11_harmony__post0,0.5872160822970922,0.6653421616127791,746.0,514.0,232.0,531.0,352.0
E3_iterative_r3__softimpute__18_rank__post0,0.6280276063214923,0.6643021920599615,584.0,515.0,69.0,412.0,353.0
B_extended_bad__knn__31_ruv3prps__post0,0.6741658618252058,0.6642649964775238,447.0,516.0,-69.0,,
E1_iterative_r1__softimpute__18_rank__post0,0.6123451306994515,0.6641517343570846,645.0,517.0,128.0,458.0,354.0
D_malignant_only__softimpute__25_angel__post1,0.6574633528175301,0.6627183627992477,498.0,518.0,-20.0,349.0,355.0
D_malignant_only__knn__08_inmoose_combatseq__post1,0.654204533002317,0.662711068393984,512.0,519.0,-7.0,361.0,356.0
F_microarray_only__knn__04_sva__post1,0.5882238953113351,0.6624606959542519,742.0,520.0,222.0,529.0,357.0
E2_iterative_r2__softimpute__18_rank__post0,0.6128532922366096,0.6621320226846449,641.0,521.0,120.0,454.0,358.0
S0_no_removal__strict__25_angel__post0,0.6773716777660126,0.6619795288602387,437.0,522.0,-85.0,302.0,359.0
H_affymetrix_extended__knn__31_ruv3prps__post1,0.5914349027465536,0.6617865102377101,727.0,523.0,204.0,516.0,360.0
S0_no_removal__knn__01_raw__post1,0.6505605494898344,0.6597065890818975,523.0,524.0,-1.0,367.0,361.0
S0_no_removal__softimpute__18_rank__post0,0.6639134295769406,0.6578276512137774,482.0,525.0,-43.0,336.0,362.0
D_malignant_only__softimpute__06_combat_seq__post1,0.643107909578252,0.6574079197542894,546.0,526.0,20.0,385.0,363.0
S0_no_removal__strict__05_combat__post0,0.5280843026311612,0.6571729993609453,982.0,527.0,455.0,693.0,364.0
D_malignant_only__softimpute__18_rank__post1,0.6552702579687438,0.6561068284766653,510.0,528.0,-18.0,359.0,365.0
B_extended_bad__softimpute__31_ruv3prps__post0,0.6904823738212448,0.6557733322679942,401.0,529.0,-128.0,,
C_rnaseq_only__strict__15_fsqn_py__post0,0.6848982281468361,0.6557674333845978,419.0,530.0,-111.0,286.0,366.0
H_affymetrix_extended__knn__18_rank__post0,0.5621566267093424,0.6553996487424542,844.0,531.0,313.0,601.0,367.0
I_rare_batches_removed__knn__01_raw__post0,0.606035528729208,0.6553606418569414,674.0,532.0,142.0,480.0,368.0
D_malignant_only__softimpute__08_inmoose_combatseq__post1,0.6407556785178811,0.6551323522940409,552.0,533.0,19.0,389.0,369.0
C_rnaseq_only__softimpute__04_sva__post1,0.7064890296325546,0.6543550349803985,344.0,534.0,-190.0,229.0,370.0
B_extended_bad__knn__04_sva__post0,0.6734447953213886,0.6540409051088824,452.0,535.0,-83.0,,
D_malignant_only__knn__36_explobatch__post1,0.6721773329749364,0.6540326243700875,457.0,536.0,-79.0,317.0,371.0
D_malignant_only__knn__01_raw__post1,0.6721773329749364,0.6540326243700875,457.0,536.0,-79.0,317.0,371.0
G_affymetrix_only__softimpute__25_angel__post1,0.6199146761305253,0.6539194374606346,615.0,538.0,77.0,,
J_ff_only__softimpute__08_inmoose_combatseq__post0,0.7056934601309343,0.6534819435759225,346.0,539.0,-193.0,231.0,373.0
J_ff_only__softimpute__06_combat_seq__post0,0.7056248989086122,0.6533367187534779,347.0,540.0,-193.0,232.0,374.0
A_confirmed_bad__strict__17_quantile__post1,0.6559358637315543,0.6530254278277485,506.0,541.0,-35.0,,
A_confirmed_bad__strict__15_fsqn_py__post0,0.6576468497968327,0.6514080875545175,497.0,542.0,-45.0,,
A_confirmed_bad__softimpute__14_qsmooth__post0,0.6648437657626682,0.651295319791864,479.0,543.0,-64.0,,
I_rare_batches_removed__knn__01_raw__post1,0.5746487023990069,0.6512635852585366,791.0,544.0,247.0,562.0,375.0
S0_no_removal__strict__25_angel__post1,0.674630703309675,0.6511918289524236,445.0,545.0,-100.0,309.0,376.0
I_rare_batches_removed__strict__18_rank__post0,0.6386552052915979,0.6508953232402461,558.0,546.0,12.0,394.0,377.0
J_ff_only__softimpute__08_inmoose_combatseq__post1,0.7039704753469108,0.6492698808658385,358.0,547.0,-189.0,243.0,378.0
D_malignant_only__strict__01_raw__post0,0.65590034261553,0.6491029282902788,507.0,548.0,-41.0,356.0,379.0
H_affymetrix_extended__softimpute__19_tdm__post0,0.5942567585349172,0.6489697125753464,712.0,549.0,163.0,505.0,380.0
J_ff_only__softimpute__06_combat_seq__post1,0.7034480093072034,0.6489007420263765,361.0,550.0,-189.0,245.0,381.0
C_rnaseq_only__strict__10_mnn__post0,0.6740639740217205,0.6488896115380917,448.0,551.0,-103.0,311.0,382.0
B_extended_bad__strict__19_tdm__post1,0.6288519000113625,0.6479951751819827,582.0,552.0,30.0,,
S0_no_removal__knn__31_ruv3prps__post1,0.6386283054692218,0.6475826860609782,559.0,553.0,6.0,395.0,383.0
S0_no_removal__knn__25_angel__post0,0.6277911050221118,0.6475199486493787,585.0,554.0,31.0,413.0,384.0
E2_iterative_r2__softimpute__31_ruv3prps__post1,0.6629414498488816,0.6471811234027066,483.0,555.0,-72.0,337.0,385.0
B_extended_bad__strict__19_tdm__post0,0.6355457895492639,0.6471213408577087,571.0,556.0,15.0,,
S0_no_removal__knn__04_sva__post1,0.6394463392660358,0.6460798521013694,556.0,557.0,-1.0,392.0,386.0
E3_iterative_r3__knn__25_angel__post0,0.6408731277264338,0.646075918569868,551.0,558.0,-7.0,388.0,387.0
G_affymetrix_only__softimpute__04_sva__post0,0.511731009373932,0.6459913920561019,1033.0,559.0,474.0,,
G_affymetrix_only__softimpute__36_explobatch__post0,0.511731009373932,0.6459913920561019,1033.0,559.0,474.0,,
G_affymetrix_only__softimpute__01_raw__post0,0.511731009373932,0.6459913920561019,1033.0,559.0,474.0,,
B_extended_bad__strict__15_fsqn_py__post1,0.7001315943818379,0.6444631434067855,368.0,562.0,-194.0,,
A_confirmed_bad__strict__15_fsqn_py__post1,0.6513400655030656,0.6443002321538708,522.0,563.0,-41.0,,
I_rare_batches_removed__softimpute__19_tdm__post1,0.5597370672475134,0.6439959599161386,851.0,564.0,287.0,606.0,388.0
G_affymetrix_only__knn__05_combat__post1,0.5287347635231437,0.6436961689253851,980.0,565.0,415.0,,
E3_iterative_r3__softimpute__18_rank__post1,0.6070770301795142,0.643633963185072,668.0,566.0,102.0,474.0,389.0
H_affymetrix_extended__softimpute__11_harmony__post1,0.566559551665835,0.6436224685520556,831.0,567.0,264.0,592.0,390.0
D_malignant_only__knn__05_combat__post1,0.5097003568850488,0.6433765787270543,1041.0,568.0,473.0,729.0,391.0
B_extended_bad__softimpute__04_sva__post1,0.6803926811807154,0.6428916495008302,432.0,569.0,-137.0,,
E1_iterative_r1__softimpute__18_rank__post1,0.5938960950392188,0.6425716446585238,713.0,570.0,143.0,506.0,392.0
E3_iterative_r3__knn__25_angel__post1,0.6365171224689893,0.6417482716347259,568.0,571.0,-3.0,401.0,393.0
K_ffpe_only__strict__05_combat__post1,0.5561683438526627,0.6409757434659183,863.0,572.0,291.0,,
K_ffpe_only__strict__29_combat_ref__post1,0.5560937392570197,0.6409011388702753,864.0,573.0,291.0,,
E1_iterative_r1__softimpute__31_ruv3prps__post1,0.6560717005355224,0.6407027944677616,504.0,574.0,-70.0,354.0,394.0
A_confirmed_bad__strict__20_shambhala__post1,0.6177541563677609,0.6405919441549506,623.0,575.0,48.0,,
E1_iterative_r1__softimpute__20_shambhala__post0,0.622595378186903,0.6404942860550397,600.0,576.0,24.0,426.0,395.0
G_affymetrix_only__strict__09_ruv__post0,0.6460698963736492,0.6403997425259742,534.0,577.0,-43.0,,
I_rare_batches_removed__softimpute__18_rank__post0,0.6514939350092526,0.6398232494258683,521.0,578.0,-57.0,366.0,396.0
E3_iterative_r3__strict__20_shambhala__post0,0.6580179447366544,0.6397702569698854,496.0,579.0,-83.0,348.0,397.0
A_confirmed_bad__softimpute__14_qsmooth__post1,0.6537594938143929,0.6396987097761321,514.0,580.0,-66.0,,
E2_iterative_r2__softimpute__20_shambhala__post1,0.6200526576155662,0.6394324810194355,613.0,581.0,32.0,433.0,398.0
B_extended_bad__softimpute__04_sva__post0,0.6749714713019158,0.6392880844860226,442.0,582.0,-140.0,,
E2_iterative_r2__softimpute__20_shambhala__post0,0.6228047789424753,0.6392632831638828,599.0,583.0,16.0,425.0,399.0
D_malignant_only__knn__31_ruv3prps__post1,0.6572861041745487,0.6392563909698838,499.0,584.0,-85.0,350.0,400.0
B_extended_bad__strict__17_quantile__post1,0.7037952090220948,0.6385710677265136,359.0,585.0,-226.0,,
E1_iterative_r1__softimpute__20_shambhala__post1,0.6197990361811035,0.6383153040391217,617.0,586.0,31.0,435.0,401.0
C_rnaseq_only__knn__19_tdm__post1,0.6534767161511298,0.6376699383610381,515.0,587.0,-72.0,,
D_malignant_only__strict__36_explobatch__post0,0.6445323738900871,0.637619964164652,538.0,588.0,-50.0,379.0,402.0
F_microarray_only__strict__05_combat__post0,0.4963494187290075,0.6372369971383954,1087.0,589.0,498.0,764.0,403.0
S0_no_removal__strict__05_combat__post1,0.5119395521802351,0.6371308678594486,1032.0,590.0,442.0,724.0,404.0
H_affymetrix_extended__knn__06_combat_seq__post1,0.5242090814357278,0.636395188109986,991.0,591.0,400.0,699.0,405.0
E2_iterative_r2__softimpute__18_rank__post1,0.5891874897982076,0.6359082721088766,734.0,592.0,142.0,521.0,406.0
B_extended_bad__strict__18_rank__post1,0.6933003479604708,0.6358625573992466,391.0,593.0,-202.0,,
S0_no_removal__softimpute__18_rank__post1,0.6396250924361,0.6348969773361929,555.0,594.0,-39.0,391.0,407.0
C_rnaseq_only__strict__23_vst__post1,0.6498157378910674,0.6348843945566534,526.0,595.0,-69.0,369.0,408.0
F_microarray_only__strict__05_combat__post1,0.4937420627828508,0.6347768916091335,1098.0,596.0,502.0,774.0,409.0
S0_no_removal__strict__09_ruv__post0,0.6697914836641528,0.6341489177262469,465.0,597.0,-132.0,325.0,410.0
E1_iterative_r1__softimpute__04_sva__post1,0.6485466530988777,0.6339139991155908,530.0,598.0,-68.0,373.0,411.0
C_rnaseq_only__softimpute__19_tdm__post1,0.5967984177461528,0.6338449266306846,706.0,599.0,107.0,,
D_malignant_only__strict__14_qsmooth__post1,0.630718693426005,0.6337666637597666,578.0,600.0,-22.0,409.0,412.0
D_malignant_only__strict__31_ruv3prps__post0,0.6399940604602554,0.6330816507348203,554.0,601.0,-47.0,390.0,413.0
C_rnaseq_only__strict__10_mnn__post1,0.6624608567957274,0.633009846449815,484.0,602.0,-118.0,338.0,414.0
S0_no_removal__knn__25_angel__post1,0.6232045282998323,0.6323286983382554,598.0,603.0,-5.0,424.0,415.0
A_confirmed_bad__softimpute__04_sva__post0,0.6889714452293064,0.6317789232570998,408.0,604.0,-196.0,,
C_rnaseq_only__strict__14_qsmooth__post0,0.6595710069103017,0.6316202410776718,492.0,605.0,-113.0,346.0,416.0
I_rare_batches_removed__strict__17_quantile__post0,0.6136132089799278,0.6313288520484878,638.0,606.0,32.0,451.0,417.0
G_affymetrix_only__softimpute__16_fsqn_r__post0,0.4959549462045593,0.6300236698864227,1090.0,607.0,483.0,,
D_malignant_only__strict__04_sva__post0,0.6365021158794145,0.6299225387878303,569.0,608.0,-39.0,402.0,418.0
I_rare_batches_removed__strict__15_fsqn_py__post0,0.6102641298034114,0.6297491124581431,651.0,609.0,42.0,460.0,419.0
E2_iterative_r2__softimpute__04_sva__post1,0.6443325899056537,0.62858644262063,541.0,610.0,-69.0,380.0,420.0
S0_no_removal__strict__19_tdm__post0,0.6202082288356286,0.628575238534999,611.0,611.0,0.0,432.0,421.0
S0_no_removal__strict__19_tdm__post1,0.6173944169651983,0.6284748992571769,625.0,612.0,13.0,440.0,422.0
H_affymetrix_extended__knn__01_raw__post0,0.5833334386041251,0.6282136765338825,762.0,613.0,149.0,540.0,423.0
I_rare_batches_removed__softimpute__05_combat__post1,0.5441230647737934,0.628031769927304,916.0,614.0,302.0,649.0,424.0
G_affymetrix_only__strict__02_median_scaling__post1,0.6314496892399525,0.6276401106379805,577.0,615.0,-38.0,,
G_affymetrix_only__knn__01_raw__post0,0.493102681511077,0.6270000021371355,1099.0,616.0,483.0,,
G_affymetrix_only__knn__36_explobatch__post0,0.4929160864968958,0.6268134071229542,1101.0,617.0,484.0,,
G_affymetrix_only__knn__04_sva__post0,0.4929160864968958,0.6268134071229542,1101.0,617.0,484.0,,
F_microarray_only__knn__12_scanorama__post0,0.5597782290338181,0.6263868813021475,850.0,619.0,231.0,605.0,425.0
S0_no_removal__knn__36_explobatch__post1,0.61694285960963,0.6260122356015705,629.0,620.0,9.0,443.0,426.0
S0_no_removal__knn__27_dwd__post1,0.6163862800089085,0.625340660600665,630.0,621.0,9.0,444.0,427.0
S0_no_removal__softimpute__25_angel__post0,0.5901618429292657,0.6253147299918694,731.0,622.0,109.0,519.0,428.0
F_microarray_only__knn__31_ruv3prps__post1,0.551033877210905,0.6251143122619013,882.0,623.0,259.0,625.0,429.0
E2_iterative_r2__strict__17_quantile__post0,0.6437887226674377,0.6250862031163315,543.0,624.0,-81.0,382.0,430.0
E3_iterative_r3__strict__20_shambhala__post1,0.6194161639907674,0.6247345853784081,620.0,625.0,-5.0,437.0,431.0
D_malignant_only__strict__25_angel__post0,0.6442557796487184,0.6245383686138566,542.0,626.0,-84.0,381.0,432.0
D_malignant_only__knn__25_angel__post1,0.6069767327948569,0.6245010430181489,669.0,627.0,42.0,475.0,433.0
I_rare_batches_removed__strict__31_ruv3prps__post1,0.6466173223486118,0.6243442977598178,532.0,628.0,-96.0,374.0,434.0
S0_no_removal__strict__09_ruv__post1,0.6758986898739342,0.6241738996328227,441.0,629.0,-188.0,306.0,435.0
S0_no_removal__softimpute__25_angel__post1,0.5887275243646063,0.6240256362496547,738.0,630.0,108.0,525.0,436.0
A_confirmed_bad__knn__14_qsmooth__post1,0.6898717645629331,0.6240041022101647,405.0,631.0,-226.0,,
D_malignant_only__softimpute__36_explobatch__post1,0.6125644831255924,0.6239488217511518,642.0,632.0,10.0,455.0,437.0
D_malignant_only__softimpute__01_raw__post1,0.6125644831255924,0.6239488217511518,642.0,632.0,10.0,455.0,437.0
F_microarray_only__knn__12_scanorama__post1,0.557397982050158,0.6238472303348915,856.0,634.0,222.0,610.0,439.0
A_confirmed_bad__strict__20_shambhala__post0,0.6199091234266698,0.6234022782220484,616.0,635.0,-19.0,,
C_rnaseq_only__strict__18_rank__post1,0.672835660837714,0.6231885811887309,454.0,636.0,-182.0,,
E2_iterative_r2__strict__20_shambhala__post0,0.6562877553886882,0.6218450280074715,503.0,637.0,-134.0,353.0,440.0
I_rare_batches_removed__knn__27_dwd__post1,0.5443903785573093,0.6213119158173296,915.0,638.0,277.0,648.0,441.0
I_rare_batches_removed__knn__27_dwd__post0,0.5716468489093002,0.6210486256371561,800.0,639.0,161.0,569.0,442.0
E2_iterative_r2__softimpute__31_ruv3prps__post0,0.693292479206988,0.6210054677168549,392.0,640.0,-248.0,267.0,443.0
D_malignant_only__softimpute__05_combat__post0,0.4863661727627044,0.6208365992897245,1126.0,641.0,485.0,794.0,444.0
I_rare_batches_removed__softimpute__05_combat__post0,0.5380322259745126,0.6207446974428131,940.0,642.0,298.0,665.0,445.0
C_rnaseq_only__strict__15_fsqn_py__post1,0.6673242512869182,0.6206875826440953,472.0,643.0,-171.0,,
E3_iterative_r3__softimpute__31_ruv3prps__post0,0.6496410877000595,0.620322976949344,528.0,644.0,-116.0,371.0,446.0
C_rnaseq_only__strict__09_ruv__post0,0.6062114702624193,0.6202411150775223,672.0,645.0,27.0,478.0,447.0
C_rnaseq_only__softimpute__31_ruv3prps__post0,0.7177441810489156,0.6200621889406316,318.0,646.0,-328.0,208.0,448.0
A_confirmed_bad__softimpute__31_ruv3prps__post1,0.6405594959317589,0.6199868033893933,553.0,647.0,-94.0,,
E1_iterative_r1__softimpute__31_ruv3prps__post0,0.6900456781503904,0.619043717512291,403.0,648.0,-245.0,275.0,449.0
B_extended_bad__softimpute__31_ruv3prps__post1,0.6568630668279982,0.6189928963086508,500.0,649.0,-149.0,,
E2_iterative_r2__strict__15_fsqn_py__post0,0.6380290125905086,0.6187658496941255,563.0,650.0,-87.0,398.0,450.0
S0_no_removal__knn__14_qsmooth__post1,0.6253881626085558,0.6178646241710816,590.0,651.0,-61.0,418.0,451.0
G_affymetrix_only__softimpute__31_ruv3prps__post0,0.4834157946616106,0.617484518343474,1136.0,652.0,484.0,,
E3_iterative_r3__softimpute__20_shambhala__post0,0.5916777075072673,0.6171561838152966,724.0,653.0,71.0,514.0,452.0
I_rare_batches_removed__knn__15_fsqn_py__post1,0.5736774869061604,0.6170136038869178,794.0,654.0,140.0,564.0,453.0
E2_iterative_r2__strict__19_tdm__post0,0.687928420672007,0.6164441282300012,414.0,655.0,-241.0,281.0,454.0
I_rare_batches_removed__knn__17_quantile__post1,0.5736754279016808,0.616248960070112,795.0,656.0,139.0,565.0,455.0
D_malignant_only__softimpute__01_raw__post0,0.6153014560470339,0.6161049647336755,632.0,657.0,-25.0,446.0,456.0
D_malignant_only__softimpute__36_explobatch__post0,0.6153014560470339,0.6161049647336755,632.0,657.0,-25.0,446.0,456.0
K_ffpe_only__softimpute__25_angel__post0,0.5547881930731668,0.6159444943953789,871.0,659.0,212.0,,
F_microarray_only__softimpute__18_rank__post0,0.5928387797183609,0.6156848587099527,716.0,660.0,56.0,508.0,458.0
B_extended_bad__strict__20_shambhala__post1,0.6378919372641488,0.6156049051747502,565.0,661.0,-96.0,,
E1_iterative_r1__strict__20_shambhala__post0,0.6364879148034971,0.6154994947493154,570.0,662.0,-92.0,403.0,459.0
C_rnaseq_only__strict__17_quantile__post1,0.6588224184721488,0.6151890197567466,494.0,663.0,-169.0,,
E3_iterative_r3__softimpute__20_shambhala__post1,0.5887360738589642,0.6148923690013964,737.0,664.0,73.0,524.0,460.0
F_microarray_only__strict__19_tdm__post0,0.5468495584258993,0.6146015729310782,903.0,665.0,238.0,641.0,461.0
E1_iterative_r1__strict__17_quantile__post0,0.6343648048684417,0.6145416166047497,574.0,666.0,-92.0,406.0,462.0
E1_iterative_r1__strict__19_tdm__post1,0.6859111355143703,0.6143501794722418,417.0,667.0,-250.0,284.0,463.0
A_confirmed_bad__strict__18_rank__post0,0.6115523425443586,0.6142707589607099,647.0,668.0,-21.0,,
D_malignant_only__strict__17_quantile__post1,0.5922802091011866,0.6138605147201307,721.0,669.0,52.0,512.0,464.0
D_malignant_only__strict__18_rank__post1,0.5930367379845366,0.613089848384378,715.0,670.0,45.0,507.0,465.0
C_rnaseq_only__softimpute__23_vst__post1,0.6059725176442856,0.6120069351718985,675.0,671.0,4.0,,
D_malignant_only__softimpute__18_rank__post0,0.6086000625304692,0.6116176489474782,660.0,672.0,-12.0,468.0,466.0
D_malignant_only__strict__15_fsqn_py__post1,0.5883058888715386,0.6109858176200521,741.0,673.0,68.0,528.0,467.0
A_confirmed_bad__softimpute__06_combat_seq__post0,0.6443987230149008,0.6109710759440408,539.0,674.0,-135.0,,
A_confirmed_bad__softimpute__08_inmoose_combatseq__post0,0.6443987230149008,0.6109710759440408,539.0,674.0,-135.0,,
F_microarray_only__softimpute__18_rank__post1,0.5499896373215242,0.6108968763566381,888.0,676.0,212.0,629.0,468.0
E3_iterative_r3__softimpute__04_sva__post0,0.6410991241072891,0.6106452385158848,550.0,677.0,-127.0,387.0,469.0
J_ff_only__strict__31_ruv3prps__post1,0.7225072489562514,0.610544781642136,306.0,678.0,-372.0,203.0,470.0
E1_iterative_r1__softimpute__08_inmoose_combatseq__post0,0.6505210630151832,0.6093641080096096,524.0,679.0,-155.0,368.0,471.0
F_microarray_only__strict__09_ruv__post0,0.5993850970949445,0.609015150764271,693.0,680.0,13.0,494.0,472.0
H_affymetrix_extended__softimpute__10_mnn__post0,0.5339125498794942,0.6089833461221332,963.0,681.0,282.0,679.0,473.0
D_malignant_only__softimpute__25_angel__post0,0.6261291771897548,0.6087532846750748,586.0,682.0,-96.0,414.0,474.0
E1_iterative_r1__softimpute__06_combat_seq__post0,0.6497645549862074,0.6086842635807566,527.0,683.0,-156.0,370.0,475.0
G_affymetrix_only__knn__18_rank__post1,0.5818217633733331,0.6086681586249394,771.0,684.0,87.0,,
H_affymetrix_extended__softimpute__29_combat_ref__post0,0.5257483001160538,0.6086346637180853,987.0,685.0,302.0,695.0,476.0
D_malignant_only__softimpute__19_tdm__post1,0.5841581523936106,0.6085689344337427,759.0,686.0,73.0,538.0,477.0
I_rare_batches_removed__knn__18_rank__post1,0.5775679160580568,0.6084200197855214,785.0,687.0,98.0,556.0,478.0
E1_iterative_r1__strict__15_fsqn_py__post0,0.6288190353307712,0.6081849569769328,583.0,688.0,-105.0,411.0,479.0
J_ff_only__strict__25_angel__post0,0.6886125583203736,0.6081753787333669,410.0,689.0,-279.0,278.0,480.0
I_rare_batches_removed__softimpute__19_tdm__post0,0.5376861787826912,0.6075712472402306,941.0,690.0,251.0,666.0,481.0
C_rnaseq_only__knn__19_tdm__post0,0.6553588113899721,0.6071435866924964,509.0,691.0,-182.0,358.0,482.0
C_rnaseq_only__knn__04_sva__post0,0.6383695238756971,0.606999382950628,561.0,692.0,-131.0,396.0,483.0
S0_no_removal__softimpute__14_qsmooth__post0,0.6177528998340747,0.6068404388851324,624.0,693.0,-69.0,439.0,484.0
E2_iterative_r2__strict__20_shambhala__post1,0.6099312275371579,0.6066399455446102,653.0,694.0,-41.0,461.0,485.0
E2_iterative_r2__knn__25_angel__post0,0.5987851454976983,0.6055840017715411,695.0,695.0,0.0,495.0,486.0
E2_iterative_r2__softimpute__08_inmoose_combatseq__post0,0.6455179026759784,0.6052425790718156,535.0,696.0,-161.0,376.0,487.0
G_affymetrix_only__strict__04_sva__post0,0.4648856873366866,0.6046199643635755,1182.0,697.0,485.0,,
G_affymetrix_only__strict__36_explobatch__post0,0.4648856873366866,0.6046199643635755,1182.0,697.0,485.0,,
G_affymetrix_only__strict__01_raw__post0,0.4639991464436426,0.6041116774850191,1185.0,699.0,486.0,,
J_ff_only__strict__01_raw__post1,0.7564960836761697,0.6038994535512269,210.0,700.0,-490.0,131.0,488.0
F_microarray_only__knn__18_rank__post0,0.5923710180989671,0.6035493469025219,720.0,701.0,19.0,511.0,489.0
B_extended_bad__strict__20_shambhala__post0,0.6378247539365997,0.602787566082421,566.0,702.0,-136.0,,
J_ff_only__strict__25_angel__post1,0.6838923757818804,0.6024707229599802,425.0,703.0,-278.0,291.0,490.0
E1_iterative_r1__softimpute__04_sva__post0,0.6825812774627883,0.6024360924655904,428.0,704.0,-276.0,294.0,491.0
S0_no_removal__knn__15_fsqn_py__post1,0.5966593012268242,0.6012950629526471,707.0,705.0,2.0,501.0,492.0
S0_no_removal__knn__17_quantile__post1,0.5965724094243625,0.6011355587389632,708.0,706.0,2.0,502.0,493.0
C_rnaseq_only__strict__09_ruv__post1,0.6472508988659819,0.6009137778770194,531.0,707.0,-176.0,,
F_microarray_only__softimpute__19_tdm__post0,0.5870118880350982,0.6006111455277034,748.0,708.0,40.0,532.0,494.0
H_affymetrix_extended__softimpute__15_fsqn_py__post0,0.5365294737111853,0.6004273827895976,951.0,709.0,242.0,674.0,495.0
H_affymetrix_extended__softimpute__17_quantile__post0,0.5365294737111853,0.6004273827895976,951.0,709.0,242.0,674.0,495.0
E1_iterative_r1__strict__20_shambhala__post1,0.6072253441848701,0.6000352735252692,667.0,711.0,-44.0,473.0,497.0
E3_iterative_r3__softimpute__31_ruv3prps__post1,0.6355318425063666,0.5997507465073345,572.0,712.0,-140.0,404.0,498.0
E2_iterative_r2__knn__25_angel__post1,0.5925613649641679,0.5992876088267883,718.0,713.0,5.0,509.0,499.0
B_extended_bad__knn__14_qsmooth__post1,0.6106858373570256,0.5989475518503804,649.0,714.0,-65.0,,
G_affymetrix_only__strict__18_rank__post1,0.5228637192873293,0.5985405346513457,997.0,715.0,282.0,,
B_extended_bad__softimpute__18_rank__post0,0.5854220773340982,0.5983709816797605,755.0,716.0,39.0,,
A_confirmed_bad__softimpute__15_fsqn_py__post0,0.6085727134246481,0.5981046816309176,662.0,717.0,-55.0,,
S0_no_removal__knn__18_rank__post1,0.5980675397288996,0.5973800049075577,698.0,718.0,-20.0,496.0,500.0
A_confirmed_bad__strict__18_rank__post1,0.5985284801390809,0.5972540035767192,696.0,719.0,-23.0,,
E2_iterative_r2__softimpute__06_combat_seq__post0,0.6371414688125986,0.5968661452084357,567.0,720.0,-153.0,400.0,501.0
B_extended_bad__softimpute__20_shambhala__post0,0.5829834343523961,0.5963942428969166,764.0,721.0,43.0,,
H_affymetrix_extended__knn__18_rank__post1,0.5043330008385648,0.5958792956967273,1062.0,722.0,340.0,745.0,502.0
G_affymetrix_only__softimpute__15_fsqn_py__post1,0.555054349431221,0.595589911200151,868.0,723.0,145.0,,
G_affymetrix_only__softimpute__17_quantile__post1,0.555054349431221,0.595589911200151,868.0,723.0,145.0,,
H_affymetrix_extended__softimpute__29_combat_ref__post1,0.5153455389794775,0.5953997095548549,1020.0,725.0,295.0,717.0,503.0
E2_iterative_r2__strict__19_tdm__post1,0.5693732252242762,0.5943619539927848,817.0,726.0,91.0,580.0,504.0
A_confirmed_bad__softimpute__15_fsqn_py__post1,0.6044465987374834,0.593220033320327,681.0,727.0,-46.0,,
K_ffpe_only__knn__05_combat__post1,0.5201147609250937,0.5931877888921674,1002.0,728.0,274.0,,
K_ffpe_only__knn__29_combat_ref__post1,0.5199655183237781,0.5930385462908517,1003.0,729.0,274.0,,
E2_iterative_r2__softimpute__04_sva__post0,0.6737939731589818,0.5929729949218313,449.0,730.0,-281.0,312.0,505.0
K_ffpe_only__softimpute__05_combat__post1,0.5174221294135415,0.5925993551950879,1010.0,731.0,279.0,,
E3_iterative_r3__strict__19_tdm__post0,0.5671420537917847,0.5922094717548662,830.0,732.0,98.0,591.0,506.0
K_ffpe_only__softimpute__29_combat_ref__post1,0.5170167177784976,0.5920022845597374,1012.0,733.0,279.0,,
F_microarray_only__softimpute__14_qsmooth__post0,0.617273380435421,0.5909580246304862,626.0,734.0,-108.0,441.0,507.0
E1_iterative_r1__strict__17_quantile__post1,0.6098016964382503,0.5901957274302575,654.0,735.0,-81.0,462.0,508.0
E3_iterative_r3__softimpute__04_sva__post1,0.6206340066190937,0.5894179825327844,607.0,736.0,-129.0,430.0,509.0
S0_no_removal__softimpute__09_ruv__post0,0.6238599293733419,0.5891804820983295,596.0,737.0,-141.0,423.0,510.0
F_microarray_only__strict__19_tdm__post1,0.5489773368669989,0.5889677554619284,891.0,738.0,153.0,632.0,511.0
F_microarray_only__softimpute__15_fsqn_py__post0,0.5918597714206815,0.5884323454486056,723.0,739.0,-16.0,513.0,512.0
A_confirmed_bad__softimpute__20_shambhala__post0,0.5566426093013578,0.5883629377415415,860.0,740.0,120.0,,
D_malignant_only__strict__17_quantile__post0,0.6095074546474487,0.5883148958712208,655.0,741.0,-86.0,463.0,513.0
F_microarray_only__softimpute__17_quantile__post0,0.5916338318092138,0.5882064058371379,725.0,742.0,-17.0,515.0,514.0
C_rnaseq_only__knn__17_quantile__post0,0.6343541792189177,0.5879762373519678,575.0,743.0,-168.0,407.0,515.0
C_rnaseq_only__strict__12_scanorama__post1,0.609093865500458,0.5878899427960435,657.0,744.0,-87.0,465.0,516.0
E2_iterative_r2__strict__17_quantile__post1,0.6030021286260631,0.5873803322410144,687.0,745.0,-58.0,488.0,517.0
D_malignant_only__strict__15_fsqn_py__post0,0.6085936016393566,0.5873324816408068,661.0,746.0,-85.0,469.0,518.0
H_affymetrix_extended__knn__10_mnn__post1,0.4687710509349218,0.5873055766086791,1169.0,747.0,422.0,824.0,519.0
G_affymetrix_only__strict__31_ruv3prps__post0,0.4475250356967231,0.5871059855233665,1253.0,748.0,505.0,,
G_affymetrix_only__strict__16_fsqn_r__post0,0.4475250356967231,0.5871059855233665,1253.0,748.0,505.0,,
J_ff_only__softimpute__01_raw__post1,0.6953764833788262,0.5870066481468584,388.0,750.0,-362.0,265.0,520.0
D_malignant_only__strict__18_rank__post0,0.6032575752562715,0.5866222950039498,685.0,751.0,-66.0,486.0,521.0
E2_iterative_r2__strict__18_rank__post0,0.6065589386252979,0.5866216990944283,670.0,752.0,-82.0,476.0,522.0
H_affymetrix_extended__softimpute__15_fsqn_py__post1,0.520584787526255,0.5863880600079846,1001.0,753.0,248.0,706.0,523.0
F_microarray_only__softimpute__09_ruv__post0,0.5767723777073702,0.5863719444636163,786.0,754.0,32.0,557.0,524.0
A_confirmed_bad__softimpute__17_quantile__post0,0.5981775910440849,0.5854886494302313,697.0,755.0,-58.0,,
E3_iterative_r3__knn__20_shambhala__post0,0.5515789305973725,0.5854375658026435,880.0,756.0,124.0,623.0,525.0
B_extended_bad__softimpute__18_rank__post1,0.5712651172088912,0.5853761291230944,804.0,757.0,47.0,,
A_confirmed_bad__softimpute__20_shambhala__post1,0.5562066341437593,0.5853467329076248,862.0,758.0,104.0,,
D_malignant_only__strict__19_tdm__post1,0.5807422703089872,0.5850939681622553,775.0,759.0,16.0,548.0,526.0
E1_iterative_r1__strict__15_fsqn_py__post1,0.6074796948001401,0.5849770227320713,665.0,760.0,-95.0,471.0,527.0
C_rnaseq_only__knn__23_vst__post1,0.5385413187509259,0.5847326656036946,938.0,761.0,177.0,,
G_affymetrix_only__strict__09_ruv__post1,0.5832247633395528,0.5844884596195863,763.0,762.0,1.0,,
H_affymetrix_extended__softimpute__31_ruv3prps__post1,0.5676841084821179,0.5844392421280932,826.0,763.0,63.0,587.0,528.0
J_ff_only__knn__25_angel__post0,0.6884181300527867,0.5835118381719048,412.0,764.0,-352.0,279.0,529.0
K_ffpe_only__softimpute__06_combat_seq__post0,0.6194916669996205,0.5833994877579949,618.0,765.0,-147.0,,
K_ffpe_only__softimpute__08_inmoose_combatseq__post0,0.619415003399498,0.5833994877579949,621.0,765.0,-144.0,,
J_ff_only__knn__31_ruv3prps__post1,0.6986936785682268,0.5832715302653247,373.0,767.0,-394.0,255.0,530.0
F_microarray_only__softimpute__17_quantile__post1,0.5861605493413674,0.5826767157136705,753.0,768.0,-15.0,535.0,531.0
H_affymetrix_extended__softimpute__17_quantile__post1,0.5166570225589316,0.5824602950406611,1013.0,769.0,244.0,711.0,532.0
F_microarray_only__softimpute__15_fsqn_py__post1,0.5859325841354496,0.5824487505077528,754.0,770.0,-16.0,536.0,533.0
B_extended_bad__softimpute__20_shambhala__post1,0.5681311814863715,0.5823005236543178,825.0,771.0,54.0,,
H_affymetrix_extended__knn__27_dwd__post0,0.5368981257846533,0.5816633683142267,948.0,772.0,176.0,671.0,534.0
H_affymetrix_extended__knn__16_fsqn_r__post0,0.5368981257846533,0.5816633683142267,948.0,772.0,176.0,671.0,534.0
J_ff_only__strict__27_dwd__post1,0.733963403377447,0.5813667732525042,274.0,774.0,-500.0,183.0,536.0
D_malignant_only__knn__25_angel__post0,0.5791622752256624,0.5807713868576144,779.0,775.0,4.0,551.0,537.0
E1_iterative_r1__knn__25_angel__post0,0.5690006433229944,0.579868129208721,822.0,776.0,46.0,584.0,538.0
H_affymetrix_extended__knn__19_tdm__post0,0.5134964335013689,0.579378755664819,1026.0,777.0,249.0,721.0,539.0
J_ff_only__knn__01_raw__post1,0.7172662757972802,0.5793630331570202,319.0,778.0,-459.0,209.0,540.0
C_rnaseq_only__softimpute__22_tmm__post1,0.5447510988838674,0.5792608768745958,914.0,779.0,135.0,,
G_affymetrix_only__knn__16_fsqn_r__post0,0.4451594897868214,0.5790568104128798,1261.0,780.0,481.0,,
I_rare_batches_removed__softimpute__09_ruv__post0,0.5617734728235882,0.5786897613907349,845.0,781.0,64.0,602.0,541.0
G_affymetrix_only__softimpute__19_tdm__post0,0.4462497625648796,0.578640452905321,1257.0,782.0,475.0,,
A_confirmed_bad__knn__25_angel__post1,0.5610396154267917,0.5786393189621613,849.0,783.0,66.0,,
E1_iterative_r1__knn__14_qsmooth__post1,0.6054784598421407,0.5783621015945449,678.0,784.0,-106.0,482.0,542.0
B_extended_bad__knn__25_angel__post0,0.5930895940495303,0.5778761781049022,714.0,785.0,-71.0,,
F_microarray_only__strict__09_ruv__post1,0.6072518156089115,0.577836407660369,666.0,786.0,-120.0,472.0,543.0
S0_no_removal__knn__01_raw__post0,0.6089292448957725,0.5778164917943128,658.0,787.0,-129.0,466.0,544.0
D_malignant_only__strict__14_qsmooth__post0,0.603752359472984,0.5777019445557099,684.0,788.0,-104.0,485.0,545.0
E3_iterative_r3__knn__14_qsmooth__post1,0.5890901193872343,0.5774224206973614,735.0,789.0,-54.0,522.0,546.0
A_confirmed_bad__softimpute__17_quantile__post1,0.589332935305115,0.5769465969028517,733.0,790.0,-57.0,,
B_extended_bad__knn__25_angel__post1,0.5925819585589714,0.5767974623078317,717.0,791.0,-74.0,,
D_malignant_only__softimpute__05_combat__post1,0.4484917766276703,0.5764001354388619,1250.0,792.0,458.0,877.0,547.0
D_malignant_only__knn__14_qsmooth__post1,0.6030716463833664,0.5745945006505662,686.0,793.0,-107.0,487.0,548.0
I_rare_batches_removed__knn__14_qsmooth__post1,0.5272577769085129,0.57450404648451,984.0,794.0,190.0,694.0,549.0
E2_iterative_r2__knn__20_shambhala__post1,0.5307938105413346,0.5730544398653779,974.0,795.0,179.0,687.0,550.0
C_rnaseq_only__strict__22_tmm__post0,0.6014916596294971,0.5724898849341019,691.0,796.0,-105.0,492.0,551.0
A_confirmed_bad__softimpute__04_sva__post1,0.5914568537198513,0.5718504040623279,726.0,797.0,-71.0,,
I_rare_batches_removed__softimpute__09_ruv__post1,0.5555662394446724,0.5713163692543778,867.0,798.0,69.0,616.0,552.0
F_microarray_only__knn__18_rank__post1,0.5596467654397973,0.5712830502496379,852.0,799.0,53.0,607.0,553.0
D_malignant_only__strict__05_combat__post0,0.4420197629566811,0.5710361562642269,1270.0,800.0,470.0,890.0,554.0
E1_iterative_r1__knn__20_shambhala__post0,0.5430716389772205,0.5709779447282746,920.0,801.0,119.0,651.0,555.0
E1_iterative_r1__knn__25_angel__post1,0.5648299906692359,0.5707271140916583,835.0,802.0,33.0,595.0,556.0
E1_iterative_r1__strict__18_rank__post0,0.6056793953814605,0.5702264800154658,676.0,803.0,-127.0,481.0,557.0
E3_iterative_r3__strict__09_ruv__post0,0.5398622388656288,0.5700193577040281,934.0,804.0,130.0,661.0,558.0
I_rare_batches_removed__knn__19_tdm__post1,0.5072607692631963,0.5694964721025854,1050.0,805.0,245.0,735.0,559.0
C_rnaseq_only__strict__12_scanorama__post0,0.6039664842130762,0.5689062251814312,683.0,806.0,-123.0,484.0,560.0
S0_no_removal__strict__17_quantile__post1,0.5731482639569475,0.5684050427289374,797.0,807.0,-10.0,567.0,561.0
H_affymetrix_extended__softimpute__31_ruv3prps__post0,0.5562595739797144,0.5680264238013178,861.0,808.0,53.0,614.0,562.0
C_rnaseq_only__softimpute__19_tdm__post0,0.6243717769403808,0.5675346609639063,594.0,809.0,-215.0,421.0,563.0
S0_no_removal__strict__15_fsqn_py__post1,0.5712479121195118,0.5674266796874237,805.0,810.0,-5.0,570.0,564.0
E1_iterative_r1__softimpute__17_quantile__post0,0.6202756401935442,0.5670609050719475,610.0,811.0,-201.0,431.0,565.0
J_ff_only__softimpute__25_angel__post0,0.6194404439228117,0.5668815207535405,619.0,812.0,-193.0,436.0,566.0
C_rnaseq_only__strict__20_shambhala__post0,0.6238756329631344,0.5666444873679372,595.0,813.0,-218.0,422.0,567.0
S0_no_removal__softimpute__09_ruv__post1,0.5979174276523157,0.5665466687492788,700.0,814.0,-114.0,498.0,568.0
F_microarray_only__strict__14_qsmooth__post0,0.5576360888597416,0.566529135138189,854.0,815.0,39.0,608.0,569.0
K_ffpe_only__softimpute__09_ruv__post0,0.5082383834374963,0.5664604223720308,1049.0,816.0,233.0,,
E2_iterative_r2__softimpute__17_quantile__post0,0.6200274733075285,0.5656972192897448,614.0,817.0,-203.0,434.0,570.0
E3_iterative_r3__strict__09_ruv__post1,0.5454188926040354,0.5651770215205565,909.0,818.0,91.0,646.0,571.0
I_rare_batches_removed__knn__05_combat__post1,0.4834872154382058,0.5650477073102163,1135.0,819.0,316.0,799.0,572.0
E1_iterative_r1__knn__20_shambhala__post1,0.537044057227683,0.5649743611231551,946.0,820.0,126.0,669.0,573.0
C_rnaseq_only__knn__14_qsmooth__post0,0.6251412490443143,0.5649410969668028,592.0,821.0,-229.0,420.0,574.0
J_ff_only__softimpute__27_dwd__post1,0.6731319598503074,0.5647621246183397,453.0,822.0,-369.0,315.0,575.0
E1_iterative_r1__softimpute__17_quantile__post1,0.6185080338102775,0.5645408418486054,622.0,823.0,-201.0,438.0,576.0
B_extended_bad__knn__18_rank__post1,0.6225900405120869,0.5644884729491737,601.0,824.0,-223.0,,
K_ffpe_only__softimpute__25_angel__post1,0.4905591146240461,0.5643860928779508,1110.0,825.0,285.0,,
S0_no_removal__knn__15_fsqn_py__post0,0.579903501577885,0.5642802632442446,777.0,826.0,-49.0,549.0,577.0
F_microarray_only__knn__25_angel__post0,0.561448781602255,0.5636890890641467,847.0,827.0,20.0,604.0,578.0
I_rare_batches_removed__knn__05_combat__post0,0.4822394438012594,0.563420668861557,1139.0,828.0,311.0,802.0,579.0
E3_iterative_r3__strict__19_tdm__post1,0.5402340028512783,0.5629075458274575,930.0,829.0,101.0,658.0,580.0
C_rnaseq_only__knn__15_fsqn_py__post0,0.6253143812612406,0.562558306640813,591.0,830.0,-239.0,419.0,581.0
G_affymetrix_only__knn__31_ruv3prps__post0,0.427918143886506,0.5618154645125644,1319.0,831.0,488.0,,
S0_no_removal__knn__17_quantile__post0,0.5786062303390914,0.5614780783253003,783.0,832.0,-49.0,554.0,582.0
I_rare_batches_removed__knn__09_ruv__post1,0.5533820876800614,0.5605916933098681,874.0,833.0,41.0,619.0,583.0
K_ffpe_only__softimpute__01_raw__post1,0.5524544356690044,0.5599955521464531,876.0,834.0,42.0,,
A_confirmed_bad__strict__09_ruv__post1,0.5347511282318272,0.5599783964959257,959.0,835.0,124.0,,
C_rnaseq_only__softimpute__20_shambhala__post0,0.6120823533801343,0.5598745446929295,646.0,836.0,-190.0,459.0,584.0
D_malignant_only__softimpute__14_qsmooth__post1,0.5648085153662371,0.5598135024484377,836.0,837.0,-1.0,596.0,585.0
I_rare_batches_removed__knn__17_quantile__post0,0.550553437776267,0.5597475766534944,884.0,838.0,46.0,626.0,586.0
A_confirmed_bad__softimpute__19_tdm__post1,0.5316483225116663,0.5593949152901405,970.0,839.0,131.0,,
A_confirmed_bad__strict__19_tdm__post0,0.6218440918504564,0.5588089315133261,604.0,840.0,-236.0,,
S0_no_removal__knn__04_sva__post0,0.5906376534150882,0.5582942315227656,728.0,841.0,-113.0,517.0,587.0
S0_no_removal__knn__31_ruv3prps__post0,0.5894181046776389,0.5582710709650182,732.0,842.0,-110.0,520.0,588.0
D_malignant_only__softimpute__31_ruv3prps__post0,0.5573792746927916,0.5581827833794332,857.0,843.0,14.0,611.0,589.0
J_ff_only__knn__27_dwd__post1,0.695711858309983,0.557808615669723,386.0,844.0,-458.0,264.0,590.0
E2_iterative_r2__softimpute__17_quantile__post1,0.6124557148538914,0.5575948924185994,644.0,845.0,-201.0,457.0,591.0
C_rnaseq_only__strict__11_harmony__post1,0.5483021849336361,0.556970046907021,894.0,846.0,48.0,,
H_affymetrix_extended__knn__04_sva__post0,0.5114596986351837,0.5564993405485367,1037.0,847.0,190.0,726.0,592.0
I_rare_batches_removed__knn__15_fsqn_py__post0,0.5474345707146694,0.5560599638688193,901.0,848.0,53.0,639.0,593.0
F_microarray_only__softimpute__09_ruv__post1,0.5473065539783639,0.5557581923272202,902.0,849.0,53.0,640.0,594.0
B_extended_bad__knn__20_shambhala__post1,0.5421021884529325,0.555437260364282,923.0,850.0,73.0,,
E2_iterative_r2__knn__20_shambhala__post0,0.5253566129645485,0.5553716312024516,989.0,851.0,138.0,697.0,595.0
K_ffpe_only__softimpute__02_median_scaling__post1,0.5921505079246364,0.5553284623708712,722.0,852.0,-130.0,,
K_ffpe_only__softimpute__14_qsmooth__post0,0.5052343572354866,0.5552331350123947,1058.0,853.0,205.0,,
S0_no_removal__knn__09_ruv__post1,0.6093074449071126,0.5549607801410715,656.0,854.0,-198.0,464.0,596.0
C_rnaseq_only__softimpute__03_limma__post1,0.638385927047531,0.5545680646552945,560.0,855.0,-295.0,,
S0_no_removal__knn__12_scanorama__post1,0.5300209668367756,0.554508378144921,976.0,856.0,120.0,689.0,597.0
F_microarray_only__knn__25_angel__post1,0.5521694619955525,0.5543412082351222,878.0,857.0,21.0,621.0,598.0
G_affymetrix_only__knn__18_rank__post0,0.4977615277537893,0.5540199760275915,1084.0,858.0,226.0,,
C_rnaseq_only__knn__04_sva__post1,0.6029131762208498,0.5536607785006668,688.0,859.0,-171.0,489.0,599.0
I_rare_batches_removed__knn__18_rank__post0,0.5488639231105156,0.5532421253521826,892.0,860.0,32.0,633.0,600.0
J_ff_only__softimpute__31_ruv3prps__post1,0.6745370390452928,0.5526234098433346,446.0,861.0,-415.0,310.0,601.0
A_confirmed_bad__knn__20_shambhala__post0,0.5131101371211156,0.5525494910292701,1028.0,862.0,166.0,,
G_affymetrix_only__strict__12_scanorama__post1,0.4072238230080974,0.5523950280263373,1421.0,863.0,558.0,,
E1_iterative_r1__softimpute__19_tdm__post0,0.6019331396503707,0.5511593145054514,690.0,864.0,-174.0,491.0,602.0
E1_iterative_r1__strict__19_tdm__post0,0.6259868790336341,0.5507134203496499,587.0,865.0,-278.0,415.0,603.0
D_malignant_only__strict__19_tdm__post0,0.5477517252542379,0.5500590489935319,900.0,866.0,34.0,638.0,604.0
J_ff_only__softimpute__25_angel__post1,0.6061906214051558,0.5499504378135145,673.0,867.0,-194.0,479.0,605.0
A_confirmed_bad__knn__20_shambhala__post1,0.5087811870565151,0.5499129079617348,1048.0,868.0,180.0,,
C_rnaseq_only__softimpute__18_rank__post1,0.6412303104165075,0.5497191029740752,549.0,869.0,-320.0,,
E3_iterative_r3__knn__20_shambhala__post1,0.5010486092726962,0.5496112405844314,1071.0,870.0,201.0,752.0,606.0
D_malignant_only__softimpute__31_ruv3prps__post1,0.5381191320999491,0.5493118117252017,939.0,871.0,68.0,664.0,607.0
E1_iterative_r1__knn__36_explobatch__post0,0.5702706203197226,0.5492764324711745,810.0,872.0,-62.0,575.0,608.0
E1_iterative_r1__knn__01_raw__post0,0.5702706203197226,0.5492764324711745,810.0,872.0,-62.0,575.0,608.0
A_confirmed_bad__knn__01_raw__post0,0.5850855434714158,0.5491219208131575,756.0,874.0,-118.0,,
A_confirmed_bad__knn__36_explobatch__post0,0.5850855434714158,0.5491219208131575,756.0,874.0,-118.0,,
A_confirmed_bad__softimpute__19_tdm__post0,0.5971169148802007,0.5487170177666659,704.0,876.0,-172.0,,
K_ffpe_only__strict__02_median_scaling__post1,0.6107923798046201,0.5486753973992768,648.0,877.0,-229.0,,
G_affymetrix_only__strict__17_quantile__post0,0.5129577868338182,0.5486748362829046,1029.0,878.0,151.0,,
A_confirmed_bad__knn__19_tdm__post1,0.5128400475081841,0.548643631038824,1030.0,879.0,151.0,,
G_affymetrix_only__softimpute__15_fsqn_py__post0,0.5232197723680191,0.5486193363227648,995.0,880.0,115.0,,
A_confirmed_bad__strict__14_qsmooth__post0,0.6076382802841197,0.5485068867698946,664.0,881.0,-217.0,,
E2_iterative_r2__knn__14_qsmooth__post1,0.5696455186697081,0.5483090053590807,815.0,882.0,-67.0,578.0,610.0
B_extended_bad__strict__09_ruv__post1,0.5373104178725451,0.5482963152033334,943.0,883.0,60.0,,
E1_iterative_r1__softimpute__08_inmoose_combatseq__post1,0.5765505955545146,0.5474505623622313,789.0,884.0,-95.0,560.0,611.0
E1_iterative_r1__softimpute__15_fsqn_py__post0,0.6064477085077645,0.5474101103162151,671.0,885.0,-214.0,477.0,612.0
G_affymetrix_only__softimpute__17_quantile__post0,0.5212346211426305,0.5466341850973764,1000.0,886.0,114.0,,
G_affymetrix_only__softimpute__02_median_scaling__post0,0.4773509516468084,0.5461457009764054,1151.0,887.0,264.0,,
E1_iterative_r1__softimpute__15_fsqn_py__post1,0.6026542385499294,0.5454204150502048,689.0,888.0,-199.0,490.0,613.0
C_rnaseq_only__softimpute__06_combat_seq__post1,0.509674776758834,0.5452323192279965,1042.0,889.0,153.0,730.0,614.0
C_rnaseq_only__softimpute__08_inmoose_combatseq__post1,0.509674776758834,0.5452323192279965,1042.0,889.0,153.0,730.0,614.0
E2_iterative_r2__strict__18_rank__post1,0.613957832849172,0.545028913636333,636.0,891.0,-255.0,449.0,616.0
F_microarray_only__knn__15_fsqn_py__post0,0.546846122925135,0.5444969826766831,904.0,892.0,12.0,642.0,617.0
S0_no_removal__knn__19_tdm__post1,0.5387719149275029,0.544065994849632,936.0,893.0,43.0,663.0,618.0
F_microarray_only__knn__17_quantile__post0,0.5455448673175,0.5432723906691708,907.0,894.0,13.0,644.0,619.0
S0_no_removal__knn__18_rank__post0,0.561768740417405,0.5431947259515021,846.0,895.0,-49.0,603.0,620.0
B_extended_bad__knn__17_quantile__post1,0.6056660578641319,0.5429733946496275,677.0,896.0,-219.0,,
E2_iterative_r2__softimpute__15_fsqn_py__post1,0.5888668772744925,0.542832325165011,736.0,897.0,-161.0,523.0,621.0
A_confirmed_bad__strict__19_tdm__post1,0.6203225767512871,0.5425938572689275,609.0,898.0,-289.0,,
C_rnaseq_only__softimpute__14_qsmooth__post1,0.6044408658899462,0.5423217205617153,682.0,899.0,-217.0,,
E2_iterative_r2__softimpute__15_fsqn_py__post0,0.5872413508524993,0.5417654164938445,745.0,900.0,-155.0,530.0,622.0
D_malignant_only__softimpute__04_sva__post0,0.540165626874814,0.5417195668070809,931.0,901.0,30.0,659.0,623.0
F_microarray_only__knn__05_combat__post0,0.411880251342086,0.5416653062453086,1399.0,902.0,497.0,974.0,624.0
E1_iterative_r1__strict__09_ruv__post0,0.5161401788708502,0.5416420010132205,1015.0,903.0,112.0,712.0,625.0
I_rare_batches_removed__strict__05_combat__post0,0.437042366959893,0.5411762550451817,1284.0,904.0,380.0,901.0,626.0
E1_iterative_r1__softimpute__06_combat_seq__post1,0.5696571028213177,0.5407103968292796,814.0,905.0,-91.0,577.0,627.0
H_affymetrix_extended__knn__10_mnn__post0,0.4989998561396714,0.5404776103747775,1080.0,906.0,174.0,759.0,628.0
I_rare_batches_removed__strict__05_combat__post1,0.4342626182127045,0.5402563796564549,1291.0,907.0,384.0,907.0,629.0
F_microarray_only__knn__05_combat__post1,0.4101806716206708,0.5400383389351158,1410.0,908.0,502.0,980.0,630.0
E2_iterative_r2__knn__36_explobatch__post0,0.55040601036613,0.5396761790727419,886.0,909.0,-23.0,627.0,631.0
E2_iterative_r2__knn__01_raw__post0,0.55040601036613,0.5396761790727419,886.0,909.0,-23.0,627.0,631.0
S0_no_removal__knn__36_explobatch__post0,0.5707484418772365,0.5394097491643092,806.0,911.0,-105.0,571.0,633.0
E2_iterative_r2__knn__17_quantile__post0,0.5840542932139748,0.5392848793331185,760.0,912.0,-152.0,539.0,634.0
S0_no_removal__knn__27_dwd__post0,0.5703109088655994,0.5391638751529787,809.0,913.0,-104.0,574.0,635.0
K_ffpe_only__knn__13_fsmvn__post0,0.5801475199801999,0.5377474336280785,776.0,914.0,-138.0,,
E1_iterative_r1__knn__17_quantile__post0,0.5827353607193971,0.5367555339921796,765.0,915.0,-150.0,541.0,636.0
E2_iterative_r2__softimpute__08_inmoose_combatseq__post1,0.563445246241218,0.5364232326300472,841.0,916.0,-75.0,599.0,637.0
K_ffpe_only__strict__07_pycombat__post1,0.5702547243840571,0.5361072188109258,812.0,917.0,-105.0,,
C_rnaseq_only__strict__26_xpn__post1,0.5546790185176813,0.53605457018318,872.0,918.0,-46.0,,
B_extended_bad__knn__15_fsqn_py__post1,0.5958956211218553,0.5359706409005836,710.0,919.0,-209.0,,
D_malignant_only__softimpute__04_sva__post1,0.5228805409451387,0.535578134250542,996.0,920.0,76.0,703.0,638.0
S0_no_removal__knn__14_qsmooth__post0,0.5971671244067526,0.535048631388599,703.0,921.0,-218.0,499.0,639.0
E2_iterative_r2__strict__09_ruv__post0,0.5109963000828579,0.5349992853284279,1038.0,922.0,116.0,727.0,640.0
K_ffpe_only__softimpute__14_qsmooth__post1,0.4908268798271589,0.5337864765649493,1108.0,923.0,185.0,,
E2_iterative_r2__softimpute__19_tdm__post0,0.5816748415549887,0.533749723181309,772.0,924.0,-152.0,545.0,641.0
J_ff_only__strict__04_sva__post1,0.6695675111104279,0.5335842058538934,467.0,925.0,-458.0,327.0,642.0
K_ffpe_only__strict__13_fsmvn__post0,0.5790535412553346,0.5333329219535207,780.0,926.0,-146.0,,
H_affymetrix_extended__knn__12_scanorama__post0,0.5183464933029425,0.5330630549614196,1007.0,927.0,80.0,709.0,643.0
E3_iterative_r3__knn__19_tdm__post0,0.4944366734150414,0.5329158612217043,1095.0,928.0,167.0,771.0,644.0
C_rnaseq_only__knn__18_rank__post0,0.6051930928247593,0.5324942676832732,679.0,929.0,-250.0,483.0,645.0
E1_iterative_r1__knn__18_rank__post0,0.5705726068442569,0.5319211748451106,807.0,930.0,-123.0,572.0,646.0
E1_iterative_r1__softimpute__14_qsmooth__post0,0.5846639804538303,0.5318805596216831,758.0,931.0,-173.0,537.0,647.0
S0_no_removal__strict__15_fsqn_py__post0,0.5690596622782359,0.5315167110928649,821.0,932.0,-111.0,583.0,648.0
S0_no_removal__strict__18_rank__post1,0.54298288306724,0.5313469415784927,921.0,933.0,-12.0,652.0,649.0
J_ff_only__softimpute__19_tdm__post1,0.6454684637316227,0.5313374087319954,536.0,934.0,-398.0,377.0,650.0
F_microarray_only__knn__15_fsqn_py__post1,0.5323819157479314,0.5312068821402296,967.0,935.0,32.0,681.0,651.0
C_rnaseq_only__strict__11_harmony__post0,0.5414126662112495,0.5311059953313464,926.0,936.0,-10.0,655.0,652.0
K_ffpe_only__softimpute__13_fsmvn__post0,0.529770024705328,0.5309273257785635,977.0,937.0,40.0,,
C_rnaseq_only__knn__10_mnn__post0,0.6143501664862828,0.5309170297111419,635.0,938.0,-303.0,448.0,653.0
F_microarray_only__knn__17_quantile__post1,0.5313933913241374,0.5302183577164357,971.0,939.0,32.0,684.0,654.0
E2_iterative_r2__softimpute__06_combat_seq__post1,0.5569046875918816,0.5298060103805883,859.0,940.0,-81.0,613.0,655.0
E3_iterative_r3__softimpute__17_quantile__post0,0.5515616660184697,0.5297886542698845,881.0,941.0,-60.0,624.0,656.0
D_malignant_only__knn__18_rank__post0,0.568563666571442,0.5294539352449166,823.0,942.0,-119.0,585.0,657.0
E1_iterative_r1__strict__09_ruv__post1,0.5056826888788423,0.5293850965072723,1054.0,943.0,111.0,739.0,658.0
C_rnaseq_only__strict__20_shambhala__post1,0.5522021167646481,0.5293149937363584,877.0,944.0,-67.0,,
H_affymetrix_extended__knn__15_fsqn_py__post0,0.4480741247965161,0.5286318959175268,1251.0,945.0,306.0,878.0,659.0
C_rnaseq_only__softimpute__06_combat_seq__post0,0.4895839519682831,0.5284113875258839,1112.0,946.0,166.0,783.0,660.0
C_rnaseq_only__softimpute__08_inmoose_combatseq__post0,0.4895839519682831,0.5284113875258839,1112.0,946.0,166.0,783.0,660.0
H_affymetrix_extended__knn__20_shambhala__post1,0.4882978594425546,0.5283707437640829,1119.0,948.0,171.0,790.0,662.0
H_affymetrix_extended__knn__17_quantile__post0,0.4477735471793759,0.5283313183003866,1252.0,949.0,303.0,879.0,663.0
E1_iterative_r1__knn__19_tdm__post1,0.5127991723657929,0.5280888399252316,1031.0,950.0,81.0,723.0,664.0
A_confirmed_bad__knn__04_sva__post0,0.5641544684285741,0.5279115368949024,838.0,951.0,-113.0,,
D_malignant_only__knn__15_fsqn_py__post0,0.5662502976146669,0.5276508787611479,832.0,952.0,-120.0,593.0,665.0
S0_no_removal__strict__17_quantile__post0,0.5692815172907737,0.5270846770258562,819.0,953.0,-134.0,581.0,666.0
E1_iterative_r1__knn__31_ruv3prps__post0,0.5479304027830121,0.526936214934464,898.0,954.0,-56.0,637.0,667.0
E1_iterative_r1__knn__04_sva__post0,0.5487342386236121,0.5268727530292966,893.0,955.0,-62.0,634.0,668.0
B_extended_bad__knn__19_tdm__post0,0.517184917528632,0.5267463413114181,1011.0,956.0,55.0,,
B_extended_bad__softimpute__14_qsmooth__post0,0.5339895032124983,0.5266417108426585,962.0,957.0,5.0,,
K_ffpe_only__knn__28_npn__post1,0.5403523338141305,0.5265325268512218,928.0,958.0,-30.0,,
H_affymetrix_extended__knn__12_scanorama__post1,0.5055347466561134,0.5263435754464161,1056.0,959.0,97.0,740.0,669.0
E2_iterative_r2__softimpute__14_qsmooth__post0,0.5767294272243166,0.5262780149180682,787.0,960.0,-173.0,558.0,670.0
D_malignant_only__knn__17_quantile__post0,0.5646403286020617,0.5258855569538472,837.0,961.0,-124.0,597.0,671.0
A_confirmed_bad__knn__31_ruv3prps__post0,0.5611141758548063,0.5253038803967932,848.0,962.0,-114.0,,
B_extended_bad__softimpute__06_combat_seq__post1,0.5714945378718715,0.5251909765197743,802.0,963.0,-161.0,,
B_extended_bad__softimpute__08_inmoose_combatseq__post1,0.5714945378718715,0.5251909765197743,802.0,963.0,-161.0,,
D_malignant_only__softimpute__15_fsqn_py__post0,0.5704998141049367,0.5248568540344157,808.0,965.0,-157.0,573.0,672.0
E1_iterative_r1__softimpute__19_tdm__post1,0.500408811574259,0.5247571091754196,1073.0,966.0,107.0,754.0,673.0
K_ffpe_only__knn__02_median_scaling__post1,0.5819514833295778,0.5246038488874409,769.0,967.0,-198.0,,
E2_iterative_r2__strict__15_fsqn_py__post1,0.5885966898596166,0.5243260199042085,740.0,968.0,-228.0,527.0,674.0
B_extended_bad__strict__09_ruv__post0,0.5277458689457307,0.5241828139757664,983.0,969.0,14.0,,
B_extended_bad__knn__20_shambhala__post0,0.5346209303615558,0.5236494181845747,960.0,970.0,-10.0,,
E2_iterative_r2__strict__09_ruv__post1,0.499931632337623,0.5229602723205503,1074.0,971.0,103.0,755.0,675.0
E1_iterative_r1__softimpute__14_qsmooth__post1,0.5754660565307058,0.5229106009044764,790.0,972.0,-182.0,561.0,676.0
J_ff_only__softimpute__01_raw__post0,0.5979339234009745,0.5226975605611158,699.0,973.0,-274.0,497.0,677.0
E3_iterative_r3__softimpute__08_inmoose_combatseq__post1,0.5518489243600956,0.5226767422400659,879.0,974.0,-95.0,622.0,678.0
K_ffpe_only__softimpute__18_rank__post0,0.510618493046615,0.5223555425973244,1039.0,975.0,64.0,,
G_affymetrix_only__knn__02_median_scaling__post0,0.4555007763002594,0.5222299686044288,1221.0,976.0,245.0,,
E3_iterative_r3__softimpute__08_inmoose_combatseq__post0,0.5557933075590281,0.5220075937539633,865.0,977.0,-112.0,615.0,679.0
A_confirmed_bad__knn__25_angel__post0,0.5144484647063742,0.5219712478374434,1023.0,978.0,45.0,,
I_rare_batches_removed__strict__20_shambhala__post1,0.4160415736227316,0.5218536838760435,1374.0,979.0,395.0,959.0,680.0
E2_iterative_r2__strict__14_qsmooth__post0,0.5788223725285944,0.5218184025008005,782.0,980.0,-198.0,553.0,681.0
E3_iterative_r3__softimpute__17_quantile__post1,0.5369992739724603,0.5214325806228782,947.0,981.0,-34.0,670.0,682.0
D_malignant_only__softimpute__15_fsqn_py__post1,0.4997588406294462,0.5212836655597212,1075.0,982.0,93.0,756.0,683.0
G_affymetrix_only__strict__11_harmony__post1,0.4104928607444583,0.5208118757419532,1409.0,983.0,426.0,,
C_rnaseq_only__softimpute__12_scanorama__post0,0.5332288256302954,0.5205728771735031,966.0,984.0,-18.0,680.0,684.0
C_rnaseq_only__knn__26_xpn__post1,0.5401637245931863,0.5203389913845746,932.0,985.0,-53.0,,
E3_iterative_r3__softimpute__19_tdm__post0,0.4962575083989609,0.5202647164939779,1088.0,986.0,102.0,765.0,685.0
E1_iterative_r1__strict__14_qsmooth__post0,0.5812840903914506,0.5197977888344071,773.0,987.0,-214.0,546.0,686.0
D_malignant_only__strict__05_combat__post1,0.3987315699122217,0.5193783786121978,1459.0,988.0,471.0,1007.0,687.0
E1_iterative_r1__knn__15_fsqn_py__post0,0.5658373684002808,0.519302975111137,833.0,989.0,-156.0,594.0,688.0
A_confirmed_bad__softimpute__08_inmoose_combatseq__post1,0.536465113408176,0.5189227444953792,953.0,990.0,-37.0,,
E2_iterative_r2__knn__15_fsqn_py__post0,0.5637769922960816,0.5185377778312223,840.0,991.0,-151.0,598.0,689.0
G_affymetrix_only__softimpute__10_mnn__post1,0.361992991110393,0.5183599470945502,1677.0,992.0,685.0,,
C_rnaseq_only__softimpute__10_mnn__post0,0.5694979585261656,0.5183043890126392,816.0,993.0,-177.0,579.0,690.0
A_confirmed_bad__softimpute__06_combat_seq__post1,0.5358558557960951,0.5182368232831756,954.0,994.0,-40.0,,
E2_iterative_r2__knn__31_ruv3prps__post0,0.5286286830836971,0.517783856390125,981.0,995.0,-14.0,692.0,691.0
G_affymetrix_only__strict__03_limma__post0,0.4564780354123152,0.5176765308968875,1218.0,996.0,222.0,,
G_affymetrix_only__strict__06_combat_seq__post0,0.4082716087404739,0.5171278097991937,1417.0,997.0,420.0,,
E2_iterative_r2__softimpute__19_tdm__post1,0.4918373189096692,0.5169924554120761,1106.0,998.0,108.0,779.0,692.0
E1_iterative_r1__strict__14_qsmooth__post1,0.5737550571106365,0.5169770266943102,793.0,999.0,-206.0,563.0,693.0
E2_iterative_r2__softimpute__14_qsmooth__post1,0.56754790851697,0.5167152038045585,828.0,1000.0,-172.0,589.0,694.0
E2_iterative_r2__knn__04_sva__post0,0.5290774590158982,0.5165966729808819,979.0,1001.0,-22.0,691.0,695.0
E3_iterative_r3__softimpute__06_combat_seq__post1,0.5451872935272247,0.516015111407195,911.0,1002.0,-91.0,647.0,696.0
G_affymetrix_only__knn__10_mnn__post1,0.3590036621401422,0.5160059933583534,1697.0,1003.0,694.0,,
G_affymetrix_only__strict__15_fsqn_py__post0,0.4801410624823414,0.5158581119314278,1144.0,1004.0,140.0,,
D_malignant_only__knn__28_npn__post1,0.5132265235249752,0.5156472462213696,1027.0,1005.0,22.0,722.0,697.0
C_rnaseq_only__knn__14_qsmooth__post1,0.5741964388685257,0.5147023952835009,792.0,1006.0,-214.0,,
E3_iterative_r3__strict__10_mnn__post0,0.4851022895002293,0.5145086681040193,1134.0,1007.0,127.0,798.0,698.0
E3_iterative_r3__softimpute__06_combat_seq__post0,0.5481814841024247,0.5143191066972372,896.0,1008.0,-112.0,635.0,699.0
H_affymetrix_extended__strict__09_ruv__post0,0.4908449834680604,0.5138487670038363,1107.0,1009.0,98.0,780.0,700.0
E1_iterative_r1__strict__18_rank__post1,0.5822310006718949,0.5136663794711033,768.0,1010.0,-242.0,544.0,701.0
I_rare_batches_removed__knn__14_qsmooth__post0,0.5060574012611662,0.5134979246582927,1052.0,1011.0,41.0,737.0,702.0
A_confirmed_bad__knn__27_dwd__post0,0.5478288113052797,0.5120185158472667,899.0,1012.0,-113.0,,
C_rnaseq_only__knn__18_rank__post1,0.6102747316940093,0.5117925611136882,650.0,1013.0,-363.0,,
E2_iterative_r2__knn__18_rank__post0,0.5527020044171388,0.5107060413238816,875.0,1014.0,-139.0,620.0,703.0
A_confirmed_bad__knn__18_rank__post0,0.5623580243336501,0.5105179468694253,843.0,1015.0,-172.0,,
G_affymetrix_only__strict__08_inmoose_combatseq__post0,0.4040452708960862,0.5104404433620641,1433.0,1016.0,417.0,,
B_extended_bad__softimpute__19_tdm__post0,0.5012728765692703,0.5104071745799442,1069.0,1017.0,52.0,,
B_extended_bad__knn__18_rank__post0,0.5453110229299601,0.5100304547527769,910.0,1018.0,-108.0,,
G_affymetrix_only__knn__19_tdm__post0,0.3760929192857638,0.5090040500714624,1580.0,1019.0,561.0,,
C_rnaseq_only__knn__15_fsqn_py__post1,0.5904002885724869,0.5087040132080961,730.0,1020.0,-290.0,,
H_affymetrix_extended__strict__12_scanorama__post1,0.4958037205474142,0.5086530617760341,1091.0,1021.0,70.0,767.0,704.0
J_ff_only__knn__19_tdm__post1,0.6383001577851739,0.5084131708493654,562.0,1022.0,-460.0,397.0,705.0
B_extended_bad__softimpute__14_qsmooth__post1,0.5166095816388362,0.5083985427121294,1014.0,1023.0,-9.0,,
C_rnaseq_only__knn__22_tmm__post0,0.5569059997116194,0.5082463801910412,858.0,1024.0,-166.0,612.0,706.0
E2_iterative_r2__knn__19_tdm__post1,0.4888534159802278,0.5079829583071179,1116.0,1025.0,91.0,787.0,707.0
E3_iterative_r3__softimpute__15_fsqn_py__post0,0.5011248605340431,0.5075004705641277,1070.0,1026.0,44.0,751.0,708.0
J_ff_only__softimpute__27_dwd__post0,0.5823542634560828,0.5071179006162241,766.0,1027.0,-261.0,542.0,709.0
A_confirmed_bad__knn__17_quantile__post0,0.5650348145581408,0.5068103037117347,834.0,1028.0,-194.0,,
F_microarray_only__knn__19_tdm__post0,0.4403100574606389,0.5067026920970955,1272.0,1029.0,243.0,892.0,710.0
K_ffpe_only__strict__28_npn__post1,0.5095929601918727,0.5065404923517897,1044.0,1030.0,14.0,,
B_extended_bad__softimpute__15_fsqn_py__post0,0.5880548213833248,0.5064492857838799,743.0,1031.0,-288.0,,
G_affymetrix_only__strict__18_rank__post0,0.4631088417586437,0.5062737960083615,1190.0,1032.0,158.0,,
D_malignant_only__strict__28_npn__post1,0.5063854540785575,0.5062525888154699,1051.0,1033.0,18.0,736.0,711.0
D_malignant_only__softimpute__14_qsmooth__post0,0.5480978213009274,0.5059894892138496,897.0,1034.0,-137.0,636.0,712.0
E1_iterative_r1__knn__17_quantile__post1,0.5499642080936895,0.505342044629728,889.0,1035.0,-146.0,630.0,713.0
E3_iterative_r3__softimpute__15_fsqn_py__post1,0.4930466403361235,0.505325656564637,1100.0,1036.0,64.0,775.0,714.0
C_rnaseq_only__knn__12_scanorama__post0,0.4918393355599442,0.5049264953098581,1105.0,1037.0,68.0,778.0,715.0
G_affymetrix_only__knn__07_pycombat__post1,0.4566644522499182,0.5038283884485224,1217.0,1038.0,179.0,,
F_microarray_only__strict__07_pycombat__post1,0.4540144720986907,0.5034186177420902,1231.0,1039.0,192.0,861.0,716.0
A_confirmed_bad__strict__14_qsmooth__post1,0.5556145429859088,0.5028655572594146,866.0,1040.0,-174.0,,
I_rare_batches_removed__knn__19_tdm__post0,0.4526198820085598,0.5022305352895491,1236.0,1041.0,195.0,866.0,717.0
H_affymetrix_extended__knn__17_quantile__post1,0.4230632806171226,0.5018699425020131,1341.0,1042.0,299.0,940.0,718.0
J_ff_only__knn__04_sva__post1,0.6088638596394511,0.5018695232015338,659.0,1043.0,-384.0,467.0,719.0
A_confirmed_bad__strict__09_ruv__post0,0.5136097702641781,0.5018530484148255,1025.0,1044.0,-19.0,,
H_affymetrix_extended__knn__15_fsqn_py__post1,0.4224560485994919,0.5012627104843823,1347.0,1045.0,302.0,945.0,720.0
E3_iterative_r3__strict__10_mnn__post1,0.4739665631560271,0.5009547596395127,1161.0,1046.0,115.0,818.0,721.0
F_microarray_only__strict__02_median_scaling__post0,0.4928285317497017,0.49941010010362685,1103.0,1047.0,56.0,776.0,722.0
K_ffpe_only__knn__28_npn__post0,0.5374622252852849,0.49935670815651484,942.0,1048.0,-106.0,,
G_affymetrix_only__strict__02_median_scaling__post0,0.4426259735402715,0.49867616323890845,1268.0,1049.0,219.0,,
E3_iterative_r3__softimpute__14_qsmooth__post0,0.5213496068609752,0.4982938788437905,999.0,1050.0,-51.0,705.0,723.0
S0_no_removal__strict__18_rank__post0,0.5463662177436074,0.49749682903505366,906.0,1051.0,-145.0,643.0,724.0
E1_iterative_r1__strict__12_scanorama__post1,0.4751500209013204,0.4971493155824665,1157.0,1052.0,105.0,815.0,725.0
G_affymetrix_only__strict__19_tdm__post1,0.6249287197022819,0.4966857919038946,593.0,1053.0,-460.0,,
B_extended_bad__softimpute__15_fsqn_py__post1,0.5715760146831151,0.4960911045377983,801.0,1054.0,-253.0,,
D_malignant_only__knn__19_tdm__post1,0.5042688084309426,0.49533851181387756,1063.0,1055.0,8.0,746.0,726.0
B_extended_bad__softimpute__17_quantile__post0,0.5692996829108142,0.49485191145609564,818.0,1056.0,-238.0,,
B_extended_bad__softimpute__06_combat_seq__post0,0.5447548163413057,0.49473758505563553,912.0,1057.0,-145.0,,
B_extended_bad__softimpute__08_inmoose_combatseq__post0,0.5447548163413057,0.49473758505563553,912.0,1057.0,-145.0,,
C_rnaseq_only__softimpute__12_scanorama__post1,0.4578961468239653,0.4944112976524746,1211.0,1059.0,152.0,,
D_malignant_only__softimpute__28_npn__post1,0.4753707047494057,0.4933419847039995,1156.0,1060.0,96.0,814.0,727.0
I_rare_batches_removed__softimpute__14_qsmooth__post0,0.4869303289405154,0.49319394762998187,1124.0,1061.0,63.0,793.0,728.0
E2_iterative_r2__knn__17_quantile__post1,0.5354130528978845,0.49282029474823147,956.0,1062.0,-106.0,677.0,729.0
C_rnaseq_only__strict__26_xpn__post0,0.5822588749944431,0.4919642945101598,767.0,1063.0,-296.0,543.0,730.0
J_ff_only__softimpute__19_tdm__post0,0.5886093436393105,0.4918413409454759,739.0,1064.0,-325.0,526.0,731.0
J_ff_only__knn__25_angel__post1,0.6171450548484437,0.49158460032976814,627.0,1065.0,-438.0,442.0,732.0
I_rare_batches_removed__strict__31_ruv3prps__post0,0.5044190145135751,0.4907285709386027,1061.0,1066.0,-5.0,744.0,733.0
S0_no_removal__knn__05_combat__post1,0.3814241940065631,0.4888189458355375,1553.0,1067.0,486.0,1069.0,734.0
E1_iterative_r1__knn__18_rank__post1,0.5313373044447556,0.48865947132819515,972.0,1068.0,-96.0,685.0,735.0
C_rnaseq_only__knn__10_mnn__post1,0.5625973241456129,0.48850001486288347,842.0,1069.0,-227.0,600.0,736.0
E3_iterative_r3__softimpute__19_tdm__post1,0.4923969638575359,0.4877928906686199,1104.0,1070.0,34.0,777.0,737.0
H_affymetrix_extended__strict__14_qsmooth__post0,0.4440012586115625,0.48773919859985937,1263.0,1071.0,192.0,885.0,738.0
E3_iterative_r3__knn__14_qsmooth__post0,0.5093930361588661,0.4877151243531112,1046.0,1072.0,-26.0,733.0,739.0
D_malignant_only__softimpute__19_tdm__post0,0.4990314678519524,0.48754665630845356,1079.0,1073.0,6.0,758.0,740.0
H_affymetrix_extended__knn__14_qsmooth__post0,0.4337872571179029,0.4871913681545363,1293.0,1074.0,219.0,909.0,741.0
H_affymetrix_extended__strict__21_harmonizr__post1,0.4949058086569041,0.4869410682824946,1093.0,1075.0,18.0,769.0,742.0
B_extended_bad__knn__11_harmony__post0,0.4676055635592441,0.4863162541523698,1175.0,1076.0,99.0,,
E1_iterative_r1__knn__11_harmony__post1,0.4816484341816927,0.4862709437133162,1140.0,1077.0,63.0,803.0,743.0
B_extended_bad__softimpute__19_tdm__post1,0.5032790019472165,0.48626850607208216,1064.0,1078.0,-14.0,,
E3_iterative_r3__knn__19_tdm__post1,0.4730783555266729,0.48617330866540365,1164.0,1079.0,85.0,819.0,744.0
J_ff_only__strict__20_shambhala__post0,0.5864840385700424,0.485781473151238,750.0,1080.0,-330.0,533.0,745.0
F_microarray_only__knn__14_qsmooth__post0,0.4656079260346126,0.4857547974250204,1178.0,1081.0,97.0,830.0,746.0
C_rnaseq_only__knn__17_quantile__post1,0.5640613800184752,0.4856775352259764,839.0,1082.0,-243.0,,
E3_iterative_r3__knn__11_harmony__post0,0.4644463642144451,0.48521856064409796,1184.0,1083.0,101.0,833.0,747.0
E2_iterative_r2__strict__12_scanorama__post1,0.4649444069386794,0.48509488320056643,1181.0,1084.0,97.0,832.0,748.0
A_confirmed_bad__strict__10_mnn__post0,0.4811985270725717,0.48472704394055505,1141.0,1085.0,56.0,,
B_extended_bad__knn__15_fsqn_py__post0,0.5419088273699183,0.4845715612247976,924.0,1086.0,-162.0,,
H_affymetrix_extended__strict__12_scanorama__post0,0.4863206551937629,0.48424802575381437,1127.0,1087.0,40.0,795.0,749.0
J_ff_only__softimpute__04_sva__post1,0.578254793835978,0.48422875938549154,784.0,1088.0,-304.0,555.0,750.0
E2_iterative_r2__knn__18_rank__post1,0.5236938002889245,0.4840903045660873,993.0,1089.0,-96.0,701.0,751.0
B_extended_bad__knn__19_tdm__post1,0.4606521529350836,0.48397810898476523,1203.0,1090.0,113.0,,
E2_iterative_r2__strict__12_scanorama__post0,0.461437619529659,0.48379513543950187,1197.0,1091.0,106.0,841.0,752.0
H_affymetrix_extended__softimpute__08_inmoose_combatseq__post0,0.4982253263504918,0.4831101689027519,1082.0,1092.0,-10.0,761.0,753.0
E1_iterative_r1__strict__12_scanorama__post0,0.4605383085826419,0.4830560181145951,1204.0,1093.0,111.0,847.0,754.0
A_confirmed_bad__knn__18_rank__post1,0.5343185081542554,0.4829282843185156,961.0,1094.0,-133.0,,
H_affymetrix_extended__softimpute__06_combat_seq__post0,0.4977673369341767,0.48235160186929654,1083.0,1095.0,-12.0,762.0,755.0
K_ffpe_only__strict__28_npn__post0,0.5056113309112583,0.48197700385561976,1055.0,1096.0,-41.0,,
I_rare_batches_removed__strict__02_median_scaling__post0,0.4631456632993587,0.4816719904654092,1189.0,1097.0,92.0,836.0,756.0
H_affymetrix_extended__knn__11_harmony__post0,0.4230761316911853,0.48021241766831774,1340.0,1098.0,242.0,939.0,757.0
G_affymetrix_only__strict__25_angel__post1,0.3932903707083313,0.4801446701046923,1488.0,1099.0,389.0,,
B_extended_bad__knn__14_qsmooth__post0,0.543360122809175,0.4800318692547374,919.0,1100.0,-181.0,,
J_ff_only__knn__01_raw__post0,0.596007514414641,0.47984058249809775,709.0,1101.0,-392.0,503.0,758.0
E3_iterative_r3__softimpute__14_qsmooth__post1,0.5013869331230394,0.4797536873915162,1067.0,1102.0,-35.0,749.0,759.0
I_rare_batches_removed__softimpute__12_scanorama__post1,0.4809005934581536,0.47973779924742627,1142.0,1103.0,39.0,804.0,760.0
K_ffpe_only__strict__07_pycombat__post0,0.5465433940955226,0.4791559522592655,905.0,1104.0,-199.0,,
E2_iterative_r2__strict__10_mnn__post0,0.4893363123429382,0.4790904436286496,1114.0,1105.0,9.0,785.0,761.0
E1_iterative_r1__knn__15_fsqn_py__post1,0.5242056142615179,0.4789643742022085,992.0,1106.0,-114.0,700.0,762.0
G_affymetrix_only__knn__09_ruv__post1,0.4628406183279107,0.4782549801084179,1191.0,1107.0,84.0,,
S0_no_removal__strict__16_fsqn_r__post1,0.4575741698678444,0.4781987725595093,1212.0,1108.0,104.0,852.0,763.0
A_confirmed_bad__strict__10_mnn__post1,0.4750353307249608,0.4780775332643558,1158.0,1109.0,49.0,,
G_affymetrix_only__softimpute__06_combat_seq__post0,0.386099690369482,0.4769368898416464,1530.0,1110.0,420.0,,
G_affymetrix_only__softimpute__18_rank__post1,0.3604514189439945,0.47673130939384456,1687.0,1111.0,576.0,,
A_confirmed_bad__knn__15_fsqn_py__post0,0.5351826660027155,0.4763228738053602,957.0,1112.0,-155.0,,
A_confirmed_bad__knn__17_quantile__post1,0.533865117042966,0.4762296078641392,964.0,1113.0,-149.0,,
K_ffpe_only__softimpute__16_fsqn_r__post1,0.4684857414399599,0.47621851691771533,1170.0,1114.0,56.0,,
K_ffpe_only__softimpute__27_dwd__post1,0.4684857414399599,0.47621851691771533,1170.0,1114.0,56.0,,
B_extended_bad__softimpute__17_quantile__post1,0.5481991878833653,0.47602732628790817,895.0,1116.0,-221.0,,
H_affymetrix_extended__strict__10_mnn__post0,0.4830492452531068,0.4752283907488783,1137.0,1117.0,20.0,800.0,764.0
G_affymetrix_only__knn__06_combat_seq__post0,0.3843000419853358,0.4752139050576229,1542.0,1118.0,424.0,,
E2_iterative_r2__knn__15_fsqn_py__post1,0.5185694092299098,0.47503471532881675,1005.0,1119.0,-114.0,708.0,765.0
H_affymetrix_extended__knn__14_qsmooth__post1,0.4201915376767181,0.475017822010029,1356.0,1120.0,236.0,951.0,766.0
D_malignant_only__knn__14_qsmooth__post0,0.5543292957001144,0.47452520020906025,873.0,1121.0,-248.0,618.0,767.0
E1_iterative_r1__softimpute__25_angel__post0,0.4380173642713569,0.4740468874134645,1279.0,1122.0,157.0,896.0,768.0
E2_iterative_r2__softimpute__25_angel__post0,0.4347782685756791,0.47388415470596007,1289.0,1123.0,166.0,905.0,769.0
F_microarray_only__strict__07_pycombat__post0,0.4509057872737477,0.4732122856691335,1244.0,1124.0,120.0,872.0,770.0
I_rare_batches_removed__strict__20_shambhala__post0,0.4137326853596874,0.47285350458424036,1384.0,1125.0,259.0,965.0,771.0
D_malignant_only__strict__09_ruv__post0,0.5235301170245902,0.47179365386630795,994.0,1126.0,-132.0,702.0,772.0
D_malignant_only__knn__01_raw__post0,0.5322940545935771,0.47154263183663464,968.0,1127.0,-159.0,682.0,773.0
D_malignant_only__knn__36_explobatch__post0,0.5322940545935771,0.47154263183663464,968.0,1127.0,-159.0,682.0,773.0
E1_iterative_r1__strict__10_mnn__post0,0.4805385168134933,0.4715044685620482,1143.0,1129.0,14.0,805.0,775.0
B_extended_bad__strict__13_fsmvn__post1,0.4568114925555334,0.47103514812043185,1215.0,1130.0,85.0,,
K_ffpe_only__softimpute__15_fsqn_py__post0,0.4862464984523409,0.47092682462935204,1128.0,1131.0,-3.0,,
K_ffpe_only__softimpute__17_quantile__post0,0.4861698348522182,0.47092682462935204,1130.0,1131.0,-1.0,,
J_ff_only__softimpute__04_sva__post0,0.5047624715060383,0.4707620103571457,1060.0,1133.0,-73.0,743.0,776.0
B_extended_bad__strict__10_mnn__post0,0.4766136127681949,0.47074598062768275,1153.0,1134.0,19.0,,
F_microarray_only__strict__10_mnn__post1,0.5307564868819947,0.47012261726738086,975.0,1135.0,-160.0,688.0,777.0
S0_no_removal__strict__16_fsqn_r__post0,0.4612514876301217,0.469722248963872,1198.0,1136.0,62.0,842.0,778.0
B_extended_bad__knn__11_harmony__post1,0.4651873480289104,0.4696759966662758,1180.0,1137.0,43.0,,
G_affymetrix_only__knn__08_inmoose_combatseq__post0,0.3811106215169955,0.46960077499937686,1556.0,1138.0,418.0,,
B_extended_bad__softimpute__13_fsmvn__post1,0.4181163159166274,0.4692075414122561,1361.0,1139.0,222.0,,
B_extended_bad__strict__12_scanorama__post0,0.4520534611563412,0.46878198741758964,1239.0,1140.0,99.0,,
E1_iterative_r1__softimpute__25_angel__post1,0.4327355528992957,0.46869854041353154,1298.0,1141.0,157.0,912.0,779.0
B_extended_bad__knn__17_quantile__post0,0.5177922362525121,0.46807614906378586,1008.0,1142.0,-134.0,,
J_ff_only__strict__10_mnn__post0,0.4541366771496249,0.46780878737821774,1230.0,1143.0,87.0,860.0,780.0
E2_iterative_r2__softimpute__13_fsmvn__post0,0.4335610207503784,0.4674072963962923,1294.0,1144.0,150.0,910.0,781.0
E2_iterative_r2__strict__10_mnn__post1,0.4770421204000234,0.46733897366994387,1152.0,1145.0,7.0,811.0,782.0
I_rare_batches_removed__softimpute__12_scanorama__post0,0.4539062478387791,0.4667248961616624,1232.0,1146.0,86.0,862.0,783.0
E2_iterative_r2__softimpute__25_angel__post1,0.4276908990862682,0.46642562078263694,1320.0,1147.0,173.0,927.0,784.0
S0_no_removal__strict__33_amdbnorm__post0,0.5365864200459003,0.4658015070029535,950.0,1148.0,-198.0,673.0,785.0
F_microarray_only__knn__02_median_scaling__post1,0.5311588943498967,0.46544091999378506,973.0,1149.0,-176.0,686.0,786.0
E1_iterative_r1__knn__19_tdm__post0,0.5153679406500761,0.46497884112225246,1019.0,1150.0,-131.0,716.0,787.0
G_affymetrix_only__knn__17_quantile__post0,0.407802128072102,0.46493293807779706,1420.0,1151.0,269.0,,
B_extended_bad__strict__26_xpn__post1,0.4116758184919107,0.4646747419742907,1401.0,1152.0,249.0,,
D_malignant_only__knn__04_sva__post1,0.4881732362062727,0.46393874954752445,1120.0,1153.0,-33.0,791.0,788.0
B_extended_bad__strict__12_scanorama__post1,0.4511973231902643,0.46373911738355106,1242.0,1154.0,88.0,,
E2_iterative_r2__softimpute__13_fsmvn__post1,0.4299637868900372,0.46369693823572544,1316.0,1155.0,161.0,925.0,789.0
E3_iterative_r3__knn__11_harmony__post1,0.4604705361382266,0.4635754977734677,1206.0,1156.0,50.0,848.0,790.0
J_ff_only__knn__10_mnn__post1,0.4884601393934463,0.4635053307489508,1118.0,1157.0,-39.0,789.0,791.0
A_confirmed_bad__knn__19_tdm__post0,0.4991058351042219,0.46311672085478994,1078.0,1158.0,-80.0,,
G_affymetrix_only__softimpute__05_combat__post0,0.3922818033251311,0.46287970936858497,1493.0,1159.0,334.0,,
J_ff_only__knn__27_dwd__post0,0.5789814408597284,0.46281450894318504,781.0,1160.0,-379.0,552.0,792.0
C_rnaseq_only__softimpute__13_fsmvn__post1,0.543720161549618,0.4626462929951798,917.0,1161.0,-244.0,,
G_affymetrix_only__knn__05_combat__post0,0.3933217363174795,0.46235021864736076,1486.0,1162.0,324.0,,
C_rnaseq_only__softimpute__21_harmonizr__post0,0.4743764689932728,0.46198487777828284,1160.0,1163.0,-3.0,817.0,793.0
E1_iterative_r1__strict__26_xpn__post1,0.4107711993305312,0.4613756298480411,1407.0,1164.0,243.0,979.0,794.0
E1_iterative_r1__strict__10_mnn__post1,0.4747830124199564,0.4613247569003489,1159.0,1165.0,-6.0,816.0,795.0
S0_no_removal__strict__20_shambhala__post0,0.4622902475062815,0.4610294007913219,1193.0,1166.0,27.0,838.0,796.0
K_ffpe_only__knn__26_xpn__post0,0.4991406621553163,0.46049678322022153,1077.0,1167.0,-90.0,,
J_ff_only__strict__01_raw__post0,0.6139447712488937,0.4603477721224398,637.0,1168.0,-531.0,450.0,797.0
G_affymetrix_only__knn__15_fsqn_py__post0,0.4031318797424621,0.46026268974815715,1437.0,1169.0,268.0,,
A_confirmed_bad__knn__15_fsqn_py__post1,0.5184336397838804,0.46010036481513295,1006.0,1170.0,-164.0,,
B_extended_bad__strict__10_mnn__post1,0.4737939491172846,0.4600633026422927,1163.0,1171.0,-8.0,,
E2_iterative_r2__knn__19_tdm__post0,0.5013409700511807,0.45954598712591194,1068.0,1172.0,-104.0,750.0,798.0
H_affymetrix_extended__strict__09_ruv__post1,0.453017076697372,0.45856569487803656,1233.0,1173.0,60.0,863.0,799.0
I_rare_batches_removed__softimpute__03_limma__post0,0.4508996647706007,0.4579019731243033,1245.0,1174.0,71.0,873.0,800.0
B_extended_bad__softimpute__21_harmonizr__post0,0.3946522194153252,0.45706538492781507,1482.0,1175.0,307.0,,
I_rare_batches_removed__strict__02_median_scaling__post1,0.4318598099771463,0.4569977460927812,1302.0,1176.0,126.0,916.0,801.0
E2_iterative_r2__strict__13_fsmvn__post1,0.4567608710283017,0.4561644536251082,1216.0,1177.0,39.0,853.0,802.0
I_rare_batches_removed__softimpute__31_ruv3prps__post1,0.4236355596429088,0.4559277236960093,1337.0,1178.0,159.0,938.0,803.0
I_rare_batches_removed__softimpute__02_median_scaling__post1,0.450812375459482,0.4556539238485988,1246.0,1179.0,67.0,874.0,804.0
A_confirmed_bad__strict__26_xpn__post1,0.4175619882656106,0.45546985544099666,1366.0,1180.0,186.0,,
K_ffpe_only__knn__25_angel__post1,0.4457482337945327,0.45516577170713773,1258.0,1181.0,77.0,,
S0_no_removal__knn__19_tdm__post0,0.4349584864389731,0.4545909941674742,1288.0,1182.0,106.0,904.0,805.0
S0_no_removal__strict__10_mnn__post1,0.5576293295374602,0.454346671770775,855.0,1183.0,-328.0,609.0,806.0
J_ff_only__knn__19_tdm__post0,0.5734828041752493,0.45416152388420095,796.0,1184.0,-388.0,566.0,807.0
S0_no_removal__strict__26_xpn__post0,0.4384791113785313,0.45322506132259055,1274.0,1185.0,89.0,893.0,808.0
H_affymetrix_extended__softimpute__10_mnn__post1,0.4359519383042231,0.45260761182948395,1286.0,1186.0,100.0,903.0,809.0
C_rnaseq_only__strict__21_harmonizr__post0,0.5496488811165386,0.4522607375319671,890.0,1187.0,-297.0,631.0,810.0
S0_no_removal__knn__05_combat__post0,0.3549599407655657,0.45190568078937576,1723.0,1188.0,535.0,1182.0,811.0
K_ffpe_only__knn__10_mnn__post0,0.5271090858646744,0.45123752750413976,985.0,1189.0,-204.0,,
A_confirmed_bad__strict__13_fsmvn__post1,0.4617311940112168,0.45105631125880336,1195.0,1190.0,5.0,,
K_ffpe_only__knn__03_limma__post0,0.4852164916043152,0.4507437579595484,1133.0,1191.0,-58.0,,
I_rare_batches_removed__strict__10_mnn__post0,0.4852713951477892,0.4504456244228338,1132.0,1192.0,-60.0,797.0,812.0
S0_no_removal__strict__28_npn__post1,0.4304023449625624,0.4503997686810788,1312.0,1193.0,119.0,921.0,813.0
K_ffpe_only__softimpute__28_npn__post1,0.423445545863714,0.4503651124606591,1338.0,1194.0,144.0,,
H_affymetrix_extended__strict__19_tdm__post0,0.4591397762473543,0.45035621506554424,1209.0,1195.0,14.0,850.0,814.0
G_affymetrix_only__strict__17_quantile__post1,0.3539581797307232,0.4499178063161794,1725.0,1196.0,529.0,,
G_affymetrix_only__strict__15_fsqn_py__post1,0.3539581797307232,0.4499178063161794,1725.0,1196.0,529.0,,
A_confirmed_bad__knn__14_qsmooth__post0,0.4873240430388547,0.44975383215867965,1123.0,1198.0,-75.0,,
C_rnaseq_only__knn__20_shambhala__post0,0.4719147443377611,0.4490998217353817,1166.0,1199.0,-33.0,821.0,815.0
E3_iterative_r3__knn__15_fsqn_py__post0,0.5009903116298466,0.4488259673930474,1072.0,1200.0,-128.0,753.0,816.0
E1_iterative_r1__strict__13_fsmvn__post1,0.4473531288318133,0.4486753270261367,1256.0,1201.0,55.0,881.0,817.0
D_malignant_only__strict__09_ruv__post1,0.5155902720398409,0.44789109465091315,1018.0,1202.0,-184.0,715.0,818.0
E3_iterative_r3__knn__17_quantile__post0,0.5020394828026832,0.4474843878009302,1066.0,1203.0,-137.0,748.0,819.0
G_affymetrix_only__softimpute__12_scanorama__post0,0.3209152027523791,0.44742384146639175,1903.0,1204.0,699.0,,
B_extended_bad__softimpute__13_fsmvn__post0,0.4119170224757649,0.44741141102982435,1398.0,1205.0,193.0,,
E3_iterative_r3__softimpute__13_fsmvn__post0,0.4128955778170476,0.4472626028972028,1393.0,1206.0,187.0,973.0,820.0
E1_iterative_r1__softimpute__13_fsmvn__post1,0.4142691742987341,0.44725999677659795,1379.0,1207.0,172.0,962.0,821.0
E1_iterative_r1__softimpute__13_fsmvn__post0,0.413523003354369,0.44714739057771574,1388.0,1208.0,180.0,968.0,822.0
E3_iterative_r3__strict__13_fsmvn__post1,0.4507731308771318,0.4470320982524269,1247.0,1209.0,38.0,875.0,823.0
D_malignant_only__knn__19_tdm__post0,0.4372678955696007,0.44700674769337806,1283.0,1210.0,73.0,900.0,824.0
J_ff_only__strict__27_dwd__post0,0.6000862249880672,0.4464892258616134,692.0,1211.0,-519.0,493.0,825.0
H_affymetrix_extended__softimpute__21_harmonizr__post1,0.4452565581397783,0.44647819758588875,1259.0,1212.0,47.0,882.0,826.0
E3_iterative_r3__knn__18_rank__post0,0.4904578829419017,0.4464669496399891,1111.0,1213.0,-102.0,782.0,827.0
E2_iterative_r2__strict__26_xpn__post1,0.3952455588849825,0.445845938213592,1478.0,1214.0,264.0,1020.0,828.0
J_ff_only__knn__10_mnn__post0,0.4173888974808091,0.44484143574291507,1368.0,1215.0,153.0,955.0,829.0
A_confirmed_bad__strict__16_fsqn_r__post1,0.4262703986577321,0.4448363107458344,1328.0,1216.0,112.0,,
D_malignant_only__strict__20_shambhala__post1,0.4062400465275335,0.44478292039699435,1424.0,1217.0,207.0,986.0,830.0
K_ffpe_only__softimpute__03_limma__post0,0.4548147592532153,0.4447247926473714,1227.0,1218.0,9.0,,
I_rare_batches_removed__softimpute__02_median_scaling__post0,0.4611359212780462,0.4441298885771241,1199.0,1219.0,-20.0,843.0,831.0
G_affymetrix_only__softimpute__18_rank__post0,0.4008980640306247,0.44406301828034245,1447.0,1220.0,227.0,,
B_extended_bad__strict__26_xpn__post0,0.397753514860772,0.4439878111823062,1464.0,1221.0,243.0,,
C_rnaseq_only__knn__20_shambhala__post1,0.4876919181370392,0.4436686783202519,1122.0,1222.0,-100.0,,
C_rnaseq_only__knn__11_harmony__post1,0.5697631137666735,0.4432468533243909,813.0,1223.0,-410.0,,
E3_iterative_r3__softimpute__13_fsmvn__post1,0.4092717439486191,0.44322911830030876,1413.0,1224.0,189.0,981.0,832.0
I_rare_batches_removed__knn__02_median_scaling__post0,0.4529316883308651,0.4429731107074079,1234.0,1225.0,9.0,864.0,833.0
A_confirmed_bad__softimpute__13_fsmvn__post0,0.4221312280410806,0.44265516898820473,1349.0,1226.0,123.0,,
A_confirmed_bad__softimpute__13_fsmvn__post1,0.4233390178159342,0.4423377891384057,1339.0,1227.0,112.0,,
I_rare_batches_removed__strict__28_npn__post1,0.4037929788396238,0.44227848375440254,1434.0,1228.0,206.0,992.0,834.0
K_ffpe_only__softimpute__28_npn__post0,0.4309913514403253,0.44157501377826236,1309.0,1229.0,80.0,,
G_affymetrix_only__softimpute__13_fsmvn__post1,0.3646861067600115,0.4415620498416164,1648.0,1230.0,418.0,,
E3_iterative_r3__softimpute__25_angel__post0,0.389221968281574,0.44139431189984596,1505.0,1231.0,274.0,1035.0,835.0
D_malignant_only__knn__31_ruv3prps__post0,0.5023364046187961,0.44124911083632745,1065.0,1232.0,-167.0,747.0,836.0
D_malignant_only__knn__18_rank__post1,0.515651142254954,0.4408110234548695,1017.0,1233.0,-216.0,714.0,837.0
J_ff_only__strict__20_shambhala__post1,0.5676618465066284,0.4391838150054075,827.0,1234.0,-407.0,588.0,838.0
B_extended_bad__softimpute__21_harmonizr__post1,0.3897805265121412,0.43915837375979777,1503.0,1235.0,268.0,,
K_ffpe_only__strict__03_limma__post0,0.473915138297394,0.43893645235750506,1162.0,1236.0,-74.0,,
E2_iterative_r2__knn__12_scanorama__post1,0.4090587184814813,0.4381383240687162,1414.0,1237.0,177.0,982.0,839.0
C_rnaseq_only__strict__23_vst__post0,0.4946044917160777,0.43784579027730125,1094.0,1238.0,-144.0,770.0,840.0
S0_no_removal__knn__09_ruv__post0,0.4786536864858002,0.4375101553349728,1149.0,1239.0,-90.0,809.0,841.0
E1_iterative_r1__knn__14_qsmooth__post0,0.4907093073365197,0.4372131519147861,1109.0,1240.0,-131.0,781.0,842.0
I_rare_batches_removed__knn__16_fsqn_r__post1,0.4207107007800188,0.4368260212366139,1353.0,1241.0,112.0,949.0,843.0
A_confirmed_bad__strict__28_npn__post1,0.411950636085042,0.43663061619439114,1397.0,1242.0,155.0,,
B_extended_bad__softimpute__03_limma__post0,0.4547678792804441,0.4365896453708394,1228.0,1243.0,-15.0,,
F_microarray_only__strict__10_mnn__post0,0.48863859238039,0.43632926364591135,1117.0,1244.0,-127.0,788.0,844.0
A_confirmed_bad__strict__26_xpn__post0,0.4109749035070433,0.43581754915037424,1406.0,1245.0,161.0,,
A_confirmed_bad__softimpute__25_angel__post0,0.4137816593913435,0.4357680108672741,1383.0,1246.0,137.0,,
K_ffpe_only__strict__25_angel__post1,0.4236638671278712,0.43574670968370177,1336.0,1247.0,89.0,,
F_microarray_only__strict__03_limma__post1,0.4489377216669159,0.4356828838950588,1249.0,1248.0,1.0,876.0,845.0
G_affymetrix_only__strict__03_limma__post1,0.3487195873513906,0.43563283874462216,1762.0,1249.0,513.0,,
K_ffpe_only__strict__10_mnn__post0,0.4862048293683956,0.4354371840031548,1129.0,1250.0,-121.0,,
F_microarray_only__softimpute__02_median_scaling__post0,0.4331553371939636,0.4354359505522029,1296.0,1251.0,45.0,911.0,846.0
C_rnaseq_only__knn__23_vst__post0,0.4783657410870517,0.4348318368244732,1150.0,1252.0,-102.0,810.0,847.0
E3_iterative_r3__softimpute__25_angel__post1,0.3814511792135405,0.43470491561133046,1552.0,1253.0,299.0,1068.0,848.0
H_affymetrix_extended__knn__02_median_scaling__post0,0.4222144208277026,0.4346299071907828,1348.0,1254.0,94.0,946.0,849.0
H_affymetrix_extended__softimpute__21_harmonizr__post0,0.429237111020553,0.4340044677214186,1317.0,1255.0,62.0,926.0,850.0
J_ff_only__knn__04_sva__post0,0.5095783204671654,0.43396167801836866,1045.0,1256.0,-211.0,732.0,851.0
I_rare_batches_removed__softimpute__17_quantile__post1,0.3193908013278828,0.4337060137619291,1907.0,1257.0,650.0,1309.0,852.0
I_rare_batches_removed__softimpute__03_limma__post1,0.431329898264963,0.43347496845558725,1306.0,1258.0,48.0,917.0,853.0
S0_no_removal__strict__20_shambhala__post1,0.4323216379814664,0.4328416664414118,1299.0,1259.0,40.0,913.0,854.0
A_confirmed_bad__softimpute__25_angel__post1,0.4111951941802472,0.432344322838179,1403.0,1260.0,143.0,,
E2_iterative_r2__knn__14_qsmooth__post0,0.4759182566343825,0.4320165868167148,1155.0,1261.0,-106.0,813.0,855.0
A_confirmed_bad__strict__25_angel__post0,0.4315012134619188,0.43187587977098224,1304.0,1262.0,42.0,,
S0_no_removal__strict__26_xpn__post1,0.4260846126457439,0.4316680092531546,1329.0,1263.0,66.0,933.0,856.0
S0_no_removal__strict__07_pycombat__post1,0.4228232520700248,0.43146900416500444,1344.0,1264.0,80.0,942.0,857.0
C_rnaseq_only__strict__07_pycombat__post0,0.5417463382912989,0.431368400818859,925.0,1265.0,-340.0,654.0,858.0
F_microarray_only__softimpute__21_harmonizr__post1,0.3974624776972884,0.43124283569329863,1466.0,1266.0,200.0,1013.0,859.0
F_microarray_only__softimpute__20_shambhala__post0,0.4053704113706202,0.4310541593603035,1427.0,1267.0,160.0,987.0,860.0
E3_iterative_r3__strict__26_xpn__post1,0.386264482311986,0.4307465707699017,1529.0,1268.0,261.0,1053.0,861.0
C_rnaseq_only__knn__11_harmony__post0,0.4214538480859875,0.4299406768469019,1351.0,1269.0,82.0,948.0,862.0
G_affymetrix_only__strict__05_combat__post0,0.376963980454654,0.4298240648869239,1572.0,1270.0,302.0,,
C_rnaseq_only__knn__21_harmonizr__post0,0.5371876420387675,0.42981609871569654,944.0,1271.0,-327.0,667.0,863.0
B_extended_bad__strict__16_fsqn_r__post0,0.4174360671710939,0.4289819555370819,1367.0,1272.0,95.0,,
D_malignant_only__knn__17_quantile__post1,0.5060019990107628,0.4289328680127546,1053.0,1273.0,-220.0,738.0,864.0
B_extended_bad__strict__28_npn__post0,0.402729077209415,0.4287487992209525,1441.0,1274.0,167.0,,
B_extended_bad__knn__03_limma__post1,0.4574359775184919,0.4281302949913521,1214.0,1275.0,-61.0,,
J_ff_only__softimpute__20_shambhala__post1,0.5349235267497546,0.4278520803942934,958.0,1276.0,-318.0,678.0,865.0
F_microarray_only__softimpute__02_median_scaling__post1,0.5197295827050654,0.42770569387408336,1004.0,1277.0,-273.0,707.0,866.0
B_extended_bad__softimpute__25_angel__post0,0.4137279918499092,0.4275613599960013,1385.0,1278.0,107.0,,
S0_no_removal__strict__10_mnn__post0,0.515965030864257,0.4273687568319522,1016.0,1279.0,-263.0,713.0,867.0
D_malignant_only__softimpute__09_ruv__post1,0.4379473948178327,0.42702556120304475,1280.0,1280.0,0.0,897.0,868.0
I_rare_batches_removed__strict__10_mnn__post1,0.4765929969051614,0.4268112667234057,1154.0,1281.0,-127.0,812.0,869.0
K_ffpe_only__knn__07_pycombat__post0,0.4554710647641904,0.42675853808985814,1223.0,1282.0,-59.0,,
H_affymetrix_extended__strict__05_combat__post1,0.3731650989326645,0.4267399950471349,1596.0,1283.0,313.0,1095.0,870.0
H_affymetrix_extended__strict__29_combat_ref__post1,0.3730904943370214,0.4266653904514919,1597.0,1284.0,313.0,1096.0,871.0
H_affymetrix_extended__strict__13_fsmvn__post0,0.3879418862416491,0.4266556653513296,1517.0,1285.0,232.0,1043.0,872.0
H_affymetrix_extended__knn__11_harmony__post1,0.3698238590184413,0.4266555161895332,1612.0,1286.0,326.0,1107.0,873.0
B_extended_bad__strict__13_fsmvn__post0,0.4093186218928146,0.4264581378347922,1412.0,1287.0,125.0,,
C_rnaseq_only__softimpute__18_rank__post0,0.392013413474339,0.4261189652098752,1495.0,1288.0,207.0,1028.0,874.0
E3_iterative_r3__strict__21_harmonizr__post1,0.3963566445745549,0.4259427861027705,1471.0,1289.0,182.0,1015.0,875.0
G_affymetrix_only__strict__13_fsmvn__post1,0.336174388593121,0.4254402406163589,1826.0,1290.0,536.0,,
G_affymetrix_only__softimpute__07_pycombat__post0,0.400614203630374,0.42492967973501994,1449.0,1291.0,158.0,,
B_extended_bad__softimpute__26_xpn__post0,0.3659194607398333,0.42483535160382563,1640.0,1292.0,348.0,,
D_malignant_only__knn__20_shambhala__post1,0.3907476050165501,0.4247638932678413,1499.0,1293.0,206.0,1031.0,876.0
A_confirmed_bad__softimpute__21_harmonizr__post1,0.3618618198464454,0.4244459249312642,1679.0,1294.0,385.0,,
D_malignant_only__knn__15_fsqn_py__post1,0.5051830399528451,0.4243232664321573,1059.0,1295.0,-236.0,742.0,877.0
E3_iterative_r3__knn__18_rank__post1,0.4615694876247764,0.42415277560539333,1196.0,1296.0,-100.0,840.0,878.0
K_ffpe_only__softimpute__01_raw__post0,0.4597894976927065,0.42389785230164795,1207.0,1297.0,-90.0,,
H_affymetrix_extended__knn__05_combat__post0,0.3527675276873103,0.4238561769014552,1733.0,1298.0,435.0,1187.0,879.0
I_rare_batches_removed__strict__03_limma__post0,0.4129438608881096,0.42377732365349513,1391.0,1299.0,92.0,971.0,880.0
J_ff_only__knn__20_shambhala__post0,0.5454914327088233,0.422716891533432,908.0,1300.0,-392.0,645.0,881.0
I_rare_batches_removed__knn__02_median_scaling__post1,0.4172771702853544,0.4224752232977018,1369.0,1301.0,68.0,956.0,882.0
B_extended_bad__strict__21_harmonizr__post1,0.3913721326718093,0.42235270715236783,1497.0,1302.0,195.0,,
B_extended_bad__softimpute__25_angel__post1,0.4079398398180281,0.42184582037534263,1418.0,1303.0,115.0,,
H_affymetrix_extended__knn__29_combat_ref__post0,0.350651297390599,0.42181661020486655,1749.0,1304.0,445.0,1199.0,883.0
J_ff_only__softimpute__15_fsqn_py__post0,0.5398068012688283,0.4217760649673057,935.0,1305.0,-370.0,662.0,884.0
H_affymetrix_extended__strict__05_combat__post0,0.3703293516874553,0.4217437968263238,1608.0,1306.0,302.0,1103.0,885.0
H_affymetrix_extended__strict__29_combat_ref__post0,0.3702547470918122,0.4216691922306807,1610.0,1307.0,303.0,1105.0,886.0
F_microarray_only__softimpute__03_limma__post0,0.445190631776219,0.4215608022269021,1260.0,1308.0,-48.0,883.0,887.0
K_ffpe_only__strict__10_mnn__post1,0.4491647957747911,0.4213624133186638,1248.0,1309.0,-61.0,,
A_confirmed_bad__strict__16_fsqn_r__post0,0.4149307218494689,0.4211776208016942,1377.0,1310.0,67.0,,
G_affymetrix_only__strict__07_pycombat__post1,0.4176742476855997,0.42098949349045633,1365.0,1311.0,54.0,,
E3_iterative_r3__softimpute__03_limma__post0,0.4632645249653135,0.4209339611345752,1188.0,1312.0,-124.0,835.0,888.0
I_rare_batches_removed__strict__07_pycombat__post1,0.3818550542177521,0.4208292080445532,1549.0,1313.0,236.0,1066.0,889.0
F_microarray_only__softimpute__20_shambhala__post1,0.397654305054022,0.420802386445291,1465.0,1314.0,151.0,1012.0,890.0
I_rare_batches_removed__knn__03_limma__post0,0.4030489525148595,0.42062259797925144,1439.0,1315.0,124.0,996.0,891.0
E2_iterative_r2__knn__11_harmony__post1,0.3813486095165803,0.42044591261953007,1554.0,1316.0,238.0,1070.0,892.0
C_rnaseq_only__softimpute__14_qsmooth__post0,0.495384504084934,0.4203762609454851,1092.0,1317.0,-225.0,768.0,893.0
C_rnaseq_only__strict__16_fsqn_r__post0,0.4788878537549947,0.4202567477378531,1148.0,1318.0,-170.0,808.0,894.0
H_affymetrix_extended__softimpute__14_qsmooth__post0,0.3517277418896545,0.42018706651114646,1741.0,1319.0,422.0,1192.0,895.0
I_rare_batches_removed__strict__07_pycombat__post0,0.3836852695976205,0.42012344783702327,1545.0,1320.0,225.0,1063.0,896.0
E3_iterative_r3__strict__11_harmony__post0,0.4310510277002435,0.4199213474956022,1308.0,1321.0,-13.0,919.0,897.0
G_affymetrix_only__softimpute__03_limma__post0,0.3568608721456043,0.4198980580771849,1710.0,1322.0,388.0,,
B_extended_bad__strict__28_npn__post1,0.386602114479439,0.4197238109580495,1526.0,1323.0,203.0,,
J_ff_only__softimpute__20_shambhala__post0,0.5256909757746722,0.4195941836708375,988.0,1324.0,-336.0,696.0,898.0
K_ffpe_only__strict__33_amdbnorm__post1,0.4604918676735964,0.4193286985562352,1205.0,1325.0,-120.0,,
E2_iterative_r2__strict__13_fsmvn__post0,0.4071053567453838,0.41898718480111663,1423.0,1326.0,97.0,985.0,899.0
E1_iterative_r1__strict__26_xpn__post0,0.37785855844224,0.41889826929446866,1571.0,1327.0,244.0,1077.0,900.0
A_confirmed_bad__strict__13_fsmvn__post0,0.4177117408693345,0.4188980525749495,1364.0,1328.0,36.0,,
G_affymetrix_only__strict__19_tdm__post0,0.3326358020898103,0.4188039033579973,1842.0,1329.0,513.0,,
G_affymetrix_only__strict__10_mnn__post0,0.2947264259613578,0.4185900159766465,1995.0,1330.0,665.0,,
C_rnaseq_only__softimpute__21_harmonizr__post1,0.4179855294212658,0.4183881763994291,1362.0,1331.0,31.0,,
F_microarray_only__softimpute__13_fsmvn__post0,0.4014495494624709,0.4183371020541127,1445.0,1332.0,113.0,1001.0,901.0
S0_no_removal__strict__12_scanorama__post0,0.434645666305155,0.41738725826858497,1290.0,1333.0,-43.0,906.0,902.0
F_microarray_only__knn__14_qsmooth__post1,0.4170623267839583,0.41698216130868454,1370.0,1334.0,36.0,957.0,903.0
J_ff_only__knn__15_fsqn_py__post0,0.5434703031233422,0.4167231249137397,918.0,1335.0,-417.0,650.0,904.0
E2_iterative_r2__softimpute__03_limma__post0,0.4797337175376802,0.41657159706026614,1145.0,1336.0,-191.0,806.0,905.0
E2_iterative_r2__softimpute__03_limma__post1,0.4792104869707683,0.41642560771061704,1147.0,1337.0,-190.0,807.0,906.0
H_affymetrix_extended__knn__08_inmoose_combatseq__post0,0.3697640323211829,0.4162330229420626,1614.0,1338.0,276.0,1109.0,907.0
I_rare_batches_removed__knn__10_mnn__post0,0.4554388726333307,0.415833934961902,1224.0,1339.0,-115.0,856.0,908.0
E2_iterative_r2__strict__26_xpn__post0,0.3748226322242918,0.41570699028182506,1584.0,1340.0,244.0,1086.0,909.0
H_affymetrix_extended__softimpute__12_scanorama__post0,0.3888151009743154,0.4156240495150154,1510.0,1341.0,169.0,1038.0,910.0
E2_iterative_r2__strict__16_fsqn_r__post0,0.3987212273566035,0.41513135763597214,1460.0,1342.0,118.0,1008.0,911.0
S0_no_removal__strict__02_median_scaling__post1,0.4543277367365063,0.415115112078334,1229.0,1343.0,-114.0,859.0,912.0
E2_iterative_r2__softimpute__07_pycombat__post1,0.4047868230345151,0.414995956391826,1430.0,1344.0,86.0,990.0,913.0
F_microarray_only__knn__02_median_scaling__post0,0.4117463991768513,0.41476123902511436,1400.0,1345.0,55.0,975.0,914.0
I_rare_batches_removed__knn__20_shambhala__post1,0.2997932266589317,0.4146675374933353,1978.0,1346.0,632.0,1361.0,915.0
K_ffpe_only__strict__26_xpn__post0,0.4574764550600181,0.4145507784462407,1213.0,1347.0,-134.0,,
S0_no_removal__knn__02_median_scaling__post1,0.4610082535643616,0.4145172560614046,1201.0,1348.0,-147.0,845.0,916.0
E2_iterative_r2__softimpute__26_xpn__post1,0.3499674802572154,0.41436809724641854,1755.0,1349.0,406.0,1205.0,917.0
G_affymetrix_only__knn__12_scanorama__post0,0.3137001705899872,0.4142269899411571,1933.0,1350.0,583.0,,
B_extended_bad__softimpute__03_limma__post1,0.4382958334546836,0.4141792775914666,1278.0,1351.0,-73.0,,
G_affymetrix_only__strict__07_pycombat__post0,0.3887756244581273,0.4136763600304361,1512.0,1352.0,160.0,,
G_affymetrix_only__softimpute__07_pycombat__post1,0.3406584822785854,0.41346520071476084,1802.0,1353.0,449.0,,
S0_no_removal__knn__02_median_scaling__post0,0.467609325460935,0.4129951105669245,1174.0,1354.0,-180.0,827.0,918.0
F_microarray_only__strict__02_median_scaling__post1,0.5403023364581702,0.41288214590947026,929.0,1355.0,-426.0,657.0,919.0
H_affymetrix_extended__softimpute__02_median_scaling__post0,0.420489241677866,0.41285546283734925,1355.0,1356.0,-1.0,950.0,920.0
E1_iterative_r1__strict__28_npn__post0,0.3864433200982518,0.41281020839928334,1528.0,1357.0,171.0,1052.0,921.0
I_rare_batches_removed__strict__16_fsqn_r__post0,0.3763825632479479,0.41267894987583853,1575.0,1358.0,217.0,1080.0,922.0
J_ff_only__strict__15_fsqn_py__post0,0.5424944000066608,0.4124952500696877,922.0,1359.0,-437.0,653.0,923.0
B_extended_bad__softimpute__26_xpn__post1,0.346078410558493,0.4124719721619014,1775.0,1360.0,415.0,,
E1_iterative_r1__softimpute__07_pycombat__post1,0.4025674502140563,0.4124719547653268,1442.0,1361.0,81.0,998.0,924.0
E2_iterative_r2__strict__28_npn__post0,0.3865128585101455,0.41242179080489133,1527.0,1362.0,165.0,1051.0,925.0
H_affymetrix_extended__strict__10_mnn__post1,0.4252973557561479,0.41240904758344427,1331.0,1363.0,-32.0,935.0,926.0
S0_no_removal__softimpute__20_shambhala__post0,0.4050106274623332,0.41209179667115525,1429.0,1364.0,65.0,989.0,927.0
E3_iterative_r3__strict__11_harmony__post1,0.4337942156555527,0.41202745235086474,1292.0,1365.0,-73.0,908.0,928.0
I_rare_batches_removed__knn__16_fsqn_r__post0,0.3882557403190588,0.4119816311102669,1516.0,1366.0,150.0,1042.0,929.0
I_rare_batches_removed__strict__16_fsqn_r__post1,0.3756688433852222,0.4119692812020132,1581.0,1367.0,214.0,1084.0,930.0
K_ffpe_only__knn__09_ruv__post1,0.5385900307735705,0.41196610483644475,937.0,1368.0,-431.0,,
J_ff_only__strict__10_mnn__post1,0.4889458102792927,0.41192951639753556,1115.0,1369.0,-254.0,786.0,931.0
E1_iterative_r1__strict__16_fsqn_r__post0,0.3949181973970173,0.4118447169327428,1480.0,1370.0,110.0,1021.0,932.0
E1_iterative_r1__softimpute__26_xpn__post1,0.346555603395808,0.4117046260361861,1771.0,1371.0,400.0,1218.0,933.0
A_confirmed_bad__strict__25_angel__post1,0.4166897731751623,0.4114044136088016,1372.0,1372.0,0.0,,
B_extended_bad__strict__16_fsqn_r__post1,0.3889361230735419,0.41027500529971284,1507.0,1373.0,134.0,,
B_extended_bad__strict__03_limma__post1,0.3921350833193469,0.41012758051750353,1494.0,1374.0,120.0,,
E3_iterative_r3__knn__17_quantile__post1,0.4620462545072685,0.4096738920200693,1194.0,1375.0,-181.0,839.0,934.0
E3_iterative_r3__knn__15_fsqn_py__post1,0.4594678625208792,0.4095932983155089,1208.0,1376.0,-168.0,849.0,935.0
I_rare_batches_removed__softimpute__10_mnn__post0,0.4363384213134538,0.4086923872831924,1285.0,1377.0,-92.0,902.0,936.0
J_ff_only__knn__17_quantile__post0,0.5404542110751686,0.40846009092954,927.0,1378.0,-451.0,656.0,937.0
K_ffpe_only__softimpute__07_pycombat__post0,0.4126646433447132,0.40821022382034483,1395.0,1379.0,16.0,,
E3_iterative_r3__softimpute__26_xpn__post1,0.352261987976852,0.4081477955360409,1739.0,1380.0,359.0,1191.0,938.0
E1_iterative_r1__strict__13_fsmvn__post0,0.3955518753431795,0.408119624611116,1475.0,1381.0,94.0,1017.0,939.0
S0_no_removal__softimpute__20_shambhala__post1,0.3983794222549637,0.40807899844567336,1462.0,1382.0,80.0,1010.0,940.0
J_ff_only__strict__04_sva__post0,0.5356840471788018,0.407992564302216,955.0,1383.0,-428.0,676.0,941.0
J_ff_only__softimpute__10_mnn__post1,0.4583543315982812,0.4078530690692929,1210.0,1384.0,-174.0,851.0,942.0
K_ffpe_only__softimpute__31_ruv3prps__post1,0.3630500077849303,0.4078041782092463,1666.0,1385.0,281.0,,
E1_iterative_r1__softimpute__21_harmonizr__post1,0.356758741082066,0.40740886763708745,1712.0,1386.0,326.0,1176.0,943.0
K_ffpe_only__softimpute__31_ruv3prps__post0,0.3961685647196973,0.40726538909571475,1473.0,1387.0,86.0,,
S0_no_removal__strict__07_pycombat__post0,0.4158453315009819,0.40701971348524885,1375.0,1388.0,-13.0,960.0,944.0
F_microarray_only__strict__28_npn__post1,0.3699362357116293,0.40697992936319666,1611.0,1389.0,222.0,1106.0,945.0
E2_iterative_r2__strict__21_harmonizr__post1,0.3678547815672004,0.40678890415452856,1624.0,1390.0,234.0,1115.0,946.0
E3_iterative_r3__strict__26_xpn__post0,0.3708064718648718,0.4067748495202717,1605.0,1391.0,214.0,1101.0,947.0
I_rare_batches_removed__softimpute__07_pycombat__post1,0.4087644239630756,0.40622539281794734,1415.0,1392.0,23.0,983.0,948.0
J_ff_only__softimpute__33_amdbnorm__post1,0.4526333819349,0.40600220642956913,1235.0,1393.0,-158.0,865.0,949.0
E2_iterative_r2__softimpute__21_harmonizr__post1,0.3553441104914086,0.4059922114519799,1718.0,1394.0,324.0,1178.0,950.0
E3_iterative_r3__strict__21_harmonizr__post0,0.3669630764579427,0.40581850985069806,1630.0,1395.0,235.0,1121.0,951.0
S0_no_removal__strict__02_median_scaling__post0,0.4428950748833041,0.40557785731674484,1267.0,1396.0,-129.0,888.0,952.0
E3_iterative_r3__strict__16_fsqn_r__post0,0.3891193158740442,0.40556590685351596,1506.0,1397.0,109.0,1036.0,953.0
H_affymetrix_extended__softimpute__14_qsmooth__post1,0.3394304340235103,0.40539024375770705,1809.0,1398.0,411.0,1247.0,954.0
E3_iterative_r3__strict__13_fsmvn__post0,0.3954109709416062,0.4053140335442849,1477.0,1399.0,78.0,1019.0,955.0
S0_no_removal__softimpute__02_median_scaling__post0,0.4609383978647645,0.40527410107494033,1202.0,1400.0,-198.0,846.0,956.0
K_ffpe_only__knn__25_angel__post0,0.4313819273933091,0.40488502339426385,1305.0,1401.0,-96.0,,
E1_iterative_r1__strict__28_npn__post1,0.3691480727862961,0.4044484505905599,1619.0,1402.0,217.0,1113.0,957.0
S0_no_removal__strict__12_scanorama__post1,0.3738442523087155,0.4043650168490848,1592.0,1403.0,189.0,1093.0,958.0
F_microarray_only__strict__13_fsmvn__post1,0.3897595079460668,0.4042357448392691,1504.0,1404.0,100.0,1034.0,959.0
I_rare_batches_removed__softimpute__16_fsqn_r__post0,0.3535908742627822,0.40409948386316613,1729.0,1405.0,324.0,1185.0,960.0
E3_iterative_r3__softimpute__21_harmonizr__post0,0.3528799327805601,0.4033020941296637,1731.0,1406.0,325.0,1186.0,961.0
E2_iterative_r2__strict__28_npn__post1,0.3676117601945437,0.40313200082692474,1625.0,1407.0,218.0,1116.0,962.0
A_confirmed_bad__softimpute__12_scanorama__post1,0.3442310113278193,0.40297908684143113,1782.0,1408.0,374.0,,
J_ff_only__softimpute__14_qsmooth__post0,0.5550145279495637,0.4029147349447173,870.0,1409.0,-539.0,617.0,963.0
H_affymetrix_extended__strict__13_fsmvn__post1,0.3626648350359094,0.40282416760871786,1672.0,1410.0,262.0,1150.0,964.0
S0_no_removal__strict__33_amdbnorm__post1,0.4878680621897388,0.4027554672906388,1121.0,1411.0,-290.0,792.0,965.0
K_ffpe_only__strict__09_ruv__post1,0.3972862855581208,0.40261006275481614,1469.0,1412.0,57.0,,
E2_iterative_r2__softimpute__26_xpn__post0,0.3502472339593541,0.40245583228507326,1753.0,1413.0,340.0,1203.0,966.0
A_confirmed_bad__knn__21_harmonizr__post1,0.3930531978888749,0.40201435907222316,1489.0,1414.0,75.0,,
I_rare_batches_removed__knn__21_harmonizr__post1,0.3514663100540002,0.4014630622364581,1743.0,1415.0,328.0,1194.0,967.0
E1_iterative_r1__softimpute__03_limma__post0,0.4638370794932142,0.40075162261592273,1186.0,1416.0,-230.0,834.0,968.0
I_rare_batches_removed__knn__07_pycombat__post1,0.3963246323107532,0.40066881143207916,1472.0,1417.0,55.0,1016.0,969.0
G_affymetrix_only__strict__21_harmonizr__post1,0.3974232126754999,0.40051657005778923,1467.0,1418.0,49.0,,
H_affymetrix_extended__knn__05_combat__post1,0.3290878301805829,0.4003983678172951,1859.0,1419.0,440.0,1276.0,970.0
A_confirmed_bad__strict__28_npn__post0,0.3972341857216122,0.40026306740258916,1470.0,1420.0,50.0,,
F_microarray_only__strict__20_shambhala__post0,0.3694057139821016,0.4000048243959505,1616.0,1421.0,195.0,1111.0,971.0
J_ff_only__knn__33_amdbnorm__post1,0.4551769838609682,0.3999117978420468,1225.0,1422.0,-197.0,857.0,972.0
H_affymetrix_extended__knn__29_combat_ref__post1,0.3284906927251736,0.3997245667617631,1864.0,1423.0,441.0,1281.0,973.0
G_affymetrix_only__strict__21_harmonizr__post0,0.3743929317437644,0.39972326500005656,1587.0,1424.0,163.0,,
I_rare_batches_removed__softimpute__20_shambhala__post1,0.2943860471944228,0.39941188347997425,1996.0,1425.0,571.0,1377.0,974.0
K_ffpe_only__softimpute__21_harmonizr__post1,0.4056278391663944,0.3992956249224966,1426.0,1426.0,0.0,,
H_affymetrix_extended__softimpute__02_median_scaling__post1,0.4149361594009093,0.3990138197308298,1376.0,1427.0,-51.0,961.0,975.0
H_affymetrix_extended__softimpute__12_scanorama__post1,0.372258991488177,0.3988663075508114,1600.0,1428.0,172.0,1098.0,976.0
E1_iterative_r1__softimpute__26_xpn__post0,0.3450500340707242,0.3984548660816534,1778.0,1429.0,349.0,1222.0,977.0
F_microarray_only__softimpute__21_harmonizr__post0,0.3910125739047046,0.3982666739481966,1498.0,1430.0,68.0,1030.0,978.0
D_malignant_only__knn__28_npn__post0,0.3987318418335925,0.3973440006462399,1458.0,1431.0,27.0,1006.0,979.0
K_ffpe_only__knn__21_harmonizr__post1,0.4121981170204312,0.3969081061398991,1396.0,1432.0,-36.0,,
K_ffpe_only__strict__03_limma__post1,0.4148977818503155,0.39636015942029706,1378.0,1433.0,-55.0,,
E3_iterative_r3__strict__28_npn__post0,0.3788763434589139,0.3963447953403341,1564.0,1434.0,130.0,1074.0,980.0
E2_iterative_r2__strict__16_fsqn_r__post1,0.3738691357728087,0.39594660466688764,1591.0,1435.0,156.0,1092.0,981.0
F_microarray_only__strict__21_harmonizr__post1,0.3589217750494345,0.3959084430674131,1699.0,1436.0,263.0,1166.0,982.0
H_affymetrix_extended__knn__06_combat_seq__post0,0.3481365019637824,0.3958804154644449,1763.0,1437.0,326.0,1211.0,983.0
I_rare_batches_removed__softimpute__07_pycombat__post0,0.3985979263368346,0.3957400872245147,1461.0,1438.0,23.0,1009.0,984.0
C_rnaseq_only__softimpute__13_fsmvn__post0,0.4028738977920191,0.3953624442570272,1440.0,1439.0,1.0,997.0,985.0
H_affymetrix_extended__strict__18_rank__post1,0.4626555343875797,0.39531622616859635,1192.0,1440.0,-248.0,837.0,986.0
I_rare_batches_removed__softimpute__16_fsqn_r__post1,0.3463543709160153,0.3952631728860741,1772.0,1441.0,331.0,1219.0,987.0
B_extended_bad__strict__21_harmonizr__post0,0.3641668407833269,0.39484683764674533,1652.0,1442.0,210.0,,
J_ff_only__knn__26_xpn__post0,0.3493881791163684,0.3944379146698631,1758.0,1443.0,315.0,1208.0,988.0
G_affymetrix_only__knn__03_limma__post0,0.3291345671080213,0.39417108342614154,1858.0,1444.0,414.0,,
J_ff_only__knn__16_fsqn_r__post0,0.402485829189512,0.3938503080631112,1443.0,1445.0,-2.0,999.0,989.0
C_rnaseq_only__knn__12_scanorama__post1,0.4967427360102497,0.3936188642491924,1086.0,1446.0,-360.0,,
D_malignant_only__strict__20_shambhala__post0,0.3867709707043784,0.39327621877927404,1524.0,1447.0,77.0,1049.0,990.0
D_malignant_only__softimpute__02_median_scaling__post1,0.4420496080099237,0.39313857445275874,1269.0,1448.0,-179.0,889.0,991.0
H_affymetrix_extended__strict__21_harmonizr__post0,0.3567677696430506,0.39301942153249075,1711.0,1449.0,262.0,1175.0,992.0
E3_iterative_r3__softimpute__21_harmonizr__post1,0.3494507025285847,0.3926106957885051,1757.0,1450.0,307.0,1207.0,993.0
B_extended_bad__knn__13_fsmvn__post1,0.4040845266202355,0.39255511766672346,1432.0,1451.0,-19.0,,
A_confirmed_bad__softimpute__07_pycombat__post1,0.3994225008922509,0.3924530483671724,1455.0,1452.0,3.0,,
I_rare_batches_removed__knn__07_pycombat__post0,0.3878588965892353,0.3923584285052568,1518.0,1453.0,65.0,1044.0,994.0
B_extended_bad__softimpute__16_fsqn_r__post0,0.3524756093842475,0.39234589992864904,1737.0,1454.0,283.0,,
E1_iterative_r1__strict__16_fsqn_r__post1,0.3696284057514383,0.392288799529746,1615.0,1455.0,160.0,1110.0,995.0
S0_no_removal__knn__12_scanorama__post0,0.4432608120315993,0.39195497652058026,1266.0,1456.0,-190.0,887.0,996.0
E1_iterative_r1__knn__12_scanorama__post1,0.4703264499049949,0.39191802332221953,1167.0,1457.0,-290.0,822.0,997.0
D_malignant_only__knn__16_fsqn_r__post1,0.3811562973302205,0.39170243467266536,1555.0,1458.0,97.0,1071.0,998.0
S0_no_removal__softimpute__02_median_scaling__post1,0.4513468189332562,0.39146056533130297,1241.0,1459.0,-218.0,870.0,999.0
J_ff_only__strict__17_quantile__post0,0.5400875655705683,0.39136035299315103,933.0,1460.0,-527.0,660.0,1000.0
E2_iterative_r2__softimpute__07_pycombat__post0,0.3973648500413833,0.3905507503110002,1468.0,1461.0,7.0,1014.0,1001.0
F_microarray_only__softimpute__13_fsmvn__post1,0.3688719129982534,0.3903888758754929,1620.0,1462.0,158.0,1114.0,1002.0
E3_iterative_r3__softimpute__26_xpn__post0,0.3430761342029311,0.3901569916762004,1788.0,1463.0,325.0,1231.0,1003.0
J_ff_only__softimpute__26_xpn__post0,0.3524949594313238,0.3900056384339294,1735.0,1464.0,271.0,1188.0,1004.0
J_ff_only__softimpute__16_fsqn_r__post0,0.4005631958131243,0.38980368441122487,1450.0,1465.0,-15.0,1003.0,1005.0
K_ffpe_only__strict__33_amdbnorm__post0,0.4554794143977239,0.3894840709303759,1222.0,1466.0,-244.0,,
E3_iterative_r3__strict__28_npn__post1,0.3612059139341751,0.3893528877715972,1683.0,1467.0,216.0,1155.0,1006.0
F_microarray_only__strict__13_fsmvn__post0,0.3572636180783119,0.3891951576550629,1707.0,1468.0,239.0,1173.0,1007.0
I_rare_batches_removed__knn__31_ruv3prps__post0,0.3667634210114511,0.3888097506823724,1632.0,1469.0,163.0,1122.0,1008.0
B_extended_bad__softimpute__07_pycombat__post1,0.3461533224987441,0.3887617360902495,1773.0,1470.0,303.0,,
H_affymetrix_extended__strict__28_npn__post1,0.3460922053659942,0.38835915179815333,1774.0,1471.0,303.0,1220.0,1009.0
B_extended_bad__strict__02_median_scaling__post0,0.4061730091959727,0.38787320528724845,1425.0,1472.0,-47.0,,
E1_iterative_r1__softimpute__07_pycombat__post0,0.394701800605878,0.3873530812690866,1481.0,1473.0,8.0,1022.0,1010.0
I_rare_batches_removed__knn__10_mnn__post1,0.4254256368988727,0.3873483407639679,1330.0,1474.0,-144.0,934.0,1011.0
H_affymetrix_extended__strict__15_fsqn_py__post1,0.4561774894378845,0.3872512309635183,1219.0,1475.0,-256.0,854.0,1012.0
F_microarray_only__knn__19_tdm__post1,0.3574517710694757,0.38714307184855373,1704.0,1476.0,228.0,1170.0,1013.0
C_rnaseq_only__strict__02_median_scaling__post0,0.5290877815162779,0.3871008889663044,978.0,1477.0,-499.0,690.0,1014.0
C_rnaseq_only__knn__26_xpn__post0,0.4996932585551641,0.38686349349528143,1076.0,1478.0,-402.0,757.0,1015.0
H_affymetrix_extended__strict__17_quantile__post1,0.4556166915981157,0.38669043312374957,1220.0,1479.0,-259.0,855.0,1016.0
S0_no_removal__softimpute__03_limma__post0,0.4374284873919279,0.38653961534866066,1282.0,1480.0,-198.0,899.0,1017.0
F_microarray_only__strict__28_npn__post0,0.3670596006915339,0.38647657143769293,1629.0,1481.0,148.0,1120.0,1018.0
E3_iterative_r3__strict__16_fsqn_r__post1,0.364236773553438,0.3864111619921413,1651.0,1482.0,169.0,1134.0,1019.0
A_confirmed_bad__softimpute__03_limma__post0,0.4636508499300444,0.3861330669273774,1187.0,1483.0,-296.0,,
C_rnaseq_only__softimpute__10_mnn__post1,0.4246478284239887,0.3859822859279098,1334.0,1484.0,-150.0,,
B_extended_bad__softimpute__16_fsqn_r__post1,0.3353114745536441,0.38585997806506356,1831.0,1485.0,346.0,,
J_ff_only__knn__21_harmonizr__post0,0.4303611185384546,0.38554285006602895,1313.0,1486.0,-173.0,922.0,1020.0
J_ff_only__softimpute__15_fsqn_py__post1,0.5138557333330616,0.3855148242764846,1024.0,1487.0,-463.0,720.0,1021.0
I_rare_batches_removed__softimpute__20_shambhala__post0,0.341748953088676,0.38540724258333897,1795.0,1488.0,307.0,1236.0,1022.0
A_confirmed_bad__softimpute__12_scanorama__post0,0.3258297425583047,0.3852596880952199,1874.0,1489.0,385.0,,
E3_iterative_r3__softimpute__03_limma__post1,0.4271164085747183,0.3852316471835647,1322.0,1490.0,-168.0,929.0,1023.0
K_ffpe_only__knn__03_limma__post1,0.4085353874232253,0.3850024774185328,1416.0,1491.0,-75.0,,
F_microarray_only__strict__11_harmony__post0,0.3875486491813606,0.38490298250466903,1521.0,1492.0,29.0,1047.0,1024.0
F_microarray_only__strict__20_shambhala__post1,0.3371759834384245,0.38483307103460423,1817.0,1493.0,324.0,1251.0,1025.0
C_rnaseq_only__strict__13_fsmvn__post0,0.4853664248588649,0.38477320720826064,1131.0,1494.0,-363.0,796.0,1026.0
J_ff_only__softimpute__10_mnn__post0,0.4275290032277705,0.3846755613720128,1321.0,1495.0,-174.0,928.0,1027.0
A_confirmed_bad__softimpute__26_xpn__post0,0.3451123597582681,0.3845659614917924,1777.0,1496.0,281.0,,
A_confirmed_bad__softimpute__26_xpn__post1,0.3392627172895781,0.3845458768543733,1810.0,1497.0,313.0,,
G_affymetrix_only__strict__28_npn__post1,0.3657787147362237,0.3843646767761717,1644.0,1498.0,146.0,,
J_ff_only__strict__16_fsqn_r__post0,0.3916713998904274,0.38431485283270983,1496.0,1499.0,-3.0,1029.0,1028.0
F_microarray_only__strict__11_harmony__post1,0.3766361358121745,0.38408139704038785,1573.0,1500.0,73.0,1078.0,1029.0
F_microarray_only__softimpute__03_limma__post1,0.3978533820951427,0.383918219244902,1463.0,1501.0,-38.0,1011.0,1030.0
K_ffpe_only__knn__01_raw__post1,0.3795656063348813,0.38378632719107464,1561.0,1502.0,59.0,,
I_rare_batches_removed__softimpute__28_npn__post1,0.3410682708580002,0.3836515533454796,1798.0,1503.0,295.0,1239.0,1031.0
I_rare_batches_removed__softimpute__21_harmonizr__post1,0.3403650342756577,0.38344616668045856,1806.0,1504.0,302.0,1245.0,1032.0
D_malignant_only__knn__20_shambhala__post0,0.3874551880050828,0.38323968562950683,1522.0,1505.0,17.0,1048.0,1033.0
F_microarray_only__strict__12_scanorama__post1,0.3934983008078903,0.3826342138009869,1483.0,1506.0,-23.0,1023.0,1034.0
E1_iterative_r1__knn__26_xpn__post0,0.3673322493067861,0.3821693510011033,1627.0,1507.0,120.0,1118.0,1035.0
E2_iterative_r2__knn__02_median_scaling__post1,0.4521294339034458,0.3819662066961555,1238.0,1508.0,-270.0,868.0,1036.0
E2_iterative_r2__softimpute__10_mnn__post0,0.3357752526955402,0.3818989652929387,1829.0,1509.0,320.0,1258.0,1037.0
J_ff_only__softimpute__14_qsmooth__post1,0.5243865253598701,0.3817296073643104,990.0,1510.0,-520.0,698.0,1038.0
S0_no_removal__knn__26_xpn__post0,0.3634897437377237,0.3813989855707672,1661.0,1511.0,150.0,1142.0,1039.0
J_ff_only__strict__14_qsmooth__post1,0.537091595335003,0.3813565126021725,945.0,1512.0,-567.0,668.0,1040.0
S0_no_removal__strict__21_harmonizr__post1,0.385450968258988,0.38126444218368233,1534.0,1513.0,21.0,1056.0,1041.0
H_affymetrix_extended__strict__28_npn__post0,0.3398967540016723,0.3811126915710661,1808.0,1514.0,294.0,1246.0,1042.0
E2_iterative_r2__knn__02_median_scaling__post0,0.4412605058539756,0.3808977569067011,1271.0,1515.0,-244.0,891.0,1043.0
C_rnaseq_only__knn__13_fsmvn__post1,0.4867592314312627,0.38087921226570604,1125.0,1516.0,-391.0,,
E2_iterative_r2__knn__21_harmonizr__post1,0.3849702121974707,0.380657961937817,1537.0,1517.0,20.0,1058.0,1044.0
K_ffpe_only__softimpute__02_median_scaling__post0,0.3803230493529041,0.3806554185032791,1558.0,1518.0,40.0,,
D_malignant_only__softimpute__20_shambhala__post1,0.3243357999388191,0.38049417011393905,1883.0,1519.0,364.0,1294.0,1045.0
E2_iterative_r2__knn__03_limma__post1,0.4269289555344278,0.3802609760079006,1324.0,1520.0,-196.0,931.0,1046.0
S0_no_removal__strict__13_fsmvn__post1,0.3904820131711959,0.3801874958579939,1501.0,1521.0,-20.0,1033.0,1047.0
J_ff_only__softimpute__18_rank__post0,0.4986911843205059,0.38003732023473497,1081.0,1522.0,-441.0,760.0,1048.0
J_ff_only__softimpute__18_rank__post1,0.5091055638946967,0.37975041566444157,1047.0,1523.0,-476.0,734.0,1049.0
I_rare_batches_removed__knn__28_npn__post1,0.3627876637202351,0.3794851194225444,1669.0,1524.0,145.0,1148.0,1050.0
S0_no_removal__softimpute__16_fsqn_r__post1,0.3428809029574067,0.3792499019965197,1791.0,1525.0,266.0,1233.0,1051.0
H_affymetrix_extended__knn__19_tdm__post1,0.354967368457483,0.3792304880954083,1722.0,1526.0,196.0,1181.0,1052.0
B_extended_bad__knn__12_scanorama__post0,0.3788227670189764,0.3786791558056701,1565.0,1527.0,38.0,,
B_extended_bad__knn__26_xpn__post1,0.3717979621126507,0.37866610058311134,1601.0,1528.0,73.0,,
G_affymetrix_only__strict__28_npn__post0,0.3382649261469222,0.37816697389244935,1814.0,1529.0,285.0,,
K_ffpe_only__knn__02_median_scaling__post0,0.3780114801424688,0.3780412460812536,1568.0,1530.0,38.0,,
D_malignant_only__softimpute__20_shambhala__post0,0.3630040452355835,0.37785254519019645,1667.0,1531.0,136.0,1146.0,1053.0
B_extended_bad__softimpute__28_npn__post0,0.3317672201633269,0.37744056415060045,1849.0,1532.0,317.0,,
J_ff_only__softimpute__28_npn__post0,0.3735950121062954,0.37728925006599034,1594.0,1533.0,61.0,1094.0,1054.0
A_confirmed_bad__strict__07_pycombat__post1,0.4201671599273615,0.3769850224569265,1357.0,1534.0,-177.0,,
I_rare_batches_removed__softimpute__26_xpn__post0,0.3136673622792155,0.37687174558320863,1934.0,1535.0,399.0,1329.0,1055.0
E1_iterative_r1__knn__21_harmonizr__post1,0.3817968962546436,0.3768210063217381,1550.0,1536.0,14.0,1067.0,1056.0
S0_no_removal__strict__03_limma__post1,0.4181288770580247,0.376448529045792,1360.0,1537.0,-177.0,954.0,1057.0
E2_iterative_r2__knn__26_xpn__post1,0.3522634156639408,0.3760503832776381,1738.0,1538.0,200.0,1190.0,1058.0
J_ff_only__knn__15_fsqn_py__post1,0.5177277294771062,0.37604079656630507,1009.0,1539.0,-530.0,710.0,1059.0
S0_no_removal__softimpute__07_pycombat__post1,0.4137108333255661,0.37597321908032244,1386.0,1540.0,-154.0,966.0,1060.0
J_ff_only__knn__28_npn__post0,0.3779670508122586,0.37558522639572933,1569.0,1541.0,28.0,1075.0,1061.0
C_rnaseq_only__softimpute__09_ruv__post1,0.3799422334469118,0.3754737034256108,1560.0,1542.0,18.0,,
D_malignant_only__knn__16_fsqn_r__post0,0.3779528730495953,0.3754272314271037,1570.0,1543.0,27.0,1076.0,1062.0
A_confirmed_bad__softimpute__16_fsqn_r__post1,0.3368777867392349,0.3752113720702506,1821.0,1544.0,277.0,,
J_ff_only__strict__21_harmonizr__post0,0.4228628160454941,0.37506712972396944,1343.0,1545.0,-202.0,941.0,1063.0
B_extended_bad__knn__28_npn__post0,0.3785920713192394,0.3749339164064451,1566.0,1546.0,20.0,,
G_affymetrix_only__softimpute__03_limma__post1,0.342906054654551,0.37491875533774627,1790.0,1547.0,243.0,,
A_confirmed_bad__softimpute__16_fsqn_r__post0,0.3379464579815521,0.37491225207706097,1815.0,1548.0,267.0,,
E1_iterative_r1__softimpute__16_fsqn_r__post0,0.3361072206335705,0.3745113927813584,1827.0,1549.0,278.0,1256.0,1064.0
S0_no_removal__strict__03_limma__post0,0.414093500860262,0.37433176844554605,1382.0,1550.0,-168.0,964.0,1065.0
E2_iterative_r2__knn__13_fsmvn__post1,0.3713752511977627,0.37388619867746314,1602.0,1551.0,51.0,1099.0,1066.0
C_rnaseq_only__strict__16_fsqn_r__post1,0.4163398614387861,0.373846735070394,1373.0,1552.0,-179.0,,
E1_iterative_r1__knn__02_median_scaling__post1,0.4436179323429658,0.373610057930371,1265.0,1553.0,-288.0,886.0,1067.0
J_ff_only__strict__15_fsqn_py__post1,0.5149378777306649,0.3735130361424506,1021.0,1554.0,-533.0,718.0,1068.0
C_rnaseq_only__strict__28_npn__post0,0.4680392272622466,0.37339833906585934,1173.0,1555.0,-382.0,826.0,1069.0
G_affymetrix_only__strict__20_shambhala__post0,0.2624921614277299,0.3733712103678772,2074.0,1556.0,518.0,,
H_affymetrix_extended__softimpute__07_pycombat__post1,0.3228608551165093,0.37334467693396056,1893.0,1557.0,336.0,1300.0,1070.0
E3_iterative_r3__softimpute__16_fsqn_r__post0,0.3347810312623822,0.373160896276768,1832.0,1558.0,274.0,1260.0,1071.0
B_extended_bad__knn__13_fsmvn__post0,0.3843712599811868,0.3728357742443243,1541.0,1559.0,-18.0,,
J_ff_only__softimpute__21_harmonizr__post0,0.422591783052588,0.3728011265224079,1346.0,1560.0,-214.0,944.0,1072.0
E2_iterative_r2__softimpute__16_fsqn_r__post0,0.3341144890351966,0.372578811038522,1834.0,1561.0,273.0,1262.0,1073.0
D_malignant_only__strict__10_mnn__post0,0.4374407014163363,0.37250014334377934,1281.0,1562.0,-281.0,898.0,1074.0
S0_no_removal__softimpute__03_limma__post1,0.4248850593037445,0.3722899500912448,1332.0,1563.0,-231.0,936.0,1075.0
B_extended_bad__knn__07_pycombat__post0,0.4002614198916456,0.37189406824446647,1453.0,1564.0,-111.0,,
H_affymetrix_extended__softimpute__28_npn__post1,0.344225549218317,0.3714740517547046,1783.0,1565.0,218.0,1226.0,1076.0
I_rare_batches_removed__strict__28_npn__post0,0.336766794210963,0.37144981202534527,1823.0,1566.0,257.0,1254.0,1077.0
A_confirmed_bad__softimpute__21_harmonizr__post0,0.3734392097668988,0.3713841583669247,1595.0,1567.0,28.0,,
E2_iterative_r2__knn__26_xpn__post0,0.3584386825142194,0.37114338256625307,1701.0,1568.0,133.0,1168.0,1078.0
E3_iterative_r3__knn__28_npn__post0,0.3853985843603895,0.3708788143525632,1536.0,1569.0,-33.0,1057.0,1079.0
S0_no_removal__knn__07_pycombat__post1,0.3934343814896066,0.3708150832461609,1484.0,1570.0,-86.0,1024.0,1080.0
H_affymetrix_extended__softimpute__28_npn__post0,0.3340139792033239,0.3707661245825036,1836.0,1571.0,265.0,1264.0,1081.0
S0_no_removal__softimpute__16_fsqn_r__post0,0.3403733274010596,0.370559525536057,1805.0,1572.0,233.0,1244.0,1082.0
E1_iterative_r1__knn__02_median_scaling__post0,0.43072177076941,0.37052247699463176,1311.0,1573.0,-262.0,920.0,1083.0
I_rare_batches_removed__knn__03_limma__post1,0.3739371106445042,0.3704709408870552,1590.0,1574.0,16.0,1091.0,1084.0
I_rare_batches_removed__knn__31_ruv3prps__post1,0.319530128050699,0.3704566967500051,1906.0,1575.0,331.0,1308.0,1085.0
A_confirmed_bad__knn__26_xpn__post0,0.3621475245294963,0.3699145806184127,1675.0,1576.0,99.0,,
H_affymetrix_extended__strict__02_median_scaling__post0,0.3658425644221048,0.36984888125556376,1642.0,1577.0,65.0,1128.0,1086.0
J_ff_only__knn__14_qsmooth__post1,0.522523832511508,0.3696918386110879,998.0,1578.0,-580.0,704.0,1087.0
D_malignant_only__strict__10_mnn__post1,0.384375068801378,0.3696887537312163,1540.0,1579.0,-39.0,1061.0,1088.0
J_ff_only__strict__33_amdbnorm__post0,0.4655154972036542,0.3696815338761148,1179.0,1580.0,-401.0,831.0,1089.0
J_ff_only__strict__26_xpn__post0,0.3414183719895936,0.3695709419608357,1796.0,1581.0,215.0,1237.0,1090.0
E1_iterative_r1__knn__11_harmony__post0,0.4114425015187219,0.36956539618794787,1402.0,1582.0,-180.0,976.0,1091.0
E3_iterative_r3__knn__21_harmonizr__post0,0.3763176957548741,0.3693890641077829,1577.0,1583.0,-6.0,1082.0,1092.0
E1_iterative_r1__softimpute__03_limma__post1,0.4320246873042517,0.36931647164422304,1301.0,1584.0,-283.0,915.0,1093.0
D_malignant_only__knn__04_sva__post0,0.4136811122767057,0.3688726971196563,1387.0,1585.0,-198.0,967.0,1094.0
E1_iterative_r1__knn__13_fsmvn__post1,0.3650803743982997,0.3685969093601286,1646.0,1586.0,60.0,1131.0,1095.0
B_extended_bad__strict__07_pycombat__post1,0.4332737242039073,0.3685435189651846,1295.0,1587.0,-292.0,,
B_extended_bad__strict__07_pycombat__post0,0.4329746627320572,0.36854098392157414,1297.0,1588.0,-291.0,,
D_malignant_only__softimpute__28_npn__post0,0.3478925977764344,0.3684056211127931,1765.0,1589.0,176.0,1213.0,1096.0
J_ff_only__knn__17_quantile__post1,0.5115059453849321,0.3683404315218324,1036.0,1590.0,-554.0,725.0,1097.0
E2_iterative_r2__knn__28_npn__post0,0.3706685231597723,0.3674532181251607,1607.0,1591.0,16.0,1102.0,1098.0
E3_iterative_r3__knn__13_fsmvn__post1,0.3746144301726261,0.3674342814926202,1585.0,1592.0,-7.0,1087.0,1099.0
K_ffpe_only__knn__07_pycombat__post1,0.3872248024469296,0.3672386739923812,1523.0,1593.0,-70.0,,
K_ffpe_only__strict__25_angel__post0,0.3837178166831487,0.3672117968224354,1544.0,1594.0,-50.0,,
S0_no_removal__strict__21_harmonizr__post0,0.3933027225836889,0.36720939252975876,1487.0,1595.0,-108.0,1025.0,1100.0
E2_iterative_r2__strict__21_harmonizr__post0,0.3615609714759023,0.36717296673038086,1681.0,1596.0,85.0,1154.0,1101.0
E1_iterative_r1__knn__28_npn__post0,0.3697735750493033,0.36716955322122286,1613.0,1597.0,16.0,1108.0,1102.0
I_rare_batches_removed__knn__26_xpn__post0,0.3241362903961082,0.367147900279526,1884.0,1598.0,286.0,1295.0,1103.0
D_malignant_only__knn__13_fsmvn__post1,0.3875585270701669,0.36695788819081093,1520.0,1599.0,-79.0,1046.0,1104.0
A_confirmed_bad__knn__28_npn__post1,0.3693277726097185,0.3669456392042054,1618.0,1600.0,18.0,,
G_affymetrix_only__knn__09_ruv__post0,0.3369181019946937,0.3668638037038697,1819.0,1601.0,218.0,,
K_ffpe_only__knn__10_mnn__post1,0.5264506122517961,0.36663100414046457,986.0,1602.0,-616.0,,
I_rare_batches_removed__softimpute__28_npn__post0,0.318409102677597,0.3666120364799345,1915.0,1603.0,312.0,1315.0,1105.0
E1_iterative_r1__softimpute__16_fsqn_r__post1,0.3209730548308395,0.3663515889953395,1902.0,1604.0,298.0,1306.0,1106.0
F_microarray_only__strict__21_harmonizr__post0,0.3663878767900881,0.3660997960607422,1634.0,1605.0,29.0,1123.0,1107.0
E2_iterative_r2__knn__13_fsmvn__post0,0.3639125324454216,0.3660523154912098,1655.0,1606.0,49.0,1137.0,1108.0
S0_no_removal__softimpute__26_xpn__post0,0.3328095646405755,0.36565996879129997,1839.0,1607.0,232.0,1265.0,1109.0
E1_iterative_r1__knn__26_xpn__post1,0.353827297508097,0.36555360110858776,1728.0,1608.0,120.0,1184.0,1110.0
S0_no_removal__strict__11_harmony__post0,0.3642495184961009,0.36523931320793984,1650.0,1609.0,41.0,1133.0,1111.0
J_ff_only__strict__17_quantile__post1,0.5144778627198996,0.36500021889685724,1022.0,1610.0,-588.0,719.0,1112.0
A_confirmed_bad__knn__02_median_scaling__post0,0.4352727803485086,0.3649947122355262,1287.0,1611.0,-324.0,,
C_rnaseq_only__strict__13_fsmvn__post1,0.4796910198274711,0.3648932352647529,1146.0,1612.0,-466.0,,
E1_iterative_r1__knn__03_limma__post1,0.4110100402079455,0.3648000166877042,1405.0,1613.0,-208.0,978.0,1113.0
E2_iterative_r2__softimpute__16_fsqn_r__post1,0.3202976625112396,0.36457049676281955,1904.0,1614.0,290.0,1307.0,1114.0
C_rnaseq_only__knn__16_fsqn_r__post0,0.4511511916082987,0.3644919008519994,1243.0,1615.0,-372.0,871.0,1115.0
H_affymetrix_extended__knn__03_limma__post0,0.3661090928394099,0.3644205023743705,1636.0,1616.0,20.0,1125.0,1116.0
E1_iterative_r1__strict__21_harmonizr__post1,0.3584945694098329,0.3642598918645567,1700.0,1617.0,83.0,1167.0,1117.0
B_extended_bad__strict__03_limma__post0,0.3755835510687079,0.36405524074269424,1582.0,1618.0,-36.0,,
A_confirmed_bad__strict__02_median_scaling__post0,0.414269125705122,0.3638237215180054,1380.0,1619.0,-239.0,,
K_ffpe_only__softimpute__16_fsqn_r__post0,0.3988091421606415,0.3635196648010884,1456.0,1620.0,-164.0,,
K_ffpe_only__softimpute__27_dwd__post0,0.3988091421606415,0.3635196648010884,1456.0,1620.0,-164.0,,
E1_iterative_r1__knn__13_fsmvn__post0,0.3593933392957161,0.3632165286580356,1693.0,1622.0,71.0,1161.0,1118.0
E2_iterative_r2__knn__07_pycombat__post0,0.4030875157723508,0.3630465603124949,1438.0,1623.0,-185.0,995.0,1119.0
C_rnaseq_only__softimpute__17_quantile__post1,0.3800466579998554,0.36271804079971587,1559.0,1624.0,-65.0,,
A_confirmed_bad__strict__33_amdbnorm__post0,0.4309817660352722,0.3624004594293486,1310.0,1625.0,-315.0,,
E1_iterative_r1__strict__07_pycombat__post1,0.4323138711331836,0.36235557228645404,1300.0,1626.0,-326.0,914.0,1120.0
E3_iterative_r3__softimpute__07_pycombat__post1,0.3524868234129737,0.3621150574805061,1736.0,1627.0,109.0,1189.0,1121.0
H_affymetrix_extended__strict__07_pycombat__post1,0.3227895414394978,0.3619475437117341,1894.0,1628.0,266.0,1301.0,1122.0
E1_iterative_r1__strict__21_harmonizr__post0,0.3554922473037384,0.3615914151895383,1717.0,1629.0,88.0,1177.0,1123.0
B_extended_bad__knn__26_xpn__post0,0.3595844644578483,0.36154067371507587,1692.0,1630.0,62.0,,
I_rare_batches_removed__softimpute__26_xpn__post1,0.2968850961239943,0.36150883749170043,1986.0,1631.0,355.0,1369.0,1124.0
F_microarray_only__strict__26_xpn__post0,0.3546976750469284,0.3614897678952343,1724.0,1632.0,92.0,1183.0,1125.0
A_confirmed_bad__knn__02_median_scaling__post1,0.4384409549888084,0.36135431461504425,1276.0,1633.0,-357.0,,
S0_no_removal__knn__28_npn__post1,0.3635930147840451,0.3613465962066937,1659.0,1634.0,25.0,1140.0,1126.0
B_extended_bad__knn__16_fsqn_r__post0,0.3730288431355771,0.3611991655539089,1598.0,1635.0,-37.0,,
I_rare_batches_removed__knn__20_shambhala__post0,0.3077350043846824,0.36118130958367617,1955.0,1636.0,319.0,1343.0,1127.0
E2_iterative_r2__softimpute__02_median_scaling__post1,0.4264327608735215,0.36117023627971495,1326.0,1637.0,-311.0,932.0,1128.0
H_affymetrix_extended__softimpute__13_fsmvn__post0,0.3620455408143305,0.36101715681161034,1676.0,1638.0,38.0,1152.0,1129.0
I_rare_batches_removed__softimpute__31_ruv3prps__post0,0.3761150145338343,0.3609712241069172,1579.0,1639.0,-60.0,1083.0,1130.0
J_ff_only__knn__33_amdbnorm__post0,0.4524237507822897,0.36088123245615306,1237.0,1640.0,-403.0,867.0,1131.0
G_affymetrix_only__softimpute__12_scanorama__post1,0.3518253676091918,0.3604689911133933,1740.0,1641.0,99.0,,
K_ffpe_only__knn__27_dwd__post1,0.3559480207775702,0.3603604006340703,1715.0,1642.0,73.0,,
K_ffpe_only__knn__16_fsqn_r__post1,0.3559480207775702,0.3603604006340703,1715.0,1642.0,73.0,,
E1_iterative_r1__strict__07_pycombat__post0,0.4300676478369928,0.3597280565841002,1315.0,1644.0,-329.0,924.0,1132.0
D_malignant_only__knn__13_fsmvn__post0,0.3578775268459664,0.3593198530908179,1702.0,1645.0,57.0,1169.0,1133.0
E2_iterative_r2__strict__07_pycombat__post0,0.4301693493342286,0.3592971640693777,1314.0,1646.0,-332.0,923.0,1134.0
A_confirmed_bad__strict__07_pycombat__post0,0.4107364676378695,0.3590557254930216,1408.0,1647.0,-239.0,,
K_ffpe_only__strict__26_xpn__post1,0.3512341570223047,0.35904684048451396,1745.0,1648.0,97.0,,
S0_no_removal__strict__11_harmony__post1,0.3621492590847852,0.3589089946066944,1674.0,1649.0,25.0,1151.0,1135.0
E3_iterative_r3__knn__21_harmonizr__post1,0.3728907666763035,0.3587989120791036,1599.0,1650.0,-51.0,1097.0,1136.0
E3_iterative_r3__knn__13_fsmvn__post0,0.3659434243984621,0.35876125012400606,1639.0,1651.0,-12.0,1127.0,1137.0
E3_iterative_r3__softimpute__16_fsqn_r__post1,0.3155575498298192,0.3586607921130254,1927.0,1652.0,275.0,1324.0,1138.0
K_ffpe_only__softimpute__10_mnn__post0,0.4071174112653326,0.35858032304293525,1422.0,1653.0,-231.0,,
I_rare_batches_removed__knn__28_npn__post0,0.3357315188133797,0.35782673740797977,1830.0,1654.0,176.0,1259.0,1139.0
J_ff_only__strict__28_npn__post0,0.3651332941636485,0.3577588257448632,1645.0,1655.0,-10.0,1130.0,1140.0
H_affymetrix_extended__knn__21_harmonizr__post1,0.3599870695582148,0.35772005171526833,1690.0,1656.0,34.0,1159.0,1141.0
J_ff_only__knn__16_fsqn_r__post1,0.3703001099972137,0.35768570339270456,1609.0,1657.0,-48.0,1104.0,1142.0
F_microarray_only__strict__26_xpn__post1,0.3608740855683099,0.35753676421715735,1685.0,1658.0,27.0,1157.0,1143.0
I_rare_batches_removed__softimpute__13_fsmvn__post1,0.3414116076880806,0.35752225897780754,1797.0,1659.0,138.0,1238.0,1144.0
B_extended_bad__softimpute__02_median_scaling__post1,0.4267585559935767,0.35724884048728733,1325.0,1660.0,-335.0,,
J_ff_only__strict__18_rank__post0,0.4968703275601323,0.35699901391887284,1085.0,1661.0,-576.0,763.0,1145.0
D_malignant_only__strict__26_xpn__post0,0.3551712878474504,0.3568738171488757,1720.0,1662.0,58.0,1180.0,1146.0
C_rnaseq_only__strict__03_limma__post0,0.4823801567021996,0.35675114096120214,1138.0,1663.0,-525.0,801.0,1147.0
S0_no_removal__strict__13_fsmvn__post0,0.347503749908812,0.35643215825986413,1767.0,1664.0,103.0,1215.0,1148.0
A_confirmed_bad__knn__28_npn__post0,0.3762975382731406,0.3564318811902137,1578.0,1665.0,-87.0,,
I_rare_batches_removed__strict__03_limma__post1,0.350105902988238,0.35622515515799297,1754.0,1666.0,88.0,1204.0,1149.0
G_affymetrix_only__strict__12_scanorama__post0,0.3615165469097717,0.35596569714200105,1682.0,1667.0,15.0,,
B_extended_bad__softimpute__02_median_scaling__post0,0.3783899428082765,0.35570737048734485,1567.0,1668.0,-101.0,,
J_ff_only__strict__33_amdbnorm__post1,0.4384756615394241,0.3550560516153572,1275.0,1669.0,-394.0,894.0,1150.0
B_extended_bad__knn__03_limma__post0,0.4005481987670767,0.3550554073427434,1451.0,1670.0,-219.0,,
B_extended_bad__softimpute__28_npn__post1,0.3072381547857711,0.3549030357707676,1957.0,1671.0,286.0,,
A_confirmed_bad__softimpute__07_pycombat__post0,0.3832492750763436,0.35480635845654024,1546.0,1672.0,-126.0,,
K_ffpe_only__strict__02_median_scaling__post0,0.3539279001934184,0.35411737910478297,1727.0,1673.0,54.0,,
A_confirmed_bad__softimpute__02_median_scaling__post1,0.4246656179737306,0.35408759022157604,1333.0,1674.0,-341.0,,
E3_iterative_r3__knn__02_median_scaling__post0,0.4246461886892524,0.3538760384533153,1335.0,1675.0,-340.0,937.0,1151.0
E2_iterative_r2__softimpute__21_harmonizr__post0,0.3709984203060679,0.3537374716934079,1604.0,1676.0,-72.0,1100.0,1152.0
C_rnaseq_only__softimpute__02_median_scaling__post0,0.3742271959141419,0.353614197475429,1588.0,1677.0,-89.0,1089.0,1153.0
J_ff_only__softimpute__16_fsqn_r__post1,0.3660576216616283,0.35348575254057285,1637.0,1678.0,-41.0,1126.0,1154.0
G_affymetrix_only__knn__10_mnn__post0,0.3293110108520654,0.3534202883081056,1857.0,1679.0,178.0,,
K_ffpe_only__softimpute__07_pycombat__post1,0.3533494691271916,0.35321516191551233,1730.0,1680.0,50.0,,
E3_iterative_r3__knn__26_xpn__post1,0.3455502802125229,0.3530438810506658,1776.0,1681.0,95.0,1221.0,1155.0
J_ff_only__knn__21_harmonizr__post1,0.390745461872277,0.3529912995503388,1500.0,1682.0,-182.0,1032.0,1156.0
B_extended_bad__knn__02_median_scaling__post0,0.4179638634014019,0.3529544007854298,1363.0,1683.0,-320.0,,
S0_no_removal__knn__07_pycombat__post0,0.3878503761250272,0.3529036533789199,1519.0,1684.0,-165.0,1045.0,1157.0
A_confirmed_bad__strict__33_amdbnorm__post1,0.4096435370412585,0.352895066571061,1411.0,1685.0,-274.0,,
S0_no_removal__knn__28_npn__post0,0.3637999764691595,0.3524456956053142,1656.0,1686.0,-30.0,1138.0,1158.0
E3_iterative_r3__knn__03_limma__post1,0.4134296295912684,0.3524291273811731,1389.0,1687.0,-298.0,969.0,1159.0
E3_iterative_r3__knn__26_xpn__post0,0.3508985064814574,0.35224405051012164,1747.0,1688.0,59.0,1197.0,1160.0
S0_no_removal__softimpute__07_pycombat__post0,0.4045964850366496,0.3517617377010616,1431.0,1689.0,-258.0,991.0,1161.0
A_confirmed_bad__knn__11_harmony__post1,0.3933366731056036,0.35172056046991806,1485.0,1690.0,-205.0,,
H_affymetrix_extended__softimpute__13_fsmvn__post1,0.3478495560074681,0.35161654370682255,1766.0,1691.0,75.0,1214.0,1162.0
S0_no_removal__softimpute__26_xpn__post1,0.3173844522994499,0.3516049822691154,1920.0,1692.0,228.0,1320.0,1163.0
J_ff_only__softimpute__13_fsmvn__post1,0.3886699674377837,0.35114191638785974,1513.0,1693.0,-180.0,1040.0,1164.0
J_ff_only__strict__14_qsmooth__post0,0.5097538466955771,0.35101532237477956,1040.0,1694.0,-654.0,728.0,1165.0
F_microarray_only__strict__12_scanorama__post0,0.3763343450144729,0.3509182158169777,1576.0,1695.0,-119.0,1081.0,1166.0
C_rnaseq_only__strict__21_harmonizr__post1,0.3646038234208228,0.3507979896264093,1649.0,1696.0,-47.0,,
S0_no_removal__knn__16_fsqn_r__post1,0.3639145747909905,0.3506775210517637,1654.0,1697.0,-43.0,1136.0,1167.0
E3_iterative_r3__knn__28_npn__post1,0.3633927981443413,0.3504170460891869,1662.0,1698.0,-36.0,1143.0,1168.0
S0_no_removal__knn__26_xpn__post1,0.3321866663312853,0.3503238733702467,1845.0,1699.0,146.0,1268.0,1169.0
E3_iterative_r3__softimpute__02_median_scaling__post1,0.4269414903811792,0.3502141698636103,1323.0,1700.0,-377.0,930.0,1170.0
J_ff_only__softimpute__33_amdbnorm__post0,0.4551156220235732,0.34989580932033576,1226.0,1701.0,-475.0,858.0,1171.0
K_ffpe_only__knn__14_qsmooth__post1,0.3959816154885118,0.3498080183362641,1474.0,1702.0,-228.0,,
J_ff_only__softimpute__21_harmonizr__post1,0.3867668899935523,0.3498077219951432,1525.0,1703.0,-178.0,1050.0,1172.0
B_extended_bad__knn__28_npn__post1,0.3527615164638426,0.3497074693467305,1734.0,1704.0,30.0,,
E2_iterative_r2__knn__03_limma__post0,0.4035700670466482,0.3496399880951564,1435.0,1705.0,-270.0,993.0,1173.0
J_ff_only__strict__16_fsqn_r__post1,0.3641601681211908,0.3494035408911314,1653.0,1706.0,-53.0,1135.0,1174.0
D_malignant_only__softimpute__02_median_scaling__post0,0.4020888017813668,0.34929830853469873,1444.0,1707.0,-263.0,1000.0,1175.0
H_affymetrix_extended__strict__20_shambhala__post0,0.3382898966707286,0.3491149137372202,1813.0,1708.0,105.0,1249.0,1176.0
J_ff_only__strict__21_harmonizr__post1,0.3857546221499204,0.34904975208528133,1533.0,1709.0,-176.0,1055.0,1177.0
B_extended_bad__knn__12_scanorama__post1,0.3166333763509069,0.34883291237304864,1922.0,1710.0,212.0,,
B_extended_bad__softimpute__07_pycombat__post0,0.3423930345245716,0.34860038288685447,1792.0,1711.0,81.0,,
G_affymetrix_only__strict__13_fsmvn__post0,0.3237883912374872,0.34777929158057486,1886.0,1712.0,174.0,,
A_confirmed_bad__knn__13_fsmvn__post1,0.3684269810943288,0.3476789201375314,1621.0,1713.0,-92.0,,
J_ff_only__knn__18_rank__post0,0.4938761955062717,0.3473583571602445,1097.0,1714.0,-617.0,773.0,1178.0
J_ff_only__knn__14_qsmooth__post0,0.5053893089868854,0.34698579738888086,1057.0,1715.0,-658.0,741.0,1179.0
F_microarray_only__strict__03_limma__post0,0.3493424878583044,0.3469093712704437,1759.0,1716.0,43.0,1209.0,1180.0
K_ffpe_only__softimpute__26_xpn__post0,0.3575560398523835,0.3468649180122594,1703.0,1717.0,-14.0,,
A_confirmed_bad__knn__26_xpn__post1,0.3391791661980641,0.34671218029771217,1811.0,1718.0,93.0,,
K_ffpe_only__strict__15_fsqn_py__post1,0.3338676117855363,0.34668147077916883,1837.0,1719.0,118.0,,
K_ffpe_only__strict__17_quantile__post1,0.3338676117855363,0.34668147077916883,1837.0,1719.0,118.0,,
E1_iterative_r1__knn__28_npn__post1,0.3502543085561309,0.34664243332670647,1752.0,1721.0,31.0,1202.0,1181.0
E1_iterative_r1__softimpute__21_harmonizr__post0,0.3636315686516893,0.34659858524494697,1657.0,1722.0,-65.0,1139.0,1182.0
E2_iterative_r2__knn__28_npn__post1,0.3503290467918915,0.3465618187677717,1751.0,1723.0,28.0,1201.0,1183.0
A_confirmed_bad__softimpute__03_limma__post1,0.4229561509582938,0.34596285958978434,1342.0,1724.0,-382.0,,
E2_iterative_r2__strict__02_median_scaling__post0,0.3740606115404656,0.3457046238214731,1589.0,1725.0,-136.0,1090.0,1184.0
C_rnaseq_only__softimpute__02_median_scaling__post1,0.4194763327120601,0.3456645635825864,1358.0,1726.0,-368.0,952.0,1185.0
E3_iterative_r3__knn__02_median_scaling__post1,0.4218393761738767,0.3455578580958925,1350.0,1727.0,-377.0,947.0,1186.0
E1_iterative_r1__softimpute__02_median_scaling__post1,0.4111104861089432,0.34555143508689695,1404.0,1728.0,-324.0,977.0,1187.0
C_rnaseq_only__softimpute__20_shambhala__post1,0.4282025690453447,0.345434410895719,1318.0,1729.0,-411.0,,
H_affymetrix_extended__knn__09_ruv__post1,0.3130024177706574,0.3453679838734948,1936.0,1730.0,206.0,1331.0,1188.0
E2_iterative_r2__softimpute__02_median_scaling__post0,0.4033707829217436,0.3449087282109183,1436.0,1731.0,-295.0,994.0,1189.0
A_confirmed_bad__softimpute__28_npn__post0,0.3079241430946575,0.3446878240625703,1954.0,1732.0,222.0,,
S0_no_removal__softimpute__21_harmonizr__post1,0.3572596484012771,0.3445684408682082,1708.0,1733.0,-25.0,1174.0,1190.0
A_confirmed_bad__strict__02_median_scaling__post1,0.3860779452351603,0.3445646229347937,1531.0,1734.0,-203.0,,
A_confirmed_bad__strict__12_scanorama__post0,0.4318162301284379,0.34431614601477006,1303.0,1735.0,-432.0,,
B_extended_bad__knn__07_pycombat__post1,0.3793751369406259,0.3442690102109227,1563.0,1736.0,-173.0,,
C_rnaseq_only__strict__28_npn__post1,0.4207236690350724,0.3439361986619662,1352.0,1737.0,-385.0,,
E3_iterative_r3__knn__07_pycombat__post0,0.3955195242764762,0.343891138598349,1476.0,1738.0,-262.0,1018.0,1191.0
S0_no_removal__knn__20_shambhala__post0,0.3254152069270039,0.34375844095402425,1877.0,1739.0,138.0,1290.0,1192.0
E3_iterative_r3__strict__07_pycombat__post0,0.4311927849028064,0.3437219860783928,1307.0,1740.0,-433.0,918.0,1193.0
I_rare_batches_removed__knn__13_fsmvn__post1,0.3160315709119654,0.3435964095036732,1924.0,1741.0,183.0,1322.0,1194.0
D_malignant_only__softimpute__26_xpn__post0,0.3183891101713308,0.3434403920430295,1916.0,1742.0,174.0,1316.0,1195.0
J_ff_only__knn__13_fsmvn__post0,0.3860234191912088,0.34332539879436536,1532.0,1743.0,-211.0,1054.0,1196.0
J_ff_only__softimpute__13_fsmvn__post0,0.3842238835928058,0.3432205647764615,1543.0,1744.0,-201.0,1062.0,1197.0
J_ff_only__strict__18_rank__post1,0.4942705555369686,0.3432015154503858,1096.0,1745.0,-649.0,772.0,1198.0
E2_iterative_r2__knn__16_fsqn_r__post0,0.361163138046956,0.34318447668885743,1684.0,1746.0,-62.0,1156.0,1199.0
K_ffpe_only__knn__26_xpn__post1,0.3368164677939246,0.34299319191468963,1822.0,1747.0,75.0,,
J_ff_only__knn__18_rank__post1,0.4961405443120261,0.34259457986608394,1089.0,1748.0,-659.0,766.0,1200.0
H_affymetrix_extended__softimpute__20_shambhala__post1,0.3214641508200471,0.34228863505220203,1900.0,1749.0,151.0,1304.0,1201.0
A_confirmed_bad__knn__13_fsmvn__post0,0.3631757540991966,0.34220175353093146,1663.0,1750.0,-87.0,,
E1_iterative_r1__knn__07_pycombat__post0,0.3825367715907232,0.3421952385137272,1547.0,1751.0,-204.0,1064.0,1202.0
A_confirmed_bad__strict__21_harmonizr__post0,0.3297832452814068,0.34217802938256403,1855.0,1752.0,103.0,,
B_extended_bad__strict__02_median_scaling__post1,0.3682714499079031,0.34208727709269904,1622.0,1753.0,-131.0,,
E1_iterative_r1__softimpute__02_median_scaling__post0,0.3999571894548701,0.3420277287560029,1454.0,1754.0,-300.0,1005.0,1203.0
C_rnaseq_only__softimpute__26_xpn__post1,0.4386777615120132,0.34187364143916876,1273.0,1755.0,-482.0,,
S0_no_removal__softimpute__12_scanorama__post0,0.4170508767335064,0.3417384167733289,1371.0,1756.0,-385.0,958.0,1204.0
E2_iterative_r2__knn__07_pycombat__post1,0.3824676175017434,0.3417234374465841,1548.0,1757.0,-209.0,1065.0,1205.0
H_affymetrix_extended__strict__19_tdm__post1,0.2878947149653869,0.3412808359767339,2010.0,1758.0,252.0,1388.0,1206.0
I_rare_batches_removed__knn__11_harmony__post1,0.3005231476043071,0.34116409100672623,1976.0,1759.0,217.0,1359.0,1207.0
A_confirmed_bad__softimpute__28_npn__post1,0.3033229779921549,0.3410861696588456,1967.0,1760.0,207.0,,
E1_iterative_r1__softimpute__28_npn__post0,0.3034037261912073,0.34101359065765263,1966.0,1761.0,205.0,1352.0,1208.0
E1_iterative_r1__knn__12_scanorama__post0,0.4188523174719849,0.34070800780624655,1359.0,1762.0,-403.0,953.0,1209.0
H_affymetrix_extended__softimpute__20_shambhala__post0,0.3287686810438178,0.34065686053977573,1861.0,1763.0,98.0,1278.0,1210.0
H_affymetrix_extended__strict__07_pycombat__post0,0.3259790495822713,0.3405406360992555,1872.0,1764.0,108.0,1287.0,1211.0
I_rare_batches_removed__softimpute__13_fsmvn__post0,0.327342967989872,0.3404898999421207,1869.0,1765.0,104.0,1284.0,1212.0
S0_no_removal__knn__16_fsqn_r__post0,0.3589818550727854,0.3402921757305666,1698.0,1766.0,-68.0,1165.0,1213.0
I_rare_batches_removed__strict__26_xpn__post0,0.3007745865370519,0.34014857210905164,1974.0,1767.0,207.0,1358.0,1214.0
E2_iterative_r2__softimpute__28_npn__post0,0.300882585409893,0.3401356532928503,1972.0,1768.0,204.0,1357.0,1215.0
S0_no_removal__softimpute__28_npn__post1,0.3129014223407587,0.34012750600975705,1937.0,1769.0,168.0,1332.0,1216.0
E3_iterative_r3__softimpute__07_pycombat__post0,0.3491904054352261,0.3400645531234461,1760.0,1770.0,-10.0,1210.0,1217.0
K_ffpe_only__strict__21_harmonizr__post1,0.3924008883956845,0.3398356824504069,1492.0,1771.0,-279.0,,
J_ff_only__softimpute__26_xpn__post1,0.3093647970860871,0.33935152566590654,1950.0,1772.0,178.0,1341.0,1218.0
S0_no_removal__softimpute__12_scanorama__post1,0.4133773762899237,0.33933781361507886,1390.0,1773.0,-383.0,970.0,1219.0
E2_iterative_r2__knn__11_harmony__post0,0.3406281882031538,0.33928899561471465,1803.0,1774.0,29.0,1242.0,1220.0
F_microarray_only__softimpute__07_pycombat__post1,0.3420346945934521,0.3390629072102826,1794.0,1775.0,19.0,1235.0,1221.0
C_rnaseq_only__softimpute__09_ruv__post0,0.3806460092001242,0.3389869127635638,1557.0,1776.0,-219.0,1072.0,1222.0
J_ff_only__softimpute__28_npn__post1,0.3304403547231353,0.33860693356826627,1854.0,1777.0,77.0,1274.0,1223.0
E3_iterative_r3__knn__16_fsqn_r__post0,0.3591583071462849,0.3385922407010191,1695.0,1778.0,-83.0,1163.0,1224.0
A_confirmed_bad__strict__11_harmony__post0,0.3816997010849606,0.33848752301886637,1551.0,1779.0,-228.0,,
H_affymetrix_extended__knn__02_median_scaling__post1,0.3650193861569557,0.3384247729747716,1647.0,1780.0,-133.0,1132.0,1225.0
A_confirmed_bad__knn__16_fsqn_r__post0,0.3619280657414357,0.33817797081315343,1678.0,1781.0,-103.0,,
E1_iterative_r1__knn__16_fsqn_r__post0,0.3551867287674072,0.33798771527996946,1719.0,1782.0,-63.0,1179.0,1226.0
A_confirmed_bad__knn__16_fsqn_r__post1,0.3550496063227633,0.33777392923520283,1721.0,1783.0,-62.0,,
K_ffpe_only__strict__21_harmonizr__post0,0.3903048138133867,0.33774568465145954,1502.0,1784.0,-282.0,,
K_ffpe_only__softimpute__21_harmonizr__post0,0.3604247476130247,0.3377080148433147,1688.0,1785.0,-97.0,,
I_rare_batches_removed__strict__26_xpn__post1,0.3012357206762261,0.33741242557100987,1970.0,1786.0,184.0,1355.0,1227.0
S0_no_removal__knn__03_limma__post0,0.3765279814920254,0.3373650697281556,1574.0,1787.0,-213.0,1079.0,1228.0
D_malignant_only__softimpute__03_limma__post0,0.3927944428666202,0.3367681826481828,1491.0,1788.0,-297.0,1027.0,1229.0
A_confirmed_bad__knn__07_pycombat__post0,0.3888172059905834,0.3362471935500004,1509.0,1789.0,-280.0,,
A_confirmed_bad__strict__03_limma__post1,0.3636039574292806,0.3362240315783971,1658.0,1790.0,-132.0,,
J_ff_only__knn__28_npn__post1,0.3316067682051568,0.3361724924279568,1851.0,1791.0,60.0,1273.0,1230.0
J_ff_only__knn__26_xpn__post1,0.3061168431375875,0.3358776321059392,1958.0,1792.0,166.0,1345.0,1231.0
H_affymetrix_extended__strict__11_harmony__post1,0.25811979693556,0.3358363628512187,2084.0,1793.0,291.0,1441.0,1232.0
E2_iterative_r2__knn__09_ruv__post1,0.3232606200109131,0.33567318814470065,1892.0,1794.0,98.0,1299.0,1233.0
C_rnaseq_only__softimpute__11_harmony__post1,0.4263200367867205,0.33512355179047026,1327.0,1795.0,-468.0,,
E1_iterative_r1__knn__03_limma__post0,0.3888129837097525,0.3349595683583833,1511.0,1796.0,-285.0,1039.0,1234.0
H_affymetrix_extended__knn__31_ruv3prps__post0,0.2776637324938744,0.33494527762556076,2046.0,1797.0,249.0,1414.0,1235.0
E1_iterative_r1__strict__02_median_scaling__post0,0.3628858643412397,0.3347618930170653,1668.0,1798.0,-130.0,1147.0,1236.0
A_confirmed_bad__softimpute__02_median_scaling__post0,0.4006368876879505,0.334616138459702,1448.0,1799.0,-351.0,,
H_affymetrix_extended__softimpute__07_pycombat__post0,0.3166948435359336,0.3341339757959903,1921.0,1800.0,121.0,1321.0,1237.0
B_extended_bad__knn__02_median_scaling__post1,0.3949680534288606,0.33398420229178805,1479.0,1801.0,-322.0,,
B_extended_bad__knn__21_harmonizr__post0,0.3710151106904315,0.33365161344050215,1603.0,1802.0,-199.0,,
K_ffpe_only__strict__18_rank__post1,0.3258733996004712,0.3335862452887634,1873.0,1803.0,70.0,,
S0_no_removal__knn__21_harmonizr__post1,0.3617475304674944,0.3335786870764323,1680.0,1804.0,-124.0,1153.0,1238.0
D_malignant_only__strict__28_npn__post0,0.3387953232573477,0.3334317208138354,1812.0,1805.0,7.0,1248.0,1239.0
A_confirmed_bad__knn__03_limma__post1,0.4206226399031521,0.3332395596180638,1354.0,1806.0,-452.0,,
G_affymetrix_only__softimpute__26_xpn__post0,0.273887092492568,0.33286701274045133,2050.0,1807.0,243.0,,
C_rnaseq_only__knn__13_fsmvn__post0,0.4440089507560031,0.33237898992070014,1262.0,1808.0,-546.0,884.0,1240.0
A_confirmed_bad__strict__21_harmonizr__post1,0.3325669576813744,0.33236412357948253,1843.0,1809.0,34.0,,
D_malignant_only__softimpute__12_scanorama__post0,0.4129168814748678,0.3322596673991973,1392.0,1810.0,-418.0,972.0,1241.0
A_confirmed_bad__strict__12_scanorama__post1,0.412874331789223,0.332162220670742,1394.0,1811.0,-417.0,,
E2_iterative_r2__softimpute__12_scanorama__post0,0.3657994527133759,0.3316810951010615,1643.0,1812.0,-169.0,1129.0,1242.0
E1_iterative_r1__knn__21_harmonizr__post0,0.3888971081505658,0.331633793368931,1508.0,1813.0,-305.0,1037.0,1243.0
I_rare_batches_removed__softimpute__10_mnn__post1,0.3631475493032022,0.33156781085070414,1664.0,1814.0,-150.0,1144.0,1244.0
C_rnaseq_only__knn__21_harmonizr__post1,0.356108747930495,0.3315156280577381,1713.0,1815.0,-102.0,,
D_malignant_only__strict__16_fsqn_r__post1,0.3340840363620174,0.3314013253393641,1835.0,1816.0,19.0,1263.0,1245.0
E3_iterative_r3__softimpute__02_median_scaling__post0,0.3673337327489746,0.3313962883240766,1626.0,1817.0,-191.0,1117.0,1246.0
J_ff_only__strict__13_fsmvn__post0,0.3746099062179786,0.3309601310864283,1586.0,1818.0,-232.0,1088.0,1247.0
C_rnaseq_only__knn__09_ruv__post1,0.329323684840678,0.3309158707427329,1856.0,1819.0,37.0,1275.0,1248.0
C_rnaseq_only__knn__02_median_scaling__post0,0.468354844187431,0.3308884604722766,1172.0,1820.0,-648.0,825.0,1249.0
C_rnaseq_only__knn__07_pycombat__post0,0.4142073250191533,0.33084800227906097,1381.0,1821.0,-440.0,963.0,1250.0
S0_no_removal__softimpute__28_npn__post0,0.311029061315302,0.3308034979837526,1943.0,1822.0,121.0,1335.0,1251.0
D_malignant_only__knn__21_harmonizr__post1,0.3435119595840132,0.33073457845653853,1786.0,1823.0,-37.0,1229.0,1252.0
D_malignant_only__knn__09_ruv__post1,0.3450179812815097,0.3304539571847634,1779.0,1824.0,-45.0,1223.0,1253.0
E2_iterative_r2__knn__12_scanorama__post0,0.3437581701545174,0.33023612557578413,1785.0,1825.0,-40.0,1228.0,1254.0
S0_no_removal__softimpute__13_fsmvn__post0,0.3320165948357366,0.3300799548808243,1846.0,1826.0,20.0,1269.0,1255.0
E2_iterative_r2__knn__21_harmonizr__post0,0.3886107765146356,0.33004823171981607,1515.0,1827.0,-312.0,1041.0,1256.0
I_rare_batches_removed__softimpute__11_harmony__post0,0.3256298108566667,0.32986316592909165,1875.0,1828.0,47.0,1288.0,1257.0
C_rnaseq_only__softimpute__03_limma__post0,0.3849121787612564,0.3297958911004774,1538.0,1829.0,-291.0,1059.0,1258.0
I_rare_batches_removed__knn__09_ruv__post0,0.3342327865572834,0.3296964849521748,1833.0,1830.0,3.0,1261.0,1259.0
H_affymetrix_extended__strict__03_limma__post0,0.331614464760213,0.3296555089342395,1850.0,1831.0,19.0,1272.0,1260.0
D_malignant_only__strict__16_fsqn_r__post0,0.3431736177223755,0.3294424562657438,1787.0,1832.0,-45.0,1230.0,1261.0
S0_no_removal__knn__03_limma__post1,0.3749450217065797,0.3292987314214543,1583.0,1833.0,-250.0,1085.0,1262.0
E2_iterative_r2__strict__07_pycombat__post1,0.4052748413514427,0.3292813010064764,1428.0,1834.0,-406.0,988.0,1263.0
F_microarray_only__softimpute__28_npn__post1,0.2852322955563606,0.327914351522368,2021.0,1835.0,186.0,1398.0,1264.0
I_rare_batches_removed__knn__13_fsmvn__post0,0.2967317309647919,0.32768689968445014,1988.0,1836.0,152.0,1371.0,1265.0
I_rare_batches_removed__strict__13_fsmvn__post1,0.3138391484438626,0.32767512583026354,1932.0,1837.0,95.0,1328.0,1266.0
E1_iterative_r1__softimpute__28_npn__post1,0.2876238629306666,0.3276155174815319,2011.0,1838.0,173.0,1389.0,1267.0
J_ff_only__knn__20_shambhala__post1,0.4610317961551913,0.32723311167922353,1200.0,1839.0,-639.0,844.0,1268.0
E2_iterative_r2__softimpute__28_npn__post1,0.2873681950473793,0.3271541659312787,2012.0,1840.0,172.0,1390.0,1269.0
D_malignant_only__softimpute__16_fsqn_r__post1,0.3075315333560801,0.32712225890753277,1956.0,1841.0,115.0,1344.0,1270.0
C_rnaseq_only__knn__03_limma__post0,0.4668074347325753,0.32644637355179523,1176.0,1842.0,-666.0,828.0,1271.0
I_rare_batches_removed__knn__26_xpn__post1,0.2888536224277764,0.3261092138580974,2008.0,1843.0,165.0,1387.0,1272.0
I_rare_batches_removed__strict__21_harmonizr__post1,0.2739484952703117,0.32551061997744163,2049.0,1844.0,205.0,1417.0,1273.0
D_malignant_only__softimpute__16_fsqn_r__post0,0.3097002954683783,0.3254159215082122,1948.0,1845.0,103.0,1339.0,1274.0
H_affymetrix_extended__strict__33_amdbnorm__post1,0.3176725852646236,0.32518472544180205,1918.0,1846.0,72.0,1318.0,1275.0
I_rare_batches_removed__knn__21_harmonizr__post0,0.327924862419045,0.3249954751908918,1867.0,1847.0,20.0,1282.0,1276.0
G_affymetrix_only__softimpute__21_harmonizr__post1,0.3282127625129329,0.3247417175959596,1866.0,1848.0,18.0,,
S0_no_removal__knn__11_harmony__post1,0.321614725504131,0.3246547994527479,1899.0,1849.0,50.0,1303.0,1277.0
F_microarray_only__softimpute__07_pycombat__post0,0.3359548566072821,0.32446218301074786,1828.0,1850.0,-22.0,1257.0,1278.0
D_malignant_only__knn__03_limma__post0,0.3513917674221283,0.3244253718280641,1744.0,1851.0,-107.0,1195.0,1279.0
E2_iterative_r2__softimpute__10_mnn__post1,0.294249500327438,0.32433960288843483,1997.0,1852.0,145.0,1378.0,1280.0
E1_iterative_r1__knn__16_fsqn_r__post1,0.3409832744215668,0.32402242277651633,1799.0,1853.0,-54.0,1240.0,1281.0
D_malignant_only__knn__02_median_scaling__post1,0.3928204828494632,0.3238600467602641,1490.0,1854.0,-364.0,1026.0,1282.0
E2_iterative_r2__softimpute__12_scanorama__post1,0.3596429511270833,0.3237714586841985,1691.0,1855.0,-164.0,1160.0,1283.0
D_malignant_only__strict__26_xpn__post1,0.3319308150616682,0.3237547948864729,1847.0,1856.0,-9.0,1270.0,1284.0
J_ff_only__strict__07_pycombat__post0,0.4012026112018554,0.32371706604984457,1446.0,1857.0,-411.0,1002.0,1285.0
E1_iterative_r1__knn__07_pycombat__post1,0.3631212093831265,0.3235611094464761,1665.0,1858.0,-193.0,1145.0,1286.0
S0_no_removal__softimpute__11_harmony__post0,0.3151146226352344,0.3234580461754984,1928.0,1859.0,69.0,1325.0,1287.0
E2_iterative_r2__strict__02_median_scaling__post1,0.3591804849051409,0.3230928375019461,1694.0,1860.0,-166.0,1162.0,1288.0
I_rare_batches_removed__softimpute__11_harmony__post1,0.292503701779928,0.32302971913302403,2000.0,1861.0,139.0,1381.0,1289.0
K_ffpe_only__softimpute__18_rank__post1,0.3658526641633419,0.32262407534899024,1641.0,1862.0,-221.0,,
I_rare_batches_removed__strict__11_harmony__post1,0.2866270424922871,0.3220004790251945,2015.0,1863.0,152.0,1393.0,1290.0
K_ffpe_only__softimpute__10_mnn__post1,0.3489995693605194,0.3218944720447822,1761.0,1864.0,-103.0,,
E3_iterative_r3__strict__02_median_scaling__post0,0.3591287421594525,0.3217678884819411,1696.0,1865.0,-169.0,1164.0,1291.0
B_extended_bad__knn__09_ruv__post0,0.2808973487449472,0.3213656703016805,2037.0,1866.0,171.0,,
I_rare_batches_removed__softimpute__21_harmonizr__post0,0.3233143576304221,0.32127829188690465,1890.0,1867.0,23.0,1298.0,1292.0
D_malignant_only__knn__03_limma__post1,0.3606484584804659,0.32111328365518543,1686.0,1868.0,-182.0,1158.0,1293.0
K_ffpe_only__knn__21_harmonizr__post0,0.3738386842214933,0.3208459061866825,1593.0,1869.0,-276.0,,
J_ff_only__strict__28_npn__post1,0.3225074677381559,0.32066647703982293,1895.0,1870.0,25.0,1302.0,1294.0
E3_iterative_r3__softimpute__28_npn__post0,0.2870963349641456,0.32047933312682847,2014.0,1871.0,143.0,1392.0,1295.0
D_malignant_only__knn__10_mnn__post0,0.3516720247335878,0.3203712003372458,1742.0,1872.0,-130.0,1193.0,1296.0
C_rnaseq_only__softimpute__23_vst__post0,0.2852947903687312,0.3198003111779033,2020.0,1873.0,147.0,1397.0,1297.0
K_ffpe_only__strict__01_raw__post1,0.331439507793213,0.3197226111906774,1852.0,1874.0,-22.0,,
D_malignant_only__knn__26_xpn__post1,0.3289417154280636,0.319620891067427,1860.0,1875.0,-15.0,1277.0,1298.0
A_confirmed_bad__knn__03_limma__post0,0.3886114597604944,0.3195165447990693,1514.0,1876.0,-362.0,,
J_ff_only__softimpute__17_quantile__post0,0.438391148718545,0.31918038348741373,1277.0,1877.0,-600.0,895.0,1299.0
I_rare_batches_removed__strict__13_fsmvn__post0,0.2848919486780231,0.3191001877525503,2024.0,1878.0,146.0,1401.0,1300.0
K_ffpe_only__strict__20_shambhala__post1,0.3626739694516698,0.31893709375876195,1671.0,1879.0,-208.0,,
K_ffpe_only__knn__17_quantile__post1,0.3233096366733979,0.3179563681947924,1891.0,1880.0,11.0,,
K_ffpe_only__knn__15_fsqn_py__post1,0.3233863002735206,0.3179563681947924,1889.0,1880.0,9.0,,
A_confirmed_bad__knn__11_harmony__post0,0.366796574702628,0.31727412061049454,1631.0,1882.0,-251.0,,
H_affymetrix_extended__strict__33_amdbnorm__post0,0.3103773311649303,0.3172559065966257,1946.0,1883.0,63.0,1338.0,1301.0
G_affymetrix_only__strict__10_mnn__post1,0.0944874386976075,0.3171709977424175,2234.0,1884.0,350.0,,
C_rnaseq_only__softimpute__15_fsqn_py__post1,0.3365222980636692,0.3169947435933746,1824.0,1885.0,-61.0,,
C_rnaseq_only__knn__09_ruv__post0,0.3209854788589515,0.31666303196282825,1901.0,1886.0,15.0,1305.0,1302.0
S0_no_removal__softimpute__21_harmonizr__post0,0.3469308360770992,0.3165530647720685,1770.0,1887.0,-117.0,1217.0,1303.0
E1_iterative_r1__strict__03_limma__post0,0.3447264264777225,0.3165072522143901,1780.0,1888.0,-108.0,1224.0,1304.0
J_ff_only__strict__26_xpn__post1,0.2920422729132728,0.3163828457898353,2003.0,1889.0,114.0,1383.0,1305.0
J_ff_only__softimpute__31_ruv3prps__post0,0.4697095308998389,0.3161034165983594,1168.0,1890.0,-722.0,823.0,1306.0
E2_iterative_r2__knn__16_fsqn_r__post1,0.3326892845083312,0.31565582045205837,1841.0,1891.0,-50.0,1266.0,1307.0
J_ff_only__knn__07_pycombat__post0,0.3627004732253486,0.3154984577382715,1670.0,1892.0,-222.0,1149.0,1308.0
E3_iterative_r3__knn__07_pycombat__post1,0.3694001027415388,0.3154828639989345,1617.0,1893.0,-276.0,1112.0,1309.0
D_malignant_only__softimpute__09_ruv__post0,0.3318052147433906,0.31526321483210473,1848.0,1894.0,-46.0,1271.0,1310.0
F_microarray_only__softimpute__28_npn__post0,0.2797796031333098,0.3151511857323136,2040.0,1895.0,145.0,1409.0,1311.0
E2_iterative_r2__strict__03_limma__post0,0.3429347029248868,0.31509884666216764,1789.0,1896.0,-107.0,1232.0,1312.0
G_affymetrix_only__strict__26_xpn__post1,0.3142325207732765,0.31508361376344257,1930.0,1897.0,33.0,,
I_rare_batches_removed__strict__12_scanorama__post0,0.2942126772960272,0.3149515029154162,1998.0,1898.0,100.0,1379.0,1313.0
E3_iterative_r3__strict__07_pycombat__post1,0.4079043492382174,0.3145536617102624,1419.0,1899.0,-480.0,984.0,1314.0
G_affymetrix_only__strict__20_shambhala__post1,0.1770034624818065,0.3142349076540105,2206.0,1900.0,306.0,,
E3_iterative_r3__knn__03_limma__post0,0.3795157135888886,0.31418915961119104,1562.0,1901.0,-339.0,1073.0,1315.0
D_malignant_only__softimpute__26_xpn__post1,0.2984012605009165,0.3141812249136253,1982.0,1902.0,80.0,1365.0,1316.0
G_affymetrix_only__strict__26_xpn__post0,0.2811619987163907,0.3141476370457464,2036.0,1903.0,133.0,,
E3_iterative_r3__knn__09_ruv__post0,0.2576889013626058,0.31406960627771424,2086.0,1904.0,182.0,1443.0,1317.0
H_affymetrix_extended__softimpute__03_limma__post1,0.3109644313039137,0.31391647772422143,1944.0,1905.0,39.0,1336.0,1318.0
D_malignant_only__softimpute__10_mnn__post1,0.3496947291066751,0.31381808684739165,1756.0,1906.0,-150.0,1206.0,1319.0
H_affymetrix_extended__strict__26_xpn__post1,0.2692062905124783,0.31364848505935833,2061.0,1907.0,154.0,1427.0,1320.0
A_confirmed_bad__knn__07_pycombat__post1,0.3659436793996664,0.31355799605404894,1638.0,1908.0,-270.0,,
C_rnaseq_only__strict__02_median_scaling__post1,0.4516860037296281,0.31327596765756754,1240.0,1909.0,-669.0,869.0,1321.0
H_affymetrix_extended__softimpute__19_tdm__post1,0.2974846650427022,0.3131826443783429,1985.0,1910.0,75.0,1368.0,1322.0
J_ff_only__knn__31_ruv3prps__post0,0.4660308643958827,0.31285465676737045,1177.0,1911.0,-734.0,829.0,1323.0
G_affymetrix_only__softimpute__09_ruv__post1,0.315884890740034,0.31277110575269645,1925.0,1912.0,13.0,,
E1_iterative_r1__strict__03_limma__post1,0.3406229837535193,0.3127104638906774,1804.0,1913.0,-109.0,1243.0,1324.0
B_extended_bad__knn__16_fsqn_r__post1,0.3311497057557933,0.31245456760819196,1853.0,1914.0,-61.0,,
J_ff_only__strict__31_ruv3prps__post0,0.4725359686877815,0.31241983414821023,1165.0,1915.0,-750.0,820.0,1325.0
B_extended_bad__softimpute__10_mnn__post0,0.2846018564927859,0.31234779696118303,2027.0,1916.0,111.0,,
E3_iterative_r3__knn__16_fsqn_r__post1,0.3322318713612351,0.3121952747059791,1844.0,1917.0,-73.0,1267.0,1326.0
E1_iterative_r1__strict__02_median_scaling__post1,0.3481047371093933,0.312172442500894,1764.0,1918.0,-154.0,1212.0,1327.0
J_ff_only__softimpute__07_pycombat__post1,0.3661744127510005,0.3119980352472112,1635.0,1919.0,-284.0,1124.0,1328.0
A_confirmed_bad__strict__03_limma__post0,0.3559564206337238,0.3116738703952049,1714.0,1920.0,-206.0,,
J_ff_only__strict__07_pycombat__post1,0.3635792560606052,0.3113467282546866,1660.0,1921.0,-261.0,1141.0,1329.0
K_ffpe_only__knn__01_raw__post0,0.3121604834623218,0.31130238672185345,1938.0,1922.0,16.0,,
G_affymetrix_only__knn__07_pycombat__post0,0.2855451325027694,0.3112202974651216,2018.0,1923.0,95.0,,
I_rare_batches_removed__knn__12_scanorama__post0,0.3120126487541125,0.31075901178211124,1939.0,1924.0,15.0,1333.0,1330.0
K_ffpe_only__knn__31_ruv3prps__post1,0.3601322796427486,0.3107104529630467,1689.0,1925.0,-236.0,,
K_ffpe_only__strict__27_dwd__post1,0.3220344151011903,0.31069577251314257,1896.0,1926.0,-30.0,,
K_ffpe_only__strict__16_fsqn_r__post1,0.3220344151011903,0.31069577251314257,1896.0,1926.0,-30.0,,
K_ffpe_only__strict__01_raw__post0,0.3217798941777576,0.31058841617633137,1898.0,1928.0,-30.0,,
H_affymetrix_extended__strict__02_median_scaling__post1,0.3057222344987739,0.31046511240569075,1960.0,1929.0,31.0,1347.0,1331.0
G_affymetrix_only__knn__12_scanorama__post1,0.2686826033008501,0.31041743637058145,2062.0,1930.0,132.0,,
C_rnaseq_only__knn__28_npn__post0,0.4003083472900612,0.3103257083511046,1452.0,1931.0,-479.0,1004.0,1332.0
D_malignant_only__knn__09_ruv__post0,0.3845465977518291,0.31027845189309866,1539.0,1932.0,-393.0,1060.0,1333.0
E3_iterative_r3__softimpute__10_mnn__post0,0.2607189442495723,0.30975195979116893,2078.0,1933.0,145.0,1437.0,1334.0
S0_no_removal__knn__21_harmonizr__post0,0.3361888733622964,0.30954595490229203,1825.0,1934.0,-109.0,1255.0,1335.0
B_extended_bad__knn__21_harmonizr__post1,0.362659630125235,0.30939449546714914,1673.0,1935.0,-262.0,,
C_rnaseq_only__softimpute__22_tmm__post0,0.3003173181565046,0.30914255851903516,1977.0,1936.0,41.0,1360.0,1336.0
C_rnaseq_only__strict__07_pycombat__post1,0.3244945663963527,0.30849384652068434,1882.0,1937.0,-55.0,,
D_malignant_only__strict__03_limma__post0,0.3573843165889555,0.3084779521986588,1705.0,1938.0,-233.0,1171.0,1337.0
H_affymetrix_extended__softimpute__03_limma__post0,0.3054793627796895,0.30837500154437636,1961.0,1939.0,22.0,1348.0,1338.0
C_rnaseq_only__knn__16_fsqn_r__post1,0.3854451899375422,0.3083727287249294,1535.0,1940.0,-405.0,,
H_affymetrix_extended__knn__28_npn__post1,0.2548533192926477,0.3081540563481035,2092.0,1941.0,151.0,1445.0,1339.0
D_malignant_only__softimpute__13_fsmvn__post0,0.2873073629910072,0.30787071719963627,2013.0,1942.0,71.0,1391.0,1340.0
K_ffpe_only__knn__18_rank__post0,0.3407674255610569,0.3073871396350108,1801.0,1943.0,-142.0,,
G_affymetrix_only__softimpute__20_shambhala__post0,0.2103813459900719,0.3072385778360422,2166.0,1944.0,222.0,,
C_rnaseq_only__softimpute__07_pycombat__post0,0.3375315412546167,0.3070213166718104,1816.0,1945.0,-129.0,1250.0,1341.0
E3_iterative_r3__softimpute__28_npn__post1,0.2731564649266077,0.3057994688049001,2053.0,1946.0,107.0,1420.0,1342.0
S0_no_removal__softimpute__13_fsmvn__post1,0.3255640472555827,0.3056932746883663,1876.0,1947.0,-71.0,1289.0,1343.0
I_rare_batches_removed__knn__12_scanorama__post1,0.3053071939057683,0.30557467536951916,1964.0,1948.0,16.0,1350.0,1344.0
J_ff_only__softimpute__07_pycombat__post0,0.3507941473654526,0.3055171332482266,1748.0,1949.0,-201.0,1198.0,1345.0
S0_no_removal__softimpute__11_harmony__post1,0.2956519205973747,0.3053759069178144,1992.0,1950.0,42.0,1375.0,1346.0
A_confirmed_bad__strict__11_harmony__post1,0.3667221703520092,0.30516524764608416,1633.0,1951.0,-318.0,,
B_extended_bad__softimpute__10_mnn__post1,0.2846809214964015,0.30487252762525985,2026.0,1952.0,74.0,,
H_affymetrix_extended__strict__26_xpn__post0,0.2594572500509508,0.30391798393686625,2081.0,1953.0,128.0,1438.0,1347.0
J_ff_only__softimpute__17_quantile__post1,0.447510688179145,0.3029935878361398,1255.0,1954.0,-699.0,880.0,1348.0
D_malignant_only__strict__02_median_scaling__post1,0.3671721940427691,0.3029895172835609,1628.0,1955.0,-327.0,1119.0,1349.0
S0_no_removal__knn__11_harmony__post0,0.3186005045559157,0.30227023076283693,1911.0,1956.0,-45.0,1312.0,1350.0
G_affymetrix_only__knn__21_harmonizr__post1,0.3053131570120316,0.30191269891183053,1963.0,1957.0,6.0,,
H_affymetrix_extended__softimpute__09_ruv__post1,0.2737502065614256,0.30190130025196665,2051.0,1958.0,93.0,1418.0,1351.0
E3_iterative_r3__strict__12_scanorama__post0,0.2791947132045461,0.3018457343170081,2043.0,1959.0,84.0,1411.0,1352.0
E2_iterative_r2__strict__03_limma__post1,0.3265454379158045,0.3017784602414259,1870.0,1960.0,-90.0,1285.0,1353.0
B_extended_bad__strict__11_harmony__post0,0.3528007881553427,0.3017707768106405,1732.0,1961.0,-229.0,,
K_ffpe_only__knn__18_rank__post1,0.3185802554348054,0.3017127184629002,1912.0,1962.0,-50.0,,
E1_iterative_r1__knn__09_ruv__post1,0.2992885977175546,0.30132929829583094,1980.0,1963.0,17.0,1363.0,1354.0
D_malignant_only__knn__02_median_scaling__post0,0.3245646483282601,0.3009334454945703,1881.0,1964.0,-83.0,1293.0,1355.0
D_malignant_only__softimpute__03_limma__post1,0.350972782048246,0.30056819873911694,1746.0,1965.0,-219.0,1196.0,1356.0
K_ffpe_only__softimpute__20_shambhala__post0,0.3327795137329889,0.29927566654548216,1840.0,1966.0,-126.0,,
C_rnaseq_only__strict__03_limma__post1,0.4437257684533316,0.29891073406560426,1264.0,1967.0,-703.0,,
D_malignant_only__strict__13_fsmvn__post1,0.3175290132858183,0.29839370316456143,1919.0,1968.0,-49.0,1319.0,1357.0
K_ffpe_only__strict__12_scanorama__post0,0.2881337600374014,0.29733201876774784,2009.0,1969.0,40.0,,
G_affymetrix_only__knn__20_shambhala__post0,0.1887625169782254,0.2972977128147568,2195.0,1970.0,225.0,,
E3_iterative_r3__strict__12_scanorama__post1,0.2730177803248855,0.2970548230229059,2054.0,1971.0,83.0,1421.0,1358.0
G_affymetrix_only__knn__14_qsmooth__post0,0.3080649155619611,0.29703617175873515,1953.0,1972.0,-19.0,,
D_malignant_only__softimpute__12_scanorama__post1,0.3573724534005919,0.29676323424047335,1706.0,1973.0,-267.0,1172.0,1359.0
D_malignant_only__strict__03_limma__post1,0.3438334655263387,0.296333687655086,1784.0,1974.0,-190.0,1227.0,1360.0
E3_iterative_r3__strict__02_median_scaling__post1,0.340904084430017,0.29617665871886517,1800.0,1975.0,-175.0,1241.0,1361.0
B_extended_bad__knn__10_mnn__post1,0.2950126990759484,0.295284060068053,1994.0,1976.0,18.0,,
S0_no_removal__knn__13_fsmvn__post1,0.2956520123750636,0.29451081306110155,1991.0,1977.0,14.0,1374.0,1362.0
A_confirmed_bad__softimpute__10_mnn__post0,0.2604986675919835,0.29390710584767615,2079.0,1978.0,101.0,,
I_rare_batches_removed__knn__11_harmony__post0,0.2847481622695304,0.29319176690480464,2025.0,1979.0,46.0,1402.0,1363.0
D_malignant_only__knn__26_xpn__post0,0.2790265237817068,0.2930553789582954,2044.0,1980.0,64.0,1412.0,1364.0
D_malignant_only__knn__21_harmonizr__post0,0.3185286218787486,0.29257272325844613,1914.0,1981.0,-67.0,1314.0,1365.0
E3_iterative_r3__strict__03_limma__post1,0.3504360730394564,0.2920109596782647,1750.0,1982.0,-232.0,1200.0,1366.0
H_affymetrix_extended__strict__03_limma__post1,0.2862114855959938,0.29195006333755347,2017.0,1983.0,34.0,1395.0,1367.0
A_confirmed_bad__knn__21_harmonizr__post0,0.3570826619209873,0.2915328119042401,1709.0,1984.0,-275.0,,
H_affymetrix_extended__strict__11_harmony__post0,0.2213908990047931,0.29061493702938945,2154.0,1985.0,169.0,1482.0,1368.0
E3_iterative_r3__knn__09_ruv__post1,0.2384677962222258,0.29061439075850404,2122.0,1986.0,136.0,1461.0,1369.0
J_ff_only__knn__07_pycombat__post1,0.3054130591471277,0.29006492400550843,1962.0,1987.0,-25.0,1349.0,1370.0
H_affymetrix_extended__softimpute__26_xpn__post0,0.2524135853367105,0.2897550413724533,2099.0,1988.0,111.0,1450.0,1371.0
C_rnaseq_only__knn__02_median_scaling__post1,0.4226046879914864,0.2890018681992177,1345.0,1989.0,-644.0,943.0,1372.0
H_affymetrix_extended__knn__28_npn__post0,0.2522627069194984,0.28855813224832794,2100.0,1990.0,110.0,1451.0,1373.0
D_malignant_only__knn__12_scanorama__post1,0.327378622115926,0.28852517998551147,1868.0,1991.0,-123.0,1283.0,1374.0
D_malignant_only__strict__13_fsmvn__post0,0.2924155740522666,0.2884579401498305,2001.0,1992.0,9.0,1382.0,1375.0
S0_no_removal__knn__13_fsmvn__post0,0.2902608228061648,0.2880443074960352,2005.0,1993.0,12.0,1385.0,1376.0
E3_iterative_r3__strict__03_limma__post0,0.3251113866313804,0.28722370673627734,1879.0,1994.0,-115.0,1292.0,1377.0
K_ffpe_only__knn__19_tdm__post1,0.2792748076028254,0.2868349097367309,2041.0,1995.0,46.0,,
I_rare_batches_removed__softimpute__15_fsqn_py__post0,0.2264138266476095,0.2867750993141831,2147.0,1996.0,151.0,1476.0,1378.0
E3_iterative_r3__knn__10_mnn__post0,0.2668677353727697,0.28646271810577867,2068.0,1997.0,71.0,1430.0,1379.0
D_malignant_only__knn__07_pycombat__post0,0.3028025230548748,0.286380960183101,1968.0,1998.0,-30.0,1353.0,1380.0
F_microarray_only__knn__10_mnn__post1,0.2958184939675639,0.2846929336160416,1990.0,1999.0,-9.0,1373.0,1381.0
I_rare_batches_removed__strict__21_harmonizr__post0,0.2824392229232582,0.2838570703741609,2033.0,2000.0,33.0,1404.0,1382.0
A_confirmed_bad__softimpute__11_harmony__post1,0.2670256919367663,0.2837854947496098,2066.0,2001.0,65.0,,
C_rnaseq_only__softimpute__11_harmony__post0,0.2729512499989732,0.2834242599485559,2055.0,2002.0,53.0,1422.0,1383.0
K_ffpe_only__knn__27_dwd__post0,0.2841472577180466,0.2831741655773943,2030.0,2003.0,27.0,,
K_ffpe_only__knn__16_fsqn_r__post0,0.2841472577180466,0.2831741655773943,2030.0,2003.0,27.0,,
D_malignant_only__strict__02_median_scaling__post0,0.3234961649904643,0.28252230312392096,1888.0,2005.0,-117.0,1297.0,1384.0
E1_iterative_r1__softimpute__10_mnn__post0,0.2181730102714868,0.2823333711596338,2158.0,2006.0,152.0,1485.0,1385.0
K_ffpe_only__softimpute__19_tdm__post0,0.2834395907414333,0.2819787938217651,2032.0,2007.0,25.0,,
F_microarray_only__softimpute__26_xpn__post1,0.2732827132980269,0.2818591145321701,2052.0,2008.0,44.0,1419.0,1386.0
F_microarray_only__softimpute__26_xpn__post0,0.2581855514080527,0.2816127185160244,2083.0,2009.0,74.0,1440.0,1387.0
F_microarray_only__knn__21_harmonizr__post1,0.2510414560532377,0.28049950448156175,2105.0,2010.0,95.0,1454.0,1388.0
J_ff_only__knn__13_fsmvn__post1,0.2990354585001582,0.28043363502570207,1981.0,2011.0,-30.0,1364.0,1389.0
K_ffpe_only__softimpute__17_quantile__post1,0.3113636371566251,0.2799686054522954,1942.0,2012.0,-70.0,,
K_ffpe_only__softimpute__15_fsqn_py__post1,0.3116702915571157,0.2799686054522954,1941.0,2012.0,-71.0,,
K_ffpe_only__knn__11_harmony__post1,0.2597932332475002,0.2797530633063056,2080.0,2014.0,66.0,,
F_microarray_only__knn__10_mnn__post0,0.2939325426058302,0.27910968873688297,1999.0,2015.0,-16.0,1380.0,1390.0
G_affymetrix_only__softimpute__28_npn__post0,0.2271257587049305,0.2786091598853783,2145.0,2016.0,129.0,,
E1_iterative_r1__softimpute__12_scanorama__post0,0.2708806009869264,0.2782641674146828,2058.0,2017.0,41.0,1425.0,1391.0
J_ff_only__strict__13_fsmvn__post1,0.297975206923345,0.2776648116962223,1983.0,2018.0,-35.0,1366.0,1392.0
S0_no_removal__softimpute__15_fsqn_py__post0,0.2517793920247085,0.2774032991478384,2102.0,2019.0,83.0,1452.0,1393.0
K_ffpe_only__knn__31_ruv3prps__post0,0.347201886758572,0.27724729577964957,1768.0,2020.0,-252.0,,
I_rare_batches_removed__strict__11_harmony__post0,0.2717040771146282,0.27669112498306436,2057.0,2021.0,36.0,1424.0,1394.0
C_rnaseq_only__softimpute__16_fsqn_r__post0,0.2808216392209262,0.27666484475229597,2038.0,2022.0,16.0,1407.0,1395.0
E3_iterative_r3__knn__10_mnn__post1,0.2546527466839876,0.27629162288144,2093.0,2023.0,70.0,1446.0,1396.0
E1_iterative_r1__softimpute__11_harmony__post1,0.2611141499505074,0.2762527905610257,2077.0,2024.0,53.0,1436.0,1397.0
D_malignant_only__softimpute__21_harmonizr__post0,0.2964012375708788,0.27586445641486723,1989.0,2025.0,-36.0,1372.0,1398.0
D_malignant_only__softimpute__10_mnn__post0,0.3185392659391352,0.27556236581824495,1913.0,2026.0,-113.0,1313.0,1399.0
F_microarray_only__knn__20_shambhala__post1,0.1856095835968421,0.2754374533869617,2197.0,2027.0,170.0,1512.0,1400.0
I_rare_batches_removed__softimpute__15_fsqn_py__post1,0.2155898896594418,0.2752854970583135,2161.0,2028.0,133.0,1487.0,1401.0
D_malignant_only__knn__10_mnn__post1,0.3084460289155701,0.27522782487764713,1951.0,2029.0,-78.0,1342.0,1402.0
I_rare_batches_removed__strict__12_scanorama__post1,0.2380274548010155,0.2747713604739571,2123.0,2030.0,93.0,1462.0,1403.0
S0_no_removal__softimpute__15_fsqn_py__post1,0.249391063517622,0.2745691682011672,2107.0,2031.0,76.0,1456.0,1404.0
E1_iterative_r1__softimpute__12_scanorama__post1,0.2664951555922717,0.2736568335974608,2071.0,2032.0,39.0,1432.0,1405.0
A_confirmed_bad__softimpute__10_mnn__post1,0.2167725332388947,0.27298792904760333,2160.0,2033.0,127.0,,
C_rnaseq_only__softimpute__26_xpn__post0,0.2967915175823096,0.27255150345396,1987.0,2034.0,-47.0,1370.0,1406.0
C_rnaseq_only__knn__03_limma__post1,0.3680641908059081,0.27197136337405836,1623.0,2035.0,-412.0,,
I_rare_batches_removed__softimpute__17_quantile__post0,0.2130745147207584,0.2715799652177706,2163.0,2036.0,127.0,1489.0,1407.0
C_rnaseq_only__knn__07_pycombat__post1,0.328473450737229,0.2708782131226405,1865.0,2037.0,-172.0,,
D_malignant_only__knn__07_pycombat__post1,0.2799372993019347,0.26959100916787054,2039.0,2038.0,1.0,1408.0,1408.0
F_microarray_only__softimpute__11_harmony__post1,0.262009321680727,0.2693782282978016,2075.0,2039.0,36.0,1434.0,1409.0
D_malignant_only__softimpute__13_fsmvn__post1,0.2511790311161823,0.26914780482679534,2104.0,2040.0,64.0,1453.0,1410.0
G_affymetrix_only__knn__15_fsqn_py__post1,0.1480270442160356,0.26899162216784855,2221.0,2041.0,180.0,,
G_affymetrix_only__knn__17_quantile__post1,0.1475792161820007,0.2686557511423223,2222.0,2042.0,180.0,,
G_affymetrix_only__softimpute__21_harmonizr__post0,0.24407127274908,0.2678825131640701,2114.0,2043.0,71.0,,
H_affymetrix_extended__knn__09_ruv__post0,0.2724283867272328,0.26781775610543573,2056.0,2044.0,12.0,1423.0,1411.0
S0_no_removal__softimpute__17_quantile__post0,0.2413916287025798,0.26737049550402053,2117.0,2045.0,72.0,1459.0,1412.0
D_malignant_only__strict__07_pycombat__post1,0.2909688596136692,0.26717591821294934,2004.0,2046.0,-42.0,1384.0,1413.0
C_rnaseq_only__softimpute__28_npn__post0,0.3238167084042888,0.2671465838075709,1885.0,2047.0,-162.0,1296.0,1414.0
F_microarray_only__softimpute__12_scanorama__post1,0.3144826852686166,0.266761156303234,1929.0,2048.0,-119.0,1326.0,1415.0
H_affymetrix_extended__knn__13_fsmvn__post0,0.2257395783679444,0.26609226938047115,2149.0,2049.0,100.0,1477.0,1416.0
A_confirmed_bad__knn__12_scanorama__post1,0.370794957345665,0.265670484910023,1606.0,2050.0,-444.0,,
F_microarray_only__softimpute__12_scanorama__post0,0.3134090524678861,0.2653909970742636,1935.0,2051.0,-116.0,1330.0,1417.0
K_ffpe_only__strict__20_shambhala__post0,0.3237569798624386,0.26476792727347487,1887.0,2052.0,-165.0,,
G_affymetrix_only__softimpute__13_fsmvn__post0,0.2403001514268795,0.26456934784815545,2118.0,2053.0,65.0,,
J_ff_only__strict__03_limma__post1,0.3191587467743236,0.2644101903365244,1909.0,2054.0,-145.0,1311.0,1418.0
B_extended_bad__knn__09_ruv__post1,0.2277056857228968,0.26402871406762357,2141.0,2055.0,86.0,,
F_microarray_only__knn__13_fsmvn__post0,0.2323378014832118,0.26388056425396683,2134.0,2056.0,78.0,1470.0,1419.0
B_extended_bad__strict__11_harmony__post1,0.3102710836907047,0.26333229248582213,1947.0,2057.0,-110.0,,
S0_no_removal__softimpute__17_quantile__post1,0.2364310184024838,0.2631866491774021,2126.0,2058.0,68.0,1463.0,1420.0
B_extended_bad__knn__10_mnn__post0,0.2668259705000879,0.26281258125210805,2069.0,2059.0,10.0,,
C_rnaseq_only__knn__28_npn__post1,0.3200208835772611,0.26280288717993533,1905.0,2060.0,-155.0,,
F_microarray_only__knn__13_fsmvn__post1,0.2324671639490683,0.2617606585773979,2132.0,2061.0,71.0,1469.0,1421.0
J_ff_only__softimpute__09_ruv__post0,0.3286971029296509,0.2612976791872395,1863.0,2062.0,-199.0,1280.0,1422.0
J_ff_only__softimpute__03_limma__post1,0.3117532922130167,0.26123307835968096,1940.0,2063.0,-123.0,1334.0,1423.0
H_affymetrix_extended__knn__13_fsmvn__post1,0.2235707494355874,0.2608878983379281,2151.0,2064.0,87.0,1479.0,1424.0
G_affymetrix_only__softimpute__09_ruv__post0,0.3162801780911468,0.26035914578779046,1923.0,2065.0,-142.0,,
B_extended_bad__softimpute__09_ruv__post0,0.2379463143952656,0.26025926722720466,2124.0,2066.0,58.0,,
E1_iterative_r1__strict__11_harmony__post1,0.325185470651432,0.2597832143726729,1878.0,2067.0,-189.0,1291.0,1425.0
E1_iterative_r1__strict__11_harmony__post0,0.3260810181906943,0.25915966907063315,1871.0,2068.0,-197.0,1286.0,1426.0
G_affymetrix_only__knn__28_npn__post0,0.2109906308188787,0.25905486289954327,2165.0,2069.0,96.0,,
K_ffpe_only__softimpute__26_xpn__post1,0.2530115838610927,0.25888570477026746,2097.0,2070.0,27.0,,
J_ff_only__strict__03_limma__post0,0.3096037291264704,0.2587670418893772,1949.0,2071.0,-122.0,1340.0,1427.0
D_malignant_only__softimpute__07_pycombat__post0,0.2901427254983664,0.25862512816374655,2006.0,2072.0,-66.0,1386.0,1428.0
K_ffpe_only__softimpute__11_harmony__post1,0.2309441208866181,0.258146481068073,2136.0,2073.0,63.0,,
K_ffpe_only__knn__17_quantile__post0,0.3007603879200142,0.2574879226699453,1975.0,2074.0,-99.0,,
K_ffpe_only__knn__15_fsqn_py__post0,0.3008370515201369,0.2574879226699453,1973.0,2074.0,-101.0,,
J_ff_only__knn__03_limma__post1,0.3193378095788277,0.2567658237286006,1908.0,2076.0,-168.0,1310.0,1429.0
D_malignant_only__strict__21_harmonizr__post1,0.2819913620939138,0.2566542310799754,2034.0,2077.0,-43.0,1405.0,1430.0
K_ffpe_only__strict__27_dwd__post0,0.2670280282106803,0.256181536409806,2064.0,2078.0,-14.0,,
K_ffpe_only__strict__16_fsqn_r__post0,0.2670280282106803,0.256181536409806,2064.0,2078.0,-14.0,,
F_microarray_only__knn__09_ruv__post0,0.2673842176055194,0.2555971118394142,2063.0,2080.0,-17.0,1428.0,1431.0
D_malignant_only__softimpute__07_pycombat__post1,0.2772373171689791,0.25449177975954546,2047.0,2081.0,-34.0,1415.0,1432.0
H_affymetrix_extended__softimpute__26_xpn__post1,0.2274445270226852,0.25428289818107674,2142.0,2082.0,60.0,1474.0,1433.0
B_extended_bad__softimpute__12_scanorama__post0,0.2573597203650544,0.2542268123928227,2087.0,2083.0,4.0,,
E3_iterative_r3__softimpute__11_harmony__post0,0.2613700470936008,0.25418725484117694,2076.0,2084.0,-8.0,1435.0,1434.0
G_affymetrix_only__softimpute__14_qsmooth__post0,0.3402872440168068,0.2535823258872147,1807.0,2085.0,-278.0,,
E2_iterative_r2__knn__09_ruv__post0,0.2844467275483611,0.25325123406342814,2028.0,2086.0,-58.0,1403.0,1435.0
K_ffpe_only__knn__09_ruv__post0,0.269637385562057,0.2530123019462048,2060.0,2087.0,-27.0,,
K_ffpe_only__knn__20_shambhala__post0,0.308135915163181,0.2528652016746583,1952.0,2088.0,-136.0,,
J_ff_only__knn__09_ruv__post0,0.3177766453654757,0.2522603034874297,1917.0,2089.0,-172.0,1317.0,1436.0
K_ffpe_only__strict__18_rank__post0,0.2897552429391256,0.2522553785509574,2007.0,2090.0,-83.0,,
J_ff_only__knn__03_limma__post0,0.3103815415048263,0.25164476125518237,1945.0,2091.0,-146.0,1337.0,1437.0
G_affymetrix_only__knn__26_xpn__post0,0.192898194064549,0.2512083978558302,2188.0,2092.0,96.0,,
D_malignant_only__strict__07_pycombat__post0,0.285042624406699,0.2504957334057903,2023.0,2093.0,-70.0,1400.0,1438.0
S0_no_removal__knn__10_mnn__post1,0.234225685908675,0.24975574689760727,2129.0,2094.0,35.0,1466.0,1439.0
E2_iterative_r2__knn__10_mnn__post0,0.2586090250981933,0.24951465533066422,2082.0,2095.0,-13.0,1439.0,1440.0
B_extended_bad__softimpute__12_scanorama__post1,0.2521310421891092,0.24923622739504628,2101.0,2096.0,5.0,,
E3_iterative_r3__softimpute__10_mnn__post1,0.2090894590218669,0.24920391952778762,2169.0,2097.0,72.0,1493.0,1441.0
D_malignant_only__strict__11_harmony__post1,0.2348086163868552,0.24869753388583524,2127.0,2098.0,29.0,1464.0,1442.0
K_ffpe_only__strict__12_scanorama__post1,0.2388437677354274,0.24828712339424486,2120.0,2099.0,21.0,,
J_ff_only__softimpute__09_ruv__post1,0.3138599144829805,0.24747737348666551,1931.0,2100.0,-169.0,1327.0,1443.0
E2_iterative_r2__strict__11_harmony__post0,0.3287666538971997,0.24737301607650866,1862.0,2101.0,-239.0,1279.0,1444.0
E2_iterative_r2__knn__10_mnn__post1,0.2572542104779313,0.24644550116336914,2088.0,2102.0,-14.0,1444.0,1445.0
J_ff_only__softimpute__03_limma__post0,0.2996246727532649,0.24633505930123034,1979.0,2103.0,-124.0,1362.0,1446.0
J_ff_only__strict__09_ruv__post0,0.3009536417497646,0.24608777249440203,1971.0,2104.0,-133.0,1356.0,1447.0
E1_iterative_r1__knn__09_ruv__post0,0.2786976757472174,0.24343121806696666,2045.0,2105.0,-60.0,1413.0,1448.0
K_ffpe_only__knn__20_shambhala__post1,0.2922642823895667,0.24303519617161518,2002.0,2106.0,-104.0,,
G_affymetrix_only__strict__14_qsmooth__post0,0.3247691164633607,0.24301519748741343,1880.0,2107.0,-227.0,,
J_ff_only__knn__09_ruv__post1,0.3051768804835138,0.24262206068794914,1965.0,2108.0,-143.0,1351.0,1449.0
E3_iterative_r3__softimpute__11_harmony__post1,0.2577470320167804,0.24204335355099185,2085.0,2109.0,-24.0,1442.0,1450.0
D_malignant_only__softimpute__17_quantile__post0,0.2186975024281563,0.24185622677331609,2157.0,2110.0,47.0,1484.0,1451.0
K_ffpe_only__softimpute__19_tdm__post1,0.2272098223345725,0.24159236690142702,2144.0,2111.0,33.0,,
F_microarray_only__knn__21_harmonizr__post0,0.233499328387286,0.2410581945652557,2130.0,2112.0,18.0,1467.0,1452.0
K_ffpe_only__strict__09_ruv__post0,0.2444469357189697,0.24074418339616224,2112.0,2113.0,-1.0,,
C_rnaseq_only__softimpute__07_pycombat__post1,0.2633552389673462,0.23996240396869958,2073.0,2114.0,-41.0,,
E1_iterative_r1__softimpute__11_harmony__post0,0.2531077693378863,0.23901807766357389,2096.0,2115.0,-19.0,1448.0,1453.0
F_microarray_only__knn__07_pycombat__post1,0.2346929899305364,0.2389663762424343,2128.0,2116.0,12.0,1465.0,1454.0
H_affymetrix_extended__knn__07_pycombat__post1,0.2049160927483518,0.23824391921134944,2171.0,2117.0,54.0,1495.0,1455.0
K_ffpe_only__strict__19_tdm__post1,0.2373092618363503,0.23719490158018888,2125.0,2118.0,7.0,,
A_confirmed_bad__softimpute__11_harmony__post0,0.2469491002183066,0.2370802667286248,2111.0,2119.0,-8.0,,
H_affymetrix_extended__knn__03_limma__post1,0.2286354205741994,0.2369123084865915,2139.0,2120.0,19.0,1473.0,1456.0
H_affymetrix_extended__softimpute__09_ruv__post0,0.3016177179510224,0.23691024056867263,1969.0,2121.0,-152.0,1354.0,1457.0
E2_iterative_r2__strict__11_harmony__post1,0.3369365982111245,0.23562271525367975,1818.0,2122.0,-304.0,1252.0,1458.0
K_ffpe_only__knn__19_tdm__post0,0.2258054701688744,0.23412644050963982,2148.0,2123.0,25.0,,
D_malignant_only__strict__21_harmonizr__post0,0.2670063595167847,0.23335059274551495,2067.0,2124.0,-57.0,1429.0,1459.0
D_malignant_only__strict__11_harmony__post0,0.2332817635667658,0.23262749655935988,2131.0,2125.0,6.0,1468.0,1460.0
F_microarray_only__knn__07_pycombat__post0,0.2273075361588471,0.23143974883720067,2143.0,2126.0,17.0,1475.0,1461.0
F_microarray_only__knn__03_limma__post0,0.2506670551802495,0.2313685645433711,2106.0,2127.0,-21.0,1455.0,1462.0
E3_iterative_r3__softimpute__12_scanorama__post0,0.2308713604508313,0.23092217197263232,2137.0,2128.0,9.0,1472.0,1463.0
A_confirmed_bad__knn__12_scanorama__post0,0.3188254144192556,0.2306200801158342,1910.0,2129.0,-219.0,,
D_malignant_only__softimpute__21_harmonizr__post1,0.2431734145389897,0.23015495333983507,2115.0,2130.0,-15.0,1458.0,1464.0
E1_iterative_r1__softimpute__10_mnn__post1,0.1983511257058693,0.23005923191513342,2182.0,2131.0,51.0,1501.0,1465.0
K_ffpe_only__strict__31_ruv3prps__post1,0.2561202622468442,0.22992578979884262,2089.0,2132.0,-43.0,,
F_microarray_only__knn__20_shambhala__post0,0.2113944929908113,0.22982417526911206,2164.0,2133.0,31.0,1490.0,1466.0
D_malignant_only__knn__12_scanorama__post0,0.3158160330229112,0.22948722315097414,1926.0,2134.0,-208.0,1323.0,1467.0
J_ff_only__strict__09_ruv__post1,0.2816620166126712,0.22947563116168532,2035.0,2135.0,-100.0,1406.0,1468.0
F_microarray_only__softimpute__10_mnn__post1,0.2490429468403459,0.22878133754057406,2108.0,2136.0,-28.0,1457.0,1469.0
F_microarray_only__softimpute__11_harmony__post0,0.2226730680189553,0.22824458571653974,2152.0,2137.0,15.0,1480.0,1470.0
F_microarray_only__knn__28_npn__post1,0.1925190716659209,0.2278505886933425,2189.0,2138.0,51.0,1506.0,1471.0
C_rnaseq_only__softimpute__28_npn__post1,0.244291278345906,0.22739459341318394,2113.0,2139.0,-26.0,,
D_malignant_only__softimpute__17_quantile__post1,0.221772052699399,0.22708855148891757,2153.0,2140.0,13.0,1481.0,1472.0
C_rnaseq_only__softimpute__16_fsqn_r__post1,0.2324009656487703,0.22666444783377013,2133.0,2141.0,-8.0,,
C_rnaseq_only__softimpute__17_quantile__post0,0.3060240422627461,0.22607623256205764,1959.0,2142.0,-183.0,1346.0,1473.0
E3_iterative_r3__softimpute__12_scanorama__post1,0.2247166757000931,0.22506806483903427,2150.0,2143.0,7.0,1478.0,1474.0
G_affymetrix_only__knn__21_harmonizr__post0,0.1999012598454406,0.223555121871285,2179.0,2144.0,35.0,,
K_ffpe_only__knn__14_qsmooth__post0,0.2385070740916614,0.22263334868838613,2121.0,2145.0,-24.0,,
B_extended_bad__softimpute__11_harmony__post1,0.2032124657722439,0.2219475664950997,2176.0,2146.0,30.0,,
B_extended_bad__softimpute__09_ruv__post1,0.1621767956740444,0.2218378306388259,2214.0,2147.0,67.0,,
H_affymetrix_extended__knn__21_harmonizr__post0,0.2000733264914338,0.221601344307876,2178.0,2148.0,30.0,1499.0,1475.0
G_affymetrix_only__softimpute__28_npn__post1,0.2043827391730527,0.22118144026576136,2173.0,2149.0,24.0,,
F_microarray_only__knn__28_npn__post0,0.1942054829640981,0.2205784137163709,2185.0,2150.0,35.0,1504.0,1476.0
K_ffpe_only__strict__15_fsqn_py__post0,0.2551104163690876,0.21998236858758047,2090.0,2151.0,-61.0,,
K_ffpe_only__strict__17_quantile__post0,0.2551104163690876,0.21998236858758047,2090.0,2151.0,-61.0,,
H_affymetrix_extended__knn__26_xpn__post0,0.1829122336025134,0.21784594447918657,2202.0,2153.0,49.0,1514.0,1477.0
H_affymetrix_extended__knn__07_pycombat__post0,0.2099879771030897,0.21779942460936327,2167.0,2154.0,13.0,1491.0,1478.0
K_ffpe_only__softimpute__20_shambhala__post1,0.2488583980905733,0.2156392327535892,2109.0,2155.0,-46.0,,
E2_iterative_r2__softimpute__11_harmony__post0,0.1556376443645664,0.21424018606674966,2218.0,2156.0,62.0,1521.0,1479.0
C_rnaseq_only__softimpute__15_fsqn_py__post0,0.285057011112674,0.2131470348471479,2022.0,2157.0,-135.0,1399.0,1480.0
H_affymetrix_extended__knn__26_xpn__post1,0.1837740516885238,0.2129762229060489,2201.0,2158.0,43.0,1513.0,1481.0
K_ffpe_only__strict__14_qsmooth__post1,0.2535487591964381,0.21209713169652836,2095.0,2159.0,-64.0,,
F_microarray_only__knn__26_xpn__post1,0.1920488552699744,0.21060786660410233,2190.0,2160.0,30.0,1507.0,1482.0
S0_no_removal__knn__10_mnn__post0,0.2401739307639622,0.21034591952555223,2119.0,2161.0,-42.0,1460.0,1483.0
J_ff_only__strict__12_scanorama__post0,0.336884561521723,0.2098129448789996,1820.0,2162.0,-342.0,1253.0,1484.0
G_affymetrix_only__knn__13_fsmvn__post0,0.1853846502358321,0.20904864023392733,2198.0,2163.0,35.0,,
E2_iterative_r2__softimpute__11_harmony__post1,0.1531122268228654,0.2088744731205938,2220.0,2164.0,56.0,1522.0,1485.0
F_microarray_only__softimpute__10_mnn__post0,0.2205210301928259,0.2084608811612593,2155.0,2165.0,-10.0,1483.0,1486.0
J_ff_only__strict__12_scanorama__post1,0.3442578951367407,0.2078851950962426,1781.0,2166.0,-385.0,1225.0,1487.0
A_confirmed_bad__knn__09_ruv__post0,0.2485806206362406,0.20726614991308426,2110.0,2167.0,-57.0,,
K_ffpe_only__strict__19_tdm__post0,0.1986798069975716,0.20491465537942377,2181.0,2168.0,13.0,,
B_extended_bad__softimpute__11_harmony__post0,0.2265504092605595,0.20467670143532427,2146.0,2169.0,-23.0,,
F_microarray_only__knn__26_xpn__post0,0.1916734725970147,0.20442894983874013,2191.0,2170.0,21.0,1508.0,1488.0
G_affymetrix_only__knn__11_harmony__post0,0.1560253557379414,0.2040548437239691,2217.0,2171.0,46.0,,
A_confirmed_bad__knn__09_ruv__post1,0.2516853753567459,0.2031836835390626,2103.0,2172.0,-69.0,,
G_affymetrix_only__strict__11_harmony__post0,0.1862904972234759,0.20235092063726035,2196.0,2173.0,23.0,,
K_ffpe_only__strict__31_ruv3prps__post0,0.2418483394245546,0.20197111379406943,2116.0,2174.0,-58.0,,
E1_iterative_r1__knn__10_mnn__post0,0.2046742981261995,0.1992449840254392,2172.0,2175.0,-3.0,1496.0,1489.0
K_ffpe_only__knn__12_scanorama__post0,0.2301206135465107,0.1992448206636119,2138.0,2176.0,-38.0,,
D_malignant_only__strict__12_scanorama__post0,0.2978336160640012,0.1961755193784643,1984.0,2177.0,-193.0,1367.0,1490.0
J_ff_only__strict__02_median_scaling__post1,0.1991653688474665,0.19617143725378236,2180.0,2178.0,2.0,1500.0,1491.0
S0_no_removal__softimpute__10_mnn__post1,0.231487308213831,0.1945437613251647,2135.0,2179.0,-44.0,1471.0,1492.0
G_affymetrix_only__knn__28_npn__post1,0.1768135499777238,0.19399759466549596,2207.0,2180.0,27.0,,
S0_no_removal__knn__20_shambhala__post1,0.1933751119068934,0.19337511190689347,2187.0,2181.0,6.0,,
G_affymetrix_only__softimpute__11_harmony__post0,0.1569469104186334,0.1923848569849624,2215.0,2182.0,33.0,,
J_ff_only__knn__02_median_scaling__post1,0.1940117842154143,0.19185710103417916,2186.0,2183.0,3.0,1505.0,1493.0
J_ff_only__knn__12_scanorama__post1,0.3469687355753543,0.19150243892642912,1769.0,2184.0,-415.0,1216.0,1494.0
J_ff_only__softimpute__02_median_scaling__post1,0.1914518438936272,0.1898358315077008,2192.0,2185.0,7.0,1509.0,1495.0
E2_iterative_r2__softimpute__09_ruv__post0,0.2033263624680896,0.18955613107104605,2175.0,2186.0,-11.0,1497.0,1496.0
K_ffpe_only__knn__11_harmony__post0,0.2844071746224828,0.18855741852465394,2029.0,2187.0,-158.0,,
F_microarray_only__knn__09_ruv__post1,0.2529907600382993,0.1879742936720248,2098.0,2188.0,-90.0,1449.0,1497.0
A_confirmed_bad__softimpute__09_ruv__post0,0.1467303535187649,0.18716674621382587,2223.0,2189.0,34.0,,
J_ff_only__knn__12_scanorama__post0,0.3423564236022802,0.18712416894262338,1793.0,2190.0,-397.0,1234.0,1498.0
A_confirmed_bad__softimpute__09_ruv__post1,0.1800689250099013,0.18678984739557644,2204.0,2191.0,13.0,,
E3_iterative_r3__softimpute__09_ruv__post0,0.1912205554194403,0.18554518309114795,2194.0,2192.0,2.0,1511.0,1499.0
E1_iterative_r1__softimpute__09_ruv__post0,0.2054847544392118,0.18547703108789806,2170.0,2193.0,-23.0,1494.0,1500.0
E1_iterative_r1__softimpute__09_ruv__post1,0.1943782637302596,0.18499296366831083,2184.0,2194.0,-10.0,1503.0,1501.0
K_ffpe_only__knn__12_scanorama__post1,0.2192335592805488,0.18327630522857033,2156.0,2195.0,-39.0,,
J_ff_only__knn__02_median_scaling__post0,0.2180147247708439,0.18322675369825522,2159.0,2196.0,-37.0,1486.0,1502.0
E2_iterative_r2__softimpute__09_ruv__post1,0.1914129117734287,0.18293542134625074,2193.0,2197.0,-4.0,1510.0,1503.0
E3_iterative_r3__softimpute__09_ruv__post1,0.1969340734874326,0.18285639805138396,2183.0,2198.0,-15.0,1502.0,1504.0
G_affymetrix_only__softimpute__26_xpn__post1,0.1843578103327915,0.18246116728524284,2200.0,2199.0,1.0,,
F_microarray_only__knn__03_limma__post1,0.1794955144229952,0.17979859828411615,2205.0,2200.0,5.0,1515.0,1505.0
J_ff_only__knn__11_harmony__post1,0.2792212015487543,0.17910962905987002,2042.0,2201.0,-159.0,1410.0,1506.0
K_ffpe_only__strict__11_harmony__post1,0.2279991496470712,0.1789511309736996,2140.0,2202.0,-62.0,,
D_malignant_only__knn__11_harmony__post0,0.2027001152874444,0.17874165878766887,2177.0,2203.0,-26.0,1498.0,1507.0
J_ff_only__softimpute__11_harmony__post1,0.2752810951102085,0.17739884380823198,2048.0,2204.0,-156.0,1416.0,1508.0
J_ff_only__softimpute__02_median_scaling__post0,0.2148860387259792,0.176479291669992,2162.0,2205.0,-43.0,1488.0,1509.0
J_ff_only__strict__02_median_scaling__post0,0.2099722426697237,0.1727593947155123,2168.0,2206.0,-38.0,1492.0,1510.0
D_malignant_only__softimpute__11_harmony__post0,0.1664247552323554,0.17213154144068024,2213.0,2207.0,6.0,1519.0,1511.0
J_ff_only__knn__11_harmony__post0,0.2699236181819709,0.17168407261824936,2059.0,2208.0,-149.0,1426.0,1512.0
K_ffpe_only__strict__14_qsmooth__post0,0.1713151630539613,0.17014292751316953,2210.0,2209.0,1.0,,
K_ffpe_only__softimpute__12_scanorama__post0,0.2043358942546866,0.16946377518214253,2174.0,2210.0,-36.0,,
J_ff_only__strict__11_harmony__post1,0.295434554577287,0.1694596085027312,1993.0,2211.0,-218.0,1376.0,1513.0
J_ff_only__softimpute__11_harmony__post0,0.2653077185034724,0.1681779240415712,2072.0,2212.0,-140.0,1433.0,1514.0
D_malignant_only__strict__12_scanorama__post1,0.26658566034978,0.16715750282911856,2070.0,2213.0,-143.0,1431.0,1515.0
G_affymetrix_only__softimpute__10_mnn__post0,0.1445457192758313,0.16422073015567681,2225.0,2214.0,11.0,,
J_ff_only__strict__11_harmony__post0,0.2862617521839252,0.16036549530394215,2016.0,2215.0,-199.0,1394.0,1516.0
E3_iterative_r3__knn__12_scanorama__post0,0.1693293051772519,0.1569936409683523,2211.0,2216.0,-5.0,1517.0,1517.0
D_malignant_only__knn__11_harmony__post1,0.173657657964579,0.15659720887037681,2208.0,2217.0,-9.0,1516.0,1518.0
J_ff_only__softimpute__12_scanorama__post0,0.2537502039697663,0.15576399504075367,2094.0,2218.0,-124.0,1447.0,1519.0
J_ff_only__softimpute__12_scanorama__post1,0.2853211524801972,0.15467219871003032,2019.0,2219.0,-200.0,1396.0,1520.0
A_confirmed_bad__knn__10_mnn__post0,0.1808141181346066,0.15439937087317604,2203.0,2220.0,-17.0,,
G_affymetrix_only__knn__26_xpn__post1,0.1552110302853425,0.15415161005579261,2219.0,2221.0,-2.0,,
K_ffpe_only__strict__11_harmony__post0,0.1853424289335858,0.14559624896439408,2199.0,2222.0,-23.0,,
D_malignant_only__softimpute__11_harmony__post1,0.1376207000766427,0.14129059657082624,2226.0,2223.0,3.0,1524.0,1521.0
A_confirmed_bad__knn__10_mnn__post1,0.1716449034466692,0.14041981568349818,2209.0,2224.0,-15.0,,
E1_iterative_r1__knn__10_mnn__post1,0.1562796357372569,0.1394774327693971,2216.0,2225.0,-9.0,1520.0,1522.0
S0_no_removal__softimpute__10_mnn__post0,0.1671857718479799,0.1393809518120905,2212.0,2226.0,-14.0,1518.0,1523.0
E3_iterative_r3__knn__12_scanorama__post1,0.1449729710962695,0.133317151316223,2224.0,2227.0,-3.0,1523.0,1524.0
H_affymetrix_extended__knn__20_shambhala__post0,0.1307743223390226,0.13221177342434987,2229.0,2228.0,1.0,1526.0,1525.0
F_microarray_only__knn__11_harmony__post0,0.1336927345108309,0.13085587231730855,2227.0,2229.0,-2.0,1525.0,1526.0
F_microarray_only__knn__11_harmony__post1,0.1304452936998112,0.12812918094053002,2230.0,2230.0,0.0,1527.0,1527.0
K_ffpe_only__softimpute__11_harmony__post0,0.1240017966722482,0.12404605076116813,2231.0,2231.0,0.0,,
K_ffpe_only__softimpute__12_scanorama__post1,0.1318361475374412,0.10807619929378265,2228.0,2232.0,-4.0,,
G_affymetrix_only__softimpute__20_shambhala__post1,0.0979634132382927,0.0994546284068229,2233.0,2233.0,0.0,,
G_affymetrix_only__knn__20_shambhala__post1,0.1017216189408355,0.09648061645972268,2232.0,2234.0,-2.0,,
