,Number of genes with expression
GSM4644254-PUB_DLBCL_CARTFARAMAND,15885
GSM4644255-PUB_DLBCL_CARTFARAMAND,15885
GSM4644256-PUB_DLBCL_CARTFARAMAND,15885
GSM4644257-PUB_DLBCL_CARTFARAMAND,15885
GSM4644258-PUB_DLBCL_CARTFARAMAND,15885
GSM4644259-PUB_DLBCL_CARTFARAMAND,15885
GSM4644260-PUB_DLBCL_CARTFARAMAND,15885
GSM4644261-PUB_DLBCL_CARTFARAMAND,15885
GSM4644262-PUB_DLBCL_CARTFARAMAND,15885
GSM4644263-PUB_DLBCL_CARTFARAMAND,15885
GSM4644264-PUB_DLBCL_CARTFARAMAND,15885
GSM4644265-PUB_DLBCL_CARTFARAMAND,15885
GSM4644266-PUB_DLBCL_CARTFARAMAND,15885
GSM4644267-PUB_DLBCL_CARTFARAMAND,15885
GSM4644268-PUB_DLBCL_CARTFARAMAND,15885
GSM4644269-PUB_DLBCL_CARTFARAMAND,15885
GSM4644270-PUB_DLBCL_CARTFARAMAND,15885
GSM4644271-PUB_DLBCL_CARTFARAMAND,15885
GSM4644272-PUB_DLBCL_CARTFARAMAND,15885
GSM4644273-PUB_DLBCL_CARTFARAMAND,15885
GSM4644274-PUB_DLBCL_CARTFARAMAND,15885
GSM4644275-PUB_DLBCL_CARTFARAMAND,15885
GSM4644276-PUB_DLBCL_CARTFARAMAND,15885
GSM4644277-PUB_DLBCL_CARTFARAMAND,15885
GSM4644278-PUB_DLBCL_CARTFARAMAND,15885
GSM4451376-PUB_DLBCL_JIANGGSE147986,15885
GSM4451377-PUB_DLBCL_JIANGGSE147986,15885
GSM4451378-PUB_DLBCL_JIANGGSE147986,15885
GSM4451379-PUB_DLBCL_JIANGGSE147986,15885
GSM4451380-PUB_DLBCL_JIANGGSE147986,15885
GSM4451381-PUB_DLBCL_JIANGGSE147986,15885
GSM4451382-PUB_DLBCL_JIANGGSE147986,15885
GSM4451383-PUB_DLBCL_JIANGGSE147986,15885
GSM4451384-PUB_DLBCL_JIANGGSE147986,15885
GSM4451386-PUB_DLBCL_JIANGGSE147986,15885
GSM4451388-PUB_DLBCL_JIANGGSE147986,15885
GSM4451390-PUB_DLBCL_JIANGGSE147986,15885
GSM4451393-PUB_DLBCL_JIANGGSE147986,15885
GSM4451394-PUB_DLBCL_JIANGGSE147986,15885
GSM4451395-PUB_DLBCL_JIANGGSE147986,15885
GSM4451397-PUB_DLBCL_JIANGGSE147986,15885
GSM4451398-PUB_DLBCL_JIANGGSE147986,15885
GSM4451399-PUB_DLBCL_JIANGGSE147986,15885
GSM4451400-PUB_DLBCL_JIANGGSE147986,15885
GSM4451401-PUB_DLBCL_JIANGGSE147986,15885
GSM4451402-PUB_DLBCL_JIANGGSE147986,15885
GSM4451403-PUB_DLBCL_JIANGGSE147986,15885
GSM4451404-PUB_DLBCL_JIANGGSE147986,15885
GSM4451408-PUB_DLBCL_JIANGGSE147986,15885
GSM4451409-PUB_DLBCL_JIANGGSE147986,15885
GSM4451410-PUB_DLBCL_JIANGGSE147986,15885
GSM4451411-PUB_DLBCL_JIANGGSE147986,15885
GSM4451412-PUB_DLBCL_JIANGGSE147986,15885
GSM4451413-PUB_DLBCL_JIANGGSE147986,15885
GSM4451414-PUB_DLBCL_JIANGGSE147986,15885
GSM4451415-PUB_DLBCL_JIANGGSE147986,15885
GSM4451416-PUB_DLBCL_JIANGGSE147986,15885
GSM4451417-PUB_DLBCL_JIANGGSE147986,15885
GSM4451418-PUB_DLBCL_JIANGGSE147986,15885
GSM4451419-PUB_DLBCL_JIANGGSE147986,15885
GSM4451420-PUB_DLBCL_JIANGGSE147986,15885
GSM4451421-PUB_DLBCL_JIANGGSE147986,15885
GSM4451422-PUB_DLBCL_JIANGGSE147986,15885
GSM4451423-PUB_DLBCL_JIANGGSE147986,15885
GSM4451424-PUB_DLBCL_JIANGGSE147986,15885
GSM4451425-PUB_DLBCL_JIANGGSE147986,15885
GSM4451426-PUB_DLBCL_JIANGGSE147986,15885
GSM4451427-PUB_DLBCL_JIANGGSE147986,15885
GSM4451428-PUB_DLBCL_JIANGGSE147986,15885
GSM4451429-PUB_DLBCL_JIANGGSE147986,15885
GSM4451430-PUB_DLBCL_JIANGGSE147986,15885
GSM4451431-PUB_DLBCL_JIANGGSE147986,15885
GSM4451432-PUB_DLBCL_JIANGGSE147986,15885
GSM4451433-PUB_DLBCL_JIANGGSE147986,15885
GSM4451434-PUB_DLBCL_JIANGGSE147986,15885
GSM4451435-PUB_DLBCL_JIANGGSE147986,15885
GSM4451436-PUB_DLBCL_JIANGGSE147986,15885
GSM4451437-PUB_DLBCL_JIANGGSE147986,15885
GSM4451439-PUB_DLBCL_JIANGGSE147986,15885
GSM4451440-PUB_DLBCL_JIANGGSE147986,15885
GSM4451441-PUB_DLBCL_JIANGGSE147986,15885
GSM4451442-PUB_DLBCL_JIANGGSE147986,15885
GSM4451443-PUB_DLBCL_JIANGGSE147986,15885
GSM4451444-PUB_DLBCL_JIANGGSE147986,15885
GSM4451445-PUB_DLBCL_JIANGGSE147986,15885
GSM4451447-PUB_DLBCL_JIANGGSE147986,15885
GSM4451448-PUB_DLBCL_JIANGGSE147986,15885
GSM4451449-PUB_DLBCL_JIANGGSE147986,15885
GSM4451450-PUB_DLBCL_JIANGGSE147986,15885
GSM4451451-PUB_DLBCL_JIANGGSE147986,15885
GSM4451452-PUB_DLBCL_JIANGGSE147986,15885
GSM4451453-PUB_DLBCL_JIANGGSE147986,15885
GSM4451454-PUB_DLBCL_JIANGGSE147986,15885
GSM4451455-PUB_DLBCL_JIANGGSE147986,15885
GSM4451456-PUB_DLBCL_JIANGGSE147986,15885
GSM4451457-PUB_DLBCL_JIANGGSE147986,15885
GSM4451458-PUB_DLBCL_JIANGGSE147986,15885
GSM4451459-PUB_DLBCL_JIANGGSE147986,15885
GSM4451461-PUB_DLBCL_JIANGGSE147986,15885
GSM4451462-PUB_DLBCL_JIANGGSE147986,15885
GSM4451463-PUB_DLBCL_JIANGGSE147986,15885
GSM4451464-PUB_DLBCL_JIANGGSE147986,15885
GSM4451465-PUB_DLBCL_JIANGGSE147986,15885
GSM4451466-PUB_DLBCL_JIANGGSE147986,15885
GSM4451467-PUB_DLBCL_JIANGGSE147986,15885
GSM4451468-PUB_DLBCL_JIANGGSE147986,15885
GSM4451469-PUB_DLBCL_JIANGGSE147986,15885
GSM4451470-PUB_DLBCL_JIANGGSE147986,15885
GSM4451471-PUB_DLBCL_JIANGGSE147986,15885
GSM4451472-PUB_DLBCL_JIANGGSE147986,15885
GSM4451473-PUB_DLBCL_JIANGGSE147986,15885
GSM4451474-PUB_DLBCL_JIANGGSE147986,15885
GSM4451475-PUB_DLBCL_JIANGGSE147986,15885
GSM4451476-PUB_DLBCL_JIANGGSE147986,15885
GSM4451477-PUB_DLBCL_JIANGGSE147986,15885
GSM4451478-PUB_DLBCL_JIANGGSE147986,15885
GSM4451479-PUB_DLBCL_JIANGGSE147986,15885
GSM4451480-PUB_DLBCL_JIANGGSE147986,15885
GSM4451481-PUB_DLBCL_JIANGGSE147986,15885
GSM4451482-PUB_DLBCL_JIANGGSE147986,15885
GSM4451483-PUB_DLBCL_JIANGGSE147986,15885
GSM4451484-PUB_DLBCL_JIANGGSE147986,15885
GSM4451485-PUB_DLBCL_JIANGGSE147986,15885
GSM4451486-PUB_DLBCL_JIANGGSE147986,15885
GSM3586436-PUB_DLBCL_GOYA,15885
GSM3586437-PUB_DLBCL_GOYA,15885
GSM3586438-PUB_DLBCL_GOYA,15885
GSM3586439-PUB_DLBCL_GOYA,15885
GSM3586440-PUB_DLBCL_GOYA,15885
GSM3586441-PUB_DLBCL_GOYA,15885
GSM3586442-PUB_DLBCL_GOYA,15885
GSM3586443-PUB_DLBCL_GOYA,15885
GSM3586444-PUB_DLBCL_GOYA,15885
GSM3586445-PUB_DLBCL_GOYA,15885
GSM3586446-PUB_DLBCL_GOYA,15885
GSM3586447-PUB_DLBCL_GOYA,15885
GSM3586448-PUB_DLBCL_GOYA,15885
GSM3586449-PUB_DLBCL_GOYA,15885
GSM3586450-PUB_DLBCL_GOYA,15885
GSM3586451-PUB_DLBCL_GOYA,15885
GSM3586452-PUB_DLBCL_GOYA,15885
GSM3586453-PUB_DLBCL_GOYA,15885
GSM3586454-PUB_DLBCL_GOYA,15885
GSM3586455-PUB_DLBCL_GOYA,15885
GSM3586456-PUB_DLBCL_GOYA,15885
GSM3586457-PUB_DLBCL_GOYA,15885
GSM3586458-PUB_DLBCL_GOYA,15885
GSM3586459-PUB_DLBCL_GOYA,15885
GSM3586460-PUB_DLBCL_GOYA,15885
GSM3586461-PUB_DLBCL_GOYA,15885
GSM3586462-PUB_DLBCL_GOYA,15885
GSM3586463-PUB_DLBCL_GOYA,15885
GSM3586464-PUB_DLBCL_GOYA,15885
GSM3586465-PUB_DLBCL_GOYA,15885
GSM3586466-PUB_DLBCL_GOYA,15885
GSM3586467-PUB_DLBCL_GOYA,15885
GSM3586468-PUB_DLBCL_GOYA,15885
GSM3586469-PUB_DLBCL_GOYA,15885
GSM3586470-PUB_DLBCL_GOYA,15885
GSM3586471-PUB_DLBCL_GOYA,15885
GSM3586472-PUB_DLBCL_GOYA,15885
GSM3586473-PUB_DLBCL_GOYA,15885
GSM3586474-PUB_DLBCL_GOYA,15885
GSM3586475-PUB_DLBCL_GOYA,15885
GSM3586476-PUB_DLBCL_GOYA,15885
GSM3586477-PUB_DLBCL_GOYA,15885
GSM3586478-PUB_DLBCL_GOYA,15885
GSM3586479-PUB_DLBCL_GOYA,15885
GSM3586480-PUB_DLBCL_GOYA,15885
GSM3586481-PUB_DLBCL_GOYA,15885
GSM3586482-PUB_DLBCL_GOYA,15885
GSM3586483-PUB_DLBCL_GOYA,15885
GSM3586484-PUB_DLBCL_GOYA,15885
GSM3586485-PUB_DLBCL_GOYA,15885
GSM3586486-PUB_DLBCL_GOYA,15885
GSM3586487-PUB_DLBCL_GOYA,15885
GSM3586488-PUB_DLBCL_GOYA,15885
GSM3586489-PUB_DLBCL_GOYA,15885
GSM3586490-PUB_DLBCL_GOYA,15885
GSM3586491-PUB_DLBCL_GOYA,15885
GSM3586492-PUB_DLBCL_GOYA,15885
GSM3586493-PUB_DLBCL_GOYA,15885
GSM3586494-PUB_DLBCL_GOYA,15885
GSM3586495-PUB_DLBCL_GOYA,15885
GSM3586496-PUB_DLBCL_GOYA,15885
GSM3586497-PUB_DLBCL_GOYA,15885
GSM3586498-PUB_DLBCL_GOYA,15885
GSM3586499-PUB_DLBCL_GOYA,15885
GSM3586500-PUB_DLBCL_GOYA,15885
GSM3586501-PUB_DLBCL_GOYA,15885
GSM3586502-PUB_DLBCL_GOYA,15885
GSM3586503-PUB_DLBCL_GOYA,15885
GSM3586504-PUB_DLBCL_GOYA,15885
GSM3586505-PUB_DLBCL_GOYA,15885
GSM3586506-PUB_DLBCL_GOYA,15885
GSM3586507-PUB_DLBCL_GOYA,15885
GSM3586508-PUB_DLBCL_GOYA,15885
GSM3586509-PUB_DLBCL_GOYA,15885
GSM3586510-PUB_DLBCL_GOYA,15885
GSM3586511-PUB_DLBCL_GOYA,15885
GSM3586512-PUB_DLBCL_GOYA,15885
GSM3586513-PUB_DLBCL_GOYA,15885
GSM3586514-PUB_DLBCL_GOYA,15885
GSM3586515-PUB_DLBCL_GOYA,15885
GSM3586516-PUB_DLBCL_GOYA,15885
GSM3586517-PUB_DLBCL_GOYA,15885
GSM3586518-PUB_DLBCL_GOYA,15885
GSM3586519-PUB_DLBCL_GOYA,15885
GSM3586520-PUB_DLBCL_GOYA,15885
GSM3586521-PUB_DLBCL_GOYA,15885
GSM3586522-PUB_DLBCL_GOYA,15885
GSM3586523-PUB_DLBCL_GOYA,15885
GSM3586524-PUB_DLBCL_GOYA,15885
GSM3586525-PUB_DLBCL_GOYA,15885
GSM3586526-PUB_DLBCL_GOYA,15885
GSM3586527-PUB_DLBCL_GOYA,15885
GSM3586528-PUB_DLBCL_GOYA,15885
GSM3586529-PUB_DLBCL_GOYA,15885
GSM3586530-PUB_DLBCL_GOYA,15885
GSM3586531-PUB_DLBCL_GOYA,15885
GSM3586532-PUB_DLBCL_GOYA,15885
GSM3586533-PUB_DLBCL_GOYA,15885
GSM3586534-PUB_DLBCL_GOYA,15885
GSM3586535-PUB_DLBCL_GOYA,15885
GSM3586536-PUB_DLBCL_GOYA,15885
GSM3586537-PUB_DLBCL_GOYA,15885
GSM3586538-PUB_DLBCL_GOYA,15885
GSM3586539-PUB_DLBCL_GOYA,15885
GSM3586540-PUB_DLBCL_GOYA,15885
GSM3586541-PUB_DLBCL_GOYA,15885
GSM3586542-PUB_DLBCL_GOYA,15885
GSM3586543-PUB_DLBCL_GOYA,15885
GSM3586544-PUB_DLBCL_GOYA,15885
GSM3586545-PUB_DLBCL_GOYA,15885
GSM3586546-PUB_DLBCL_GOYA,15885
GSM3586547-PUB_DLBCL_GOYA,15885
GSM3586548-PUB_DLBCL_GOYA,15885
GSM3586549-PUB_DLBCL_GOYA,15885
GSM3586550-PUB_DLBCL_GOYA,15885
GSM3586551-PUB_DLBCL_GOYA,15885
GSM3586552-PUB_DLBCL_GOYA,15885
GSM3586553-PUB_DLBCL_GOYA,15885
GSM3586554-PUB_DLBCL_GOYA,15885
GSM3586555-PUB_DLBCL_GOYA,15885
GSM3586556-PUB_DLBCL_GOYA,15885
GSM3586557-PUB_DLBCL_GOYA,15885
GSM3586558-PUB_DLBCL_GOYA,15885
GSM3586559-PUB_DLBCL_GOYA,15885
GSM3586560-PUB_DLBCL_GOYA,15885
GSM3586561-PUB_DLBCL_GOYA,15885
GSM3586562-PUB_DLBCL_GOYA,15885
GSM3586563-PUB_DLBCL_GOYA,15885
GSM3586564-PUB_DLBCL_GOYA,15885
GSM3586565-PUB_DLBCL_GOYA,15885
GSM3586566-PUB_DLBCL_GOYA,15885
GSM3586567-PUB_DLBCL_GOYA,15885
GSM3586568-PUB_DLBCL_GOYA,15885
GSM3586569-PUB_DLBCL_GOYA,15885
GSM3586570-PUB_DLBCL_GOYA,15885
GSM3586571-PUB_DLBCL_GOYA,15885
GSM3586572-PUB_DLBCL_GOYA,15885
GSM3586573-PUB_DLBCL_GOYA,15885
GSM3586574-PUB_DLBCL_GOYA,15885
GSM3586575-PUB_DLBCL_GOYA,15885
GSM3586576-PUB_DLBCL_GOYA,15885
GSM3586577-PUB_DLBCL_GOYA,15885
GSM3586578-PUB_DLBCL_GOYA,15885
GSM3586579-PUB_DLBCL_GOYA,15885
GSM3586580-PUB_DLBCL_GOYA,15885
GSM3586581-PUB_DLBCL_GOYA,15885
GSM3586582-PUB_DLBCL_GOYA,15885
GSM3586583-PUB_DLBCL_GOYA,15885
GSM3586584-PUB_DLBCL_GOYA,15885
GSM3586585-PUB_DLBCL_GOYA,15885
GSM3586586-PUB_DLBCL_GOYA,15885
GSM3586587-PUB_DLBCL_GOYA,15885
GSM3586588-PUB_DLBCL_GOYA,15885
GSM3586589-PUB_DLBCL_GOYA,15885
GSM3586590-PUB_DLBCL_GOYA,15885
GSM3586591-PUB_DLBCL_GOYA,15885
GSM3586592-PUB_DLBCL_GOYA,15885
GSM3586593-PUB_DLBCL_GOYA,15885
GSM3586594-PUB_DLBCL_GOYA,15885
GSM3586595-PUB_DLBCL_GOYA,15885
GSM3586596-PUB_DLBCL_GOYA,15885
GSM3586597-PUB_DLBCL_GOYA,15885
GSM3586598-PUB_DLBCL_GOYA,15885
GSM3586599-PUB_DLBCL_GOYA,15885
GSM3586600-PUB_DLBCL_GOYA,15885
GSM3586601-PUB_DLBCL_GOYA,15885
GSM3586602-PUB_DLBCL_GOYA,15885
GSM3586603-PUB_DLBCL_GOYA,15885
GSM3586604-PUB_DLBCL_GOYA,15885
GSM3586605-PUB_DLBCL_GOYA,15885
GSM3586606-PUB_DLBCL_GOYA,15885
GSM3586607-PUB_DLBCL_GOYA,15885
GSM3586608-PUB_DLBCL_GOYA,15885
GSM3586609-PUB_DLBCL_GOYA,15885
GSM3586610-PUB_DLBCL_GOYA,15885
GSM3586611-PUB_DLBCL_GOYA,15885
GSM3586612-PUB_DLBCL_GOYA,15885
GSM3586613-PUB_DLBCL_GOYA,15885
GSM3586614-PUB_DLBCL_GOYA,15885
GSM3586615-PUB_DLBCL_GOYA,15885
GSM3586616-PUB_DLBCL_GOYA,15885
GSM3586617-PUB_DLBCL_GOYA,15885
GSM3586618-PUB_DLBCL_GOYA,15885
GSM3586619-PUB_DLBCL_GOYA,15885
GSM3586620-PUB_DLBCL_GOYA,15885
GSM3586621-PUB_DLBCL_GOYA,15885
GSM3586622-PUB_DLBCL_GOYA,15885
GSM3586623-PUB_DLBCL_GOYA,15885
GSM3586624-PUB_DLBCL_GOYA,15885
GSM3586625-PUB_DLBCL_GOYA,15885
GSM3586626-PUB_DLBCL_GOYA,15885
GSM3586627-PUB_DLBCL_GOYA,15885
GSM3586628-PUB_DLBCL_GOYA,15885
GSM3586629-PUB_DLBCL_GOYA,15885
GSM3586630-PUB_DLBCL_GOYA,15885
GSM3586631-PUB_DLBCL_GOYA,15885
GSM3586632-PUB_DLBCL_GOYA,15885
GSM3586633-PUB_DLBCL_GOYA,15885
GSM3586634-PUB_DLBCL_GOYA,15885
GSM3586635-PUB_DLBCL_GOYA,15885
GSM3586636-PUB_DLBCL_GOYA,15885
GSM3586637-PUB_DLBCL_GOYA,15885
GSM3586638-PUB_DLBCL_GOYA,15885
GSM3586639-PUB_DLBCL_GOYA,15885
GSM3586640-PUB_DLBCL_GOYA,15885
GSM3586641-PUB_DLBCL_GOYA,15885
GSM3586642-PUB_DLBCL_GOYA,15885
GSM3586643-PUB_DLBCL_GOYA,15885
GSM3586644-PUB_DLBCL_GOYA,15885
GSM3586645-PUB_DLBCL_GOYA,15885
GSM3586646-PUB_DLBCL_GOYA,15885
GSM3586647-PUB_DLBCL_GOYA,15885
GSM3586648-PUB_DLBCL_GOYA,15885
GSM3586649-PUB_DLBCL_GOYA,15885
GSM3586650-PUB_DLBCL_GOYA,15885
GSM3586651-PUB_DLBCL_GOYA,15885
GSM3586652-PUB_DLBCL_GOYA,15885
GSM3586653-PUB_DLBCL_GOYA,15885
GSM3586654-PUB_DLBCL_GOYA,15885
GSM3586655-PUB_DLBCL_GOYA,15885
GSM3586656-PUB_DLBCL_GOYA,15885
GSM3586657-PUB_DLBCL_GOYA,15885
GSM3586658-PUB_DLBCL_GOYA,15885
GSM3586659-PUB_DLBCL_GOYA,15885
GSM3586660-PUB_DLBCL_GOYA,15885
GSM3586661-PUB_DLBCL_GOYA,15885
GSM3586662-PUB_DLBCL_GOYA,15885
GSM3586663-PUB_DLBCL_GOYA,15885
GSM3586664-PUB_DLBCL_GOYA,15885
GSM3586665-PUB_DLBCL_GOYA,15885
GSM3586666-PUB_DLBCL_GOYA,15885
GSM3586667-PUB_DLBCL_GOYA,15885
GSM3586668-PUB_DLBCL_GOYA,15885
GSM3586669-PUB_DLBCL_GOYA,15885
GSM3586670-PUB_DLBCL_GOYA,15885
GSM3586671-PUB_DLBCL_GOYA,15885
GSM3586672-PUB_DLBCL_GOYA,15885
GSM3586673-PUB_DLBCL_GOYA,15885
GSM3586674-PUB_DLBCL_GOYA,15885
GSM3586675-PUB_DLBCL_GOYA,15885
GSM3586676-PUB_DLBCL_GOYA,15885
GSM3586677-PUB_DLBCL_GOYA,15885
GSM3586678-PUB_DLBCL_GOYA,15885
GSM3586679-PUB_DLBCL_GOYA,15885
GSM3586680-PUB_DLBCL_GOYA,15885
GSM3586681-PUB_DLBCL_GOYA,15885
GSM3586682-PUB_DLBCL_GOYA,15885
GSM3586683-PUB_DLBCL_GOYA,15885
GSM3586684-PUB_DLBCL_GOYA,15885
GSM3586685-PUB_DLBCL_GOYA,15885
GSM3586686-PUB_DLBCL_GOYA,15885
GSM3586687-PUB_DLBCL_GOYA,15885
GSM3586688-PUB_DLBCL_GOYA,15885
GSM3586689-PUB_DLBCL_GOYA,15885
GSM3586690-PUB_DLBCL_GOYA,15885
GSM3586691-PUB_DLBCL_GOYA,15885
GSM3586692-PUB_DLBCL_GOYA,15885
GSM3586693-PUB_DLBCL_GOYA,15885
GSM3586694-PUB_DLBCL_GOYA,15885
GSM3586695-PUB_DLBCL_GOYA,15885
GSM3586696-PUB_DLBCL_GOYA,15885
GSM3586697-PUB_DLBCL_GOYA,15885
GSM3586698-PUB_DLBCL_GOYA,15885
GSM3586699-PUB_DLBCL_GOYA,15885
GSM3586700-PUB_DLBCL_GOYA,15885
GSM3586701-PUB_DLBCL_GOYA,15885
GSM3586702-PUB_DLBCL_GOYA,15885
GSM3586703-PUB_DLBCL_GOYA,15885
GSM3586704-PUB_DLBCL_GOYA,15885
GSM3586705-PUB_DLBCL_GOYA,15885
GSM3586706-PUB_DLBCL_GOYA,15885
GSM3586707-PUB_DLBCL_GOYA,15885
GSM3586708-PUB_DLBCL_GOYA,15885
GSM3586709-PUB_DLBCL_GOYA,15885
GSM3586710-PUB_DLBCL_GOYA,15885
GSM3586711-PUB_DLBCL_GOYA,15885
GSM3586712-PUB_DLBCL_GOYA,15885
GSM3586713-PUB_DLBCL_GOYA,15885
GSM3586714-PUB_DLBCL_GOYA,15885
GSM3586715-PUB_DLBCL_GOYA,15885
GSM3586716-PUB_DLBCL_GOYA,15885
GSM3586717-PUB_DLBCL_GOYA,15885
GSM3586718-PUB_DLBCL_GOYA,15885
GSM3586719-PUB_DLBCL_GOYA,15885
GSM3586720-PUB_DLBCL_GOYA,15885
GSM3586721-PUB_DLBCL_GOYA,15885
GSM3586722-PUB_DLBCL_GOYA,15885
GSM3586723-PUB_DLBCL_GOYA,15885
GSM3586724-PUB_DLBCL_GOYA,15885
GSM3586725-PUB_DLBCL_GOYA,15885
GSM3586726-PUB_DLBCL_GOYA,15885
GSM3586727-PUB_DLBCL_GOYA,15885
GSM3586728-PUB_DLBCL_GOYA,15885
GSM3586729-PUB_DLBCL_GOYA,15885
GSM3586730-PUB_DLBCL_GOYA,15885
GSM3586731-PUB_DLBCL_GOYA,15885
GSM3586732-PUB_DLBCL_GOYA,15885
GSM3586733-PUB_DLBCL_GOYA,15885
GSM3586734-PUB_DLBCL_GOYA,15885
GSM3586735-PUB_DLBCL_GOYA,15885
GSM3586736-PUB_DLBCL_GOYA,15885
GSM3586737-PUB_DLBCL_GOYA,15885
GSM3586738-PUB_DLBCL_GOYA,15885
GSM3586739-PUB_DLBCL_GOYA,15885
GSM3586740-PUB_DLBCL_GOYA,15885
GSM3586741-PUB_DLBCL_GOYA,15885
GSM3586742-PUB_DLBCL_GOYA,15885
GSM3586743-PUB_DLBCL_GOYA,15885
GSM3586744-PUB_DLBCL_GOYA,15885
GSM3586745-PUB_DLBCL_GOYA,15885
GSM3586746-PUB_DLBCL_GOYA,15885
GSM3586747-PUB_DLBCL_GOYA,15885
GSM3586748-PUB_DLBCL_GOYA,15885
GSM3586749-PUB_DLBCL_GOYA,15885
GSM3586750-PUB_DLBCL_GOYA,15885
GSM3586751-PUB_DLBCL_GOYA,15885
GSM3586752-PUB_DLBCL_GOYA,15885
GSM3586753-PUB_DLBCL_GOYA,15885
GSM3586754-PUB_DLBCL_GOYA,15885
GSM3586755-PUB_DLBCL_GOYA,15885
GSM3586756-PUB_DLBCL_GOYA,15885
GSM3586757-PUB_DLBCL_GOYA,15885
GSM3586758-PUB_DLBCL_GOYA,15885
GSM3586759-PUB_DLBCL_GOYA,15885
GSM3586760-PUB_DLBCL_GOYA,15885
GSM3586761-PUB_DLBCL_GOYA,15885
GSM3586762-PUB_DLBCL_GOYA,15885
GSM3586763-PUB_DLBCL_GOYA,15885
GSM3586764-PUB_DLBCL_GOYA,15885
GSM3586765-PUB_DLBCL_GOYA,15885
GSM3586766-PUB_DLBCL_GOYA,15885
GSM3586767-PUB_DLBCL_GOYA,15885
GSM3586768-PUB_DLBCL_GOYA,15885
GSM3586769-PUB_DLBCL_GOYA,15885
GSM3586770-PUB_DLBCL_GOYA,15885
GSM3586771-PUB_DLBCL_GOYA,15885
GSM3586772-PUB_DLBCL_GOYA,15885
GSM3586773-PUB_DLBCL_GOYA,15885
GSM3586774-PUB_DLBCL_GOYA,15885
GSM3586775-PUB_DLBCL_GOYA,15885
GSM3586776-PUB_DLBCL_GOYA,15885
GSM3586777-PUB_DLBCL_GOYA,15885
GSM3586778-PUB_DLBCL_GOYA,15885
GSM3586779-PUB_DLBCL_GOYA,15885
GSM3586780-PUB_DLBCL_GOYA,15885
GSM3586781-PUB_DLBCL_GOYA,15885
GSM3586782-PUB_DLBCL_GOYA,15885
GSM3586783-PUB_DLBCL_GOYA,15885
GSM3586784-PUB_DLBCL_GOYA,15885
GSM3586785-PUB_DLBCL_GOYA,15885
GSM3586786-PUB_DLBCL_GOYA,15885
GSM3586787-PUB_DLBCL_GOYA,15885
GSM3586788-PUB_DLBCL_GOYA,15885
GSM3586789-PUB_DLBCL_GOYA,15885
GSM3586790-PUB_DLBCL_GOYA,15885
GSM3586791-PUB_DLBCL_GOYA,15885
GSM3586792-PUB_DLBCL_GOYA,15885
GSM3586793-PUB_DLBCL_GOYA,15885
GSM3586794-PUB_DLBCL_GOYA,15885
GSM3586795-PUB_DLBCL_GOYA,15885
GSM3586796-PUB_DLBCL_GOYA,15885
GSM3586797-PUB_DLBCL_GOYA,15885
GSM3586798-PUB_DLBCL_GOYA,15885
GSM3586799-PUB_DLBCL_GOYA,15885
GSM3586800-PUB_DLBCL_GOYA,15885
GSM3586801-PUB_DLBCL_GOYA,15885
GSM3586802-PUB_DLBCL_GOYA,15885
GSM3586803-PUB_DLBCL_GOYA,15885
GSM3586804-PUB_DLBCL_GOYA,15885
GSM3586805-PUB_DLBCL_GOYA,15885
GSM3586806-PUB_DLBCL_GOYA,15885
GSM3586807-PUB_DLBCL_GOYA,15885
GSM3586808-PUB_DLBCL_GOYA,15885
GSM3586809-PUB_DLBCL_GOYA,15885
GSM3586810-PUB_DLBCL_GOYA,15885
GSM3586811-PUB_DLBCL_GOYA,15885
GSM3586812-PUB_DLBCL_GOYA,15885
GSM3586813-PUB_DLBCL_GOYA,15885
GSM3586814-PUB_DLBCL_GOYA,15885
GSM3586815-PUB_DLBCL_GOYA,15885
GSM3586816-PUB_DLBCL_GOYA,15885
GSM3586817-PUB_DLBCL_GOYA,15885
GSM3586818-PUB_DLBCL_GOYA,15885
GSM3586819-PUB_DLBCL_GOYA,15885
GSM3586820-PUB_DLBCL_GOYA,15885
GSM3586821-PUB_DLBCL_GOYA,15885
GSM3586822-PUB_DLBCL_GOYA,15885
GSM3586823-PUB_DLBCL_GOYA,15885
GSM3586824-PUB_DLBCL_GOYA,15885
GSM3586825-PUB_DLBCL_GOYA,15885
GSM3586826-PUB_DLBCL_GOYA,15885
GSM3586827-PUB_DLBCL_GOYA,15885
GSM3586828-PUB_DLBCL_GOYA,15885
GSM3586829-PUB_DLBCL_GOYA,15885
GSM3586830-PUB_DLBCL_GOYA,15885
GSM3586831-PUB_DLBCL_GOYA,15885
GSM3586832-PUB_DLBCL_GOYA,15885
GSM3586833-PUB_DLBCL_GOYA,15885
GSM3586834-PUB_DLBCL_GOYA,15885
GSM3586835-PUB_DLBCL_GOYA,15885
GSM3586836-PUB_DLBCL_GOYA,15885
GSM3586837-PUB_DLBCL_GOYA,15885
GSM3586838-PUB_DLBCL_GOYA,15885
GSM3586839-PUB_DLBCL_GOYA,15885
GSM3586840-PUB_DLBCL_GOYA,15885
GSM3586841-PUB_DLBCL_GOYA,15885
GSM3586842-PUB_DLBCL_GOYA,15885
GSM3586843-PUB_DLBCL_GOYA,15885
GSM3586844-PUB_DLBCL_GOYA,15885
GSM3586845-PUB_DLBCL_GOYA,15885
GSM3586846-PUB_DLBCL_GOYA,15885
GSM3586847-PUB_DLBCL_GOYA,15885
GSM3586848-PUB_DLBCL_GOYA,15885
GSM3586849-PUB_DLBCL_GOYA,15885
GSM3586850-PUB_DLBCL_GOYA,15885
GSM3586851-PUB_DLBCL_GOYA,15885
GSM3586852-PUB_DLBCL_GOYA,15885
GSM3586853-PUB_DLBCL_GOYA,15885
GSM3586854-PUB_DLBCL_GOYA,15885
GSM3586855-PUB_DLBCL_GOYA,15885
GSM3586856-PUB_DLBCL_GOYA,15885
GSM3586857-PUB_DLBCL_GOYA,15885
GSM3586858-PUB_DLBCL_GOYA,15885
GSM3586859-PUB_DLBCL_GOYA,15885
GSM3586860-PUB_DLBCL_GOYA,15885
GSM3586861-PUB_DLBCL_GOYA,15885
GSM3586862-PUB_DLBCL_GOYA,15885
GSM3586863-PUB_DLBCL_GOYA,15885
GSM3586864-PUB_DLBCL_GOYA,15885
GSM3586865-PUB_DLBCL_GOYA,15885
GSM3586866-PUB_DLBCL_GOYA,15885
GSM3586867-PUB_DLBCL_GOYA,15885
GSM3586868-PUB_DLBCL_GOYA,15885
GSM3586869-PUB_DLBCL_GOYA,15885
GSM3586870-PUB_DLBCL_GOYA,15885
GSM3586871-PUB_DLBCL_GOYA,15885
GSM3586872-PUB_DLBCL_GOYA,15885
GSM3586873-PUB_DLBCL_GOYA,15885
GSM3586874-PUB_DLBCL_GOYA,15885
GSM3586875-PUB_DLBCL_GOYA,15885
GSM3586876-PUB_DLBCL_GOYA,15885
GSM3586877-PUB_DLBCL_GOYA,15885
GSM3586878-PUB_DLBCL_GOYA,15885
GSM3586879-PUB_DLBCL_GOYA,15885
GSM3586880-PUB_DLBCL_GOYA,15885
GSM3586881-PUB_DLBCL_GOYA,15885
GSM3586882-PUB_DLBCL_GOYA,15885
GSM3586883-PUB_DLBCL_GOYA,15885
GSM3586884-PUB_DLBCL_GOYA,15885
GSM3586885-PUB_DLBCL_GOYA,15885
GSM3586886-PUB_DLBCL_GOYA,15885
GSM3586887-PUB_DLBCL_GOYA,15885
GSM3586888-PUB_DLBCL_GOYA,15885
GSM3586889-PUB_DLBCL_GOYA,15885
GSM3586890-PUB_DLBCL_GOYA,15885
GSM3586891-PUB_DLBCL_GOYA,15885
GSM3586892-PUB_DLBCL_GOYA,15885
GSM3586893-PUB_DLBCL_GOYA,15885
GSM3586894-PUB_DLBCL_GOYA,15885
GSM3586895-PUB_DLBCL_GOYA,15885
GSM3586896-PUB_DLBCL_GOYA,15885
GSM3586897-PUB_DLBCL_GOYA,15885
GSM3586898-PUB_DLBCL_GOYA,15885
GSM3586899-PUB_DLBCL_GOYA,15885
GSM3586900-PUB_DLBCL_GOYA,15885
GSM3586901-PUB_DLBCL_GOYA,15885
GSM3586902-PUB_DLBCL_GOYA,15885
GSM3586903-PUB_DLBCL_GOYA,15885
GSM3586904-PUB_DLBCL_GOYA,15885
GSM3586905-PUB_DLBCL_GOYA,15885
GSM3586906-PUB_DLBCL_GOYA,15885
GSM3586907-PUB_DLBCL_GOYA,15885
GSM3586908-PUB_DLBCL_GOYA,15885
GSM3586909-PUB_DLBCL_GOYA,15885
GSM3586910-PUB_DLBCL_GOYA,15885
GSM3586911-PUB_DLBCL_GOYA,15885
GSM3586912-PUB_DLBCL_GOYA,15885
GSM3586913-PUB_DLBCL_GOYA,15885
GSM3586914-PUB_DLBCL_GOYA,15885
GSM3586915-PUB_DLBCL_GOYA,15885
GSM3586916-PUB_DLBCL_GOYA,15885
GSM3586917-PUB_DLBCL_GOYA,15885
GSM3586918-PUB_DLBCL_GOYA,15885
GSM3586919-PUB_DLBCL_GOYA,15885
GSM3586920-PUB_DLBCL_GOYA,15885
GSM3586921-PUB_DLBCL_GOYA,15885
GSM3586922-PUB_DLBCL_GOYA,15885
GSM3586923-PUB_DLBCL_GOYA,15885
GSM3586924-PUB_DLBCL_GOYA,15885
GSM3586925-PUB_DLBCL_GOYA,15885
GSM3586926-PUB_DLBCL_GOYA,15885
GSM3586927-PUB_DLBCL_GOYA,15885
GSM3586928-PUB_DLBCL_GOYA,15885
GSM3586929-PUB_DLBCL_GOYA,15885
GSM3586930-PUB_DLBCL_GOYA,15885
GSM3586931-PUB_DLBCL_GOYA,15885
GSM3586932-PUB_DLBCL_GOYA,15885
GSM3586933-PUB_DLBCL_GOYA,15885
GSM3586934-PUB_DLBCL_GOYA,15885
GSM3586935-PUB_DLBCL_GOYA,15885
GSM3586936-PUB_DLBCL_GOYA,15885
GSM3586937-PUB_DLBCL_GOYA,15885
GSM3586938-PUB_DLBCL_GOYA,15885
GSM3586939-PUB_DLBCL_GOYA,15885
GSM3586940-PUB_DLBCL_GOYA,15885
GSM3586941-PUB_DLBCL_GOYA,15885
GSM3586942-PUB_DLBCL_GOYA,15885
GSM3586943-PUB_DLBCL_GOYA,15885
GSM3586944-PUB_DLBCL_GOYA,15885
GSM3586945-PUB_DLBCL_GOYA,15885
GSM3586946-PUB_DLBCL_GOYA,15885
GSM3586947-PUB_DLBCL_GOYA,15885
GSM3586948-PUB_DLBCL_GOYA,15885
GSM3586949-PUB_DLBCL_GOYA,15885
GSM3586950-PUB_DLBCL_GOYA,15885
GSM3586951-PUB_DLBCL_GOYA,15885
GSM3586952-PUB_DLBCL_GOYA,15885
GSM3586953-PUB_DLBCL_GOYA,15885
GSM3586954-PUB_DLBCL_GOYA,15885
GSM3586955-PUB_DLBCL_GOYA,15885
GSM3586956-PUB_DLBCL_GOYA,15885
GSM3586957-PUB_DLBCL_GOYA,15885
GSM3586958-PUB_DLBCL_GOYA,15885
GSM3586959-PUB_DLBCL_GOYA,15885
GSM3586960-PUB_DLBCL_GOYA,15885
GSM3586961-PUB_DLBCL_GOYA,15885
GSM3586962-PUB_DLBCL_GOYA,15885
GSM3586963-PUB_DLBCL_GOYA,15885
GSM3586964-PUB_DLBCL_GOYA,15885
GSM3586965-PUB_DLBCL_GOYA,15885
GSM3586966-PUB_DLBCL_GOYA,15885
GSM3586967-PUB_DLBCL_GOYA,15885
GSM3586968-PUB_DLBCL_GOYA,15885
GSM3586969-PUB_DLBCL_GOYA,15885
GSM3586970-PUB_DLBCL_GOYA,15885
GSM3586971-PUB_DLBCL_GOYA,15885
GSM3586972-PUB_DLBCL_GOYA,15885
GSM3586973-PUB_DLBCL_GOYA,15885
GSM3586974-PUB_DLBCL_GOYA,15885
GSM3586975-PUB_DLBCL_GOYA,15885
GSM3586976-PUB_DLBCL_GOYA,15885
GSM3586977-PUB_DLBCL_GOYA,15885
GSM3586978-PUB_DLBCL_GOYA,15885
GSM3586979-PUB_DLBCL_GOYA,15885
GSM3586980-PUB_DLBCL_GOYA,15885
GSM3586981-PUB_DLBCL_GOYA,15885
GSM3586982-PUB_DLBCL_GOYA,15885
GSM3586983-PUB_DLBCL_GOYA,15885
GSM3586984-PUB_DLBCL_GOYA,15885
GSM3586985-PUB_DLBCL_GOYA,15885
GSM3586986-PUB_DLBCL_GOYA,15885
GSM3586987-PUB_DLBCL_GOYA,15885
GSM3586988-PUB_DLBCL_GOYA,15885
F1-PUB_DLBCL_PARKSRP100394,15885
F2-PUB_DLBCL_PARKSRP100394,15885
F5-PUB_DLBCL_PARKSRP100394,15885
F6-PUB_DLBCL_PARKSRP100394,15885
S1-PUB_DLBCL_PARKSRP100394,15885
S2-PUB_DLBCL_PARKSRP100394,15885
S3-PUB_DLBCL_PARKSRP100394,15885
S4-PUB_DLBCL_PARKSRP100394,15885
S5-PUB_DLBCL_PARKSRP100394,15885
S6-PUB_DLBCL_PARKSRP100394,15885
S7-PUB_DLBCL_PARKSRP100394,15885
SRR14094436-PUB_DLBCL_SHISRP312586,15885
SRR14094437-PUB_DLBCL_SHISRP312586,15885
SRR14094438-PUB_DLBCL_SHISRP312586,15885
SRR14094439-PUB_DLBCL_SHISRP312586,15885
SRR14094440-PUB_DLBCL_SHISRP312586,15885
SRR14094441-PUB_DLBCL_SHISRP312586,15885
SRR14094442-PUB_DLBCL_SHISRP312586,15885
SRR14094443-PUB_DLBCL_SHISRP312586,15885
SRR14094444-PUB_DLBCL_SHISRP312586,15885
SRR14094445-PUB_DLBCL_SHISRP312586,15885
SRR14094446-PUB_DLBCL_SHISRP312586,15885
SRR14094447-PUB_DLBCL_SHISRP312586,15885
SRR14094448-PUB_DLBCL_SHISRP312586,15885
SRR14094449-PUB_DLBCL_SHISRP312586,15885
SRR14094450-PUB_DLBCL_SHISRP312586,15885
SRR14094451-PUB_DLBCL_SHISRP312586,15885
SRR14094452-PUB_DLBCL_SHISRP312586,15885
SRR14094453-PUB_DLBCL_SHISRP312586,15885
SRR14094454-PUB_DLBCL_SHISRP312586,15885
SRR14094455-PUB_DLBCL_SHISRP312586,15885
SRR14094456-PUB_DLBCL_SHISRP312586,15885
SRR14094457-PUB_DLBCL_SHISRP312586,15885
SRR14094458-PUB_DLBCL_SHISRP312586,15885
SRR14094459-PUB_DLBCL_SHISRP312586,15885
SRR14094460-PUB_DLBCL_SHISRP312586,15885
SRR14094461-PUB_DLBCL_SHISRP312586,15885
SRR14094462-PUB_DLBCL_SHISRP312586,15885
SRR14094464-PUB_DLBCL_SHISRP312586,15885
SRR14094465-PUB_DLBCL_SHISRP312586,15885
SRR14094466-PUB_DLBCL_SHISRP312586,15885
FL_1073-PUB_FL_DAVE,15227
FL_1074-PUB_FL_DAVE,15227
FL_1075-PUB_FL_DAVE,15227
FL_1076-PUB_FL_DAVE,15227
FL_1077-PUB_FL_DAVE,15227
FL_1078-PUB_FL_DAVE,15227
FL_1080-PUB_FL_DAVE,15227
FL_1081-PUB_FL_DAVE,15227
FL_1083-PUB_FL_DAVE,15227
FL_1085-PUB_FL_DAVE,15227
FL_1086-PUB_FL_DAVE,15227
FL_1087-PUB_FL_DAVE,15227
FL_1088-PUB_FL_DAVE,15227
FL_1089-PUB_FL_DAVE,15227
FL_1090-PUB_FL_DAVE,15227
FL_1097-PUB_FL_DAVE,15227
FL_1098-PUB_FL_DAVE,15227
FL_1099-PUB_FL_DAVE,15227
FL_1102-PUB_FL_DAVE,15227
FL_1104-PUB_FL_DAVE,15227
FL_1106-PUB_FL_DAVE,15227
FL_1107-PUB_FL_DAVE,15227
FL_1183-PUB_FL_DAVE,15227
FL_1184-PUB_FL_DAVE,15227
FL_1185-PUB_FL_DAVE,15227
FL_1186-PUB_FL_DAVE,15227
FL_1416-PUB_FL_DAVE,15227
FL_1417-PUB_FL_DAVE,15227
FL_1418-PUB_FL_DAVE,15227
FL_1419-PUB_FL_DAVE,15227
FL_1422-PUB_FL_DAVE,15227
FL_1425-PUB_FL_DAVE,15227
FL_1426-PUB_FL_DAVE,15227
FL_1427-PUB_FL_DAVE,15227
FL_1428-PUB_FL_DAVE,15227
FL_1429-PUB_FL_DAVE,15227
FL_1432-PUB_FL_DAVE,15227
FL_1436-PUB_FL_DAVE,15227
FL_1440-PUB_FL_DAVE,15227
FL_1445-PUB_FL_DAVE,15227
FL_1450-PUB_FL_DAVE,15227
FL_1472-PUB_FL_DAVE,15227
FL_1473-PUB_FL_DAVE,15227
FL_1474-PUB_FL_DAVE,15227
FL_1476-PUB_FL_DAVE,15227
FL_1477-PUB_FL_DAVE,15227
FL_1478-PUB_FL_DAVE,15227
FL_1479-PUB_FL_DAVE,15227
FL_1480-PUB_FL_DAVE,15227
FL_1579-PUB_FL_DAVE,15227
FL_1580-PUB_FL_DAVE,15227
FL_1581-PUB_FL_DAVE,15227
FL_1582-PUB_FL_DAVE,15227
FL_1583-PUB_FL_DAVE,15227
FL_1584-PUB_FL_DAVE,15227
FL_1585-PUB_FL_DAVE,15227
FL_1586-PUB_FL_DAVE,15227
FL_1588-PUB_FL_DAVE,15227
FL_1589-PUB_FL_DAVE,15227
FL_1591-PUB_FL_DAVE,15227
FL_1594-PUB_FL_DAVE,15227
FL_1595-PUB_FL_DAVE,15227
FL_1598-PUB_FL_DAVE,15227
FL_1599-PUB_FL_DAVE,15227
FL_1603-PUB_FL_DAVE,15227
FL_1604-PUB_FL_DAVE,15227
FL_1606-PUB_FL_DAVE,15227
FL_1607-PUB_FL_DAVE,15227
FL_1608-PUB_FL_DAVE,15227
FL_1610-PUB_FL_DAVE,15227
FL_1611-PUB_FL_DAVE,15227
FL_1616-PUB_FL_DAVE,15227
FL_1617-PUB_FL_DAVE,15227
FL_1619-PUB_FL_DAVE,15227
FL_1620-PUB_FL_DAVE,15227
FL_1622-PUB_FL_DAVE,15227
FL_1623-PUB_FL_DAVE,15227
FL_1624-PUB_FL_DAVE,15227
FL_1625-PUB_FL_DAVE,15227
FL_1626-PUB_FL_DAVE,15227
FL_1627-PUB_FL_DAVE,15227
FL_1628-PUB_FL_DAVE,15227
FL_1637-PUB_FL_DAVE,15227
FL_1638-PUB_FL_DAVE,15227
FL_1639-PUB_FL_DAVE,15227
FL_1643-PUB_FL_DAVE,15227
FL_1644-PUB_FL_DAVE,15227
FL_1645-PUB_FL_DAVE,15227
FL_1646-PUB_FL_DAVE,15227
FL_1647-PUB_FL_DAVE,15227
FL_1648-PUB_FL_DAVE,15227
FL_1652-PUB_FL_DAVE,15227
FL_1654-PUB_FL_DAVE,15227
FL_1655-PUB_FL_DAVE,15227
FL_1656-PUB_FL_DAVE,15227
FL_1657-PUB_FL_DAVE,15227
FL_1660-PUB_FL_DAVE,15227
FL_1661-PUB_FL_DAVE,15227
FL_1662-PUB_FL_DAVE,15227
FL_1664-PUB_FL_DAVE,15227
FL_1669-PUB_FL_DAVE,15227
FL_1670-PUB_FL_DAVE,15227
FL_1675-PUB_FL_DAVE,15227
FL_1681-PUB_FL_DAVE,15227
FL_1683-PUB_FL_DAVE,15227
FL_1684-PUB_FL_DAVE,15227
FL_1716-PUB_FL_DAVE,15227
FL_1717-PUB_FL_DAVE,15227
FL_1718-PUB_FL_DAVE,15227
FL_1719-PUB_FL_DAVE,15227
FL_1720-PUB_FL_DAVE,15227
FL_1729-PUB_FL_DAVE,15227
FL_1732-PUB_FL_DAVE,15227
FL_1735-PUB_FL_DAVE,15227
FL_1761-PUB_FL_DAVE,15227
FL_1764-PUB_FL_DAVE,15227
FL_1768-PUB_FL_DAVE,15227
FL_1771-PUB_FL_DAVE,15227
FL_1772-PUB_FL_DAVE,15227
FL_1788-PUB_FL_DAVE,15227
FL_1790-PUB_FL_DAVE,15227
FL_1792-PUB_FL_DAVE,15227
FL_1795-PUB_FL_DAVE,15227
FL_1797-PUB_FL_DAVE,15227
FL_1799-PUB_FL_DAVE,15227
FL_1810-PUB_FL_DAVE,15227
FL_1811-PUB_FL_DAVE,15227
FL_1825-PUB_FL_DAVE,15227
FL_1827-PUB_FL_DAVE,15227
FL_1828-PUB_FL_DAVE,15227
FL_1829-PUB_FL_DAVE,15227
FL_1830-PUB_FL_DAVE,15227
FL_1833-PUB_FL_DAVE,15227
FL_1834-PUB_FL_DAVE,15227
FL_1835-PUB_FL_DAVE,15227
FL_1836-PUB_FL_DAVE,15227
FL_1837-PUB_FL_DAVE,15227
FL_1838-PUB_FL_DAVE,15227
FL_1839-PUB_FL_DAVE,15227
FL_1841-PUB_FL_DAVE,15227
FL_1842-PUB_FL_DAVE,15227
FL_1844-PUB_FL_DAVE,15227
FL_1845-PUB_FL_DAVE,15227
FL_1846-PUB_FL_DAVE,15227
FL_1848-PUB_FL_DAVE,15227
FL_1850-PUB_FL_DAVE,15227
FL_1851-PUB_FL_DAVE,15227
FL_1853-PUB_FL_DAVE,15227
FL_1854-PUB_FL_DAVE,15227
FL_1855-PUB_FL_DAVE,15227
FL_1857-PUB_FL_DAVE,15227
FL_1861-PUB_FL_DAVE,15227
FL_1862-PUB_FL_DAVE,15227
FL_1863-PUB_FL_DAVE,15227
FL_1864-PUB_FL_DAVE,15227
FL_1866-PUB_FL_DAVE,15227
FL_1870-PUB_FL_DAVE,15227
FL_1873-PUB_FL_DAVE,15227
FL_1874-PUB_FL_DAVE,15227
FL_1876-PUB_FL_DAVE,15227
FL_1879-PUB_FL_DAVE,15227
FL_1880-PUB_FL_DAVE,15227
FL_1882-PUB_FL_DAVE,15227
FL_1884-PUB_FL_DAVE,15227
FL_1885-PUB_FL_DAVE,15227
FL_1887-PUB_FL_DAVE,15227
FL_1888-PUB_FL_DAVE,15227
FL_1890-PUB_FL_DAVE,15227
FL_1894-PUB_FL_DAVE,15227
FL_1896-PUB_FL_DAVE,15227
FL_1897-PUB_FL_DAVE,15227
FL_1898-PUB_FL_DAVE,15227
FL_1900-PUB_FL_DAVE,15227
FL_1903-PUB_FL_DAVE,15227
FL_1904-PUB_FL_DAVE,15227
FL_1905-PUB_FL_DAVE,15227
FL_1906-PUB_FL_DAVE,15227
FL_1907-PUB_FL_DAVE,15227
FL_1910-PUB_FL_DAVE,15227
FL_1912-PUB_FL_DAVE,15227
FL_1913-PUB_FL_DAVE,15227
FL_1916-PUB_FL_DAVE,15227
FL_1918-PUB_FL_DAVE,15227
FL_1919-PUB_FL_DAVE,15227
FL_735-PUB_FL_DAVE,15227
FL_738-PUB_FL_DAVE,15227
FL_739-PUB_FL_DAVE,15227
FL_878-PUB_FL_DAVE,15227
FL_879-PUB_FL_DAVE,15227
FL_886-PUB_FL_DAVE,15227
FL_888-PUB_FL_DAVE,15227
SRX730599-PUB_FL_GSE62241,15885
SRX730600-PUB_FL_GSE62241,15885
SRX730601-PUB_FL_GSE62241,15885
SRX730602-PUB_FL_GSE62241,15885
SRX730603-PUB_FL_GSE62241,15885
SRX730604-PUB_FL_GSE62241,15885
SRX730605-PUB_FL_GSE62241,15885
SRX730606-PUB_FL_GSE62241,15885
SRX730607-PUB_FL_GSE62241,15885
SRX730608-PUB_FL_GSE62241,15885
SRX730609-PUB_FL_GSE62241,15885
SRX730610-PUB_FL_GSE62241,15885
SRX730611-PUB_FL_GSE62241,15885
SRX730612-PUB_FL_GSE62241,15885
prima600012-PUB_FL_HUET,15885
prima600015-PUB_FL_HUET,15885
prima600021-PUB_FL_HUET,15885
prima600022-PUB_FL_HUET,15885
prima600023-PUB_FL_HUET,15885
prima600025-PUB_FL_HUET,15885
prima600026-PUB_FL_HUET,15885
prima600029-PUB_FL_HUET,15885
prima600030-PUB_FL_HUET,15885
prima600031-PUB_FL_HUET,15885
prima600047-PUB_FL_HUET,15885
prima600097-PUB_FL_HUET,15885
prima600098-PUB_FL_HUET,15885
prima600104-PUB_FL_HUET,15885
prima600107-PUB_FL_HUET,15885
prima600118-PUB_FL_HUET,15885
prima600120-PUB_FL_HUET,15885
prima600126-PUB_FL_HUET,15885
prima600127-PUB_FL_HUET,15885
prima600131-PUB_FL_HUET,15885
prima600182-PUB_FL_HUET,15885
prima600189-PUB_FL_HUET,15885
prima600210-PUB_FL_HUET,15885
prima600222-PUB_FL_HUET,15885
prima600223-PUB_FL_HUET,15885
prima600242-PUB_FL_HUET,15885
prima600243-PUB_FL_HUET,15885
prima600244-PUB_FL_HUET,15885
prima600251-PUB_FL_HUET,15885
prima600301-PUB_FL_HUET,15885
prima600302-PUB_FL_HUET,15885
prima600303-PUB_FL_HUET,15885
prima600335-PUB_FL_HUET,15885
prima600341-PUB_FL_HUET,15885
prima600354-PUB_FL_HUET,15885
prima600370-PUB_FL_HUET,15885
prima600375-PUB_FL_HUET,15885
prima600383-PUB_FL_HUET,15885
prima600396-PUB_FL_HUET,15885
prima600398-PUB_FL_HUET,15885
prima600405-PUB_FL_HUET,15885
prima600414-PUB_FL_HUET,15885
prima600418-PUB_FL_HUET,15885
prima600444-PUB_FL_HUET,15885
prima600448-PUB_FL_HUET,15885
prima600450-PUB_FL_HUET,15885
prima600472-PUB_FL_HUET,15885
prima600476-PUB_FL_HUET,15885
prima600482-PUB_FL_HUET,15885
prima600484-PUB_FL_HUET,15885
prima600492-PUB_FL_HUET,15885
prima600496-PUB_FL_HUET,15885
prima600501-PUB_FL_HUET,15885
prima600510-PUB_FL_HUET,15885
prima600672-PUB_FL_HUET,15885
prima600686-PUB_FL_HUET,15885
prima600690-PUB_FL_HUET,15885
prima600696-PUB_FL_HUET,15885
prima600713-PUB_FL_HUET,15885
prima600718-PUB_FL_HUET,15885
prima600720-PUB_FL_HUET,15885
prima600721-PUB_FL_HUET,15885
prima600726-PUB_FL_HUET,15885
prima600736-PUB_FL_HUET,15885
prima600737-PUB_FL_HUET,15885
prima600746-PUB_FL_HUET,15885
prima600748-PUB_FL_HUET,15885
prima600765-PUB_FL_HUET,15885
prima600769-PUB_FL_HUET,15885
prima600787-PUB_FL_HUET,15885
prima600834-PUB_FL_HUET,15885
prima600837-PUB_FL_HUET,15885
prima600842-PUB_FL_HUET,15885
prima600847-PUB_FL_HUET,15885
prima600849-PUB_FL_HUET,15885
prima600865-PUB_FL_HUET,15885
prima600876-PUB_FL_HUET,15885
prima600896-PUB_FL_HUET,15885
prima601042-PUB_FL_HUET,15885
prima601046-PUB_FL_HUET,15885
prima601058-PUB_FL_HUET,15885
prima601084-PUB_FL_HUET,15885
prima601085-PUB_FL_HUET,15885
prima601089-PUB_FL_HUET,15885
prima601091-PUB_FL_HUET,15885
prima601096-PUB_FL_HUET,15885
prima601110-PUB_FL_HUET,15885
prima601114-PUB_FL_HUET,15885
prima601115-PUB_FL_HUET,15885
prima601129-PUB_FL_HUET,15885
prima601362-PUB_FL_HUET,15885
prima601367-PUB_FL_HUET,15885
prima601368-PUB_FL_HUET,15885
prima601369-PUB_FL_HUET,15885
prima700018-PUB_FL_HUET,15885
prima700020-PUB_FL_HUET,15885
prima700338-PUB_FL_HUET,15885
prima700343-PUB_FL_HUET,15885
prima700345-PUB_FL_HUET,15885
prima700362-PUB_FL_HUET,15885
prima700363-PUB_FL_HUET,15885
prima700366-PUB_FL_HUET,15885
prima700369-PUB_FL_HUET,15885
prima700376-PUB_FL_HUET,15885
prima700377-PUB_FL_HUET,15885
prima700384-PUB_FL_HUET,15885
prima700432-PUB_FL_HUET,15885
prima700439-PUB_FL_HUET,15885
prima700440-PUB_FL_HUET,15885
prima700442-PUB_FL_HUET,15885
prima700454-PUB_FL_HUET,15885
prima700543-PUB_FL_HUET,15885
prima700544-PUB_FL_HUET,15885
prima700547-PUB_FL_HUET,15885
prima700548-PUB_FL_HUET,15885
prima700549-PUB_FL_HUET,15885
prima700550-PUB_FL_HUET,15885
prima700555-PUB_FL_HUET,15885
prima700558-PUB_FL_HUET,15885
prima700565-PUB_FL_HUET,15885
prima700569-PUB_FL_HUET,15885
prima700570-PUB_FL_HUET,15885
prima700571-PUB_FL_HUET,15885
prima700572-PUB_FL_HUET,15885
prima700584-PUB_FL_HUET,15885
prima700603-PUB_FL_HUET,15885
prima700611-PUB_FL_HUET,15885
prima700613-PUB_FL_HUET,15885
prima700617-PUB_FL_HUET,15885
prima700619-PUB_FL_HUET,15885
prima700620-PUB_FL_HUET,15885
prima700621-PUB_FL_HUET,15885
prima700622-PUB_FL_HUET,15885
prima700629-PUB_FL_HUET,15885
prima700649-PUB_FL_HUET,15885
prima700650-PUB_FL_HUET,15885
prima700652-PUB_FL_HUET,15885
prima700656-PUB_FL_HUET,15885
prima700657-PUB_FL_HUET,15885
prima700663-PUB_FL_HUET,15885
prima700676-PUB_FL_HUET,15885
prima700678-PUB_FL_HUET,15885
prima700679-PUB_FL_HUET,15885
prima800112-PUB_FL_HUET,15885
prima800329-PUB_FL_HUET,15885
prima800331-PUB_FL_HUET,15885
prima800338-PUB_FL_HUET,15885
GSM4225604-PUB_FL_PARSA,15885
GSM4225605-PUB_FL_PARSA,15885
GSM4225606-PUB_FL_PARSA,15885
GSM4225607-PUB_FL_PARSA,15885
GSM4225608-PUB_FL_PARSA,15885
GSM4225609-PUB_FL_PARSA,15885
GSM4225610-PUB_FL_PARSA,15885
GSM4225611-PUB_FL_PARSA,15885
GSM4225612-PUB_FL_PARSA,15885
GSM4225613-PUB_FL_PARSA,15885
GSM4225614-PUB_FL_PARSA,15885
GSM4225615-PUB_FL_PARSA,15885
GSM1332984-PUB_FL_GUO,15885
GSM1332985-PUB_FL_GUO,15885
GSM1332986-PUB_FL_GUO,15885
GSM1332987-PUB_FL_GUO,15885
GSM1332988-PUB_FL_GUO,15885
GSM1332989-PUB_FL_GUO,15885
GSM1332990-PUB_FL_GUO,15885
GSM1332991-PUB_FL_GUO,15885
GSM1332992-PUB_FL_GUO,15885
GSM1332993-PUB_FL_GUO,15885
GSM1332994-PUB_FL_GUO,15885
GSM1332995-PUB_FL_GUO,15885
GSM1332996-PUB_FL_GUO,15885
GSM1332997-PUB_FL_GUO,15885
GSM1332998-PUB_FL_GUO,15885
GSM1332999-PUB_FL_GUO,15885
GSM1333000-PUB_FL_GUO,15885
GSM1333001-PUB_FL_GUO,15885
GSM1333002-PUB_FL_GUO,15885
GSM1333003-PUB_FL_GUO,15885
GSM1333004-PUB_FL_GUO,15885
GSM1333005-PUB_FL_GUO,15885
GSM1333006-PUB_FL_GUO,15885
GSM1333007-PUB_FL_GUO,15885
GSM1333008-PUB_FL_GUO,15885
GSM1333009-PUB_FL_GUO,15885
GSM1333010-PUB_FL_GUO,15885
GSM1333011-PUB_FL_GUO,15885
GSM1333012-PUB_FL_GUO,15885
GSM1333013-PUB_FL_GUO,15885
GSM1333014-PUB_FL_GUO,15885
GSM1333021-PUB_FL_GUO,15885
GSM1333022-PUB_FL_GUO,15885
GSM1333023-PUB_FL_GUO,15885
GSM1333024-PUB_FL_GUO,15885
GSM1333025-PUB_FL_GUO,15885
GSM1333026-PUB_FL_GUO,15885
GSM1333027-PUB_FL_GUO,15885
GSM1333028-PUB_FL_GUO,15885
GSM1333029-PUB_FL_GUO,15885
GSM1333030-PUB_FL_GUO,15885
GSM1333031-PUB_FL_GUO,15885
GSM1333032-PUB_FL_GUO,15885
GSM1333033-PUB_FL_GUO,15885
GSM1333034-PUB_FL_GUO,15885
GSM1333035-PUB_FL_GUO,15885
GSM1333036-PUB_FL_GUO,15885
GSM1333037-PUB_FL_GUO,15885
GSM1333038-PUB_FL_GUO,15885
GSM1333039-PUB_FL_GUO,15885
GSM1333040-PUB_FL_GUO,15885
GSM1333041-PUB_FL_GUO,15885
GSM1333042-PUB_FL_GUO,15885
GSM1333043-PUB_FL_GUO,15885
GSM1333044-PUB_FL_GUO,15885
GSM1333045-PUB_FL_GUO,15885
GSM1333046-PUB_FL_GUO,15885
GSM1333047-PUB_FL_GUO,15885
GSM1333048-PUB_FL_GUO,15885
GSM1333049-PUB_FL_GUO,15885
GSM1333050-PUB_FL_GUO,15885
GSM1333051-PUB_FL_GUO,15885
GSM1333052-PUB_FL_GUO,15885
GSM4453536-PUB_FL_GSE148070,15877
GSM4453537-PUB_FL_GSE148070,15877
GSM4453538-PUB_FL_GSE148070,15877
GSM4453539-PUB_FL_GSE148070,15877
GSM4453540-PUB_FL_GSE148070,15877
GSM4453541-PUB_FL_GSE148070,15877
GSM4453542-PUB_FL_GSE148070,15877
GSM4453543-PUB_FL_GSE148070,15877
GSM4453544-PUB_FL_GSE148070,15877
GSM4453545-PUB_FL_GSE148070,15877
GSM4453546-PUB_FL_GSE148070,15877
GSM4453547-PUB_FL_GSE148070,15877
GSM4453548-PUB_FL_GSE148070,15877
GSM4453549-PUB_FL_GSE148070,15877
GSM4453550-PUB_FL_GSE148070,15877
GSM4453551-PUB_FL_GSE148070,15877
GSM4453552-PUB_FL_GSE148070,15877
GSM4453553-PUB_FL_GSE148070,15877
GSM4453554-PUB_FL_GSE148070,15877
GSM4453555-PUB_FL_GSE148070,15877
GSM4453556-PUB_FL_GSE148070,15877
GSM4453557-PUB_FL_GSE148070,15877
GSM4453558-PUB_FL_GSE148070,15877
GSM4453559-PUB_FL_GSE148070,15877
GSM4453560-PUB_FL_GSE148070,15877
GSM4453561-PUB_FL_GSE148070,15877
GSM4453562-PUB_FL_GSE148070,15877
GSM4453563-PUB_FL_GSE148070,15877
GSM4453564-PUB_FL_GSE148070,15877
GSM4453565-PUB_FL_GSE148070,15877
GSM4453566-PUB_FL_GSE148070,15877
GSM4453567-PUB_FL_GSE148070,15877
GSM4453568-PUB_FL_GSE148070,15877
GSM4453569-PUB_FL_GSE148070,15877
GSM4453570-PUB_FL_GSE148070,15877
GSM4453571-PUB_FL_GSE148070,15877
GSM4453572-PUB_FL_GSE148070,15877
GSM4453573-PUB_FL_GSE148070,15877
GSM4453574-PUB_FL_GSE148070,15877
GSM4453575-PUB_FL_GSE148070,15877
GSM1301481-PUB_FL_BRODTKORB,15885
GSM1301482-PUB_FL_BRODTKORB,15885
GSM1301483-PUB_FL_BRODTKORB,15885
GSM1301484-PUB_FL_BRODTKORB,15885
GSM1301485-PUB_FL_BRODTKORB,15885
GSM1301486-PUB_FL_BRODTKORB,15885
GSM1301487-PUB_FL_BRODTKORB,15885
GSM1301488-PUB_FL_BRODTKORB,15885
GSM1301489-PUB_FL_BRODTKORB,15885
GSM1301490-PUB_FL_BRODTKORB,15885
GSM1301491-PUB_FL_BRODTKORB,15885
GSM1301492-PUB_FL_BRODTKORB,15885
GSM1301493-PUB_FL_BRODTKORB,15885
GSM1301494-PUB_FL_BRODTKORB,15885
GSM1301495-PUB_FL_BRODTKORB,15885
GSM1301496-PUB_FL_BRODTKORB,15885
GSM1301497-PUB_FL_BRODTKORB,15885
GSM1301498-PUB_FL_BRODTKORB,15885
GSM1301499-PUB_FL_BRODTKORB,15885
GSM1301500-PUB_FL_BRODTKORB,15885
GSM1301501-PUB_FL_BRODTKORB,15885
GSM1301502-PUB_FL_BRODTKORB,15885
GSM1301503-PUB_FL_BRODTKORB,15885
GSM1301504-PUB_FL_BRODTKORB,15885
GSM1301505-PUB_FL_BRODTKORB,15885
GSM1301506-PUB_FL_BRODTKORB,15885
GSM1301507-PUB_FL_BRODTKORB,15885
GSM1301508-PUB_FL_BRODTKORB,15885
GSM1301509-PUB_FL_BRODTKORB,15885
GSM1301510-PUB_FL_BRODTKORB,15885
GSM1301511-PUB_FL_BRODTKORB,15885
GSM1301512-PUB_FL_BRODTKORB,15885
GSM1301513-PUB_FL_BRODTKORB,15885
GSM1301514-PUB_FL_BRODTKORB,15885
GSM1301515-PUB_FL_BRODTKORB,15885
GSM1301516-PUB_FL_BRODTKORB,15885
GSM1301517-PUB_FL_BRODTKORB,15885
GSM1301518-PUB_FL_BRODTKORB,15885
GSM1301519-PUB_FL_BRODTKORB,15885
GSM1301520-PUB_FL_BRODTKORB,15885
GSM1301521-PUB_FL_BRODTKORB,15885
GSM1301522-PUB_FL_BRODTKORB,15885
GSM1301523-PUB_FL_BRODTKORB,15885
GSM1301524-PUB_FL_BRODTKORB,15885
GSM1301525-PUB_FL_BRODTKORB,15885
GSM1301526-PUB_FL_BRODTKORB,15885
GSM1301527-PUB_FL_BRODTKORB,15885
GSM1301528-PUB_FL_BRODTKORB,15885
GSM1301529-PUB_FL_BRODTKORB,15885
GSM1301530-PUB_FL_BRODTKORB,15885
GSM1301531-PUB_FL_BRODTKORB,15885
GSM1301532-PUB_FL_BRODTKORB,15885
GSM1301533-PUB_FL_BRODTKORB,15885
GSM1301534-PUB_FL_BRODTKORB,15885
GSM1301535-PUB_FL_BRODTKORB,15885
GSM1301536-PUB_FL_BRODTKORB,15885
GSM1301537-PUB_FL_BRODTKORB,15885
GSM1301538-PUB_FL_BRODTKORB,15885
GSM1301539-PUB_FL_BRODTKORB,15885
GSM1301540-PUB_FL_BRODTKORB,15885
GSM1301541-PUB_FL_BRODTKORB,15885
GSM1301542-PUB_FL_BRODTKORB,15885
GSM1301543-PUB_FL_BRODTKORB,15885
GSM1301544-PUB_FL_BRODTKORB,15885
GSM1301545-PUB_FL_BRODTKORB,15885
GSM1301546-PUB_FL_BRODTKORB,15885
GSM1301547-PUB_FL_BRODTKORB,15885
GSM1301548-PUB_FL_BRODTKORB,15885
GSM1301549-PUB_FL_BRODTKORB,15885
GSM1301550-PUB_FL_BRODTKORB,15885
GSM1301551-PUB_FL_BRODTKORB,15885
GSM1301552-PUB_FL_BRODTKORB,15885
GSM1301553-PUB_FL_BRODTKORB,15885
GSM1301554-PUB_FL_BRODTKORB,15885
GSM1301555-PUB_FL_BRODTKORB,15885
GSM1301556-PUB_FL_BRODTKORB,15885
GSM1301557-PUB_FL_BRODTKORB,15885
GSM1301558-PUB_FL_BRODTKORB,15885
GSM1301559-PUB_FL_BRODTKORB,15885
GSM1301560-PUB_FL_BRODTKORB,15885
GSM1301561-PUB_FL_BRODTKORB,15885
GSM3634931-PUB_FL_CIBERSORTX,15885
GSM3634932-PUB_FL_CIBERSORTX,15885
GSM3634933-PUB_FL_CIBERSORTX,15885
GSM3634934-PUB_FL_CIBERSORTX,15885
GSM3634935-PUB_FL_CIBERSORTX,15885
GSM3634937-PUB_FL_CIBERSORTX,15885
GSM3634938-PUB_FL_CIBERSORTX,15885
GSM3634939-PUB_FL_CIBERSORTX,15885
GSM3634940-PUB_FL_CIBERSORTX,15885
GSM3634941-PUB_FL_CIBERSORTX,15885
GSM3634942-PUB_FL_CIBERSORTX,15885
GSM3634943-PUB_FL_CIBERSORTX,15885
GSM3634944-PUB_FL_CIBERSORTX,15885
GSM3634945-PUB_FL_CIBERSORTX,15885
GSM3634946-PUB_FL_CIBERSORTX,15885
GSM3634947-PUB_FL_CIBERSORTX,15885
GSM3634948-PUB_FL_CIBERSORTX,15885
GSM3634950-PUB_FL_CIBERSORTX,15885
GSM3634951-PUB_FL_CIBERSORTX,15885
GSM3634952-PUB_FL_CIBERSORTX,15885
GSM3634953-PUB_FL_CIBERSORTX,15885
GSM3634954-PUB_FL_CIBERSORTX,15885
GSM3634955-PUB_FL_CIBERSORTX,15885
GSM3634956-PUB_FL_CIBERSORTX,15885
GSM3634957-PUB_FL_CIBERSORTX,15885
GSM3634958-PUB_FL_CIBERSORTX,15885
GSM3634959-PUB_FL_CIBERSORTX,15885
GSM3634960-PUB_FL_CIBERSORTX,15885
GSM3634961-PUB_FL_CIBERSORTX,15885
GSM3634962-PUB_FL_CIBERSORTX,15885
GSM3634963-PUB_FL_CIBERSORTX,15885
GSM3634964-PUB_FL_CIBERSORTX,15885
GSM3634965-PUB_FL_CIBERSORTX,15885
GSM3634966-PUB_FL_CIBERSORTX,15885
GSM3634967-PUB_FL_CIBERSORTX,15885
GSM3634968-PUB_FL_CIBERSORTX,15885
GSM3634969-PUB_FL_CIBERSORTX,15885
GSM3634970-PUB_FL_CIBERSORTX,15885
GSM3634971-PUB_FL_CIBERSORTX,15885
GSM3634972-PUB_FL_CIBERSORTX,15885
GSM3634973-PUB_FL_CIBERSORTX,15885
GSM3634974-PUB_FL_CIBERSORTX,15885
GSM3634975-PUB_FL_CIBERSORTX,15885
GSM3634976-PUB_FL_CIBERSORTX,15885
GSM3634977-PUB_FL_CIBERSORTX,15885
GSM3634978-PUB_FL_CIBERSORTX,15885
GSM3634979-PUB_FL_CIBERSORTX,15885
GSM3634980-PUB_FL_CIBERSORTX,15885
GSM3634981-PUB_FL_CIBERSORTX,15885
GSM3634982-PUB_FL_CIBERSORTX,15885
GSM3634983-PUB_FL_CIBERSORTX,15885
GSM3634984-PUB_FL_CIBERSORTX,15885
GSM3634985-PUB_FL_CIBERSORTX,15885
GSM3634986-PUB_FL_CIBERSORTX,15885
GSM3634987-PUB_FL_CIBERSORTX,15885
GSM3634988-PUB_FL_CIBERSORTX,15885
GSM3634989-PUB_FL_CIBERSORTX,15885
GSM3634990-PUB_FL_CIBERSORTX,15885
GSM3634991-PUB_FL_CIBERSORTX,15885
GSM3634992-PUB_FL_CIBERSORTX,15885
GSM3634993-PUB_FL_CIBERSORTX,15885
GSM3634995-PUB_FL_CIBERSORTX,15885
GSM3634996-PUB_FL_CIBERSORTX,15885
GSM3634997-PUB_FL_CIBERSORTX,15885
GSM3634998-PUB_FL_CIBERSORTX,15885
GSM3634999-PUB_FL_CIBERSORTX,15885
GSM3635001-PUB_FL_CIBERSORTX,15885
GSM3635002-PUB_FL_CIBERSORTX,15885
GSM3635003-PUB_FL_CIBERSORTX,15885
GSM3635004-PUB_FL_CIBERSORTX,15885
GSM3635005-PUB_FL_CIBERSORTX,15885
GSM3635006-PUB_FL_CIBERSORTX,15885
GSM3635007-PUB_FL_CIBERSORTX,15885
GSM3635008-PUB_FL_CIBERSORTX,15885
GSM3635009-PUB_FL_CIBERSORTX,15885
GSM3635010-PUB_FL_CIBERSORTX,15885
GSM3635011-PUB_FL_CIBERSORTX,15885
GSM3635012-PUB_FL_CIBERSORTX,15885
GSM3635013-PUB_FL_CIBERSORTX,15885
GSM3635014-PUB_FL_CIBERSORTX,15885
GSM3635015-PUB_FL_CIBERSORTX,15885
GSM3635016-PUB_FL_CIBERSORTX,15885
GSM3635017-PUB_FL_CIBERSORTX,15885
GSM3635018-PUB_FL_CIBERSORTX,15885
GSM3635019-PUB_FL_CIBERSORTX,15885
GSM3635020-PUB_FL_CIBERSORTX,15885
GSM3635021-PUB_FL_CIBERSORTX,15885
GSM3635025-PUB_FL_CIBERSORTX,15885
GSM3635026-PUB_FL_CIBERSORTX,15885
GSM3635027-PUB_FL_CIBERSORTX,15885
GSM3635030-PUB_FL_CIBERSORTX,15885
GSM3635052-PUB_FL_CIBERSORTX,15885
GSM3635053-PUB_FL_CIBERSORTX,15885
GSM3635054-PUB_FL_CIBERSORTX,15885
GSM3635055-PUB_FL_CIBERSORTX,15885
GSM3635056-PUB_FL_CIBERSORTX,15885
GSM3635057-PUB_FL_CIBERSORTX,15885
GSM3635058-PUB_FL_CIBERSORTX,15885
GSM3635060-PUB_FL_CIBERSORTX,15885
GSM3635061-PUB_FL_CIBERSORTX,15885
GSM3635062-PUB_FL_CIBERSORTX,15885
GSM3635063-PUB_FL_CIBERSORTX,15885
GSM3635064-PUB_FL_CIBERSORTX,15885
GSM3635065-PUB_FL_CIBERSORTX,15885
GSM3635066-PUB_FL_CIBERSORTX,15885
GSM3635067-PUB_FL_CIBERSORTX,15885
GSM3635068-PUB_FL_CIBERSORTX,15885
GSM3635069-PUB_FL_CIBERSORTX,15885
GSM3635070-PUB_FL_CIBERSORTX,15885
GSM3635071-PUB_FL_CIBERSORTX,15885
GSM3635072-PUB_FL_CIBERSORTX,15885
GSM3635074-PUB_FL_CIBERSORTX,15885
GSM3635077-PUB_FL_CIBERSORTX,15885
GSM3635079-PUB_FL_CIBERSORTX,15885
GSM3635080-PUB_FL_CIBERSORTX,15885
GSM3635081-PUB_FL_CIBERSORTX,15885
GSM3635082-PUB_FL_CIBERSORTX,15885
GSM3635083-PUB_FL_CIBERSORTX,15885
GSM3635084-PUB_FL_CIBERSORTX,15885
GSM3635085-PUB_FL_CIBERSORTX,15885
GSM3635086-PUB_FL_CIBERSORTX,15885
GSM3635087-PUB_FL_CIBERSORTX,15885
GSM3635088-PUB_FL_CIBERSORTX,15885
GSM3635089-PUB_FL_CIBERSORTX,15885
GSM3635090-PUB_FL_CIBERSORTX,15885
GSM3635091-PUB_FL_CIBERSORTX,15885
GSM3635093-PUB_FL_CIBERSORTX,15885
GSM3635094-PUB_FL_CIBERSORTX,15885
GSM3635095-PUB_FL_CIBERSORTX,15885
GSM3635097-PUB_FL_CIBERSORTX,15885
GSM3635098-PUB_FL_CIBERSORTX,15885
GSM3635100-PUB_FL_CIBERSORTX,15885
GSM3635101-PUB_FL_CIBERSORTX,15885
GSM3635102-PUB_FL_CIBERSORTX,15885
GSM3635103-PUB_FL_CIBERSORTX,15885
GSM3635104-PUB_FL_CIBERSORTX,15885
GSM3635105-PUB_FL_CIBERSORTX,15885
GSM3635106-PUB_FL_CIBERSORTX,15885
GSM3635107-PUB_FL_CIBERSORTX,15885
GSM3635108-PUB_FL_CIBERSORTX,15885
GSM3635109-PUB_FL_CIBERSORTX,15885
GSM3635110-PUB_FL_CIBERSORTX,15885
GSM3635111-PUB_FL_CIBERSORTX,15885
GSM3635112-PUB_FL_CIBERSORTX,15885
GSM3635113-PUB_FL_CIBERSORTX,15885
GSM3635116-PUB_FL_CIBERSORTX,15885
GSM3635117-PUB_FL_CIBERSORTX,15885
GSM3635118-PUB_FL_CIBERSORTX,15885
GSM3635119-PUB_FL_CIBERSORTX,15885
GSM3635121-PUB_FL_CIBERSORTX,15885
GSM3635122-PUB_FL_CIBERSORTX,15885
GSM3635124-PUB_FL_CIBERSORTX,15885
GSM3635127-PUB_FL_CIBERSORTX,15885
GSM3635128-PUB_FL_CIBERSORTX,15885
GSM3635129-PUB_FL_CIBERSORTX,15885
GSM3635130-PUB_FL_CIBERSORTX,15885
GSM3635131-PUB_FL_CIBERSORTX,15885
GSM3635132-PUB_FL_CIBERSORTX,15885
GSM3635133-PUB_FL_CIBERSORTX,15885
GSM3635134-PUB_FL_CIBERSORTX,15885
GSM3635136-PUB_FL_CIBERSORTX,15885
GSM3635137-PUB_FL_CIBERSORTX,15885
GSM3635138-PUB_FL_CIBERSORTX,15885
GSM3635139-PUB_FL_CIBERSORTX,15885
GSM3635140-PUB_FL_CIBERSORTX,15885
GSM3635142-PUB_FL_CIBERSORTX,15885
GSM3635143-PUB_FL_CIBERSORTX,15885
GSM3635144-PUB_FL_CIBERSORTX,15885
GSM3635145-PUB_FL_CIBERSORTX,15885
GSM3635146-PUB_FL_CIBERSORTX,15885
GSM3635147-PUB_FL_CIBERSORTX,15885
GSM3635148-PUB_FL_CIBERSORTX,15885
GSM3635149-PUB_FL_CIBERSORTX,15885
GSM3635151-PUB_FL_CIBERSORTX,15885
GSM3635152-PUB_FL_CIBERSORTX,15885
GSM3635153-PUB_FL_CIBERSORTX,15885
GSM3635154-PUB_FL_CIBERSORTX,15885
GSM3635155-PUB_FL_CIBERSORTX,15885
GSM3635156-PUB_FL_CIBERSORTX,15885
GSM3635157-PUB_FL_CIBERSORTX,15885
GSM3635158-PUB_FL_CIBERSORTX,15885
GSM3635159-PUB_FL_CIBERSORTX,15885
GSM3635160-PUB_FL_CIBERSORTX,15885
GSM3635161-PUB_FL_CIBERSORTX,15885
GSM3635162-PUB_FL_CIBERSORTX,15885
GSM3635163-PUB_FL_CIBERSORTX,15885
GSM3635164-PUB_FL_CIBERSORTX,15885
GSM3635165-PUB_FL_CIBERSORTX,15885
GSM3635166-PUB_FL_CIBERSORTX,15885
GSM3635167-PUB_FL_CIBERSORTX,15885
GSM3635168-PUB_FL_CIBERSORTX,15885
GSM3635169-PUB_FL_CIBERSORTX,15885
GSM3635170-PUB_FL_CIBERSORTX,15885
GSM3635171-PUB_FL_CIBERSORTX,15885
GSM3635172-PUB_FL_CIBERSORTX,15885
GSM3635173-PUB_FL_CIBERSORTX,15885
GSM3635174-PUB_FL_CIBERSORTX,15885
GSM3635175-PUB_FL_CIBERSORTX,15885
GSM3635176-PUB_FL_CIBERSORTX,15885
GSM3635177-PUB_FL_CIBERSORTX,15885
GSM3635178-PUB_FL_CIBERSORTX,15885
GSM3635179-PUB_FL_CIBERSORTX,15885
GSM3635180-PUB_FL_CIBERSORTX,15885
GSM3635181-PUB_FL_CIBERSORTX,15885
GSM3635182-PUB_FL_CIBERSORTX,15885
GSM3635183-PUB_FL_CIBERSORTX,15885
GSM3635185-PUB_FL_CIBERSORTX,15885
GSM3635186-PUB_FL_CIBERSORTX,15885
GSM3635187-PUB_FL_CIBERSORTX,15885
GSM3635188-PUB_FL_CIBERSORTX,15885
GSM3635189-PUB_FL_CIBERSORTX,15885
GSM3635191-PUB_FL_CIBERSORTX,15885
GSM3635192-PUB_FL_CIBERSORTX,15885
GSM3635193-PUB_FL_CIBERSORTX,15885
GSM3635194-PUB_FL_CIBERSORTX,15885
GSM3635195-PUB_FL_CIBERSORTX,15885
GSM3635196-PUB_FL_CIBERSORTX,15885
GSM3635197-PUB_FL_CIBERSORTX,15885
GSM3635198-PUB_FL_CIBERSORTX,15885
GSM3635199-PUB_FL_CIBERSORTX,15885
GSM3635200-PUB_FL_CIBERSORTX,15885
GSM3635201-PUB_FL_CIBERSORTX,15885
GSM3635202-PUB_FL_CIBERSORTX,15885
GSM3635203-PUB_FL_CIBERSORTX,15885
GSM3635204-PUB_FL_CIBERSORTX,15885
GSM3635205-PUB_FL_CIBERSORTX,15885
GSM3635206-PUB_FL_CIBERSORTX,15885
GSM3635207-PUB_FL_CIBERSORTX,15885
GSM3635208-PUB_FL_CIBERSORTX,15885
GSM3635209-PUB_FL_CIBERSORTX,15885
GSM3635210-PUB_FL_CIBERSORTX,15885
GSM3635211-PUB_FL_CIBERSORTX,15885
GSM3635212-PUB_FL_CIBERSORTX,15885
GSM3635213-PUB_FL_CIBERSORTX,15885
GSM3635215-PUB_FL_CIBERSORTX,15885
GSM3635216-PUB_FL_CIBERSORTX,15885
GSM3635217-PUB_FL_CIBERSORTX,15885
GSM3635218-PUB_FL_CIBERSORTX,15885
GSM3635219-PUB_FL_CIBERSORTX,15885
GSM3635220-PUB_FL_CIBERSORTX,15885
GSM3635221-PUB_FL_CIBERSORTX,15885
GSM3635222-PUB_FL_CIBERSORTX,15885
GSM3635223-PUB_FL_CIBERSORTX,15885
GSM3635224-PUB_FL_CIBERSORTX,15885
GSM3635225-PUB_FL_CIBERSORTX,15885
GSM3635226-PUB_FL_CIBERSORTX,15885
GSM3635227-PUB_FL_CIBERSORTX,15885
GSM3635228-PUB_FL_CIBERSORTX,15885
GSM3635229-PUB_FL_CIBERSORTX,15885
GSM3635230-PUB_FL_CIBERSORTX,15885
GSM3635231-PUB_FL_CIBERSORTX,15885
GSM3635232-PUB_FL_CIBERSORTX,15885
GSM1079843-PUB_FL_HORN,11727
GSM1079851-PUB_FL_HORN,11727
GSM1079852-PUB_FL_HORN,11727
GSM1079855-PUB_FL_HORN,11727
GSM1079856-PUB_FL_HORN,11727
GSM1079857-PUB_FL_HORN,11727
GSM1079858-PUB_FL_HORN,11727
GSM1079859-PUB_FL_HORN,11727
GSM1079864-PUB_FL_HORN,11727
GSM1168447-PUB_FL_HORN,11727
GSM1168448-PUB_FL_HORN,11727
GSM1168456-PUB_FL_HORN,11727
GSM2786752-PUB_FL_HORN,11727
GSM2786753-PUB_FL_HORN,11727
GSM2786754-PUB_FL_HORN,11727
GSM2786755-PUB_FL_HORN,11727
GSM2786756-PUB_FL_HORN,11727
GSM2786757-PUB_FL_HORN,11727
GSM2786758-PUB_FL_HORN,11727
GSM2786759-PUB_FL_HORN,11727
GSM2786760-PUB_FL_HORN,11727
GSM2786761-PUB_FL_HORN,11727
GSM2786762-PUB_FL_HORN,11727
GSM2786763-PUB_FL_HORN,11727
GSM2786764-PUB_FL_HORN,11727
GSM2786765-PUB_FL_HORN,11727
GSM2786766-PUB_FL_HORN,11727
GSM2786767-PUB_FL_HORN,11727
GSM2786768-PUB_FL_HORN,11727
GSM2786769-PUB_FL_HORN,11727
GSM2786770-PUB_FL_HORN,11727
GSM2786771-PUB_FL_HORN,11727
GSM2786772-PUB_FL_HORN,11727
GSM2786773-PUB_FL_HORN,11727
GSM2786774-PUB_FL_HORN,11727
GSM2786775-PUB_FL_HORN,11727
GSM2786776-PUB_FL_HORN,11727
GSM2786777-PUB_FL_HORN,11727
GSM2786778-PUB_FL_HORN,11727
GSM2786779-PUB_FL_HORN,11727
GSM2786780-PUB_FL_HORN,11727
GSM2786781-PUB_FL_HORN,11727
GSM2786782-PUB_FL_HORN,11727
GSM2786783-PUB_FL_HORN,11727
GSM2786784-PUB_FL_HORN,11727
GSM2786785-PUB_FL_HORN,11727
GSM2786786-PUB_FL_HORN,11727
GSM2786787-PUB_FL_HORN,11727
GSM558227-PUB_FL_HORN,11727
GSM558237-PUB_FL_HORN,11727
GSM558276-PUB_FL_HORN,11727
GSM558277-PUB_FL_HORN,11727
GSM558278-PUB_FL_HORN,11727
GSM558279-PUB_FL_HORN,11727
GSM558280-PUB_FL_HORN,11727
GSM558281-PUB_FL_HORN,11727
GSM558282-PUB_FL_HORN,11727
GSM558283-PUB_FL_HORN,11727
GSM558284-PUB_FL_HORN,11727
GSM558285-PUB_FL_HORN,11727
GSM558286-PUB_FL_HORN,11727
GSM558287-PUB_FL_HORN,11727
GSM558289-PUB_FL_HORN,11727
GSM558290-PUB_FL_HORN,11727
GSM558291-PUB_FL_HORN,11727
GSM558292-PUB_FL_HORN,11727
GSM558293-PUB_FL_HORN,11727
GSM558294-PUB_FL_HORN,11727
GSM558298-PUB_FL_HORN,11727
GSM558301-PUB_FL_HORN,11727
GSM558304-PUB_FL_HORN,11727
GSM558315-PUB_FL_HORN,11727
GSM558320-PUB_FL_HORN,11727
GSM558321-PUB_FL_HORN,11727
GSM558326-PUB_FL_HORN,11727
GSM558332-PUB_FL_HORN,11727
GSM558333-PUB_FL_HORN,11727
GSM558334-PUB_FL_HORN,11727
GSM558359-PUB_FL_HORN,11727
GSM558370-PUB_FL_HORN,11727
GSM558371-PUB_FL_HORN,11727
GSM558372-PUB_FL_HORN,11727
GSM558373-PUB_FL_HORN,11727
GSM558379-PUB_FL_HORN,11727
GSM1615726-PUB_FL_PASTORE,15883
GSM1615727-PUB_FL_PASTORE,15883
GSM1615728-PUB_FL_PASTORE,15883
GSM1615729-PUB_FL_PASTORE,15883
GSM1615730-PUB_FL_PASTORE,15883
GSM1615731-PUB_FL_PASTORE,15883
GSM1615732-PUB_FL_PASTORE,15883
GSM1615733-PUB_FL_PASTORE,15883
GSM1615734-PUB_FL_PASTORE,15883
GSM1615735-PUB_FL_PASTORE,15883
GSM1615736-PUB_FL_PASTORE,15883
GSM1615737-PUB_FL_PASTORE,15883
GSM1615738-PUB_FL_PASTORE,15883
GSM1615739-PUB_FL_PASTORE,15883
GSM1615740-PUB_FL_PASTORE,15883
GSM1615741-PUB_FL_PASTORE,15883
GSM1615742-PUB_FL_PASTORE,15883
GSM1615743-PUB_FL_PASTORE,15883
GSM1615744-PUB_FL_PASTORE,15883
GSM1615745-PUB_FL_PASTORE,15883
GSM1615746-PUB_FL_PASTORE,15883
GSM1615747-PUB_FL_PASTORE,15883
GSM1615748-PUB_FL_PASTORE,15883
GSM1615749-PUB_FL_PASTORE,15883
GSM1615750-PUB_FL_PASTORE,15883
GSM1615751-PUB_FL_PASTORE,15883
GSM1615752-PUB_FL_PASTORE,15883
GSM1615753-PUB_FL_PASTORE,15883
GSM1615754-PUB_FL_PASTORE,15883
GSM1615755-PUB_FL_PASTORE,15883
GSM1615756-PUB_FL_PASTORE,15883
GSM1615757-PUB_FL_PASTORE,15883
GSM1615758-PUB_FL_PASTORE,15883
GSM1615759-PUB_FL_PASTORE,15883
GSM1615760-PUB_FL_PASTORE,15883
GSM1615761-PUB_FL_PASTORE,15883
GSM1615762-PUB_FL_PASTORE,15883
GSM1615763-PUB_FL_PASTORE,15883
GSM1615764-PUB_FL_PASTORE,15883
GSM1615765-PUB_FL_PASTORE,15883
GSM1615766-PUB_FL_PASTORE,15883
GSM1615767-PUB_FL_PASTORE,15883
GSM1615768-PUB_FL_PASTORE,15883
GSM1615769-PUB_FL_PASTORE,15883
GSM1615770-PUB_FL_PASTORE,15883
GSM1615771-PUB_FL_PASTORE,15883
GSM1615772-PUB_FL_PASTORE,15883
GSM1615773-PUB_FL_PASTORE,15883
GSM1615774-PUB_FL_PASTORE,15883
GSM1615775-PUB_FL_PASTORE,15883
GSM1615776-PUB_FL_PASTORE,15883
GSM1615777-PUB_FL_PASTORE,15883
GSM1615778-PUB_FL_PASTORE,15883
GSM1615779-PUB_FL_PASTORE,15883
GSM1615780-PUB_FL_PASTORE,15883
GSM1615781-PUB_FL_PASTORE,15883
GSM1615782-PUB_FL_PASTORE,15883
GSM1615783-PUB_FL_PASTORE,15883
GSM1615784-PUB_FL_PASTORE,15883
GSM1615785-PUB_FL_PASTORE,15883
GSM1615786-PUB_FL_PASTORE,15883
GSM1615787-PUB_FL_PASTORE,15883
GSM1615788-PUB_FL_PASTORE,15883
GSM1615789-PUB_FL_PASTORE,15883
GSM1615790-PUB_FL_PASTORE,15883
GSM1615791-PUB_FL_PASTORE,15883
GSM1615792-PUB_FL_PASTORE,15883
GSM1615793-PUB_FL_PASTORE,15883
GSM1615794-PUB_FL_PASTORE,15883
GSM1615795-PUB_FL_PASTORE,15883
GSM1615796-PUB_FL_PASTORE,15883
GSM1615797-PUB_FL_PASTORE,15883
GSM1615798-PUB_FL_PASTORE,15883
GSM1615799-PUB_FL_PASTORE,15883
GSM1615800-PUB_FL_PASTORE,15883
GSM1615801-PUB_FL_PASTORE,15883
GSM1615802-PUB_FL_PASTORE,15883
GSM1615803-PUB_FL_PASTORE,15883
GSM1615804-PUB_FL_PASTORE,15883
GSM1615805-PUB_FL_PASTORE,15883
GSM1615806-PUB_FL_PASTORE,15883
GSM1615807-PUB_FL_PASTORE,15883
GSM1615808-PUB_FL_PASTORE,15883
GSM1615809-PUB_FL_PASTORE,15883
GSM1615810-PUB_FL_PASTORE,15883
GSM1615811-PUB_FL_PASTORE,15883
GSM1615812-PUB_FL_PASTORE,15883
GSM1615813-PUB_FL_PASTORE,15883
GSM1615814-PUB_FL_PASTORE,15883
GSM1615815-PUB_FL_PASTORE,15883
GSM1615816-PUB_FL_PASTORE,15883
GSM1615817-PUB_FL_PASTORE,15883
GSM1615818-PUB_FL_PASTORE,15883
GSM1615819-PUB_FL_PASTORE,15883
GSM1615820-PUB_FL_PASTORE,15883
GSM1615821-PUB_FL_PASTORE,15883
GSM1615822-PUB_FL_PASTORE,15883
GSM1615823-PUB_FL_PASTORE,15883
GSM1615824-PUB_FL_PASTORE,15883
GSM1615825-PUB_FL_PASTORE,15883
GSM1615826-PUB_FL_PASTORE,15883
GSM1615827-PUB_FL_PASTORE,15883
GSM1615828-PUB_FL_PASTORE,15883
GSM1615829-PUB_FL_PASTORE,15883
GSM1615830-PUB_FL_PASTORE,15883
GSM1615831-PUB_FL_PASTORE,15883
GSM1615832-PUB_FL_PASTORE,15883
GSM1615833-PUB_FL_PASTORE,15883
GSM1615834-PUB_FL_PASTORE,15883
GSM1615835-PUB_FL_PASTORE,15883
GSM1615836-PUB_FL_PASTORE,15883
GSM1615837-PUB_FL_PASTORE,15883
GSM1615838-PUB_FL_PASTORE,15883
GSM1615839-PUB_FL_PASTORE,15883
GSM1615840-PUB_FL_PASTORE,15883
GSM1615841-PUB_FL_PASTORE,15883
GSM1615842-PUB_FL_PASTORE,15883
GSM1615843-PUB_FL_PASTORE,15883
GSM1615844-PUB_FL_PASTORE,15883
GSM1615845-PUB_FL_PASTORE,15883
GSM1615846-PUB_FL_PASTORE,15883
GSM1615847-PUB_FL_PASTORE,15883
GSM1615848-PUB_FL_PASTORE,15883
GSM1615849-PUB_FL_PASTORE,15883
GSM1615850-PUB_FL_PASTORE,15883
GSM1615851-PUB_FL_PASTORE,15883
GSM1615852-PUB_FL_PASTORE,15883
GSM1615853-PUB_FL_PASTORE,15883
GSM1615854-PUB_FL_PASTORE,15883
GSM1615855-PUB_FL_PASTORE,15883
GSM1615856-PUB_FL_PASTORE,15883
GSM1615857-PUB_FL_PASTORE,15883
GSM1615858-PUB_FL_PASTORE,15883
GSM1615859-PUB_FL_PASTORE,15883
GSM1615860-PUB_FL_PASTORE,15883
GSM1615861-PUB_FL_PASTORE,15883
GSM1615862-PUB_FL_PASTORE,15883
GSM1615863-PUB_FL_PASTORE,15883
GSM3360856-PUB_FL_PASTORE,15883
GSM3360857-PUB_FL_PASTORE,15883
GSM3360858-PUB_FL_PASTORE,15883
GSM3360860-PUB_FL_PASTORE,15883
GSM3360866-PUB_FL_PASTORE,15883
GSM3360878-PUB_FL_PASTORE,15883
GSM3360884-PUB_FL_PASTORE,15883
GSM3360885-PUB_FL_PASTORE,15883
GSM3360888-PUB_FL_PASTORE,15883
GSM3360897-PUB_FL_PASTORE,15883
GSM3360900-PUB_FL_PASTORE,15883
GSM3360908-PUB_FL_PASTORE,15883
GSM3360924-PUB_FL_PASTORE,15883
GSM3360940-PUB_FL_PASTORE,15883
GSM3360943-PUB_FL_PASTORE,15883
GSM3360946-PUB_FL_PASTORE,15883
GSM3360963-PUB_FL_PASTORE,15883
GSM3360964-PUB_FL_PASTORE,15883
GSM3360965-PUB_FL_PASTORE,15883
GSM3360966-PUB_FL_PASTORE,15883
GSM3360967-PUB_FL_PASTORE,15883
GSM3360971-PUB_FL_PASTORE,15883
GSM3360972-PUB_FL_PASTORE,15883
GSM3360974-PUB_FL_PASTORE,15883
GSM3360975-PUB_FL_PASTORE,15883
GSM3360976-PUB_FL_PASTORE,15883
GSM3360977-PUB_FL_PASTORE,15883
GSM3360979-PUB_FL_PASTORE,15883
GSM3360983-PUB_FL_PASTORE,15883
GSM326361-PUB_FL_LEBRUN,12286
GSM326362-PUB_FL_LEBRUN,12286
GSM326363-PUB_FL_LEBRUN,12286
GSM326364-PUB_FL_LEBRUN,12286
GSM326365-PUB_FL_LEBRUN,12286
GSM326366-PUB_FL_LEBRUN,12286
GSM326367-PUB_FL_LEBRUN,12286
GSM326368-PUB_FL_LEBRUN,12286
GSM326369-PUB_FL_LEBRUN,12286
GSM326370-PUB_FL_LEBRUN,12286
GSM326371-PUB_FL_LEBRUN,12286
GSM326372-PUB_FL_LEBRUN,12286
GSM326373-PUB_FL_LEBRUN,12286
GSM326374-PUB_FL_LEBRUN,12286
GSM326375-PUB_FL_LEBRUN,12286
GSM326376-PUB_FL_LEBRUN,12286
GSM326377-PUB_FL_LEBRUN,12286
GSM326378-PUB_FL_LEBRUN,12286
GSM326379-PUB_FL_LEBRUN,12286
GSM326381-PUB_FL_LEBRUN,12286
GSM326382-PUB_FL_LEBRUN,12286
GSM326383-PUB_FL_LEBRUN,12286
GSM326384-PUB_FL_LEBRUN,12286
GSM326385-PUB_FL_LEBRUN,12286
GSM326386-PUB_FL_LEBRUN,12286
GSM326387-PUB_FL_LEBRUN,12286
GSM326388-PUB_FL_LEBRUN,12286
GSM326389-PUB_FL_LEBRUN,12286
GSM326390-PUB_FL_LEBRUN,12286
GSM326391-PUB_FL_LEBRUN,12286
GSM326392-PUB_FL_LEBRUN,12286
GSM326393-PUB_FL_LEBRUN,12286
GSM326394-PUB_FL_LEBRUN,12286
GSM326395-PUB_FL_LEBRUN,12286
GSM326396-PUB_FL_LEBRUN,12286
GSM326397-PUB_FL_LEBRUN,12286
GSM326398-PUB_FL_LEBRUN,12286
GSM326399-PUB_FL_LEBRUN,12286
GSM326400-PUB_FL_LEBRUN,12286
GSM326401-PUB_FL_LEBRUN,12286
GSM910456-PUB_FL_ORICCHIO,11727
GSM910457-PUB_FL_ORICCHIO,11727
GSM910458-PUB_FL_ORICCHIO,11727
GSM910459-PUB_FL_ORICCHIO,11727
GSM910460-PUB_FL_ORICCHIO,11727
GSM910461-PUB_FL_ORICCHIO,11727
GSM910462-PUB_FL_ORICCHIO,11727
GSM910463-PUB_FL_ORICCHIO,11727
GSM910464-PUB_FL_ORICCHIO,11727
GSM910465-PUB_FL_ORICCHIO,11727
GSM910466-PUB_FL_ORICCHIO,11727
GSM910467-PUB_FL_ORICCHIO,11727
GSM910468-PUB_FL_ORICCHIO,11727
GSM910469-PUB_FL_ORICCHIO,11727
GSM910470-PUB_FL_ORICCHIO,11727
GSM910471-PUB_FL_ORICCHIO,11727
GSM910472-PUB_FL_ORICCHIO,11727
GSM910473-PUB_FL_ORICCHIO,11727
GSM910474-PUB_FL_ORICCHIO,11727
GSM910475-PUB_FL_ORICCHIO,11727
GSM910476-PUB_FL_ORICCHIO,11727
GSM910477-PUB_FL_ORICCHIO,11727
GSM910478-PUB_FL_ORICCHIO,11727
GSM910479-PUB_FL_ORICCHIO,11727
GSM910480-PUB_FL_ORICCHIO,11727
GSM910481-PUB_FL_ORICCHIO,11727
GSM910482-PUB_FL_ORICCHIO,11727
GSM910483-PUB_FL_ORICCHIO,11727
GSM910484-PUB_FL_ORICCHIO,11727
GSM910485-PUB_FL_ORICCHIO,11727
GSM910486-PUB_FL_ORICCHIO,11727
GSM910487-PUB_FL_ORICCHIO,11727
GSM910488-PUB_FL_ORICCHIO,11727
GSM910489-PUB_FL_ORICCHIO,11727
GSM910490-PUB_FL_ORICCHIO,11727
GSM910491-PUB_FL_ORICCHIO,11727
GSM910492-PUB_FL_ORICCHIO,11727
GSM910493-PUB_FL_ORICCHIO,11727
GSM910494-PUB_FL_ORICCHIO,11727
GSM910495-PUB_FL_ORICCHIO,11727
GSM910496-PUB_FL_ORICCHIO,11727
GSM910497-PUB_FL_ORICCHIO,11727
GSM910498-PUB_FL_ORICCHIO,11727
GSM910499-PUB_FL_ORICCHIO,11727
GSM910500-PUB_FL_ORICCHIO,11727
GSM910501-PUB_FL_ORICCHIO,11727
GSM910502-PUB_FL_ORICCHIO,11727
GSM910503-PUB_FL_ORICCHIO,11727
GSM910504-PUB_FL_ORICCHIO,11727
GSM910505-PUB_FL_ORICCHIO,11727
GSM910506-PUB_FL_ORICCHIO,11727
GSM910507-PUB_FL_ORICCHIO,11727
GSM910508-PUB_FL_ORICCHIO,11727
GSM910509-PUB_FL_ORICCHIO,11727
GSM910510-PUB_FL_ORICCHIO,11727
GSM910511-PUB_FL_ORICCHIO,11727
GSM910512-PUB_FL_ORICCHIO,11727
GSM910513-PUB_FL_ORICCHIO,11727
GSM910514-PUB_FL_ORICCHIO,11727
GSM910515-PUB_FL_ORICCHIO,11727
GSM910516-PUB_FL_ORICCHIO,11727
GSM910517-PUB_FL_ORICCHIO,11727
GSM910518-PUB_FL_ORICCHIO,11727
GSM910519-PUB_FL_ORICCHIO,11727
GSM910520-PUB_FL_ORICCHIO,11727
GSM910521-PUB_FL_ORICCHIO,11727
GSM910522-PUB_FL_ORICCHIO,11727
GSM910523-PUB_FL_ORICCHIO,11727
GSM910524-PUB_FL_ORICCHIO,11727
GSM910525-PUB_FL_ORICCHIO,11727
GSM910526-PUB_FL_ORICCHIO,11727
GSM910527-PUB_FL_ORICCHIO,11727
FL_FL01-PUB_FL_TASKINEN,7419
FL_FL02-PUB_FL_TASKINEN,7419
FL_FL06-PUB_FL_TASKINEN,7419
FL_FL07-PUB_FL_TASKINEN,7419
FL_FL09-PUB_FL_TASKINEN,7419
FL_FL10-PUB_FL_TASKINEN,7419
FL_FL13-PUB_FL_TASKINEN,7419
FL_FL15-PUB_FL_TASKINEN,7419
FL_FL16-PUB_FL_TASKINEN,7419
FL_FL17-PUB_FL_TASKINEN,7419
FL_FL18-PUB_FL_TASKINEN,7419
FL_FL21-PUB_FL_TASKINEN,7419
FL_FL23-PUB_FL_TASKINEN,7419
FL_FL25-PUB_FL_TASKINEN,7419
FL_FL27-PUB_FL_TASKINEN,7419
FL_FL28-PUB_FL_TASKINEN,7419
FL_FL30-PUB_FL_TASKINEN,7419
FL_FL31-PUB_FL_TASKINEN,7419
FL_FL32-PUB_FL_TASKINEN,7419
FL_FL36-PUB_FL_TASKINEN,7419
FL_FL37-PUB_FL_TASKINEN,7419
FL_FL38-PUB_FL_TASKINEN,7419
FL_FL40-PUB_FL_TASKINEN,7419
FL_FL42-PUB_FL_TASKINEN,7419
16349B_10_20160915-PUB_FL_DREYLING,13559
16349B_11_20160915-PUB_FL_DREYLING,13559
16349B_20_20160914-PUB_FL_DREYLING,13559
16349B_30_20160914-PUB_FL_DREYLING,13559
16349B_40_20160914-PUB_FL_DREYLING,13559
16349B_41_20160913-PUB_FL_DREYLING,13559
16349B_51_20160914-PUB_FL_DREYLING,13559
16349B_60_20160914-PUB_FL_DREYLING,13559
16349B_61_20160915-PUB_FL_DREYLING,13559
16349B_8_20160914-PUB_FL_DREYLING,13559
16349B_9_20160915-PUB_FL_DREYLING,13559
GSM274895-PUB_DLBCL_GSE11318,15885
GSM274896-PUB_DLBCL_GSE11318,15885
GSM274897-PUB_DLBCL_GSE11318,15885
GSM274898-PUB_DLBCL_GSE11318,15885
GSM274899-PUB_DLBCL_GSE11318,15885
GSM274900-PUB_DLBCL_GSE11318,15885
GSM274901-PUB_DLBCL_GSE11318,15885
GSM274902-PUB_DLBCL_GSE11318,15885
GSM274903-PUB_DLBCL_GSE11318,15885
GSM274904-PUB_DLBCL_GSE11318,15885
GSM274905-PUB_DLBCL_GSE11318,15885
GSM274906-PUB_DLBCL_GSE11318,15885
GSM274907-PUB_DLBCL_GSE11318,15885
GSM274908-PUB_DLBCL_GSE11318,15885
GSM274909-PUB_DLBCL_GSE11318,15885
GSM274910-PUB_DLBCL_GSE11318,15885
GSM274911-PUB_DLBCL_GSE11318,15885
GSM274912-PUB_DLBCL_GSE11318,15885
GSM274913-PUB_DLBCL_GSE11318,15885
GSM274914-PUB_DLBCL_GSE11318,15885
GSM274915-PUB_DLBCL_GSE11318,15885
GSM274916-PUB_DLBCL_GSE11318,15885
GSM274917-PUB_DLBCL_GSE11318,15885
GSM274918-PUB_DLBCL_GSE11318,15885
GSM274919-PUB_DLBCL_GSE11318,15885
GSM274920-PUB_DLBCL_GSE11318,15885
GSM274921-PUB_DLBCL_GSE11318,15885
GSM274922-PUB_DLBCL_GSE11318,15885
GSM274923-PUB_DLBCL_GSE11318,15885
GSM274924-PUB_DLBCL_GSE11318,15885
GSM274925-PUB_DLBCL_GSE11318,15885
GSM274926-PUB_DLBCL_GSE11318,15885
GSM274927-PUB_DLBCL_GSE11318,15885
GSM274928-PUB_DLBCL_GSE11318,15885
GSM274929-PUB_DLBCL_GSE11318,15885
GSM274930-PUB_DLBCL_GSE11318,15885
GSM274931-PUB_DLBCL_GSE11318,15885
GSM274932-PUB_DLBCL_GSE11318,15885
GSM274933-PUB_DLBCL_GSE11318,15885
GSM274934-PUB_DLBCL_GSE11318,15885
GSM274935-PUB_DLBCL_GSE11318,15885
GSM274936-PUB_DLBCL_GSE11318,15885
GSM274937-PUB_DLBCL_GSE11318,15885
GSM274938-PUB_DLBCL_GSE11318,15885
GSM274939-PUB_DLBCL_GSE11318,15885
GSM274940-PUB_DLBCL_GSE11318,15885
GSM274941-PUB_DLBCL_GSE11318,15885
GSM274942-PUB_DLBCL_GSE11318,15885
GSM274943-PUB_DLBCL_GSE11318,15885
GSM274944-PUB_DLBCL_GSE11318,15885
GSM274945-PUB_DLBCL_GSE11318,15885
GSM274946-PUB_DLBCL_GSE11318,15885
GSM274947-PUB_DLBCL_GSE11318,15885
GSM274948-PUB_DLBCL_GSE11318,15885
GSM274949-PUB_DLBCL_GSE11318,15885
GSM274950-PUB_DLBCL_GSE11318,15885
GSM274951-PUB_DLBCL_GSE11318,15885
GSM274952-PUB_DLBCL_GSE11318,15885
GSM274953-PUB_DLBCL_GSE11318,15885
GSM274954-PUB_DLBCL_GSE11318,15885
GSM274955-PUB_DLBCL_GSE11318,15885
GSM274956-PUB_DLBCL_GSE11318,15885
GSM274957-PUB_DLBCL_GSE11318,15885
GSM274958-PUB_DLBCL_GSE11318,15885
GSM274959-PUB_DLBCL_GSE11318,15885
GSM274960-PUB_DLBCL_GSE11318,15885
GSM274961-PUB_DLBCL_GSE11318,15885
GSM274962-PUB_DLBCL_GSE11318,15885
GSM274963-PUB_DLBCL_GSE11318,15885
GSM274964-PUB_DLBCL_GSE11318,15885
GSM274965-PUB_DLBCL_GSE11318,15885
GSM274966-PUB_DLBCL_GSE11318,15885
GSM274967-PUB_DLBCL_GSE11318,15885
GSM274968-PUB_DLBCL_GSE11318,15885
GSM274969-PUB_DLBCL_GSE11318,15885
GSM274970-PUB_DLBCL_GSE11318,15885
GSM274971-PUB_DLBCL_GSE11318,15885
GSM274972-PUB_DLBCL_GSE11318,15885
GSM274973-PUB_DLBCL_GSE11318,15885
GSM274974-PUB_DLBCL_GSE11318,15885
GSM274975-PUB_DLBCL_GSE11318,15885
GSM274976-PUB_DLBCL_GSE11318,15885
GSM274977-PUB_DLBCL_GSE11318,15885
GSM274978-PUB_DLBCL_GSE11318,15885
GSM274979-PUB_DLBCL_GSE11318,15885
GSM274980-PUB_DLBCL_GSE11318,15885
GSM274981-PUB_DLBCL_GSE11318,15885
GSM274982-PUB_DLBCL_GSE11318,15885
GSM274983-PUB_DLBCL_GSE11318,15885
GSM274984-PUB_DLBCL_GSE11318,15885
GSM274985-PUB_DLBCL_GSE11318,15885
GSM274986-PUB_DLBCL_GSE11318,15885
GSM274987-PUB_DLBCL_GSE11318,15885
GSM274988-PUB_DLBCL_GSE11318,15885
GSM274989-PUB_DLBCL_GSE11318,15885
GSM274990-PUB_DLBCL_GSE11318,15885
GSM274991-PUB_DLBCL_GSE11318,15885
GSM274992-PUB_DLBCL_GSE11318,15885
GSM274993-PUB_DLBCL_GSE11318,15885
GSM274994-PUB_DLBCL_GSE11318,15885
GSM274995-PUB_DLBCL_GSE11318,15885
GSM274996-PUB_DLBCL_GSE11318,15885
GSM274997-PUB_DLBCL_GSE11318,15885
GSM274998-PUB_DLBCL_GSE11318,15885
GSM274999-PUB_DLBCL_GSE11318,15885
GSM275000-PUB_DLBCL_GSE11318,15885
GSM275001-PUB_DLBCL_GSE11318,15885
GSM275002-PUB_DLBCL_GSE11318,15885
GSM275003-PUB_DLBCL_GSE11318,15885
GSM275004-PUB_DLBCL_GSE11318,15885
GSM275005-PUB_DLBCL_GSE11318,15885
GSM275006-PUB_DLBCL_GSE11318,15885
GSM275007-PUB_DLBCL_GSE11318,15885
GSM275008-PUB_DLBCL_GSE11318,15885
GSM275009-PUB_DLBCL_GSE11318,15885
GSM275010-PUB_DLBCL_GSE11318,15885
GSM275011-PUB_DLBCL_GSE11318,15885
GSM275012-PUB_DLBCL_GSE11318,15885
GSM275013-PUB_DLBCL_GSE11318,15885
GSM275014-PUB_DLBCL_GSE11318,15885
GSM275015-PUB_DLBCL_GSE11318,15885
GSM275016-PUB_DLBCL_GSE11318,15885
GSM275017-PUB_DLBCL_GSE11318,15885
GSM275018-PUB_DLBCL_GSE11318,15885
GSM275019-PUB_DLBCL_GSE11318,15885
GSM275020-PUB_DLBCL_GSE11318,15885
GSM275021-PUB_DLBCL_GSE11318,15885
GSM275022-PUB_DLBCL_GSE11318,15885
GSM275024-PUB_DLBCL_GSE11318,15885
GSM275025-PUB_DLBCL_GSE11318,15885
GSM275026-PUB_DLBCL_GSE11318,15885
GSM275027-PUB_DLBCL_GSE11318,15885
GSM275028-PUB_DLBCL_GSE11318,15885
GSM275029-PUB_DLBCL_GSE11318,15885
GSM275030-PUB_DLBCL_GSE11318,15885
GSM275031-PUB_DLBCL_GSE11318,15885
GSM275032-PUB_DLBCL_GSE11318,15885
GSM275033-PUB_DLBCL_GSE11318,15885
GSM275034-PUB_DLBCL_GSE11318,15885
GSM275035-PUB_DLBCL_GSE11318,15885
GSM275036-PUB_DLBCL_GSE11318,15885
GSM275037-PUB_DLBCL_GSE11318,15885
GSM275038-PUB_DLBCL_GSE11318,15885
GSM275039-PUB_DLBCL_GSE11318,15885
GSM275040-PUB_DLBCL_GSE11318,15885
GSM275041-PUB_DLBCL_GSE11318,15885
GSM275042-PUB_DLBCL_GSE11318,15885
GSM275043-PUB_DLBCL_GSE11318,15885
GSM275044-PUB_DLBCL_GSE11318,15885
GSM275045-PUB_DLBCL_GSE11318,15885
GSM275046-PUB_DLBCL_GSE11318,15885
GSM275047-PUB_DLBCL_GSE11318,15885
GSM275048-PUB_DLBCL_GSE11318,15885
GSM275049-PUB_DLBCL_GSE11318,15885
GSM275050-PUB_DLBCL_GSE11318,15885
GSM275051-PUB_DLBCL_GSE11318,15885
GSM275052-PUB_DLBCL_GSE11318,15885
GSM275053-PUB_DLBCL_GSE11318,15885
GSM275054-PUB_DLBCL_GSE11318,15885
GSM275055-PUB_DLBCL_GSE11318,15885
GSM275056-PUB_DLBCL_GSE11318,15885
GSM275057-PUB_DLBCL_GSE11318,15885
GSM275058-PUB_DLBCL_GSE11318,15885
GSM275059-PUB_DLBCL_GSE11318,15885
GSM275060-PUB_DLBCL_GSE11318,15885
GSM275061-PUB_DLBCL_GSE11318,15885
GSM275063-PUB_DLBCL_GSE11318,15885
GSM275064-PUB_DLBCL_GSE11318,15885
GSM275065-PUB_DLBCL_GSE11318,15885
GSM275066-PUB_DLBCL_GSE11318,15885
GSM275067-PUB_DLBCL_GSE11318,15885
GSM275068-PUB_DLBCL_GSE11318,15885
GSM275069-PUB_DLBCL_GSE11318,15885
GSM275070-PUB_DLBCL_GSE11318,15885
GSM275071-PUB_DLBCL_GSE11318,15885
GSM275072-PUB_DLBCL_GSE11318,15885
GSM275073-PUB_DLBCL_GSE11318,15885
GSM275074-PUB_DLBCL_GSE11318,15885
GSM275075-PUB_DLBCL_GSE11318,15885
GSM1358939-PUB_DLBCL_BAGS,15885
GSM1358940-PUB_DLBCL_BAGS,15885
GSM1358941-PUB_DLBCL_BAGS,15885
GSM1358942-PUB_DLBCL_BAGS,15885
GSM1358943-PUB_DLBCL_BAGS,15885
GSM1358944-PUB_DLBCL_BAGS,15885
GSM1358945-PUB_DLBCL_BAGS,15885
GSM1358946-PUB_DLBCL_BAGS,15885
GSM1358947-PUB_DLBCL_BAGS,15885
GSM1358948-PUB_DLBCL_BAGS,15885
GSM1358949-PUB_DLBCL_BAGS,15885
GSM1358950-PUB_DLBCL_BAGS,15885
GSM1358951-PUB_DLBCL_BAGS,15885
GSM1358952-PUB_DLBCL_BAGS,15885
GSM1358953-PUB_DLBCL_BAGS,15885
GSM1358954-PUB_DLBCL_BAGS,15885
GSM1358955-PUB_DLBCL_BAGS,15885
GSM1358958-PUB_DLBCL_BAGS,15885
GSM1358959-PUB_DLBCL_BAGS,15885
GSM1358960-PUB_DLBCL_BAGS,15885
GSM1358962-PUB_DLBCL_BAGS,15885
GSM1358963-PUB_DLBCL_BAGS,15885
GSM1358966-PUB_DLBCL_BAGS,15885
GSM1358969-PUB_DLBCL_BAGS,15885
GSM1358972-PUB_DLBCL_BAGS,15885
GSM1358975-PUB_DLBCL_BAGS,15885
GSM1358976-PUB_DLBCL_BAGS,15885
GSM1358977-PUB_DLBCL_BAGS,15885
GSM1358980-PUB_DLBCL_BAGS,15885
GSM1358982-PUB_DLBCL_BAGS,15885
GSM1358983-PUB_DLBCL_BAGS,15885
GSM1358984-PUB_DLBCL_BAGS,15885
GSM1358985-PUB_DLBCL_BAGS,15885
GSM1358986-PUB_DLBCL_BAGS,15885
GSM1358987-PUB_DLBCL_BAGS,15885
GSM1358988-PUB_DLBCL_BAGS,15885
GSM1358989-PUB_DLBCL_BAGS,15885
GSM1358992-PUB_DLBCL_BAGS,15885
GSM1358994-PUB_DLBCL_BAGS,15885
GSM1358995-PUB_DLBCL_BAGS,15885
GSM1358996-PUB_DLBCL_BAGS,15885
GSM1358997-PUB_DLBCL_BAGS,15885
GSM1358998-PUB_DLBCL_BAGS,15885
GSM1358999-PUB_DLBCL_BAGS,15885
GSM1359000-PUB_DLBCL_BAGS,15885
GSM1359001-PUB_DLBCL_BAGS,15885
GSM1359002-PUB_DLBCL_BAGS,15885
GSM1359003-PUB_DLBCL_BAGS,15885
GSM1359004-PUB_DLBCL_BAGS,15885
GSM1359005-PUB_DLBCL_BAGS,15885
GSM1359006-PUB_DLBCL_BAGS,15885
GSM1359007-PUB_DLBCL_BAGS,15885
GSM1359008-PUB_DLBCL_BAGS,15885
GSM1359009-PUB_DLBCL_BAGS,15885
GSM1359018-PUB_DLBCL_BAGS,15885
KL_B10_U133A-PUB_DLBCL_ETABM346,11727
KL_B14_U133A-PUB_DLBCL_ETABM346,11727
KL_B16_U133A-PUB_DLBCL_ETABM346,11727
KL_B17_U133A-PUB_DLBCL_ETABM346,11727
KL_B18_U133A-PUB_DLBCL_ETABM346,11727
KL_B1_U133A-PUB_DLBCL_ETABM346,11727
KL_B21_U133A-PUB_DLBCL_ETABM346,11727
KL_B22_U133A-PUB_DLBCL_ETABM346,11727
KL_B23_U133A-PUB_DLBCL_ETABM346,11727
KL_B24_U133A-PUB_DLBCL_ETABM346,11727
KL_B25_U133A-PUB_DLBCL_ETABM346,11727
KL_B26_U133A-PUB_DLBCL_ETABM346,11727
KL_B27_U133A-PUB_DLBCL_ETABM346,11727
KL_B28_U133A-PUB_DLBCL_ETABM346,11727
KL_B31_U133A-PUB_DLBCL_ETABM346,11727
KL_B32_U133A-PUB_DLBCL_ETABM346,11727
KL_B33_U133A-PUB_DLBCL_ETABM346,11727
KL_B35_U133A-PUB_DLBCL_ETABM346,11727
KL_B37_U133A-PUB_DLBCL_ETABM346,11727
KL_B3_U133A-PUB_DLBCL_ETABM346,11727
KL_B41_U133A-PUB_DLBCL_ETABM346,11727
KL_B42_U133A-PUB_DLBCL_ETABM346,11727
KL_B43_U133A-PUB_DLBCL_ETABM346,11727
KL_B44_U133A-PUB_DLBCL_ETABM346,11727
KL_B45_U133A-PUB_DLBCL_ETABM346,11727
KL_B47_U133A-PUB_DLBCL_ETABM346,11727
KL_B48_U133A-PUB_DLBCL_ETABM346,11727
KL_B49_U133A-PUB_DLBCL_ETABM346,11727
KL_B4_U133A-PUB_DLBCL_ETABM346,11727
KL_B50_U133A-PUB_DLBCL_ETABM346,11727
KL_B51_U133A-PUB_DLBCL_ETABM346,11727
KL_B53_U133A-PUB_DLBCL_ETABM346,11727
KL_B54_U133A-PUB_DLBCL_ETABM346,11727
KL_B56_U133A-PUB_DLBCL_ETABM346,11727
KL_B57_U133A-PUB_DLBCL_ETABM346,11727
KL_B58_U133A-PUB_DLBCL_ETABM346,11727
KL_B59_U133A-PUB_DLBCL_ETABM346,11727
KL_B5_U133A-PUB_DLBCL_ETABM346,11727
KL_B61_U133A-PUB_DLBCL_ETABM346,11727
KL_B62_U133A-PUB_DLBCL_ETABM346,11727
KL_B63_U133A-PUB_DLBCL_ETABM346,11727
KL_B6_U133A-PUB_DLBCL_ETABM346,11727
KL_B71_U133A-PUB_DLBCL_ETABM346,11727
KL_B72_U133A-PUB_DLBCL_ETABM346,11727
KL_B73_U133A-PUB_DLBCL_ETABM346,11727
KL_B74_U133A-PUB_DLBCL_ETABM346,11727
KL_B75_U133A-PUB_DLBCL_ETABM346,11727
KL_B77_U133A-PUB_DLBCL_ETABM346,11727
KL_B78_U133A-PUB_DLBCL_ETABM346,11727
KL_B85_U133A-PUB_DLBCL_ETABM346,11727
KL_B86_U133A-PUB_DLBCL_ETABM346,11727
KL_B87_U133A-PUB_DLBCL_ETABM346,11727
KL_B8_U133A-PUB_DLBCL_ETABM346,11727
GSM275076-PUB_DLBCL_GSE10846,15885
GSM275077-PUB_DLBCL_GSE10846,15885
GSM275078-PUB_DLBCL_GSE10846,15885
GSM275079-PUB_DLBCL_GSE10846,15885
GSM275080-PUB_DLBCL_GSE10846,15885
GSM275081-PUB_DLBCL_GSE10846,15885
GSM275082-PUB_DLBCL_GSE10846,15885
GSM275083-PUB_DLBCL_GSE10846,15885
GSM275084-PUB_DLBCL_GSE10846,15885
GSM275085-PUB_DLBCL_GSE10846,15885
GSM275086-PUB_DLBCL_GSE10846,15885
GSM275087-PUB_DLBCL_GSE10846,15885
GSM275088-PUB_DLBCL_GSE10846,15885
GSM275089-PUB_DLBCL_GSE10846,15885
GSM275090-PUB_DLBCL_GSE10846,15885
GSM275091-PUB_DLBCL_GSE10846,15885
GSM275092-PUB_DLBCL_GSE10846,15885
GSM275093-PUB_DLBCL_GSE10846,15885
GSM275094-PUB_DLBCL_GSE10846,15885
GSM275095-PUB_DLBCL_GSE10846,15885
GSM275096-PUB_DLBCL_GSE10846,15885
GSM275097-PUB_DLBCL_GSE10846,15885
GSM275098-PUB_DLBCL_GSE10846,15885
GSM275099-PUB_DLBCL_GSE10846,15885
GSM275100-PUB_DLBCL_GSE10846,15885
GSM275101-PUB_DLBCL_GSE10846,15885
GSM275102-PUB_DLBCL_GSE10846,15885
GSM275103-PUB_DLBCL_GSE10846,15885
GSM275104-PUB_DLBCL_GSE10846,15885
GSM275105-PUB_DLBCL_GSE10846,15885
GSM275106-PUB_DLBCL_GSE10846,15885
GSM275107-PUB_DLBCL_GSE10846,15885
GSM275108-PUB_DLBCL_GSE10846,15885
GSM275109-PUB_DLBCL_GSE10846,15885
GSM275110-PUB_DLBCL_GSE10846,15885
GSM275111-PUB_DLBCL_GSE10846,15885
GSM275112-PUB_DLBCL_GSE10846,15885
GSM275113-PUB_DLBCL_GSE10846,15885
GSM275114-PUB_DLBCL_GSE10846,15885
GSM275115-PUB_DLBCL_GSE10846,15885
GSM275116-PUB_DLBCL_GSE10846,15885
GSM275117-PUB_DLBCL_GSE10846,15885
GSM275118-PUB_DLBCL_GSE10846,15885
GSM275119-PUB_DLBCL_GSE10846,15885
GSM275120-PUB_DLBCL_GSE10846,15885
GSM275121-PUB_DLBCL_GSE10846,15885
GSM275122-PUB_DLBCL_GSE10846,15885
GSM275123-PUB_DLBCL_GSE10846,15885
GSM275124-PUB_DLBCL_GSE10846,15885
GSM275125-PUB_DLBCL_GSE10846,15885
GSM275126-PUB_DLBCL_GSE10846,15885
GSM275127-PUB_DLBCL_GSE10846,15885
GSM275128-PUB_DLBCL_GSE10846,15885
GSM275129-PUB_DLBCL_GSE10846,15885
GSM275130-PUB_DLBCL_GSE10846,15885
GSM275131-PUB_DLBCL_GSE10846,15885
GSM275132-PUB_DLBCL_GSE10846,15885
GSM275133-PUB_DLBCL_GSE10846,15885
GSM275134-PUB_DLBCL_GSE10846,15885
GSM275135-PUB_DLBCL_GSE10846,15885
GSM275136-PUB_DLBCL_GSE10846,15885
GSM275137-PUB_DLBCL_GSE10846,15885
GSM275138-PUB_DLBCL_GSE10846,15885
GSM275139-PUB_DLBCL_GSE10846,15885
GSM275140-PUB_DLBCL_GSE10846,15885
GSM275141-PUB_DLBCL_GSE10846,15885
GSM275142-PUB_DLBCL_GSE10846,15885
GSM275143-PUB_DLBCL_GSE10846,15885
GSM275144-PUB_DLBCL_GSE10846,15885
GSM275145-PUB_DLBCL_GSE10846,15885
GSM275146-PUB_DLBCL_GSE10846,15885
GSM275147-PUB_DLBCL_GSE10846,15885
GSM275148-PUB_DLBCL_GSE10846,15885
GSM275149-PUB_DLBCL_GSE10846,15885
GSM275150-PUB_DLBCL_GSE10846,15885
GSM275151-PUB_DLBCL_GSE10846,15885
GSM275152-PUB_DLBCL_GSE10846,15885
GSM275153-PUB_DLBCL_GSE10846,15885
GSM275154-PUB_DLBCL_GSE10846,15885
GSM275155-PUB_DLBCL_GSE10846,15885
GSM275156-PUB_DLBCL_GSE10846,15885
GSM275157-PUB_DLBCL_GSE10846,15885
GSM275158-PUB_DLBCL_GSE10846,15885
GSM275159-PUB_DLBCL_GSE10846,15885
GSM275160-PUB_DLBCL_GSE10846,15885
GSM275161-PUB_DLBCL_GSE10846,15885
GSM275162-PUB_DLBCL_GSE10846,15885
GSM275163-PUB_DLBCL_GSE10846,15885
GSM275164-PUB_DLBCL_GSE10846,15885
GSM275165-PUB_DLBCL_GSE10846,15885
GSM275166-PUB_DLBCL_GSE10846,15885
GSM275167-PUB_DLBCL_GSE10846,15885
GSM275168-PUB_DLBCL_GSE10846,15885
GSM275169-PUB_DLBCL_GSE10846,15885
GSM275170-PUB_DLBCL_GSE10846,15885
GSM275171-PUB_DLBCL_GSE10846,15885
GSM275172-PUB_DLBCL_GSE10846,15885
GSM275173-PUB_DLBCL_GSE10846,15885
GSM275174-PUB_DLBCL_GSE10846,15885
GSM275175-PUB_DLBCL_GSE10846,15885
GSM275176-PUB_DLBCL_GSE10846,15885
GSM275177-PUB_DLBCL_GSE10846,15885
GSM275178-PUB_DLBCL_GSE10846,15885
GSM275179-PUB_DLBCL_GSE10846,15885
GSM275180-PUB_DLBCL_GSE10846,15885
GSM275181-PUB_DLBCL_GSE10846,15885
GSM275182-PUB_DLBCL_GSE10846,15885
GSM275183-PUB_DLBCL_GSE10846,15885
GSM275184-PUB_DLBCL_GSE10846,15885
GSM275185-PUB_DLBCL_GSE10846,15885
GSM275186-PUB_DLBCL_GSE10846,15885
GSM275187-PUB_DLBCL_GSE10846,15885
GSM275188-PUB_DLBCL_GSE10846,15885
GSM275189-PUB_DLBCL_GSE10846,15885
GSM275190-PUB_DLBCL_GSE10846,15885
GSM275191-PUB_DLBCL_GSE10846,15885
GSM275192-PUB_DLBCL_GSE10846,15885
GSM275193-PUB_DLBCL_GSE10846,15885
GSM275194-PUB_DLBCL_GSE10846,15885
GSM275195-PUB_DLBCL_GSE10846,15885
GSM275196-PUB_DLBCL_GSE10846,15885
GSM275197-PUB_DLBCL_GSE10846,15885
GSM275198-PUB_DLBCL_GSE10846,15885
GSM275199-PUB_DLBCL_GSE10846,15885
GSM275200-PUB_DLBCL_GSE10846,15885
GSM275201-PUB_DLBCL_GSE10846,15885
GSM275202-PUB_DLBCL_GSE10846,15885
GSM275203-PUB_DLBCL_GSE10846,15885
GSM275204-PUB_DLBCL_GSE10846,15885
GSM275205-PUB_DLBCL_GSE10846,15885
GSM275206-PUB_DLBCL_GSE10846,15885
GSM275207-PUB_DLBCL_GSE10846,15885
GSM275208-PUB_DLBCL_GSE10846,15885
GSM275209-PUB_DLBCL_GSE10846,15885
GSM275210-PUB_DLBCL_GSE10846,15885
GSM275211-PUB_DLBCL_GSE10846,15885
GSM275212-PUB_DLBCL_GSE10846,15885
GSM275213-PUB_DLBCL_GSE10846,15885
GSM275214-PUB_DLBCL_GSE10846,15885
GSM275215-PUB_DLBCL_GSE10846,15885
GSM275216-PUB_DLBCL_GSE10846,15885
GSM275217-PUB_DLBCL_GSE10846,15885
GSM275218-PUB_DLBCL_GSE10846,15885
GSM275219-PUB_DLBCL_GSE10846,15885
GSM275220-PUB_DLBCL_GSE10846,15885
GSM275221-PUB_DLBCL_GSE10846,15885
GSM275222-PUB_DLBCL_GSE10846,15885
GSM275223-PUB_DLBCL_GSE10846,15885
GSM275224-PUB_DLBCL_GSE10846,15885
GSM275225-PUB_DLBCL_GSE10846,15885
GSM275226-PUB_DLBCL_GSE10846,15885
GSM275227-PUB_DLBCL_GSE10846,15885
GSM275228-PUB_DLBCL_GSE10846,15885
GSM275229-PUB_DLBCL_GSE10846,15885
GSM275230-PUB_DLBCL_GSE10846,15885
GSM275231-PUB_DLBCL_GSE10846,15885
GSM275232-PUB_DLBCL_GSE10846,15885
GSM275233-PUB_DLBCL_GSE10846,15885
GSM275234-PUB_DLBCL_GSE10846,15885
GSM275235-PUB_DLBCL_GSE10846,15885
GSM275236-PUB_DLBCL_GSE10846,15885
GSM275237-PUB_DLBCL_GSE10846,15885
GSM275238-PUB_DLBCL_GSE10846,15885
GSM275239-PUB_DLBCL_GSE10846,15885
GSM275240-PUB_DLBCL_GSE10846,15885
GSM275241-PUB_DLBCL_GSE10846,15885
GSM275242-PUB_DLBCL_GSE10846,15885
GSM275243-PUB_DLBCL_GSE10846,15885
GSM275244-PUB_DLBCL_GSE10846,15885
GSM275245-PUB_DLBCL_GSE10846,15885
GSM275246-PUB_DLBCL_GSE10846,15885
GSM275247-PUB_DLBCL_GSE10846,15885
GSM275248-PUB_DLBCL_GSE10846,15885
GSM275249-PUB_DLBCL_GSE10846,15885
GSM275250-PUB_DLBCL_GSE10846,15885
GSM275251-PUB_DLBCL_GSE10846,15885
GSM275252-PUB_DLBCL_GSE10846,15885
GSM275253-PUB_DLBCL_GSE10846,15885
GSM275254-PUB_DLBCL_GSE10846,15885
GSM275255-PUB_DLBCL_GSE10846,15885
GSM275256-PUB_DLBCL_GSE10846,15885
GSM275257-PUB_DLBCL_GSE10846,15885
GSM275258-PUB_DLBCL_GSE10846,15885
GSM275259-PUB_DLBCL_GSE10846,15885
GSM275260-PUB_DLBCL_GSE10846,15885
GSM275261-PUB_DLBCL_GSE10846,15885
GSM275262-PUB_DLBCL_GSE10846,15885
GSM275263-PUB_DLBCL_GSE10846,15885
GSM275264-PUB_DLBCL_GSE10846,15885
GSM275265-PUB_DLBCL_GSE10846,15885
GSM275266-PUB_DLBCL_GSE10846,15885
GSM275267-PUB_DLBCL_GSE10846,15885
GSM275268-PUB_DLBCL_GSE10846,15885
GSM275269-PUB_DLBCL_GSE10846,15885
GSM275270-PUB_DLBCL_GSE10846,15885
GSM275271-PUB_DLBCL_GSE10846,15885
GSM275272-PUB_DLBCL_GSE10846,15885
GSM275273-PUB_DLBCL_GSE10846,15885
GSM275274-PUB_DLBCL_GSE10846,15885
GSM275275-PUB_DLBCL_GSE10846,15885
GSM275276-PUB_DLBCL_GSE10846,15885
GSM275277-PUB_DLBCL_GSE10846,15885
GSM275278-PUB_DLBCL_GSE10846,15885
GSM275279-PUB_DLBCL_GSE10846,15885
GSM275280-PUB_DLBCL_GSE10846,15885
GSM275281-PUB_DLBCL_GSE10846,15885
GSM275282-PUB_DLBCL_GSE10846,15885
GSM275283-PUB_DLBCL_GSE10846,15885
GSM275284-PUB_DLBCL_GSE10846,15885
GSM275285-PUB_DLBCL_GSE10846,15885
GSM275286-PUB_DLBCL_GSE10846,15885
GSM275287-PUB_DLBCL_GSE10846,15885
GSM275288-PUB_DLBCL_GSE10846,15885
GSM275289-PUB_DLBCL_GSE10846,15885
GSM275290-PUB_DLBCL_GSE10846,15885
GSM275291-PUB_DLBCL_GSE10846,15885
GSM275292-PUB_DLBCL_GSE10846,15885
GSM275293-PUB_DLBCL_GSE10846,15885
GSM275294-PUB_DLBCL_GSE10846,15885
GSM275295-PUB_DLBCL_GSE10846,15885
GSM275296-PUB_DLBCL_GSE10846,15885
GSM275297-PUB_DLBCL_GSE10846,15885
GSM275298-PUB_DLBCL_GSE10846,15885
GSM275299-PUB_DLBCL_GSE10846,15885
GSM275300-PUB_DLBCL_GSE10846,15885
GSM275301-PUB_DLBCL_GSE10846,15885
GSM275302-PUB_DLBCL_GSE10846,15885
GSM275303-PUB_DLBCL_GSE10846,15885
GSM275304-PUB_DLBCL_GSE10846,15885
GSM275305-PUB_DLBCL_GSE10846,15885
GSM275306-PUB_DLBCL_GSE10846,15885
GSM275307-PUB_DLBCL_GSE10846,15885
GSM275308-PUB_DLBCL_GSE10846,15885
GSM3302930-PUB_DLBCL_GSE117556,15881
GSM3302931-PUB_DLBCL_GSE117556,15881
GSM3302932-PUB_DLBCL_GSE117556,15881
GSM3302933-PUB_DLBCL_GSE117556,15881
GSM3302934-PUB_DLBCL_GSE117556,15881
GSM3302935-PUB_DLBCL_GSE117556,15881
GSM3302936-PUB_DLBCL_GSE117556,15881
GSM3302938-PUB_DLBCL_GSE117556,15881
GSM3302940-PUB_DLBCL_GSE117556,15881
GSM3302942-PUB_DLBCL_GSE117556,15881
GSM3302944-PUB_DLBCL_GSE117556,15881
GSM3302945-PUB_DLBCL_GSE117556,15881
GSM3302946-PUB_DLBCL_GSE117556,15881
GSM3302947-PUB_DLBCL_GSE117556,15881
GSM3302948-PUB_DLBCL_GSE117556,15881
GSM3302949-PUB_DLBCL_GSE117556,15881
GSM3302950-PUB_DLBCL_GSE117556,15881
GSM3302951-PUB_DLBCL_GSE117556,15881
GSM3302952-PUB_DLBCL_GSE117556,15881
GSM3302953-PUB_DLBCL_GSE117556,15881
GSM3302954-PUB_DLBCL_GSE117556,15881
GSM3302955-PUB_DLBCL_GSE117556,15881
GSM3302956-PUB_DLBCL_GSE117556,15881
GSM3302957-PUB_DLBCL_GSE117556,15881
GSM3302958-PUB_DLBCL_GSE117556,15881
GSM3302960-PUB_DLBCL_GSE117556,15881
GSM3302962-PUB_DLBCL_GSE117556,15881
GSM3302963-PUB_DLBCL_GSE117556,15881
GSM3302964-PUB_DLBCL_GSE117556,15881
GSM3302966-PUB_DLBCL_GSE117556,15881
GSM3302967-PUB_DLBCL_GSE117556,15881
GSM3302968-PUB_DLBCL_GSE117556,15881
GSM3302969-PUB_DLBCL_GSE117556,15881
GSM3302970-PUB_DLBCL_GSE117556,15881
GSM3302971-PUB_DLBCL_GSE117556,15881
GSM3302972-PUB_DLBCL_GSE117556,15881
GSM3302973-PUB_DLBCL_GSE117556,15881
GSM3302974-PUB_DLBCL_GSE117556,15881
GSM3302975-PUB_DLBCL_GSE117556,15881
GSM3302977-PUB_DLBCL_GSE117556,15881
GSM3302978-PUB_DLBCL_GSE117556,15881
GSM3302979-PUB_DLBCL_GSE117556,15881
GSM3302980-PUB_DLBCL_GSE117556,15881
GSM3302981-PUB_DLBCL_GSE117556,15881
GSM3302982-PUB_DLBCL_GSE117556,15881
GSM3302983-PUB_DLBCL_GSE117556,15881
GSM3302984-PUB_DLBCL_GSE117556,15881
GSM3302985-PUB_DLBCL_GSE117556,15881
GSM3302986-PUB_DLBCL_GSE117556,15881
GSM3302987-PUB_DLBCL_GSE117556,15881
GSM3302988-PUB_DLBCL_GSE117556,15881
GSM3302989-PUB_DLBCL_GSE117556,15881
GSM3302990-PUB_DLBCL_GSE117556,15881
GSM3302991-PUB_DLBCL_GSE117556,15881
GSM3302992-PUB_DLBCL_GSE117556,15881
GSM3302993-PUB_DLBCL_GSE117556,15881
GSM3302994-PUB_DLBCL_GSE117556,15881
GSM3302995-PUB_DLBCL_GSE117556,15881
GSM3302996-PUB_DLBCL_GSE117556,15881
GSM3302997-PUB_DLBCL_GSE117556,15881
GSM3302998-PUB_DLBCL_GSE117556,15881
GSM3302999-PUB_DLBCL_GSE117556,15881
GSM3303000-PUB_DLBCL_GSE117556,15881
GSM3303001-PUB_DLBCL_GSE117556,15881
GSM3303002-PUB_DLBCL_GSE117556,15881
GSM3303003-PUB_DLBCL_GSE117556,15881
GSM3303004-PUB_DLBCL_GSE117556,15881
GSM3303005-PUB_DLBCL_GSE117556,15881
GSM3303006-PUB_DLBCL_GSE117556,15881
GSM3303007-PUB_DLBCL_GSE117556,15881
GSM3303008-PUB_DLBCL_GSE117556,15881
GSM3303009-PUB_DLBCL_GSE117556,15881
GSM3303010-PUB_DLBCL_GSE117556,15881
GSM3303011-PUB_DLBCL_GSE117556,15881
GSM3303013-PUB_DLBCL_GSE117556,15881
GSM3303014-PUB_DLBCL_GSE117556,15881
GSM3303015-PUB_DLBCL_GSE117556,15881
GSM3303016-PUB_DLBCL_GSE117556,15881
GSM3303017-PUB_DLBCL_GSE117556,15881
GSM3303018-PUB_DLBCL_GSE117556,15881
GSM3303019-PUB_DLBCL_GSE117556,15881
GSM3303020-PUB_DLBCL_GSE117556,15881
GSM3303021-PUB_DLBCL_GSE117556,15881
GSM3303022-PUB_DLBCL_GSE117556,15881
GSM3303023-PUB_DLBCL_GSE117556,15881
GSM3303024-PUB_DLBCL_GSE117556,15881
GSM3303025-PUB_DLBCL_GSE117556,15881
GSM3303026-PUB_DLBCL_GSE117556,15881
GSM3303027-PUB_DLBCL_GSE117556,15881
GSM3303028-PUB_DLBCL_GSE117556,15881
GSM3303029-PUB_DLBCL_GSE117556,15881
GSM3303030-PUB_DLBCL_GSE117556,15881
GSM3303032-PUB_DLBCL_GSE117556,15881
GSM3303033-PUB_DLBCL_GSE117556,15881
GSM3303034-PUB_DLBCL_GSE117556,15881
GSM3303035-PUB_DLBCL_GSE117556,15881
GSM3303037-PUB_DLBCL_GSE117556,15881
GSM3303038-PUB_DLBCL_GSE117556,15881
GSM3303040-PUB_DLBCL_GSE117556,15881
GSM3303043-PUB_DLBCL_GSE117556,15881
GSM3303044-PUB_DLBCL_GSE117556,15881
GSM3303045-PUB_DLBCL_GSE117556,15881
GSM3303046-PUB_DLBCL_GSE117556,15881
GSM3303047-PUB_DLBCL_GSE117556,15881
GSM3303048-PUB_DLBCL_GSE117556,15881
GSM3303049-PUB_DLBCL_GSE117556,15881
GSM3303050-PUB_DLBCL_GSE117556,15881
GSM3303051-PUB_DLBCL_GSE117556,15881
GSM3303052-PUB_DLBCL_GSE117556,15881
GSM3303053-PUB_DLBCL_GSE117556,15881
GSM3303055-PUB_DLBCL_GSE117556,15881
GSM3303056-PUB_DLBCL_GSE117556,15881
GSM3303057-PUB_DLBCL_GSE117556,15881
GSM3303058-PUB_DLBCL_GSE117556,15881
GSM3303059-PUB_DLBCL_GSE117556,15881
GSM3303060-PUB_DLBCL_GSE117556,15881
GSM3303061-PUB_DLBCL_GSE117556,15881
GSM3303063-PUB_DLBCL_GSE117556,15881
GSM3303064-PUB_DLBCL_GSE117556,15881
GSM3303065-PUB_DLBCL_GSE117556,15881
GSM3303066-PUB_DLBCL_GSE117556,15881
GSM3303067-PUB_DLBCL_GSE117556,15881
GSM3303068-PUB_DLBCL_GSE117556,15881
GSM3303069-PUB_DLBCL_GSE117556,15881
GSM3303070-PUB_DLBCL_GSE117556,15881
GSM3303071-PUB_DLBCL_GSE117556,15881
GSM3303072-PUB_DLBCL_GSE117556,15881
GSM3303073-PUB_DLBCL_GSE117556,15881
GSM3303074-PUB_DLBCL_GSE117556,15881
GSM3303075-PUB_DLBCL_GSE117556,15881
GSM3303076-PUB_DLBCL_GSE117556,15881
GSM3303077-PUB_DLBCL_GSE117556,15881
GSM3303078-PUB_DLBCL_GSE117556,15881
GSM3303079-PUB_DLBCL_GSE117556,15881
GSM3303080-PUB_DLBCL_GSE117556,15881
GSM3303081-PUB_DLBCL_GSE117556,15881
GSM3303082-PUB_DLBCL_GSE117556,15881
GSM3303083-PUB_DLBCL_GSE117556,15881
GSM3303084-PUB_DLBCL_GSE117556,15881
GSM3303085-PUB_DLBCL_GSE117556,15881
GSM3303086-PUB_DLBCL_GSE117556,15881
GSM3303087-PUB_DLBCL_GSE117556,15881
GSM3303088-PUB_DLBCL_GSE117556,15881
GSM3303090-PUB_DLBCL_GSE117556,15881
GSM3303091-PUB_DLBCL_GSE117556,15881
GSM3303092-PUB_DLBCL_GSE117556,15881
GSM3303093-PUB_DLBCL_GSE117556,15881
GSM3303094-PUB_DLBCL_GSE117556,15881
GSM3303096-PUB_DLBCL_GSE117556,15881
GSM3303097-PUB_DLBCL_GSE117556,15881
GSM3303098-PUB_DLBCL_GSE117556,15881
GSM3303099-PUB_DLBCL_GSE117556,15881
GSM3303100-PUB_DLBCL_GSE117556,15881
GSM3303101-PUB_DLBCL_GSE117556,15881
GSM3303102-PUB_DLBCL_GSE117556,15881
GSM3303103-PUB_DLBCL_GSE117556,15881
GSM3303104-PUB_DLBCL_GSE117556,15881
GSM3303105-PUB_DLBCL_GSE117556,15881
GSM3303106-PUB_DLBCL_GSE117556,15881
GSM3303107-PUB_DLBCL_GSE117556,15881
GSM3303109-PUB_DLBCL_GSE117556,15881
GSM3303110-PUB_DLBCL_GSE117556,15881
GSM3303111-PUB_DLBCL_GSE117556,15881
GSM3303112-PUB_DLBCL_GSE117556,15881
GSM3303113-PUB_DLBCL_GSE117556,15881
GSM3303114-PUB_DLBCL_GSE117556,15881
GSM3303115-PUB_DLBCL_GSE117556,15881
GSM3303116-PUB_DLBCL_GSE117556,15881
GSM3303117-PUB_DLBCL_GSE117556,15881
GSM3303118-PUB_DLBCL_GSE117556,15881
GSM3303119-PUB_DLBCL_GSE117556,15881
GSM3303120-PUB_DLBCL_GSE117556,15881
GSM3303121-PUB_DLBCL_GSE117556,15881
GSM3303122-PUB_DLBCL_GSE117556,15881
GSM3303124-PUB_DLBCL_GSE117556,15881
GSM3303125-PUB_DLBCL_GSE117556,15881
GSM3303126-PUB_DLBCL_GSE117556,15881
GSM3303127-PUB_DLBCL_GSE117556,15881
GSM3303128-PUB_DLBCL_GSE117556,15881
GSM3303129-PUB_DLBCL_GSE117556,15881
GSM3303130-PUB_DLBCL_GSE117556,15881
GSM3303131-PUB_DLBCL_GSE117556,15881
GSM3303132-PUB_DLBCL_GSE117556,15881
GSM3303133-PUB_DLBCL_GSE117556,15881
GSM3303134-PUB_DLBCL_GSE117556,15881
GSM3303135-PUB_DLBCL_GSE117556,15881
GSM3303136-PUB_DLBCL_GSE117556,15881
GSM3303137-PUB_DLBCL_GSE117556,15881
GSM3303138-PUB_DLBCL_GSE117556,15881
GSM3303140-PUB_DLBCL_GSE117556,15881
GSM3303142-PUB_DLBCL_GSE117556,15881
GSM3303143-PUB_DLBCL_GSE117556,15881
GSM3303144-PUB_DLBCL_GSE117556,15881
GSM3303145-PUB_DLBCL_GSE117556,15881
GSM3303146-PUB_DLBCL_GSE117556,15881
GSM3303147-PUB_DLBCL_GSE117556,15881
GSM3303148-PUB_DLBCL_GSE117556,15881
GSM3303149-PUB_DLBCL_GSE117556,15881
GSM3303150-PUB_DLBCL_GSE117556,15881
GSM3303151-PUB_DLBCL_GSE117556,15881
GSM3303152-PUB_DLBCL_GSE117556,15881
GSM3303153-PUB_DLBCL_GSE117556,15881
GSM3303155-PUB_DLBCL_GSE117556,15881
GSM3303156-PUB_DLBCL_GSE117556,15881
GSM3303157-PUB_DLBCL_GSE117556,15881
GSM3303158-PUB_DLBCL_GSE117556,15881
GSM3303159-PUB_DLBCL_GSE117556,15881
GSM3303160-PUB_DLBCL_GSE117556,15881
GSM3303161-PUB_DLBCL_GSE117556,15881
GSM3303162-PUB_DLBCL_GSE117556,15881
GSM3303163-PUB_DLBCL_GSE117556,15881
GSM3303164-PUB_DLBCL_GSE117556,15881
GSM3303165-PUB_DLBCL_GSE117556,15881
GSM3303167-PUB_DLBCL_GSE117556,15881
GSM3303168-PUB_DLBCL_GSE117556,15881
GSM3303169-PUB_DLBCL_GSE117556,15881
GSM3303170-PUB_DLBCL_GSE117556,15881
GSM3303171-PUB_DLBCL_GSE117556,15881
GSM3303172-PUB_DLBCL_GSE117556,15881
GSM3303174-PUB_DLBCL_GSE117556,15881
GSM3303175-PUB_DLBCL_GSE117556,15881
GSM3303177-PUB_DLBCL_GSE117556,15881
GSM3303178-PUB_DLBCL_GSE117556,15881
GSM3303179-PUB_DLBCL_GSE117556,15881
GSM3303180-PUB_DLBCL_GSE117556,15881
GSM3303182-PUB_DLBCL_GSE117556,15881
GSM3303183-PUB_DLBCL_GSE117556,15881
GSM3303184-PUB_DLBCL_GSE117556,15881
GSM3303185-PUB_DLBCL_GSE117556,15881
GSM3303186-PUB_DLBCL_GSE117556,15881
GSM3303187-PUB_DLBCL_GSE117556,15881
GSM3303188-PUB_DLBCL_GSE117556,15881
GSM3303189-PUB_DLBCL_GSE117556,15881
GSM3303190-PUB_DLBCL_GSE117556,15881
GSM3303191-PUB_DLBCL_GSE117556,15881
GSM3303192-PUB_DLBCL_GSE117556,15881
GSM3303193-PUB_DLBCL_GSE117556,15881
GSM3303194-PUB_DLBCL_GSE117556,15881
GSM3303195-PUB_DLBCL_GSE117556,15881
GSM3303197-PUB_DLBCL_GSE117556,15881
GSM3303198-PUB_DLBCL_GSE117556,15881
GSM3303201-PUB_DLBCL_GSE117556,15881
GSM3303202-PUB_DLBCL_GSE117556,15881
GSM3303203-PUB_DLBCL_GSE117556,15881
GSM3303204-PUB_DLBCL_GSE117556,15881
GSM3303205-PUB_DLBCL_GSE117556,15881
GSM3303206-PUB_DLBCL_GSE117556,15881
GSM3303207-PUB_DLBCL_GSE117556,15881
GSM3303208-PUB_DLBCL_GSE117556,15881
GSM3303210-PUB_DLBCL_GSE117556,15881
GSM3303211-PUB_DLBCL_GSE117556,15881
GSM3303213-PUB_DLBCL_GSE117556,15881
GSM3303214-PUB_DLBCL_GSE117556,15881
GSM3303215-PUB_DLBCL_GSE117556,15881
GSM3303216-PUB_DLBCL_GSE117556,15881
GSM3303217-PUB_DLBCL_GSE117556,15881
GSM3303218-PUB_DLBCL_GSE117556,15881
GSM3303219-PUB_DLBCL_GSE117556,15881
GSM3303220-PUB_DLBCL_GSE117556,15881
GSM3303221-PUB_DLBCL_GSE117556,15881
GSM3303222-PUB_DLBCL_GSE117556,15881
GSM3303223-PUB_DLBCL_GSE117556,15881
GSM3303224-PUB_DLBCL_GSE117556,15881
GSM3303226-PUB_DLBCL_GSE117556,15881
GSM3303227-PUB_DLBCL_GSE117556,15881
GSM3303228-PUB_DLBCL_GSE117556,15881
GSM3303229-PUB_DLBCL_GSE117556,15881
GSM3303230-PUB_DLBCL_GSE117556,15881
GSM3303231-PUB_DLBCL_GSE117556,15881
GSM3303232-PUB_DLBCL_GSE117556,15881
GSM3303233-PUB_DLBCL_GSE117556,15881
GSM3303234-PUB_DLBCL_GSE117556,15881
GSM3303235-PUB_DLBCL_GSE117556,15881
GSM3303236-PUB_DLBCL_GSE117556,15881
GSM3303237-PUB_DLBCL_GSE117556,15881
GSM3303238-PUB_DLBCL_GSE117556,15881
GSM3303240-PUB_DLBCL_GSE117556,15881
GSM3303241-PUB_DLBCL_GSE117556,15881
GSM3303242-PUB_DLBCL_GSE117556,15881
GSM3303243-PUB_DLBCL_GSE117556,15881
GSM3303244-PUB_DLBCL_GSE117556,15881
GSM3303245-PUB_DLBCL_GSE117556,15881
GSM3303246-PUB_DLBCL_GSE117556,15881
GSM3303247-PUB_DLBCL_GSE117556,15881
GSM3303248-PUB_DLBCL_GSE117556,15881
GSM3303249-PUB_DLBCL_GSE117556,15881
GSM3303250-PUB_DLBCL_GSE117556,15881
GSM3303251-PUB_DLBCL_GSE117556,15881
GSM3303252-PUB_DLBCL_GSE117556,15881
GSM3303253-PUB_DLBCL_GSE117556,15881
GSM3303254-PUB_DLBCL_GSE117556,15881
GSM3303255-PUB_DLBCL_GSE117556,15881
GSM3303256-PUB_DLBCL_GSE117556,15881
GSM3303257-PUB_DLBCL_GSE117556,15881
GSM3303259-PUB_DLBCL_GSE117556,15881
GSM3303260-PUB_DLBCL_GSE117556,15881
GSM3303261-PUB_DLBCL_GSE117556,15881
GSM3303262-PUB_DLBCL_GSE117556,15881
GSM3303263-PUB_DLBCL_GSE117556,15881
GSM3303264-PUB_DLBCL_GSE117556,15881
GSM3303265-PUB_DLBCL_GSE117556,15881
GSM3303268-PUB_DLBCL_GSE117556,15881
GSM3303270-PUB_DLBCL_GSE117556,15881
GSM3303271-PUB_DLBCL_GSE117556,15881
GSM3303272-PUB_DLBCL_GSE117556,15881
GSM3303273-PUB_DLBCL_GSE117556,15881
GSM3303274-PUB_DLBCL_GSE117556,15881
GSM3303276-PUB_DLBCL_GSE117556,15881
GSM3303277-PUB_DLBCL_GSE117556,15881
GSM3303278-PUB_DLBCL_GSE117556,15881
GSM3303279-PUB_DLBCL_GSE117556,15881
GSM3303280-PUB_DLBCL_GSE117556,15881
GSM3303281-PUB_DLBCL_GSE117556,15881
GSM3303282-PUB_DLBCL_GSE117556,15881
GSM3303283-PUB_DLBCL_GSE117556,15881
GSM3303284-PUB_DLBCL_GSE117556,15881
GSM3303285-PUB_DLBCL_GSE117556,15881
GSM3303286-PUB_DLBCL_GSE117556,15881
GSM3303287-PUB_DLBCL_GSE117556,15881
GSM3303288-PUB_DLBCL_GSE117556,15881
GSM3303289-PUB_DLBCL_GSE117556,15881
GSM3303290-PUB_DLBCL_GSE117556,15881
GSM3303291-PUB_DLBCL_GSE117556,15881
GSM3303292-PUB_DLBCL_GSE117556,15881
GSM3303293-PUB_DLBCL_GSE117556,15881
GSM3303295-PUB_DLBCL_GSE117556,15881
GSM3303296-PUB_DLBCL_GSE117556,15881
GSM3303298-PUB_DLBCL_GSE117556,15881
GSM3303299-PUB_DLBCL_GSE117556,15881
GSM3303300-PUB_DLBCL_GSE117556,15881
GSM3303301-PUB_DLBCL_GSE117556,15881
GSM3303302-PUB_DLBCL_GSE117556,15881
GSM3303303-PUB_DLBCL_GSE117556,15881
GSM3303304-PUB_DLBCL_GSE117556,15881
GSM3303305-PUB_DLBCL_GSE117556,15881
GSM3303306-PUB_DLBCL_GSE117556,15881
GSM3303307-PUB_DLBCL_GSE117556,15881
GSM3303309-PUB_DLBCL_GSE117556,15881
GSM3303310-PUB_DLBCL_GSE117556,15881
GSM3303311-PUB_DLBCL_GSE117556,15881
GSM3303312-PUB_DLBCL_GSE117556,15881
GSM3303313-PUB_DLBCL_GSE117556,15881
GSM3303314-PUB_DLBCL_GSE117556,15881
GSM3303315-PUB_DLBCL_GSE117556,15881
GSM3303316-PUB_DLBCL_GSE117556,15881
GSM3303317-PUB_DLBCL_GSE117556,15881
GSM3303318-PUB_DLBCL_GSE117556,15881
GSM3303319-PUB_DLBCL_GSE117556,15881
GSM3303320-PUB_DLBCL_GSE117556,15881
GSM3303321-PUB_DLBCL_GSE117556,15881
GSM3303323-PUB_DLBCL_GSE117556,15881
GSM3303324-PUB_DLBCL_GSE117556,15881
GSM3303325-PUB_DLBCL_GSE117556,15881
GSM3303326-PUB_DLBCL_GSE117556,15881
GSM3303328-PUB_DLBCL_GSE117556,15881
GSM3303329-PUB_DLBCL_GSE117556,15881
GSM3303330-PUB_DLBCL_GSE117556,15881
GSM3303331-PUB_DLBCL_GSE117556,15881
GSM3303332-PUB_DLBCL_GSE117556,15881
GSM3303333-PUB_DLBCL_GSE117556,15881
GSM3303334-PUB_DLBCL_GSE117556,15881
GSM3303335-PUB_DLBCL_GSE117556,15881
GSM3303336-PUB_DLBCL_GSE117556,15881
GSM3303337-PUB_DLBCL_GSE117556,15881
GSM3303338-PUB_DLBCL_GSE117556,15881
GSM3303339-PUB_DLBCL_GSE117556,15881
GSM3303340-PUB_DLBCL_GSE117556,15881
GSM3303342-PUB_DLBCL_GSE117556,15881
GSM3303343-PUB_DLBCL_GSE117556,15881
GSM3303344-PUB_DLBCL_GSE117556,15881
GSM3303345-PUB_DLBCL_GSE117556,15881
GSM3303347-PUB_DLBCL_GSE117556,15881
GSM3303348-PUB_DLBCL_GSE117556,15881
GSM3303349-PUB_DLBCL_GSE117556,15881
GSM3303350-PUB_DLBCL_GSE117556,15881
GSM3303351-PUB_DLBCL_GSE117556,15881
GSM3303352-PUB_DLBCL_GSE117556,15881
GSM3303353-PUB_DLBCL_GSE117556,15881
GSM3303354-PUB_DLBCL_GSE117556,15881
GSM3303355-PUB_DLBCL_GSE117556,15881
GSM3303356-PUB_DLBCL_GSE117556,15881
GSM3303357-PUB_DLBCL_GSE117556,15881
GSM3303358-PUB_DLBCL_GSE117556,15881
GSM3303359-PUB_DLBCL_GSE117556,15881
GSM3303360-PUB_DLBCL_GSE117556,15881
GSM3303361-PUB_DLBCL_GSE117556,15881
GSM3303362-PUB_DLBCL_GSE117556,15881
GSM3303363-PUB_DLBCL_GSE117556,15881
GSM3303364-PUB_DLBCL_GSE117556,15881
GSM3303365-PUB_DLBCL_GSE117556,15881
GSM3303366-PUB_DLBCL_GSE117556,15881
GSM3303367-PUB_DLBCL_GSE117556,15881
GSM3303368-PUB_DLBCL_GSE117556,15881
GSM3303369-PUB_DLBCL_GSE117556,15881
GSM3303370-PUB_DLBCL_GSE117556,15881
GSM3303371-PUB_DLBCL_GSE117556,15881
GSM3303373-PUB_DLBCL_GSE117556,15881
GSM3303374-PUB_DLBCL_GSE117556,15881
GSM3303375-PUB_DLBCL_GSE117556,15881
GSM3303376-PUB_DLBCL_GSE117556,15881
GSM3303377-PUB_DLBCL_GSE117556,15881
GSM3303378-PUB_DLBCL_GSE117556,15881
GSM3303379-PUB_DLBCL_GSE117556,15881
GSM3303380-PUB_DLBCL_GSE117556,15881
GSM3303381-PUB_DLBCL_GSE117556,15881
GSM3303382-PUB_DLBCL_GSE117556,15881
GSM3303383-PUB_DLBCL_GSE117556,15881
GSM3303384-PUB_DLBCL_GSE117556,15881
GSM3303385-PUB_DLBCL_GSE117556,15881
GSM3303386-PUB_DLBCL_GSE117556,15881
GSM3303387-PUB_DLBCL_GSE117556,15881
GSM3303388-PUB_DLBCL_GSE117556,15881
GSM3303389-PUB_DLBCL_GSE117556,15881
GSM3303390-PUB_DLBCL_GSE117556,15881
GSM3303391-PUB_DLBCL_GSE117556,15881
GSM3303392-PUB_DLBCL_GSE117556,15881
GSM3303393-PUB_DLBCL_GSE117556,15881
GSM3303394-PUB_DLBCL_GSE117556,15881
GSM3303395-PUB_DLBCL_GSE117556,15881
GSM3303396-PUB_DLBCL_GSE117556,15881
GSM3303397-PUB_DLBCL_GSE117556,15881
GSM3303398-PUB_DLBCL_GSE117556,15881
GSM3303399-PUB_DLBCL_GSE117556,15881
GSM3303400-PUB_DLBCL_GSE117556,15881
GSM3303401-PUB_DLBCL_GSE117556,15881
GSM3303403-PUB_DLBCL_GSE117556,15881
GSM3303404-PUB_DLBCL_GSE117556,15881
GSM3303406-PUB_DLBCL_GSE117556,15881
GSM3303408-PUB_DLBCL_GSE117556,15881
GSM3303409-PUB_DLBCL_GSE117556,15881
GSM3303410-PUB_DLBCL_GSE117556,15881
GSM3303412-PUB_DLBCL_GSE117556,15881
GSM3303413-PUB_DLBCL_GSE117556,15881
GSM3303414-PUB_DLBCL_GSE117556,15881
GSM3303415-PUB_DLBCL_GSE117556,15881
GSM3303416-PUB_DLBCL_GSE117556,15881
GSM3303417-PUB_DLBCL_GSE117556,15881
GSM3303418-PUB_DLBCL_GSE117556,15881
GSM3303420-PUB_DLBCL_GSE117556,15881
GSM3303421-PUB_DLBCL_GSE117556,15881
GSM3303422-PUB_DLBCL_GSE117556,15881
GSM3303423-PUB_DLBCL_GSE117556,15881
GSM3303425-PUB_DLBCL_GSE117556,15881
GSM3303426-PUB_DLBCL_GSE117556,15881
GSM3303427-PUB_DLBCL_GSE117556,15881
GSM3303428-PUB_DLBCL_GSE117556,15881
GSM3303429-PUB_DLBCL_GSE117556,15881
GSM3303430-PUB_DLBCL_GSE117556,15881
GSM3303431-PUB_DLBCL_GSE117556,15881
GSM3303432-PUB_DLBCL_GSE117556,15881
GSM3303433-PUB_DLBCL_GSE117556,15881
GSM3303434-PUB_DLBCL_GSE117556,15881
GSM3303435-PUB_DLBCL_GSE117556,15881
GSM3303436-PUB_DLBCL_GSE117556,15881
GSM3303437-PUB_DLBCL_GSE117556,15881
GSM3303438-PUB_DLBCL_GSE117556,15881
GSM3303442-PUB_DLBCL_GSE117556,15881
GSM3303443-PUB_DLBCL_GSE117556,15881
GSM3303444-PUB_DLBCL_GSE117556,15881
GSM3303445-PUB_DLBCL_GSE117556,15881
GSM3303446-PUB_DLBCL_GSE117556,15881
GSM3303447-PUB_DLBCL_GSE117556,15881
GSM3303448-PUB_DLBCL_GSE117556,15881
GSM3303449-PUB_DLBCL_GSE117556,15881
GSM3303451-PUB_DLBCL_GSE117556,15881
GSM3303452-PUB_DLBCL_GSE117556,15881
GSM3303453-PUB_DLBCL_GSE117556,15881
GSM3303454-PUB_DLBCL_GSE117556,15881
GSM3303455-PUB_DLBCL_GSE117556,15881
GSM3303456-PUB_DLBCL_GSE117556,15881
GSM3303457-PUB_DLBCL_GSE117556,15881
GSM3303458-PUB_DLBCL_GSE117556,15881
GSM3303459-PUB_DLBCL_GSE117556,15881
GSM3303460-PUB_DLBCL_GSE117556,15881
GSM3303461-PUB_DLBCL_GSE117556,15881
GSM3303462-PUB_DLBCL_GSE117556,15881
GSM3303464-PUB_DLBCL_GSE117556,15881
GSM3303465-PUB_DLBCL_GSE117556,15881
GSM3303466-PUB_DLBCL_GSE117556,15881
GSM3303467-PUB_DLBCL_GSE117556,15881
GSM3303468-PUB_DLBCL_GSE117556,15881
GSM3303469-PUB_DLBCL_GSE117556,15881
GSM3303470-PUB_DLBCL_GSE117556,15881
GSM3303472-PUB_DLBCL_GSE117556,15881
GSM3303473-PUB_DLBCL_GSE117556,15881
GSM3303474-PUB_DLBCL_GSE117556,15881
GSM3303475-PUB_DLBCL_GSE117556,15881
GSM3303476-PUB_DLBCL_GSE117556,15881
GSM3303477-PUB_DLBCL_GSE117556,15881
GSM3303478-PUB_DLBCL_GSE117556,15881
GSM3303479-PUB_DLBCL_GSE117556,15881
GSM3303480-PUB_DLBCL_GSE117556,15881
GSM3303481-PUB_DLBCL_GSE117556,15881
GSM3303482-PUB_DLBCL_GSE117556,15881
GSM3303483-PUB_DLBCL_GSE117556,15881
GSM3303484-PUB_DLBCL_GSE117556,15881
GSM3303485-PUB_DLBCL_GSE117556,15881
GSM3303486-PUB_DLBCL_GSE117556,15881
GSM3303487-PUB_DLBCL_GSE117556,15881
GSM3303488-PUB_DLBCL_GSE117556,15881
GSM3303489-PUB_DLBCL_GSE117556,15881
GSM3303490-PUB_DLBCL_GSE117556,15881
GSM3303491-PUB_DLBCL_GSE117556,15881
GSM3303493-PUB_DLBCL_GSE117556,15881
GSM3303494-PUB_DLBCL_GSE117556,15881
GSM3303495-PUB_DLBCL_GSE117556,15881
GSM3303496-PUB_DLBCL_GSE117556,15881
GSM3303497-PUB_DLBCL_GSE117556,15881
GSM3303498-PUB_DLBCL_GSE117556,15881
GSM3303499-PUB_DLBCL_GSE117556,15881
GSM3303500-PUB_DLBCL_GSE117556,15881
GSM3303501-PUB_DLBCL_GSE117556,15881
GSM3303503-PUB_DLBCL_GSE117556,15881
GSM3303504-PUB_DLBCL_GSE117556,15881
GSM3303506-PUB_DLBCL_GSE117556,15881
GSM3303508-PUB_DLBCL_GSE117556,15881
GSM3303510-PUB_DLBCL_GSE117556,15881
GSM3303512-PUB_DLBCL_GSE117556,15881
GSM3303513-PUB_DLBCL_GSE117556,15881
GSM3303514-PUB_DLBCL_GSE117556,15881
GSM3303515-PUB_DLBCL_GSE117556,15881
GSM3303517-PUB_DLBCL_GSE117556,15881
GSM3303518-PUB_DLBCL_GSE117556,15881
GSM3303519-PUB_DLBCL_GSE117556,15881
GSM3303520-PUB_DLBCL_GSE117556,15881
GSM3303521-PUB_DLBCL_GSE117556,15881
GSM3303522-PUB_DLBCL_GSE117556,15881
GSM3303523-PUB_DLBCL_GSE117556,15881
GSM3303525-PUB_DLBCL_GSE117556,15881
GSM3303526-PUB_DLBCL_GSE117556,15881
GSM3303527-PUB_DLBCL_GSE117556,15881
GSM3303528-PUB_DLBCL_GSE117556,15881
GSM3303529-PUB_DLBCL_GSE117556,15881
GSM3303530-PUB_DLBCL_GSE117556,15881
GSM3303531-PUB_DLBCL_GSE117556,15881
GSM3303532-PUB_DLBCL_GSE117556,15881
GSM3303533-PUB_DLBCL_GSE117556,15881
GSM3303534-PUB_DLBCL_GSE117556,15881
GSM3303535-PUB_DLBCL_GSE117556,15881
GSM3303536-PUB_DLBCL_GSE117556,15881
GSM3303537-PUB_DLBCL_GSE117556,15881
GSM3303538-PUB_DLBCL_GSE117556,15881
GSM3303539-PUB_DLBCL_GSE117556,15881
GSM3303541-PUB_DLBCL_GSE117556,15881
GSM3303542-PUB_DLBCL_GSE117556,15881
GSM3303544-PUB_DLBCL_GSE117556,15881
GSM3303545-PUB_DLBCL_GSE117556,15881
GSM3303546-PUB_DLBCL_GSE117556,15881
GSM3303547-PUB_DLBCL_GSE117556,15881
GSM3303550-PUB_DLBCL_GSE117556,15881
GSM3303551-PUB_DLBCL_GSE117556,15881
GSM3303553-PUB_DLBCL_GSE117556,15881
GSM3303554-PUB_DLBCL_GSE117556,15881
GSM3303555-PUB_DLBCL_GSE117556,15881
GSM3303556-PUB_DLBCL_GSE117556,15881
GSM3303557-PUB_DLBCL_GSE117556,15881
GSM3303558-PUB_DLBCL_GSE117556,15881
GSM3303559-PUB_DLBCL_GSE117556,15881
GSM3303560-PUB_DLBCL_GSE117556,15881
GSM3303561-PUB_DLBCL_GSE117556,15881
GSM3303562-PUB_DLBCL_GSE117556,15881
GSM3303563-PUB_DLBCL_GSE117556,15881
GSM3303564-PUB_DLBCL_GSE117556,15881
GSM3303565-PUB_DLBCL_GSE117556,15881
GSM3303566-PUB_DLBCL_GSE117556,15881
GSM3303567-PUB_DLBCL_GSE117556,15881
GSM3303568-PUB_DLBCL_GSE117556,15881
GSM3303569-PUB_DLBCL_GSE117556,15881
GSM3303570-PUB_DLBCL_GSE117556,15881
GSM3303571-PUB_DLBCL_GSE117556,15881
GSM3303572-PUB_DLBCL_GSE117556,15881
GSM3303573-PUB_DLBCL_GSE117556,15881
GSM3303574-PUB_DLBCL_GSE117556,15881
GSM3303575-PUB_DLBCL_GSE117556,15881
GSM3303576-PUB_DLBCL_GSE117556,15881
GSM3303577-PUB_DLBCL_GSE117556,15881
GSM3303578-PUB_DLBCL_GSE117556,15881
GSM3303579-PUB_DLBCL_GSE117556,15881
GSM3303580-PUB_DLBCL_GSE117556,15881
GSM3303581-PUB_DLBCL_GSE117556,15881
GSM3303582-PUB_DLBCL_GSE117556,15881
GSM3303583-PUB_DLBCL_GSE117556,15881
GSM3303584-PUB_DLBCL_GSE117556,15881
GSM3303586-PUB_DLBCL_GSE117556,15881
GSM3303587-PUB_DLBCL_GSE117556,15881
GSM3303588-PUB_DLBCL_GSE117556,15881
GSM3303589-PUB_DLBCL_GSE117556,15881
GSM3303590-PUB_DLBCL_GSE117556,15881
GSM3303591-PUB_DLBCL_GSE117556,15881
GSM3303592-PUB_DLBCL_GSE117556,15881
GSM3303593-PUB_DLBCL_GSE117556,15881
GSM3303594-PUB_DLBCL_GSE117556,15881
GSM3303595-PUB_DLBCL_GSE117556,15881
GSM3303596-PUB_DLBCL_GSE117556,15881
GSM3303597-PUB_DLBCL_GSE117556,15881
GSM3303599-PUB_DLBCL_GSE117556,15881
GSM3303600-PUB_DLBCL_GSE117556,15881
GSM3303601-PUB_DLBCL_GSE117556,15881
GSM3303602-PUB_DLBCL_GSE117556,15881
GSM3303603-PUB_DLBCL_GSE117556,15881
GSM3303605-PUB_DLBCL_GSE117556,15881
GSM3303606-PUB_DLBCL_GSE117556,15881
GSM3303607-PUB_DLBCL_GSE117556,15881
GSM3303608-PUB_DLBCL_GSE117556,15881
GSM3303609-PUB_DLBCL_GSE117556,15881
GSM3303610-PUB_DLBCL_GSE117556,15881
GSM3303611-PUB_DLBCL_GSE117556,15881
GSM3303612-PUB_DLBCL_GSE117556,15881
GSM3303613-PUB_DLBCL_GSE117556,15881
GSM3303614-PUB_DLBCL_GSE117556,15881
GSM3303615-PUB_DLBCL_GSE117556,15881
GSM3303616-PUB_DLBCL_GSE117556,15881
GSM3303618-PUB_DLBCL_GSE117556,15881
GSM3303619-PUB_DLBCL_GSE117556,15881
GSM3303620-PUB_DLBCL_GSE117556,15881
GSM3303621-PUB_DLBCL_GSE117556,15881
GSM3303622-PUB_DLBCL_GSE117556,15881
GSM3303623-PUB_DLBCL_GSE117556,15881
GSM3303625-PUB_DLBCL_GSE117556,15881
GSM3303626-PUB_DLBCL_GSE117556,15881
GSM3303627-PUB_DLBCL_GSE117556,15881
GSM3303628-PUB_DLBCL_GSE117556,15881
GSM3303629-PUB_DLBCL_GSE117556,15881
GSM3303630-PUB_DLBCL_GSE117556,15881
GSM3303631-PUB_DLBCL_GSE117556,15881
GSM3303632-PUB_DLBCL_GSE117556,15881
GSM3303633-PUB_DLBCL_GSE117556,15881
GSM3303634-PUB_DLBCL_GSE117556,15881
GSM3303635-PUB_DLBCL_GSE117556,15881
GSM3303636-PUB_DLBCL_GSE117556,15881
GSM3303637-PUB_DLBCL_GSE117556,15881
GSM3303638-PUB_DLBCL_GSE117556,15881
GSM3303639-PUB_DLBCL_GSE117556,15881
GSM3303640-PUB_DLBCL_GSE117556,15881
GSM3303641-PUB_DLBCL_GSE117556,15881
GSM3303642-PUB_DLBCL_GSE117556,15881
GSM3303643-PUB_DLBCL_GSE117556,15881
GSM3303644-PUB_DLBCL_GSE117556,15881
GSM3303645-PUB_DLBCL_GSE117556,15881
GSM3303647-PUB_DLBCL_GSE117556,15881
GSM3303648-PUB_DLBCL_GSE117556,15881
GSM3303649-PUB_DLBCL_GSE117556,15881
GSM3303650-PUB_DLBCL_GSE117556,15881
GSM3303651-PUB_DLBCL_GSE117556,15881
GSM3303652-PUB_DLBCL_GSE117556,15881
GSM3303653-PUB_DLBCL_GSE117556,15881
GSM3303654-PUB_DLBCL_GSE117556,15881
GSM3303655-PUB_DLBCL_GSE117556,15881
GSM3303656-PUB_DLBCL_GSE117556,15881
GSM3303657-PUB_DLBCL_GSE117556,15881
GSM3303658-PUB_DLBCL_GSE117556,15881
GSM3303659-PUB_DLBCL_GSE117556,15881
GSM3303660-PUB_DLBCL_GSE117556,15881
GSM3303662-PUB_DLBCL_GSE117556,15881
GSM3303663-PUB_DLBCL_GSE117556,15881
GSM3303664-PUB_DLBCL_GSE117556,15881
GSM3303666-PUB_DLBCL_GSE117556,15881
GSM3303667-PUB_DLBCL_GSE117556,15881
GSM3303668-PUB_DLBCL_GSE117556,15881
GSM3303670-PUB_DLBCL_GSE117556,15881
GSM3303671-PUB_DLBCL_GSE117556,15881
GSM3303672-PUB_DLBCL_GSE117556,15881
GSM3303673-PUB_DLBCL_GSE117556,15881
GSM3303674-PUB_DLBCL_GSE117556,15881
GSM3303675-PUB_DLBCL_GSE117556,15881
GSM3303676-PUB_DLBCL_GSE117556,15881
GSM3303677-PUB_DLBCL_GSE117556,15881
GSM3303678-PUB_DLBCL_GSE117556,15881
GSM3303680-PUB_DLBCL_GSE117556,15881
GSM3303682-PUB_DLBCL_GSE117556,15881
GSM3303683-PUB_DLBCL_GSE117556,15881
GSM3303684-PUB_DLBCL_GSE117556,15881
GSM3303685-PUB_DLBCL_GSE117556,15881
GSM3303686-PUB_DLBCL_GSE117556,15881
GSM3303687-PUB_DLBCL_GSE117556,15881
GSM3303688-PUB_DLBCL_GSE117556,15881
GSM3303689-PUB_DLBCL_GSE117556,15881
GSM3303690-PUB_DLBCL_GSE117556,15881
GSM3303691-PUB_DLBCL_GSE117556,15881
GSM3303692-PUB_DLBCL_GSE117556,15881
GSM3303693-PUB_DLBCL_GSE117556,15881
GSM3303694-PUB_DLBCL_GSE117556,15881
GSM3303695-PUB_DLBCL_GSE117556,15881
GSM3303696-PUB_DLBCL_GSE117556,15881
GSM3303698-PUB_DLBCL_GSE117556,15881
GSM3303699-PUB_DLBCL_GSE117556,15881
GSM3303700-PUB_DLBCL_GSE117556,15881
GSM3303701-PUB_DLBCL_GSE117556,15881
GSM3303702-PUB_DLBCL_GSE117556,15881
GSM3303703-PUB_DLBCL_GSE117556,15881
GSM3303704-PUB_DLBCL_GSE117556,15881
GSM3303705-PUB_DLBCL_GSE117556,15881
GSM3303706-PUB_DLBCL_GSE117556,15881
GSM3303707-PUB_DLBCL_GSE117556,15881
GSM3303709-PUB_DLBCL_GSE117556,15881
GSM3303711-PUB_DLBCL_GSE117556,15881
GSM3303712-PUB_DLBCL_GSE117556,15881
GSM3303715-PUB_DLBCL_GSE117556,15881
GSM3303718-PUB_DLBCL_GSE117556,15881
GSM3303719-PUB_DLBCL_GSE117556,15881
GSM3303720-PUB_DLBCL_GSE117556,15881
GSM3303721-PUB_DLBCL_GSE117556,15881
GSM3303722-PUB_DLBCL_GSE117556,15881
GSM3303723-PUB_DLBCL_GSE117556,15881
GSM3303724-PUB_DLBCL_GSE117556,15881
GSM3303725-PUB_DLBCL_GSE117556,15881
GSM3303726-PUB_DLBCL_GSE117556,15881
GSM3303727-PUB_DLBCL_GSE117556,15881
GSM3303728-PUB_DLBCL_GSE117556,15881
GSM3303730-PUB_DLBCL_GSE117556,15881
GSM3303732-PUB_DLBCL_GSE117556,15881
GSM3303733-PUB_DLBCL_GSE117556,15881
GSM3303735-PUB_DLBCL_GSE117556,15881
GSM3303736-PUB_DLBCL_GSE117556,15881
GSM3303738-PUB_DLBCL_GSE117556,15881
GSM3303739-PUB_DLBCL_GSE117556,15881
GSM3303740-PUB_DLBCL_GSE117556,15881
GSM3303742-PUB_DLBCL_GSE117556,15881
GSM3303743-PUB_DLBCL_GSE117556,15881
GSM3303744-PUB_DLBCL_GSE117556,15881
GSM3303745-PUB_DLBCL_GSE117556,15881
GSM3303756-PUB_DLBCL_GSE117556,15881
GSM3303757-PUB_DLBCL_GSE117556,15881
GSM3303758-PUB_DLBCL_GSE117556,15881
GSM3303759-PUB_DLBCL_GSE117556,15881
GSM3303760-PUB_DLBCL_GSE117556,15881
GSM3303762-PUB_DLBCL_GSE117556,15881
GSM3303763-PUB_DLBCL_GSE117556,15881
GSM3303765-PUB_DLBCL_GSE117556,15881
GSM3303766-PUB_DLBCL_GSE117556,15881
GSM3303767-PUB_DLBCL_GSE117556,15881
GSM3303768-PUB_DLBCL_GSE117556,15881
GSM3303769-PUB_DLBCL_GSE117556,15881
GSM3303770-PUB_DLBCL_GSE117556,15881
GSM3303771-PUB_DLBCL_GSE117556,15881
GSM3303772-PUB_DLBCL_GSE117556,15881
GSM3303773-PUB_DLBCL_GSE117556,15881
GSM3303774-PUB_DLBCL_GSE117556,15881
GSM3303775-PUB_DLBCL_GSE117556,15881
GSM3303776-PUB_DLBCL_GSE117556,15881
GSM3303777-PUB_DLBCL_GSE117556,15881
GSM3303778-PUB_DLBCL_GSE117556,15881
GSM3303779-PUB_DLBCL_GSE117556,15881
GSM3303780-PUB_DLBCL_GSE117556,15881
GSM3303781-PUB_DLBCL_GSE117556,15881
GSM3303784-PUB_DLBCL_GSE117556,15881
GSM3303786-PUB_DLBCL_GSE117556,15881
GSM3303787-PUB_DLBCL_GSE117556,15881
GSM3303790-PUB_DLBCL_GSE117556,15881
GSM3303791-PUB_DLBCL_GSE117556,15881
GSM3303792-PUB_DLBCL_GSE117556,15881
GSM3303793-PUB_DLBCL_GSE117556,15881
GSM3303794-PUB_DLBCL_GSE117556,15881
GSM3303795-PUB_DLBCL_GSE117556,15881
GSM3303796-PUB_DLBCL_GSE117556,15881
GSM3303797-PUB_DLBCL_GSE117556,15881
GSM3303798-PUB_DLBCL_GSE117556,15881
GSM3303800-PUB_DLBCL_GSE117556,15881
GSM3303801-PUB_DLBCL_GSE117556,15881
GSM3303802-PUB_DLBCL_GSE117556,15881
GSM3303803-PUB_DLBCL_GSE117556,15881
GSM3303804-PUB_DLBCL_GSE117556,15881
GSM3303805-PUB_DLBCL_GSE117556,15881
GSM3303806-PUB_DLBCL_GSE117556,15881
GSM3303807-PUB_DLBCL_GSE117556,15881
GSM3303808-PUB_DLBCL_GSE117556,15881
GSM3303809-PUB_DLBCL_GSE117556,15881
GSM3303810-PUB_DLBCL_GSE117556,15881
GSM3303811-PUB_DLBCL_GSE117556,15881
GSM3303814-PUB_DLBCL_GSE117556,15881
GSM3303815-PUB_DLBCL_GSE117556,15881
GSM3303816-PUB_DLBCL_GSE117556,15881
GSM3303818-PUB_DLBCL_GSE117556,15881
GSM3303819-PUB_DLBCL_GSE117556,15881
GSM3303822-PUB_DLBCL_GSE117556,15881
GSM3303823-PUB_DLBCL_GSE117556,15881
GSM3303824-PUB_DLBCL_GSE117556,15881
GSM3303825-PUB_DLBCL_GSE117556,15881
GSM3303826-PUB_DLBCL_GSE117556,15881
GSM3303827-PUB_DLBCL_GSE117556,15881
GSM3303830-PUB_DLBCL_GSE117556,15881
GSM3303832-PUB_DLBCL_GSE117556,15881
GSM3303833-PUB_DLBCL_GSE117556,15881
GSM3303834-PUB_DLBCL_GSE117556,15881
GSM3303835-PUB_DLBCL_GSE117556,15881
GSM3303838-PUB_DLBCL_GSE117556,15881
GSM3303839-PUB_DLBCL_GSE117556,15881
GSM3303840-PUB_DLBCL_GSE117556,15881
GSM3303842-PUB_DLBCL_GSE117556,15881
GSM3303843-PUB_DLBCL_GSE117556,15881
GSM3303845-PUB_DLBCL_GSE117556,15881
GSM3303846-PUB_DLBCL_GSE117556,15881
GSM3303848-PUB_DLBCL_GSE117556,15881
GSM3303849-PUB_DLBCL_GSE117556,15881
GSM3303850-PUB_DLBCL_GSE117556,15881
GSM3303851-PUB_DLBCL_GSE117556,15881
GSM3303852-PUB_DLBCL_GSE117556,15881
GSM3303853-PUB_DLBCL_GSE117556,15881
GSM3303854-PUB_DLBCL_GSE117556,15881
GSM3303855-PUB_DLBCL_GSE117556,15881
GSM3303856-PUB_DLBCL_GSE117556,15881
GSM3303857-PUB_DLBCL_GSE117556,15881
GSM3303858-PUB_DLBCL_GSE117556,15881
GSM3303859-PUB_DLBCL_GSE117556,15881
GSM3303860-PUB_DLBCL_GSE117556,15881
GSM3303861-PUB_DLBCL_GSE117556,15881
GSM3303863-PUB_DLBCL_GSE117556,15881
GSM3303864-PUB_DLBCL_GSE117556,15881
GSM3303865-PUB_DLBCL_GSE117556,15881
GSM3303866-PUB_DLBCL_GSE117556,15881
GSM476896-PUB_DLBCL_GSE19246,15885
GSM476897-PUB_DLBCL_GSE19246,15885
GSM476898-PUB_DLBCL_GSE19246,15885
GSM476899-PUB_DLBCL_GSE19246,15885
GSM476900-PUB_DLBCL_GSE19246,15885
GSM476901-PUB_DLBCL_GSE19246,15885
GSM476902-PUB_DLBCL_GSE19246,15885
GSM476903-PUB_DLBCL_GSE19246,15885
GSM476904-PUB_DLBCL_GSE19246,15885
GSM476905-PUB_DLBCL_GSE19246,15885
GSM476906-PUB_DLBCL_GSE19246,15885
GSM476907-PUB_DLBCL_GSE19246,15885
GSM476908-PUB_DLBCL_GSE19246,15885
GSM476909-PUB_DLBCL_GSE19246,15885
GSM476910-PUB_DLBCL_GSE19246,15885
GSM476911-PUB_DLBCL_GSE19246,15885
GSM476912-PUB_DLBCL_GSE19246,15885
GSM476913-PUB_DLBCL_GSE19246,15885
GSM476914-PUB_DLBCL_GSE19246,15885
GSM476915-PUB_DLBCL_GSE19246,15885
GSM476916-PUB_DLBCL_GSE19246,15885
GSM476917-PUB_DLBCL_GSE19246,15885
GSM476918-PUB_DLBCL_GSE19246,15885
GSM476919-PUB_DLBCL_GSE19246,15885
GSM476920-PUB_DLBCL_GSE19246,15885
GSM476921-PUB_DLBCL_GSE19246,15885
GSM476922-PUB_DLBCL_GSE19246,15885
GSM476923-PUB_DLBCL_GSE19246,15885
GSM476924-PUB_DLBCL_GSE19246,15885
GSM476925-PUB_DLBCL_GSE19246,15885
GSM476926-PUB_DLBCL_GSE19246,15885
GSM476927-PUB_DLBCL_GSE19246,15885
GSM476928-PUB_DLBCL_GSE19246,15885
GSM476929-PUB_DLBCL_GSE19246,15885
GSM476930-PUB_DLBCL_GSE19246,15885
GSM476931-PUB_DLBCL_GSE19246,15885
GSM476932-PUB_DLBCL_GSE19246,15885
GSM476933-PUB_DLBCL_GSE19246,15885
GSM476934-PUB_DLBCL_GSE19246,15885
GSM476935-PUB_DLBCL_GSE19246,15885
GSM476936-PUB_DLBCL_GSE19246,15885
GSM476937-PUB_DLBCL_GSE19246,15885
GSM476938-PUB_DLBCL_GSE19246,15885
GSM476939-PUB_DLBCL_GSE19246,15885
GSM476940-PUB_DLBCL_GSE19246,15885
GSM476941-PUB_DLBCL_GSE19246,15885
GSM476942-PUB_DLBCL_GSE19246,15885
GSM476943-PUB_DLBCL_GSE19246,15885
GSM476944-PUB_DLBCL_GSE19246,15885
GSM476945-PUB_DLBCL_GSE19246,15885
GSM476946-PUB_DLBCL_GSE19246,15885
GSM476947-PUB_DLBCL_GSE19246,15885
GSM476948-PUB_DLBCL_GSE19246,15885
GSM476949-PUB_DLBCL_GSE19246,15885
GSM476950-PUB_DLBCL_GSE19246,15885
GSM476951-PUB_DLBCL_GSE19246,15885
GSM476952-PUB_DLBCL_GSE19246,15885
GSM476953-PUB_DLBCL_GSE19246,15885
GSM476954-PUB_DLBCL_GSE19246,15885
DLBCL1000-PUB_DLBCL_GSE22898,15842
DLBCL1021-PUB_DLBCL_GSE22898,15842
DLBCL1051-PUB_DLBCL_GSE22898,15842
DLBCL1052-PUB_DLBCL_GSE22898,15842
DLBCL1055-PUB_DLBCL_GSE22898,15842
DLBCL1057-PUB_DLBCL_GSE22898,15842
DLBCL10a-PUB_DLBCL_GSE22898,15842
DLBCL347-PUB_DLBCL_GSE22898,15842
DLBCL480-PUB_DLBCL_GSE22898,15842
DLBCL481-PUB_DLBCL_GSE22898,15842
DLBCL482-PUB_DLBCL_GSE22898,15842
DLBCL483-PUB_DLBCL_GSE22898,15842
DLBCL484-PUB_DLBCL_GSE22898,15842
DLBCL485-PUB_DLBCL_GSE22898,15842
DLBCL486-PUB_DLBCL_GSE22898,15842
DLBCL487-PUB_DLBCL_GSE22898,15842
DLBCL490-PUB_DLBCL_GSE22898,15842
DLBCL491-PUB_DLBCL_GSE22898,15842
DLBCL492-PUB_DLBCL_GSE22898,15842
DLBCL503-PUB_DLBCL_GSE22898,15842
DLBCL538-PUB_DLBCL_GSE22898,15842
DLBCL648-PUB_DLBCL_GSE22898,15842
DLBCL649-PUB_DLBCL_GSE22898,15842
DLBCL655-PUB_DLBCL_GSE22898,15842
DLBCL658-PUB_DLBCL_GSE22898,15842
DLBCL663-PUB_DLBCL_GSE22898,15842
DLBCL666-PUB_DLBCL_GSE22898,15842
DLBCL683-PUB_DLBCL_GSE22898,15842
DLBCL684-PUB_DLBCL_GSE22898,15842
DLBCL685-PUB_DLBCL_GSE22898,15842
DLBCL689-PUB_DLBCL_GSE22898,15842
DLBCL690-PUB_DLBCL_GSE22898,15842
DLBCL694-PUB_DLBCL_GSE22898,15842
DLBCL701-PUB_DLBCL_GSE22898,15842
DLBCL702-PUB_DLBCL_GSE22898,15842
DLBCL704-PUB_DLBCL_GSE22898,15842
DLBCL705-PUB_DLBCL_GSE22898,15842
DLBCL707-PUB_DLBCL_GSE22898,15842
DLBCL720-PUB_DLBCL_GSE22898,15842
DLBCL721-PUB_DLBCL_GSE22898,15842
DLBCL727-PUB_DLBCL_GSE22898,15842
DLBCL729-PUB_DLBCL_GSE22898,15842
DLBCL733-PUB_DLBCL_GSE22898,15842
DLBCL737-PUB_DLBCL_GSE22898,15842
DLBCL738-PUB_DLBCL_GSE22898,15842
DLBCL756-PUB_DLBCL_GSE22898,15842
DLBCL759-PUB_DLBCL_GSE22898,15842
DLBCL763-PUB_DLBCL_GSE22898,15842
DLBCL770-PUB_DLBCL_GSE22898,15842
DLBCL773-PUB_DLBCL_GSE22898,15842
DLBCL777-PUB_DLBCL_GSE22898,15842
DLBCL778-PUB_DLBCL_GSE22898,15842
DLBCL780-PUB_DLBCL_GSE22898,15842
DLBCL781-PUB_DLBCL_GSE22898,15842
DLBCL782-PUB_DLBCL_GSE22898,15842
DLBCL783-PUB_DLBCL_GSE22898,15842
DLBCL784-PUB_DLBCL_GSE22898,15842
DLBCL785-PUB_DLBCL_GSE22898,15842
DLBCL787-PUB_DLBCL_GSE22898,15842
DLBCL789-PUB_DLBCL_GSE22898,15842
DLBCL790-PUB_DLBCL_GSE22898,15842
DLBCL791-PUB_DLBCL_GSE22898,15842
DLBCL792-PUB_DLBCL_GSE22898,15842
DLBCL793-PUB_DLBCL_GSE22898,15842
DLBCL794-PUB_DLBCL_GSE22898,15842
DLBCL795-PUB_DLBCL_GSE22898,15842
DLBCL797-PUB_DLBCL_GSE22898,15842
DLBCL798-PUB_DLBCL_GSE22898,15842
DLBCL799-PUB_DLBCL_GSE22898,15842
DLBCL800-PUB_DLBCL_GSE22898,15842
DLBCL801-PUB_DLBCL_GSE22898,15842
DLBCL802-PUB_DLBCL_GSE22898,15842
DLBCL803-PUB_DLBCL_GSE22898,15842
DLBCL804-PUB_DLBCL_GSE22898,15842
DLBCL805-PUB_DLBCL_GSE22898,15842
DLBCL806-PUB_DLBCL_GSE22898,15842
DLBCL807-PUB_DLBCL_GSE22898,15842
DLBCL808-PUB_DLBCL_GSE22898,15842
DLBCL809-PUB_DLBCL_GSE22898,15842
DLBCL810-PUB_DLBCL_GSE22898,15842
DLBCL811-PUB_DLBCL_GSE22898,15842
DLBCL812-PUB_DLBCL_GSE22898,15842
DLBCL813-PUB_DLBCL_GSE22898,15842
DLBCL814-PUB_DLBCL_GSE22898,15842
DLBCL815-PUB_DLBCL_GSE22898,15842
DLBCL816-PUB_DLBCL_GSE22898,15842
DLBCL817-PUB_DLBCL_GSE22898,15842
DLBCL818-PUB_DLBCL_GSE22898,15842
DLBCL823-PUB_DLBCL_GSE22898,15842
DLBCL824-PUB_DLBCL_GSE22898,15842
DLBCL825-PUB_DLBCL_GSE22898,15842
DLBCL827-PUB_DLBCL_GSE22898,15842
DLBCL829-PUB_DLBCL_GSE22898,15842
DLBCL830-PUB_DLBCL_GSE22898,15842
DLBCL831-PUB_DLBCL_GSE22898,15842
DLBCL832-PUB_DLBCL_GSE22898,15842
DLBCL833-PUB_DLBCL_GSE22898,15842
DLBCL834-PUB_DLBCL_GSE22898,15842
DLBCL835-PUB_DLBCL_GSE22898,15842
DLBCL842-PUB_DLBCL_GSE22898,15842
DLBCL844-PUB_DLBCL_GSE22898,15842
DLBCL846-PUB_DLBCL_GSE22898,15842
DLBCL855-PUB_DLBCL_GSE22898,15842
DLBCL856-PUB_DLBCL_GSE22898,15842
DLBCL857-PUB_DLBCL_GSE22898,15842
DLBCL858-PUB_DLBCL_GSE22898,15842
DLBCL859-PUB_DLBCL_GSE22898,15842
DLBCL871-PUB_DLBCL_GSE22898,15842
DLBCL875-PUB_DLBCL_GSE22898,15842
DLBCL878-PUB_DLBCL_GSE22898,15842
DLBCL890-PUB_DLBCL_GSE22898,15842
DLBCL891-PUB_DLBCL_GSE22898,15842
DLBCL894-PUB_DLBCL_GSE22898,15842
DLBCL895-PUB_DLBCL_GSE22898,15842
DLBCL899-PUB_DLBCL_GSE22898,15842
DLBCL905-PUB_DLBCL_GSE22898,15842
DLBCL922-PUB_DLBCL_GSE22898,15842
DLBCL923-PUB_DLBCL_GSE22898,15842
DLBCL998-PUB_DLBCL_GSE22898,15842
GSM575635-PUB_DLBCL_GSE23501,15885
GSM575636-PUB_DLBCL_GSE23501,15885
GSM575637-PUB_DLBCL_GSE23501,15885
GSM575638-PUB_DLBCL_GSE23501,15885
GSM575639-PUB_DLBCL_GSE23501,15885
GSM575640-PUB_DLBCL_GSE23501,15885
GSM575641-PUB_DLBCL_GSE23501,15885
GSM575642-PUB_DLBCL_GSE23501,15885
GSM575643-PUB_DLBCL_GSE23501,15885
GSM575644-PUB_DLBCL_GSE23501,15885
GSM575645-PUB_DLBCL_GSE23501,15885
GSM575646-PUB_DLBCL_GSE23501,15885
GSM575647-PUB_DLBCL_GSE23501,15885
GSM575648-PUB_DLBCL_GSE23501,15885
GSM575649-PUB_DLBCL_GSE23501,15885
GSM575650-PUB_DLBCL_GSE23501,15885
GSM575651-PUB_DLBCL_GSE23501,15885
GSM575652-PUB_DLBCL_GSE23501,15885
GSM575653-PUB_DLBCL_GSE23501,15885
GSM575654-PUB_DLBCL_GSE23501,15885
GSM575655-PUB_DLBCL_GSE23501,15885
GSM575656-PUB_DLBCL_GSE23501,15885
GSM575657-PUB_DLBCL_GSE23501,15885
GSM575658-PUB_DLBCL_GSE23501,15885
GSM575659-PUB_DLBCL_GSE23501,15885
GSM575660-PUB_DLBCL_GSE23501,15885
GSM575661-PUB_DLBCL_GSE23501,15885
GSM575662-PUB_DLBCL_GSE23501,15885
GSM575663-PUB_DLBCL_GSE23501,15885
GSM575664-PUB_DLBCL_GSE23501,15885
GSM575665-PUB_DLBCL_GSE23501,15885
GSM575666-PUB_DLBCL_GSE23501,15885
GSM575667-PUB_DLBCL_GSE23501,15885
GSM575668-PUB_DLBCL_GSE23501,15885
GSM575669-PUB_DLBCL_GSE23501,15885
GSM575670-PUB_DLBCL_GSE23501,15885
GSM575671-PUB_DLBCL_GSE23501,15885
GSM575672-PUB_DLBCL_GSE23501,15885
GSM575673-PUB_DLBCL_GSE23501,15885
GSM575674-PUB_DLBCL_GSE23501,15885
GSM575675-PUB_DLBCL_GSE23501,15885
GSM575676-PUB_DLBCL_GSE23501,15885
GSM575677-PUB_DLBCL_GSE23501,15885
GSM575678-PUB_DLBCL_GSE23501,15885
GSM575679-PUB_DLBCL_GSE23501,15885
GSM575680-PUB_DLBCL_GSE23501,15885
GSM575681-PUB_DLBCL_GSE23501,15885
GSM575682-PUB_DLBCL_GSE23501,15885
GSM575683-PUB_DLBCL_GSE23501,15885
GSM575684-PUB_DLBCL_GSE23501,15885
GSM575685-PUB_DLBCL_GSE23501,15885
GSM575686-PUB_DLBCL_GSE23501,15885
GSM575687-PUB_DLBCL_GSE23501,15885
GSM575688-PUB_DLBCL_GSE23501,15885
GSM575689-PUB_DLBCL_GSE23501,15885
GSM575690-PUB_DLBCL_GSE23501,15885
GSM575691-PUB_DLBCL_GSE23501,15885
GSM575692-PUB_DLBCL_GSE23501,15885
GSM575693-PUB_DLBCL_GSE23501,15885
GSM575694-PUB_DLBCL_GSE23501,15885
GSM575695-PUB_DLBCL_GSE23501,15885
GSM575696-PUB_DLBCL_GSE23501,15885
GSM575697-PUB_DLBCL_GSE23501,15885
GSM575698-PUB_DLBCL_GSE23501,15885
GSM575699-PUB_DLBCL_GSE23501,15885
GSM575700-PUB_DLBCL_GSE23501,15885
GSM575701-PUB_DLBCL_GSE23501,15885
GSM575702-PUB_DLBCL_GSE23501,15885
GSM575703-PUB_DLBCL_GSE23501,15885
GSM775979-PUB_DLBCL_GSE31312,15885
GSM775980-PUB_DLBCL_GSE31312,15885
GSM775981-PUB_DLBCL_GSE31312,15885
GSM775982-PUB_DLBCL_GSE31312,15885
GSM775983-PUB_DLBCL_GSE31312,15885
GSM775985-PUB_DLBCL_GSE31312,15885
GSM775986-PUB_DLBCL_GSE31312,15885
GSM775987-PUB_DLBCL_GSE31312,15885
GSM775988-PUB_DLBCL_GSE31312,15885
GSM775990-PUB_DLBCL_GSE31312,15885
GSM775991-PUB_DLBCL_GSE31312,15885
GSM775993-PUB_DLBCL_GSE31312,15885
GSM775994-PUB_DLBCL_GSE31312,15885
GSM775995-PUB_DLBCL_GSE31312,15885
GSM775997-PUB_DLBCL_GSE31312,15885
GSM775998-PUB_DLBCL_GSE31312,15885
GSM775999-PUB_DLBCL_GSE31312,15885
GSM776000-PUB_DLBCL_GSE31312,15885
GSM776001-PUB_DLBCL_GSE31312,15885
GSM776002-PUB_DLBCL_GSE31312,15885
GSM776003-PUB_DLBCL_GSE31312,15885
GSM776004-PUB_DLBCL_GSE31312,15885
GSM776005-PUB_DLBCL_GSE31312,15885
GSM776006-PUB_DLBCL_GSE31312,15885
GSM776007-PUB_DLBCL_GSE31312,15885
GSM776008-PUB_DLBCL_GSE31312,15885
GSM776010-PUB_DLBCL_GSE31312,15885
GSM776011-PUB_DLBCL_GSE31312,15885
GSM776012-PUB_DLBCL_GSE31312,15885
GSM776013-PUB_DLBCL_GSE31312,15885
GSM776014-PUB_DLBCL_GSE31312,15885
GSM776015-PUB_DLBCL_GSE31312,15885
GSM776016-PUB_DLBCL_GSE31312,15885
GSM776017-PUB_DLBCL_GSE31312,15885
GSM776018-PUB_DLBCL_GSE31312,15885
GSM776019-PUB_DLBCL_GSE31312,15885
GSM776020-PUB_DLBCL_GSE31312,15885
GSM776021-PUB_DLBCL_GSE31312,15885
GSM776022-PUB_DLBCL_GSE31312,15885
GSM776023-PUB_DLBCL_GSE31312,15885
GSM776024-PUB_DLBCL_GSE31312,15885
GSM776025-PUB_DLBCL_GSE31312,15885
GSM776026-PUB_DLBCL_GSE31312,15885
GSM776027-PUB_DLBCL_GSE31312,15885
GSM776028-PUB_DLBCL_GSE31312,15885
GSM776029-PUB_DLBCL_GSE31312,15885
GSM776030-PUB_DLBCL_GSE31312,15885
GSM776031-PUB_DLBCL_GSE31312,15885
GSM776032-PUB_DLBCL_GSE31312,15885
GSM776033-PUB_DLBCL_GSE31312,15885
GSM776034-PUB_DLBCL_GSE31312,15885
GSM776035-PUB_DLBCL_GSE31312,15885
GSM776036-PUB_DLBCL_GSE31312,15885
GSM776037-PUB_DLBCL_GSE31312,15885
GSM776039-PUB_DLBCL_GSE31312,15885
GSM776040-PUB_DLBCL_GSE31312,15885
GSM776041-PUB_DLBCL_GSE31312,15885
GSM776042-PUB_DLBCL_GSE31312,15885
GSM776043-PUB_DLBCL_GSE31312,15885
GSM776044-PUB_DLBCL_GSE31312,15885
GSM776045-PUB_DLBCL_GSE31312,15885
GSM776046-PUB_DLBCL_GSE31312,15885
GSM776047-PUB_DLBCL_GSE31312,15885
GSM776048-PUB_DLBCL_GSE31312,15885
GSM776049-PUB_DLBCL_GSE31312,15885
GSM776050-PUB_DLBCL_GSE31312,15885
GSM776051-PUB_DLBCL_GSE31312,15885
GSM776052-PUB_DLBCL_GSE31312,15885
GSM776053-PUB_DLBCL_GSE31312,15885
GSM776054-PUB_DLBCL_GSE31312,15885
GSM776055-PUB_DLBCL_GSE31312,15885
GSM776056-PUB_DLBCL_GSE31312,15885
GSM776057-PUB_DLBCL_GSE31312,15885
GSM776059-PUB_DLBCL_GSE31312,15885
GSM776060-PUB_DLBCL_GSE31312,15885
GSM776061-PUB_DLBCL_GSE31312,15885
GSM776062-PUB_DLBCL_GSE31312,15885
GSM776064-PUB_DLBCL_GSE31312,15885
GSM776065-PUB_DLBCL_GSE31312,15885
GSM776066-PUB_DLBCL_GSE31312,15885
GSM776067-PUB_DLBCL_GSE31312,15885
GSM776070-PUB_DLBCL_GSE31312,15885
GSM776071-PUB_DLBCL_GSE31312,15885
GSM776072-PUB_DLBCL_GSE31312,15885
GSM776073-PUB_DLBCL_GSE31312,15885
GSM776074-PUB_DLBCL_GSE31312,15885
GSM776075-PUB_DLBCL_GSE31312,15885
GSM776076-PUB_DLBCL_GSE31312,15885
GSM776078-PUB_DLBCL_GSE31312,15885
GSM776080-PUB_DLBCL_GSE31312,15885
GSM776081-PUB_DLBCL_GSE31312,15885
GSM776082-PUB_DLBCL_GSE31312,15885
GSM776084-PUB_DLBCL_GSE31312,15885
GSM776085-PUB_DLBCL_GSE31312,15885
GSM776086-PUB_DLBCL_GSE31312,15885
GSM776087-PUB_DLBCL_GSE31312,15885
GSM776088-PUB_DLBCL_GSE31312,15885
GSM776089-PUB_DLBCL_GSE31312,15885
GSM776090-PUB_DLBCL_GSE31312,15885
GSM776091-PUB_DLBCL_GSE31312,15885
GSM776092-PUB_DLBCL_GSE31312,15885
GSM776093-PUB_DLBCL_GSE31312,15885
GSM776094-PUB_DLBCL_GSE31312,15885
GSM776095-PUB_DLBCL_GSE31312,15885
GSM776096-PUB_DLBCL_GSE31312,15885
GSM776097-PUB_DLBCL_GSE31312,15885
GSM776098-PUB_DLBCL_GSE31312,15885
GSM776099-PUB_DLBCL_GSE31312,15885
GSM776100-PUB_DLBCL_GSE31312,15885
GSM776101-PUB_DLBCL_GSE31312,15885
GSM776102-PUB_DLBCL_GSE31312,15885
GSM776103-PUB_DLBCL_GSE31312,15885
GSM776104-PUB_DLBCL_GSE31312,15885
GSM776105-PUB_DLBCL_GSE31312,15885
GSM776106-PUB_DLBCL_GSE31312,15885
GSM776107-PUB_DLBCL_GSE31312,15885
GSM776108-PUB_DLBCL_GSE31312,15885
GSM776109-PUB_DLBCL_GSE31312,15885
GSM776110-PUB_DLBCL_GSE31312,15885
GSM776111-PUB_DLBCL_GSE31312,15885
GSM776112-PUB_DLBCL_GSE31312,15885
GSM776113-PUB_DLBCL_GSE31312,15885
GSM776114-PUB_DLBCL_GSE31312,15885
GSM776115-PUB_DLBCL_GSE31312,15885
GSM776116-PUB_DLBCL_GSE31312,15885
GSM776117-PUB_DLBCL_GSE31312,15885
GSM776118-PUB_DLBCL_GSE31312,15885
GSM776119-PUB_DLBCL_GSE31312,15885
GSM776120-PUB_DLBCL_GSE31312,15885
GSM776121-PUB_DLBCL_GSE31312,15885
GSM776122-PUB_DLBCL_GSE31312,15885
GSM776123-PUB_DLBCL_GSE31312,15885
GSM776124-PUB_DLBCL_GSE31312,15885
GSM776125-PUB_DLBCL_GSE31312,15885
GSM776126-PUB_DLBCL_GSE31312,15885
GSM776127-PUB_DLBCL_GSE31312,15885
GSM776128-PUB_DLBCL_GSE31312,15885
GSM776129-PUB_DLBCL_GSE31312,15885
GSM776130-PUB_DLBCL_GSE31312,15885
GSM776131-PUB_DLBCL_GSE31312,15885
GSM776132-PUB_DLBCL_GSE31312,15885
GSM776133-PUB_DLBCL_GSE31312,15885
GSM776134-PUB_DLBCL_GSE31312,15885
GSM776135-PUB_DLBCL_GSE31312,15885
GSM776137-PUB_DLBCL_GSE31312,15885
GSM776138-PUB_DLBCL_GSE31312,15885
GSM776139-PUB_DLBCL_GSE31312,15885
GSM776140-PUB_DLBCL_GSE31312,15885
GSM776142-PUB_DLBCL_GSE31312,15885
GSM776143-PUB_DLBCL_GSE31312,15885
GSM776144-PUB_DLBCL_GSE31312,15885
GSM776145-PUB_DLBCL_GSE31312,15885
GSM776146-PUB_DLBCL_GSE31312,15885
GSM776147-PUB_DLBCL_GSE31312,15885
GSM776148-PUB_DLBCL_GSE31312,15885
GSM776149-PUB_DLBCL_GSE31312,15885
GSM776150-PUB_DLBCL_GSE31312,15885
GSM776151-PUB_DLBCL_GSE31312,15885
GSM776152-PUB_DLBCL_GSE31312,15885
GSM776153-PUB_DLBCL_GSE31312,15885
GSM776154-PUB_DLBCL_GSE31312,15885
GSM776155-PUB_DLBCL_GSE31312,15885
GSM776156-PUB_DLBCL_GSE31312,15885
GSM776157-PUB_DLBCL_GSE31312,15885
GSM776158-PUB_DLBCL_GSE31312,15885
GSM776159-PUB_DLBCL_GSE31312,15885
GSM776160-PUB_DLBCL_GSE31312,15885
GSM776161-PUB_DLBCL_GSE31312,15885
GSM776162-PUB_DLBCL_GSE31312,15885
GSM776163-PUB_DLBCL_GSE31312,15885
GSM776164-PUB_DLBCL_GSE31312,15885
GSM776165-PUB_DLBCL_GSE31312,15885
GSM776166-PUB_DLBCL_GSE31312,15885
GSM776167-PUB_DLBCL_GSE31312,15885
GSM776168-PUB_DLBCL_GSE31312,15885
GSM776169-PUB_DLBCL_GSE31312,15885
GSM776171-PUB_DLBCL_GSE31312,15885
GSM776172-PUB_DLBCL_GSE31312,15885
GSM776173-PUB_DLBCL_GSE31312,15885
GSM776174-PUB_DLBCL_GSE31312,15885
GSM776175-PUB_DLBCL_GSE31312,15885
GSM776176-PUB_DLBCL_GSE31312,15885
GSM776177-PUB_DLBCL_GSE31312,15885
GSM776178-PUB_DLBCL_GSE31312,15885
GSM776179-PUB_DLBCL_GSE31312,15885
GSM776180-PUB_DLBCL_GSE31312,15885
GSM776181-PUB_DLBCL_GSE31312,15885
GSM776182-PUB_DLBCL_GSE31312,15885
GSM776183-PUB_DLBCL_GSE31312,15885
GSM776184-PUB_DLBCL_GSE31312,15885
GSM776185-PUB_DLBCL_GSE31312,15885
GSM776186-PUB_DLBCL_GSE31312,15885
GSM776187-PUB_DLBCL_GSE31312,15885
GSM776188-PUB_DLBCL_GSE31312,15885
GSM776189-PUB_DLBCL_GSE31312,15885
GSM776190-PUB_DLBCL_GSE31312,15885
GSM776191-PUB_DLBCL_GSE31312,15885
GSM776192-PUB_DLBCL_GSE31312,15885
GSM776193-PUB_DLBCL_GSE31312,15885
GSM776194-PUB_DLBCL_GSE31312,15885
GSM776195-PUB_DLBCL_GSE31312,15885
GSM776196-PUB_DLBCL_GSE31312,15885
GSM776197-PUB_DLBCL_GSE31312,15885
GSM776198-PUB_DLBCL_GSE31312,15885
GSM776199-PUB_DLBCL_GSE31312,15885
GSM776200-PUB_DLBCL_GSE31312,15885
GSM776201-PUB_DLBCL_GSE31312,15885
GSM776202-PUB_DLBCL_GSE31312,15885
GSM776203-PUB_DLBCL_GSE31312,15885
GSM776204-PUB_DLBCL_GSE31312,15885
GSM776205-PUB_DLBCL_GSE31312,15885
GSM776206-PUB_DLBCL_GSE31312,15885
GSM776207-PUB_DLBCL_GSE31312,15885
GSM776208-PUB_DLBCL_GSE31312,15885
GSM776209-PUB_DLBCL_GSE31312,15885
GSM776210-PUB_DLBCL_GSE31312,15885
GSM776211-PUB_DLBCL_GSE31312,15885
GSM776212-PUB_DLBCL_GSE31312,15885
GSM776213-PUB_DLBCL_GSE31312,15885
GSM776214-PUB_DLBCL_GSE31312,15885
GSM776215-PUB_DLBCL_GSE31312,15885
GSM776216-PUB_DLBCL_GSE31312,15885
GSM776217-PUB_DLBCL_GSE31312,15885
GSM776218-PUB_DLBCL_GSE31312,15885
GSM776219-PUB_DLBCL_GSE31312,15885
GSM776220-PUB_DLBCL_GSE31312,15885
GSM776221-PUB_DLBCL_GSE31312,15885
GSM776222-PUB_DLBCL_GSE31312,15885
GSM776223-PUB_DLBCL_GSE31312,15885
GSM776224-PUB_DLBCL_GSE31312,15885
GSM776225-PUB_DLBCL_GSE31312,15885
GSM776226-PUB_DLBCL_GSE31312,15885
GSM776227-PUB_DLBCL_GSE31312,15885
GSM776228-PUB_DLBCL_GSE31312,15885
GSM776229-PUB_DLBCL_GSE31312,15885
GSM776230-PUB_DLBCL_GSE31312,15885
GSM776231-PUB_DLBCL_GSE31312,15885
GSM776232-PUB_DLBCL_GSE31312,15885
GSM776233-PUB_DLBCL_GSE31312,15885
GSM776234-PUB_DLBCL_GSE31312,15885
GSM776235-PUB_DLBCL_GSE31312,15885
GSM776236-PUB_DLBCL_GSE31312,15885
GSM776237-PUB_DLBCL_GSE31312,15885
GSM776238-PUB_DLBCL_GSE31312,15885
GSM776239-PUB_DLBCL_GSE31312,15885
GSM776240-PUB_DLBCL_GSE31312,15885
GSM776241-PUB_DLBCL_GSE31312,15885
GSM776242-PUB_DLBCL_GSE31312,15885
GSM776243-PUB_DLBCL_GSE31312,15885
GSM776244-PUB_DLBCL_GSE31312,15885
GSM776245-PUB_DLBCL_GSE31312,15885
GSM776246-PUB_DLBCL_GSE31312,15885
GSM776247-PUB_DLBCL_GSE31312,15885
GSM776248-PUB_DLBCL_GSE31312,15885
GSM776249-PUB_DLBCL_GSE31312,15885
GSM776250-PUB_DLBCL_GSE31312,15885
GSM776251-PUB_DLBCL_GSE31312,15885
GSM776252-PUB_DLBCL_GSE31312,15885
GSM776253-PUB_DLBCL_GSE31312,15885
GSM776254-PUB_DLBCL_GSE31312,15885
GSM776255-PUB_DLBCL_GSE31312,15885
GSM776256-PUB_DLBCL_GSE31312,15885
GSM776257-PUB_DLBCL_GSE31312,15885
GSM776258-PUB_DLBCL_GSE31312,15885
GSM776259-PUB_DLBCL_GSE31312,15885
GSM776260-PUB_DLBCL_GSE31312,15885
GSM776261-PUB_DLBCL_GSE31312,15885
GSM776262-PUB_DLBCL_GSE31312,15885
GSM776263-PUB_DLBCL_GSE31312,15885
GSM776264-PUB_DLBCL_GSE31312,15885
GSM776265-PUB_DLBCL_GSE31312,15885
GSM776266-PUB_DLBCL_GSE31312,15885
GSM776267-PUB_DLBCL_GSE31312,15885
GSM776268-PUB_DLBCL_GSE31312,15885
GSM776269-PUB_DLBCL_GSE31312,15885
GSM776270-PUB_DLBCL_GSE31312,15885
GSM776271-PUB_DLBCL_GSE31312,15885
GSM776272-PUB_DLBCL_GSE31312,15885
GSM776273-PUB_DLBCL_GSE31312,15885
GSM776274-PUB_DLBCL_GSE31312,15885
GSM776275-PUB_DLBCL_GSE31312,15885
GSM776276-PUB_DLBCL_GSE31312,15885
GSM776277-PUB_DLBCL_GSE31312,15885
GSM776278-PUB_DLBCL_GSE31312,15885
GSM776280-PUB_DLBCL_GSE31312,15885
GSM776281-PUB_DLBCL_GSE31312,15885
GSM776282-PUB_DLBCL_GSE31312,15885
GSM776283-PUB_DLBCL_GSE31312,15885
GSM776284-PUB_DLBCL_GSE31312,15885
GSM776285-PUB_DLBCL_GSE31312,15885
GSM776286-PUB_DLBCL_GSE31312,15885
GSM776288-PUB_DLBCL_GSE31312,15885
GSM776289-PUB_DLBCL_GSE31312,15885
GSM776290-PUB_DLBCL_GSE31312,15885
GSM776291-PUB_DLBCL_GSE31312,15885
GSM776292-PUB_DLBCL_GSE31312,15885
GSM776293-PUB_DLBCL_GSE31312,15885
GSM776294-PUB_DLBCL_GSE31312,15885
GSM776295-PUB_DLBCL_GSE31312,15885
GSM776296-PUB_DLBCL_GSE31312,15885
GSM776298-PUB_DLBCL_GSE31312,15885
GSM776299-PUB_DLBCL_GSE31312,15885
GSM776300-PUB_DLBCL_GSE31312,15885
GSM776301-PUB_DLBCL_GSE31312,15885
GSM776302-PUB_DLBCL_GSE31312,15885
GSM776303-PUB_DLBCL_GSE31312,15885
GSM776304-PUB_DLBCL_GSE31312,15885
GSM776305-PUB_DLBCL_GSE31312,15885
GSM776306-PUB_DLBCL_GSE31312,15885
GSM776307-PUB_DLBCL_GSE31312,15885
GSM776308-PUB_DLBCL_GSE31312,15885
GSM776309-PUB_DLBCL_GSE31312,15885
GSM776310-PUB_DLBCL_GSE31312,15885
GSM776311-PUB_DLBCL_GSE31312,15885
GSM776312-PUB_DLBCL_GSE31312,15885
GSM776313-PUB_DLBCL_GSE31312,15885
GSM776314-PUB_DLBCL_GSE31312,15885
GSM776315-PUB_DLBCL_GSE31312,15885
GSM776316-PUB_DLBCL_GSE31312,15885
GSM776317-PUB_DLBCL_GSE31312,15885
GSM776318-PUB_DLBCL_GSE31312,15885
GSM776319-PUB_DLBCL_GSE31312,15885
GSM776321-PUB_DLBCL_GSE31312,15885
GSM776322-PUB_DLBCL_GSE31312,15885
GSM776323-PUB_DLBCL_GSE31312,15885
GSM776324-PUB_DLBCL_GSE31312,15885
GSM776325-PUB_DLBCL_GSE31312,15885
GSM776326-PUB_DLBCL_GSE31312,15885
GSM776327-PUB_DLBCL_GSE31312,15885
GSM776328-PUB_DLBCL_GSE31312,15885
GSM776329-PUB_DLBCL_GSE31312,15885
GSM776330-PUB_DLBCL_GSE31312,15885
GSM776331-PUB_DLBCL_GSE31312,15885
GSM776332-PUB_DLBCL_GSE31312,15885
GSM776333-PUB_DLBCL_GSE31312,15885
GSM776334-PUB_DLBCL_GSE31312,15885
GSM776335-PUB_DLBCL_GSE31312,15885
GSM776336-PUB_DLBCL_GSE31312,15885
GSM776337-PUB_DLBCL_GSE31312,15885
GSM776338-PUB_DLBCL_GSE31312,15885
GSM776339-PUB_DLBCL_GSE31312,15885
GSM776340-PUB_DLBCL_GSE31312,15885
GSM776341-PUB_DLBCL_GSE31312,15885
GSM776342-PUB_DLBCL_GSE31312,15885
GSM776343-PUB_DLBCL_GSE31312,15885
GSM776344-PUB_DLBCL_GSE31312,15885
GSM776345-PUB_DLBCL_GSE31312,15885
GSM776346-PUB_DLBCL_GSE31312,15885
GSM776347-PUB_DLBCL_GSE31312,15885
GSM776348-PUB_DLBCL_GSE31312,15885
GSM776349-PUB_DLBCL_GSE31312,15885
GSM776350-PUB_DLBCL_GSE31312,15885
GSM776351-PUB_DLBCL_GSE31312,15885
GSM776352-PUB_DLBCL_GSE31312,15885
GSM776353-PUB_DLBCL_GSE31312,15885
GSM776355-PUB_DLBCL_GSE31312,15885
GSM776356-PUB_DLBCL_GSE31312,15885
GSM776357-PUB_DLBCL_GSE31312,15885
GSM776358-PUB_DLBCL_GSE31312,15885
GSM776359-PUB_DLBCL_GSE31312,15885
GSM776360-PUB_DLBCL_GSE31312,15885
GSM776361-PUB_DLBCL_GSE31312,15885
GSM776362-PUB_DLBCL_GSE31312,15885
GSM776363-PUB_DLBCL_GSE31312,15885
GSM776364-PUB_DLBCL_GSE31312,15885
GSM776365-PUB_DLBCL_GSE31312,15885
GSM776366-PUB_DLBCL_GSE31312,15885
GSM776367-PUB_DLBCL_GSE31312,15885
GSM776368-PUB_DLBCL_GSE31312,15885
GSM776369-PUB_DLBCL_GSE31312,15885
GSM776370-PUB_DLBCL_GSE31312,15885
GSM776373-PUB_DLBCL_GSE31312,15885
GSM776374-PUB_DLBCL_GSE31312,15885
GSM776375-PUB_DLBCL_GSE31312,15885
GSM776376-PUB_DLBCL_GSE31312,15885
GSM776377-PUB_DLBCL_GSE31312,15885
GSM776378-PUB_DLBCL_GSE31312,15885
GSM776379-PUB_DLBCL_GSE31312,15885
GSM776380-PUB_DLBCL_GSE31312,15885
GSM776381-PUB_DLBCL_GSE31312,15885
GSM776382-PUB_DLBCL_GSE31312,15885
GSM776383-PUB_DLBCL_GSE31312,15885
GSM776384-PUB_DLBCL_GSE31312,15885
GSM776385-PUB_DLBCL_GSE31312,15885
GSM776386-PUB_DLBCL_GSE31312,15885
GSM776387-PUB_DLBCL_GSE31312,15885
GSM776388-PUB_DLBCL_GSE31312,15885
GSM776389-PUB_DLBCL_GSE31312,15885
GSM776390-PUB_DLBCL_GSE31312,15885
GSM776391-PUB_DLBCL_GSE31312,15885
GSM776392-PUB_DLBCL_GSE31312,15885
GSM776393-PUB_DLBCL_GSE31312,15885
GSM776394-PUB_DLBCL_GSE31312,15885
GSM776395-PUB_DLBCL_GSE31312,15885
GSM776396-PUB_DLBCL_GSE31312,15885
GSM776397-PUB_DLBCL_GSE31312,15885
GSM776398-PUB_DLBCL_GSE31312,15885
GSM776399-PUB_DLBCL_GSE31312,15885
GSM776400-PUB_DLBCL_GSE31312,15885
GSM776401-PUB_DLBCL_GSE31312,15885
GSM776402-PUB_DLBCL_GSE31312,15885
GSM776403-PUB_DLBCL_GSE31312,15885
GSM776404-PUB_DLBCL_GSE31312,15885
GSM776405-PUB_DLBCL_GSE31312,15885
GSM776406-PUB_DLBCL_GSE31312,15885
GSM776407-PUB_DLBCL_GSE31312,15885
GSM776408-PUB_DLBCL_GSE31312,15885
GSM776409-PUB_DLBCL_GSE31312,15885
GSM776410-PUB_DLBCL_GSE31312,15885
GSM776411-PUB_DLBCL_GSE31312,15885
GSM776412-PUB_DLBCL_GSE31312,15885
GSM776413-PUB_DLBCL_GSE31312,15885
GSM776414-PUB_DLBCL_GSE31312,15885
GSM776415-PUB_DLBCL_GSE31312,15885
GSM776416-PUB_DLBCL_GSE31312,15885
GSM776417-PUB_DLBCL_GSE31312,15885
GSM776418-PUB_DLBCL_GSE31312,15885
GSM776419-PUB_DLBCL_GSE31312,15885
GSM776420-PUB_DLBCL_GSE31312,15885
GSM776421-PUB_DLBCL_GSE31312,15885
GSM776422-PUB_DLBCL_GSE31312,15885
GSM776423-PUB_DLBCL_GSE31312,15885
GSM776424-PUB_DLBCL_GSE31312,15885
GSM776427-PUB_DLBCL_GSE31312,15885
GSM776428-PUB_DLBCL_GSE31312,15885
GSM776429-PUB_DLBCL_GSE31312,15885
GSM776430-PUB_DLBCL_GSE31312,15885
GSM776431-PUB_DLBCL_GSE31312,15885
GSM776432-PUB_DLBCL_GSE31312,15885
GSM776433-PUB_DLBCL_GSE31312,15885
GSM776434-PUB_DLBCL_GSE31312,15885
GSM776435-PUB_DLBCL_GSE31312,15885
GSM776436-PUB_DLBCL_GSE31312,15885
GSM776437-PUB_DLBCL_GSE31312,15885
GSM776438-PUB_DLBCL_GSE31312,15885
GSM776439-PUB_DLBCL_GSE31312,15885
GSM776440-PUB_DLBCL_GSE31312,15885
GSM776441-PUB_DLBCL_GSE31312,15885
GSM776442-PUB_DLBCL_GSE31312,15885
GSM776443-PUB_DLBCL_GSE31312,15885
GSM776444-PUB_DLBCL_GSE31312,15885
GSM776445-PUB_DLBCL_GSE31312,15885
GSM776446-PUB_DLBCL_GSE31312,15885
GSM776447-PUB_DLBCL_GSE31312,15885
GSM776448-PUB_DLBCL_GSE31312,15885
GSM776449-PUB_DLBCL_GSE31312,15885
GSM776450-PUB_DLBCL_GSE31312,15885
GSM776451-PUB_DLBCL_GSE31312,15885
GSM776452-PUB_DLBCL_GSE31312,15885
GSM776453-PUB_DLBCL_GSE31312,15885
GSM776454-PUB_DLBCL_GSE31312,15885
GSM776455-PUB_DLBCL_GSE31312,15885
GSM776456-PUB_DLBCL_GSE31312,15885
GSM776457-PUB_DLBCL_GSE31312,15885
GSM776458-PUB_DLBCL_GSE31312,15885
GSM776459-PUB_DLBCL_GSE31312,15885
GSM776460-PUB_DLBCL_GSE31312,15885
GSM776461-PUB_DLBCL_GSE31312,15885
GSM776463-PUB_DLBCL_GSE31312,15885
GSM776464-PUB_DLBCL_GSE31312,15885
GSM776465-PUB_DLBCL_GSE31312,15885
GSM776466-PUB_DLBCL_GSE31312,15885
GSM776467-PUB_DLBCL_GSE31312,15885
GSM776468-PUB_DLBCL_GSE31312,15885
GSM776469-PUB_DLBCL_GSE31312,15885
GSM776470-PUB_DLBCL_GSE31312,15885
GSM776471-PUB_DLBCL_GSE31312,15885
GSM776472-PUB_DLBCL_GSE31312,15885
GSM776473-PUB_DLBCL_GSE31312,15885
GSM776474-PUB_DLBCL_GSE31312,15885
GSM776475-PUB_DLBCL_GSE31312,15885
GSM776476-PUB_DLBCL_GSE31312,15885
GSM814863-PUB_DLBCL_GSE32918,14949
GSM814867-PUB_DLBCL_GSE32918,14949
GSM814869-PUB_DLBCL_GSE32918,14949
GSM814873-PUB_DLBCL_GSE32918,14949
GSM814875-PUB_DLBCL_GSE32918,14949
GSM814879-PUB_DLBCL_GSE32918,14949
GSM814880-PUB_DLBCL_GSE32918,14949
GSM814884-PUB_DLBCL_GSE32918,14949
GSM814888-PUB_DLBCL_GSE32918,14949
GSM814890-PUB_DLBCL_GSE32918,14949
GSM814899-PUB_DLBCL_GSE32918,14949
GSM814900-PUB_DLBCL_GSE32918,14949
GSM814901-PUB_DLBCL_GSE32918,14949
GSM814902-PUB_DLBCL_GSE32918,14949
GSM814903-PUB_DLBCL_GSE32918,14949
GSM814904-PUB_DLBCL_GSE32918,14949
GSM814905-PUB_DLBCL_GSE32918,14949
GSM814906-PUB_DLBCL_GSE32918,14949
GSM814907-PUB_DLBCL_GSE32918,14949
GSM814908-PUB_DLBCL_GSE32918,14949
GSM814909-PUB_DLBCL_GSE32918,14949
GSM814910-PUB_DLBCL_GSE32918,14949
GSM814911-PUB_DLBCL_GSE32918,14949
GSM814912-PUB_DLBCL_GSE32918,14949
GSM814913-PUB_DLBCL_GSE32918,14949
GSM814914-PUB_DLBCL_GSE32918,14949
GSM814915-PUB_DLBCL_GSE32918,14949
GSM814916-PUB_DLBCL_GSE32918,14949
GSM814917-PUB_DLBCL_GSE32918,14949
GSM814918-PUB_DLBCL_GSE32918,14949
GSM814919-PUB_DLBCL_GSE32918,14949
GSM814920-PUB_DLBCL_GSE32918,14949
GSM814921-PUB_DLBCL_GSE32918,14949
GSM814931-PUB_DLBCL_GSE32918,14949
GSM814932-PUB_DLBCL_GSE32918,14949
GSM814934-PUB_DLBCL_GSE32918,14949
GSM814935-PUB_DLBCL_GSE32918,14949
GSM814936-PUB_DLBCL_GSE32918,14949
GSM814941-PUB_DLBCL_GSE32918,14949
GSM814942-PUB_DLBCL_GSE32918,14949
GSM814946-PUB_DLBCL_GSE32918,14949
GSM814947-PUB_DLBCL_GSE32918,14949
GSM814948-PUB_DLBCL_GSE32918,14949
GSM814949-PUB_DLBCL_GSE32918,14949
GSM814950-PUB_DLBCL_GSE32918,14949
GSM814951-PUB_DLBCL_GSE32918,14949
GSM814952-PUB_DLBCL_GSE32918,14949
GSM814953-PUB_DLBCL_GSE32918,14949
GSM814955-PUB_DLBCL_GSE32918,14949
GSM814956-PUB_DLBCL_GSE32918,14949
GSM814957-PUB_DLBCL_GSE32918,14949
GSM814958-PUB_DLBCL_GSE32918,14949
GSM814959-PUB_DLBCL_GSE32918,14949
GSM814960-PUB_DLBCL_GSE32918,14949
GSM814961-PUB_DLBCL_GSE32918,14949
GSM814962-PUB_DLBCL_GSE32918,14949
GSM814963-PUB_DLBCL_GSE32918,14949
GSM814964-PUB_DLBCL_GSE32918,14949
GSM814966-PUB_DLBCL_GSE32918,14949
GSM814967-PUB_DLBCL_GSE32918,14949
GSM814968-PUB_DLBCL_GSE32918,14949
GSM814969-PUB_DLBCL_GSE32918,14949
GSM814971-PUB_DLBCL_GSE32918,14949
GSM814972-PUB_DLBCL_GSE32918,14949
GSM814973-PUB_DLBCL_GSE32918,14949
GSM814974-PUB_DLBCL_GSE32918,14949
GSM814975-PUB_DLBCL_GSE32918,14949
GSM814976-PUB_DLBCL_GSE32918,14949
GSM814977-PUB_DLBCL_GSE32918,14949
GSM814978-PUB_DLBCL_GSE32918,14949
GSM814979-PUB_DLBCL_GSE32918,14949
GSM814980-PUB_DLBCL_GSE32918,14949
GSM814982-PUB_DLBCL_GSE32918,14949
GSM814983-PUB_DLBCL_GSE32918,14949
GSM814984-PUB_DLBCL_GSE32918,14949
GSM814986-PUB_DLBCL_GSE32918,14949
GSM814987-PUB_DLBCL_GSE32918,14949
GSM814988-PUB_DLBCL_GSE32918,14949
GSM814989-PUB_DLBCL_GSE32918,14949
GSM814990-PUB_DLBCL_GSE32918,14949
GSM814992-PUB_DLBCL_GSE32918,14949
GSM814993-PUB_DLBCL_GSE32918,14949
GSM814994-PUB_DLBCL_GSE32918,14949
GSM814995-PUB_DLBCL_GSE32918,14949
GSM814996-PUB_DLBCL_GSE32918,14949
GSM814997-PUB_DLBCL_GSE32918,14949
GSM814998-PUB_DLBCL_GSE32918,14949
GSM814999-PUB_DLBCL_GSE32918,14949
GSM815001-PUB_DLBCL_GSE32918,14949
GSM815002-PUB_DLBCL_GSE32918,14949
GSM815003-PUB_DLBCL_GSE32918,14949
GSM815005-PUB_DLBCL_GSE32918,14949
GSM815006-PUB_DLBCL_GSE32918,14949
GSM815007-PUB_DLBCL_GSE32918,14949
GSM815008-PUB_DLBCL_GSE32918,14949
GSM815009-PUB_DLBCL_GSE32918,14949
GSM815010-PUB_DLBCL_GSE32918,14949
GSM815011-PUB_DLBCL_GSE32918,14949
GSM815012-PUB_DLBCL_GSE32918,14949
GSM815013-PUB_DLBCL_GSE32918,14949
GSM815014-PUB_DLBCL_GSE32918,14949
GSM815015-PUB_DLBCL_GSE32918,14949
GSM815016-PUB_DLBCL_GSE32918,14949
GSM815017-PUB_DLBCL_GSE32918,14949
GSM815019-PUB_DLBCL_GSE32918,14949
GSM815021-PUB_DLBCL_GSE32918,14949
GSM815023-PUB_DLBCL_GSE32918,14949
GSM815024-PUB_DLBCL_GSE32918,14949
GSM815026-PUB_DLBCL_GSE32918,14949
GSM815027-PUB_DLBCL_GSE32918,14949
GSM815028-PUB_DLBCL_GSE32918,14949
GSM815029-PUB_DLBCL_GSE32918,14949
GSM815030-PUB_DLBCL_GSE32918,14949
GSM815031-PUB_DLBCL_GSE32918,14949
GSM815053-PUB_DLBCL_GSE32918,14949
GSM815059-PUB_DLBCL_GSE32918,14949
GSM815063-PUB_DLBCL_GSE32918,14949
GSM815065-PUB_DLBCL_GSE32918,14949
GSM815067-PUB_DLBCL_GSE32918,14949
GSM815068-PUB_DLBCL_GSE32918,14949
GSM815069-PUB_DLBCL_GSE32918,14949
GSM815070-PUB_DLBCL_GSE32918,14949
GSM815071-PUB_DLBCL_GSE32918,14949
GSM815073-PUB_DLBCL_GSE32918,14949
GSM815078-PUB_DLBCL_GSE32918,14949
GSM815080-PUB_DLBCL_GSE32918,14949
GSM815081-PUB_DLBCL_GSE32918,14949
GSM815082-PUB_DLBCL_GSE32918,14949
GSM815083-PUB_DLBCL_GSE32918,14949
GSM815085-PUB_DLBCL_GSE32918,14949
old_c230-PUB_DLBCL_GSE34171,15261
old_c239-PUB_DLBCL_GSE34171,15261
old_c242-PUB_DLBCL_GSE34171,15261
old_c250-PUB_DLBCL_GSE34171,15261
old_c251-PUB_DLBCL_GSE34171,15261
old_c254-PUB_DLBCL_GSE34171,15261
old_c261-PUB_DLBCL_GSE34171,15261
old_c267-PUB_DLBCL_GSE34171,15261
old_c268-PUB_DLBCL_GSE34171,15261
old_c274-PUB_DLBCL_GSE34171,15261
old_c277-PUB_DLBCL_GSE34171,15261
old_c287-PUB_DLBCL_GSE34171,15261
old_c291-PUB_DLBCL_GSE34171,15261
old_c295-PUB_DLBCL_GSE34171,15261
old_c300-PUB_DLBCL_GSE34171,15261
old_c304-PUB_DLBCL_GSE34171,15261
old_c307-PUB_DLBCL_GSE34171,15261
old_c404-PUB_DLBCL_GSE34171,15261
old_c407-PUB_DLBCL_GSE34171,15261
old_c408-PUB_DLBCL_GSE34171,15261
old_c411-PUB_DLBCL_GSE34171,15261
old_c422-PUB_DLBCL_GSE34171,15261
old_c425-PUB_DLBCL_GSE34171,15261
old_c426-PUB_DLBCL_GSE34171,15261
old_c428-PUB_DLBCL_GSE34171,15261
old_c429-PUB_DLBCL_GSE34171,15261
old_c430-PUB_DLBCL_GSE34171,15261
old_c432-PUB_DLBCL_GSE34171,15261
old_c433-PUB_DLBCL_GSE34171,15261
old_c436-PUB_DLBCL_GSE34171,15261
old_c437-PUB_DLBCL_GSE34171,15261
old_c438-PUB_DLBCL_GSE34171,15261
old_c443-PUB_DLBCL_GSE34171,15261
old_c445-PUB_DLBCL_GSE34171,15261
old_c447-PUB_DLBCL_GSE34171,15261
old_c448-PUB_DLBCL_GSE34171,15261
old_c449-PUB_DLBCL_GSE34171,15261
old_c450-PUB_DLBCL_GSE34171,15261
old_c451-PUB_DLBCL_GSE34171,15261
old_c453-PUB_DLBCL_GSE34171,15261
old_c458-PUB_DLBCL_GSE34171,15261
old_c460-PUB_DLBCL_GSE34171,15261
old_c461-PUB_DLBCL_GSE34171,15261
old_c462-PUB_DLBCL_GSE34171,15261
old_c464-PUB_DLBCL_GSE34171,15261
old_c465-PUB_DLBCL_GSE34171,15261
old_c466-PUB_DLBCL_GSE34171,15261
old_c467-PUB_DLBCL_GSE34171,15261
old_c468-PUB_DLBCL_GSE34171,15261
old_c469-PUB_DLBCL_GSE34171,15261
old_c470-PUB_DLBCL_GSE34171,15261
old_c471-PUB_DLBCL_GSE34171,15261
old_c472-PUB_DLBCL_GSE34171,15261
old_c473-PUB_DLBCL_GSE34171,15261
old_c474-PUB_DLBCL_GSE34171,15261
old_c475-PUB_DLBCL_GSE34171,15261
old_c476-PUB_DLBCL_GSE34171,15261
old_c477-PUB_DLBCL_GSE34171,15261
old_c478-PUB_DLBCL_GSE34171,15261
old_c479-PUB_DLBCL_GSE34171,15261
old_c481-PUB_DLBCL_GSE34171,15261
old_c482-PUB_DLBCL_GSE34171,15261
old_c484-PUB_DLBCL_GSE34171,15261
old_c486-PUB_DLBCL_GSE34171,15261
old_c490-PUB_DLBCL_GSE34171,15261
old_c491-PUB_DLBCL_GSE34171,15261
old_c492-PUB_DLBCL_GSE34171,15261
old_c494-PUB_DLBCL_GSE34171,15261
old_c495-PUB_DLBCL_GSE34171,15261
old_c496-PUB_DLBCL_GSE34171,15261
old_c497-PUB_DLBCL_GSE34171,15261
old_c498-PUB_DLBCL_GSE34171,15261
old_c501-PUB_DLBCL_GSE34171,15261
old_c502-PUB_DLBCL_GSE34171,15261
old_c503-PUB_DLBCL_GSE34171,15261
old_c504-PUB_DLBCL_GSE34171,15261
old_c506-PUB_DLBCL_GSE34171,15261
old_c514-PUB_DLBCL_GSE34171,15261
GSM1574195-PUB_DLBCL_GSE64555,15885
GSM1574196-PUB_DLBCL_GSE64555,15885
GSM1574197-PUB_DLBCL_GSE64555,15885
GSM1574198-PUB_DLBCL_GSE64555,15885
GSM1574199-PUB_DLBCL_GSE64555,15885
GSM1574200-PUB_DLBCL_GSE64555,15885
GSM1574201-PUB_DLBCL_GSE64555,15885
GSM1574202-PUB_DLBCL_GSE64555,15885
GSM1574203-PUB_DLBCL_GSE64555,15885
GSM1574204-PUB_DLBCL_GSE64555,15885
GSM1574205-PUB_DLBCL_GSE64555,15885
GSM1574206-PUB_DLBCL_GSE64555,15885
GSM1574207-PUB_DLBCL_GSE64555,15885
GSM1574208-PUB_DLBCL_GSE64555,15885
GSM1574209-PUB_DLBCL_GSE64555,15885
GSM1574210-PUB_DLBCL_GSE64555,15885
GSM1574211-PUB_DLBCL_GSE64555,15885
GSM1574212-PUB_DLBCL_GSE64555,15885
GSM1574213-PUB_DLBCL_GSE64555,15885
GSM1574214-PUB_DLBCL_GSE64555,15885
GSM1574215-PUB_DLBCL_GSE64555,15885
GSM1574216-PUB_DLBCL_GSE64555,15885
GSM1574217-PUB_DLBCL_GSE64555,15885
GSM1574218-PUB_DLBCL_GSE64555,15885
GSM1574219-PUB_DLBCL_GSE64555,15885
GSM1574220-PUB_DLBCL_GSE64555,15885
GSM1574221-PUB_DLBCL_GSE64555,15885
GSM1574222-PUB_DLBCL_GSE64555,15885
GSM1574223-PUB_DLBCL_GSE64555,15885
GSM1574224-PUB_DLBCL_GSE64555,15885
GSM1574225-PUB_DLBCL_GSE64555,15885
GSM1574226-PUB_DLBCL_GSE64555,15885
GSM1574227-PUB_DLBCL_GSE64555,15885
GSM1574228-PUB_DLBCL_GSE64555,15885
GSM1574229-PUB_DLBCL_GSE64555,15885
GSM1574230-PUB_DLBCL_GSE64555,15885
GSM1574231-PUB_DLBCL_GSE64555,15885
GSM1574232-PUB_DLBCL_GSE64555,15885
GSM1574233-PUB_DLBCL_GSE64555,15885
GSM1574234-PUB_DLBCL_GSE64555,15885
GSM2328918-PUB_DLBCL_GSE87371,15885
GSM2328919-PUB_DLBCL_GSE87371,15885
GSM2328920-PUB_DLBCL_GSE87371,15885
GSM2328921-PUB_DLBCL_GSE87371,15885
GSM2328922-PUB_DLBCL_GSE87371,15885
GSM2328923-PUB_DLBCL_GSE87371,15885
GSM2328924-PUB_DLBCL_GSE87371,15885
GSM2328925-PUB_DLBCL_GSE87371,15885
GSM2328926-PUB_DLBCL_GSE87371,15885
GSM2328927-PUB_DLBCL_GSE87371,15885
GSM2328928-PUB_DLBCL_GSE87371,15885
GSM2328929-PUB_DLBCL_GSE87371,15885
GSM2328930-PUB_DLBCL_GSE87371,15885
GSM2328931-PUB_DLBCL_GSE87371,15885
GSM2328932-PUB_DLBCL_GSE87371,15885
GSM2328933-PUB_DLBCL_GSE87371,15885
GSM2328934-PUB_DLBCL_GSE87371,15885
GSM2328935-PUB_DLBCL_GSE87371,15885
GSM2328936-PUB_DLBCL_GSE87371,15885
GSM2328937-PUB_DLBCL_GSE87371,15885
GSM2328938-PUB_DLBCL_GSE87371,15885
GSM2328939-PUB_DLBCL_GSE87371,15885
GSM2328940-PUB_DLBCL_GSE87371,15885
GSM2328941-PUB_DLBCL_GSE87371,15885
GSM2328942-PUB_DLBCL_GSE87371,15885
GSM2328943-PUB_DLBCL_GSE87371,15885
GSM2328944-PUB_DLBCL_GSE87371,15885
GSM2328945-PUB_DLBCL_GSE87371,15885
GSM2328946-PUB_DLBCL_GSE87371,15885
GSM2328947-PUB_DLBCL_GSE87371,15885
GSM2328948-PUB_DLBCL_GSE87371,15885
GSM2328949-PUB_DLBCL_GSE87371,15885
GSM2328950-PUB_DLBCL_GSE87371,15885
GSM2328951-PUB_DLBCL_GSE87371,15885
GSM2328952-PUB_DLBCL_GSE87371,15885
GSM2328953-PUB_DLBCL_GSE87371,15885
GSM2328954-PUB_DLBCL_GSE87371,15885
GSM2328955-PUB_DLBCL_GSE87371,15885
GSM2328956-PUB_DLBCL_GSE87371,15885
GSM2328957-PUB_DLBCL_GSE87371,15885
GSM2328958-PUB_DLBCL_GSE87371,15885
GSM2328959-PUB_DLBCL_GSE87371,15885
GSM2328960-PUB_DLBCL_GSE87371,15885
GSM2328961-PUB_DLBCL_GSE87371,15885
GSM2328962-PUB_DLBCL_GSE87371,15885
GSM2328963-PUB_DLBCL_GSE87371,15885
GSM2328964-PUB_DLBCL_GSE87371,15885
GSM2328965-PUB_DLBCL_GSE87371,15885
GSM2328966-PUB_DLBCL_GSE87371,15885
GSM2328967-PUB_DLBCL_GSE87371,15885
GSM2328968-PUB_DLBCL_GSE87371,15885
GSM2328969-PUB_DLBCL_GSE87371,15885
GSM2328970-PUB_DLBCL_GSE87371,15885
GSM2328971-PUB_DLBCL_GSE87371,15885
GSM2328972-PUB_DLBCL_GSE87371,15885
GSM2328973-PUB_DLBCL_GSE87371,15885
GSM2328974-PUB_DLBCL_GSE87371,15885
GSM2328975-PUB_DLBCL_GSE87371,15885
GSM2328976-PUB_DLBCL_GSE87371,15885
GSM2328977-PUB_DLBCL_GSE87371,15885
GSM2328978-PUB_DLBCL_GSE87371,15885
GSM2328979-PUB_DLBCL_GSE87371,15885
GSM2328980-PUB_DLBCL_GSE87371,15885
GSM2328981-PUB_DLBCL_GSE87371,15885
GSM2328982-PUB_DLBCL_GSE87371,15885
GSM2328983-PUB_DLBCL_GSE87371,15885
GSM2328984-PUB_DLBCL_GSE87371,15885
GSM2328985-PUB_DLBCL_GSE87371,15885
GSM2328986-PUB_DLBCL_GSE87371,15885
GSM2328987-PUB_DLBCL_GSE87371,15885
GSM2328988-PUB_DLBCL_GSE87371,15885
GSM2328989-PUB_DLBCL_GSE87371,15885
GSM2328990-PUB_DLBCL_GSE87371,15885
GSM2328991-PUB_DLBCL_GSE87371,15885
GSM2328992-PUB_DLBCL_GSE87371,15885
GSM2328993-PUB_DLBCL_GSE87371,15885
GSM2328994-PUB_DLBCL_GSE87371,15885
GSM2328995-PUB_DLBCL_GSE87371,15885
GSM2328996-PUB_DLBCL_GSE87371,15885
GSM2328997-PUB_DLBCL_GSE87371,15885
GSM2328998-PUB_DLBCL_GSE87371,15885
GSM2328999-PUB_DLBCL_GSE87371,15885
GSM2329000-PUB_DLBCL_GSE87371,15885
GSM2329001-PUB_DLBCL_GSE87371,15885
GSM2329002-PUB_DLBCL_GSE87371,15885
GSM2329003-PUB_DLBCL_GSE87371,15885
GSM2329004-PUB_DLBCL_GSE87371,15885
GSM2329005-PUB_DLBCL_GSE87371,15885
GSM2329006-PUB_DLBCL_GSE87371,15885
GSM2329007-PUB_DLBCL_GSE87371,15885
GSM2329008-PUB_DLBCL_GSE87371,15885
GSM2329009-PUB_DLBCL_GSE87371,15885
GSM2329010-PUB_DLBCL_GSE87371,15885
GSM2329011-PUB_DLBCL_GSE87371,15885
GSM2329012-PUB_DLBCL_GSE87371,15885
GSM2329013-PUB_DLBCL_GSE87371,15885
GSM2329014-PUB_DLBCL_GSE87371,15885
GSM2329015-PUB_DLBCL_GSE87371,15885
GSM2329016-PUB_DLBCL_GSE87371,15885
GSM2329017-PUB_DLBCL_GSE87371,15885
GSM2329018-PUB_DLBCL_GSE87371,15885
GSM2329019-PUB_DLBCL_GSE87371,15885
GSM2329020-PUB_DLBCL_GSE87371,15885
GSM2329021-PUB_DLBCL_GSE87371,15885
GSM2329022-PUB_DLBCL_GSE87371,15885
GSM2329023-PUB_DLBCL_GSE87371,15885
GSM2329024-PUB_DLBCL_GSE87371,15885
GSM2329025-PUB_DLBCL_GSE87371,15885
GSM2329026-PUB_DLBCL_GSE87371,15885
GSM2329027-PUB_DLBCL_GSE87371,15885
GSM2329028-PUB_DLBCL_GSE87371,15885
GSM2329029-PUB_DLBCL_GSE87371,15885
GSM2329030-PUB_DLBCL_GSE87371,15885
GSM2329031-PUB_DLBCL_GSE87371,15885
GSM2329032-PUB_DLBCL_GSE87371,15885
GSM2329033-PUB_DLBCL_GSE87371,15885
GSM2329034-PUB_DLBCL_GSE87371,15885
GSM2329035-PUB_DLBCL_GSE87371,15885
GSM2329036-PUB_DLBCL_GSE87371,15885
GSM2329037-PUB_DLBCL_GSE87371,15885
GSM2329038-PUB_DLBCL_GSE87371,15885
GSM2329039-PUB_DLBCL_GSE87371,15885
GSM2329040-PUB_DLBCL_GSE87371,15885
GSM2329041-PUB_DLBCL_GSE87371,15885
GSM2329042-PUB_DLBCL_GSE87371,15885
GSM2329043-PUB_DLBCL_GSE87371,15885
GSM2329044-PUB_DLBCL_GSE87371,15885
GSM2329045-PUB_DLBCL_GSE87371,15885
GSM2329046-PUB_DLBCL_GSE87371,15885
GSM2329047-PUB_DLBCL_GSE87371,15885
GSM2329048-PUB_DLBCL_GSE87371,15885
GSM2329049-PUB_DLBCL_GSE87371,15885
GSM2329050-PUB_DLBCL_GSE87371,15885
GSM2329051-PUB_DLBCL_GSE87371,15885
GSM2329052-PUB_DLBCL_GSE87371,15885
GSM2329053-PUB_DLBCL_GSE87371,15885
GSM2329054-PUB_DLBCL_GSE87371,15885
GSM2329055-PUB_DLBCL_GSE87371,15885
GSM2329056-PUB_DLBCL_GSE87371,15885
GSM2329057-PUB_DLBCL_GSE87371,15885
GSM2329058-PUB_DLBCL_GSE87371,15885
GSM2329059-PUB_DLBCL_GSE87371,15885
GSM2329060-PUB_DLBCL_GSE87371,15885
GSM2329061-PUB_DLBCL_GSE87371,15885
GSM2329062-PUB_DLBCL_GSE87371,15885
GSM2329063-PUB_DLBCL_GSE87371,15885
GSM2329064-PUB_DLBCL_GSE87371,15885
GSM2329065-PUB_DLBCL_GSE87371,15885
GSM2329066-PUB_DLBCL_GSE87371,15885
GSM2329067-PUB_DLBCL_GSE87371,15885
GSM2329068-PUB_DLBCL_GSE87371,15885
GSM2329069-PUB_DLBCL_GSE87371,15885
GSM2329070-PUB_DLBCL_GSE87371,15885
GSM2329071-PUB_DLBCL_GSE87371,15885
GSM2329072-PUB_DLBCL_GSE87371,15885
GSM2329073-PUB_DLBCL_GSE87371,15885
GSM2329074-PUB_DLBCL_GSE87371,15885
GSM2329075-PUB_DLBCL_GSE87371,15885
GSM2329076-PUB_DLBCL_GSE87371,15885
GSM2329077-PUB_DLBCL_GSE87371,15885
GSM2329078-PUB_DLBCL_GSE87371,15885
GSM2329079-PUB_DLBCL_GSE87371,15885
GSM2329080-PUB_DLBCL_GSE87371,15885
GSM2329081-PUB_DLBCL_GSE87371,15885
GSM2329082-PUB_DLBCL_GSE87371,15885
GSM2329083-PUB_DLBCL_GSE87371,15885
GSM2329084-PUB_DLBCL_GSE87371,15885
GSM2329085-PUB_DLBCL_GSE87371,15885
GSM2329086-PUB_DLBCL_GSE87371,15885
GSM2329087-PUB_DLBCL_GSE87371,15885
GSM2329088-PUB_DLBCL_GSE87371,15885
GSM2329089-PUB_DLBCL_GSE87371,15885
GSM2329090-PUB_DLBCL_GSE87371,15885
GSM2329091-PUB_DLBCL_GSE87371,15885
GSM2329092-PUB_DLBCL_GSE87371,15885
GSM2329093-PUB_DLBCL_GSE87371,15885
GSM2329094-PUB_DLBCL_GSE87371,15885
GSM2329095-PUB_DLBCL_GSE87371,15885
GSM2329096-PUB_DLBCL_GSE87371,15885
GSM2329097-PUB_DLBCL_GSE87371,15885
GSM2329098-PUB_DLBCL_GSE87371,15885
GSM2329099-PUB_DLBCL_GSE87371,15885
GSM2329100-PUB_DLBCL_GSE87371,15885
GSM2329101-PUB_DLBCL_GSE87371,15885
GSM2329102-PUB_DLBCL_GSE87371,15885
GSM2329103-PUB_DLBCL_GSE87371,15885
GSM2329104-PUB_DLBCL_GSE87371,15885
GSM2329105-PUB_DLBCL_GSE87371,15885
GSM2329106-PUB_DLBCL_GSE87371,15885
GSM2329107-PUB_DLBCL_GSE87371,15885
GSM2329108-PUB_DLBCL_GSE87371,15885
GSM2329109-PUB_DLBCL_GSE87371,15885
GSM2329110-PUB_DLBCL_GSE87371,15885
GSM2329111-PUB_DLBCL_GSE87371,15885
GSM2329112-PUB_DLBCL_GSE87371,15885
GSM2329113-PUB_DLBCL_GSE87371,15885
GSM2329114-PUB_DLBCL_GSE87371,15885
GSM2329115-PUB_DLBCL_GSE87371,15885
GSM2329116-PUB_DLBCL_GSE87371,15885
GSM2329117-PUB_DLBCL_GSE87371,15885
GSM2329118-PUB_DLBCL_GSE87371,15885
GSM2329119-PUB_DLBCL_GSE87371,15885
GSM2329120-PUB_DLBCL_GSE87371,15885
GSM2329121-PUB_DLBCL_GSE87371,15885
GSM2329122-PUB_DLBCL_GSE87371,15885
GSM2329123-PUB_DLBCL_GSE87371,15885
GSM2329124-PUB_DLBCL_GSE87371,15885
GSM2329125-PUB_DLBCL_GSE87371,15885
GSM2329126-PUB_DLBCL_GSE87371,15885
GSM2329127-PUB_DLBCL_GSE87371,15885
GSM2329128-PUB_DLBCL_GSE87371,15885
GSM2329129-PUB_DLBCL_GSE87371,15885
GSM2329130-PUB_DLBCL_GSE87371,15885
GSM2329131-PUB_DLBCL_GSE87371,15885
GSM2329132-PUB_DLBCL_GSE87371,15885
GSM2329133-PUB_DLBCL_GSE87371,15885
GSM2329134-PUB_DLBCL_GSE87371,15885
GSM2329135-PUB_DLBCL_GSE87371,15885
GSM2329136-PUB_DLBCL_GSE87371,15885
GSM2329137-PUB_DLBCL_GSE87371,15885
GSM2329138-PUB_DLBCL_GSE87371,15885
GSM2329139-PUB_DLBCL_GSE87371,15885
GSM2329140-PUB_DLBCL_GSE87371,15885
GSM2466053-PUB_DLBCL_GSE93984,15885
GSM2466054-PUB_DLBCL_GSE93984,15885
GSM2466055-PUB_DLBCL_GSE93984,15885
GSM2466056-PUB_DLBCL_GSE93984,15885
GSM2466057-PUB_DLBCL_GSE93984,15885
GSM2466058-PUB_DLBCL_GSE93984,15885
GSM2466059-PUB_DLBCL_GSE93984,15885
GSM2466060-PUB_DLBCL_GSE93984,15885
GSM2466061-PUB_DLBCL_GSE93984,15885
GSM2466062-PUB_DLBCL_GSE93984,15885
GSM2466063-PUB_DLBCL_GSE93984,15885
GSM2466064-PUB_DLBCL_GSE93984,15885
GSM2466065-PUB_DLBCL_GSE93984,15885
GSM2466066-PUB_DLBCL_GSE93984,15885
GSM2466067-PUB_DLBCL_GSE93984,15885
GSM2466068-PUB_DLBCL_GSE93984,15885
GSM2466070-PUB_DLBCL_GSE93984,15885
GSM2466071-PUB_DLBCL_GSE93984,15885
GSM2466072-PUB_DLBCL_GSE93984,15885
GSM2466073-PUB_DLBCL_GSE93984,15885
GSM2466074-PUB_DLBCL_GSE93984,15885
GSM2466075-PUB_DLBCL_GSE93984,15885
GSM2466076-PUB_DLBCL_GSE93984,15885
GSM2466077-PUB_DLBCL_GSE93984,15885
GSM2466078-PUB_DLBCL_GSE93984,15885
GSM2466079-PUB_DLBCL_GSE93984,15885
GSM2466080-PUB_DLBCL_GSE93984,15885
GSM2466081-PUB_DLBCL_GSE93984,15885
GSM2466082-PUB_DLBCL_GSE93984,15885
GSM2466083-PUB_DLBCL_GSE93984,15885
GSM2466084-PUB_DLBCL_GSE93984,15885
GSM2466086-PUB_DLBCL_GSE93984,15885
GSM2466087-PUB_DLBCL_GSE93984,15885
GSM2466088-PUB_DLBCL_GSE93984,15885
GSM2466089-PUB_DLBCL_GSE93984,15885
GSM2466090-PUB_DLBCL_GSE93984,15885
GSM2466092-PUB_DLBCL_GSE93984,15885
GSM2466093-PUB_DLBCL_GSE93984,15885
GSM2466094-PUB_DLBCL_GSE93984,15885
GSM2466095-PUB_DLBCL_GSE93984,15885
GSM2466097-PUB_DLBCL_GSE93984,15885
GSM2466098-PUB_DLBCL_GSE93984,15885
GSM2466099-PUB_DLBCL_GSE93984,15885
GSM2466100-PUB_DLBCL_GSE93984,15885
GSM2466101-PUB_DLBCL_GSE93984,15885
GSM2466102-PUB_DLBCL_GSE93984,15885
GSM2466103-PUB_DLBCL_GSE93984,15885
GSM2466104-PUB_DLBCL_GSE93984,15885
GSM2466105-PUB_DLBCL_GSE93984,15885
GSM2466106-PUB_DLBCL_GSE93984,15885
GSM2466107-PUB_DLBCL_GSE93984,15885
GSM2466108-PUB_DLBCL_GSE93984,15885
GSM2466109-PUB_DLBCL_GSE93984,15885
GSM2466110-PUB_DLBCL_GSE93984,15885
GSM2466111-PUB_DLBCL_GSE93984,15885
GSM2875720,6925
GSM2875721,6925
GSM2875722,6925
GSM2875723,6925
GSM2875724,6925
GSM2875725,6925
GSM2875726,6925
GSM2875727,6925
GSM2875728,6925
GSM2875729,6925
GSM2875730,6925
GSM2875731,6925
GSM2875732,6925
GSM2875733,6925
GSM2875734,6925
GSM2875735,6925
GSM2875736,6925
GSM2875737,6925
GSM2875738,6925
GSM2875739,6925
GSM2875740,6925
GSM2875741,6925
GSM2875742,6925
GSM2875743,6925
GSM2875744,6925
GSM2875745,6925
GSM2875746,6925
GSM306875,6925
GSM306876,6925
GSM306877,6925
GSM306878,6925
GSM306879,6925
GSM306880,6925
GSM306881,6925
GSM306882,6925
GSM306883,6925
GSM306884,6925
GSM476258,6925
GSM476259,6925
GSM476260,6925
GSM476261,6925
GSM476262,6925
GSM476263,6925
GSM476264,6925
GSM476265,6925
GSM476266,6925
GSM476267,6925
GSM310429,6925
GSM310430,6925
GSM310431,6925
GSM310432,6925
GSM310433,6925
GSM310434,6925
GSM310435,6925
GSM310436,6925
GSM310437,6925
GSM310438,6925
GSM310439,6925
GSM310440,6925
GSM312870,6925
GSM312872,6925
GSM312874,6925
GSM312875,6925
GSM312876,6925
GSM312877,6925
GSM312879,6925
GSM312882,6925
GSM312883,6925
GSM312886,6925
GSM312887,6925
GSM312890,6925
GSM312893,6925
GSM312894,6925
GSM312895,6925
GSM312937,6925
GSM312938,6925
GSM312939,6925
GSM312940,6925
GSM312941,6925
GSM312942,6925
GSM312943,6925
GSM312944,6925
GSM312945,6925
GSM312946,6925
GSM322401,6925
GSM322402,6925
GSM322403,6925
GSM322404,6925
GSM322405,6925
GSM322406,6925
GSM322407,6925
GSM322408,6925
GSM322409,6925
GSM322410,6925
GSM322411,6925
GSM322412,6925
GSM322413,6925
GSM322414,6925
GSM338401,6925
GSM338402,6925
GSM338403,6925
GSM338404,6925
GSM338405,6925
GSM338406,6925
GSM338407,6925
GSM338408,6925
GSM4043345,6925
GSM4043346,6925
GSM4043347,6925
GSM4043348,6925
GSM4043349,6925
GSM4043350,6925
GSM4043351,6925
GSM4043352,6925
GSM4043353,6925
GSM4043354,6925
GSM4043355,6925
GSM4043356,6925
GSM4043357,6925
GSM4043358,6925
GSM4043359,6925
GSM4043360,6925
GSM4043361,6925
GSM4043362,6925
GSM4043363,6925
GSM4043364,6925
GSM4043365,6925
GSM4043366,6925
GSM4043367,6925
GSM4043368,6925
GSM4192258,6925
GSM4192259,6925
GSM4192260,6925
GSM4192261,6925
GSM4192262,6925
GSM4192263,6925
GSM4192264,6925
GSM4192265,6925
GSM4192266,6925
GSM4192267,6925
GSM4192268,6925
GSM4192269,6925
GSM4192270,6925
GSM4192271,6925
GSM4192272,6925
GSM4192273,6925
GSM4279781,6925
GSM4279782,6925
GSM4279783,6925
GSM4279784,6925
GSM4279785,6925
GSM4279786,6925
GSM4279787,6925
GSM4279788,6925
GSM4279789,6925
GSM4490383,6925
GSM4490384,6925
GSM4490385,6925
GSM4490386,6925
GSM4490387,6925
GSM4490388,6925
GSM4490389,6925
GSM4490390,6925
GSM4490391,6925
GSM4490392,6925
GSM4490393,6925
GSM4490394,6925
GSM4490395,6925
GSM4490396,6925
GSM4490397,6925
GSM381339,6925
GSM381340,6925
GSM381341,6925
GSM381342,6925
GSM381343,6925
GSM381344,6925
GSM381345,6925
GSM381346,6925
GSM4743461,6925
GSM4743462,6925
GSM4743463,6925
GSM4743464,6925
GSM4743465,6925
GSM4743466,6925
GSM4743467,6925
GSM4743468,6925
GSM4743469,6925
GSM4743470,6925
GSM4743471,6925
GSM4743472,6925
GSM4743473,6925
GSM4743474,6925
GSM4743475,6925
GSM4743476,6925
GSM4743477,6925
GSM4743478,6925
GSM4743479,6925
GSM4743480,6925
GSM4743481,6925
GSM4743482,6925
GSM4743483,6925
GSM4743484,6925
GSM422294,6925
GSM422295,6925
GSM422296,6925
GSM422297,6925
GSM422298,6925
GSM422299,6925
GSM422300,6925
GSM422301,6925
GSM422302,6925
GSM422303,6925
GSM422304,6925
GSM422305,6925
GSM422306,6925
GSM422307,6925
GSM488972,6925
GSM488973,6925
GSM488978,6925
GSM488979,6925
GSM488980,6925
GSM488981,6925
Bcell-Memory_IgG_IgA-1,6925
Bcell-Memory_IgG_IgA-2,6925
Bcell-Memory_IgG_IgA-3,6925
Bcell-Memory_IgG_IgA-4,6925
Bcell-Memory_IgM-1,6925
Bcell-Memory_IgM-2,6925
Bcell-Memory_IgM-3,6925
Bcell-Memory_IgM-4,6925
Bcell-naive-1,6925
Bcell-naive-2,6925
Bcell-naive-3,6925
Bcell-naive-4,6925
Bcell-naive-5,6925
Bcell-naive-6,6925
Bcell-naive-7,6925
PlasmaCell-FromBoneMarrow-1,6925
PlasmaCell-FromBoneMarrow-2,6925
PlasmaCell-FromBoneMarrow-3,6925
PlasmaCell-FromBoneMarrow-4,6925
PlasmaCell-FromPBMC-1,6925
PlasmaCell-FromPBMC-2,6925
PlasmaCell-FromPBMC-3,6925
GSM905504,6925
GSM905505,6925
GSM905506,6925
GSM905507,6925
GSM905508,6925
GSM905509,6925
GSM905510,6925
GSM905512,6925
GSM905513,6925
GSM905514,6925
GSM905515,6925
GSM905516,6925
GSM905517,6925
GSM905518,6925
GSM905519,6925
GSM905520,6925
GSM905521,6925
GSM905523,6925
GSM905524,6925
GSM905525,6925
GSM905526,6925
GSM905527,6925
GSM905528,6925
GSM905529,6925
GSM905530,6925
GSM905531,6925
GSM905532,6925
GSM905534,6925
GSM905535,6925
GSM905536,6925
GSM905537,6925
GSM905538,6925
GSM905539,6925
GSM905540,6925
GSM905541,6925
GSM905542,6925
GSM947665,6925
GSM947666,6925
GSM947667,6925
GSM947668,6925
GSM947669,6925
GSM947670,6925
GSM947671,6925
GSM947672,6925
GSM1127761,6925
GSM1127762,6925
GSM1127763,6925
GSM1127764,6925
GSM1127765,6925
GSM1127766,6925
GSM1127767,6925
GSM1127768,6925
GSM1127769,6925
GSM1127770,6925
GSM1127771,6925
GSM1127772,6925
GSM1247420,6925
GSM1247421,6925
GSM1247422,6925
GSM1247423,6925
GSM1247424,6925
GSM1247425,6925
GSM1247426,6925
GSM1247427,6925
GSM1247428,6925
GSM1247429,6925
GSM1247430,6925
GSM1247431,6925
GSM1333015,6925
GSM1333016,6925
GSM1333017,6925
GSM1333018,6925
GSM1333019,6925
GSM1333020,6925
GSM1359028,6925
GSM1359029,6925
GSM1359030,6925
GSM1359031,6925
GSM1359032,6925
GSM1359033,6925
GSM1359034,6925
GSM1359035,6925
GSM1359036,6925
GSM1359037,6925
GSM1359038,6925
GSM1359039,6925
GSM1359040,6925
GSM1359041,6925
GSM1359042,6925
GSM1359043,6925
GSM1359044,6925
GSM1359045,6925
GSM1359046,6925
GSM1359047,6925
GSM1359048,6925
GSM1359049,6925
GSM1359050,6925
GSM1359051,6925
GSM1359052,6925
GSM1359053,6925
GSM1359054,6925
GSM1359055,6925
GSM1359056,6925
GSM1359057,6925
GSM1359058,6925
GSM1359059,6925
GSM1359060,6925
GSM1517171,6925
GSM1517172,6925
GSM1517173,6925
GSM1517174,6925
GSM1563084,6925
GSM1563085,6925
GSM1563086,6925
GSM1563087,6925
GSM1563088,6925
GSM1563089,6925
GSM1563090,6925
GSM1563091,6925
GSM1563092,6925
GSM1563093,6925
GSM1563094,6925
GSM1563095,6925
GSM1563096,6925
GSM1563097,6925
GSM1563098,6925
GSM1563099,6925
GSM1563100,6925
GSM1563101,6925
GSM1563102,6925
GSM1563103,6925
GSM1684949,6925
GSM1684950,6925
GSM1684951,6925
GSM1684952,6925
GSM1684953,6925
GSM1684954,6925
GSM1684955,6925
GSM1684956,6925
GSM1684957,6925
GSM1684958,6925
GSM1684959,6925
GSM1684960,6925
GSM1684961,6925
GSM1684962,6925
GSM1684963,6925
GSM1684964,6925
GSM1684965,6925
GSM1684966,6925
GSM1684967,6925
GSM1684968,6925
GSM1684969,6925
GSM1684970,6925
GSM1684971,6925
GSM1684972,6925
GSM1684973,6925
GSM1684974,6925
GSM1684975,6925
GSM1684976,6925
GSM1684977,6925
GSM1684978,6925
GSM1684979,6925
GSM1684980,6925
GSM1684981,6925
GSM1684982,6925
GSM1684983,6925
GSM1684984,6925
GSM1684985,6925
GSM1684986,6925
GSM1690577,6925
GSM1690578,6925
GSM1690579,6925
GSM1690580,6925
GSM1690581,6925
GSM1690582,6925
GSM1690583,6925
GSM1690584,6925
GSM1690585,6925
GSM1690586,6925
GSM1690587,6925
GSM1690588,6925
GSM1690589,6925
GSM1690590,6925
GSM1690591,6925
GSM1690592,6925
GSM1690593,6925
GSM1690594,6925
GSM1690595,6925
GSM1690596,6925
GSM1690597,6925
GSM1690598,6925
GSM1690599,6925
GSM1690600,6925
GSM1690601,6925
GSM1690602,6925
GSM1690603,6925
GSM1690604,6925
GSM1690605,6925
GSM1690606,6925
GSM2276815,6925
GSM2276816,6925
GSM2276817,6925
GSM2276818,6925
GSM2276819,6925
GSM2276820,6925
GSM2276821,6925
GSM2276822,6925
GSM2276823,6925
GSM2276824,6925
GSM2276825,6925
GSM2276826,6925
GSM2276827,6925
GSM2276828,6925
GSM2276829,6925
GSM2276830,6925
GSM2276831,6925
GSM2276832,6925
GSM2276833,6925
GSM2276834,6925
GSM2276835,6925
GSM2276836,6925
GSM2276837,6925
GSM2276838,6925
GSM2276839,6925
GSM2276840,6925
GSM2276841,6925
GSM2276842,6925
GSM2276843,6925
GSM2276844,6925
GSM2276845,6925
GSM2276846,6925
GSM2276847,6925
GSM2276848,6925
GSM2276849,6925
GSM2276850,6925
GSM2276851,6925
GSM2276852,6925
GSM2276853,6925
GSM2276854,6925
GSM2364518,6925
GSM2364519,6925
GSM2364520,6925
GSM2364521,6925
GSM2364522,6925
GSM2364523,6925
GSM2364524,6925
GSM2364525,6925
GSM2364526,6925
GSM2364527,6925
GSM2364528,6925
GSM2364529,6925
GSM2364530,6925
GSM2364531,6925
GSM2364532,6925
GSM2364533,6925
GSM2364534,6925
GSM2364535,6925
GSM2364536,6925
GSM2364537,6925
GSM2364538,6925
GSM2364539,6925
GSM2364540,6925
GSM2364541,6925
GSM2649028,6925
GSM2649029,6925
GSM2649030,6925
GSM2649031,6925
GSM2649032,6925
GSM2649033,6925
GSM2649034,6925
GSM2649035,6925
GSM2649036,6925
GSM2649037,6925
GSM2649038,6925
GSM2649039,6925
GSM2649040,6925
GSM2649041,6925
GSM2649042,6925
GSM2649043,6925
GSM2649044,6925
GSM2649045,6925
GSM2649046,6925
GSM2649047,6925
GSM2649048,6925
GSM2649049,6925
GSM2649050,6925
GSM2649051,6925
GSM2649052,6925
GSM2649053,6925
GSM2649054,6925
GSM2649055,6925
GSM2649056,6925
GSM2649057,6925
GSM2649058,6925
GSM2649059,6925
GSM2649060,6925
GSM2649061,6925
GSM2649062,6925
SRR834980,6925
SRR834983,6925
SRR834984,6925
SRR834979,6925
SRR834981,6925
SRR834982,6925
SRR834985,6925
SRR834986,6925
SRX730603,6925
SRX730606,6925
SRX730607,6925
SRX730612,6925
SRX730609,6925
SRX730601,6925
SRX730610,6925
SRX730604,6925
SRX730611,6925
SRX730600,6925
SRX730605,6925
SRX730599,6925
SRX730602,6925
SRX730608,6925
SRX3702492,6925
SRX3702485,6925
SRX3702491,6925
SRX3702493,6925
SRX3702487,6925
SRX3702489,6925
SRX3702490,6925
SRX3702486,6925
SRX3702488,6925
SRX3754742,6925
SRX3754737,6925
SRX3754741,6925
SRX3754745,6925
SRX3754732,6925
SRX3754736,6925
SRX3754744,6925
SRX3754743,6925
SRX3754746,6925
SRX3754735,6925
SRX3754748,6925
SRX3754731,6925
SRX3754738,6925
SRX3754733,6925
SRX3754734,6925
SRX3754740,6925
SRX3754739,6925
SRX3754747,6925
SRX4196499,6925
SRX4196500,6925
SRX4196495,6925
SRX4196496,6925
SRX4196497,6925
SRX4196493,6925
SRX4196494,6925
SRX4196498,6925
SRX4624394,6925
SRX4624389,6925
SRX4624390,6925
SRX4624396,6925
SRX4624395,6925
SRX4624405,6925
SRX4624399,6925
SRX4624400,6925
SRX4624393,6925
SRX4624402,6925
SRX4624404,6925
SRX4624406,6925
SRX4624392,6925
SRX4624403,6925
SRX4624407,6925
SRX4624401,6925
SRX4624397,6925
SRX4624391,6925
SRX4624398,6925
SRX4624408,6925
SRX7087122,6925
SRX7087129,6925
SRX7087125,6925
SRX7087126,6925
SRX7087130,6925
SRX7087133,6925
SRX7087118,6925
SRX7087119,6925
SRX7087124,6925
SRX7087134,6925
SRX7087127,6925
SRX7087123,6925
SRX7087132,6925
SRX7087131,6925
SRX7087128,6925
SRX7087120,6925
SRX7087121,6925
SRX8748379,6925
SRX8748381,6925
SRX8748390,6925
SRX8748392,6925
SRX8748387,6925
SRX8748396,6925
SRX8748395,6925
SRX8748385,6925
SRX8748384,6925
SRX8748393,6925
SRX8748402,6925
SRX8748414,6925
SRX8748412,6925
SRX8748411,6925
SRX8748406,6925
SRX8748401,6925
SRX8748400,6925
SRX8748404,6925
SRX8748410,6925
SRX8748421,6925
SRX8748403,6925
SRX8748409,6925
SRX8748399,6925
SRX8748415,6925
SRX8748416,6925
SRX8748407,6925
SRX8748413,6925
SRX8748383,6925
SRX8748386,6925
SRX8748382,6925
SRX8748389,6925
SRX8748397,6925
SRX8748391,6925
SRX8748380,6925
SRX8748394,6925
SRX8748388,6925
SRX8748420,6925
SRX8748408,6925
SRX8748398,6925
SRX8748419,6925
SRX8748418,6925
SRX8748405,6925
SRX8748417,6925
SRX2422730,6925
SRX2422728,6925
SRX2422723,6925
SRX2422731,6925
SRX2422729,6925
SRX2422721,6925
SRX2422724,6925
SRX2422720,6925
SRX2422726,6925
SRX2422727,6925
SRX2422725,6925
SRX2422722,6925
SRR3743469,6925
SRR3743470,6925
SRR3743471,6925
SRR3743468,6925
SRR7759712,6925
SRR7759736,6925
SRR7759713,6925
SRR7759737,6925
SRR7961343,6925
SRR7961344,6925
SRR7961345,6925
SRR7961346,6925
SRR7961347,6925
SRR7961348,6925
SRR7961349,6925
SRR7961350,6925
SRR7961351,6925
SRR7961352,6925
SRR7961353,6925
SRX2422726,20062
